group,species,individual,number,trait,measure
Euglossini,Aglae caerulea,J-0975,5984,intertegularDistance,4.29
Euglossini,Aglae caerulea,J-0975,5987,proboscisLength,16.02
Euglossini,Aglae caerulea,J-0975,5985,wingLength,19.57
Euglossini,Aglae caerulea,J-0975,5986,wingWidth,6.25
Apini,Apis mellifera,K-0080,4790,intertegularDistance,2.94
Apini,Apis mellifera,K-0081,4795,intertegularDistance,2.81
Apini,Apis mellifera,K-0082,4785,intertegularDistance,2.52
Apini,Apis mellifera,K-0080,4791,proboscisLength,4.84
Apini,Apis mellifera,K-0081,4796,proboscisLength,5.53
Apini,Apis mellifera,K-0082,4786,proboscisLength,4.65
Apini,Apis mellifera,K-0080,4788,wingLength,8.28
Apini,Apis mellifera,K-0081,4793,wingLength,8.63
Apini,Apis mellifera,K-0082,4783,wingLength,8.02
Apini,Apis mellifera,K-0080,4789,wingWidth,2.89
Apini,Apis mellifera,K-0081,4794,wingWidth,2.74
Apini,Apis mellifera,K-0082,4784,wingWidth,2.62
Halictidae,Augochlora sp11,K-0203,1944,intertegularDistance,0.778
Halictidae,Augochlora sp11,K-0204,1950,intertegularDistance,0.853
Halictidae,Augochlora sp11,K-0205,1956,intertegularDistance,0.813
Halictidae,Augochlora sp11,K-0206,1962,intertegularDistance,0.861
Halictidae,Augochlora sp11,K-0207,1968,intertegularDistance,0.84
Halictidae,Augochlora sp11,K-0208,1974,intertegularDistance,0.853
Halictidae,Augochlora sp11,K-0209,1980,intertegularDistance,0.886
Halictidae,Augochlora sp11,K-0728,1986,intertegularDistance,0.874
Halictidae,Augochlora sp11,K-0203,1945,proboscisLength,1.34
Halictidae,Augochlora sp11,K-0204,1951,proboscisLength,1.378
Halictidae,Augochlora sp11,K-0205,1957,proboscisLength,1.333
Halictidae,Augochlora sp11,K-0206,1963,proboscisLength,1.249
Halictidae,Augochlora sp11,K-0207,1969,proboscisLength,1.337
Halictidae,Augochlora sp11,K-0208,1975,proboscisLength,1.41
Halictidae,Augochlora sp11,K-0209,1981,proboscisLength,1.386
Halictidae,Augochlora sp11,K-0728,1987,proboscisLength,1.33
Halictidae,Augochlora sp11,K-0203,1943,wingLength,3.352
Halictidae,Augochlora sp11,K-0204,1949,wingLength,3.371
Halictidae,Augochlora sp11,K-0205,1955,wingLength,3.452
Halictidae,Augochlora sp11,K-0206,1961,wingLength,3.41
Halictidae,Augochlora sp11,K-0207,1967,wingLength,3.475
Halictidae,Augochlora sp11,K-0208,1973,wingLength,3.422
Halictidae,Augochlora sp11,K-0209,1979,wingLength,3.345
Halictidae,Augochlora sp11,K-0728,1985,wingLength,3.357
Halictidae,Augochlora sp15,K-0917,1992,intertegularDistance,1.297
Halictidae,Augochlora sp15,K-0918,1998,intertegularDistance,1.265
Halictidae,Augochlora sp15,K-0917,1993,proboscisLength,1.904
Halictidae,Augochlora sp15,K-0918,1999,proboscisLength,2.164
Halictidae,Augochlora sp15,K-0917,1991,wingLength,5.048
Halictidae,Augochlora sp15,K-0918,1997,wingLength,4.667
Halictidae,Augochlora sp20,B0403,4610,intertegularDistance,1.68
Halictidae,Augochlora sp20,B0403,4611,proboscisLength,4.94
Halictidae,Augochlora sp20,B0403,4608,wingLength,5.55
Halictidae,Augochlora sp20,B0403,4609,wingWidth,1.87
Halictidae,Augochlora sp4,K-0211,1926,intertegularDistance,1.086
Halictidae,Augochlora sp4,K-0211,1927,proboscisLength,1.823
Halictidae,Augochlora sp4,K-0211,1925,wingLength,3.912
Halictidae,Augochlora sp8,K-0919,1932,intertegularDistance,1.171
Halictidae,Augochlora sp8,K-0919,1933,proboscisLength,1.509
Halictidae,Augochlora sp8,K-0919,1931,wingLength,4.547
Halictidae,Augochlora sp9 / (Oxystoglossella),K-0076,1884,intertegularDistance,1.227
Halictidae,Augochlora sp9 / (Oxystoglossella),K-0077,1938,intertegularDistance,1.266
Halictidae,Augochlora sp9 / (Oxystoglossella),K-0210,1890,intertegularDistance,1.352
Halictidae,Augochlora sp9 / (Oxystoglossella),K-0076,1885,proboscisLength,2.719
Halictidae,Augochlora sp9 / (Oxystoglossella),K-0077,1939,proboscisLength,2.304
Halictidae,Augochlora sp9 / (Oxystoglossella),K-0210,1891,proboscisLength,2.828
Halictidae,Augochlora sp9 / (Oxystoglossella),K-0076,1883,wingLength,4.639
Halictidae,Augochlora sp9 / (Oxystoglossella),K-0077,1937,wingLength,4.523
Halictidae,Augochlora sp9 / (Oxystoglossella),K-0210,1889,wingLength,4.719
Halictidae,Augochlorella cf ephyra,B9821,4620,intertegularDistance,1.38
Halictidae,Augochlorella cf ephyra,B9822,4625,intertegularDistance,1.31
Halictidae,Augochlorella cf ephyra,B9821,4621,proboscisLength,3.85
Halictidae,Augochlorella cf ephyra,B9822,4626,proboscisLength,3.42
Halictidae,Augochlorella cf ephyra,B9821,4618,wingLength,5.29
Halictidae,Augochlorella cf ephyra,B9822,4623,wingLength,4.46
Halictidae,Augochlorella cf ephyra,B9821,4619,wingWidth,1.59
Halictidae,Augochlorella cf ephyra,B9822,4624,wingWidth,1.59
Halictidae,Augochlorella cf tredecim,D-1887,4954,intertegularDistance,1.02
Halictidae,Augochlorella cf tredecim,D-1887,4956,wingLength,3.66
Halictidae,Augochlorella cf tredecim,D-1887,4957,wingWidth,1.07
Halictidae,Augochlorella sp1,K-0706,2004,intertegularDistance,0.934
Halictidae,Augochlorella sp1,K-0707,2010,intertegularDistance,0.872
Halictidae,Augochlorella sp1,K-0708,2016,intertegularDistance,0.978
Halictidae,Augochlorella sp1,K-0706,2005,proboscisLength,1.423
Halictidae,Augochlorella sp1,K-0707,2011,proboscisLength,1.447
Halictidae,Augochlorella sp1,K-0708,2017,proboscisLength,1.425
Halictidae,Augochlorella sp1,K-0706,2003,wingLength,3.518
Halictidae,Augochlorella sp1,K-0707,2009,wingLength,3.569
Halictidae,Augochlorella sp1,K-0708,2015,wingLength,3.49
Halictidae,Augochlorella sp2,K-1384,2808,intertegularDistance,0.846
Halictidae,Augochlorella sp2,K-1385,2814,intertegularDistance,0.935
Halictidae,Augochlorella sp2,K-1386,2820,intertegularDistance,0.748
Halictidae,Augochlorella sp2,K-1387,2826,intertegularDistance,0.964
Halictidae,Augochlorella sp2,K-1388,2832,intertegularDistance,0.77
Halictidae,Augochlorella sp2,K-1389,2838,intertegularDistance,0.943
Halictidae,Augochlorella sp2,K-1390,2844,intertegularDistance,0.794
Halictidae,Augochlorella sp2,K-1384,2809,proboscisLength,1.314
Halictidae,Augochlorella sp2,K-1385,2815,proboscisLength,1.548
Halictidae,Augochlorella sp2,K-1386,2821,proboscisLength,1.358
Halictidae,Augochlorella sp2,K-1387,2827,proboscisLength,1.756
Halictidae,Augochlorella sp2,K-1388,2833,proboscisLength,1.524
Halictidae,Augochlorella sp2,K-1389,2839,proboscisLength,1.728
Halictidae,Augochlorella sp2,K-1390,2845,proboscisLength,1.369
Halictidae,Augochlorella sp2,K-1384,2807,wingLength,2.939
Halictidae,Augochlorella sp2,K-1385,2813,wingLength,3.564
Halictidae,Augochlorella sp2,K-1386,2819,wingLength,3.265
Halictidae,Augochlorella sp2,K-1387,2825,wingLength,3.389
Halictidae,Augochlorella sp2,K-1388,2831,wingLength,3.008
Halictidae,Augochlorella sp2,K-1389,2837,wingLength,3.692
Halictidae,Augochlorella sp2,K-1390,2843,wingLength,3.01
Halictidae,Augochloropsis sp2,K-0200,2022,intertegularDistance,1.405
Halictidae,Augochloropsis sp2,K-0312,2040,intertegularDistance,1.499
Halictidae,Augochloropsis sp2,K-0676,2046,intertegularDistance,1.749
Halictidae,Augochloropsis sp2,K-0677,2052,intertegularDistance,1.607
Halictidae,Augochloropsis sp2,K-0678,2058,intertegularDistance,1.474
Halictidae,Augochloropsis sp2,K-0679,2064,intertegularDistance,1.485
Halictidae,Augochloropsis sp2,K-0680,2070,intertegularDistance,1.506
Halictidae,Augochloropsis sp2,K-0683,2028,intertegularDistance,1.186
Halictidae,Augochloropsis sp2,K-0684,2034,intertegularDistance,1.308
Halictidae,Augochloropsis sp2,K-0200,2023,proboscisLength,1.62
Halictidae,Augochloropsis sp2,K-0312,2041,proboscisLength,1.772
Halictidae,Augochloropsis sp2,K-0676,2047,proboscisLength,1.928
Halictidae,Augochloropsis sp2,K-0677,2053,proboscisLength,1.755
Halictidae,Augochloropsis sp2,K-0678,2059,proboscisLength,1.74
Halictidae,Augochloropsis sp2,K-0679,2065,proboscisLength,1.824
Halictidae,Augochloropsis sp2,K-0680,2071,proboscisLength,1.854
Halictidae,Augochloropsis sp2,K-0683,2029,proboscisLength,1.718
Halictidae,Augochloropsis sp2,K-0684,2035,proboscisLength,1.541
Halictidae,Augochloropsis sp2,K-0200,2021,wingLength,4.424
Halictidae,Augochloropsis sp2,K-0312,2039,wingLength,5.005
Halictidae,Augochloropsis sp2,K-0676,2045,wingLength,5.98
Halictidae,Augochloropsis sp2,K-0677,2051,wingLength,5.19
Halictidae,Augochloropsis sp2,K-0678,2057,wingLength,5.083
Halictidae,Augochloropsis sp2,K-0679,2063,wingLength,5.383
Halictidae,Augochloropsis sp2,K-0680,2069,wingLength,5.239
Halictidae,Augochloropsis sp2,K-0683,2027,wingLength,4.175
Halictidae,Augochloropsis sp2,K-0684,2033,wingLength,4.576
Halictidae,Augochloropsis sp3,K-0717,2076,intertegularDistance,1.476
Halictidae,Augochloropsis sp3,K-0812,2082,intertegularDistance,1.572
Halictidae,Augochloropsis sp3,K-0920,2088,intertegularDistance,1.397
Halictidae,Augochloropsis sp3,K-0717,2077,proboscisLength,1.713
Halictidae,Augochloropsis sp3,K-0812,2083,proboscisLength,1.874
Halictidae,Augochloropsis sp3,K-0920,2089,proboscisLength,2.332
Halictidae,Augochloropsis sp3,K-0717,2075,wingLength,4.849
Halictidae,Augochloropsis sp3,K-0812,2081,wingLength,5.053
Halictidae,Augochloropsis sp3,K-0920,2087,wingLength,4.981
Halictidae,Augochloropsis sp5,K-0714,2094,intertegularDistance,1.632
Halictidae,Augochloropsis sp5,K-0720,2100,intertegularDistance,1.654
Halictidae,Augochloropsis sp5,K-0721,2106,intertegularDistance,1.706
Halictidae,Augochloropsis sp5,K-0722,2112,intertegularDistance,1.823
Halictidae,Augochloropsis sp5,K-0723,2118,intertegularDistance,1.701
Halictidae,Augochloropsis sp5,K-0724,2124,intertegularDistance,1.523
Halictidae,Augochloropsis sp5,K-0813,2130,intertegularDistance,1.556
Halictidae,Augochloropsis sp5,K-0714,2095,proboscisLength,2.064
Halictidae,Augochloropsis sp5,K-0720,2101,proboscisLength,2.097
Halictidae,Augochloropsis sp5,K-0721,2107,proboscisLength,1.993
Halictidae,Augochloropsis sp5,K-0722,2113,proboscisLength,1.88
Halictidae,Augochloropsis sp5,K-0723,2119,proboscisLength,2.185
Halictidae,Augochloropsis sp5,K-0724,2125,proboscisLength,1.827
Halictidae,Augochloropsis sp5,K-0813,2131,proboscisLength,1.711
Halictidae,Augochloropsis sp5,K-0714,2093,wingLength,5.391
Halictidae,Augochloropsis sp5,K-0720,2099,wingLength,5.698
Halictidae,Augochloropsis sp5,K-0721,2105,wingLength,5.682
Halictidae,Augochloropsis sp5,K-0722,2111,wingLength,5.258
Halictidae,Augochloropsis sp5,K-0723,2117,wingLength,5.583
Halictidae,Augochloropsis sp5,K-0724,2123,wingLength,5.211
Halictidae,Augochloropsis sp5,K-0813,2129,wingLength,5.326
Halictidae,Augochlorospis cf sp15,D-0063,4950,intertegularDistance,1.48
Halictidae,Augochlorospis cf sp15,D-0063,4952,wingLength,5.96
Halictidae,Augochlorospis cf sp15,D-0063,4953,wingWidth,1.47
Centridini,Centris dichrootricha,D-1888,4946,intertegularDistance,3.86
Centridini,Centris dichrootricha,D-1888,4947,proboscisLength,7.03
Centridini,Centris dichrootricha,D-1888,4948,wingLength,10.18
Centridini,Centris dichrootricha,D-1888,4949,wingWidth,2.79
Meliponini,Cephalotrigona cf zexmeniae,D-1698,4962,intertegularDistance,2.38
Meliponini,Cephalotrigona cf zexmeniae,D-1698,4964,wingLength,6.98
Meliponini,Cephalotrigona cf zexmeniae,D-1698,4965,wingWidth,2.54
Halictidae,Ceratalictus sp,K-0219,4845,intertegularDistance,1.21
Halictidae,Ceratalictus sp,K-0219,4846,proboscisLength,2.09
Halictidae,Ceratalictus sp,K-0219,4843,wingLength,4.25
Halictidae,Ceratalictus sp,K-0219,4844,wingWidth,1.42
Ceratinini,Ceratina (Calloceratina) sp,A-0565,4745,intertegularDistance,2.72
Ceratinini,Ceratina (Calloceratina) sp,A-0565,4746,proboscisLength,5.02
Ceratinini,Ceratina (Calloceratina) sp,A-0565,4743,wingLength,7.83
Ceratinini,Ceratina (Calloceratina) sp,A-0565,4744,wingWidth,2.45
Ceratinini,Ceratina (Crewella) sp1,B0404,4600,intertegularDistance,2.25
Ceratinini,Ceratina (Crewella) sp1,B0404,4601,proboscisLength,9.59
Ceratinini,Ceratina (Crewella) sp1,B0404,4598,wingLength,6.18
Ceratinini,Ceratina (Crewella) sp1,B0404,4599,wingWidth,2.11
Ceratinini,Ceratina (Crewella) sp2,B9820,4605,intertegularDistance,1.78
Ceratinini,Ceratina (Crewella) sp2,K-0718,4750,intertegularDistance,1.31
Ceratinini,Ceratina (Crewella) sp2,K-0718,4815,intertegularDistance,1.39
Ceratinini,Ceratina (Crewella) sp2,B9820,4606,proboscisLength,5.47
Ceratinini,Ceratina (Crewella) sp2,K-0718,4751,proboscisLength,2.3
Ceratinini,Ceratina (Crewella) sp2,K-0718,4816,proboscisLength,2.75
Ceratinini,Ceratina (Crewella) sp2,B9820,4603,wingLength,5.22
Ceratinini,Ceratina (Crewella) sp2,K-0718,4748,wingLength,4.69
Ceratinini,Ceratina (Crewella) sp2,K-0718,4813,wingLength,4.7
Ceratinini,Ceratina (Crewella) sp2,B9820,4604,wingWidth,1.85
Ceratinini,Ceratina (Crewella) sp2,K-0718,4749,wingWidth,1.6
Ceratinini,Ceratina (Crewella) sp2,K-0718,4814,wingWidth,1.55
Halictidae,Corynura (Corynura) sp1,K-2107,4770,intertegularDistance,0.83
Halictidae,Corynura (Corynura) sp1,K-2108,4775,intertegularDistance,0.94
Halictidae,Corynura (Corynura) sp1,K-2109,4780,intertegularDistance,0.84
Halictidae,Corynura (Corynura) sp1,K-2107,4771,proboscisLength,1.19
Halictidae,Corynura (Corynura) sp1,K-2109,4781,proboscisLength,1.29
Halictidae,Corynura (Corynura) sp1,K-2107,4768,wingLength,3.63
Halictidae,Corynura (Corynura) sp1,K-2108,4773,wingLength,3.06
Halictidae,Corynura (Corynura) sp1,K-2109,4778,wingLength,3.36
Halictidae,Corynura (Corynura) sp1,K-2107,4769,wingWidth,0.94
Halictidae,Corynura (Corynura) sp1,K-2108,4774,wingWidth,1.06
Halictidae,Corynura (Corynura) sp1,K-2109,4779,wingWidth,1.17
Halictidae,Corynura (Corynura) sp2,K-0220,1896,intertegularDistance,0.966
Halictidae,Corynura (Corynura) sp2,K-0221,1902,intertegularDistance,0.891
Halictidae,Corynura (Corynura) sp2,K-0330,1908,intertegularDistance,0.953
Halictidae,Corynura (Corynura) sp2,K-0725,1914,intertegularDistance,0.919
Halictidae,Corynura (Corynura) sp2,K-0730,1920,intertegularDistance,0.963
Halictidae,Corynura (Corynura) sp2,K-1417,2790,intertegularDistance,1.067
Halictidae,Corynura (Corynura) sp2,K-1418,2796,intertegularDistance,0.796
Halictidae,Corynura (Corynura) sp2,K-1705,2802,intertegularDistance,0.849
Halictidae,Corynura (Corynura) sp2,K-0220,1897,proboscisLength,0.982
Halictidae,Corynura (Corynura) sp2,K-0221,1903,proboscisLength,1.013
Halictidae,Corynura (Corynura) sp2,K-0330,1909,proboscisLength,1.081
Halictidae,Corynura (Corynura) sp2,K-0725,1915,proboscisLength,1.01
Halictidae,Corynura (Corynura) sp2,K-0730,1921,proboscisLength,1.081
Halictidae,Corynura (Corynura) sp2,K-1417,2791,proboscisLength,1.239
Halictidae,Corynura (Corynura) sp2,K-1418,2797,proboscisLength,1.123
Halictidae,Corynura (Corynura) sp2,K-1705,2803,proboscisLength,1.168
Halictidae,Corynura (Corynura) sp2,K-0220,1895,wingLength,3.298
Halictidae,Corynura (Corynura) sp2,K-0221,1901,wingLength,3.087
Halictidae,Corynura (Corynura) sp2,K-0330,1907,wingLength,3.306
Halictidae,Corynura (Corynura) sp2,K-0725,1913,wingLength,3.304
Halictidae,Corynura (Corynura) sp2,K-0730,1919,wingLength,3.237
Halictidae,Corynura (Corynura) sp2,K-1417,2789,wingLength,3.297
Halictidae,Corynura (Corynura) sp2,K-1418,2795,wingLength,2.925
Halictidae,Corynura (Corynura) sp2,K-1705,2801,wingLength,3.244
Meliponini,Dolichotrigona schulthessi,A-0240,499,intertegularDistance,0.934
Meliponini,Dolichotrigona schulthessi,A-0241,505,intertegularDistance,0.954
Meliponini,Dolichotrigona schulthessi,A-0242,511,intertegularDistance,0.912
Meliponini,Dolichotrigona schulthessi,A-0243,517,intertegularDistance,0.941
Meliponini,Dolichotrigona schulthessi,A-0244,523,intertegularDistance,0.966
Meliponini,Dolichotrigona schulthessi,A-0245,529,intertegularDistance,0.916
Meliponini,Dolichotrigona schulthessi,A-1032,739,intertegularDistance,0.897
Meliponini,Dolichotrigona schulthessi,A-1033,745,intertegularDistance,0.898
Meliponini,Dolichotrigona schulthessi,K-0308,1148,intertegularDistance,0.981
Meliponini,Dolichotrigona schulthessi,K-0328,1214,intertegularDistance,0.912
Meliponini,Dolichotrigona schulthessi,A-0240,500,proboscisLength,1.249
Meliponini,Dolichotrigona schulthessi,A-0241,506,proboscisLength,1.244
Meliponini,Dolichotrigona schulthessi,A-0242,512,proboscisLength,1.246
Meliponini,Dolichotrigona schulthessi,A-0243,518,proboscisLength,1.193
Meliponini,Dolichotrigona schulthessi,A-0244,524,proboscisLength,1.29
Meliponini,Dolichotrigona schulthessi,A-0245,530,proboscisLength,1.212
Meliponini,Dolichotrigona schulthessi,A-1032,740,proboscisLength,1.038
Meliponini,Dolichotrigona schulthessi,A-1033,746,proboscisLength,1.064
Meliponini,Dolichotrigona schulthessi,K-0308,1149,proboscisLength,1.22
Meliponini,Dolichotrigona schulthessi,K-0328,1215,proboscisLength,1.107
Meliponini,Dolichotrigona schulthessi,A-0240,498,wingLength,2.957
Meliponini,Dolichotrigona schulthessi,A-0241,504,wingLength,2.967
Meliponini,Dolichotrigona schulthessi,A-0242,510,wingLength,2.879
Meliponini,Dolichotrigona schulthessi,A-0243,516,wingLength,2.978
Meliponini,Dolichotrigona schulthessi,A-0244,522,wingLength,2.883
Meliponini,Dolichotrigona schulthessi,A-0245,528,wingLength,3.033
Meliponini,Dolichotrigona schulthessi,A-1032,738,wingLength,2.802
Meliponini,Dolichotrigona schulthessi,A-1033,744,wingLength,2.864
Meliponini,Dolichotrigona schulthessi,K-0308,1147,wingLength,3.105
Meliponini,Dolichotrigona schulthessi,K-0328,1213,wingLength,2.954
Meliponini,Dolichotrigona schulthessi,A-0237,5094,wingWidth,1.14
Meliponini,Dolichotrigona schulthessi,A-0238,5093,wingWidth,1.03
Meliponini,Dolichotrigona schulthessi,A-0239,5095,wingWidth,1.06
Euglossini,Eufriesea chrysopyga,B1098,369,intertegularDistance,4.9
Euglossini,Eufriesea chrysopyga,B1099,373,intertegularDistance,4.9
Euglossini,Eufriesea chrysopyga,M-0548,3406,intertegularDistance,4.6
Euglossini,Eufriesea chrysopyga,M-1019,3606,intertegularDistance,4.2
Euglossini,Eufriesea chrysopyga,M-1184,3650,intertegularDistance,4.6
Euglossini,Eufriesea chrysopyga,M-1488,3742,intertegularDistance,4.4
Euglossini,Eufriesea chrysopyga,M-1489,3746,intertegularDistance,4.7
Euglossini,Eufriesea chrysopyga,M-1595,3790,intertegularDistance,4.8
Euglossini,Eufriesea chrysopyga,M-1596,3794,intertegularDistance,4.6
Euglossini,Eufriesea chrysopyga,M-1597,3798,intertegularDistance,4.9
Euglossini,Eufriesea chrysopyga,M-1598,3802,intertegularDistance,4.9
Euglossini,Eufriesea chrysopyga,M-1599,3806,intertegularDistance,4.5
Euglossini,Eufriesea chrysopyga,M-1600,3810,intertegularDistance,4.5
Euglossini,Eufriesea chrysopyga,M-1683,3834,intertegularDistance,5
Euglossini,Eufriesea chrysopyga,M-1684,3838,intertegularDistance,5
Euglossini,Eufriesea chrysopyga,M-1685,3842,intertegularDistance,4.7
Euglossini,Eufriesea chrysopyga,M-1686,3846,intertegularDistance,4.9
Euglossini,Eufriesea chrysopyga,M-1687,3850,intertegularDistance,4.9
Euglossini,Eufriesea chrysopyga,M-1688,3854,intertegularDistance,4.8
Euglossini,Eufriesea chrysopyga,M-1689,3858,intertegularDistance,4.6
Euglossini,Eufriesea chrysopyga,M-1690,3862,intertegularDistance,4.8
Euglossini,Eufriesea chrysopyga,M-1691,3866,intertegularDistance,4.7
Euglossini,Eufriesea chrysopyga,M-1692,3870,intertegularDistance,4.5
Euglossini,Eufriesea chrysopyga,M-1868,3902,intertegularDistance,4.6
Euglossini,Eufriesea chrysopyga,M-1876,3910,intertegularDistance,4.7
Euglossini,Eufriesea chrysopyga,M-1877,3914,intertegularDistance,4.6
Euglossini,Eufriesea chrysopyga,B1098,367,proboscisLength,10.4
Euglossini,Eufriesea chrysopyga,B1099,371,proboscisLength,10
Euglossini,Eufriesea chrysopyga,M-0548,3407,proboscisLength,9.2
Euglossini,Eufriesea chrysopyga,M-1019,3607,proboscisLength,9.1
Euglossini,Eufriesea chrysopyga,M-1184,3651,proboscisLength,8.4
Euglossini,Eufriesea chrysopyga,M-1488,3743,proboscisLength,9.2
Euglossini,Eufriesea chrysopyga,M-1489,3747,proboscisLength,10.7
Euglossini,Eufriesea chrysopyga,M-1595,3791,proboscisLength,10.1
Euglossini,Eufriesea chrysopyga,M-1596,3795,proboscisLength,9.4
Euglossini,Eufriesea chrysopyga,M-1597,3799,proboscisLength,11.7
Euglossini,Eufriesea chrysopyga,M-1598,3803,proboscisLength,10.2
Euglossini,Eufriesea chrysopyga,M-1599,3807,proboscisLength,9.4
Euglossini,Eufriesea chrysopyga,M-1600,3811,proboscisLength,9.4
Euglossini,Eufriesea chrysopyga,M-1683,3835,proboscisLength,10.2
Euglossini,Eufriesea chrysopyga,M-1684,3839,proboscisLength,9.9
Euglossini,Eufriesea chrysopyga,M-1685,3843,proboscisLength,10.8
Euglossini,Eufriesea chrysopyga,M-1686,3847,proboscisLength,9.7
Euglossini,Eufriesea chrysopyga,M-1687,3851,proboscisLength,9.9
Euglossini,Eufriesea chrysopyga,M-1688,3855,proboscisLength,9.5
Euglossini,Eufriesea chrysopyga,M-1689,3859,proboscisLength,8.8
Euglossini,Eufriesea chrysopyga,M-1690,3863,proboscisLength,9.8
Euglossini,Eufriesea chrysopyga,M-1691,3867,proboscisLength,9.7
Euglossini,Eufriesea chrysopyga,M-1692,3871,proboscisLength,9.5
Euglossini,Eufriesea chrysopyga,M-1868,3903,proboscisLength,9.4
Euglossini,Eufriesea chrysopyga,M-1876,3911,proboscisLength,9.5
Euglossini,Eufriesea chrysopyga,M-1877,3915,proboscisLength,9.8
Euglossini,Eufriesea chrysopyga,B1098,368,wingLength,12.4
Euglossini,Eufriesea chrysopyga,B1099,372,wingLength,11.8
Euglossini,Eufriesea chrysopyga,M-0548,3405,wingLength,11.9
Euglossini,Eufriesea chrysopyga,M-1019,3605,wingLength,11.7
Euglossini,Eufriesea chrysopyga,M-1184,3649,wingLength,12
Euglossini,Eufriesea chrysopyga,M-1488,3741,wingLength,11.6
Euglossini,Eufriesea chrysopyga,M-1489,3745,wingLength,12.8
Euglossini,Eufriesea chrysopyga,M-1595,3789,wingLength,12.1
Euglossini,Eufriesea chrysopyga,M-1596,3793,wingLength,11.2
Euglossini,Eufriesea chrysopyga,M-1597,3797,wingLength,12.7
Euglossini,Eufriesea chrysopyga,M-1598,3801,wingLength,12.2
Euglossini,Eufriesea chrysopyga,M-1599,3805,wingLength,12.4
Euglossini,Eufriesea chrysopyga,M-1600,3809,wingLength,11.4
Euglossini,Eufriesea chrysopyga,M-1683,3833,wingLength,12.4
Euglossini,Eufriesea chrysopyga,M-1684,3837,wingLength,12.5
Euglossini,Eufriesea chrysopyga,M-1685,3841,wingLength,12.6
Euglossini,Eufriesea chrysopyga,M-1686,3845,wingLength,12.5
Euglossini,Eufriesea chrysopyga,M-1687,3849,wingLength,11.8
Euglossini,Eufriesea chrysopyga,M-1688,3853,wingLength,12.3
Euglossini,Eufriesea chrysopyga,M-1689,3857,wingLength,12.2
Euglossini,Eufriesea chrysopyga,M-1690,3861,wingLength,12
Euglossini,Eufriesea chrysopyga,M-1691,3865,wingLength,12.8
Euglossini,Eufriesea chrysopyga,M-1692,3869,wingLength,12.6
Euglossini,Eufriesea chrysopyga,M-1868,3901,wingLength,12.9
Euglossini,Eufriesea chrysopyga,M-1876,3909,wingLength,12.3
Euglossini,Eufriesea chrysopyga,M-1877,3913,wingLength,12.1
Euglossini,Eufriesea flaviventris,M-C-2458,3958,intertegularDistance,4.57
Euglossini,Eufriesea flaviventris,M-C-2458,3959,proboscisLength,12.15
Euglossini,Eufriesea flaviventris,M-C-2458,3957,wingLength,11.34
Euglossini,Eufriesea lucida,J-0415,5903,intertegularDistance,4.64
Euglossini,Eufriesea lucida,M-1601,3814,intertegularDistance,4.8
Euglossini,Eufriesea lucida,M-1875,3906,intertegularDistance,4.5
Euglossini,Eufriesea lucida,J-0415,5906,proboscisLength,17.66
Euglossini,Eufriesea lucida,M-1601,3815,proboscisLength,9.5
Euglossini,Eufriesea lucida,M-1875,3907,proboscisLength,8.5
Euglossini,Eufriesea lucida,J-0415,5904,wingLength,12.58
Euglossini,Eufriesea lucida,M-1601,3813,wingLength,11.7
Euglossini,Eufriesea lucida,M-1875,3905,wingLength,12.5
Euglossini,Eufriesea lucida,J-0415,5905,wingWidth,3.85
Euglossini,Eufriesea lucifera,M-1878,3918,intertegularDistance,5
Euglossini,Eufriesea lucifera,M-1878,3919,proboscisLength,11.4
Euglossini,Eufriesea lucifera,M-1878,3917,wingLength,14.3
Euglossini,Eufriesea pulchra,J-1137,5894,intertegularDistance,5.14
Euglossini,Eufriesea pulchra,M-0605,3458,intertegularDistance,5.2
Euglossini,Eufriesea pulchra,J-1137,5897,proboscisLength,8.93
Euglossini,Eufriesea pulchra,M-0605,3459,proboscisLength,9.5
Euglossini,Eufriesea pulchra,J-1137,5895,wingLength,13.96
Euglossini,Eufriesea pulchra,M-0605,3457,wingLength,13.4
Euglossini,Eufriesea pulchra,J-1137,5896,wingWidth,4.15
Euglossini,Eufriesea purpurata,B1386,3962,intertegularDistance,4.28
Euglossini,Eufriesea purpurata,B1386,3963,proboscisLength,5.3
Euglossini,Eufriesea purpurata,B1386,3961,wingLength,11.35
Euglossini,Eufriesea rufocaudata,B1164,253,intertegularDistance,5.1
Euglossini,Eufriesea rufocaudata,B1164,3966,intertegularDistance,4.58
Euglossini,Eufriesea rufocaudata,B1164,251,proboscisLength,9.6
Euglossini,Eufriesea rufocaudata,B1164,3967,proboscisLength,5.7
Euglossini,Eufriesea rufocaudata,B1164,252,wingLength,12.4
Euglossini,Eufriesea rufocaudata,B1164,3965,wingLength,12.28
Euglossini,Euglossa allosticta,B1142,197,intertegularDistance,3.7
Euglossini,Euglossa allosticta,B1143,201,intertegularDistance,3.4
Euglossini,Euglossa allosticta,B1144,205,intertegularDistance,3.8
Euglossini,Euglossa allosticta,B1316,397,intertegularDistance,3.2
Euglossini,Euglossa allosticta,B1317,401,intertegularDistance,3.3
Euglossini,Euglossa allosticta,B1318,405,intertegularDistance,3.2
Euglossini,Euglossa allosticta,B1319,409,intertegularDistance,3.4
Euglossini,Euglossa allosticta,B1320,413,intertegularDistance,3.2
Euglossini,Euglossa allosticta,B1321,417,intertegularDistance,3
Euglossini,Euglossa allosticta,J-0026,6304,intertegularDistance,3.02
Euglossini,Euglossa allosticta,J-0155,6299,intertegularDistance,3.15
Euglossini,Euglossa allosticta,J-0175,6254,intertegularDistance,3.12
Euglossini,Euglossa allosticta,J-0839,6284,intertegularDistance,3.4
Euglossini,Euglossa allosticta,J-0843,6244,intertegularDistance,3.38
Euglossini,Euglossa allosticta,J-0986,6239,intertegularDistance,3.02
Euglossini,Euglossa allosticta,J-1143,6294,intertegularDistance,3.3
Euglossini,Euglossa allosticta,J-1616,6044,intertegularDistance,2.71
Euglossini,Euglossa allosticta,M-0055,3014,intertegularDistance,3.5
Euglossini,Euglossa allosticta,M-0057,4402,intertegularDistance,3.5
Euglossini,Euglossa allosticta,M-0139,3202,intertegularDistance,3.4
Euglossini,Euglossa allosticta,M-0516,3390,intertegularDistance,2.7
Euglossini,Euglossa allosticta,M-0517,3394,intertegularDistance,2.7
Euglossini,Euglossa allosticta,M-0892,3558,intertegularDistance,3.2
Euglossini,Euglossa allosticta,M-1139,3630,intertegularDistance,3
Euglossini,Euglossa allosticta,M-1145,3634,intertegularDistance,3.2
Euglossini,Euglossa allosticta,M-1166,3642,intertegularDistance,3.2
Euglossini,Euglossa allosticta,M-1167,3646,intertegularDistance,3.1
Euglossini,Euglossa allosticta,M-1287,3654,intertegularDistance,3.2
Euglossini,Euglossa allosticta,M-1392,3686,intertegularDistance,2.9
Euglossini,Euglossa allosticta,M-1474,3738,intertegularDistance,3.2
Euglossini,Euglossa allosticta,M-1490,3750,intertegularDistance,2.7
Euglossini,Euglossa allosticta,M-1491,3754,intertegularDistance,3.2
Euglossini,Euglossa allosticta,M-1492,3758,intertegularDistance,3.1
Euglossini,Euglossa allosticta,M-1493,3762,intertegularDistance,3.3
Euglossini,Euglossa allosticta,M-1494,3766,intertegularDistance,3
Euglossini,Euglossa allosticta,M-1654,3818,intertegularDistance,3.1
Euglossini,Euglossa allosticta,M-1655,3822,intertegularDistance,3.4
Euglossini,Euglossa allosticta,M-1656,3826,intertegularDistance,3.3
Euglossini,Euglossa allosticta,M-1743,3878,intertegularDistance,3.3
Euglossini,Euglossa allosticta,M-1744,3882,intertegularDistance,3.4
Euglossini,Euglossa allosticta,M-1745,3886,intertegularDistance,3.4
Euglossini,Euglossa allosticta,M-1746,3890,intertegularDistance,3.3
Euglossini,Euglossa allosticta,M-C-1932,3942,intertegularDistance,3.2
Euglossini,Euglossa allosticta,B1142,195,proboscisLength,19.7
Euglossini,Euglossa allosticta,B1143,199,proboscisLength,17.4
Euglossini,Euglossa allosticta,B1144,203,proboscisLength,19.7
Euglossini,Euglossa allosticta,B1316,395,proboscisLength,10.1
Euglossini,Euglossa allosticta,B1317,399,proboscisLength,10.9
Euglossini,Euglossa allosticta,B1318,403,proboscisLength,20.2
Euglossini,Euglossa allosticta,B1319,407,proboscisLength,19.3
Euglossini,Euglossa allosticta,B1320,411,proboscisLength,20.5
Euglossini,Euglossa allosticta,B1321,415,proboscisLength,17.4
Euglossini,Euglossa allosticta,J-0026,6307,proboscisLength,18.89
Euglossini,Euglossa allosticta,J-0155,6302,proboscisLength,19.6
Euglossini,Euglossa allosticta,J-0175,6257,proboscisLength,23.31
Euglossini,Euglossa allosticta,J-0839,6287,proboscisLength,19.94
Euglossini,Euglossa allosticta,J-0843,6247,proboscisLength,19.02
Euglossini,Euglossa allosticta,J-0989,6242,proboscisLength,19.26
Euglossini,Euglossa allosticta,J-1143,6297,proboscisLength,19.91
Euglossini,Euglossa allosticta,J-1616,6047,proboscisLength,14.56
Euglossini,Euglossa allosticta,M-0055,3015,proboscisLength,23
Euglossini,Euglossa allosticta,M-0057,4403,proboscisLength,6.6
Euglossini,Euglossa allosticta,M-0139,3203,proboscisLength,19.4
Euglossini,Euglossa allosticta,M-0516,3391,proboscisLength,17.7
Euglossini,Euglossa allosticta,M-0517,3395,proboscisLength,16.6
Euglossini,Euglossa allosticta,M-0892,3559,proboscisLength,19.9
Euglossini,Euglossa allosticta,M-1139,3631,proboscisLength,16.5
Euglossini,Euglossa allosticta,M-1145,3635,proboscisLength,17.7
Euglossini,Euglossa allosticta,M-1166,3643,proboscisLength,19.1
Euglossini,Euglossa allosticta,M-1167,3647,proboscisLength,18.9
Euglossini,Euglossa allosticta,M-1287,3655,proboscisLength,17.8
Euglossini,Euglossa allosticta,M-1392,3687,proboscisLength,18.1
Euglossini,Euglossa allosticta,M-1474,3739,proboscisLength,19.7
Euglossini,Euglossa allosticta,M-1490,3751,proboscisLength,18.7
Euglossini,Euglossa allosticta,M-1491,3755,proboscisLength,19.4
Euglossini,Euglossa allosticta,M-1492,3759,proboscisLength,18.2
Euglossini,Euglossa allosticta,M-1493,3763,proboscisLength,19.1
Euglossini,Euglossa allosticta,M-1494,3767,proboscisLength,18.7
Euglossini,Euglossa allosticta,M-1654,3819,proboscisLength,19.4
Euglossini,Euglossa allosticta,M-1655,3823,proboscisLength,20
Euglossini,Euglossa allosticta,M-1656,3827,proboscisLength,19.8
Euglossini,Euglossa allosticta,M-1743,3879,proboscisLength,18.6
Euglossini,Euglossa allosticta,M-1744,3883,proboscisLength,20
Euglossini,Euglossa allosticta,M-1745,3887,proboscisLength,19.2
Euglossini,Euglossa allosticta,M-1746,3891,proboscisLength,18.8
Euglossini,Euglossa allosticta,M-C-1932,3943,proboscisLength,32.2
Euglossini,Euglossa allosticta,B1142,196,wingLength,9.2
Euglossini,Euglossa allosticta,B1143,200,wingLength,8.6
Euglossini,Euglossa allosticta,B1144,204,wingLength,9
Euglossini,Euglossa allosticta,B1316,396,wingLength,8.5
Euglossini,Euglossa allosticta,B1317,400,wingLength,8.6
Euglossini,Euglossa allosticta,B1318,404,wingLength,8.8
Euglossini,Euglossa allosticta,B1319,408,wingLength,9
Euglossini,Euglossa allosticta,B1320,412,wingLength,8.9
Euglossini,Euglossa allosticta,B1321,416,wingLength,8.6
Euglossini,Euglossa allosticta,J-0026,6305,wingLength,8.87
Euglossini,Euglossa allosticta,J-0155,6300,wingLength,9.92
Euglossini,Euglossa allosticta,J-0175,6255,wingLength,8.89
Euglossini,Euglossa allosticta,J-0839,6285,wingLength,9.9
Euglossini,Euglossa allosticta,J-0843,6245,wingLength,8.68
Euglossini,Euglossa allosticta,J-0987,6240,wingLength,9.55
Euglossini,Euglossa allosticta,J-1143,6295,wingLength,9.24
Euglossini,Euglossa allosticta,J-1616,6045,wingLength,7.62
Euglossini,Euglossa allosticta,M-0055,3013,wingLength,8.5
Euglossini,Euglossa allosticta,M-0057,4401,wingLength,8
Euglossini,Euglossa allosticta,M-0139,3201,wingLength,9.4
Euglossini,Euglossa allosticta,M-0516,3389,wingLength,9.3
Euglossini,Euglossa allosticta,M-0517,3393,wingLength,9.2
Euglossini,Euglossa allosticta,M-0892,3557,wingLength,8.8
Euglossini,Euglossa allosticta,M-1139,3629,wingLength,9.5
Euglossini,Euglossa allosticta,M-1145,3633,wingLength,9
Euglossini,Euglossa allosticta,M-1166,3641,wingLength,9.1
Euglossini,Euglossa allosticta,M-1167,3645,wingLength,9.4
Euglossini,Euglossa allosticta,M-1287,3653,wingLength,9.1
Euglossini,Euglossa allosticta,M-1392,3685,wingLength,8.6
Euglossini,Euglossa allosticta,M-1474,3737,wingLength,9.3
Euglossini,Euglossa allosticta,M-1490,3749,wingLength,8.8
Euglossini,Euglossa allosticta,M-1491,3753,wingLength,9.1
Euglossini,Euglossa allosticta,M-1492,3757,wingLength,8.5
Euglossini,Euglossa allosticta,M-1493,3761,wingLength,9.4
Euglossini,Euglossa allosticta,M-1494,3765,wingLength,9.5
Euglossini,Euglossa allosticta,M-1654,3817,wingLength,8.6
Euglossini,Euglossa allosticta,M-1655,3821,wingLength,9.2
Euglossini,Euglossa allosticta,M-1656,3825,wingLength,8.7
Euglossini,Euglossa allosticta,M-1743,3877,wingLength,8.8
Euglossini,Euglossa allosticta,M-1744,3881,wingLength,9.1
Euglossini,Euglossa allosticta,M-1745,3885,wingLength,9
Euglossini,Euglossa allosticta,M-1746,3889,wingLength,9.7
Euglossini,Euglossa allosticta,M-C-1932,3941,wingLength,9.2
Euglossini,Euglossa allosticta,J-0026,5591,wingWidth,2.75
Euglossini,Euglossa allosticta,J-0026,6306,wingWidth,2.75
Euglossini,Euglossa allosticta,J-0155,6301,wingWidth,2.83
Euglossini,Euglossa allosticta,J-0175,6256,wingWidth,2.44
Euglossini,Euglossa allosticta,J-0240,5463,wingWidth,2.21
Euglossini,Euglossa allosticta,J-0839,6286,wingWidth,3.1
Euglossini,Euglossa allosticta,J-0843,6246,wingWidth,2.89
Euglossini,Euglossa allosticta,J-0977,5330,wingWidth,2.46
Euglossini,Euglossa allosticta,J-0988,6241,wingWidth,2.8
Euglossini,Euglossa allosticta,J-1143,6296,wingWidth,2.72
Euglossini,Euglossa allosticta,J-1163,5374,wingWidth,2.62
Euglossini,Euglossa allosticta,J-1364,5696,wingWidth,2.55
Euglossini,Euglossa allosticta,J-1365,5700,wingWidth,2.68
Euglossini,Euglossa allosticta,J-1381,5704,wingWidth,2.76
Euglossini,Euglossa allosticta,J-1616,6046,wingWidth,2.38
Euglossini,Euglossa asarophora,B1100,225,intertegularDistance,4
Euglossini,Euglossa asarophora,B1101,229,intertegularDistance,4.1
Euglossini,Euglossa asarophora,B1102,233,intertegularDistance,3.8
Euglossini,Euglossa asarophora,B1113,273,intertegularDistance,3.6
Euglossini,Euglossa asarophora,J-0836,6029,intertegularDistance,3.21
Euglossini,Euglossa asarophora,M-0019,2922,intertegularDistance,4
Euglossini,Euglossa asarophora,M-0020,2926,intertegularDistance,4.1
Euglossini,Euglossa asarophora,M-0041,2982,intertegularDistance,3.9
Euglossini,Euglossa asarophora,M-0042,2986,intertegularDistance,3.8
Euglossini,Euglossa asarophora,M-0043,2990,intertegularDistance,3.6
Euglossini,Euglossa asarophora,M-0044,2994,intertegularDistance,3.9
Euglossini,Euglossa asarophora,M-0045,2998,intertegularDistance,3.9
Euglossini,Euglossa asarophora,M-0690,3494,intertegularDistance,3.5
Euglossini,Euglossa asarophora,M-0904,3978,intertegularDistance,3.8
Euglossini,Euglossa asarophora,M-1344,3982,intertegularDistance,3.9
Euglossini,Euglossa asarophora,M-C-1922,3930,intertegularDistance,4.1
Euglossini,Euglossa asarophora,M-C-1923,3934,intertegularDistance,4.1
Euglossini,Euglossa asarophora,M-C-2048,3946,intertegularDistance,4
Euglossini,Euglossa asarophora,B1100,223,proboscisLength,36.1
Euglossini,Euglossa asarophora,B1101,227,proboscisLength,35.5
Euglossini,Euglossa asarophora,B1102,231,proboscisLength,36
Euglossini,Euglossa asarophora,B1113,271,proboscisLength,25.1
Euglossini,Euglossa asarophora,J-0836,6032,proboscisLength,32.65
Euglossini,Euglossa asarophora,M-0019,2923,proboscisLength,29.5
Euglossini,Euglossa asarophora,M-0020,2927,proboscisLength,30
Euglossini,Euglossa asarophora,M-0041,2983,proboscisLength,27.7
Euglossini,Euglossa asarophora,M-0042,2987,proboscisLength,28.3
Euglossini,Euglossa asarophora,M-0043,2991,proboscisLength,29.5
Euglossini,Euglossa asarophora,M-0044,2995,proboscisLength,33.7
Euglossini,Euglossa asarophora,M-0045,2999,proboscisLength,29.8
Euglossini,Euglossa asarophora,M-0690,3495,proboscisLength,32.4
Euglossini,Euglossa asarophora,M-0904,3979,proboscisLength,28.7
Euglossini,Euglossa asarophora,M-1344,3983,proboscisLength,29.21
Euglossini,Euglossa asarophora,M-C-1922,3931,proboscisLength,32.4
Euglossini,Euglossa asarophora,M-C-1923,3935,proboscisLength,33
Euglossini,Euglossa asarophora,M-C-2048,3947,proboscisLength,32.3
Euglossini,Euglossa asarophora,B1100,224,wingLength,10.2
Euglossini,Euglossa asarophora,B1101,228,wingLength,10.5
Euglossini,Euglossa asarophora,B1102,232,wingLength,10.6
Euglossini,Euglossa asarophora,B1113,272,wingLength,10
Euglossini,Euglossa asarophora,J-0836,6030,wingLength,11.21
Euglossini,Euglossa asarophora,M-0019,2921,wingLength,11.1
Euglossini,Euglossa asarophora,M-0020,2925,wingLength,11.3
Euglossini,Euglossa asarophora,M-0041,2981,wingLength,10.4
Euglossini,Euglossa asarophora,M-0042,2985,wingLength,10.7
Euglossini,Euglossa asarophora,M-0043,2989,wingLength,10.5
Euglossini,Euglossa asarophora,M-0044,2993,wingLength,10.8
Euglossini,Euglossa asarophora,M-0045,2997,wingLength,11
Euglossini,Euglossa asarophora,M-0690,3493,wingLength,10.6
Euglossini,Euglossa asarophora,M-0904,3977,wingLength,11.35
Euglossini,Euglossa asarophora,M-1344,3981,wingLength,10.63
Euglossini,Euglossa asarophora,M-C-1922,3929,wingLength,11.6
Euglossini,Euglossa asarophora,M-C-1923,3933,wingLength,11.6
Euglossini,Euglossa asarophora,M-C-2048,3945,wingLength,11.5
Euglossini,Euglossa asarophora,J-0587,5206,wingWidth,3.37
Euglossini,Euglossa asarophora,J-0588,5186,wingWidth,3.41
Euglossini,Euglossa asarophora,J-0589,5190,wingWidth,3.33
Euglossini,Euglossa asarophora,J-0590,5194,wingWidth,3.01
Euglossini,Euglossa asarophora,J-0591,5202,wingWidth,3.18
Euglossini,Euglossa asarophora,J-0592,5198,wingWidth,3.43
Euglossini,Euglossa asarophora,J-0593,5182,wingWidth,0.34
Euglossini,Euglossa asarophora,J-0594,5210,wingWidth,3.65
Euglossini,Euglossa asarophora,J-0649,5218,wingWidth,3.29
Euglossini,Euglossa asarophora,J-0836,6031,wingWidth,3.43
Euglossini,Euglossa asarophora,J-1671,5250,wingWidth,3.38
Euglossini,Euglossa bursigera,J-0257,5308,intertegularDistance,2.89
Euglossini,Euglossa bursigera,J-0901,6014,intertegularDistance,2.98
Euglossini,Euglossa bursigera,M-C-2148,3970,intertegularDistance,3
Euglossini,Euglossa bursigera,J-0901,6017,proboscisLength,15.04
Euglossini,Euglossa bursigera,M-C-2148,3971,proboscisLength,9.8
Euglossini,Euglossa bursigera,J-0257,5309,wingLength,8.49
Euglossini,Euglossa bursigera,J-0901,6015,wingLength,8.66
Euglossini,Euglossa bursigera,M-C-2148,3969,wingLength,8
Euglossini,Euglossa bursigera,J-0257,5310,wingWidth,2.44
Euglossini,Euglossa bursigera,J-0901,6016,wingWidth,2.56
Euglossini,Euglossa championi,B1116,145,intertegularDistance,4
Euglossini,Euglossa championi,J-0417,5908,intertegularDistance,3.24
Euglossini,Euglossa championi,J-0418,5912,intertegularDistance,2.87
Euglossini,Euglossa championi,J-1198,5850,intertegularDistance,3.13
Euglossini,Euglossa championi,M-0408,4038,intertegularDistance,3.4
Euglossini,Euglossa championi,M-0409,4042,intertegularDistance,3.7
Euglossini,Euglossa championi,M-0916,4022,intertegularDistance,3.2
Euglossini,Euglossa championi,M-0951,4026,intertegularDistance,3.5
Euglossini,Euglossa championi,M-1341,3674,intertegularDistance,3.4
Euglossini,Euglossa championi,M-1342,3678,intertegularDistance,3.4
Euglossini,Euglossa championi,M-1343,3682,intertegularDistance,3.4
Euglossini,Euglossa championi,M-1582,4030,intertegularDistance,3.5
Euglossini,Euglossa championi,M-1866,4034,intertegularDistance,3.5
Euglossini,Euglossa championi,M-1867,3898,intertegularDistance,3.6
Euglossini,Euglossa championi,B1116,143,proboscisLength,10.9
Euglossini,Euglossa championi,M-0408,4039,proboscisLength,8.3
Euglossini,Euglossa championi,M-0409,4043,proboscisLength,8.8
Euglossini,Euglossa championi,M-0916,4023,proboscisLength,7.8
Euglossini,Euglossa championi,M-0951,4027,proboscisLength,7.4
Euglossini,Euglossa championi,M-1341,3675,proboscisLength,12.1
Euglossini,Euglossa championi,M-1342,3679,proboscisLength,11.9
Euglossini,Euglossa championi,M-1343,3683,proboscisLength,11.2
Euglossini,Euglossa championi,M-1582,4031,proboscisLength,8.1
Euglossini,Euglossa championi,M-1866,4035,proboscisLength,7.6
Euglossini,Euglossa championi,M-1867,3899,proboscisLength,11.3
Euglossini,Euglossa championi,B1116,144,wingLength,10
Euglossini,Euglossa championi,J-0417,5909,wingLength,9.77
Euglossini,Euglossa championi,J-0418,5913,wingLength,9.47
Euglossini,Euglossa championi,J-1198,5851,wingLength,9.33
Euglossini,Euglossa championi,M-0408,4037,wingLength,9.5
Euglossini,Euglossa championi,M-0409,4041,wingLength,9.4
Euglossini,Euglossa championi,M-0916,4021,wingLength,9
Euglossini,Euglossa championi,M-0951,4025,wingLength,9.5
Euglossini,Euglossa championi,M-1341,3673,wingLength,9.4
Euglossini,Euglossa championi,M-1342,3677,wingLength,9.9
Euglossini,Euglossa championi,M-1343,3681,wingLength,9.8
Euglossini,Euglossa championi,M-1582,4029,wingLength,9.5
Euglossini,Euglossa championi,M-1866,4033,wingLength,9.1
Euglossini,Euglossa championi,M-1867,3897,wingLength,9.7
Euglossini,Euglossa championi,J-0417,5910,wingWidth,2.99
Euglossini,Euglossa championi,J-0418,5914,wingWidth,2.95
Euglossini,Euglossa championi,J-0991,5840,wingWidth,2.93
Euglossini,Euglossa championi,J-1032,5892,wingWidth,2.84
Euglossini,Euglossa championi,J-1198,5852,wingWidth,2.89
Euglossini,Euglossa chlorina,J-0339,5352,intertegularDistance,3.14
Euglossini,Euglossa chlorina,J-0729,6009,intertegularDistance,2.85
Euglossini,Euglossa chlorina,J-0780,5658,intertegularDistance,2.86
Euglossini,Euglossa chlorina,J-1125,5989,intertegularDistance,2.7
Euglossini,Euglossa chlorina,J-1629,5994,intertegularDistance,3.16
Euglossini,Euglossa chlorina,M-1495,4138,intertegularDistance,3.5
Euglossini,Euglossa chlorina,M-1496,4414,intertegularDistance,3.3
Euglossini,Euglossa chlorina,J-0729,6012,proboscisLength,9.77
Euglossini,Euglossa chlorina,J-1125,5992,proboscisLength,12.76
Euglossini,Euglossa chlorina,J-1629,5997,proboscisLength,12.93
Euglossini,Euglossa chlorina,M-1495,4139,proboscisLength,7.9
Euglossini,Euglossa chlorina,M-1496,4415,proboscisLength,6.6
Euglossini,Euglossa chlorina,J-0339,5353,wingLength,7.99
Euglossini,Euglossa chlorina,J-0729,6010,wingLength,8.62
Euglossini,Euglossa chlorina,J-0780,5659,wingLength,8.61
Euglossini,Euglossa chlorina,J-1125,5990,wingLength,7.65
Euglossini,Euglossa chlorina,J-1629,5995,wingLength,8.25
Euglossini,Euglossa chlorina,M-1495,4137,wingLength,7.9
Euglossini,Euglossa chlorina,M-1496,4413,wingLength,7.5
Euglossini,Euglossa chlorina,J-0339,5354,wingWidth,2.55
Euglossini,Euglossa chlorina,J-0729,6011,wingWidth,2.48
Euglossini,Euglossa chlorina,J-0780,5660,wingWidth,2.45
Euglossini,Euglossa chlorina,J-1125,5991,wingWidth,2.5
Euglossini,Euglossa chlorina,J-1629,5996,wingWidth,2.5
Euglossini,Euglossa cognata,B1103,153,intertegularDistance,3.9
Euglossini,Euglossa cognata,J-0355,5920,intertegularDistance,3.02
Euglossini,Euglossa cognata,M-0259,3282,intertegularDistance,3.6
Euglossini,Euglossa cognata,M-0493,3374,intertegularDistance,3.4
Euglossini,Euglossa cognata,M-0554,3418,intertegularDistance,3.4
Euglossini,Euglossa cognata,M-0590,3450,intertegularDistance,3.6
Euglossini,Euglossa cognata,M-0591,3454,intertegularDistance,3.6
Euglossini,Euglossa cognata,M-0621,3462,intertegularDistance,3.2
Euglossini,Euglossa cognata,M-0714,3502,intertegularDistance,3.6
Euglossini,Euglossa cognata,M-0923,3570,intertegularDistance,3.5
Euglossini,Euglossa cognata,M-0949,3578,intertegularDistance,3.7
Euglossini,Euglossa cognata,M-0977,3594,intertegularDistance,3.7
Euglossini,Euglossa cognata,M-0978,3598,intertegularDistance,3.6
Euglossini,Euglossa cognata,B1103,151,proboscisLength,13.4
Euglossini,Euglossa cognata,M-0259,3283,proboscisLength,10.4
Euglossini,Euglossa cognata,M-0493,3375,proboscisLength,9.2
Euglossini,Euglossa cognata,M-0554,3419,proboscisLength,9.9
Euglossini,Euglossa cognata,M-0590,3451,proboscisLength,9.9
Euglossini,Euglossa cognata,M-0591,3455,proboscisLength,10.3
Euglossini,Euglossa cognata,M-0621,3463,proboscisLength,10.3
Euglossini,Euglossa cognata,M-0714,3503,proboscisLength,11
Euglossini,Euglossa cognata,M-0923,3571,proboscisLength,11.8
Euglossini,Euglossa cognata,M-0949,3579,proboscisLength,10.1
Euglossini,Euglossa cognata,M-0977,3595,proboscisLength,11.2
Euglossini,Euglossa cognata,M-0978,3599,proboscisLength,10.6
Euglossini,Euglossa cognata,B1103,152,wingLength,10
Euglossini,Euglossa cognata,J-0355,5921,wingLength,8.31
Euglossini,Euglossa cognata,M-0259,3281,wingLength,9.1
Euglossini,Euglossa cognata,M-0493,3373,wingLength,9.4
Euglossini,Euglossa cognata,M-0554,3417,wingLength,9.2
Euglossini,Euglossa cognata,M-0590,3449,wingLength,9.5
Euglossini,Euglossa cognata,M-0591,3453,wingLength,9.1
Euglossini,Euglossa cognata,M-0621,3461,wingLength,9.8
Euglossini,Euglossa cognata,M-0714,3501,wingLength,9.6
Euglossini,Euglossa cognata,M-0923,3569,wingLength,9.8
Euglossini,Euglossa cognata,M-0949,3577,wingLength,10.1
Euglossini,Euglossa cognata,M-0977,3593,wingLength,9.5
Euglossini,Euglossa cognata,M-0978,3597,wingLength,9.7
Euglossini,Euglossa cognata,J-0355,5922,wingWidth,2.45
Euglossini,Euglossa cordata,J-0362,6179,intertegularDistance,2.73
Euglossini,Euglossa cordata,J-0530,6174,intertegularDistance,2.99
Euglossini,Euglossa cordata,M-0075,3026,intertegularDistance,3.5
Euglossini,Euglossa cordata,M-0091,3070,intertegularDistance,3.2
Euglossini,Euglossa cordata,M-C-2362,4142,intertegularDistance,3.5
Euglossini,Euglossa cordata,J-0362,6182,proboscisLength,10.6
Euglossini,Euglossa cordata,J-0530,6177,proboscisLength,11.14
Euglossini,Euglossa cordata,M-0075,3027,proboscisLength,10.3
Euglossini,Euglossa cordata,M-0091,3071,proboscisLength,9.8
Euglossini,Euglossa cordata,M-C-2362,4143,proboscisLength,7.4
Euglossini,Euglossa cordata,J-0362,6180,wingLength,9.16
Euglossini,Euglossa cordata,J-0530,6175,wingLength,9.07
Euglossini,Euglossa cordata,M-0075,3025,wingLength,9
Euglossini,Euglossa cordata,M-0091,3069,wingLength,7.8
Euglossini,Euglossa cordata,M-C-2362,4141,wingLength,8.5
Euglossini,Euglossa cordata,J-0362,6181,wingWidth,2.74
Euglossini,Euglossa cordata,J-0530,6176,wingWidth,2.77
Euglossini,Euglossa cybelia,J-0137,5742,intertegularDistance,3.18
Euglossini,Euglossa cybelia,M-1252,4054,intertegularDistance,3.6
Euglossini,Euglossa cybelia,M-1252,4055,proboscisLength,6.7
Euglossini,Euglossa cybelia,J-0137,5743,wingLength,9.4
Euglossini,Euglossa cybelia,M-1252,4053,wingLength,8.7
Euglossini,Euglossa cybelia,J-0137,5744,wingWidth,2.72
Euglossini,Euglossa deceptrix group,B1123,293,intertegularDistance,3.1
Euglossini,Euglossa deceptrix group,B1129,345,intertegularDistance,3.6
Euglossini,Euglossa deceptrix group,B1130,349,intertegularDistance,3.6
Euglossini,Euglossa deceptrix group,B1163,165,intertegularDistance,3.6
Euglossini,Euglossa deceptrix group,B1163,4202,intertegularDistance,3.3
Euglossini,Euglossa deceptrix group,B1314,4070,intertegularDistance,3.3
Euglossini,Euglossa deceptrix group,B1315,4074,intertegularDistance,3.3
Euglossini,Euglossa deceptrix group,B1324,421,intertegularDistance,3.4
Euglossini,Euglossa deceptrix group,B1324,4046,intertegularDistance,3.1
Euglossini,Euglossa deceptrix group,B1328,389,intertegularDistance,3.3
Euglossini,Euglossa deceptrix group,B1329,393,intertegularDistance,3.1
Euglossini,Euglossa deceptrix group,B1329,4058,intertegularDistance,3.3
Euglossini,Euglossa deceptrix group,J-0001,5324,intertegularDistance,3.31
Euglossini,Euglossa deceptrix group,J-0024,5509,intertegularDistance,2.83
Euglossini,Euglossa deceptrix group,J-0068,5497,intertegularDistance,2.87
Euglossini,Euglossa deceptrix group,J-0069,5501,intertegularDistance,2.98
Euglossini,Euglossa deceptrix group,J-0073,5541,intertegularDistance,2.78
Euglossini,Euglossa deceptrix group,J-0250,5428,intertegularDistance,2.6
Euglossini,Euglossa deceptrix group,M-0056,4398,intertegularDistance,3.5
Euglossini,Euglossa deceptrix group,M-0060,4406,intertegularDistance,3.6
Euglossini,Euglossa deceptrix group,M-0116,3142,intertegularDistance,3.5
Euglossini,Euglossa deceptrix group,M-0117,3146,intertegularDistance,3.2
Euglossini,Euglossa deceptrix group,M-0118,3150,intertegularDistance,3.2
Euglossini,Euglossa deceptrix group,M-0119,3154,intertegularDistance,3.2
Euglossini,Euglossa deceptrix group,M-0120,3158,intertegularDistance,3.2
Euglossini,Euglossa deceptrix group,M-0170,4298,intertegularDistance,3.5
Euglossini,Euglossa deceptrix group,M-0306,4302,intertegularDistance,3.5
Euglossini,Euglossa deceptrix group,M-0395,4410,intertegularDistance,3.3
Euglossini,Euglossa deceptrix group,M-0407,4306,intertegularDistance,3.7
Euglossini,Euglossa deceptrix group,M-0414,4078,intertegularDistance,2.9
Euglossini,Euglossa deceptrix group,M-0445,4310,intertegularDistance,3.4
Euglossini,Euglossa deceptrix group,M-0531,4314,intertegularDistance,3.5
Euglossini,Euglossa deceptrix group,M-1039,4318,intertegularDistance,3.3
Euglossini,Euglossa deceptrix group,M-1471,4334,intertegularDistance,3.8
Euglossini,Euglossa deceptrix group,M-1644,4322,intertegularDistance,3.3
Euglossini,Euglossa deceptrix group,M-1726,4326,intertegularDistance,3.6
Euglossini,Euglossa deceptrix group,M-1742,4330,intertegularDistance,3.5
Euglossini,Euglossa deceptrix group,M-2117,4418,intertegularDistance,3.4
Euglossini,Euglossa deceptrix group,M-C-1926,3938,intertegularDistance,3.3
Euglossini,Euglossa deceptrix group,M-C-2291,4422,intertegularDistance,3.5
Euglossini,Euglossa deceptrix group,M-C-2390,4426,intertegularDistance,3.3
Euglossini,Euglossa deceptrix group,B1123,291,proboscisLength,11.5
Euglossini,Euglossa deceptrix group,B1129,343,proboscisLength,11.3
Euglossini,Euglossa deceptrix group,B1130,347,proboscisLength,11.5
Euglossini,Euglossa deceptrix group,B1163,163,proboscisLength,9.7
Euglossini,Euglossa deceptrix group,B1163,4203,proboscisLength,5.8
Euglossini,Euglossa deceptrix group,B1314,4071,proboscisLength,7.8
Euglossini,Euglossa deceptrix group,B1315,4075,proboscisLength,8.8
Euglossini,Euglossa deceptrix group,B1324,419,proboscisLength,16.1
Euglossini,Euglossa deceptrix group,B1324,4047,proboscisLength,7.2
Euglossini,Euglossa deceptrix group,B1328,387,proboscisLength,10.7
Euglossini,Euglossa deceptrix group,B1329,391,proboscisLength,10.4
Euglossini,Euglossa deceptrix group,B1329,4059,proboscisLength,7.4
Euglossini,Euglossa deceptrix group,M-0056,4399,proboscisLength,5.8
Euglossini,Euglossa deceptrix group,M-0060,4407,proboscisLength,6.9
Euglossini,Euglossa deceptrix group,M-0116,3143,proboscisLength,10.3
Euglossini,Euglossa deceptrix group,M-0117,3147,proboscisLength,10.4
Euglossini,Euglossa deceptrix group,M-0118,3151,proboscisLength,10
Euglossini,Euglossa deceptrix group,M-0119,3155,proboscisLength,10.3
Euglossini,Euglossa deceptrix group,M-0120,3159,proboscisLength,9.7
Euglossini,Euglossa deceptrix group,M-0170,4299,proboscisLength,6.1
Euglossini,Euglossa deceptrix group,M-0306,4303,proboscisLength,6.3
Euglossini,Euglossa deceptrix group,M-0395,4411,proboscisLength,6.6
Euglossini,Euglossa deceptrix group,M-0407,4307,proboscisLength,7.8
Euglossini,Euglossa deceptrix group,M-0414,4079,proboscisLength,7
Euglossini,Euglossa deceptrix group,M-0445,4311,proboscisLength,7.2
Euglossini,Euglossa deceptrix group,M-0531,4315,proboscisLength,6.5
Euglossini,Euglossa deceptrix group,M-1039,4319,proboscisLength,6.6
Euglossini,Euglossa deceptrix group,M-1471,4335,proboscisLength,6.5
Euglossini,Euglossa deceptrix group,M-1644,4323,proboscisLength,7.4
Euglossini,Euglossa deceptrix group,M-1726,4327,proboscisLength,7
Euglossini,Euglossa deceptrix group,M-1742,4331,proboscisLength,6.7
Euglossini,Euglossa deceptrix group,M-2117,4419,proboscisLength,5.8
Euglossini,Euglossa deceptrix group,M-C-1926,3939,proboscisLength,10.9
Euglossini,Euglossa deceptrix group,M-C-2291,4423,proboscisLength,6.5
Euglossini,Euglossa deceptrix group,M-C-2390,4427,proboscisLength,7.2
Euglossini,Euglossa deceptrix group,B1123,292,wingLength,8.1
Euglossini,Euglossa deceptrix group,B1129,344,wingLength,8.6
Euglossini,Euglossa deceptrix group,B1130,348,wingLength,8.9
Euglossini,Euglossa deceptrix group,B1163,164,wingLength,8
Euglossini,Euglossa deceptrix group,B1163,4201,wingLength,8.1
Euglossini,Euglossa deceptrix group,B1314,4069,wingLength,9.4
Euglossini,Euglossa deceptrix group,B1315,4073,wingLength,8.8
Euglossini,Euglossa deceptrix group,B1324,420,wingLength,9.2
Euglossini,Euglossa deceptrix group,B1324,4045,wingLength,7.5
Euglossini,Euglossa deceptrix group,B1328,388,wingLength,8.4
Euglossini,Euglossa deceptrix group,B1329,392,wingLength,8.1
Euglossini,Euglossa deceptrix group,B1329,4057,wingLength,8.3
Euglossini,Euglossa deceptrix group,J-0001,5325,wingLength,8.96
Euglossini,Euglossa deceptrix group,J-0024,5510,wingLength,8.63
Euglossini,Euglossa deceptrix group,J-0068,5498,wingLength,9.18
Euglossini,Euglossa deceptrix group,J-0069,5502,wingLength,8.37
Euglossini,Euglossa deceptrix group,J-0073,5542,wingLength,8.01
Euglossini,Euglossa deceptrix group,J-0250,5429,wingLength,8.4
Euglossini,Euglossa deceptrix group,M-0056,4397,wingLength,8.2
Euglossini,Euglossa deceptrix group,M-0060,4405,wingLength,7.9
Euglossini,Euglossa deceptrix group,M-0116,3141,wingLength,8.9
Euglossini,Euglossa deceptrix group,M-0117,3145,wingLength,9
Euglossini,Euglossa deceptrix group,M-0118,3149,wingLength,8
Euglossini,Euglossa deceptrix group,M-0119,3153,wingLength,9.3
Euglossini,Euglossa deceptrix group,M-0120,3157,wingLength,9.2
Euglossini,Euglossa deceptrix group,M-0170,4297,wingLength,8.1
Euglossini,Euglossa deceptrix group,M-0306,4301,wingLength,8.1
Euglossini,Euglossa deceptrix group,M-0395,4409,wingLength,8.3
Euglossini,Euglossa deceptrix group,M-0407,4305,wingLength,7.9
Euglossini,Euglossa deceptrix group,M-0414,4077,wingLength,7.2
Euglossini,Euglossa deceptrix group,M-0445,4309,wingLength,8.4
Euglossini,Euglossa deceptrix group,M-0531,4313,wingLength,7.8
Euglossini,Euglossa deceptrix group,M-1039,4317,wingLength,8.4
Euglossini,Euglossa deceptrix group,M-1471,4333,wingLength,8.3
Euglossini,Euglossa deceptrix group,M-1644,4321,wingLength,8
Euglossini,Euglossa deceptrix group,M-1726,4325,wingLength,8.5
Euglossini,Euglossa deceptrix group,M-1742,4329,wingLength,8.6
Euglossini,Euglossa deceptrix group,M-2117,4417,wingLength,8
Euglossini,Euglossa deceptrix group,M-C-1926,3937,wingLength,9.3
Euglossini,Euglossa deceptrix group,M-C-2291,4421,wingLength,7.7
Euglossini,Euglossa deceptrix group,M-C-2390,4425,wingLength,8.2
Euglossini,Euglossa deceptrix group,J-0001,5326,wingWidth,2.71
Euglossini,Euglossa deceptrix group,J-0024,5511,wingWidth,2.68
Euglossini,Euglossa deceptrix group,J-0027,5619,wingWidth,2.74
Euglossini,Euglossa deceptrix group,J-0048,5664,wingWidth,2.71
Euglossini,Euglossa deceptrix group,J-0049,5559,wingWidth,2.69
Euglossini,Euglossa deceptrix group,J-0066,5495,wingWidth,2.54
Euglossini,Euglossa deceptrix group,J-0068,5499,wingWidth,2.7
Euglossini,Euglossa deceptrix group,J-0069,5503,wingWidth,2.4
Euglossini,Euglossa deceptrix group,J-0073,5543,wingWidth,2.43
Euglossini,Euglossa deceptrix group,J-0140,5603,wingWidth,2.56
Euglossini,Euglossa deceptrix group,J-0250,5430,wingWidth,2.55
Euglossini,Euglossa deceptrix group,J-0730,5302,wingWidth,2.64
Euglossini,Euglossa deceptrix group,J-1183,5820,wingWidth,2.69
Euglossini,Euglossa deceptrix group,J-1186,5824,wingWidth,2.62
Euglossini,Euglossa deceptrix group,J-1383,5708,wingWidth,2.83
Euglossini,Euglossa deceptrix group,J-1880,5796,wingWidth,2.67
Euglossini,Euglossa dodsoni,B1119,177,intertegularDistance,3.5
Euglossini,Euglossa dodsoni,B1120,281,intertegularDistance,3.2
Euglossini,Euglossa dodsoni,B1121,285,intertegularDistance,2.9
Euglossini,Euglossa dodsoni,B1122,289,intertegularDistance,3.4
Euglossini,Euglossa dodsoni,B1378,4062,intertegularDistance,2.9
Euglossini,Euglossa dodsoni,M-0111,3130,intertegularDistance,3.1
Euglossini,Euglossa dodsoni,M-0143,3206,intertegularDistance,3
Euglossini,Euglossa dodsoni,M-0144,3210,intertegularDistance,3
Euglossini,Euglossa dodsoni,M-1260,4126,intertegularDistance,2.7
Euglossini,Euglossa dodsoni,M-1265,4130,intertegularDistance,2.9
Euglossini,Euglossa dodsoni,M-1267,4134,intertegularDistance,3
Euglossini,Euglossa dodsoni,M-1335,3670,intertegularDistance,2.8
Euglossini,Euglossa dodsoni,M-1504,4122,intertegularDistance,3
Euglossini,Euglossa dodsoni,M-1574,4166,intertegularDistance,3.1
Euglossini,Euglossa dodsoni,B1119,175,proboscisLength,10.3
Euglossini,Euglossa dodsoni,B1120,279,proboscisLength,11.1
Euglossini,Euglossa dodsoni,B1121,283,proboscisLength,11.5
Euglossini,Euglossa dodsoni,B1122,287,proboscisLength,11.9
Euglossini,Euglossa dodsoni,B1378,4063,proboscisLength,8.9
Euglossini,Euglossa dodsoni,M-0111,3131,proboscisLength,9.7
Euglossini,Euglossa dodsoni,M-0143,3207,proboscisLength,9.5
Euglossini,Euglossa dodsoni,M-0144,3211,proboscisLength,11
Euglossini,Euglossa dodsoni,M-1260,4127,proboscisLength,7
Euglossini,Euglossa dodsoni,M-1265,4131,proboscisLength,7.6
Euglossini,Euglossa dodsoni,M-1267,4135,proboscisLength,6.3
Euglossini,Euglossa dodsoni,M-1335,3671,proboscisLength,12.4
Euglossini,Euglossa dodsoni,M-1504,4123,proboscisLength,7.8
Euglossini,Euglossa dodsoni,M-1574,4167,proboscisLength,8
Euglossini,Euglossa dodsoni,B1119,176,wingLength,8.1
Euglossini,Euglossa dodsoni,B1120,280,wingLength,7.2
Euglossini,Euglossa dodsoni,B1121,284,wingLength,7.6
Euglossini,Euglossa dodsoni,B1122,288,wingLength,7.6
Euglossini,Euglossa dodsoni,B1378,4061,wingLength,7.5
Euglossini,Euglossa dodsoni,M-0111,3129,wingLength,7.5
Euglossini,Euglossa dodsoni,M-0143,3205,wingLength,8.2
Euglossini,Euglossa dodsoni,M-0144,3209,wingLength,7.6
Euglossini,Euglossa dodsoni,M-1260,4125,wingLength,7.7
Euglossini,Euglossa dodsoni,M-1265,4129,wingLength,7.2
Euglossini,Euglossa dodsoni,M-1267,4133,wingLength,7.6
Euglossini,Euglossa dodsoni,M-1335,3669,wingLength,7.5
Euglossini,Euglossa dodsoni,M-1504,4121,wingLength,7.6
Euglossini,Euglossa dodsoni,M-1574,4165,wingLength,7.7
Euglossini,Euglossa dodsoni,J-0093,5571,wingWidth,2.49
Euglossini,Euglossa dodsoni,J-0094,5575,wingWidth,2.36
Euglossini,Euglossa dodsoni,J-0095,5579,wingWidth,2.46
Euglossini,Euglossa dodsoni,J-0096,5583,wingWidth,2.42
Euglossini,Euglossa dodsoni,J-0102,5563,wingWidth,2.43
Euglossini,Euglossa dodsoni,J-0103,5547,wingWidth,2.48
Euglossini,Euglossa dodsoni,J-0110,5623,wingWidth,2.65
Euglossini,Euglossa dodsoni,J-0117,5611,wingWidth,2.29
Euglossini,Euglossa dodsoni,J-0118,5599,wingWidth,2.33
Euglossini,Euglossa dodsoni,J-1167,5382,wingWidth,2.53
Euglossini,Euglossa dodsoni,J-1168,5386,wingWidth,2.46
Euglossini,Euglossa dodsoni,J-1169,5390,wingWidth,2.16
Euglossini,Euglossa dodsoni,J-1170,5394,wingWidth,2.41
Euglossini,Euglossa dodsoni,J-1171,5398,wingWidth,2.56
Euglossini,Euglossa dodsoni,J-1712,5266,wingWidth,2.38
Euglossini,Euglossa dressleri,J-0711,5834,intertegularDistance,2.88
Euglossini,Euglossa dressleri,J-0711,5835,wingLength,8.7
Euglossini,Euglossa dressleri,J-0711,5836,wingWidth,2.49
Euglossini,Euglossa flammea-chalybeata gr,B1114,277,intertegularDistance,3.9
Euglossini,Euglossa flammea-chalybeata gr,B1159,313,intertegularDistance,3.6
Euglossini,Euglossa flammea-chalybeata gr,B1160,317,intertegularDistance,4
Euglossini,Euglossa flammea-chalybeata gr,B1169,325,intertegularDistance,3.6
Euglossini,Euglossa flammea-chalybeata gr,B1264,3986,intertegularDistance,3.84
Euglossini,Euglossa flammea-chalybeata gr,B1265,3990,intertegularDistance,3.6
Euglossini,Euglossa flammea-chalybeata gr,B1266,3994,intertegularDistance,3.55
Euglossini,Euglossa flammea-chalybeata gr,B1267,3998,intertegularDistance,3.66
Euglossini,Euglossa flammea-chalybeata gr,B1268,4002,intertegularDistance,3.63
Euglossini,Euglossa flammea-chalybeata gr,B1269,4006,intertegularDistance,3.4
Euglossini,Euglossa flammea-chalybeata gr,B1270,4010,intertegularDistance,3.7
Euglossini,Euglossa flammea-chalybeata gr,B1271,4014,intertegularDistance,3.8
Euglossini,Euglossa flammea-chalybeata gr,B1272,4018,intertegularDistance,3.6
Euglossini,Euglossa flammea-chalybeata gr,J-0158,6323,intertegularDistance,3.4
Euglossini,Euglossa flammea-chalybeata gr,J-0159,6328,intertegularDistance,3.89
Euglossini,Euglossa flammea-chalybeata gr,J-0167,6289,intertegularDistance,3.1
Euglossini,Euglossa flammea-chalybeata gr,J-0404,6269,intertegularDistance,3.68
Euglossini,Euglossa flammea-chalybeata gr,J-1165,6279,intertegularDistance,3.24
Euglossini,Euglossa flammea-chalybeata gr,J-1873,5452,intertegularDistance,2.9
Euglossini,Euglossa flammea-chalybeata gr,M-0022,2934,intertegularDistance,3.3
Euglossini,Euglossa flammea-chalybeata gr,M-0025,2946,intertegularDistance,3.3
Euglossini,Euglossa flammea-chalybeata gr,M-0026,2950,intertegularDistance,3.6
Euglossini,Euglossa flammea-chalybeata gr,M-0027,2954,intertegularDistance,3.4
Euglossini,Euglossa flammea-chalybeata gr,M-0028,2958,intertegularDistance,3.3
Euglossini,Euglossa flammea-chalybeata gr,M-0029,2962,intertegularDistance,3.4
Euglossini,Euglossa flammea-chalybeata gr,M-0030,2966,intertegularDistance,3.4
Euglossini,Euglossa flammea-chalybeata gr,M-0102,3094,intertegularDistance,3.6
Euglossini,Euglossa flammea-chalybeata gr,M-0103,3098,intertegularDistance,3.7
Euglossini,Euglossa flammea-chalybeata gr,M-0104,3102,intertegularDistance,3.5
Euglossini,Euglossa flammea-chalybeata gr,M-0105,3106,intertegularDistance,3.3
Euglossini,Euglossa flammea-chalybeata gr,M-0106,3110,intertegularDistance,3.5
Euglossini,Euglossa flammea-chalybeata gr,M-0107,3114,intertegularDistance,3.6
Euglossini,Euglossa flammea-chalybeata gr,M-0121,3162,intertegularDistance,3.4
Euglossini,Euglossa flammea-chalybeata gr,M-0125,3166,intertegularDistance,3.6
Euglossini,Euglossa flammea-chalybeata gr,M-0726,3506,intertegularDistance,3.2
Euglossini,Euglossa flammea-chalybeata gr,M-0727,3510,intertegularDistance,3.2
Euglossini,Euglossa flammea-chalybeata gr,M-0728,3514,intertegularDistance,3.5
Euglossini,Euglossa flammea-chalybeata gr,M-0729,3518,intertegularDistance,3.4
Euglossini,Euglossa flammea-chalybeata gr,M-0730,3522,intertegularDistance,3.5
Euglossini,Euglossa flammea-chalybeata gr,M-0731,3526,intertegularDistance,3.3
Euglossini,Euglossa flammea-chalybeata gr,M-0732,3530,intertegularDistance,3.5
Euglossini,Euglossa flammea-chalybeata gr,M-1584,3774,intertegularDistance,3.9
Euglossini,Euglossa flammea-chalybeata gr,M-C-2059,3950,intertegularDistance,3.4
Euglossini,Euglossa flammea-chalybeata gr,B1114,275,proboscisLength,24.3
Euglossini,Euglossa flammea-chalybeata gr,B1159,311,proboscisLength,24.8
Euglossini,Euglossa flammea-chalybeata gr,B1160,315,proboscisLength,25.8
Euglossini,Euglossa flammea-chalybeata gr,B1169,323,proboscisLength,24.1
Euglossini,Euglossa flammea-chalybeata gr,B1264,3987,proboscisLength,19.6
Euglossini,Euglossa flammea-chalybeata gr,B1265,3991,proboscisLength,20.25
Euglossini,Euglossa flammea-chalybeata gr,B1266,3995,proboscisLength,19.42
Euglossini,Euglossa flammea-chalybeata gr,B1267,3999,proboscisLength,20.7
Euglossini,Euglossa flammea-chalybeata gr,B1268,4003,proboscisLength,17.7
Euglossini,Euglossa flammea-chalybeata gr,B1269,4007,proboscisLength,20.5
Euglossini,Euglossa flammea-chalybeata gr,B1270,4011,proboscisLength,19.1
Euglossini,Euglossa flammea-chalybeata gr,B1271,4015,proboscisLength,18.4
Euglossini,Euglossa flammea-chalybeata gr,B1272,4019,proboscisLength,18.6
Euglossini,Euglossa flammea-chalybeata gr,J-0158,6326,proboscisLength,29.13
Euglossini,Euglossa flammea-chalybeata gr,J-0159,6331,proboscisLength,27.13
Euglossini,Euglossa flammea-chalybeata gr,J-0167,6292,proboscisLength,24.43
Euglossini,Euglossa flammea-chalybeata gr,J-0407,6272,proboscisLength,32.48
Euglossini,Euglossa flammea-chalybeata gr,J-1165,6282,proboscisLength,24.03
Euglossini,Euglossa flammea-chalybeata gr,M-0022,2935,proboscisLength,22.1
Euglossini,Euglossa flammea-chalybeata gr,M-0025,2947,proboscisLength,20.9
Euglossini,Euglossa flammea-chalybeata gr,M-0026,2951,proboscisLength,22.1
Euglossini,Euglossa flammea-chalybeata gr,M-0027,2955,proboscisLength,22
Euglossini,Euglossa flammea-chalybeata gr,M-0028,2959,proboscisLength,21.3
Euglossini,Euglossa flammea-chalybeata gr,M-0029,2963,proboscisLength,21.9
Euglossini,Euglossa flammea-chalybeata gr,M-0030,2967,proboscisLength,22.6
Euglossini,Euglossa flammea-chalybeata gr,M-0102,3095,proboscisLength,23.5
Euglossini,Euglossa flammea-chalybeata gr,M-0103,3099,proboscisLength,25.4
Euglossini,Euglossa flammea-chalybeata gr,M-0104,3103,proboscisLength,24.1
Euglossini,Euglossa flammea-chalybeata gr,M-0105,3107,proboscisLength,22.1
Euglossini,Euglossa flammea-chalybeata gr,M-0106,3111,proboscisLength,23.1
Euglossini,Euglossa flammea-chalybeata gr,M-0107,3115,proboscisLength,24.1
Euglossini,Euglossa flammea-chalybeata gr,M-0121,3163,proboscisLength,21.6
Euglossini,Euglossa flammea-chalybeata gr,M-0125,3167,proboscisLength,23.3
Euglossini,Euglossa flammea-chalybeata gr,M-0726,3507,proboscisLength,24.8
Euglossini,Euglossa flammea-chalybeata gr,M-0727,3511,proboscisLength,22.5
Euglossini,Euglossa flammea-chalybeata gr,M-0728,3515,proboscisLength,22.7
Euglossini,Euglossa flammea-chalybeata gr,M-0729,3519,proboscisLength,24.4
Euglossini,Euglossa flammea-chalybeata gr,M-0730,3523,proboscisLength,23.5
Euglossini,Euglossa flammea-chalybeata gr,M-0731,3527,proboscisLength,22.1
Euglossini,Euglossa flammea-chalybeata gr,M-0732,3531,proboscisLength,24.1
Euglossini,Euglossa flammea-chalybeata gr,M-1584,3775,proboscisLength,23.9
Euglossini,Euglossa flammea-chalybeata gr,M-C-2059,3951,proboscisLength,24.5
Euglossini,Euglossa flammea-chalybeata gr,B1114,276,wingLength,10.3
Euglossini,Euglossa flammea-chalybeata gr,B1159,312,wingLength,10.6
Euglossini,Euglossa flammea-chalybeata gr,B1160,316,wingLength,11.1
Euglossini,Euglossa flammea-chalybeata gr,B1169,324,wingLength,10.3
Euglossini,Euglossa flammea-chalybeata gr,B1264,3985,wingLength,10.9
Euglossini,Euglossa flammea-chalybeata gr,B1265,3989,wingLength,10.9
Euglossini,Euglossa flammea-chalybeata gr,B1266,3993,wingLength,9.8
Euglossini,Euglossa flammea-chalybeata gr,B1267,3997,wingLength,10.8
Euglossini,Euglossa flammea-chalybeata gr,B1268,4001,wingLength,10.5
Euglossini,Euglossa flammea-chalybeata gr,B1269,4005,wingLength,10.3
Euglossini,Euglossa flammea-chalybeata gr,B1270,4009,wingLength,11.2
Euglossini,Euglossa flammea-chalybeata gr,B1271,4013,wingLength,10.9
Euglossini,Euglossa flammea-chalybeata gr,B1272,4017,wingLength,11.1
Euglossini,Euglossa flammea-chalybeata gr,J-0158,6324,wingLength,10.48
Euglossini,Euglossa flammea-chalybeata gr,J-0159,6329,wingLength,11.08
Euglossini,Euglossa flammea-chalybeata gr,J-0167,6290,wingLength,10.24
Euglossini,Euglossa flammea-chalybeata gr,J-0405,6270,wingLength,11.62
Euglossini,Euglossa flammea-chalybeata gr,J-1165,6280,wingLength,10.57
Euglossini,Euglossa flammea-chalybeata gr,J-1873,5453,wingLength,10.2
Euglossini,Euglossa flammea-chalybeata gr,M-0022,2933,wingLength,10.2
Euglossini,Euglossa flammea-chalybeata gr,M-0025,2945,wingLength,10.1
Euglossini,Euglossa flammea-chalybeata gr,M-0026,2949,wingLength,10.5
Euglossini,Euglossa flammea-chalybeata gr,M-0027,2953,wingLength,10.5
Euglossini,Euglossa flammea-chalybeata gr,M-0028,2957,wingLength,11.2
Euglossini,Euglossa flammea-chalybeata gr,M-0029,2961,wingLength,10.6
Euglossini,Euglossa flammea-chalybeata gr,M-0030,2965,wingLength,10.6
Euglossini,Euglossa flammea-chalybeata gr,M-0102,3093,wingLength,10.6
Euglossini,Euglossa flammea-chalybeata gr,M-0103,3097,wingLength,11
Euglossini,Euglossa flammea-chalybeata gr,M-0104,3101,wingLength,9.9
Euglossini,Euglossa flammea-chalybeata gr,M-0105,3105,wingLength,10.1
Euglossini,Euglossa flammea-chalybeata gr,M-0106,3109,wingLength,10.4
Euglossini,Euglossa flammea-chalybeata gr,M-0107,3113,wingLength,11
Euglossini,Euglossa flammea-chalybeata gr,M-0121,3161,wingLength,9.8
Euglossini,Euglossa flammea-chalybeata gr,M-0125,3165,wingLength,10
Euglossini,Euglossa flammea-chalybeata gr,M-0726,3505,wingLength,10.5
Euglossini,Euglossa flammea-chalybeata gr,M-0727,3509,wingLength,10.4
Euglossini,Euglossa flammea-chalybeata gr,M-0728,3513,wingLength,10.3
Euglossini,Euglossa flammea-chalybeata gr,M-0729,3517,wingLength,10.9
Euglossini,Euglossa flammea-chalybeata gr,M-0730,3521,wingLength,11.1
Euglossini,Euglossa flammea-chalybeata gr,M-0731,3525,wingLength,9.8
Euglossini,Euglossa flammea-chalybeata gr,M-0732,3529,wingLength,10.7
Euglossini,Euglossa flammea-chalybeata gr,M-1584,3773,wingLength,11.9
Euglossini,Euglossa flammea-chalybeata gr,M-C-2059,3949,wingLength,11
Euglossini,Euglossa flammea-chalybeata gr,J-0105,5555,wingWidth,3.37
Euglossini,Euglossa flammea-chalybeata gr,J-0158,6325,wingWidth,3.21
Euglossini,Euglossa flammea-chalybeata gr,J-0159,6330,wingWidth,3.28
Euglossini,Euglossa flammea-chalybeata gr,J-0167,6291,wingWidth,2.98
Euglossini,Euglossa flammea-chalybeata gr,J-0406,6271,wingWidth,3.68
Euglossini,Euglossa flammea-chalybeata gr,J-1165,6281,wingWidth,3.05
Euglossini,Euglossa flammea-chalybeata gr,J-1165,5378,wingWidth,3.25
Euglossini,Euglossa flammea-chalybeata gr,J-1179,5812,wingWidth,3.16
Euglossini,Euglossa flammea-chalybeata gr,J-1237,5278,wingWidth,3.01
Euglossini,Euglossa flammea-chalybeata gr,J-1238,5282,wingWidth,3.16
Euglossini,Euglossa flammea-chalybeata gr,J-1239,5286,wingWidth,3.28
Euglossini,Euglossa flammea-chalybeata gr,J-1873,5454,wingWidth,2.95
Euglossini,Euglossa gibossa,J-0291,5830,intertegularDistance,2.54
Euglossini,Euglossa gibossa,M-0015,2906,intertegularDistance,3.2
Euglossini,Euglossa gibossa,M-0180,4146,intertegularDistance,3.2
Euglossini,Euglossa gibossa,M-1114,3618,intertegularDistance,2.7
Euglossini,Euglossa gibossa,M-1115,3622,intertegularDistance,2.9
Euglossini,Euglossa gibossa,M-1116,3626,intertegularDistance,2.7
Euglossini,Euglossa gibossa,M-1159,4162,intertegularDistance,3.1
Euglossini,Euglossa gibossa,M-1244,4154,intertegularDistance,3.5
Euglossini,Euglossa gibossa,M-1708,3874,intertegularDistance,3.3
Euglossini,Euglossa gibossa,M-0015,2907,proboscisLength,10.8
Euglossini,Euglossa gibossa,M-0180,4147,proboscisLength,7.7
Euglossini,Euglossa gibossa,M-1114,3619,proboscisLength,12.2
Euglossini,Euglossa gibossa,M-1115,3623,proboscisLength,11.9
Euglossini,Euglossa gibossa,M-1116,3627,proboscisLength,11.3
Euglossini,Euglossa gibossa,M-1159,4163,proboscisLength,8.6
Euglossini,Euglossa gibossa,M-1244,4155,proboscisLength,6.5
Euglossini,Euglossa gibossa,M-1708,3875,proboscisLength,11.1
Euglossini,Euglossa gibossa,J-0291,5831,wingLength,8.32
Euglossini,Euglossa gibossa,M-0015,2905,wingLength,7.7
Euglossini,Euglossa gibossa,M-0180,4145,wingLength,7
Euglossini,Euglossa gibossa,M-1114,3617,wingLength,8.3
Euglossini,Euglossa gibossa,M-1115,3621,wingLength,7.9
Euglossini,Euglossa gibossa,M-1116,3625,wingLength,8.2
Euglossini,Euglossa gibossa,M-1159,4161,wingLength,8.2
Euglossini,Euglossa gibossa,M-1244,4153,wingLength,7.3
Euglossini,Euglossa gibossa,M-1708,3873,wingLength,8.2
Euglossini,Euglossa gibossa,J-0291,5832,wingWidth,2.56
Euglossini,Euglossa gorgonensis,B1045,4066,intertegularDistance,3
Euglossini,Euglossa gorgonensis,J-0008,5348,intertegularDistance,2.72
Euglossini,Euglossa gorgonensis,J-0023,6204,intertegularDistance,2.75
Euglossini,Euglossa gorgonensis,J-0106,5613,intertegularDistance,2.76
Euglossini,Euglossa gorgonensis,J-0239,6199,intertegularDistance,2.54
Euglossini,Euglossa gorgonensis,J-0521,6194,intertegularDistance,2.85
Euglossini,Euglossa gorgonensis,J-0737,6309,intertegularDistance,2.68
Euglossini,Euglossa gorgonensis,J-0738,6313,intertegularDistance,2.59
Euglossini,Euglossa gorgonensis,J-0739,6318,intertegularDistance,2.67
Euglossini,Euglossa gorgonensis,J-1145,6189,intertegularDistance,2.65
Euglossini,Euglossa gorgonensis,J-1148,6249,intertegularDistance,2.69
Euglossini,Euglossa gorgonensis,J-1149,6214,intertegularDistance,3.33
Euglossini,Euglossa gorgonensis,J-1185,6274,intertegularDistance,2.78
Euglossini,Euglossa gorgonensis,J-1194,5368,intertegularDistance,2.42
Euglossini,Euglossa gorgonensis,J-1246,6184,intertegularDistance,2.93
Euglossini,Euglossa gorgonensis,J-1269,6229,intertegularDistance,2.83
Euglossini,Euglossa gorgonensis,J-1615,6234,intertegularDistance,2.51
Euglossini,Euglossa gorgonensis,M-1334,3666,intertegularDistance,2.6
Euglossini,Euglossa gorgonensis,B1045,4067,proboscisLength,12.7
Euglossini,Euglossa gorgonensis,J-0023,6207,proboscisLength,13.05
Euglossini,Euglossa gorgonensis,J-0239,6202,proboscisLength,15.05
Euglossini,Euglossa gorgonensis,J-0521,6197,proboscisLength,13.75
Euglossini,Euglossa gorgonensis,J-0738,6316,proboscisLength,14.22
Euglossini,Euglossa gorgonensis,J-0739,6321,proboscisLength,15.39
Euglossini,Euglossa gorgonensis,J-1145,6192,proboscisLength,14.03
Euglossini,Euglossa gorgonensis,J-1148,6252,proboscisLength,18.36
Euglossini,Euglossa gorgonensis,J-1149,6217,proboscisLength,14.3
Euglossini,Euglossa gorgonensis,J-1185,6277,proboscisLength,14.53
Euglossini,Euglossa gorgonensis,J-1246,6187,proboscisLength,14.91
Euglossini,Euglossa gorgonensis,J-1269,6232,proboscisLength,14.45
Euglossini,Euglossa gorgonensis,J-1615,6237,proboscisLength,13.81
Euglossini,Euglossa gorgonensis,M-1334,3667,proboscisLength,14.2
Euglossini,Euglossa gorgonensis,B1045,4065,wingLength,7.9
Euglossini,Euglossa gorgonensis,J-0008,5349,wingLength,7.17
Euglossini,Euglossa gorgonensis,J-0023,6205,wingLength,7.32
Euglossini,Euglossa gorgonensis,J-0106,5614,wingLength,7.64
Euglossini,Euglossa gorgonensis,J-0239,6200,wingLength,7.92
Euglossini,Euglossa gorgonensis,J-0521,6195,wingLength,6.9
Euglossini,Euglossa gorgonensis,J-0737,6310,wingLength,7.52
Euglossini,Euglossa gorgonensis,J-0738,6314,wingLength,7.82
Euglossini,Euglossa gorgonensis,J-0739,6319,wingLength,7.91
Euglossini,Euglossa gorgonensis,J-1145,6190,wingLength,8.05
Euglossini,Euglossa gorgonensis,J-1148,6250,wingLength,7.76
Euglossini,Euglossa gorgonensis,J-1149,6215,wingLength,8.03
Euglossini,Euglossa gorgonensis,J-1185,6275,wingLength,8
Euglossini,Euglossa gorgonensis,J-1194,5369,wingLength,7.97
Euglossini,Euglossa gorgonensis,J-1246,6185,wingLength,7.62
Euglossini,Euglossa gorgonensis,J-1269,6230,wingLength,7.81
Euglossini,Euglossa gorgonensis,J-1615,6235,wingLength,7.77
Euglossini,Euglossa gorgonensis,M-1334,3665,wingLength,7.7
Euglossini,Euglossa gorgonensis,J-0008,5350,wingWidth,2.22
Euglossini,Euglossa gorgonensis,J-0023,6206,wingWidth,2.25
Euglossini,Euglossa gorgonensis,J-0106,5615,wingWidth,2.34
Euglossini,Euglossa gorgonensis,J-0239,6201,wingWidth,2.48
Euglossini,Euglossa gorgonensis,J-0521,6196,wingWidth,2.33
Euglossini,Euglossa gorgonensis,J-0731,5306,wingWidth,2.25
Euglossini,Euglossa gorgonensis,J-0737,6311,wingWidth,2.31
Euglossini,Euglossa gorgonensis,J-0738,6315,wingWidth,2.62
Euglossini,Euglossa gorgonensis,J-0739,6320,wingWidth,2.48
Euglossini,Euglossa gorgonensis,J-1145,6191,wingWidth,2.33
Euglossini,Euglossa gorgonensis,J-1148,6251,wingWidth,2.28
Euglossini,Euglossa gorgonensis,J-1149,6216,wingWidth,2.45
Euglossini,Euglossa gorgonensis,J-1185,6276,wingWidth,2.32
Euglossini,Euglossa gorgonensis,J-1194,5370,wingWidth,2.26
Euglossini,Euglossa gorgonensis,J-1246,6186,wingWidth,2.32
Euglossini,Euglossa gorgonensis,J-1269,6231,wingWidth,2.38
Euglossini,Euglossa gorgonensis,J-1615,6236,wingWidth,2.32
Euglossini,Euglossa hansoni,B1118,173,intertegularDistance,3.4
Euglossini,Euglossa hansoni,B1383,4050,intertegularDistance,3.3
Euglossini,Euglossa hansoni,J-0109,5649,intertegularDistance,3.04
Euglossini,Euglossa hansoni,J-0214,5456,intertegularDistance,3.1
Euglossini,Euglossa hansoni,J-0214,5641,intertegularDistance,3.24
Euglossini,Euglossa hansoni,J-0955,6024,intertegularDistance,2.98
Euglossini,Euglossa hansoni,J-1575,6054,intertegularDistance,2.94
Euglossini,Euglossa hansoni,M-0110,3126,intertegularDistance,3.2
Euglossini,Euglossa hansoni,M-0127,3174,intertegularDistance,3
Euglossini,Euglossa hansoni,M-0171,4338,intertegularDistance,3.5
Euglossini,Euglossa hansoni,M-0214,4430,intertegularDistance,3.1
Euglossini,Euglossa hansoni,M-0225,4434,intertegularDistance,3.4
Euglossini,Euglossa hansoni,M-0242,4438,intertegularDistance,3.4
Euglossini,Euglossa hansoni,M-0550,3414,intertegularDistance,3
Euglossini,Euglossa hansoni,M-0593,4346,intertegularDistance,3.6
Euglossini,Euglossa hansoni,M-0594,4366,intertegularDistance,3.4
Euglossini,Euglossa hansoni,M-1001,4102,intertegularDistance,3.3
Euglossini,Euglossa hansoni,M-1012,4442,intertegularDistance,3.2
Euglossini,Euglossa hansoni,M-1013,4446,intertegularDistance,3.2
Euglossini,Euglossa hansoni,M-1014,4354,intertegularDistance,3.4
Euglossini,Euglossa hansoni,M-1016,4350,intertegularDistance,3.5
Euglossini,Euglossa hansoni,M-1240,4170,intertegularDistance,3.2
Euglossini,Euglossa hansoni,M-1248,4358,intertegularDistance,3.3
Euglossini,Euglossa hansoni,M-1696,4450,intertegularDistance,3.1
Euglossini,Euglossa hansoni,M-1704,4174,intertegularDistance,3.2
Euglossini,Euglossa hansoni,M-1705,4178,intertegularDistance,3.4
Euglossini,Euglossa hansoni,M-1716,4182,intertegularDistance,3.4
Euglossini,Euglossa hansoni,M-1717,4186,intertegularDistance,3.3
Euglossini,Euglossa hansoni,M-1718,4190,intertegularDistance,3.4
Euglossini,Euglossa hansoni,M-1719,4194,intertegularDistance,3.4
Euglossini,Euglossa hansoni,M-C-2229,4362,intertegularDistance,3.3
Euglossini,Euglossa hansoni,B1118,171,proboscisLength,10.5
Euglossini,Euglossa hansoni,B1383,4051,proboscisLength,7.1
Euglossini,Euglossa hansoni,J-0109,5652,proboscisLength,11.11
Euglossini,Euglossa hansoni,J-0214,5459,proboscisLength,10.09
Euglossini,Euglossa hansoni,J-0955,6027,proboscisLength,14
Euglossini,Euglossa hansoni,J-1575,6057,proboscisLength,11.15
Euglossini,Euglossa hansoni,M-0110,3127,proboscisLength,9.1
Euglossini,Euglossa hansoni,M-0127,3175,proboscisLength,9.7
Euglossini,Euglossa hansoni,M-0171,4339,proboscisLength,6
Euglossini,Euglossa hansoni,M-0214,4431,proboscisLength,6.5
Euglossini,Euglossa hansoni,M-0225,4435,proboscisLength,6.6
Euglossini,Euglossa hansoni,M-0242,4439,proboscisLength,7
Euglossini,Euglossa hansoni,M-0550,3415,proboscisLength,9.2
Euglossini,Euglossa hansoni,M-0593,4347,proboscisLength,6.5
Euglossini,Euglossa hansoni,M-0594,4367,proboscisLength,7.2
Euglossini,Euglossa hansoni,M-1001,4103,proboscisLength,7.8
Euglossini,Euglossa hansoni,M-1012,4443,proboscisLength,6.1
Euglossini,Euglossa hansoni,M-1013,4447,proboscisLength,5.7
Euglossini,Euglossa hansoni,M-1014,4355,proboscisLength,6.4
Euglossini,Euglossa hansoni,M-1016,4351,proboscisLength,6.9
Euglossini,Euglossa hansoni,M-1240,4171,proboscisLength,7
Euglossini,Euglossa hansoni,M-1248,4359,proboscisLength,7.5
Euglossini,Euglossa hansoni,M-1704,4175,proboscisLength,7.1
Euglossini,Euglossa hansoni,M-1705,4179,proboscisLength,7.7
Euglossini,Euglossa hansoni,M-1716,4183,proboscisLength,7.7
Euglossini,Euglossa hansoni,M-1717,4187,proboscisLength,6.8
Euglossini,Euglossa hansoni,M-1718,4191,proboscisLength,6.8
Euglossini,Euglossa hansoni,M-1719,4195,proboscisLength,7.4
Euglossini,Euglossa hansoni,M-C-2229,4363,proboscisLength,5.9
Euglossini,Euglossa hansoni,B1118,172,wingLength,8.5
Euglossini,Euglossa hansoni,B1383,4049,wingLength,8
Euglossini,Euglossa hansoni,J-0109,5650,wingLength,7.92
Euglossini,Euglossa hansoni,J-0214,5457,wingLength,8.02
Euglossini,Euglossa hansoni,J-0214,5642,wingLength,8.22
Euglossini,Euglossa hansoni,J-0955,6025,wingLength,9.04
Euglossini,Euglossa hansoni,J-1575,6055,wingLength,7.33
Euglossini,Euglossa hansoni,M-0110,3125,wingLength,7.7
Euglossini,Euglossa hansoni,M-0127,3173,wingLength,7.9
Euglossini,Euglossa hansoni,M-0171,4337,wingLength,8.2
Euglossini,Euglossa hansoni,M-0214,4429,wingLength,7.3
Euglossini,Euglossa hansoni,M-0225,4433,wingLength,7.5
Euglossini,Euglossa hansoni,M-0242,4437,wingLength,7.6
Euglossini,Euglossa hansoni,M-0550,3413,wingLength,7.9
Euglossini,Euglossa hansoni,M-0593,4345,wingLength,7.6
Euglossini,Euglossa hansoni,M-0594,4365,wingLength,7.3
Euglossini,Euglossa hansoni,M-1001,4101,wingLength,8.2
Euglossini,Euglossa hansoni,M-1012,4441,wingLength,7.7
Euglossini,Euglossa hansoni,M-1013,4445,wingLength,7.5
Euglossini,Euglossa hansoni,M-1014,4353,wingLength,7.3
Euglossini,Euglossa hansoni,M-1016,4349,wingLength,7.3
Euglossini,Euglossa hansoni,M-1240,4169,wingLength,7.6
Euglossini,Euglossa hansoni,M-1248,4357,wingLength,7.6
Euglossini,Euglossa hansoni,M-1696,4449,wingLength,7.6
Euglossini,Euglossa hansoni,M-1704,4173,wingLength,7.6
Euglossini,Euglossa hansoni,M-1705,4177,wingLength,8
Euglossini,Euglossa hansoni,M-1716,4181,wingLength,7.5
Euglossini,Euglossa hansoni,M-1717,4185,wingLength,7.2
Euglossini,Euglossa hansoni,M-1718,4189,wingLength,7.9
Euglossini,Euglossa hansoni,M-1719,4193,wingLength,7.7
Euglossini,Euglossa hansoni,M-C-2229,4361,wingLength,7
Euglossini,Euglossa hansoni,J-0109,5651,wingWidth,2.45
Euglossini,Euglossa hansoni,J-0214,5458,wingWidth,2.29
Euglossini,Euglossa hansoni,J-0214,5643,wingWidth,2.23
Euglossini,Euglossa hansoni,J-0955,6026,wingWidth,2.7
Euglossini,Euglossa hansoni,J-1575,6056,wingWidth,2.53
Euglossini,Euglossa heterosticta,B1325,377,intertegularDistance,3
Euglossini,Euglossa heterosticta,B1325,4222,intertegularDistance,3.2
Euglossini,Euglossa heterosticta,B1326,381,intertegularDistance,3.2
Euglossini,Euglossa heterosticta,B1326,4226,intertegularDistance,3.3
Euglossini,Euglossa heterosticta,J-0350a,5979,intertegularDistance,3.01
Euglossini,Euglossa heterosticta,J-0388,6154,intertegularDistance,2.9
Euglossini,Euglossa heterosticta,J-0529,6134,intertegularDistance,2.78
Euglossini,Euglossa heterosticta,J-0786,6019,intertegularDistance,2.85
Euglossini,Euglossa heterosticta,J-1044,5939,intertegularDistance,2.5
Euglossini,Euglossa heterosticta,J-1098,6074,intertegularDistance,2.96
Euglossini,Euglossa heterosticta,J-1515,5924,intertegularDistance,2.31
Euglossini,Euglossa heterosticta,M-0089,3062,intertegularDistance,2.5
Euglossini,Euglossa heterosticta,M-0275,3286,intertegularDistance,3
Euglossini,Euglossa heterosticta,M-0547,3402,intertegularDistance,2.8
Euglossini,Euglossa heterosticta,M-0569,4150,intertegularDistance,3.3
Euglossini,Euglossa heterosticta,M-0957,3586,intertegularDistance,2.9
Euglossini,Euglossa heterosticta,M-0958,3590,intertegularDistance,2.6
Euglossini,Euglossa heterosticta,M-1124,4218,intertegularDistance,3.4
Euglossini,Euglossa heterosticta,M-1144,4214,intertegularDistance,3.2
Euglossini,Euglossa heterosticta,M-1589,4486,intertegularDistance,3.1
Euglossini,Euglossa heterosticta,M-C-1893,4490,intertegularDistance,3.1
Euglossini,Euglossa heterosticta,M-C-1942,4206,intertegularDistance,3.1
Euglossini,Euglossa heterosticta,M-C-2052,4210,intertegularDistance,3.3
Euglossini,Euglossa heterosticta,M-C-2053,4230,intertegularDistance,3.2
Euglossini,Euglossa heterosticta,M-C-2054,4234,intertegularDistance,3.2
Euglossini,Euglossa heterosticta,B1325,375,proboscisLength,9.9
Euglossini,Euglossa heterosticta,B1325,4223,proboscisLength,7
Euglossini,Euglossa heterosticta,B1326,379,proboscisLength,11.1
Euglossini,Euglossa heterosticta,B1326,4227,proboscisLength,7.4
Euglossini,Euglossa heterosticta,J-0350a,5982,proboscisLength,8.69
Euglossini,Euglossa heterosticta,J-0388,6157,proboscisLength,13.54
Euglossini,Euglossa heterosticta,J-0529,6137,proboscisLength,13.54
Euglossini,Euglossa heterosticta,J-0786,6022,proboscisLength,10.47
Euglossini,Euglossa heterosticta,J-1044,5942,proboscisLength,9.86
Euglossini,Euglossa heterosticta,J-1098,6077,proboscisLength,9.75
Euglossini,Euglossa heterosticta,J-1515,5927,proboscisLength,10.38
Euglossini,Euglossa heterosticta,M-0089,3063,proboscisLength,9.5
Euglossini,Euglossa heterosticta,M-0275,3287,proboscisLength,10.2
Euglossini,Euglossa heterosticta,M-0547,3403,proboscisLength,9.4
Euglossini,Euglossa heterosticta,M-0569,4151,proboscisLength,6.8
Euglossini,Euglossa heterosticta,M-0957,3587,proboscisLength,8.8
Euglossini,Euglossa heterosticta,M-0958,3591,proboscisLength,7.3
Euglossini,Euglossa heterosticta,M-1124,4219,proboscisLength,5.8
Euglossini,Euglossa heterosticta,M-1144,4215,proboscisLength,6.1
Euglossini,Euglossa heterosticta,M-1589,4487,proboscisLength,5
Euglossini,Euglossa heterosticta,M-C-1893,4491,proboscisLength,5.1
Euglossini,Euglossa heterosticta,M-C-1942,4207,proboscisLength,5.8
Euglossini,Euglossa heterosticta,M-C-2052,4211,proboscisLength,6.3
Euglossini,Euglossa heterosticta,M-C-2053,4231,proboscisLength,8.6
Euglossini,Euglossa heterosticta,M-C-2054,4235,proboscisLength,6.8
Euglossini,Euglossa heterosticta,B1325,376,wingLength,9
Euglossini,Euglossa heterosticta,B1325,4221,wingLength,7.6
Euglossini,Euglossa heterosticta,B1326,380,wingLength,8.1
Euglossini,Euglossa heterosticta,B1326,4225,wingLength,7.4
Euglossini,Euglossa heterosticta,J-0350a,5980,wingLength,7.82
Euglossini,Euglossa heterosticta,J-0388,6155,wingLength,6.83
Euglossini,Euglossa heterosticta,J-0529,6135,wingLength,7.72
Euglossini,Euglossa heterosticta,J-0786,6020,wingLength,7.55
Euglossini,Euglossa heterosticta,J-1044,5940,wingLength,7.65
Euglossini,Euglossa heterosticta,J-1515,5925,wingLength,7.47
Euglossini,Euglossa heterosticta,M-0089,3061,wingLength,7.4
Euglossini,Euglossa heterosticta,M-0275,3285,wingLength,7.8
Euglossini,Euglossa heterosticta,M-0547,3401,wingLength,6.8
Euglossini,Euglossa heterosticta,M-0569,4149,wingLength,6.8
Euglossini,Euglossa heterosticta,M-0957,3585,wingLength,7.7
Euglossini,Euglossa heterosticta,M-0958,3589,wingLength,6.9
Euglossini,Euglossa heterosticta,M-1124,4217,wingLength,7.7
Euglossini,Euglossa heterosticta,M-1144,4213,wingLength,6.6
Euglossini,Euglossa heterosticta,M-1589,4485,wingLength,6.9
Euglossini,Euglossa heterosticta,M-C-1893,4489,wingLength,7
Euglossini,Euglossa heterosticta,M-C-1942,4205,wingLength,7
Euglossini,Euglossa heterosticta,M-C-2052,4209,wingLength,7.1
Euglossini,Euglossa heterosticta,M-C-2053,4229,wingLength,7.1
Euglossini,Euglossa heterosticta,M-C-2054,4233,wingLength,7.5
Euglossini,Euglossa heterosticta,J-0072,5607,wingWidth,2.13
Euglossini,Euglossa heterosticta,J-0350a,5981,wingWidth,2.5
Euglossini,Euglossa heterosticta,J-0388,6156,wingWidth,2.15
Euglossini,Euglossa heterosticta,J-0529,6136,wingWidth,2.34
Euglossini,Euglossa heterosticta,J-0786,6021,wingWidth,2.34
Euglossini,Euglossa heterosticta,J-1044,5941,wingWidth,2.2
Euglossini,Euglossa heterosticta,J-1515,5926,wingWidth,2.21
Euglossini,Euglossa ignita,B1357,4250,intertegularDistance,3.3
Euglossini,Euglossa ignita,B1358,4254,intertegularDistance,3.7
Euglossini,Euglossa ignita,B1359,4258,intertegularDistance,3.6
Euglossini,Euglossa ignita,B1360,4262,intertegularDistance,3.4
Euglossini,Euglossa ignita,B1361,4266,intertegularDistance,3.4
Euglossini,Euglossa ignita,B1362,4270,intertegularDistance,3.6
Euglossini,Euglossa ignita,J-1048,6099,intertegularDistance,3.15
Euglossini,Euglossa ignita,M-0282,3294,intertegularDistance,2.9
Euglossini,Euglossa ignita,B1357,4251,proboscisLength,19.4
Euglossini,Euglossa ignita,B1358,4255,proboscisLength,19.5
Euglossini,Euglossa ignita,B1359,4259,proboscisLength,19.7
Euglossini,Euglossa ignita,B1360,4263,proboscisLength,20.7
Euglossini,Euglossa ignita,B1361,4267,proboscisLength,19.4
Euglossini,Euglossa ignita,B1362,4271,proboscisLength,19.9
Euglossini,Euglossa ignita,J-1048,6102,proboscisLength,21.83
Euglossini,Euglossa ignita,M-0282,3295,proboscisLength,13.1
Euglossini,Euglossa ignita,B1357,4249,wingLength,10.6
Euglossini,Euglossa ignita,B1358,4253,wingLength,10.8
Euglossini,Euglossa ignita,B1359,4257,wingLength,11.3
Euglossini,Euglossa ignita,B1360,4261,wingLength,10.8
Euglossini,Euglossa ignita,B1361,4265,wingLength,10.3
Euglossini,Euglossa ignita,B1362,4269,wingLength,10.9
Euglossini,Euglossa ignita,J-1048,6100,wingLength,9.74
Euglossini,Euglossa ignita,M-0282,3293,wingLength,7.8
Euglossini,Euglossa ignita,J-1048,6101,wingWidth,3.35
Euglossini,Euglossa ignita,J-1178,5816,wingWidth,3.09
Euglossini,Euglossa igniventris-dissimula gr,B1124,297,intertegularDistance,3.6
Euglossini,Euglossa igniventris-dissimula gr,J-0141,5670,intertegularDistance,2.96
Euglossini,Euglossa igniventris-dissimula gr,J-0142,5674,intertegularDistance,3.13
Euglossini,Euglossa igniventris-dissimula gr,J-0143,5678,intertegularDistance,2.98
Euglossini,Euglossa igniventris-dissimula gr,J-0437,6034,intertegularDistance,3
Euglossini,Euglossa igniventris-dissimula gr,J-0852,6119,intertegularDistance,2.77
Euglossini,Euglossa igniventris-dissimula gr,J-0853,6124,intertegularDistance,3.06
Euglossini,Euglossa igniventris-dissimula gr,J-1270,5964,intertegularDistance,2.98
Euglossini,Euglossa igniventris-dissimula gr,J-1429,5654,intertegularDistance,2.88
Euglossini,Euglossa igniventris-dissimula gr,J-1862,6069,intertegularDistance,2.86
Euglossini,Euglossa igniventris-dissimula gr,J-1901,5802,intertegularDistance,2.99
Euglossini,Euglossa igniventris-dissimula gr,J-1902,5806,intertegularDistance,2.52
Euglossini,Euglossa igniventris-dissimula gr,M-0092,3074,intertegularDistance,3.2
Euglossini,Euglossa igniventris-dissimula gr,M-0093,3078,intertegularDistance,3.4
Euglossini,Euglossa igniventris-dissimula gr,M-0094,3082,intertegularDistance,3.2
Euglossini,Euglossa igniventris-dissimula gr,M-0128,3178,intertegularDistance,3.1
Euglossini,Euglossa igniventris-dissimula gr,M-0129,3182,intertegularDistance,2.9
Euglossini,Euglossa igniventris-dissimula gr,M-0130,3186,intertegularDistance,3.2
Euglossini,Euglossa igniventris-dissimula gr,M-0152,4082,intertegularDistance,3.5
Euglossini,Euglossa igniventris-dissimula gr,M-0211,4086,intertegularDistance,2.9
Euglossini,Euglossa igniventris-dissimula gr,M-0213,4090,intertegularDistance,3.3
Euglossini,Euglossa igniventris-dissimula gr,M-0250,4342,intertegularDistance,3.4
Euglossini,Euglossa igniventris-dissimula gr,M-0251,4094,intertegularDistance,3.2
Euglossini,Euglossa igniventris-dissimula gr,M-0253,3278,intertegularDistance,3.2
Euglossini,Euglossa igniventris-dissimula gr,M-0307,3314,intertegularDistance,3.2
Euglossini,Euglossa igniventris-dissimula gr,M-0634,4098,intertegularDistance,3.4
Euglossini,Euglossa igniventris-dissimula gr,M-0882,3554,intertegularDistance,2.8
Euglossini,Euglossa igniventris-dissimula gr,M-0914,3562,intertegularDistance,2.9
Euglossini,Euglossa igniventris-dissimula gr,M-0915,3566,intertegularDistance,3
Euglossini,Euglossa igniventris-dissimula gr,M-1245,4106,intertegularDistance,3.5
Euglossini,Euglossa igniventris-dissimula gr,M-C-2134,4110,intertegularDistance,3.4
Euglossini,Euglossa igniventris-dissimula gr,M-C-2242,4114,intertegularDistance,3.3
Euglossini,Euglossa igniventris-dissimula gr,M-C-2356,4118,intertegularDistance,3.3
Euglossini,Euglossa igniventris-dissimula gr,B1124,295,proboscisLength,11.1
Euglossini,Euglossa igniventris-dissimula gr,J-0437,6037,proboscisLength,9.98
Euglossini,Euglossa igniventris-dissimula gr,J-0852,6122,proboscisLength,10.34
Euglossini,Euglossa igniventris-dissimula gr,J-0853,6127,proboscisLength,10.6
Euglossini,Euglossa igniventris-dissimula gr,J-1270,5967,proboscisLength,10.83
Euglossini,Euglossa igniventris-dissimula gr,J-1862,6072,proboscisLength,11.99
Euglossini,Euglossa igniventris-dissimula gr,M-0092,3075,proboscisLength,9.6
Euglossini,Euglossa igniventris-dissimula gr,M-0093,3079,proboscisLength,9.1
Euglossini,Euglossa igniventris-dissimula gr,M-0094,3083,proboscisLength,10
Euglossini,Euglossa igniventris-dissimula gr,M-0128,3179,proboscisLength,9.8
Euglossini,Euglossa igniventris-dissimula gr,M-0129,3183,proboscisLength,8.6
Euglossini,Euglossa igniventris-dissimula gr,M-0130,3187,proboscisLength,8.4
Euglossini,Euglossa igniventris-dissimula gr,M-0152,4083,proboscisLength,6.7
Euglossini,Euglossa igniventris-dissimula gr,M-0211,4087,proboscisLength,6
Euglossini,Euglossa igniventris-dissimula gr,M-0213,4091,proboscisLength,7.3
Euglossini,Euglossa igniventris-dissimula gr,M-0250,4343,proboscisLength,6.2
Euglossini,Euglossa igniventris-dissimula gr,M-0251,4095,proboscisLength,7.5
Euglossini,Euglossa igniventris-dissimula gr,M-0253,3279,proboscisLength,11
Euglossini,Euglossa igniventris-dissimula gr,M-0307,3315,proboscisLength,10.3
Euglossini,Euglossa igniventris-dissimula gr,M-0634,4099,proboscisLength,7.6
Euglossini,Euglossa igniventris-dissimula gr,M-0882,3555,proboscisLength,8.6
Euglossini,Euglossa igniventris-dissimula gr,M-0914,3563,proboscisLength,8.8
Euglossini,Euglossa igniventris-dissimula gr,M-0915,3567,proboscisLength,8.7
Euglossini,Euglossa igniventris-dissimula gr,M-1245,4107,proboscisLength,6.2
Euglossini,Euglossa igniventris-dissimula gr,M-C-2134,4111,proboscisLength,8
Euglossini,Euglossa igniventris-dissimula gr,M-C-2242,4115,proboscisLength,7.8
Euglossini,Euglossa igniventris-dissimula gr,M-C-2356,4119,proboscisLength,8
Euglossini,Euglossa igniventris-dissimula gr,B1124,296,wingLength,8.2
Euglossini,Euglossa igniventris-dissimula gr,J-0141,5671,wingLength,7.69
Euglossini,Euglossa igniventris-dissimula gr,J-0142,5675,wingLength,7.61
Euglossini,Euglossa igniventris-dissimula gr,J-0143,5679,wingLength,8.44
Euglossini,Euglossa igniventris-dissimula gr,J-0437,6035,wingLength,8.5
Euglossini,Euglossa igniventris-dissimula gr,J-0852,6120,wingLength,8.68
Euglossini,Euglossa igniventris-dissimula gr,J-0853,6125,wingLength,8.76
Euglossini,Euglossa igniventris-dissimula gr,J-1270,5965,wingLength,8.4
Euglossini,Euglossa igniventris-dissimula gr,J-1429,5655,wingLength,8.13
Euglossini,Euglossa igniventris-dissimula gr,J-1862,6070,wingLength,8.67
Euglossini,Euglossa igniventris-dissimula gr,J-1901,5803,wingLength,8.54
Euglossini,Euglossa igniventris-dissimula gr,J-1902,5807,wingLength,8.68
Euglossini,Euglossa igniventris-dissimula gr,M-0092,3073,wingLength,7.6
Euglossini,Euglossa igniventris-dissimula gr,M-0093,3077,wingLength,7.8
Euglossini,Euglossa igniventris-dissimula gr,M-0094,3081,wingLength,8.2
Euglossini,Euglossa igniventris-dissimula gr,M-0128,3177,wingLength,8.2
Euglossini,Euglossa igniventris-dissimula gr,M-0129,3181,wingLength,7
Euglossini,Euglossa igniventris-dissimula gr,M-0130,3185,wingLength,7.5
Euglossini,Euglossa igniventris-dissimula gr,M-0152,4081,wingLength,8.1
Euglossini,Euglossa igniventris-dissimula gr,M-0211,4085,wingLength,6.8
Euglossini,Euglossa igniventris-dissimula gr,M-0213,4089,wingLength,8
Euglossini,Euglossa igniventris-dissimula gr,M-0250,4341,wingLength,8
Euglossini,Euglossa igniventris-dissimula gr,M-0251,4093,wingLength,7.8
Euglossini,Euglossa igniventris-dissimula gr,M-0253,3277,wingLength,8.1
Euglossini,Euglossa igniventris-dissimula gr,M-0307,3313,wingLength,9
Euglossini,Euglossa igniventris-dissimula gr,M-0634,4097,wingLength,7.3
Euglossini,Euglossa igniventris-dissimula gr,M-0882,3553,wingLength,7.3
Euglossini,Euglossa igniventris-dissimula gr,M-0914,3561,wingLength,7.5
Euglossini,Euglossa igniventris-dissimula gr,M-0915,3565,wingLength,7.4
Euglossini,Euglossa igniventris-dissimula gr,M-1245,4105,wingLength,7.6
Euglossini,Euglossa igniventris-dissimula gr,M-C-2134,4109,wingLength,7.9
Euglossini,Euglossa igniventris-dissimula gr,M-C-2242,4113,wingLength,8
Euglossini,Euglossa igniventris-dissimula gr,M-C-2356,4117,wingLength,8.3
Euglossini,Euglossa igniventris-dissimula gr,J-0141,5672,wingWidth,2.45
Euglossini,Euglossa igniventris-dissimula gr,J-0142,5676,wingWidth,2.57
Euglossini,Euglossa igniventris-dissimula gr,J-0143,5680,wingWidth,2.49
Euglossini,Euglossa igniventris-dissimula gr,J-0242,5635,wingWidth,2.66
Euglossini,Euglossa igniventris-dissimula gr,J-0437,6036,wingWidth,2.43
Euglossini,Euglossa igniventris-dissimula gr,J-0852,6121,wingWidth,2.45
Euglossini,Euglossa igniventris-dissimula gr,J-0853,6126,wingWidth,2.28
Euglossini,Euglossa igniventris-dissimula gr,J-1270,5966,wingWidth,2.59
Euglossini,Euglossa igniventris-dissimula gr,J-1429,5656,wingWidth,2.39
Euglossini,Euglossa igniventris-dissimula gr,J-1862,6071,wingWidth,2.7
Euglossini,Euglossa igniventris-dissimula gr,J-1901,5804,wingWidth,2.36
Euglossini,Euglossa igniventris-dissimula gr,J-1902,5808,wingWidth,2.37
Euglossini,Euglossa imperialis,B1115,321,intertegularDistance,4
Euglossini,Euglossa imperialis,B1165,257,intertegularDistance,4.1
Euglossini,Euglossa imperialis,B1166,261,intertegularDistance,3.9
Euglossini,Euglossa imperialis,B1167,265,intertegularDistance,4.1
Euglossini,Euglossa imperialis,B1168,269,intertegularDistance,4
Euglossini,Euglossa imperialis,B1170,329,intertegularDistance,3.8
Euglossini,Euglossa imperialis,B1171,333,intertegularDistance,3.9
Euglossini,Euglossa imperialis,M-0016,2910,intertegularDistance,3.8
Euglossini,Euglossa imperialis,M-0017,2914,intertegularDistance,3.7
Euglossini,Euglossa imperialis,M-0018,2918,intertegularDistance,3.8
Euglossini,Euglossa imperialis,M-0080,3034,intertegularDistance,3.5
Euglossini,Euglossa imperialis,M-0549,3410,intertegularDistance,3.8
Euglossini,Euglossa imperialis,M-1095,3614,intertegularDistance,3.3
Euglossini,Euglossa imperialis,M-1583,3770,intertegularDistance,3.9
Euglossini,Euglossa imperialis,M-1585,3778,intertegularDistance,3.9
Euglossini,Euglossa imperialis,M-1586,3782,intertegularDistance,3.7
Euglossini,Euglossa imperialis,M-1587,3786,intertegularDistance,3.8
Euglossini,Euglossa imperialis,M-1660,3830,intertegularDistance,3.8
Euglossini,Euglossa imperialis,M-1747,3894,intertegularDistance,3.2
Euglossini,Euglossa imperialis,M-1881,3926,intertegularDistance,3.8
Euglossini,Euglossa imperialis,B1115,319,proboscisLength,23.6
Euglossini,Euglossa imperialis,B1165,255,proboscisLength,22.4
Euglossini,Euglossa imperialis,B1166,259,proboscisLength,21.9
Euglossini,Euglossa imperialis,B1167,263,proboscisLength,22.8
Euglossini,Euglossa imperialis,B1168,267,proboscisLength,23
Euglossini,Euglossa imperialis,B1170,327,proboscisLength,23.2
Euglossini,Euglossa imperialis,B1171,331,proboscisLength,24.3
Euglossini,Euglossa imperialis,M-0016,2911,proboscisLength,25.6
Euglossini,Euglossa imperialis,M-0017,2915,proboscisLength,21.9
Euglossini,Euglossa imperialis,M-0018,2919,proboscisLength,23.5
Euglossini,Euglossa imperialis,M-0080,3035,proboscisLength,22.1
Euglossini,Euglossa imperialis,M-0549,3411,proboscisLength,21.7
Euglossini,Euglossa imperialis,M-1095,3615,proboscisLength,19.4
Euglossini,Euglossa imperialis,M-1583,3771,proboscisLength,23
Euglossini,Euglossa imperialis,M-1585,3779,proboscisLength,22.9
Euglossini,Euglossa imperialis,M-1586,3783,proboscisLength,22.2
Euglossini,Euglossa imperialis,M-1587,3787,proboscisLength,23.8
Euglossini,Euglossa imperialis,M-1660,3831,proboscisLength,23
Euglossini,Euglossa imperialis,M-1747,3895,proboscisLength,19.8
Euglossini,Euglossa imperialis,M-1881,3927,proboscisLength,22.8
Euglossini,Euglossa imperialis,B1115,320,wingLength,11.2
Euglossini,Euglossa imperialis,B1165,256,wingLength,9.3
Euglossini,Euglossa imperialis,B1166,260,wingLength,10.6
Euglossini,Euglossa imperialis,B1167,264,wingLength,11.3
Euglossini,Euglossa imperialis,B1168,268,wingLength,10.9
Euglossini,Euglossa imperialis,B1170,328,wingLength,10.3
Euglossini,Euglossa imperialis,B1171,332,wingLength,10.1
Euglossini,Euglossa imperialis,M-0016,2909,wingLength,11
Euglossini,Euglossa imperialis,M-0017,2913,wingLength,10.2
Euglossini,Euglossa imperialis,M-0018,2917,wingLength,11.3
Euglossini,Euglossa imperialis,M-0080,3033,wingLength,10.7
Euglossini,Euglossa imperialis,M-0549,3409,wingLength,10.5
Euglossini,Euglossa imperialis,M-1095,3613,wingLength,10.7
Euglossini,Euglossa imperialis,M-1583,3769,wingLength,11.2
Euglossini,Euglossa imperialis,M-1585,3777,wingLength,10.9
Euglossini,Euglossa imperialis,M-1586,3781,wingLength,10.8
Euglossini,Euglossa imperialis,M-1587,3785,wingLength,11.6
Euglossini,Euglossa imperialis,M-1660,3829,wingLength,11.3
Euglossini,Euglossa imperialis,M-1747,3893,wingLength,9.3
Euglossini,Euglossa imperialis,M-1881,3925,wingLength,11.3
Euglossini,Euglossa imperialis,J-0122,5519,wingWidth,3.47
Euglossini,Euglossa imperialis,J-0123,5523,wingWidth,2.97
Euglossini,Euglossa imperialis,J-1336,5716,wingWidth,3.24
Euglossini,Euglossa imperialis,J-1337,5720,wingWidth,3.29
Euglossini,Euglossa imperialis,J-1338,5724,wingWidth,3.33
Euglossini,Euglossa imperialis,J-1339,5728,wingWidth,3.27
Euglossini,Euglossa imperialis,J-1340,5732,wingWidth,3.09
Euglossini,Euglossa imperialis,J-1341,5736,wingWidth,3.3
Euglossini,Euglossa imperialis,J-1342,5740,wingWidth,3.26
Euglossini,Euglossa imperialis,J-1864,5792,wingWidth,3.42
Euglossini,Euglossa laevicincta,B1162,161,intertegularDistance,4.1
Euglossini,Euglossa laevicincta,B1162,4246,intertegularDistance,3.3
Euglossini,Euglossa laevicincta,B1353,4282,intertegularDistance,3.4
Euglossini,Euglossa laevicincta,B1354,4286,intertegularDistance,3.5
Euglossini,Euglossa laevicincta,B1355,4290,intertegularDistance,3.5
Euglossini,Euglossa laevicincta,B1356,4294,intertegularDistance,3.8
Euglossini,Euglossa laevicincta,J-0097,6349,intertegularDistance,2.93
Euglossini,Euglossa laevicincta,J-0100,6368,intertegularDistance,3.12
Euglossini,Euglossa laevicincta,J-0101,6373,intertegularDistance,3.07
Euglossini,Euglossa laevicincta,J-0104,6383,intertegularDistance,3.03
Euglossini,Euglossa laevicincta,J-0124,6388,intertegularDistance,3.15
Euglossini,Euglossa laevicincta,J-0125,6393,intertegularDistance,3.33
Euglossini,Euglossa laevicincta,J-0126,6398,intertegularDistance,3.2
Euglossini,Euglossa laevicincta,J-0229,6364,intertegularDistance,3.53
Euglossini,Euglossa laevicincta,J-0232,6403,intertegularDistance,2.76
Euglossini,Euglossa laevicincta,J-0233,6408,intertegularDistance,3.23
Euglossini,Euglossa laevicincta,J-0234,6413,intertegularDistance,2.91
Euglossini,Euglossa laevicincta,J-1029,5292,intertegularDistance,3.13
Euglossini,Euglossa laevicincta,J-1166,6354,intertegularDistance,3.18
Euglossini,Euglossa laevicincta,J-1178,6359,intertegularDistance,3.25
Euglossini,Euglossa laevicincta,J-1382a,6418,intertegularDistance,2.39
Euglossini,Euglossa laevicincta,J-1673,5256,intertegularDistance,3.23
Euglossini,Euglossa laevicincta,J-1711,5268,intertegularDistance,3.41
Euglossini,Euglossa laevicincta,J-1811,6378,intertegularDistance,3.35
Euglossini,Euglossa laevicincta,M-0021,2930,intertegularDistance,3.2
Euglossini,Euglossa laevicincta,M-0023,2938,intertegularDistance,3.1
Euglossini,Euglossa laevicincta,M-0024,2942,intertegularDistance,3.3
Euglossini,Euglossa laevicincta,M-0101,3090,intertegularDistance,3.5
Euglossini,Euglossa laevicincta,M-1027,4462,intertegularDistance,3.6
Euglossini,Euglossa laevicincta,M-C-2250,4466,intertegularDistance,3.5
Euglossini,Euglossa laevicincta,B1162,4247,proboscisLength,17.7
Euglossini,Euglossa laevicincta,B1353,4283,proboscisLength,18.5
Euglossini,Euglossa laevicincta,B1354,4287,proboscisLength,19.7
Euglossini,Euglossa laevicincta,B1355,4291,proboscisLength,20
Euglossini,Euglossa laevicincta,B1356,4295,proboscisLength,19.5
Euglossini,Euglossa laevicincta,J-0097,6352,proboscisLength,21.93
Euglossini,Euglossa laevicincta,J-0100,6371,proboscisLength,22.85
Euglossini,Euglossa laevicincta,J-0101,6376,proboscisLength,21.55
Euglossini,Euglossa laevicincta,J-0104,6386,proboscisLength,22.97
Euglossini,Euglossa laevicincta,J-0124,6391,proboscisLength,22.75
Euglossini,Euglossa laevicincta,J-0125,6396,proboscisLength,24.98
Euglossini,Euglossa laevicincta,J-0126,6401,proboscisLength,22.27
Euglossini,Euglossa laevicincta,J-0229,6366,proboscisLength,23.94
Euglossini,Euglossa laevicincta,J-0232,6406,proboscisLength,22.53
Euglossini,Euglossa laevicincta,J-0233,6411,proboscisLength,21.73
Euglossini,Euglossa laevicincta,J-0234,6416,proboscisLength,21.2
Euglossini,Euglossa laevicincta,J-1166,6357,proboscisLength,21.73
Euglossini,Euglossa laevicincta,J-1178,6362,proboscisLength,22.67
Euglossini,Euglossa laevicincta,J-1382a,6421,proboscisLength,17.19
Euglossini,Euglossa laevicincta,J-1811,6381,proboscisLength,22.85
Euglossini,Euglossa laevicincta,M-0021,2931,proboscisLength,21.9
Euglossini,Euglossa laevicincta,M-0023,2939,proboscisLength,22
Euglossini,Euglossa laevicincta,M-0024,2943,proboscisLength,22.9
Euglossini,Euglossa laevicincta,M-0101,3091,proboscisLength,23.4
Euglossini,Euglossa laevicincta,M-1027,4463,proboscisLength,17.1
Euglossini,Euglossa laevicincta,M-C-2250,4467,proboscisLength,17.1
Euglossini,Euglossa laevicincta,B1162,160,wingLength,12.6
Euglossini,Euglossa laevicincta,B1162,4245,wingLength,9.6
Euglossini,Euglossa laevicincta,B1353,4281,wingLength,9.7
Euglossini,Euglossa laevicincta,B1354,4285,wingLength,10.2
Euglossini,Euglossa laevicincta,B1355,4289,wingLength,10
Euglossini,Euglossa laevicincta,B1356,4293,wingLength,10.3
Euglossini,Euglossa laevicincta,J-0097,6350,wingLength,9.87
Euglossini,Euglossa laevicincta,J-0100,6369,wingLength,10.32
Euglossini,Euglossa laevicincta,J-0101,6374,wingLength,10.1
Euglossini,Euglossa laevicincta,J-0104,6384,wingLength,9.75
Euglossini,Euglossa laevicincta,J-0124,6389,wingLength,10.63
Euglossini,Euglossa laevicincta,J-0125,6394,wingLength,10.54
Euglossini,Euglossa laevicincta,J-0126,6399,wingLength,10.32
Euglossini,Euglossa laevicincta,J-0229,6365,wingLength,11.06
Euglossini,Euglossa laevicincta,J-0232,6404,wingLength,9.95
Euglossini,Euglossa laevicincta,J-0233,6409,wingLength,9.56
Euglossini,Euglossa laevicincta,J-0234,6414,wingLength,9.15
Euglossini,Euglossa laevicincta,J-1029,5293,wingLength,9.83
Euglossini,Euglossa laevicincta,J-1166,6355,wingLength,9.95
Euglossini,Euglossa laevicincta,J-1178,6360,wingLength,9.92
Euglossini,Euglossa laevicincta,J-1382a,6419,wingLength,8.3
Euglossini,Euglossa laevicincta,J-1673,5257,wingLength,9.91
Euglossini,Euglossa laevicincta,J-1711,5269,wingLength,10.48
Euglossini,Euglossa laevicincta,J-1811,6379,wingLength,10.33
Euglossini,Euglossa laevicincta,M-0021,2929,wingLength,10.7
Euglossini,Euglossa laevicincta,M-0023,2937,wingLength,10.6
Euglossini,Euglossa laevicincta,M-0024,2941,wingLength,10.9
Euglossini,Euglossa laevicincta,M-0101,3089,wingLength,10.3
Euglossini,Euglossa laevicincta,M-1027,4461,wingLength,9.6
Euglossini,Euglossa laevicincta,M-C-2250,4465,wingLength,10.2
Euglossini,Euglossa laevicincta,J-0097,6351,wingWidth,2.82
Euglossini,Euglossa laevicincta,J-0100,6370,wingWidth,3.09
Euglossini,Euglossa laevicincta,J-0101,6375,wingWidth,3.02
Euglossini,Euglossa laevicincta,J-0104,6385,wingWidth,3.22
Euglossini,Euglossa laevicincta,J-0124,6390,wingWidth,3.31
Euglossini,Euglossa laevicincta,J-0125,6395,wingWidth,3.38
Euglossini,Euglossa laevicincta,J-0126,6400,wingWidth,3.18
Euglossini,Euglossa laevicincta,J-0232,6405,wingWidth,3
Euglossini,Euglossa laevicincta,J-0233,6410,wingWidth,3.14
Euglossini,Euglossa laevicincta,J-0234,6415,wingWidth,2.98
Euglossini,Euglossa laevicincta,J-0235,5446,wingWidth,3.09
Euglossini,Euglossa laevicincta,J-0236,5450,wingWidth,3.26
Euglossini,Euglossa laevicincta,J-1029,5294,wingWidth,2.95
Euglossini,Euglossa laevicincta,J-1166,6356,wingWidth,3.13
Euglossini,Euglossa laevicincta,J-1178,6361,wingWidth,3.34
Euglossini,Euglossa laevicincta,J-1382a,6420,wingWidth,2.67
Euglossini,Euglossa laevicincta,J-1673,5254,wingWidth,3.18
Euglossini,Euglossa laevicincta,J-1673,5258,wingWidth,2.91
Euglossini,Euglossa laevicincta,J-1711,5270,wingWidth,3.32
Euglossini,Euglossa laevicincta,J-1811,6380,wingWidth,3.31
Euglossini,Euglossa mixta,B1105,353,intertegularDistance,3.4
Euglossini,Euglossa mixta,B1106,357,intertegularDistance,3.4
Euglossini,Euglossa mixta,B1107,361,intertegularDistance,3.5
Euglossini,Euglossa mixta,B1108,365,intertegularDistance,3.1
Euglossini,Euglossa mixta,B1110,4374,intertegularDistance,3.2
Euglossini,Euglossa mixta,B1111,4378,intertegularDistance,3.3
Euglossini,Euglossa mixta,B1112,4382,intertegularDistance,3.3
Euglossini,Euglossa mixta,B1258,4386,intertegularDistance,3.4
Euglossini,Euglossa mixta,B1259,237,intertegularDistance,3.2
Euglossini,Euglossa mixta,B1259,4390,intertegularDistance,3.1
Euglossini,Euglossa mixta,B1260,241,intertegularDistance,3.5
Euglossini,Euglossa mixta,B1260,4394,intertegularDistance,3.3
Euglossini,Euglossa mixta,B1261,245,intertegularDistance,3.2
Euglossini,Euglossa mixta,J-0144,5465,intertegularDistance,3.04
Euglossini,Euglossa mixta,J-0516a,5356,intertegularDistance,3.13
Euglossini,Euglossa mixta,M-0040,2978,intertegularDistance,3.1
Euglossini,Euglossa mixta,M-0076,3030,intertegularDistance,3.2
Euglossini,Euglossa mixta,M-0403,3346,intertegularDistance,3.5
Euglossini,Euglossa mixta,M-0446,4370,intertegularDistance,3.3
Euglossini,Euglossa mixta,M-0754,3534,intertegularDistance,3.1
Euglossini,Euglossa mixta,B1105,351,proboscisLength,6.6
Euglossini,Euglossa mixta,B1106,355,proboscisLength,8.7
Euglossini,Euglossa mixta,B1107,359,proboscisLength,9.8
Euglossini,Euglossa mixta,B1108,363,proboscisLength,9.3
Euglossini,Euglossa mixta,B1110,4375,proboscisLength,6.4
Euglossini,Euglossa mixta,B1111,4379,proboscisLength,6.8
Euglossini,Euglossa mixta,B1112,4383,proboscisLength,5.4
Euglossini,Euglossa mixta,B1258,4387,proboscisLength,6.2
Euglossini,Euglossa mixta,B1259,235,proboscisLength,12.7
Euglossini,Euglossa mixta,B1259,4391,proboscisLength,6.3
Euglossini,Euglossa mixta,B1260,239,proboscisLength,9.9
Euglossini,Euglossa mixta,B1260,4395,proboscisLength,6
Euglossini,Euglossa mixta,B1261,243,proboscisLength,11
Euglossini,Euglossa mixta,M-0040,2979,proboscisLength,6.9
Euglossini,Euglossa mixta,M-0076,3031,proboscisLength,8.2
Euglossini,Euglossa mixta,M-0403,3347,proboscisLength,8.7
Euglossini,Euglossa mixta,M-0446,4371,proboscisLength,5.7
Euglossini,Euglossa mixta,M-0754,3535,proboscisLength,8.8
Euglossini,Euglossa mixta,B1105,352,wingLength,7.4
Euglossini,Euglossa mixta,B1106,356,wingLength,8.2
Euglossini,Euglossa mixta,B1107,360,wingLength,8.5
Euglossini,Euglossa mixta,B1108,364,wingLength,7.8
Euglossini,Euglossa mixta,B1110,4373,wingLength,8.2
Euglossini,Euglossa mixta,B1111,4377,wingLength,7.7
Euglossini,Euglossa mixta,B1112,4381,wingLength,8.5
Euglossini,Euglossa mixta,B1258,4385,wingLength,7.8
Euglossini,Euglossa mixta,B1259,236,wingLength,7.2
Euglossini,Euglossa mixta,B1259,4389,wingLength,8
Euglossini,Euglossa mixta,B1260,240,wingLength,7.5
Euglossini,Euglossa mixta,B1260,4393,wingLength,7.3
Euglossini,Euglossa mixta,B1261,244,wingLength,7.4
Euglossini,Euglossa mixta,J-0144,5466,wingLength,7.81
Euglossini,Euglossa mixta,J-0516a,5357,wingLength,8.09
Euglossini,Euglossa mixta,M-0040,2977,wingLength,8.1
Euglossini,Euglossa mixta,M-0076,3029,wingLength,8.2
Euglossini,Euglossa mixta,M-0403,3345,wingLength,8.9
Euglossini,Euglossa mixta,M-0446,4369,wingLength,7
Euglossini,Euglossa mixta,M-0754,3533,wingLength,8.6
Euglossini,Euglossa mixta,J-0128,5483,wingWidth,2.4
Euglossini,Euglossa mixta,J-0129,5487,wingWidth,2.54
Euglossini,Euglossa mixta,J-0130,5491,wingWidth,3.34
Euglossini,Euglossa mixta,J-0144,5467,wingWidth,2.55
Euglossini,Euglossa mixta,J-0145,5471,wingWidth,2.4
Euglossini,Euglossa mixta,J-0146,5475,wingWidth,2.67
Euglossini,Euglossa mixta,J-0251,5414,wingWidth,2.67
Euglossini,Euglossa mixta,J-0259,5422,wingWidth,2.42
Euglossini,Euglossa mixta,J-0260,5426,wingWidth,2.31
Euglossini,Euglossa mixta,J-0516a,5358,wingWidth,2.23
Euglossini,Euglossa nigropilosa,M-0756,3538,intertegularDistance,2.8
Euglossini,Euglossa nigropilosa,M-0756,3539,proboscisLength,12.7
Euglossini,Euglossa nigropilosa,M-0756,3537,wingLength,9.1
Euglossini,Euglossa nr asarophora,J-0419b,6004,intertegularDistance,3.58
Euglossini,Euglossa nr asarophora,M-0739,3974,intertegularDistance,3.9
Euglossini,Euglossa nr asarophora,J-0419b,6007,proboscisLength,30.75
Euglossini,Euglossa nr asarophora,M-0739,3975,proboscisLength,28.58
Euglossini,Euglossa nr asarophora,J-0419b,6005,wingLength,12.29
Euglossini,Euglossa nr asarophora,M-0739,3973,wingLength,11.73
Euglossini,Euglossa nr asarophora,J-0419b,6006,wingWidth,3.47
Euglossini,Euglossa nr crassipunctata,M-2094,4470,intertegularDistance,2.7
Euglossini,Euglossa nr crassipunctata,M-2094,4471,proboscisLength,5.8
Euglossini,Euglossa nr crassipunctata,M-2094,4469,wingLength,6.6
Euglossini,Euglossa nr gibossa,M-1270,4158,intertegularDistance,3.1
Euglossini,Euglossa nr gibossa,M-C-2212,4278,intertegularDistance,2.9
Euglossini,Euglossa nr gibossa,M-1270,4159,proboscisLength,7.9
Euglossini,Euglossa nr gibossa,M-C-2212,4279,proboscisLength,8.1
Euglossini,Euglossa nr gibossa,M-1270,4157,wingLength,7.2
Euglossini,Euglossa nr gibossa,M-C-2212,4277,wingLength,7.2
Euglossini,Euglossa retroviridis,B1109,4454,intertegularDistance,3.4
Euglossini,Euglossa retroviridis,B1109,149,intertegularDistance,3.7
Euglossini,Euglossa retroviridis,M-C-2037,4458,intertegularDistance,3.5
Euglossini,Euglossa retroviridis,B1109,4455,proboscisLength,4.8
Euglossini,Euglossa retroviridis,B1109,147,proboscisLength,11.1
Euglossini,Euglossa retroviridis,M-C-2037,4459,proboscisLength,6.5
Euglossini,Euglossa retroviridis,B1109,4453,wingLength,7.6
Euglossini,Euglossa retroviridis,B1109,148,wingLength,8.8
Euglossini,Euglossa retroviridis,M-C-2037,4457,wingLength,8.1
Euglossini,Euglossa stilbonata,M-0966,4474,intertegularDistance,3.4
Euglossini,Euglossa stilbonata,M-0966,4475,proboscisLength,14.6
Euglossini,Euglossa stilbonata,M-0966,4473,wingLength,8.3
Euglossini,Euglossa townsendi,B1117,169,intertegularDistance,3.3
Euglossini,Euglossa townsendi,J-0116,5565,intertegularDistance,2.67
Euglossini,Euglossa townsendi,J-0201,5969,intertegularDistance,2.55
Euglossini,Euglossa townsendi,J-0224,5432,intertegularDistance,2.62
Euglossini,Euglossa townsendi,J-0340,6049,intertegularDistance,2.56
Euglossini,Euglossa townsendi,J-0345,5944,intertegularDistance,2.8
Euglossini,Euglossa townsendi,J-0516b,5288,intertegularDistance,3.04
Euglossini,Euglossa townsendi,J-0805,6139,intertegularDistance,2.96
Euglossini,Euglossa townsendi,J-0832,5364,intertegularDistance,2.72
Euglossini,Euglossa townsendi,J-0857,6144,intertegularDistance,2.9
Euglossini,Euglossa townsendi,J-0945,6149,intertegularDistance,2.75
Euglossini,Euglossa townsendi,J-1095,6039,intertegularDistance,2.49
Euglossini,Euglossa townsendi,J-1133,6129,intertegularDistance,2.59
Euglossini,Euglossa townsendi,J-1172,5400,intertegularDistance,2.74
Euglossini,Euglossa townsendi,J-1900,5798,intertegularDistance,2.7
Euglossini,Euglossa townsendi,M-0421,4478,intertegularDistance,3.2
Euglossini,Euglossa townsendi,M-0956,3582,intertegularDistance,2.6
Euglossini,Euglossa townsendi,M-1246,4482,intertegularDistance,3.3
Euglossini,Euglossa townsendi,B1117,167,proboscisLength,8
Euglossini,Euglossa townsendi,J-0201,5972,proboscisLength,9.54
Euglossini,Euglossa townsendi,J-0340,6052,proboscisLength,9.72
Euglossini,Euglossa townsendi,J-0345,5947,proboscisLength,10.76
Euglossini,Euglossa townsendi,J-0805,6142,proboscisLength,8.54
Euglossini,Euglossa townsendi,J-0857,6147,proboscisLength,9.15
Euglossini,Euglossa townsendi,J-0945,6152,proboscisLength,9.15
Euglossini,Euglossa townsendi,J-1095,6042,proboscisLength,9.89
Euglossini,Euglossa townsendi,J-1133,6132,proboscisLength,8.29
Euglossini,Euglossa townsendi,M-0421,4479,proboscisLength,4.9
Euglossini,Euglossa townsendi,M-0956,3583,proboscisLength,8.8
Euglossini,Euglossa townsendi,M-1246,4483,proboscisLength,5.7
Euglossini,Euglossa townsendi,B1117,168,wingLength,8.2
Euglossini,Euglossa townsendi,J-0116,5566,wingLength,7.57
Euglossini,Euglossa townsendi,J-0201,5970,wingLength,7.77
Euglossini,Euglossa townsendi,J-0224,5433,wingLength,7.26
Euglossini,Euglossa townsendi,J-0340,6050,wingLength,7.96
Euglossini,Euglossa townsendi,J-0345,5945,wingLength,7.67
Euglossini,Euglossa townsendi,J-0516b,5289,wingLength,7.43
Euglossini,Euglossa townsendi,J-0805,6140,wingLength,7.72
Euglossini,Euglossa townsendi,J-0832,5365,wingLength,7.3
Euglossini,Euglossa townsendi,J-0857,6145,wingLength,8.15
Euglossini,Euglossa townsendi,J-0945,6150,wingLength,7.78
Euglossini,Euglossa townsendi,J-1095,6040,wingLength,7.51
Euglossini,Euglossa townsendi,J-1133,6130,wingLength,7.49
Euglossini,Euglossa townsendi,J-1172,5401,wingLength,7.53
Euglossini,Euglossa townsendi,J-1900,5799,wingLength,8.45
Euglossini,Euglossa townsendi,M-0421,4477,wingLength,7.4
Euglossini,Euglossa townsendi,M-0956,3581,wingLength,7.6
Euglossini,Euglossa townsendi,M-1246,4481,wingLength,7.4
Euglossini,Euglossa townsendi,J-0116,5567,wingWidth,2.33
Euglossini,Euglossa townsendi,J-0201,5971,wingWidth,2.3
Euglossini,Euglossa townsendi,J-0224,5434,wingWidth,2.1
Euglossini,Euglossa townsendi,J-0340,6051,wingWidth,2.57
Euglossini,Euglossa townsendi,J-0345,5946,wingWidth,2.32
Euglossini,Euglossa townsendi,J-0516b,5290,wingWidth,1.98
Euglossini,Euglossa townsendi,J-0805,6141,wingWidth,2.3
Euglossini,Euglossa townsendi,J-0832,5366,wingWidth,2.19
Euglossini,Euglossa townsendi,J-0857,6146,wingWidth,2.3
Euglossini,Euglossa townsendi,J-0945,6151,wingWidth,2.32
Euglossini,Euglossa townsendi,J-1095,6041,wingWidth,2.46
Euglossini,Euglossa townsendi,J-1133,6131,wingWidth,2.21
Euglossini,Euglossa townsendi,J-1172,5402,wingWidth,2.21
Euglossini,Euglossa townsendi,J-1900,5800,wingWidth,2.14
Euglossini,Euglossa tridentata,B1128,341,intertegularDistance,3.7
Euglossini,Euglossa tridentata,B1131,181,intertegularDistance,3.4
Euglossini,Euglossa tridentata,B1132,185,intertegularDistance,3.5
Euglossini,Euglossa tridentata,B1133,189,intertegularDistance,3.9
Euglossini,Euglossa tridentata,B1134,193,intertegularDistance,3.7
Euglossini,Euglossa tridentata,B1161,157,intertegularDistance,3.7
Euglossini,Euglossa tridentata,J-0598,5360,intertegularDistance,3.06
Euglossini,Euglossa tridentata,M-0046,3002,intertegularDistance,3.4
Euglossini,Euglossa tridentata,M-0047,3006,intertegularDistance,3.2
Euglossini,Euglossa tridentata,M-0048,3010,intertegularDistance,3.4
Euglossini,Euglossa tridentata,M-0086,3050,intertegularDistance,3
Euglossini,Euglossa tridentata,M-0087,3054,intertegularDistance,3.3
Euglossini,Euglossa tridentata,M-0088,3058,intertegularDistance,3.4
Euglossini,Euglossa tridentata,M-0090,3066,intertegularDistance,3
Euglossini,Euglossa tridentata,M-0100,3086,intertegularDistance,3.6
Euglossini,Euglossa tridentata,M-0109,3122,intertegularDistance,3.8
Euglossini,Euglossa tridentata,M-0133,3190,intertegularDistance,3.1
Euglossini,Euglossa tridentata,M-0134,3194,intertegularDistance,3.2
Euglossini,Euglossa tridentata,M-0138,3198,intertegularDistance,3.1
Euglossini,Euglossa tridentata,M-0252,3274,intertegularDistance,3.3
Euglossini,Euglossa tridentata,M-0281,3290,intertegularDistance,3.3
Euglossini,Euglossa tridentata,M-0283,3298,intertegularDistance,3.3
Euglossini,Euglossa tridentata,M-0284,3302,intertegularDistance,3.2
Euglossini,Euglossa tridentata,M-0285,3306,intertegularDistance,3.4
Euglossini,Euglossa tridentata,M-0301,3310,intertegularDistance,3.3
Euglossini,Euglossa tridentata,M-0309,3318,intertegularDistance,3.1
Euglossini,Euglossa tridentata,M-0371,3342,intertegularDistance,3
Euglossini,Euglossa tridentata,M-1037,3610,intertegularDistance,2.7
Euglossini,Euglossa tridentata,B1128,339,proboscisLength,10.1
Euglossini,Euglossa tridentata,B1131,179,proboscisLength,16.8
Euglossini,Euglossa tridentata,B1132,183,proboscisLength,15.8
Euglossini,Euglossa tridentata,B1133,187,proboscisLength,15.4
Euglossini,Euglossa tridentata,B1134,191,proboscisLength,11.6
Euglossini,Euglossa tridentata,B1161,155,proboscisLength,11
Euglossini,Euglossa tridentata,M-0046,3003,proboscisLength,11.1
Euglossini,Euglossa tridentata,M-0047,3007,proboscisLength,11.1
Euglossini,Euglossa tridentata,M-0048,3011,proboscisLength,10.2
Euglossini,Euglossa tridentata,M-0086,3051,proboscisLength,8.8
Euglossini,Euglossa tridentata,M-0087,3055,proboscisLength,8.3
Euglossini,Euglossa tridentata,M-0088,3059,proboscisLength,8.2
Euglossini,Euglossa tridentata,M-0090,3067,proboscisLength,11.2
Euglossini,Euglossa tridentata,M-0100,3087,proboscisLength,9.2
Euglossini,Euglossa tridentata,M-0109,3123,proboscisLength,10.1
Euglossini,Euglossa tridentata,M-0133,3191,proboscisLength,10.5
Euglossini,Euglossa tridentata,M-0134,3195,proboscisLength,10.3
Euglossini,Euglossa tridentata,M-0138,3199,proboscisLength,10.6
Euglossini,Euglossa tridentata,M-0252,3275,proboscisLength,10.5
Euglossini,Euglossa tridentata,M-0281,3291,proboscisLength,10.8
Euglossini,Euglossa tridentata,M-0283,3299,proboscisLength,9.5
Euglossini,Euglossa tridentata,M-0284,3303,proboscisLength,9.8
Euglossini,Euglossa tridentata,M-0285,3307,proboscisLength,10.3
Euglossini,Euglossa tridentata,M-0301,3311,proboscisLength,10.9
Euglossini,Euglossa tridentata,M-0309,3319,proboscisLength,10.6
Euglossini,Euglossa tridentata,M-0371,3343,proboscisLength,8.9
Euglossini,Euglossa tridentata,M-1037,3611,proboscisLength,15.1
Euglossini,Euglossa tridentata,B1128,340,wingLength,8.1
Euglossini,Euglossa tridentata,B1131,180,wingLength,8.4
Euglossini,Euglossa tridentata,B1132,184,wingLength,8.5
Euglossini,Euglossa tridentata,B1133,188,wingLength,8.1
Euglossini,Euglossa tridentata,B1134,192,wingLength,9.6
Euglossini,Euglossa tridentata,B1161,156,wingLength,9.2
Euglossini,Euglossa tridentata,J-0598,5361,wingLength,8.4
Euglossini,Euglossa tridentata,M-0046,3001,wingLength,8.8
Euglossini,Euglossa tridentata,M-0047,3005,wingLength,8.4
Euglossini,Euglossa tridentata,M-0048,3009,wingLength,8.2
Euglossini,Euglossa tridentata,M-0086,3049,wingLength,8.3
Euglossini,Euglossa tridentata,M-0087,3053,wingLength,8.3
Euglossini,Euglossa tridentata,M-0088,3057,wingLength,8.7
Euglossini,Euglossa tridentata,M-0090,3065,wingLength,8.2
Euglossini,Euglossa tridentata,M-0100,3085,wingLength,9
Euglossini,Euglossa tridentata,M-0109,3121,wingLength,8.8
Euglossini,Euglossa tridentata,M-0133,3189,wingLength,8.3
Euglossini,Euglossa tridentata,M-0134,3193,wingLength,8.5
Euglossini,Euglossa tridentata,M-0138,3197,wingLength,8.8
Euglossini,Euglossa tridentata,M-0252,3273,wingLength,9.3
Euglossini,Euglossa tridentata,M-0281,3289,wingLength,8.9
Euglossini,Euglossa tridentata,M-0283,3297,wingLength,8.8
Euglossini,Euglossa tridentata,M-0284,3301,wingLength,8.3
Euglossini,Euglossa tridentata,M-0285,3305,wingLength,8.5
Euglossini,Euglossa tridentata,M-0301,3309,wingLength,9.1
Euglossini,Euglossa tridentata,M-0309,3317,wingLength,8.7
Euglossini,Euglossa tridentata,M-0371,3341,wingLength,8.7
Euglossini,Euglossa tridentata,M-1037,3609,wingLength,9.2
Euglossini,Euglossa tridentata,J-0356,5222,wingWidth,2.47
Euglossini,Euglossa tridentata,J-0357,5226,wingWidth,2.69
Euglossini,Euglossa tridentata,J-0400,5230,wingWidth,2.6
Euglossini,Euglossa tridentata,J-0401,5234,wingWidth,2.65
Euglossini,Euglossa tridentata,J-0402,5238,wingWidth,2.41
Euglossini,Euglossa tridentata,J-0586,5214,wingWidth,2.91
Euglossini,Euglossa tridentata,J-0598,5362,wingWidth,2.55
Euglossini,Euglossa tridentata,J-0831,5274,wingWidth,2.93
Euglossini,Euglossa tridentata,J-0882,5246,wingWidth,2.86
Euglossini,Euglossa tridentata,J-1291,5242,wingWidth,2.67
Euglossini,Euglossa tridentata,J-1674,5262,wingWidth,2.75
Euglossini,Euglossa trinotata,B1301,4502,intertegularDistance,3.4
Euglossini,Euglossa trinotata,J-0605,5899,intertegularDistance,2.87
Euglossini,Euglossa trinotata,J-0605,6209,intertegularDistance,2.7
Euglossini,Euglossa trinotata,J-1196,5886,intertegularDistance,2.83
Euglossini,Euglossa trinotata,J-1204,5854,intertegularDistance,3.34
Euglossini,Euglossa trinotata,J-1205,5858,intertegularDistance,3.11
Euglossini,Euglossa trinotata,J-1206,5862,intertegularDistance,3.08
Euglossini,Euglossa trinotata,J-1207,5866,intertegularDistance,3.1
Euglossini,Euglossa trinotata,J-1220,5842,intertegularDistance,2.71
Euglossini,Euglossa trinotata,J-1221,5846,intertegularDistance,2.65
Euglossini,Euglossa trinotata,J-1227,5870,intertegularDistance,2.99
Euglossini,Euglossa trinotata,J-1228,5874,intertegularDistance,3.14
Euglossini,Euglossa trinotata,J-1229,5878,intertegularDistance,2.65
Euglossini,Euglossa trinotata,J-1230,5882,intertegularDistance,3.17
Euglossini,Euglossa trinotata,J-1247,6109,intertegularDistance,3.13
Euglossini,Euglossa trinotata,J-1248,6114,intertegularDistance,2.95
Euglossini,Euglossa trinotata,M-0967,4494,intertegularDistance,3.4
Euglossini,Euglossa trinotata,M-0968,4498,intertegularDistance,3.4
Euglossini,Euglossa trinotata,B1301,4503,proboscisLength,15.8
Euglossini,Euglossa trinotata,J-0605,6212,proboscisLength,20.28
Euglossini,Euglossa trinotata,J-1247,6112,proboscisLength,21.01
Euglossini,Euglossa trinotata,J-1248,6117,proboscisLength,19.98
Euglossini,Euglossa trinotata,M-0967,4495,proboscisLength,17.2
Euglossini,Euglossa trinotata,M-0968,4499,proboscisLength,15.5
Euglossini,Euglossa trinotata,B1301,4501,wingLength,8.7
Euglossini,Euglossa trinotata,J-0605,5900,wingLength,9.04
Euglossini,Euglossa trinotata,J-0605,6210,wingLength,9.2
Euglossini,Euglossa trinotata,J-1196,5887,wingLength,8.58
Euglossini,Euglossa trinotata,J-1204,5855,wingLength,9.59
Euglossini,Euglossa trinotata,J-1205,5859,wingLength,9.35
Euglossini,Euglossa trinotata,J-1206,5863,wingLength,9.29
Euglossini,Euglossa trinotata,J-1207,5867,wingLength,8.75
Euglossini,Euglossa trinotata,J-1220,5843,wingLength,9.36
Euglossini,Euglossa trinotata,J-1221,5847,wingLength,9.05
Euglossini,Euglossa trinotata,J-1227,5871,wingLength,9.41
Euglossini,Euglossa trinotata,J-1228,5875,wingLength,8.78
Euglossini,Euglossa trinotata,J-1229,5879,wingLength,9.12
Euglossini,Euglossa trinotata,J-1230,5883,wingLength,8.75
Euglossini,Euglossa trinotata,J-1247,6110,wingLength,9.64
Euglossini,Euglossa trinotata,M-0967,4493,wingLength,9
Euglossini,Euglossa trinotata,M-0968,4497,wingLength,8.7
Euglossini,Euglossa trinotata,J-0605,5901,wingWidth,2.7
Euglossini,Euglossa trinotata,J-0605,6211,wingWidth,2.5
Euglossini,Euglossa trinotata,J-1196,5888,wingWidth,2.56
Euglossini,Euglossa trinotata,J-1204,5856,wingWidth,2.92
Euglossini,Euglossa trinotata,J-1205,5860,wingWidth,2.88
Euglossini,Euglossa trinotata,J-1206,5864,wingWidth,2.86
Euglossini,Euglossa trinotata,J-1207,5868,wingWidth,2.85
Euglossini,Euglossa trinotata,J-1220,5844,wingWidth,2.67
Euglossini,Euglossa trinotata,J-1221,5848,wingWidth,2.85
Euglossini,Euglossa trinotata,J-1227,5872,wingWidth,2.68
Euglossini,Euglossa trinotata,J-1228,5876,wingWidth,2.86
Euglossini,Euglossa trinotata,J-1229,5880,wingWidth,2.69
Euglossini,Euglossa trinotata,J-1230,5884,wingWidth,2.69
Euglossini,Euglossa trinotata,J-1247,6111,wingWidth,2.69
Euglossini,Euglossa turbinifex,B1125,301,intertegularDistance,3.4
Euglossini,Euglossa turbinifex,B1126,305,intertegularDistance,3.5
Euglossini,Euglossa turbinifex,B1127,309,intertegularDistance,3.6
Euglossini,Euglossa turbinifex,B1327,385,intertegularDistance,3.2
Euglossini,Euglossa turbinifex,B1327,4506,intertegularDistance,3.1
Euglossini,Euglossa turbinifex,J-0283,6259,intertegularDistance,2.59
Euglossini,Euglossa turbinifex,J-0315,6084,intertegularDistance,2.73
Euglossini,Euglossa turbinifex,J-0367,6219,intertegularDistance,2.86
Euglossini,Euglossa turbinifex,J-0468,6089,intertegularDistance,3.15
Euglossini,Euglossa turbinifex,J-0532,5959,intertegularDistance,2.85
Euglossini,Euglossa turbinifex,J-0846,6264,intertegularDistance,2.7
Euglossini,Euglossa turbinifex,J-0923,5934,intertegularDistance,2.83
Euglossini,Euglossa turbinifex,J-1184,5826,intertegularDistance,2.85
Euglossini,Euglossa turbinifex,J-1240,6079,intertegularDistance,2.54
Euglossini,Euglossa turbinifex,J-1240,6224,intertegularDistance,2.97
Euglossini,Euglossa turbinifex,J-1382b,5710,intertegularDistance,2.75
Euglossini,Euglossa turbinifex,J-1614,5949,intertegularDistance,2.96
Euglossini,Euglossa turbinifex,M-0205,3234,intertegularDistance,2.6
Euglossini,Euglossa turbinifex,M-0319,3322,intertegularDistance,2.8
Euglossini,Euglossa turbinifex,M-0320,3326,intertegularDistance,2.6
Euglossini,Euglossa turbinifex,M-0518,3398,intertegularDistance,2.8
Euglossini,Euglossa turbinifex,M-1042,4238,intertegularDistance,3.2
Euglossini,Euglossa turbinifex,M-1575,4242,intertegularDistance,3
Euglossini,Euglossa turbinifex,M-C-2049,4274,intertegularDistance,2.9
Euglossini,Euglossa turbinifex,B1125,299,proboscisLength,18.2
Euglossini,Euglossa turbinifex,B1126,303,proboscisLength,18.2
Euglossini,Euglossa turbinifex,B1127,307,proboscisLength,20
Euglossini,Euglossa turbinifex,B1327,383,proboscisLength,17
Euglossini,Euglossa turbinifex,B1327,4507,proboscisLength,11.1
Euglossini,Euglossa turbinifex,J-0283,6262,proboscisLength,16.5
Euglossini,Euglossa turbinifex,J-0315,6087,proboscisLength,15.33
Euglossini,Euglossa turbinifex,J-0367,6222,proboscisLength,13.58
Euglossini,Euglossa turbinifex,J-0468,6092,proboscisLength,15.97
Euglossini,Euglossa turbinifex,J-0532,5962,proboscisLength,16.64
Euglossini,Euglossa turbinifex,J-0846,6267,proboscisLength,16.51
Euglossini,Euglossa turbinifex,J-0923,5937,proboscisLength,16.64
Euglossini,Euglossa turbinifex,J-1240,6082,proboscisLength,15.3
Euglossini,Euglossa turbinifex,J-1240,6227,proboscisLength,16.13
Euglossini,Euglossa turbinifex,J-1614,5952,proboscisLength,16.8
Euglossini,Euglossa turbinifex,M-0205,3235,proboscisLength,16.6
Euglossini,Euglossa turbinifex,M-0319,3323,proboscisLength,16.2
Euglossini,Euglossa turbinifex,M-0320,3327,proboscisLength,16.7
Euglossini,Euglossa turbinifex,M-0518,3399,proboscisLength,16.7
Euglossini,Euglossa turbinifex,M-1042,4239,proboscisLength,12.4
Euglossini,Euglossa turbinifex,M-1575,4243,proboscisLength,12.2
Euglossini,Euglossa turbinifex,M-C-2049,4275,proboscisLength,14.6
Euglossini,Euglossa turbinifex,B1125,300,wingLength,8.6
Euglossini,Euglossa turbinifex,B1126,304,wingLength,8.6
Euglossini,Euglossa turbinifex,B1127,308,wingLength,8.9
Euglossini,Euglossa turbinifex,B1327,384,wingLength,8.8
Euglossini,Euglossa turbinifex,B1327,4505,wingLength,8.5
Euglossini,Euglossa turbinifex,J-0283,6260,wingLength,8.22
Euglossini,Euglossa turbinifex,J-0315,6085,wingLength,9.06
Euglossini,Euglossa turbinifex,J-0367,6220,wingLength,8.59
Euglossini,Euglossa turbinifex,J-0468,6090,wingLength,8.98
Euglossini,Euglossa turbinifex,J-0532,5960,wingLength,9.12
Euglossini,Euglossa turbinifex,J-0846,6265,wingLength,8.79
Euglossini,Euglossa turbinifex,J-0923,5935,wingLength,9.06
Euglossini,Euglossa turbinifex,J-1184,5827,wingLength,9.14
Euglossini,Euglossa turbinifex,J-1240,6080,wingLength,9.13
Euglossini,Euglossa turbinifex,J-1240,6225,wingLength,9.29
Euglossini,Euglossa turbinifex,J-1382b,5711,wingLength,9.6
Euglossini,Euglossa turbinifex,J-1614,5950,wingLength,9.25
Euglossini,Euglossa turbinifex,M-0205,3233,wingLength,9
Euglossini,Euglossa turbinifex,M-0319,3321,wingLength,8.8
Euglossini,Euglossa turbinifex,M-0320,3325,wingLength,8.9
Euglossini,Euglossa turbinifex,M-0518,3397,wingLength,8.5
Euglossini,Euglossa turbinifex,M-1042,4237,wingLength,8.6
Euglossini,Euglossa turbinifex,M-1575,4241,wingLength,8
Euglossini,Euglossa turbinifex,M-C-2049,4273,wingLength,7.9
Euglossini,Euglossa turbinifex,J-0241,5631,wingWidth,2.71
Euglossini,Euglossa turbinifex,J-0243,5639,wingWidth,2.78
Euglossini,Euglossa turbinifex,J-0283,6261,wingWidth,2.82
Euglossini,Euglossa turbinifex,J-0315,6086,wingWidth,2.7
Euglossini,Euglossa turbinifex,J-0367,6221,wingWidth,2.7
Euglossini,Euglossa turbinifex,J-0468,6091,wingWidth,2.64
Euglossini,Euglossa turbinifex,J-0532,5961,wingWidth,2.76
Euglossini,Euglossa turbinifex,J-0846,6266,wingWidth,2.64
Euglossini,Euglossa turbinifex,J-0923,5936,wingWidth,2.75
Euglossini,Euglossa turbinifex,J-1184,5828,wingWidth,2.24
Euglossini,Euglossa turbinifex,J-1240,6081,wingWidth,2.64
Euglossini,Euglossa turbinifex,J-1240,6226,wingWidth,2.82
Euglossini,Euglossa turbinifex,J-1382b,5712,wingWidth,2.68
Euglossini,Euglossa turbinifex,J-1614,5951,wingWidth,2.74
Euglossini,Euglossa variabilis,J-0022,5513,intertegularDistance,2.67
Euglossini,Euglossa variabilis,J-0047,5549,intertegularDistance,2.92
Euglossini,Euglossa variabilis,J-0067,5505,intertegularDistance,3.1
Euglossini,Euglossa variabilis,J-0074,5666,intertegularDistance,3
Euglossini,Euglossa variabilis,J-0179,5974,intertegularDistance,2.92
Euglossini,Euglossa variabilis,J-0230,5436,intertegularDistance,3.11
Euglossini,Euglossa variabilis,J-0231,5440,intertegularDistance,3
Euglossini,Euglossa variabilis,J-0888,5954,intertegularDistance,3.03
Euglossini,Euglossa variabilis,J-0889,5929,intertegularDistance,2.7
Euglossini,Euglossa variabilis,J-1164,5645,intertegularDistance,2.98
Euglossini,Euglossa variabilis,J-1189,6059,intertegularDistance,2.95
Euglossini,Euglossa variabilis,J-1514,6064,intertegularDistance,2.7
Euglossini,Euglossa variabilis,J-1617,6094,intertegularDistance,2.96
Euglossini,Euglossa variabilis,M-0074,3022,intertegularDistance,3.5
Euglossini,Euglossa variabilis,M-0112,3134,intertegularDistance,2.9
Euglossini,Euglossa variabilis,M-0113,3138,intertegularDistance,3.1
Euglossini,Euglossa variabilis,M-1272,4198,intertegularDistance,3.2
Euglossini,Euglossa variabilis,J-0179,5977,proboscisLength,12.5
Euglossini,Euglossa variabilis,J-0888,5957,proboscisLength,13.8
Euglossini,Euglossa variabilis,J-0889,5932,proboscisLength,12.76
Euglossini,Euglossa variabilis,J-1189,6062,proboscisLength,9.27
Euglossini,Euglossa variabilis,J-1514,6067,proboscisLength,9.55
Euglossini,Euglossa variabilis,J-1617,6097,proboscisLength,11.83
Euglossini,Euglossa variabilis,M-0074,3023,proboscisLength,10.6
Euglossini,Euglossa variabilis,M-0112,3135,proboscisLength,9.4
Euglossini,Euglossa variabilis,M-0113,3139,proboscisLength,9.6
Euglossini,Euglossa variabilis,M-1272,4199,proboscisLength,7.6
Euglossini,Euglossa variabilis,J-0022,5514,wingLength,7.71
Euglossini,Euglossa variabilis,J-0047,5550,wingLength,7.75
Euglossini,Euglossa variabilis,J-0067,5506,wingLength,8.05
Euglossini,Euglossa variabilis,J-0074,5667,wingLength,7.59
Euglossini,Euglossa variabilis,J-0179,5975,wingLength,7.86
Euglossini,Euglossa variabilis,J-0230,5437,wingLength,7.86
Euglossini,Euglossa variabilis,J-0231,5441,wingLength,7.99
Euglossini,Euglossa variabilis,J-0888,5955,wingLength,8.44
Euglossini,Euglossa variabilis,J-0889,5930,wingLength,7.65
Euglossini,Euglossa variabilis,J-1164,5646,wingLength,7.57
Euglossini,Euglossa variabilis,J-1189,6060,wingLength,7.84
Euglossini,Euglossa variabilis,J-1514,6065,wingLength,8.32
Euglossini,Euglossa variabilis,J-1617,6095,wingLength,8
Euglossini,Euglossa variabilis,M-0074,3021,wingLength,9.1
Euglossini,Euglossa variabilis,M-0112,3133,wingLength,7.7
Euglossini,Euglossa variabilis,M-0113,3137,wingLength,7.9
Euglossini,Euglossa variabilis,M-1272,4197,wingLength,7.4
Euglossini,Euglossa variabilis,J-0022,5515,wingWidth,2.38
Euglossini,Euglossa variabilis,J-0047,5551,wingWidth,2.11
Euglossini,Euglossa variabilis,J-0067,5507,wingWidth,2.24
Euglossini,Euglossa variabilis,J-0074,5668,wingWidth,2.58
Euglossini,Euglossa variabilis,J-0179,5976,wingWidth,2.77
Euglossini,Euglossa variabilis,J-0230,5438,wingWidth,2.43
Euglossini,Euglossa variabilis,J-0231,5442,wingWidth,2.32
Euglossini,Euglossa variabilis,J-0888,5956,wingWidth,2.14
Euglossini,Euglossa variabilis,J-0889,5931,wingWidth,2.5
Euglossini,Euglossa variabilis,J-1164,5647,wingWidth,2.31
Euglossini,Euglossa variabilis,J-1189,6061,wingWidth,2.43
Euglossini,Euglossa variabilis,J-1514,6066,wingWidth,2.43
Euglossini,Euglossa variabilis,J-1617,6096,wingWidth,2.44
Euglossini,Euglossa villosiventris,J-0420,5916,intertegularDistance,3.06
Euglossini,Euglossa villosiventris,M-0626,4510,intertegularDistance,3.2
Euglossini,Euglossa villosiventris,M-0948,3574,intertegularDistance,3.4
Euglossini,Euglossa villosiventris,M-2404,4522,intertegularDistance,3.6
Euglossini,Euglossa villosiventris,M-2405,4518,intertegularDistance,3.4
Euglossini,Euglossa villosiventris,M-C-2254,4514,intertegularDistance,3.5
Euglossini,Euglossa villosiventris,M-0626,4511,proboscisLength,5.7
Euglossini,Euglossa villosiventris,M-0948,3575,proboscisLength,8.6
Euglossini,Euglossa villosiventris,M-2404,4523,proboscisLength,6.5
Euglossini,Euglossa villosiventris,M-2405,4519,proboscisLength,6.4
Euglossini,Euglossa villosiventris,M-C-2254,4515,proboscisLength,5.4
Euglossini,Euglossa villosiventris,J-0420,5917,wingLength,9.58
Euglossini,Euglossa villosiventris,M-0626,4509,wingLength,8.5
Euglossini,Euglossa villosiventris,M-0948,3573,wingLength,8.9
Euglossini,Euglossa villosiventris,M-2404,4521,wingLength,8.7
Euglossini,Euglossa villosiventris,M-2405,4517,wingLength,8.4
Euglossini,Euglossa villosiventris,M-C-2254,4513,wingLength,8.6
Euglossini,Euglossa villosiventris,J-0420,5918,wingWidth,2.72
Euglossini,Eulaema bombiformis,B1153,209,intertegularDistance,7.7
Euglossini,Eulaema bombiformis,B1154,213,intertegularDistance,7
Euglossini,Eulaema bombiformis,B1155,217,intertegularDistance,6.8
Euglossini,Eulaema bombiformis,B1156,221,intertegularDistance,6.9
Euglossini,Eulaema bombiformis,J-0252,6341,intertegularDistance,6.97
Euglossini,Eulaema bombiformis,J-0435,6333,intertegularDistance,6.79
Euglossini,Eulaema bombiformis,J-1154,6337,intertegularDistance,6.58
Euglossini,Eulaema bombiformis,J-1626,6345,intertegularDistance,6.44
Euglossini,Eulaema bombiformis,M-0001,2850,intertegularDistance,7
Euglossini,Eulaema bombiformis,M-0002,2854,intertegularDistance,7.6
Euglossini,Eulaema bombiformis,M-0082,3042,intertegularDistance,6.6
Euglossini,Eulaema bombiformis,M-0498,4526,intertegularDistance,7.1
Euglossini,Eulaema bombiformis,M-0644,3466,intertegularDistance,6.8
Euglossini,Eulaema bombiformis,M-0645,3470,intertegularDistance,7
Euglossini,Eulaema bombiformis,M-0986,4530,intertegularDistance,6.8
Euglossini,Eulaema bombiformis,M-0987,4534,intertegularDistance,6.9
Euglossini,Eulaema bombiformis,M-0988,4538,intertegularDistance,7
Euglossini,Eulaema bombiformis,M-0989,4542,intertegularDistance,7
Euglossini,Eulaema bombiformis,B1153,207,proboscisLength,33.9
Euglossini,Eulaema bombiformis,B1154,211,proboscisLength,32.8
Euglossini,Eulaema bombiformis,B1155,215,proboscisLength,32.3
Euglossini,Eulaema bombiformis,B1156,219,proboscisLength,28.7
Euglossini,Eulaema bombiformis,M-0001,2851,proboscisLength,24.7
Euglossini,Eulaema bombiformis,M-0002,2855,proboscisLength,22.3
Euglossini,Eulaema bombiformis,M-0082,3043,proboscisLength,22.5
Euglossini,Eulaema bombiformis,M-0498,4527,proboscisLength,14.9
Euglossini,Eulaema bombiformis,M-0644,3467,proboscisLength,22.8
Euglossini,Eulaema bombiformis,M-0645,3471,proboscisLength,22.9
Euglossini,Eulaema bombiformis,M-0986,4531,proboscisLength,16.5
Euglossini,Eulaema bombiformis,M-0987,4535,proboscisLength,15.3
Euglossini,Eulaema bombiformis,M-0988,4539,proboscisLength,17
Euglossini,Eulaema bombiformis,M-0989,4543,proboscisLength,16.1
Euglossini,Eulaema bombiformis,B1153,208,wingLength,24
Euglossini,Eulaema bombiformis,B1154,212,wingLength,22.4
Euglossini,Eulaema bombiformis,B1155,216,wingLength,22.5
Euglossini,Eulaema bombiformis,B1156,220,wingLength,22.8
Euglossini,Eulaema bombiformis,J-0252,6342,wingLength,23.92
Euglossini,Eulaema bombiformis,J-0435,6334,wingLength,23.54
Euglossini,Eulaema bombiformis,J-1154,6338,wingLength,23.3
Euglossini,Eulaema bombiformis,J-1626,6346,wingLength,23.01
Euglossini,Eulaema bombiformis,M-0001,2849,wingLength,22
Euglossini,Eulaema bombiformis,M-0002,2853,wingLength,24.3
Euglossini,Eulaema bombiformis,M-0082,3041,wingLength,21.3
Euglossini,Eulaema bombiformis,M-0498,4525,wingLength,21.7
Euglossini,Eulaema bombiformis,M-0644,3465,wingLength,22.1
Euglossini,Eulaema bombiformis,M-0645,3469,wingLength,23.1
Euglossini,Eulaema bombiformis,M-0986,4529,wingLength,21.1
Euglossini,Eulaema bombiformis,M-0987,4533,wingLength,21.4
Euglossini,Eulaema bombiformis,M-0988,4537,wingLength,20.7
Euglossini,Eulaema bombiformis,M-0989,4541,wingLength,21.7
Euglossini,Eulaema bombiformis,J-0252,6343,wingWidth,7.74
Euglossini,Eulaema bombiformis,J-0435,6335,wingWidth,7.92
Euglossini,Eulaema bombiformis,J-1154,6339,wingWidth,7.87
Euglossini,Eulaema bombiformis,J-1626,6347,wingWidth,7.24
Euglossini,Eulaema chocoana,M-0327,3330,intertegularDistance,5.8
Euglossini,Eulaema chocoana,M-0328,3334,intertegularDistance,5.3
Euglossini,Eulaema chocoana,M-0578,3434,intertegularDistance,5.6
Euglossini,Eulaema chocoana,M-0579,3438,intertegularDistance,6.1
Euglossini,Eulaema chocoana,M-0580,3442,intertegularDistance,6
Euglossini,Eulaema chocoana,M-0581,3446,intertegularDistance,6
Euglossini,Eulaema chocoana,M-0661,4546,intertegularDistance,6.1
Euglossini,Eulaema chocoana,M-0984,4550,intertegularDistance,6
Euglossini,Eulaema chocoana,M-1329,4554,intertegularDistance,6.2
Euglossini,Eulaema chocoana,M-1330,4558,intertegularDistance,6.2
Euglossini,Eulaema chocoana,M-0327,3331,proboscisLength,22.8
Euglossini,Eulaema chocoana,M-0328,3335,proboscisLength,21.5
Euglossini,Eulaema chocoana,M-0578,3435,proboscisLength,21.2
Euglossini,Eulaema chocoana,M-0579,3439,proboscisLength,22.4
Euglossini,Eulaema chocoana,M-0580,3443,proboscisLength,22.6
Euglossini,Eulaema chocoana,M-0581,3447,proboscisLength,21.9
Euglossini,Eulaema chocoana,M-0661,4547,proboscisLength,16.7
Euglossini,Eulaema chocoana,M-0984,4551,proboscisLength,15.1
Euglossini,Eulaema chocoana,M-1329,4555,proboscisLength,16.3
Euglossini,Eulaema chocoana,M-1330,4559,proboscisLength,16.4
Euglossini,Eulaema chocoana,M-0327,3329,wingLength,19.9
Euglossini,Eulaema chocoana,M-0328,3333,wingLength,19.9
Euglossini,Eulaema chocoana,M-0578,3433,wingLength,18.6
Euglossini,Eulaema chocoana,M-0579,3437,wingLength,20.6
Euglossini,Eulaema chocoana,M-0580,3441,wingLength,20.9
Euglossini,Eulaema chocoana,M-0581,3445,wingLength,20.2
Euglossini,Eulaema chocoana,M-0661,4545,wingLength,20.6
Euglossini,Eulaema chocoana,M-0984,4549,wingLength,19.4
Euglossini,Eulaema chocoana,M-1329,4553,wingLength,20.3
Euglossini,Eulaema chocoana,M-1330,4557,wingLength,19.9
Euglossini,Eulaema cingulata,B1092,133,intertegularDistance,6.1
Euglossini,Eulaema cingulata,B1093,137,intertegularDistance,5.7
Euglossini,Eulaema cingulata,B1094,141,intertegularDistance,6
Euglossini,Eulaema cingulata,B1157,337,intertegularDistance,5.3
Euglossini,Eulaema cingulata,B1158,249,intertegularDistance,4.7
Euglossini,Eulaema cingulata,J-0136,5533,intertegularDistance,5.02
Euglossini,Eulaema cingulata,M-0039,2974,intertegularDistance,5.1
Euglossini,Eulaema cingulata,M-0061,3018,intertegularDistance,5.1
Euglossini,Eulaema cingulata,M-0108,3118,intertegularDistance,5.7
Euglossini,Eulaema cingulata,M-0150,3218,intertegularDistance,5.5
Euglossini,Eulaema cingulata,M-0172,3222,intertegularDistance,5.2
Euglossini,Eulaema cingulata,M-0173,3226,intertegularDistance,5.5
Euglossini,Eulaema cingulata,M-0466,4562,intertegularDistance,5.2
Euglossini,Eulaema cingulata,M-0491,3366,intertegularDistance,4.7
Euglossini,Eulaema cingulata,M-0492,3370,intertegularDistance,5.1
Euglossini,Eulaema cingulata,M-0814,3550,intertegularDistance,4.6
Euglossini,Eulaema cingulata,B1092,131,proboscisLength,26.3
Euglossini,Eulaema cingulata,B1093,135,proboscisLength,22.7
Euglossini,Eulaema cingulata,B1094,139,proboscisLength,24.8
Euglossini,Eulaema cingulata,B1157,335,proboscisLength,19.1
Euglossini,Eulaema cingulata,B1158,247,proboscisLength,23.2
Euglossini,Eulaema cingulata,M-0039,2975,proboscisLength,18
Euglossini,Eulaema cingulata,M-0061,3019,proboscisLength,19.2
Euglossini,Eulaema cingulata,M-0108,3119,proboscisLength,18.2
Euglossini,Eulaema cingulata,M-0150,3219,proboscisLength,18.7
Euglossini,Eulaema cingulata,M-0172,3223,proboscisLength,19.1
Euglossini,Eulaema cingulata,M-0173,3227,proboscisLength,17.7
Euglossini,Eulaema cingulata,M-0466,4563,proboscisLength,12.9
Euglossini,Eulaema cingulata,M-0491,3367,proboscisLength,17
Euglossini,Eulaema cingulata,M-0492,3371,proboscisLength,18.3
Euglossini,Eulaema cingulata,M-0814,3551,proboscisLength,17.8
Euglossini,Eulaema cingulata,B1092,132,wingLength,16.8
Euglossini,Eulaema cingulata,B1093,136,wingLength,17.2
Euglossini,Eulaema cingulata,B1094,140,wingLength,16.3
Euglossini,Eulaema cingulata,B1157,336,wingLength,17.2
Euglossini,Eulaema cingulata,B1158,248,wingLength,16.8
Euglossini,Eulaema cingulata,J-0136,5534,wingLength,16.87
Euglossini,Eulaema cingulata,M-0039,2973,wingLength,16.9
Euglossini,Eulaema cingulata,M-0061,3017,wingLength,16.5
Euglossini,Eulaema cingulata,M-0108,3117,wingLength,16.8
Euglossini,Eulaema cingulata,M-0150,3217,wingLength,17
Euglossini,Eulaema cingulata,M-0172,3221,wingLength,16.1
Euglossini,Eulaema cingulata,M-0173,3225,wingLength,17.3
Euglossini,Eulaema cingulata,M-0466,4561,wingLength,16.7
Euglossini,Eulaema cingulata,M-0491,3365,wingLength,16
Euglossini,Eulaema cingulata,M-0492,3369,wingLength,15.7
Euglossini,Eulaema cingulata,M-0814,3549,wingLength,16.1
Euglossini,Eulaema cingulata,J-0136,5535,wingWidth,5.25
Euglossini,Eulaema cingulata,J-1427,5684,wingWidth,5.52
Euglossini,Eulaema cingulata,J-1428,5688,wingWidth,5.31
Euglossini,Eulaema cingulata,J-1909,5748,wingWidth,5.5
Euglossini,Eulaema cingulata,J-1910,5752,wingWidth,5.23
Euglossini,Eulaema cingulata,J-1911,5756,wingWidth,5.04
Euglossini,Eulaema cingulata,J-1912,5760,wingWidth,5.08
Euglossini,Eulaema cingulata,J-1913,5764,wingWidth,5.36
Euglossini,Eulaema cingulata,J-1914,5768,wingWidth,5.51
Euglossini,Eulaema cingulata,J-1915,5772,wingWidth,5.57
Euglossini,Eulaema flavescens,M-0796,3542,intertegularDistance,6
Euglossini,Eulaema flavescens,M-1152,4566,intertegularDistance,5.5
Euglossini,Eulaema flavescens,M-1693,4570,intertegularDistance,6
Euglossini,Eulaema flavescens,M-0796,3543,proboscisLength,23.1
Euglossini,Eulaema flavescens,M-1152,4567,proboscisLength,12.5
Euglossini,Eulaema flavescens,M-1693,4571,proboscisLength,13.4
Euglossini,Eulaema flavescens,M-0796,3541,wingLength,21.1
Euglossini,Eulaema flavescens,M-1152,4565,wingLength,18.8
Euglossini,Eulaema flavescens,M-1693,4569,wingLength,19
Euglossini,Eulaema leucopyga,M-0797,3546,intertegularDistance,5.9
Euglossini,Eulaema leucopyga,M-1454,3730,intertegularDistance,5.9
Euglossini,Eulaema leucopyga,M-0797,3547,proboscisLength,32.3
Euglossini,Eulaema leucopyga,M-1454,3731,proboscisLength,31.9
Euglossini,Eulaema leucopyga,M-0797,3545,wingLength,19.9
Euglossini,Eulaema leucopyga,M-1454,3729,wingLength,20.8
Euglossini,Eulaema meriana,B1095,125,intertegularDistance,7.2
Euglossini,Eulaema meriana,B1096,121,intertegularDistance,6.7
Euglossini,Eulaema meriana,B1097,129,intertegularDistance,7
Euglossini,Eulaema meriana,B1145,445,intertegularDistance,6.5
Euglossini,Eulaema meriana,B1146,449,intertegularDistance,6.2
Euglossini,Eulaema meriana,B1147,453,intertegularDistance,6.4
Euglossini,Eulaema meriana,B1148,425,intertegularDistance,5.9
Euglossini,Eulaema meriana,B1149,429,intertegularDistance,6
Euglossini,Eulaema meriana,B1150,433,intertegularDistance,5.9
Euglossini,Eulaema meriana,B1151,437,intertegularDistance,5.9
Euglossini,Eulaema meriana,B1152,441,intertegularDistance,5.5
Euglossini,Eulaema meriana,M-0003,2858,intertegularDistance,6.4
Euglossini,Eulaema meriana,M-0004,2862,intertegularDistance,6
Euglossini,Eulaema meriana,M-0005,2866,intertegularDistance,6.2
Euglossini,Eulaema meriana,M-0006,2870,intertegularDistance,5.8
Euglossini,Eulaema meriana,M-0007,2874,intertegularDistance,6.1
Euglossini,Eulaema meriana,M-0008,2878,intertegularDistance,6.7
Euglossini,Eulaema meriana,M-0009,2882,intertegularDistance,5.7
Euglossini,Eulaema meriana,M-0010,2886,intertegularDistance,6.5
Euglossini,Eulaema meriana,M-0011,2890,intertegularDistance,5.9
Euglossini,Eulaema meriana,M-0012,2894,intertegularDistance,5.8
Euglossini,Eulaema meriana,M-0013,2898,intertegularDistance,6.5
Euglossini,Eulaema meriana,M-0014,2902,intertegularDistance,6.3
Euglossini,Eulaema meriana,M-0083,3046,intertegularDistance,7.2
Euglossini,Eulaema meriana,M-0126,3170,intertegularDistance,5.9
Euglossini,Eulaema meriana,M-0149,3214,intertegularDistance,5.5
Euglossini,Eulaema meriana,M-0449,3354,intertegularDistance,6.3
Euglossini,Eulaema meriana,M-0574,3422,intertegularDistance,5.3
Euglossini,Eulaema meriana,M-0575,3426,intertegularDistance,6.1
Euglossini,Eulaema meriana,M-0576,3430,intertegularDistance,6
Euglossini,Eulaema meriana,M-0713,3498,intertegularDistance,5.9
Euglossini,Eulaema meriana,M-1432,3714,intertegularDistance,6
Euglossini,Eulaema meriana,M-1433,3718,intertegularDistance,6
Euglossini,Eulaema meriana,M-1434,3722,intertegularDistance,6.1
Euglossini,Eulaema meriana,M-1445,3726,intertegularDistance,6.3
Euglossini,Eulaema meriana,M-2079,3954,intertegularDistance,6.1
Euglossini,Eulaema meriana,B1095,123,proboscisLength,24
Euglossini,Eulaema meriana,B1096,119,proboscisLength,21
Euglossini,Eulaema meriana,B1097,127,proboscisLength,21.2
Euglossini,Eulaema meriana,B1145,443,proboscisLength,23.4
Euglossini,Eulaema meriana,B1146,447,proboscisLength,23.9
Euglossini,Eulaema meriana,B1147,451,proboscisLength,23.3
Euglossini,Eulaema meriana,B1148,423,proboscisLength,25.3
Euglossini,Eulaema meriana,B1149,427,proboscisLength,24.6
Euglossini,Eulaema meriana,B1150,431,proboscisLength,24.3
Euglossini,Eulaema meriana,B1151,435,proboscisLength,22.2
Euglossini,Eulaema meriana,B1152,439,proboscisLength,21.5
Euglossini,Eulaema meriana,M-0003,2859,proboscisLength,27.6
Euglossini,Eulaema meriana,M-0004,2863,proboscisLength,22.2
Euglossini,Eulaema meriana,M-0005,2867,proboscisLength,21.8
Euglossini,Eulaema meriana,M-0006,2871,proboscisLength,21.5
Euglossini,Eulaema meriana,M-0007,2875,proboscisLength,22.3
Euglossini,Eulaema meriana,M-0008,2879,proboscisLength,22.1
Euglossini,Eulaema meriana,M-0009,2883,proboscisLength,21.7
Euglossini,Eulaema meriana,M-0010,2887,proboscisLength,22.5
Euglossini,Eulaema meriana,M-0011,2891,proboscisLength,22.3
Euglossini,Eulaema meriana,M-0012,2895,proboscisLength,21
Euglossini,Eulaema meriana,M-0013,2899,proboscisLength,22.6
Euglossini,Eulaema meriana,M-0014,2903,proboscisLength,22.7
Euglossini,Eulaema meriana,M-0083,3047,proboscisLength,23.9
Euglossini,Eulaema meriana,M-0126,3171,proboscisLength,21
Euglossini,Eulaema meriana,M-0149,3215,proboscisLength,20.7
Euglossini,Eulaema meriana,M-0449,3355,proboscisLength,22.5
Euglossini,Eulaema meriana,M-0574,3423,proboscisLength,20.5
Euglossini,Eulaema meriana,M-0575,3427,proboscisLength,21.8
Euglossini,Eulaema meriana,M-0576,3431,proboscisLength,22.2
Euglossini,Eulaema meriana,M-0713,3499,proboscisLength,22.2
Euglossini,Eulaema meriana,M-1432,3715,proboscisLength,19.9
Euglossini,Eulaema meriana,M-1433,3719,proboscisLength,22.1
Euglossini,Eulaema meriana,M-1434,3723,proboscisLength,22.4
Euglossini,Eulaema meriana,M-1445,3727,proboscisLength,23.1
Euglossini,Eulaema meriana,M-2079,3955,proboscisLength,22.6
Euglossini,Eulaema meriana,B1095,124,wingLength,21
Euglossini,Eulaema meriana,B1096,120,wingLength,21
Euglossini,Eulaema meriana,B1097,128,wingLength,20
Euglossini,Eulaema meriana,B1145,444,wingLength,21.1
Euglossini,Eulaema meriana,B1146,448,wingLength,21
Euglossini,Eulaema meriana,B1147,452,wingLength,21.3
Euglossini,Eulaema meriana,B1148,424,wingLength,19.4
Euglossini,Eulaema meriana,B1149,428,wingLength,21.5
Euglossini,Eulaema meriana,B1150,432,wingLength,21.7
Euglossini,Eulaema meriana,B1151,436,wingLength,21.4
Euglossini,Eulaema meriana,B1152,440,wingLength,19.3
Euglossini,Eulaema meriana,M-0003,2857,wingLength,20.1
Euglossini,Eulaema meriana,M-0004,2861,wingLength,22.3
Euglossini,Eulaema meriana,M-0005,2865,wingLength,21.8
Euglossini,Eulaema meriana,M-0006,2869,wingLength,21.8
Euglossini,Eulaema meriana,M-0007,2873,wingLength,22.1
Euglossini,Eulaema meriana,M-0008,2877,wingLength,22.2
Euglossini,Eulaema meriana,M-0009,2881,wingLength,22.3
Euglossini,Eulaema meriana,M-0010,2885,wingLength,22.8
Euglossini,Eulaema meriana,M-0011,2889,wingLength,21.1
Euglossini,Eulaema meriana,M-0012,2893,wingLength,21.7
Euglossini,Eulaema meriana,M-0013,2897,wingLength,21.6
Euglossini,Eulaema meriana,M-0014,2901,wingLength,21
Euglossini,Eulaema meriana,M-0083,3045,wingLength,23.3
Euglossini,Eulaema meriana,M-0126,3169,wingLength,19.4
Euglossini,Eulaema meriana,M-0149,3213,wingLength,19.4
Euglossini,Eulaema meriana,M-0449,3353,wingLength,20.7
Euglossini,Eulaema meriana,M-0574,3421,wingLength,19.8
Euglossini,Eulaema meriana,M-0575,3425,wingLength,20.9
Euglossini,Eulaema meriana,M-0576,3429,wingLength,21
Euglossini,Eulaema meriana,M-0713,3497,wingLength,22
Euglossini,Eulaema meriana,M-1432,3713,wingLength,19.4
Euglossini,Eulaema meriana,M-1433,3717,wingLength,21.4
Euglossini,Eulaema meriana,M-1434,3721,wingLength,20.2
Euglossini,Eulaema meriana,M-1445,3725,wingLength,21.1
Euglossini,Eulaema meriana,M-2079,3953,wingLength,21.7
Euglossini,Eulaema meriana,J-0135,5527,wingWidth,6.79
Euglossini,Eulaema meriana,J-0139,5531,wingWidth,6.9
Euglossini,Eulaema meriana,J-0208,5418,wingWidth,6.99
Euglossini,Eulaema meriana,J-0331,5342,wingWidth,6.83
Euglossini,Eulaema meriana,J-0332,5338,wingWidth,6.65
Euglossini,Eulaema meriana,J-0333,5346,wingWidth,6.69
Euglossini,Eulaema meriana,J-0989,5334,wingWidth,6.55
Euglossini,Eulaema meriana,J-1028,5298,wingWidth,6.74
Euglossini,Eulaema meriana,J-1307,5314,wingWidth,6.16
Euglossini,Eulaema meriana,J-1308,5318,wingWidth,6.51
Euglossini,Eulaema meriana,J-1309,5322,wingWidth,6.74
Euglossini,Eulaema sororia,J-0416,5999,intertegularDistance,6.04
Euglossini,Eulaema sororia,J-0416,6002,proboscisLength,31.91
Euglossini,Eulaema sororia,J-0416,6000,wingLength,21.11
Euglossini,Eulaema sororia,J-0416,6001,wingWidth,6.93
Euglossini,Exaerete smaragdina,M-0038,2970,intertegularDistance,4.6
Euglossini,Exaerete smaragdina,M-0081,3038,intertegularDistance,4.6
Euglossini,Exaerete smaragdina,M-0189,3230,intertegularDistance,4.4
Euglossini,Exaerete smaragdina,M-0206,3238,intertegularDistance,4.4
Euglossini,Exaerete smaragdina,M-0234,3242,intertegularDistance,4.5
Euglossini,Exaerete smaragdina,M-0235,3246,intertegularDistance,4.3
Euglossini,Exaerete smaragdina,M-0236,3250,intertegularDistance,4.3
Euglossini,Exaerete smaragdina,M-0237,3254,intertegularDistance,4.1
Euglossini,Exaerete smaragdina,M-0238,3258,intertegularDistance,4.5
Euglossini,Exaerete smaragdina,M-0239,3262,intertegularDistance,4.1
Euglossini,Exaerete smaragdina,M-0240,3266,intertegularDistance,4.1
Euglossini,Exaerete smaragdina,M-0241,3270,intertegularDistance,4.6
Euglossini,Exaerete smaragdina,M-0358,3338,intertegularDistance,4.6
Euglossini,Exaerete smaragdina,M-0434,3350,intertegularDistance,3.7
Euglossini,Exaerete smaragdina,M-0450,3358,intertegularDistance,4.5
Euglossini,Exaerete smaragdina,M-0451,3362,intertegularDistance,4.5
Euglossini,Exaerete smaragdina,M-0499,3378,intertegularDistance,4.1
Euglossini,Exaerete smaragdina,M-0500,3382,intertegularDistance,3.9
Euglossini,Exaerete smaragdina,M-0501,3386,intertegularDistance,4.2
Euglossini,Exaerete smaragdina,M-0646,3474,intertegularDistance,4.3
Euglossini,Exaerete smaragdina,M-0647,3478,intertegularDistance,4.5
Euglossini,Exaerete smaragdina,M-0684,3482,intertegularDistance,4.3
Euglossini,Exaerete smaragdina,M-0685,3486,intertegularDistance,4.2
Euglossini,Exaerete smaragdina,M-0686,3490,intertegularDistance,4.4
Euglossini,Exaerete smaragdina,M-0981,3602,intertegularDistance,4.6
Euglossini,Exaerete smaragdina,M-1155,3638,intertegularDistance,4.4
Euglossini,Exaerete smaragdina,M-1295,3658,intertegularDistance,4.7
Euglossini,Exaerete smaragdina,M-1297,3662,intertegularDistance,4.5
Euglossini,Exaerete smaragdina,M-1426,3690,intertegularDistance,4
Euglossini,Exaerete smaragdina,M-1427,3694,intertegularDistance,4.6
Euglossini,Exaerete smaragdina,M-1428,3698,intertegularDistance,4.3
Euglossini,Exaerete smaragdina,M-1429,3702,intertegularDistance,4.6
Euglossini,Exaerete smaragdina,M-1430,3706,intertegularDistance,4.4
Euglossini,Exaerete smaragdina,M-1431,3710,intertegularDistance,4.3
Euglossini,Exaerete smaragdina,M-1461,3734,intertegularDistance,4.5
Euglossini,Exaerete smaragdina,M-1879,3922,intertegularDistance,4.4
Euglossini,Exaerete smaragdina,M-0038,2971,proboscisLength,20.3
Euglossini,Exaerete smaragdina,M-0081,3039,proboscisLength,20.3
Euglossini,Exaerete smaragdina,M-0189,3231,proboscisLength,20.7
Euglossini,Exaerete smaragdina,M-0206,3239,proboscisLength,18.6
Euglossini,Exaerete smaragdina,M-0234,3243,proboscisLength,19.9
Euglossini,Exaerete smaragdina,M-0235,3247,proboscisLength,20
Euglossini,Exaerete smaragdina,M-0236,3251,proboscisLength,20
Euglossini,Exaerete smaragdina,M-0237,3255,proboscisLength,19.4
Euglossini,Exaerete smaragdina,M-0238,3259,proboscisLength,20.3
Euglossini,Exaerete smaragdina,M-0239,3263,proboscisLength,19.5
Euglossini,Exaerete smaragdina,M-0240,3267,proboscisLength,19
Euglossini,Exaerete smaragdina,M-0241,3271,proboscisLength,21.1
Euglossini,Exaerete smaragdina,M-0358,3339,proboscisLength,19.9
Euglossini,Exaerete smaragdina,M-0434,3351,proboscisLength,19.2
Euglossini,Exaerete smaragdina,M-0450,3359,proboscisLength,21.4
Euglossini,Exaerete smaragdina,M-0451,3363,proboscisLength,20.7
Euglossini,Exaerete smaragdina,M-0499,3379,proboscisLength,18.5
Euglossini,Exaerete smaragdina,M-0500,3383,proboscisLength,18.7
Euglossini,Exaerete smaragdina,M-0501,3387,proboscisLength,18.7
Euglossini,Exaerete smaragdina,M-0646,3475,proboscisLength,20.2
Euglossini,Exaerete smaragdina,M-0647,3479,proboscisLength,21.3
Euglossini,Exaerete smaragdina,M-0684,3483,proboscisLength,19.8
Euglossini,Exaerete smaragdina,M-0685,3487,proboscisLength,19.9
Euglossini,Exaerete smaragdina,M-0686,3491,proboscisLength,19.8
Euglossini,Exaerete smaragdina,M-0981,3603,proboscisLength,18.2
Euglossini,Exaerete smaragdina,M-1155,3639,proboscisLength,20.7
Euglossini,Exaerete smaragdina,M-1295,3659,proboscisLength,21.2
Euglossini,Exaerete smaragdina,M-1297,3663,proboscisLength,18.9
Euglossini,Exaerete smaragdina,M-1426,3691,proboscisLength,19.2
Euglossini,Exaerete smaragdina,M-1427,3695,proboscisLength,21.5
Euglossini,Exaerete smaragdina,M-1428,3699,proboscisLength,20
Euglossini,Exaerete smaragdina,M-1429,3703,proboscisLength,20.2
Euglossini,Exaerete smaragdina,M-1430,3707,proboscisLength,20.7
Euglossini,Exaerete smaragdina,M-1431,3711,proboscisLength,20.6
Euglossini,Exaerete smaragdina,M-1461,3735,proboscisLength,19.6
Euglossini,Exaerete smaragdina,M-1879,3923,proboscisLength,19.8
Euglossini,Exaerete smaragdina,M-0038,2969,wingLength,18.8
Euglossini,Exaerete smaragdina,M-0081,3037,wingLength,17.5
Euglossini,Exaerete smaragdina,M-0189,3229,wingLength,17.7
Euglossini,Exaerete smaragdina,M-0206,3237,wingLength,16.2
Euglossini,Exaerete smaragdina,M-0234,3241,wingLength,16.6
Euglossini,Exaerete smaragdina,M-0235,3245,wingLength,17
Euglossini,Exaerete smaragdina,M-0236,3249,wingLength,17.4
Euglossini,Exaerete smaragdina,M-0237,3253,wingLength,17.2
Euglossini,Exaerete smaragdina,M-0238,3257,wingLength,17.3
Euglossini,Exaerete smaragdina,M-0239,3261,wingLength,17.4
Euglossini,Exaerete smaragdina,M-0240,3265,wingLength,16.2
Euglossini,Exaerete smaragdina,M-0241,3269,wingLength,17
Euglossini,Exaerete smaragdina,M-0358,3337,wingLength,17.1
Euglossini,Exaerete smaragdina,M-0434,3349,wingLength,15.8
Euglossini,Exaerete smaragdina,M-0450,3357,wingLength,17.7
Euglossini,Exaerete smaragdina,M-0451,3361,wingLength,17.9
Euglossini,Exaerete smaragdina,M-0499,3377,wingLength,16.8
Euglossini,Exaerete smaragdina,M-0500,3381,wingLength,15.8
Euglossini,Exaerete smaragdina,M-0501,3385,wingLength,17.1
Euglossini,Exaerete smaragdina,M-0646,3473,wingLength,16.6
Euglossini,Exaerete smaragdina,M-0647,3477,wingLength,18.6
Euglossini,Exaerete smaragdina,M-0684,3481,wingLength,16.9
Euglossini,Exaerete smaragdina,M-0685,3485,wingLength,16.7
Euglossini,Exaerete smaragdina,M-0686,3489,wingLength,17.1
Euglossini,Exaerete smaragdina,M-0981,3601,wingLength,16.8
Euglossini,Exaerete smaragdina,M-1155,3637,wingLength,17.2
Euglossini,Exaerete smaragdina,M-1295,3657,wingLength,18.2
Euglossini,Exaerete smaragdina,M-1297,3661,wingLength,16.9
Euglossini,Exaerete smaragdina,M-1426,3689,wingLength,16.5
Euglossini,Exaerete smaragdina,M-1427,3693,wingLength,18.8
Euglossini,Exaerete smaragdina,M-1428,3697,wingLength,17.1
Euglossini,Exaerete smaragdina,M-1429,3701,wingLength,17.5
Euglossini,Exaerete smaragdina,M-1430,3705,wingLength,17.9
Euglossini,Exaerete smaragdina,M-1431,3709,wingLength,17.2
Euglossini,Exaerete smaragdina,M-1461,3733,wingLength,16.3
Euglossini,Exaerete smaragdina,M-1879,3921,wingLength,17
Euglossini,Exaerete smaragdina,J-0132,5595,wingWidth,5.39
Euglossini,Exaerete smaragdina,J-0133,5539,wingWidth,5.69
Euglossini,Exaerete smaragdina,J-0134,5479,wingWidth,5.37
Euglossini,Exaerete smaragdina,J-0255,5406,wingWidth,5.75
Euglossini,Exaerete smaragdina,J-0256,5410,wingWidth,5.27
Euglossini,Exaerete smaragdina,J-1424,5692,wingWidth,5.42
Euglossini,Exaerete smaragdina,J-1888,5776,wingWidth,5.32
Euglossini,Exaerete smaragdina,J-1889,5780,wingWidth,5.7
Euglossini,Exaerete smaragdina,J-1890,5784,wingWidth,5.01
Euglossini,Exaerete smaragdina,J-1891,5788,wingWidth,5.66
Halictidae,Hylaeus sp,K-0925,4731,intertegularDistance,1.02
Halictidae,Hylaeus sp,K-0925,4729,wingLength,3.73
Halictidae,Hylaeus sp,K-0925,4730,wingWidth,1.33
Megachilidae,Hypanthidioides sp,B1403,4630,intertegularDistance,1.75
Megachilidae,Hypanthidioides sp,B1403,4631,proboscisLength,5.09
Megachilidae,Hypanthidioides sp,B1403,4628,wingLength,4.97
Megachilidae,Hypanthidioides sp,B1403,4629,wingWidth,1.58
Megachilidae,Megachile cf amparo,B9736,4595,intertegularDistance,3.84
Megachilidae,Megachile cf amparo,B9736,4596,proboscisLength,5.74
Megachilidae,Megachile cf amparo,B9736,4593,wingLength,8.93
Megachilidae,Megachile cf amparo,B9736,4594,wingWidth,2.79
Megachilidae,Megachile sp1,K-0631,4706,intertegularDistance,2.92
Megachilidae,Megachile sp1,K-0631,4707,proboscisLength,5.26
Megachilidae,Megachile sp1,K-0631,4704,wingLength,7.59
Megachilidae,Megachile sp1,K-0631,4705,wingWidth,2.8
Megachilidae,Megachile sp2,K-1697,4711,intertegularDistance,2.99
Megachilidae,Megachile sp2,K-1697,4712,proboscisLength,4.13
Megachilidae,Megachile sp2,K-1697,4709,wingLength,7.21
Megachilidae,Megachile sp2,K-1697,4710,wingWidth,2.39
Halictidae (Megalopta),Megalopta amoena,B0036,4978,intertegularDistance,2.31
Halictidae (Megalopta),Megalopta amoena,B0037,4983,intertegularDistance,2.3
Halictidae (Megalopta),Megalopta amoena,B0038,4988,intertegularDistance,2.38
Halictidae (Megalopta),Megalopta amoena,B0542,4675,intertegularDistance,2.48
Halictidae (Megalopta),Megalopta amoena,B0543,4680,intertegularDistance,2.38
Halictidae (Megalopta),Megalopta amoena,B9914,4685,intertegularDistance,1.86
Halictidae (Megalopta),Megalopta amoena,B0036,4979,proboscisLength,5.3
Halictidae (Megalopta),Megalopta amoena,B0037,4984,proboscisLength,4.32
Halictidae (Megalopta),Megalopta amoena,B0038,4989,proboscisLength,6.89
Halictidae (Megalopta),Megalopta amoena,B0542,4676,proboscisLength,7.42
Halictidae (Megalopta),Megalopta amoena,B0543,4681,proboscisLength,8.79
Halictidae (Megalopta),Megalopta amoena,B9914,4686,proboscisLength,4.71
Halictidae (Megalopta),Megalopta amoena,B0036,4981,wingLength,8.92
Halictidae (Megalopta),Megalopta amoena,B0037,4986,wingLength,8.14
Halictidae (Megalopta),Megalopta amoena,B0038,4991,wingLength,8.59
Halictidae (Megalopta),Megalopta amoena,B0542,4673,wingLength,9.13
Halictidae (Megalopta),Megalopta amoena,B0543,4678,wingLength,8.81
Halictidae (Megalopta),Megalopta amoena,B9914,4683,wingLength,7.1
Halictidae (Megalopta),Megalopta amoena,B0036,4982,wingWidth,2.96
Halictidae (Megalopta),Megalopta amoena,B0037,4987,wingWidth,2.82
Halictidae (Megalopta),Megalopta amoena,B0038,4992,wingWidth,2.8
Halictidae (Megalopta),Megalopta amoena,B0542,4674,wingWidth,2.97
Halictidae (Megalopta),Megalopta amoena,B0543,4679,wingWidth,3.01
Halictidae (Megalopta),Megalopta amoena,B9914,4684,wingWidth,2.49
Halictidae (Megalopta),Megalopta genalis gr,A-0573,4670,intertegularDistance,2.24
Halictidae (Megalopta),Megalopta genalis gr,B0001,5003,intertegularDistance,2.68
Halictidae (Megalopta),Megalopta genalis gr,B0138,5008,intertegularDistance,2.73
Halictidae (Megalopta),Megalopta genalis gr,B0145,5048,intertegularDistance,2.84
Halictidae (Megalopta),Megalopta genalis gr,B0164,5033,intertegularDistance,2.95
Halictidae (Megalopta),Megalopta genalis gr,B0170,5013,intertegularDistance,3.04
Halictidae (Megalopta),Megalopta genalis gr,B0171,5018,intertegularDistance,2.9
Halictidae (Megalopta),Megalopta genalis gr,B0245,5043,intertegularDistance,2.22
Halictidae (Megalopta),Megalopta genalis gr,B0248,5053,intertegularDistance,2.45
Halictidae (Megalopta),Megalopta genalis gr,B0279,5038,intertegularDistance,3.19
Halictidae (Megalopta),Megalopta genalis gr,B0472,5023,intertegularDistance,2.99
Halictidae (Megalopta),Megalopta genalis gr,B0629,4650,intertegularDistance,3.02
Halictidae (Megalopta),Megalopta genalis gr,B0640,5063,intertegularDistance,2.72
Halictidae (Megalopta),Megalopta genalis gr,B0743,5028,intertegularDistance,2.93
Halictidae (Megalopta),Megalopta genalis gr,B0926,4690,intertegularDistance,2.98
Halictidae (Megalopta),Megalopta genalis gr,B0927,4645,intertegularDistance,3.47
Halictidae (Megalopta),Megalopta genalis gr,B0928,4640,intertegularDistance,3.29
Halictidae (Megalopta),Megalopta genalis gr,B0929,4695,intertegularDistance,3.29
Halictidae (Megalopta),Megalopta genalis gr,B0932,5058,intertegularDistance,3.01
Halictidae (Megalopta),Megalopta genalis gr,B0964,4993,intertegularDistance,2.49
Halictidae (Megalopta),Megalopta genalis gr,B0965,4998,intertegularDistance,2.45
Halictidae (Megalopta),Megalopta genalis gr,B10015,5068,intertegularDistance,2.49
Halictidae (Megalopta),Megalopta genalis gr,B10016,5073,intertegularDistance,2.51
Halictidae (Megalopta),Megalopta genalis gr,B10017,5078,intertegularDistance,2.36
Halictidae (Megalopta),Megalopta genalis gr,B10018,5083,intertegularDistance,2.54
Halictidae (Megalopta),Megalopta genalis gr,B10019,5088,intertegularDistance,2.62
Halictidae (Megalopta),Megalopta genalis gr,B9901,4655,intertegularDistance,2.63
Halictidae (Megalopta),Megalopta genalis gr,B9902,4660,intertegularDistance,2.54
Halictidae (Megalopta),Megalopta genalis gr,B9903,4665,intertegularDistance,2.46
Halictidae (Megalopta),Megalopta genalis gr,A-0573,4671,proboscisLength,9.38
Halictidae (Megalopta),Megalopta genalis gr,B0001,5004,proboscisLength,5.25
Halictidae (Megalopta),Megalopta genalis gr,B0138,5009,proboscisLength,5.99
Halictidae (Megalopta),Megalopta genalis gr,B0145,5049,proboscisLength,6.14
Halictidae (Megalopta),Megalopta genalis gr,B0164,5034,proboscisLength,5.26
Halictidae (Megalopta),Megalopta genalis gr,B0170,5014,proboscisLength,6.11
Halictidae (Megalopta),Megalopta genalis gr,B0171,5019,proboscisLength,6.91
Halictidae (Megalopta),Megalopta genalis gr,B0245,5044,proboscisLength,4.95
Halictidae (Megalopta),Megalopta genalis gr,B0248,5054,proboscisLength,5.74
Halictidae (Megalopta),Megalopta genalis gr,B0279,5039,proboscisLength,6.05
Halictidae (Megalopta),Megalopta genalis gr,B0472,5024,proboscisLength,6.36
Halictidae (Megalopta),Megalopta genalis gr,B0640,5064,proboscisLength,5.61
Halictidae (Megalopta),Megalopta genalis gr,B0743,5029,proboscisLength,5.77
Halictidae (Megalopta),Megalopta genalis gr,B0926,4691,proboscisLength,8.81
Halictidae (Megalopta),Megalopta genalis gr,B0927,4646,proboscisLength,11.36
Halictidae (Megalopta),Megalopta genalis gr,B0928,4641,proboscisLength,11.13
Halictidae (Megalopta),Megalopta genalis gr,B0929,4696,proboscisLength,10.79
Halictidae (Megalopta),Megalopta genalis gr,B0932,5059,proboscisLength,6.34
Halictidae (Megalopta),Megalopta genalis gr,B0964,4994,proboscisLength,5.52
Halictidae (Megalopta),Megalopta genalis gr,B0965,4999,proboscisLength,5.26
Halictidae (Megalopta),Megalopta genalis gr,B10015,5069,proboscisLength,4.94
Halictidae (Megalopta),Megalopta genalis gr,B10016,5074,proboscisLength,4.3
Halictidae (Megalopta),Megalopta genalis gr,B10017,5079,proboscisLength,5.45
Halictidae (Megalopta),Megalopta genalis gr,B10018,5084,proboscisLength,5.16
Halictidae (Megalopta),Megalopta genalis gr,B10019,5089,proboscisLength,5.28
Halictidae (Megalopta),Megalopta genalis gr,B9902,4661,proboscisLength,9.23
Halictidae (Megalopta),Megalopta genalis gr,A-0573,4668,wingLength,10.09
Halictidae (Megalopta),Megalopta genalis gr,B0001,5006,wingLength,10.44
Halictidae (Megalopta),Megalopta genalis gr,B0138,5011,wingLength,11.17
Halictidae (Megalopta),Megalopta genalis gr,B0145,5051,wingLength,10.48
Halictidae (Megalopta),Megalopta genalis gr,B0164,5036,wingLength,10.78
Halictidae (Megalopta),Megalopta genalis gr,B0170,5016,wingLength,11.31
Halictidae (Megalopta),Megalopta genalis gr,B0171,5021,wingLength,10.9
Halictidae (Megalopta),Megalopta genalis gr,B0245,5046,wingLength,9.55
Halictidae (Megalopta),Megalopta genalis gr,B0248,5056,wingLength,10.87
Halictidae (Megalopta),Megalopta genalis gr,B0279,5041,wingLength,11.43
Halictidae (Megalopta),Megalopta genalis gr,B0472,5026,wingLength,10.59
Halictidae (Megalopta),Megalopta genalis gr,B0629,4648,wingLength,11.34
Halictidae (Megalopta),Megalopta genalis gr,B0640,5066,wingLength,11.24
Halictidae (Megalopta),Megalopta genalis gr,B0743,5031,wingLength,10.71
Halictidae (Megalopta),Megalopta genalis gr,B0926,4688,wingLength,12.39
Halictidae (Megalopta),Megalopta genalis gr,B0927,4643,wingLength,12.78
Halictidae (Megalopta),Megalopta genalis gr,B0928,4638,wingLength,12.71
Halictidae (Megalopta),Megalopta genalis gr,B0929,4693,wingLength,12.42
Halictidae (Megalopta),Megalopta genalis gr,B0932,5061,wingLength,11.96
Halictidae (Megalopta),Megalopta genalis gr,B0964,4996,wingLength,10.12
Halictidae (Megalopta),Megalopta genalis gr,B0965,5001,wingLength,10.26
Halictidae (Megalopta),Megalopta genalis gr,B10015,5071,wingLength,10.05
Halictidae (Megalopta),Megalopta genalis gr,B10016,5076,wingLength,9.88
Halictidae (Megalopta),Megalopta genalis gr,B10017,5081,wingLength,9.64
Halictidae (Megalopta),Megalopta genalis gr,B10018,5086,wingLength,10.63
Halictidae (Megalopta),Megalopta genalis gr,B10019,5091,wingLength,10.02
Halictidae (Megalopta),Megalopta genalis gr,B9901,4653,wingLength,10.95
Halictidae (Megalopta),Megalopta genalis gr,B9902,4658,wingLength,10.33
Halictidae (Megalopta),Megalopta genalis gr,B9903,4663,wingLength,10.87
Halictidae (Megalopta),Megalopta genalis gr,A-0573,4669,wingWidth,3.35
Halictidae (Megalopta),Megalopta genalis gr,B0001,5007,wingWidth,3.6
Halictidae (Megalopta),Megalopta genalis gr,B0138,5012,wingWidth,3.62
Halictidae (Megalopta),Megalopta genalis gr,B0145,5052,wingWidth,3.68
Halictidae (Megalopta),Megalopta genalis gr,B0164,5037,wingWidth,3.81
Halictidae (Megalopta),Megalopta genalis gr,B0170,5017,wingWidth,3.91
Halictidae (Megalopta),Megalopta genalis gr,B0171,5022,wingWidth,3.69
Halictidae (Megalopta),Megalopta genalis gr,B0245,5047,wingWidth,3.16
Halictidae (Megalopta),Megalopta genalis gr,B0248,5057,wingWidth,3.6
Halictidae (Megalopta),Megalopta genalis gr,B0279,5042,wingWidth,4.2
Halictidae (Megalopta),Megalopta genalis gr,B0472,5027,wingWidth,3.69
Halictidae (Megalopta),Megalopta genalis gr,B0629,4649,wingWidth,4.19
Halictidae (Megalopta),Megalopta genalis gr,B0640,5067,wingWidth,3.49
Halictidae (Megalopta),Megalopta genalis gr,B0743,5032,wingWidth,3.49
Halictidae (Megalopta),Megalopta genalis gr,B0926,4689,wingWidth,4
Halictidae (Megalopta),Megalopta genalis gr,B0927,4644,wingWidth,3.97
Halictidae (Megalopta),Megalopta genalis gr,B0928,4639,wingWidth,4.47
Halictidae (Megalopta),Megalopta genalis gr,B0929,4694,wingWidth,3.94
Halictidae (Megalopta),Megalopta genalis gr,B0932,5062,wingWidth,3.78
Halictidae (Megalopta),Megalopta genalis gr,B0964,4997,wingWidth,3.33
Halictidae (Megalopta),Megalopta genalis gr,B0965,5002,wingWidth,3.55
Halictidae (Megalopta),Megalopta genalis gr,B10015,5072,wingWidth,3.5
Halictidae (Megalopta),Megalopta genalis gr,B10016,5077,wingWidth,3.25
Halictidae (Megalopta),Megalopta genalis gr,B10017,5082,wingWidth,3.48
Halictidae (Megalopta),Megalopta genalis gr,B10018,5087,wingWidth,3.39
Halictidae (Megalopta),Megalopta genalis gr,B10019,5092,wingWidth,3.5
Halictidae (Megalopta),Megalopta genalis gr,B9901,4654,wingWidth,2.84
Halictidae (Megalopta),Megalopta genalis gr,B9902,4659,wingWidth,3.3
Halictidae (Megalopta),Megalopta genalis gr,B9903,4664,wingWidth,3.37
Meliponini,Melipona (Melikeirra) sp,K-0434,4800,intertegularDistance,3.31
Meliponini,Melipona (Melikeirra) sp,K-0434,4798,wingLength,8.47
Meliponini,Melipona (Melikeirra) sp,K-0434,4799,wingWidth,3.18
Meliponini,Melipona (Michmelia) solani,K-0046,878,intertegularDistance,2.9
Meliponini,Melipona (Michmelia) solani,K-0047,884,intertegularDistance,3.015
Meliponini,Melipona (Michmelia) solani,K-0059,890,intertegularDistance,3.044
Meliponini,Melipona (Michmelia) solani,K-1504,2208,intertegularDistance,2.835
Meliponini,Melipona (Michmelia) solani,K-1505,2214,intertegularDistance,2.475
Meliponini,Melipona (Michmelia) solani,K-2065,2220,intertegularDistance,2.752
Meliponini,Melipona (Michmelia) solani,K-0046,879,proboscisLength,4.668
Meliponini,Melipona (Michmelia) solani,K-0047,885,proboscisLength,4.93
Meliponini,Melipona (Michmelia) solani,K-0059,891,proboscisLength,4.801
Meliponini,Melipona (Michmelia) solani,K-1504,2209,proboscisLength,5.526
Meliponini,Melipona (Michmelia) solani,K-1505,2215,proboscisLength,4.186
Meliponini,Melipona (Michmelia) solani,K-2065,2221,proboscisLength,5.365
Meliponini,Melipona (Michmelia) solani,K-0046,877,wingLength,7.725
Meliponini,Melipona (Michmelia) solani,K-0047,883,wingLength,8.026
Meliponini,Melipona (Michmelia) solani,K-0059,889,wingLength,8.053
Meliponini,Melipona (Michmelia) solani,K-1504,2207,wingLength,8.422
Meliponini,Melipona (Michmelia) solani,K-1505,2213,wingLength,7.68
Meliponini,Melipona (Michmelia) solani,K-2065,2219,wingLength,7.834
Meliponini,Melipona (Michmelia) solani,K-0006,4928,wingWidth,2.85
Meliponini,Melipona (Michmelia) solani,K-0007,4924,wingWidth,2.8
Meliponini,Melipona (Michmelia) solani,K-0031,4926,wingWidth,2.87
Meliponini,Melipona (Michmelia) solani,K-0032,4925,wingWidth,2.65
Meliponini,Melipona (Michmelia) solani,K-0033,4927,wingWidth,2.78
Meliponini,Nannotrigona mellaria,K-0178,1040,intertegularDistance,1.276
Meliponini,Nannotrigona mellaria,K-0865,1718,intertegularDistance,1.26
Meliponini,Nannotrigona mellaria,K-0870,1730,intertegularDistance,1.22
Meliponini,Nannotrigona mellaria,K-2009,2328,intertegularDistance,1.22
Meliponini,Nannotrigona mellaria,K-0178,1041,proboscisLength,1.862
Meliponini,Nannotrigona mellaria,K-0865,1719,proboscisLength,1.957
Meliponini,Nannotrigona mellaria,K-0870,1731,proboscisLength,1.921
Meliponini,Nannotrigona mellaria,K-2009,2329,proboscisLength,1.941
Meliponini,Nannotrigona mellaria,K-0178,1039,wingLength,4.332
Meliponini,Nannotrigona mellaria,K-0865,1717,wingLength,4.22
Meliponini,Nannotrigona mellaria,K-0870,1729,wingLength,4.047
Meliponini,Nannotrigona mellaria,K-2009,2327,wingLength,4.148
Meliponini,Nannotrigona mellaria,A-0248,5135,wingWidth,1.48
Meliponini,Nannotrigona mellaria,K-0176,5136,wingWidth,1.51
Meliponini,Nannotrigona mellaria,K-0177,5137,wingWidth,1.55
Meliponini,Nannotrigona tristella,K-0313,1154,intertegularDistance,1.48
Meliponini,Nannotrigona tristella,K-0314,1160,intertegularDistance,1.448
Meliponini,Nannotrigona tristella,K-0315,1166,intertegularDistance,1.43
Meliponini,Nannotrigona tristella,K-0316,1172,intertegularDistance,1.405
Meliponini,Nannotrigona tristella,K-0317,1178,intertegularDistance,1.493
Meliponini,Nannotrigona tristella,K-0318,1184,intertegularDistance,1.372
Meliponini,Nannotrigona tristella,K-0319,1190,intertegularDistance,1.369
Meliponini,Nannotrigona tristella,K-0320,1196,intertegularDistance,1.414
Meliponini,Nannotrigona tristella,K-0321,1202,intertegularDistance,1.457
Meliponini,Nannotrigona tristella,K-0322,1208,intertegularDistance,1.425
Meliponini,Nannotrigona tristella,K-2007,2322,intertegularDistance,1.363
Meliponini,Nannotrigona tristella,K-0313,1155,proboscisLength,1.672
Meliponini,Nannotrigona tristella,K-0314,1161,proboscisLength,1.63
Meliponini,Nannotrigona tristella,K-0315,1167,proboscisLength,1.613
Meliponini,Nannotrigona tristella,K-0316,1173,proboscisLength,1.59
Meliponini,Nannotrigona tristella,K-0317,1179,proboscisLength,1.631
Meliponini,Nannotrigona tristella,K-0318,1185,proboscisLength,1.61
Meliponini,Nannotrigona tristella,K-0319,1191,proboscisLength,1.601
Meliponini,Nannotrigona tristella,K-0320,1197,proboscisLength,1.583
Meliponini,Nannotrigona tristella,K-0321,1203,proboscisLength,1.618
Meliponini,Nannotrigona tristella,K-0322,1209,proboscisLength,1.624
Meliponini,Nannotrigona tristella,K-2007,2323,proboscisLength,1.965
Meliponini,Nannotrigona tristella,K-0313,1153,wingLength,5.554
Meliponini,Nannotrigona tristella,K-0314,1159,wingLength,5.437
Meliponini,Nannotrigona tristella,K-0315,1165,wingLength,5.377
Meliponini,Nannotrigona tristella,K-0316,1171,wingLength,5.329
Meliponini,Nannotrigona tristella,K-0317,1177,wingLength,5.523
Meliponini,Nannotrigona tristella,K-0318,1183,wingLength,5.281
Meliponini,Nannotrigona tristella,K-0319,1189,wingLength,5.52
Meliponini,Nannotrigona tristella,K-0320,1195,wingLength,5.33
Meliponini,Nannotrigona tristella,K-0321,1201,wingLength,5.418
Meliponini,Nannotrigona tristella,K-0322,1207,wingLength,5.425
Meliponini,Nannotrigona tristella,K-2007,2321,wingLength,4.642
Meliponini,Nannotrigona tristella,A-0722,5140,wingWidth,1.75
Meliponini,Nannotrigona tristella,K-0175,5139,wingWidth,1.7
Meliponini,Nannotrigona tristella,K-0862,5138,wingWidth,1.8
Halictidae,Neocorynura sp1,K-1659,4755,intertegularDistance,1.73
Halictidae,Neocorynura sp1,K-1659,4753,wingLength,6.32
Halictidae,Neocorynura sp1,K-1659,4754,wingWidth,2.09
Halictidae,Neocorynura sp2,D-2419,4760,intertegularDistance,1.62
Halictidae,Neocorynura sp2,D-2419,4761,proboscisLength,4.59
Halictidae,Neocorynura sp2,D-2419,4758,wingLength,7.71
Halictidae,Neocorynura sp2,D-2419,4759,wingWidth,2.72
Halictidae,Neocorynura sp3,D-2420,4765,intertegularDistance,1.43
Halictidae,Neocorynura sp3,D-2420,4766,proboscisLength,3.1
Halictidae,Neocorynura sp3,D-2420,4763,wingLength,5.52
Halictidae,Neocorynura sp3,D-2420,4764,wingWidth,1.66
Meliponini,Nogueirapis mirandula,K-0358,1220,intertegularDistance,1.137
Meliponini,Nogueirapis mirandula,K-0359,1226,intertegularDistance,1.164
Meliponini,Nogueirapis mirandula,K-0360,1232,intertegularDistance,1.122
Meliponini,Nogueirapis mirandula,K-0361,1238,intertegularDistance,1.137
Meliponini,Nogueirapis mirandula,K-0362,1244,intertegularDistance,1.149
Meliponini,Nogueirapis mirandula,K-0363,1250,intertegularDistance,1.155
Meliponini,Nogueirapis mirandula,K-0364,1256,intertegularDistance,1.134
Meliponini,Nogueirapis mirandula,K-0365,1262,intertegularDistance,1.123
Meliponini,Nogueirapis mirandula,K-0366,1268,intertegularDistance,1.118
Meliponini,Nogueirapis mirandula,K-0367,1274,intertegularDistance,1.176
Meliponini,Nogueirapis mirandula,K-0358,1221,proboscisLength,1.978
Meliponini,Nogueirapis mirandula,K-0359,1227,proboscisLength,2.105
Meliponini,Nogueirapis mirandula,K-0360,1233,proboscisLength,2.042
Meliponini,Nogueirapis mirandula,K-0361,1239,proboscisLength,2.065
Meliponini,Nogueirapis mirandula,K-0362,1245,proboscisLength,2.199
Meliponini,Nogueirapis mirandula,K-0363,1251,proboscisLength,2.199
Meliponini,Nogueirapis mirandula,K-0364,1257,proboscisLength,2.259
Meliponini,Nogueirapis mirandula,K-0365,1263,proboscisLength,1.982
Meliponini,Nogueirapis mirandula,K-0366,1269,proboscisLength,2.011
Meliponini,Nogueirapis mirandula,K-0367,1275,proboscisLength,2.115
Meliponini,Nogueirapis mirandula,K-0358,1219,wingLength,4.625
Meliponini,Nogueirapis mirandula,K-0359,1225,wingLength,4.539
Meliponini,Nogueirapis mirandula,K-0360,1231,wingLength,4.524
Meliponini,Nogueirapis mirandula,K-0361,1237,wingLength,4.544
Meliponini,Nogueirapis mirandula,K-0362,1243,wingLength,4.388
Meliponini,Nogueirapis mirandula,K-0363,1249,wingLength,4.588
Meliponini,Nogueirapis mirandula,K-0364,1255,wingLength,4.631
Meliponini,Nogueirapis mirandula,K-0365,1261,wingLength,4.56
Meliponini,Nogueirapis mirandula,K-0366,1267,wingLength,4.406
Meliponini,Nogueirapis mirandula,K-0367,1273,wingLength,4.747
Meliponini,Nogueirapis mirandula,A-0344,5119,wingWidth,1.68
Meliponini,Nogueirapis mirandula,A-0345,5118,wingWidth,1.5
Meliponini,Nogueirapis mirandula,A-0346,5117,wingWidth,1.56
Osirini,Osiris panamensis,K-2204,4726,intertegularDistance,1.45
Osirini,Osiris panamensis,K-2204,4727,proboscisLength,3.74
Osirini,Osiris panamensis,K-2204,4724,wingLength,6.14
Osirini,Osiris panamensis,K-2204,4725,wingWidth,1.89
Meliponini,Oxytrigona isthmina,D-0181,4970,intertegularDistance,1.45
Meliponini,Oxytrigona isthmina,D-0182,4974,intertegularDistance,1.47
Meliponini,Oxytrigona isthmina,K-0972,2664,intertegularDistance,1.408
Meliponini,Oxytrigona isthmina,K-0973,2670,intertegularDistance,1.41
Meliponini,Oxytrigona isthmina,K-1330,2676,intertegularDistance,1.386
Meliponini,Oxytrigona isthmina,K-1724,2682,intertegularDistance,1.371
Meliponini,Oxytrigona isthmina,K-1770,2688,intertegularDistance,1.363
Meliponini,Oxytrigona isthmina,D-0182,4975,proboscisLength,2.38
Meliponini,Oxytrigona isthmina,K-0972,2665,proboscisLength,1.752
Meliponini,Oxytrigona isthmina,K-0973,2671,proboscisLength,1.722
Meliponini,Oxytrigona isthmina,K-1330,2677,proboscisLength,1.796
Meliponini,Oxytrigona isthmina,K-1724,2683,proboscisLength,1.848
Meliponini,Oxytrigona isthmina,K-1770,2689,proboscisLength,1.752
Meliponini,Oxytrigona isthmina,D-0181,4972,wingLength,4.59
Meliponini,Oxytrigona isthmina,D-0182,4976,wingLength,4.68
Meliponini,Oxytrigona isthmina,K-0972,2663,wingLength,5.03
Meliponini,Oxytrigona isthmina,K-0973,2669,wingLength,4.898
Meliponini,Oxytrigona isthmina,K-1330,2675,wingLength,4.724
Meliponini,Oxytrigona isthmina,K-1724,2681,wingLength,4.962
Meliponini,Oxytrigona isthmina,K-1770,2687,wingLength,4.776
Meliponini,Oxytrigona isthmina,D-0181,4973,wingWidth,1.77
Meliponini,Oxytrigona isthmina,D-0182,4977,wingWidth,1.53
Meliponini,Oxytrigona isthmina,K-0971,5115,wingWidth,1.81
Meliponini,Oxytrigona isthmina,K-0978,5114,wingWidth,1.73
Meliponini,Oxytrigona isthmina,K-0979,5116,wingWidth,1.71
Meliponini,Oxytrigona obscura,K-2011,4805,intertegularDistance,1.21
Meliponini,Oxytrigona obscura,K-2011,4803,wingLength,4.08
Meliponini,Oxytrigona obscura,K-2011,4804,wingWidth,1.54
Tapinotaspidini,Paratetrapedia chocoensis,K-0293,4721,intertegularDistance,1.8
Tapinotaspidini,Paratetrapedia chocoensis,K-0309,4716,intertegularDistance,1.64
Tapinotaspidini,Paratetrapedia chocoensis,K-0293,4722,proboscisLength,3.77
Tapinotaspidini,Paratetrapedia chocoensis,K-0309,4717,proboscisLength,2.72
Tapinotaspidini,Paratetrapedia chocoensis,K-0293,4719,wingLength,5.96
Tapinotaspidini,Paratetrapedia chocoensis,K-0309,4714,wingLength,6.33
Tapinotaspidini,Paratetrapedia chocoensis,K-0293,4720,wingWidth,1.83
Tapinotaspidini,Paratetrapedia chocoensis,K-0309,4715,wingWidth,2.14
Tapinotaspidini,Paratetrapedia sp,D-1733,4966,intertegularDistance,1.59
Tapinotaspidini,Paratetrapedia sp,K-1636,4735,intertegularDistance,1.77
Tapinotaspidini,Paratetrapedia sp,K-1976,4740,intertegularDistance,1.79
Tapinotaspidini,Paratetrapedia sp,D-1733,4967,proboscisLength,4.96
Tapinotaspidini,Paratetrapedia sp,K-1636,4736,proboscisLength,4.13
Tapinotaspidini,Paratetrapedia sp,D-1733,4968,wingLength,6.57
Tapinotaspidini,Paratetrapedia sp,K-1636,4733,wingLength,6.6
Tapinotaspidini,Paratetrapedia sp,D-1733,4969,wingWidth,2.23
Tapinotaspidini,Paratetrapedia sp,K-1636,4734,wingWidth,1.98
Meliponini,Paratrigona lophocoryphe,K-0772,1634,intertegularDistance,1.242
Meliponini,Paratrigona lophocoryphe,K-0921,1820,intertegularDistance,1.328
Meliponini,Paratrigona lophocoryphe,K-0922,1826,intertegularDistance,1.265
Meliponini,Paratrigona lophocoryphe,K-1789,2136,intertegularDistance,1.274
Meliponini,Paratrigona lophocoryphe,K-0772,1635,proboscisLength,2.431
Meliponini,Paratrigona lophocoryphe,K-0921,1821,proboscisLength,2.515
Meliponini,Paratrigona lophocoryphe,K-0922,1827,proboscisLength,2.515
Meliponini,Paratrigona lophocoryphe,K-1789,2137,proboscisLength,1.052
Meliponini,Paratrigona lophocoryphe,K-0772,1633,wingLength,3.745
Meliponini,Paratrigona lophocoryphe,K-0921,1819,wingLength,3.737
Meliponini,Paratrigona lophocoryphe,K-0922,1825,wingLength,3.981
Meliponini,Paratrigona lophocoryphe,K-1789,2135,wingLength,4.112
Meliponini,Paratrigona lophocoryphe,K-0259,4935,wingWidth,1.41
Meliponini,Paratrigona lophocoryphe,K-0260,4936,wingWidth,1.46
Meliponini,Paratrigona lophocoryphe,K-0427,4934,wingWidth,1.55
Meliponini,Paratrigona opaca,K-0464,1388,intertegularDistance,1.338
Meliponini,Paratrigona opaca,K-1503,2142,intertegularDistance,1.265
Meliponini,Paratrigona opaca,K-1580,2148,intertegularDistance,1.239
Meliponini,Paratrigona opaca,K-2098,2154,intertegularDistance,1.21
Meliponini,Paratrigona opaca,K-0464,1389,proboscisLength,2.625
Meliponini,Paratrigona opaca,K-1503,2143,proboscisLength,1.072
Meliponini,Paratrigona opaca,K-1580,2149,proboscisLength,1.108
Meliponini,Paratrigona opaca,K-2098,2155,proboscisLength,0.999
Meliponini,Paratrigona opaca,K-0464,1387,wingLength,3.908
Meliponini,Paratrigona opaca,K-1503,2141,wingLength,3.776
Meliponini,Paratrigona opaca,K-1580,2147,wingLength,3.909
Meliponini,Paratrigona opaca,K-2098,2153,wingLength,3.595
Meliponini,Paratrigona opaca,K-0182,4931,wingWidth,1.29
Meliponini,Paratrigona opaca,K-0255,4932,wingWidth,1.27
Meliponini,Paratrigona opaca,K-0256,4933,wingWidth,1.25
Meliponini,Partamona aequatoriana,A-0425,535,intertegularDistance,1.612
Meliponini,Partamona aequatoriana,K-0642,1412,intertegularDistance,1.569
Meliponini,Partamona aequatoriana,K-0643,1418,intertegularDistance,1.553
Meliponini,Partamona aequatoriana,K-0644,1424,intertegularDistance,1.583
Meliponini,Partamona aequatoriana,K-0645,1430,intertegularDistance,1.572
Meliponini,Partamona aequatoriana,K-0646,1436,intertegularDistance,1.661
Meliponini,Partamona aequatoriana,K-0647,1442,intertegularDistance,1.583
Meliponini,Partamona aequatoriana,K-0648,1448,intertegularDistance,1.59
Meliponini,Partamona aequatoriana,K-0649,1454,intertegularDistance,1.654
Meliponini,Partamona aequatoriana,K-0650,1460,intertegularDistance,1.563
Meliponini,Partamona aequatoriana,A-0425,536,proboscisLength,3.574
Meliponini,Partamona aequatoriana,K-0642,1413,proboscisLength,3.119
Meliponini,Partamona aequatoriana,K-0643,1419,proboscisLength,3.207
Meliponini,Partamona aequatoriana,K-0644,1425,proboscisLength,3.114
Meliponini,Partamona aequatoriana,K-0645,1431,proboscisLength,3.082
Meliponini,Partamona aequatoriana,K-0646,1437,proboscisLength,3.129
Meliponini,Partamona aequatoriana,K-0647,1443,proboscisLength,3.021
Meliponini,Partamona aequatoriana,K-0648,1449,proboscisLength,3.115
Meliponini,Partamona aequatoriana,K-0649,1455,proboscisLength,3.092
Meliponini,Partamona aequatoriana,K-0650,1461,proboscisLength,3.129
Meliponini,Partamona aequatoriana,A-0425,534,wingLength,5.882
Meliponini,Partamona aequatoriana,K-0642,1411,wingLength,5.322
Meliponini,Partamona aequatoriana,K-0643,1417,wingLength,5.906
Meliponini,Partamona aequatoriana,K-0644,1423,wingLength,5.761
Meliponini,Partamona aequatoriana,K-0645,1429,wingLength,5.377
Meliponini,Partamona aequatoriana,K-0646,1435,wingLength,6.067
Meliponini,Partamona aequatoriana,K-0647,1441,wingLength,5.567
Meliponini,Partamona aequatoriana,K-0648,1447,wingLength,5.693
Meliponini,Partamona aequatoriana,K-0649,1453,wingLength,5.906
Meliponini,Partamona aequatoriana,K-0650,1459,wingLength,5.598
Meliponini,Partamona aequatoriana,A-0352,4899,wingWidth,2.26
Meliponini,Partamona aequatoriana,A-0420,4905,wingWidth,1.99
Meliponini,Partamona aequatoriana,A-0421,4898,wingWidth,1.76
Meliponini,Partamona aequatoriana,K-0008,4900,wingWidth,2.14
Meliponini,Partamona aequatoriana,K-0009,4906,wingWidth,2.3
Meliponini,Partamona aequatoriana,K-0011,4902,wingWidth,2.2
Meliponini,Partamona aequatoriana,K-0035,4897,wingWidth,1.82
Meliponini,Partamona aequatoriana,K-0052,4901,wingWidth,2.23
Meliponini,Partamona aequatoriana,K-0292,4903,wingWidth,1.99
Meliponini,Partamona aequatoriana,K-0419,4904,wingWidth,2
Meliponini,Partamona nr peckolti,A-0027,475,intertegularDistance,1.581
Meliponini,Partamona nr peckolti,A-0029,481,intertegularDistance,1.562
Meliponini,Partamona nr peckolti,A-0032,487,intertegularDistance,1.561
Meliponini,Partamona nr peckolti,A-0033,493,intertegularDistance,1.542
Meliponini,Partamona nr peckolti,A-0436,583,intertegularDistance,1.444
Meliponini,Partamona nr peckolti,A-0437,589,intertegularDistance,1.576
Meliponini,Partamona nr peckolti,A-0438,595,intertegularDistance,1.561
Meliponini,Partamona nr peckolti,A-0439,601,intertegularDistance,1.542
Meliponini,Partamona nr peckolti,A-0462,607,intertegularDistance,1.528
Meliponini,Partamona nr peckolti,A-0723,673,intertegularDistance,1.598
Meliponini,Partamona nr peckolti,A-0027,476,proboscisLength,3.835
Meliponini,Partamona nr peckolti,A-0029,482,proboscisLength,3.15
Meliponini,Partamona nr peckolti,A-0032,488,proboscisLength,3.171
Meliponini,Partamona nr peckolti,A-0033,494,proboscisLength,3.709
Meliponini,Partamona nr peckolti,A-0436,584,proboscisLength,3.735
Meliponini,Partamona nr peckolti,A-0437,590,proboscisLength,3.816
Meliponini,Partamona nr peckolti,A-0438,596,proboscisLength,3.722
Meliponini,Partamona nr peckolti,A-0439,602,proboscisLength,3.73
Meliponini,Partamona nr peckolti,A-0462,608,proboscisLength,3.146
Meliponini,Partamona nr peckolti,A-0723,674,proboscisLength,3.755
Meliponini,Partamona nr peckolti,A-0027,474,wingLength,5.55
Meliponini,Partamona nr peckolti,A-0029,480,wingLength,5.674
Meliponini,Partamona nr peckolti,A-0032,486,wingLength,5.782
Meliponini,Partamona nr peckolti,A-0033,492,wingLength,5.508
Meliponini,Partamona nr peckolti,A-0436,582,wingLength,5.499
Meliponini,Partamona nr peckolti,A-0437,588,wingLength,5.648
Meliponini,Partamona nr peckolti,A-0438,594,wingLength,5.239
Meliponini,Partamona nr peckolti,A-0439,600,wingLength,5.698
Meliponini,Partamona nr peckolti,A-0462,606,wingLength,5.553
Meliponini,Partamona nr peckolti,A-0723,672,wingLength,5.418
Meliponini,Partamona nr peckolti,A-0020,4908,wingWidth,1.86
Meliponini,Partamona nr peckolti,A-0023,4910,wingWidth,1.78
Meliponini,Partamona nr peckolti,A-0024,4907,wingWidth,1.74
Meliponini,Partamona nr peckolti,A-0067,4915,wingWidth,1.9
Meliponini,Partamona nr peckolti,A-0483,4916,wingWidth,2.1
Meliponini,Partamona nr peckolti,A-1422,4909,wingWidth,1.81
Meliponini,Partamona nr peckolti,A-1439,4911,wingWidth,1.91
Meliponini,Partamona nr peckolti,K-0044,4914,wingWidth,2.08
Meliponini,Partamona nr peckolti,K-0069,4912,wingWidth,1.95
Meliponini,Partamona nr peckolti,K-0168,4913,wingWidth,1.81
Meliponini,Partamona sp,K-0274,1094,intertegularDistance,1.725
Meliponini,Partamona sp,K-0275,1100,intertegularDistance,1.702
Meliponini,Partamona sp,K-0277,1106,intertegularDistance,1.874
Meliponini,Partamona sp,K-0278,1112,intertegularDistance,1.741
Meliponini,Partamona sp,K-0279,1118,intertegularDistance,1.835
Meliponini,Partamona sp,K-0280,1124,intertegularDistance,1.714
Meliponini,Partamona sp,K-0281,1130,intertegularDistance,1.738
Meliponini,Partamona sp,K-0388,1328,intertegularDistance,1.792
Meliponini,Partamona sp,K-0430,1376,intertegularDistance,1.703
Meliponini,Partamona sp,K-0431,1382,intertegularDistance,1.822
Meliponini,Partamona sp,K-0274,1095,proboscisLength,3.828
Meliponini,Partamona sp,K-0275,1101,proboscisLength,3.11
Meliponini,Partamona sp,K-0277,1107,proboscisLength,3.209
Meliponini,Partamona sp,K-0278,1113,proboscisLength,3.277
Meliponini,Partamona sp,K-0279,1119,proboscisLength,3.305
Meliponini,Partamona sp,K-0280,1125,proboscisLength,3.359
Meliponini,Partamona sp,K-0281,1131,proboscisLength,3.298
Meliponini,Partamona sp,K-0388,1329,proboscisLength,3.314
Meliponini,Partamona sp,K-0430,1377,proboscisLength,3.457
Meliponini,Partamona sp,K-0431,1383,proboscisLength,3.353
Meliponini,Partamona sp,K-0274,1093,wingLength,7.252
Meliponini,Partamona sp,K-0275,1099,wingLength,6.975
Meliponini,Partamona sp,K-0277,1105,wingLength,6.263
Meliponini,Partamona sp,K-0278,1111,wingLength,6.754
Meliponini,Partamona sp,K-0279,1117,wingLength,7.203
Meliponini,Partamona sp,K-0280,1123,wingLength,7.135
Meliponini,Partamona sp,K-0281,1129,wingLength,7.124
Meliponini,Partamona sp,K-0388,1327,wingLength,7.244
Meliponini,Partamona sp,K-0430,1375,wingLength,6.901
Meliponini,Partamona sp,K-0431,1381,wingLength,7.217
Meliponini,Partamona sp,K-0271,4920,wingWidth,2.65
Meliponini,Partamona sp,K-0272,4917,wingWidth,2.46
Meliponini,Partamona sp,K-0273,4919,wingWidth,2.47
Meliponini,Partamona sp,K-0430,5142,wingWidth,1.14
Meliponini,Partamona sp,K-2227,4918,wingWidth,2.44
Meliponini,Plebeia (Nanoplebeia) cf asthenes,B0005,4875,intertegularDistance,0.93
Meliponini,Plebeia (Nanoplebeia) cf asthenes,B0006,4880,intertegularDistance,1.05
Meliponini,Plebeia (Nanoplebeia) cf asthenes,B0016,4885,intertegularDistance,0.94
Meliponini,Plebeia (Nanoplebeia) cf asthenes,B0231,4890,intertegularDistance,0.89
Meliponini,Plebeia (Nanoplebeia) cf asthenes,B0971,4895,intertegularDistance,0.85
Meliponini,Plebeia (Nanoplebeia) cf asthenes,B0005,4876,proboscisLength,1.08
Meliponini,Plebeia (Nanoplebeia) cf asthenes,B0016,4886,proboscisLength,1.32
Meliponini,Plebeia (Nanoplebeia) cf asthenes,B0231,4891,proboscisLength,1.14
Meliponini,Plebeia (Nanoplebeia) cf asthenes,B0971,4896,proboscisLength,0.84
Meliponini,Plebeia (Nanoplebeia) cf asthenes,B0005,4873,wingLength,2.82
Meliponini,Plebeia (Nanoplebeia) cf asthenes,B0006,4878,wingLength,2.6
Meliponini,Plebeia (Nanoplebeia) cf asthenes,B0016,4883,wingLength,2.08
Meliponini,Plebeia (Nanoplebeia) cf asthenes,B0231,4888,wingLength,2.89
Meliponini,Plebeia (Nanoplebeia) cf asthenes,B0971,4893,wingLength,2.36
Meliponini,Plebeia (Nanoplebeia) cf asthenes,B0005,4874,wingWidth,1.1
Meliponini,Plebeia (Nanoplebeia) cf asthenes,B0006,4879,wingWidth,1.12
Meliponini,Plebeia (Nanoplebeia) cf asthenes,B0016,4884,wingWidth,0.86
Meliponini,Plebeia (Nanoplebeia) cf asthenes,B0231,4889,wingWidth,1.03
Meliponini,Plebeia (Nanoplebeia) minima,K-1430,2160,intertegularDistance,0.912
Meliponini,Plebeia (Nanoplebeia) minima,K-1755,2166,intertegularDistance,0.924
Meliponini,Plebeia (Nanoplebeia) minima,K-1430,2161,proboscisLength,0.527
Meliponini,Plebeia (Nanoplebeia) minima,K-1755,2167,proboscisLength,0.46
Meliponini,Plebeia (Nanoplebeia) minima,K-1430,2159,wingLength,3.039
Meliponini,Plebeia (Nanoplebeia) minima,K-1755,2165,wingLength,2.824
Meliponini,Plebeia (Nanoplebeia) minima,K-0180,4938,wingWidth,1
Meliponini,Plebeia (Nanoplebeia) minima,K-1366,4937,wingWidth,1.2
Meliponini,Plebeia (Nanoplebeia) sp,K-0856,1700,intertegularDistance,0.994
Meliponini,Plebeia (Nanoplebeia) sp,K-0856,1701,proboscisLength,1.334
Meliponini,Plebeia (Nanoplebeia) sp,K-0856,1699,wingLength,3.201
Meliponini,Plebeia (Nanoplebeia) sp,K-0855,5141,wingWidth,1.02
Meliponini,Plebeia frontalis,K-0241,1046,intertegularDistance,1.16
Meliponini,Plebeia frontalis,K-0243,1052,intertegularDistance,1.197
Meliponini,Plebeia frontalis,K-0378,1280,intertegularDistance,1.212
Meliponini,Plebeia frontalis,K-0379,1286,intertegularDistance,1.137
Meliponini,Plebeia frontalis,K-0380,1292,intertegularDistance,1.195
Meliponini,Plebeia frontalis,K-0381,1298,intertegularDistance,1.184
Meliponini,Plebeia frontalis,K-0382,1304,intertegularDistance,1.222
Meliponini,Plebeia frontalis,K-0383,1310,intertegularDistance,1.201
Meliponini,Plebeia frontalis,K-0384,1316,intertegularDistance,1.172
Meliponini,Plebeia frontalis,K-0385,1322,intertegularDistance,1.217
Meliponini,Plebeia frontalis,K-0241,1047,proboscisLength,1.743
Meliponini,Plebeia frontalis,K-0243,1053,proboscisLength,1.714
Meliponini,Plebeia frontalis,K-0378,1281,proboscisLength,1.648
Meliponini,Plebeia frontalis,K-0379,1287,proboscisLength,1.688
Meliponini,Plebeia frontalis,K-0380,1293,proboscisLength,1.839
Meliponini,Plebeia frontalis,K-0381,1299,proboscisLength,1.907
Meliponini,Plebeia frontalis,K-0382,1305,proboscisLength,1.698
Meliponini,Plebeia frontalis,K-0383,1311,proboscisLength,1.632
Meliponini,Plebeia frontalis,K-0384,1317,proboscisLength,1.557
Meliponini,Plebeia frontalis,K-0385,1323,proboscisLength,1.646
Meliponini,Plebeia frontalis,K-0241,1045,wingLength,3.475
Meliponini,Plebeia frontalis,K-0243,1051,wingLength,3.782
Meliponini,Plebeia frontalis,K-0378,1279,wingLength,3.973
Meliponini,Plebeia frontalis,K-0379,1285,wingLength,3.921
Meliponini,Plebeia frontalis,K-0380,1291,wingLength,3.974
Meliponini,Plebeia frontalis,K-0381,1297,wingLength,3.876
Meliponini,Plebeia frontalis,K-0382,1303,wingLength,3.953
Meliponini,Plebeia frontalis,K-0383,1309,wingLength,3.797
Meliponini,Plebeia frontalis,K-0384,1315,wingLength,3.496
Meliponini,Plebeia frontalis,K-0385,1321,wingLength,3.875
Meliponini,Plebeia frontalis,K-0029,5148,wingWidth,1.2
Meliponini,Plebeia frontalis,K-0042,5149,wingWidth,1.35
Meliponini,Plebeia frontalis,K-0867,5150,wingWidth,1.25
Meliponini,Plebeia sp,A-0771,679,intertegularDistance,1.144
Meliponini,Plebeia sp,A-0772,685,intertegularDistance,1.167
Meliponini,Plebeia sp,A-0773,691,intertegularDistance,1.221
Meliponini,Plebeia sp,A-0774,697,intertegularDistance,1.148
Meliponini,Plebeia sp,A-0775,703,intertegularDistance,1.177
Meliponini,Plebeia sp,A-0776,709,intertegularDistance,1.133
Meliponini,Plebeia sp,A-0777,715,intertegularDistance,1.205
Meliponini,Plebeia sp,A-0778,721,intertegularDistance,1.137
Meliponini,Plebeia sp,A-0779,727,intertegularDistance,1.129
Meliponini,Plebeia sp,A-0780,733,intertegularDistance,1.083
Meliponini,Plebeia sp,K-0810,1658,intertegularDistance,1.117
Meliponini,Plebeia sp,K-0857,1706,intertegularDistance,1.222
Meliponini,Plebeia sp,K-0858,1712,intertegularDistance,1.195
Meliponini,Plebeia sp,K-0914,1808,intertegularDistance,1.142
Meliponini,Plebeia sp,K-0915,1814,intertegularDistance,1.141
Meliponini,Plebeia sp,K-0924,1832,intertegularDistance,1.124
Meliponini,Plebeia sp,K-0982,2172,intertegularDistance,1.138
Meliponini,Plebeia sp,K-1035,2178,intertegularDistance,1.102
Meliponini,Plebeia sp,K-1502,2184,intertegularDistance,1.199
Meliponini,Plebeia sp,K-1786,2190,intertegularDistance,1.195
Meliponini,Plebeia sp,K-1803,2196,intertegularDistance,1.16
Meliponini,Plebeia sp,K-2106,2202,intertegularDistance,1.121
Meliponini,Plebeia sp,K-2302,2226,intertegularDistance,1.089
Meliponini,Plebeia sp,K-2303,2232,intertegularDistance,1.158
Meliponini,Plebeia sp,K-2304,2238,intertegularDistance,1.072
Meliponini,Plebeia sp,K-2305,2244,intertegularDistance,1.109
Meliponini,Plebeia sp,K-2306,2250,intertegularDistance,1.121
Meliponini,Plebeia sp,K-2307,2256,intertegularDistance,1.143
Meliponini,Plebeia sp,K-2308,2262,intertegularDistance,1.077
Meliponini,Plebeia sp,K-2309,2268,intertegularDistance,1.133
Meliponini,Plebeia sp,K-2310,2274,intertegularDistance,1.121
Meliponini,Plebeia sp,A-0771,680,proboscisLength,1.627
Meliponini,Plebeia sp,A-0772,686,proboscisLength,1.694
Meliponini,Plebeia sp,A-0773,692,proboscisLength,1.641
Meliponini,Plebeia sp,A-0774,698,proboscisLength,1.638
Meliponini,Plebeia sp,A-0775,704,proboscisLength,1.61
Meliponini,Plebeia sp,A-0776,710,proboscisLength,1.55
Meliponini,Plebeia sp,A-0777,716,proboscisLength,1.62
Meliponini,Plebeia sp,A-0778,722,proboscisLength,1.601
Meliponini,Plebeia sp,A-0779,728,proboscisLength,1.592
Meliponini,Plebeia sp,A-0780,734,proboscisLength,1.603
Meliponini,Plebeia sp,K-0810,1659,proboscisLength,1.817
Meliponini,Plebeia sp,K-0857,1707,proboscisLength,1.335
Meliponini,Plebeia sp,K-0858,1713,proboscisLength,1.408
Meliponini,Plebeia sp,K-0914,1809,proboscisLength,1.493
Meliponini,Plebeia sp,K-0915,1815,proboscisLength,1.489
Meliponini,Plebeia sp,K-0924,1833,proboscisLength,1.673
Meliponini,Plebeia sp,K-0982,2173,proboscisLength,0.59
Meliponini,Plebeia sp,K-1035,2179,proboscisLength,0.622
Meliponini,Plebeia sp,K-1502,2185,proboscisLength,0.575
Meliponini,Plebeia sp,K-1786,2191,proboscisLength,0.629
Meliponini,Plebeia sp,K-1803,2197,proboscisLength,0.61
Meliponini,Plebeia sp,K-1976,4741,proboscisLength,3.6
Meliponini,Plebeia sp,K-2106,2203,proboscisLength,0.569
Meliponini,Plebeia sp,K-2302,2227,proboscisLength,1.563
Meliponini,Plebeia sp,K-2303,2233,proboscisLength,1.598
Meliponini,Plebeia sp,K-2304,2239,proboscisLength,1.597
Meliponini,Plebeia sp,K-2305,2245,proboscisLength,1.518
Meliponini,Plebeia sp,K-2306,2251,proboscisLength,1.514
Meliponini,Plebeia sp,K-2307,2257,proboscisLength,1.577
Meliponini,Plebeia sp,K-2308,2263,proboscisLength,1.555
Meliponini,Plebeia sp,K-2309,2269,proboscisLength,1.524
Meliponini,Plebeia sp,K-2310,2275,proboscisLength,1.547
Meliponini,Plebeia sp,A-0771,678,wingLength,3.753
Meliponini,Plebeia sp,A-0772,684,wingLength,3.646
Meliponini,Plebeia sp,A-0773,690,wingLength,3.586
Meliponini,Plebeia sp,A-0774,696,wingLength,3.754
Meliponini,Plebeia sp,A-0775,702,wingLength,3.747
Meliponini,Plebeia sp,A-0776,708,wingLength,3.432
Meliponini,Plebeia sp,A-0777,714,wingLength,3.602
Meliponini,Plebeia sp,A-0778,720,wingLength,3.542
Meliponini,Plebeia sp,A-0779,726,wingLength,3.446
Meliponini,Plebeia sp,A-0780,732,wingLength,3.632
Meliponini,Plebeia sp,K-0810,1657,wingLength,4.05
Meliponini,Plebeia sp,K-0857,1705,wingLength,4.22
Meliponini,Plebeia sp,K-0858,1711,wingLength,4.008
Meliponini,Plebeia sp,K-0914,1807,wingLength,3.972
Meliponini,Plebeia sp,K-0915,1813,wingLength,3.743
Meliponini,Plebeia sp,K-0924,1831,wingLength,3.646
Meliponini,Plebeia sp,K-0982,2171,wingLength,4.147
Meliponini,Plebeia sp,K-1035,2177,wingLength,4.214
Meliponini,Plebeia sp,K-1502,2183,wingLength,4.21
Meliponini,Plebeia sp,K-1786,2189,wingLength,4.26
Meliponini,Plebeia sp,K-1803,2195,wingLength,4.134
Meliponini,Plebeia sp,K-1976,4738,wingLength,6.76
Meliponini,Plebeia sp,K-2106,2201,wingLength,4.023
Meliponini,Plebeia sp,K-2302,2225,wingLength,3.892
Meliponini,Plebeia sp,K-2303,2231,wingLength,4.281
Meliponini,Plebeia sp,K-2304,2237,wingLength,3.934
Meliponini,Plebeia sp,K-2305,2243,wingLength,3.942
Meliponini,Plebeia sp,K-2306,2249,wingLength,4.004
Meliponini,Plebeia sp,K-2307,2255,wingLength,4.042
Meliponini,Plebeia sp,K-2308,2261,wingLength,3.88
Meliponini,Plebeia sp,K-2309,2267,wingLength,3.933
Meliponini,Plebeia sp,K-2310,2273,wingLength,4.186
Meliponini,Plebeia sp,K-0065,5151,wingWidth,1.4
Meliponini,Plebeia sp,K-0215,5145,wingWidth,1.74
Meliponini,Plebeia sp,K-0216,5147,wingWidth,1.52
Meliponini,Plebeia sp,K-0377,5144,wingWidth,1.74
Meliponini,Plebeia sp,K-0710,5143,wingWidth,1.6
Meliponini,Plebeia sp,K-0811,5146,wingWidth,1.52
Meliponini,Plebeia sp,K-1976,4739,wingWidth,2.12
Colletidae,Ptiloglossa costaricana,B0258,4575,intertegularDistance,5.81
Colletidae,Ptiloglossa costaricana,B9801,4580,intertegularDistance,4.95
Colletidae,Ptiloglossa costaricana,B0258,4576,proboscisLength,4.57
Colletidae,Ptiloglossa costaricana,B9801,4581,proboscisLength,4.23
Colletidae,Ptiloglossa costaricana,B0258,4573,wingLength,11.66
Colletidae,Ptiloglossa costaricana,B9801,4578,wingLength,11.78
Colletidae,Ptiloglossa costaricana,B0258,4574,wingWidth,3.72
Colletidae,Ptiloglossa costaricana,B9801,4579,wingWidth,3.76
Colletidae,Ptiloglossa trichrootricha,B0474,4585,intertegularDistance,5.03
Colletidae,Ptiloglossa trichrootricha,B0475,4635,intertegularDistance,4.46
Colletidae,Ptiloglossa trichrootricha,B0974,4590,intertegularDistance,4.46
Colletidae,Ptiloglossa trichrootricha,B0474,4586,proboscisLength,4.39
Colletidae,Ptiloglossa trichrootricha,B0475,4636,proboscisLength,6.79
Colletidae,Ptiloglossa trichrootricha,B0974,4591,proboscisLength,4.46
Colletidae,Ptiloglossa trichrootricha,B0474,4583,wingLength,12.35
Colletidae,Ptiloglossa trichrootricha,B0475,4633,wingLength,11.96
Colletidae,Ptiloglossa trichrootricha,B0974,4588,wingLength,11.91
Colletidae,Ptiloglossa trichrootricha,B0474,4584,wingWidth,3.59
Colletidae,Ptiloglossa trichrootricha,B0475,4634,wingWidth,3.36
Colletidae,Ptiloglossa trichrootricha,B0974,4589,wingWidth,3.56
Colletidae,Ptilotrigona occidentalis,K-2030,2376,intertegularDistance,1.738
Colletidae,Ptilotrigona occidentalis,K-2082,2382,intertegularDistance,1.618
Colletidae,Ptilotrigona occidentalis,K-2248,2388,intertegularDistance,1.679
Colletidae,Ptilotrigona occidentalis,K-2030,2377,proboscisLength,2.561
Colletidae,Ptilotrigona occidentalis,K-2082,2383,proboscisLength,2.349
Colletidae,Ptilotrigona occidentalis,K-2248,2389,proboscisLength,2.545
Colletidae,Ptilotrigona occidentalis,K-2030,2375,wingLength,9.388
Colletidae,Ptilotrigona occidentalis,K-2082,2381,wingLength,9.387
Colletidae,Ptilotrigona occidentalis,K-2248,2387,wingLength,9.659
Colletidae,Ptilotrigona occidentalis,K-0073,4922,wingWidth,3.26
Colletidae,Ptilotrigona occidentalis,K-0436,4921,wingWidth,3.54
Colletidae,Ptilotrigona occidentalis,K-0452,4923,wingWidth,3.29
Meliponini,Scaptotrigona (Gymnotrigona) sp,A-1479,793,intertegularDistance,1.844
Meliponini,Scaptotrigona (Gymnotrigona) sp,K-0296,1136,intertegularDistance,1.926
Meliponini,Scaptotrigona (Gymnotrigona) sp,K-0749,1586,intertegularDistance,1.88
Meliponini,Scaptotrigona (Gymnotrigona) sp,K-0750,1592,intertegularDistance,1.923
Meliponini,Scaptotrigona (Gymnotrigona) sp,K-1069,2502,intertegularDistance,1.92
Meliponini,Scaptotrigona (Gymnotrigona) sp,K-1070,2508,intertegularDistance,1.894
Meliponini,Scaptotrigona (Gymnotrigona) sp,K-1071,2514,intertegularDistance,1.923
Meliponini,Scaptotrigona (Gymnotrigona) sp,K-1072,2520,intertegularDistance,1.857
Meliponini,Scaptotrigona (Gymnotrigona) sp,K-1073,2526,intertegularDistance,1.874
Meliponini,Scaptotrigona (Gymnotrigona) sp,K-1074,2532,intertegularDistance,1.886
Meliponini,Scaptotrigona (Gymnotrigona) sp,A-1479,794,proboscisLength,3.417
Meliponini,Scaptotrigona (Gymnotrigona) sp,K-0296,1137,proboscisLength,3.126
Meliponini,Scaptotrigona (Gymnotrigona) sp,K-0749,1587,proboscisLength,3.434
Meliponini,Scaptotrigona (Gymnotrigona) sp,K-0750,1593,proboscisLength,3.249
Meliponini,Scaptotrigona (Gymnotrigona) sp,K-1069,2503,proboscisLength,3.505
Meliponini,Scaptotrigona (Gymnotrigona) sp,K-1070,2509,proboscisLength,3.215
Meliponini,Scaptotrigona (Gymnotrigona) sp,K-1071,2515,proboscisLength,3.159
Meliponini,Scaptotrigona (Gymnotrigona) sp,K-1072,2521,proboscisLength,3.218
Meliponini,Scaptotrigona (Gymnotrigona) sp,K-1073,2527,proboscisLength,3.266
Meliponini,Scaptotrigona (Gymnotrigona) sp,K-1074,2533,proboscisLength,3.052
Meliponini,Scaptotrigona (Gymnotrigona) sp,A-1479,792,wingLength,6.303
Meliponini,Scaptotrigona (Gymnotrigona) sp,K-0296,1135,wingLength,6.461
Meliponini,Scaptotrigona (Gymnotrigona) sp,K-0749,1585,wingLength,6.626
Meliponini,Scaptotrigona (Gymnotrigona) sp,K-0750,1591,wingLength,6.338
Meliponini,Scaptotrigona (Gymnotrigona) sp,K-1069,2501,wingLength,6.26
Meliponini,Scaptotrigona (Gymnotrigona) sp,K-1070,2507,wingLength,6.286
Meliponini,Scaptotrigona (Gymnotrigona) sp,K-1071,2513,wingLength,6.334
Meliponini,Scaptotrigona (Gymnotrigona) sp,K-1072,2519,wingLength,6.3
Meliponini,Scaptotrigona (Gymnotrigona) sp,K-1073,2525,wingLength,6.37
Meliponini,Scaptotrigona (Gymnotrigona) sp,K-1074,2531,wingLength,6.3
Meliponini,Scaptotrigona (Gymnotrigona) sp,K-0296,5105,wingWidth,2.08
Meliponini,Scaptotrigona (Scaptotrigona) sp,K-1517,2694,intertegularDistance,1.68
Meliponini,Scaptotrigona (Scaptotrigona) sp,K-1518,2700,intertegularDistance,1.618
Meliponini,Scaptotrigona (Scaptotrigona) sp,K-1519,2706,intertegularDistance,1.657
Meliponini,Scaptotrigona (Scaptotrigona) sp,K-1520,2712,intertegularDistance,1.647
Meliponini,Scaptotrigona (Scaptotrigona) sp,K-1521,2718,intertegularDistance,1.703
Meliponini,Scaptotrigona (Scaptotrigona) sp,K-1522,2724,intertegularDistance,1.624
Meliponini,Scaptotrigona (Scaptotrigona) sp,K-1523,2730,intertegularDistance,1.639
Meliponini,Scaptotrigona (Scaptotrigona) sp,K-1524,2736,intertegularDistance,1.753
Meliponini,Scaptotrigona (Scaptotrigona) sp,K-1525,2742,intertegularDistance,1.656
Meliponini,Scaptotrigona (Scaptotrigona) sp,K-1526,2748,intertegularDistance,1.708
Meliponini,Scaptotrigona (Scaptotrigona) sp,K-1517,2695,proboscisLength,3.273
Meliponini,Scaptotrigona (Scaptotrigona) sp,K-1518,2701,proboscisLength,3.359
Meliponini,Scaptotrigona (Scaptotrigona) sp,K-1519,2707,proboscisLength,3.081
Meliponini,Scaptotrigona (Scaptotrigona) sp,K-1520,2713,proboscisLength,3.229
Meliponini,Scaptotrigona (Scaptotrigona) sp,K-1521,2719,proboscisLength,2.905
Meliponini,Scaptotrigona (Scaptotrigona) sp,K-1522,2725,proboscisLength,3.015
Meliponini,Scaptotrigona (Scaptotrigona) sp,K-1523,2731,proboscisLength,2.88
Meliponini,Scaptotrigona (Scaptotrigona) sp,K-1524,2737,proboscisLength,3.169
Meliponini,Scaptotrigona (Scaptotrigona) sp,K-1525,2743,proboscisLength,3.196
Meliponini,Scaptotrigona (Scaptotrigona) sp,K-1526,2749,proboscisLength,3.333
Meliponini,Scaptotrigona (Scaptotrigona) sp,K-1517,2693,wingLength,5.747
Meliponini,Scaptotrigona (Scaptotrigona) sp,K-1518,2699,wingLength,5.672
Meliponini,Scaptotrigona (Scaptotrigona) sp,K-1519,2705,wingLength,5.675
Meliponini,Scaptotrigona (Scaptotrigona) sp,K-1520,2711,wingLength,5.818
Meliponini,Scaptotrigona (Scaptotrigona) sp,K-1521,2717,wingLength,5.82
Meliponini,Scaptotrigona (Scaptotrigona) sp,K-1522,2723,wingLength,5.689
Meliponini,Scaptotrigona (Scaptotrigona) sp,K-1523,2729,wingLength,5.767
Meliponini,Scaptotrigona (Scaptotrigona) sp,K-1524,2735,wingLength,5.613
Meliponini,Scaptotrigona (Scaptotrigona) sp,K-1525,2741,wingLength,5.669
Meliponini,Scaptotrigona (Scaptotrigona) sp,K-1526,2747,wingLength,5.861
Meliponini,Scaptotrigona (Scaptotrigona) sp,K-1421,5107,wingWidth,1.95
Meliponini,Scaptotrigona luteipennis,K-0428,1364,intertegularDistance,1.868
Meliponini,Scaptotrigona luteipennis,K-0429,1370,intertegularDistance,1.879
Meliponini,Scaptotrigona luteipennis,K-0469,1400,intertegularDistance,1.86
Meliponini,Scaptotrigona luteipennis,K-0470,1406,intertegularDistance,1.997
Meliponini,Scaptotrigona luteipennis,K-1624,2334,intertegularDistance,1.876
Meliponini,Scaptotrigona luteipennis,K-1625,2340,intertegularDistance,1.918
Meliponini,Scaptotrigona luteipennis,K-1626,2346,intertegularDistance,1.866
Meliponini,Scaptotrigona luteipennis,K-1627,2352,intertegularDistance,1.929
Meliponini,Scaptotrigona luteipennis,K-1628,2358,intertegularDistance,1.896
Meliponini,Scaptotrigona luteipennis,K-1629,2364,intertegularDistance,1.871
Meliponini,Scaptotrigona luteipennis,K-0428,1365,proboscisLength,3.22
Meliponini,Scaptotrigona luteipennis,K-0429,1371,proboscisLength,3.211
Meliponini,Scaptotrigona luteipennis,K-0469,1401,proboscisLength,3.302
Meliponini,Scaptotrigona luteipennis,K-0470,1407,proboscisLength,3.338
Meliponini,Scaptotrigona luteipennis,K-1624,2335,proboscisLength,3.525
Meliponini,Scaptotrigona luteipennis,K-1625,2341,proboscisLength,3.709
Meliponini,Scaptotrigona luteipennis,K-1626,2347,proboscisLength,3.234
Meliponini,Scaptotrigona luteipennis,K-1627,2353,proboscisLength,3.366
Meliponini,Scaptotrigona luteipennis,K-1628,2359,proboscisLength,3.383
Meliponini,Scaptotrigona luteipennis,K-1629,2365,proboscisLength,3.377
Meliponini,Scaptotrigona luteipennis,K-0428,1363,wingLength,6.428
Meliponini,Scaptotrigona luteipennis,K-0429,1369,wingLength,6.462
Meliponini,Scaptotrigona luteipennis,K-0469,1399,wingLength,6.186
Meliponini,Scaptotrigona luteipennis,K-0470,1405,wingLength,6.365
Meliponini,Scaptotrigona luteipennis,K-1624,2333,wingLength,6.261
Meliponini,Scaptotrigona luteipennis,K-1625,2339,wingLength,6.457
Meliponini,Scaptotrigona luteipennis,K-1626,2345,wingLength,6.299
Meliponini,Scaptotrigona luteipennis,K-1627,2351,wingLength,6.427
Meliponini,Scaptotrigona luteipennis,K-1628,2357,wingLength,6.489
Meliponini,Scaptotrigona luteipennis,K-1629,2363,wingLength,6.275
Meliponini,Scaptotrigona luteipennis,K-0429,5106,wingWidth,2.18
Meliponini,Scaptotrigona postica 'group b',K-0866,1724,intertegularDistance,1.658
Meliponini,Scaptotrigona postica 'group b',K-1038,2442,intertegularDistance,1.61
Meliponini,Scaptotrigona postica 'group b',K-1039,2448,intertegularDistance,1.535
Meliponini,Scaptotrigona postica 'group b',K-1313,2454,intertegularDistance,1.538
Meliponini,Scaptotrigona postica 'group b',K-1558,2394,intertegularDistance,1.635
Meliponini,Scaptotrigona postica 'group b',K-1559,2400,intertegularDistance,1.585
Meliponini,Scaptotrigona postica 'group b',K-1560,2406,intertegularDistance,1.559
Meliponini,Scaptotrigona postica 'group b',K-1561,2412,intertegularDistance,1.614
Meliponini,Scaptotrigona postica 'group b',K-1562,2418,intertegularDistance,1.649
Meliponini,Scaptotrigona postica 'group b',K-1563,2424,intertegularDistance,1.623
Meliponini,Scaptotrigona postica 'group b',K-1564,2430,intertegularDistance,1.648
Meliponini,Scaptotrigona postica 'group b',K-1565,2436,intertegularDistance,1.569
Meliponini,Scaptotrigona postica 'group b',K-1649,2460,intertegularDistance,1.586
Meliponini,Scaptotrigona postica 'group b',K-1650,2466,intertegularDistance,1.598
Meliponini,Scaptotrigona postica 'group b',K-1651,2472,intertegularDistance,1.527
Meliponini,Scaptotrigona postica 'group b',K-1652,2478,intertegularDistance,1.553
Meliponini,Scaptotrigona postica 'group b',K-1653,2484,intertegularDistance,1.589
Meliponini,Scaptotrigona postica 'group b',K-1654,2490,intertegularDistance,1.606
Meliponini,Scaptotrigona postica 'group b',K-1655,2496,intertegularDistance,1.541
Meliponini,Scaptotrigona postica 'group b',K-0866,1725,proboscisLength,2.95
Meliponini,Scaptotrigona postica 'group b',K-1038,2443,proboscisLength,2.742
Meliponini,Scaptotrigona postica 'group b',K-1039,2449,proboscisLength,2.824
Meliponini,Scaptotrigona postica 'group b',K-1313,2455,proboscisLength,2.676
Meliponini,Scaptotrigona postica 'group b',K-1558,2395,proboscisLength,2.874
Meliponini,Scaptotrigona postica 'group b',K-1559,2401,proboscisLength,2.67
Meliponini,Scaptotrigona postica 'group b',K-1560,2407,proboscisLength,2.679
Meliponini,Scaptotrigona postica 'group b',K-1561,2413,proboscisLength,2.605
Meliponini,Scaptotrigona postica 'group b',K-1562,2419,proboscisLength,2.634
Meliponini,Scaptotrigona postica 'group b',K-1563,2425,proboscisLength,2.873
Meliponini,Scaptotrigona postica 'group b',K-1564,2431,proboscisLength,2.734
Meliponini,Scaptotrigona postica 'group b',K-1565,2437,proboscisLength,2.716
Meliponini,Scaptotrigona postica 'group b',K-1649,2461,proboscisLength,2.71
Meliponini,Scaptotrigona postica 'group b',K-1650,2467,proboscisLength,2.844
Meliponini,Scaptotrigona postica 'group b',K-1651,2473,proboscisLength,2.808
Meliponini,Scaptotrigona postica 'group b',K-1652,2479,proboscisLength,2.635
Meliponini,Scaptotrigona postica 'group b',K-1653,2485,proboscisLength,2.94
Meliponini,Scaptotrigona postica 'group b',K-1654,2491,proboscisLength,2.858
Meliponini,Scaptotrigona postica 'group b',K-1655,2497,proboscisLength,2.636
Meliponini,Scaptotrigona postica 'group b',K-0866,1723,wingLength,5.659
Meliponini,Scaptotrigona postica 'group b',K-1038,2441,wingLength,5.478
Meliponini,Scaptotrigona postica 'group b',K-1039,2447,wingLength,5.544
Meliponini,Scaptotrigona postica 'group b',K-1313,2453,wingLength,5.473
Meliponini,Scaptotrigona postica 'group b',K-1558,2393,wingLength,5.603
Meliponini,Scaptotrigona postica 'group b',K-1559,2399,wingLength,5.591
Meliponini,Scaptotrigona postica 'group b',K-1560,2405,wingLength,5.511
Meliponini,Scaptotrigona postica 'group b',K-1561,2411,wingLength,5.352
Meliponini,Scaptotrigona postica 'group b',K-1562,2417,wingLength,5.475
Meliponini,Scaptotrigona postica 'group b',K-1563,2423,wingLength,5.556
Meliponini,Scaptotrigona postica 'group b',K-1564,2429,wingLength,5.62
Meliponini,Scaptotrigona postica 'group b',K-1565,2435,wingLength,5.571
Meliponini,Scaptotrigona postica 'group b',K-1649,2459,wingLength,5.565
Meliponini,Scaptotrigona postica 'group b',K-1650,2465,wingLength,5.368
Meliponini,Scaptotrigona postica 'group b',K-1651,2471,wingLength,5.292
Meliponini,Scaptotrigona postica 'group b',K-1652,2477,wingLength,5.638
Meliponini,Scaptotrigona postica 'group b',K-1653,2483,wingLength,5.661
Meliponini,Scaptotrigona postica 'group b',K-1654,2489,wingLength,5.684
Meliponini,Scaptotrigona postica 'group b',K-1655,2495,wingLength,5.362
Meliponini,Scaptotrigona postica 'group b',A-0340,5110,wingWidth,1.83
Meliponini,Scaptotrigona postica 'group b',K-0173,5108,wingWidth,1.88
Meliponini,Scaptotrigona postica 'group b',K-0174,5113,wingWidth,1.85
Meliponini,Scaptotrigona postica 'group b',K-0337,5109,wingWidth,1.93
Meliponini,Scaptotrigona postica 'group b',K-0625,5111,wingWidth,1.99
Meliponini,Scaptotrigona postica 'group b',K-0843,5112,wingWidth,1.84
Meliponini,Scaura argyrea,A-1487,799,intertegularDistance,1.224
Meliponini,Scaura argyrea,A-1488,805,intertegularDistance,1.182
Meliponini,Scaura argyrea,A-1489,811,intertegularDistance,1.165
Meliponini,Scaura argyrea,A-1490,817,intertegularDistance,1.213
Meliponini,Scaura argyrea,A-1491,824,intertegularDistance,1.216
Meliponini,Scaura argyrea,A-1492,830,intertegularDistance,1.263
Meliponini,Scaura argyrea,A-1493,836,intertegularDistance,1.185
Meliponini,Scaura argyrea,A-1494,842,intertegularDistance,1.202
Meliponini,Scaura argyrea,A-1495,848,intertegularDistance,1.258
Meliponini,Scaura argyrea,A-1496,854,intertegularDistance,1.214
Meliponini,Scaura argyrea,A-1487,800,proboscisLength,1.138
Meliponini,Scaura argyrea,A-1488,806,proboscisLength,1.285
Meliponini,Scaura argyrea,A-1489,812,proboscisLength,1.226
Meliponini,Scaura argyrea,A-1490,818,proboscisLength,1.37
Meliponini,Scaura argyrea,A-1491,825,proboscisLength,1.166
Meliponini,Scaura argyrea,A-1492,831,proboscisLength,1.45
Meliponini,Scaura argyrea,A-1493,837,proboscisLength,1.37
Meliponini,Scaura argyrea,A-1494,843,proboscisLength,1.376
Meliponini,Scaura argyrea,A-1495,849,proboscisLength,1.318
Meliponini,Scaura argyrea,A-1496,855,proboscisLength,1.306
Meliponini,Scaura argyrea,A-1487,798,wingLength,4.144
Meliponini,Scaura argyrea,A-1488,804,wingLength,4.218
Meliponini,Scaura argyrea,A-1489,810,wingLength,4.266
Meliponini,Scaura argyrea,A-1490,816,wingLength,4.229
Meliponini,Scaura argyrea,A-1491,823,wingLength,4.156
Meliponini,Scaura argyrea,A-1492,829,wingLength,4.109
Meliponini,Scaura argyrea,A-1493,835,wingLength,4.274
Meliponini,Scaura argyrea,A-1494,841,wingLength,4.257
Meliponini,Scaura argyrea,A-1495,847,wingLength,4.207
Meliponini,Scaura argyrea,A-1496,853,wingLength,4.037
Meliponini,Scaura argyrea,A-1482,5133,wingWidth,1.56
Meliponini,Scaura argyrea,A-1484,5134,wingWidth,1.43
Meliponini,Scaura argyrea,K-0858,5132,wingWidth,1.46
Meliponini,Scaura longula,K-0110,908,intertegularDistance,1.27
Meliponini,Scaura longula,K-0111,914,intertegularDistance,1.276
Meliponini,Scaura longula,K-0110,909,proboscisLength,1.392
Meliponini,Scaura longula,K-0111,915,proboscisLength,1.431
Meliponini,Scaura longula,K-0110,907,wingLength,4.92
Meliponini,Scaura longula,K-0111,913,wingLength,5.091
Meliponini,Scaura longula,K-0107,4929,wingWidth,1.77
Meliponini,Scaura longula,K-0109,4930,wingWidth,1.71
Halictidae,Temnosoma sp1,B0857,4615,intertegularDistance,1.6
Halictidae,Temnosoma sp1,B0857,4616,proboscisLength,4.38
Halictidae,Temnosoma sp1,B0857,4613,wingLength,6.34
Halictidae,Temnosoma sp1,B0857,4614,wingWidth,2.25
Meliponini,Tetragona perangulata,K-0134,938,intertegularDistance,1.316
Meliponini,Tetragona perangulata,K-0135,944,intertegularDistance,1.335
Meliponini,Tetragona perangulata,K-0136,950,intertegularDistance,1.297
Meliponini,Tetragona perangulata,K-0137,956,intertegularDistance,1.337
Meliponini,Tetragona perangulata,K-0685,1490,intertegularDistance,1.268
Meliponini,Tetragona perangulata,K-0686,1496,intertegularDistance,1.251
Meliponini,Tetragona perangulata,K-0687,1502,intertegularDistance,1.233
Meliponini,Tetragona perangulata,K-0688,1508,intertegularDistance,1.297
Meliponini,Tetragona perangulata,K-0689,1514,intertegularDistance,1.3
Meliponini,Tetragona perangulata,K-0690,1520,intertegularDistance,1.363
Meliponini,Tetragona perangulata,K-0134,939,proboscisLength,1.554
Meliponini,Tetragona perangulata,K-0135,945,proboscisLength,1.264
Meliponini,Tetragona perangulata,K-0136,951,proboscisLength,1.461
Meliponini,Tetragona perangulata,K-0137,957,proboscisLength,1.548
Meliponini,Tetragona perangulata,K-0685,1491,proboscisLength,1.446
Meliponini,Tetragona perangulata,K-0686,1497,proboscisLength,1.47
Meliponini,Tetragona perangulata,K-0687,1503,proboscisLength,1.472
Meliponini,Tetragona perangulata,K-0688,1509,proboscisLength,1.551
Meliponini,Tetragona perangulata,K-0689,1515,proboscisLength,1.409
Meliponini,Tetragona perangulata,K-0690,1521,proboscisLength,1.604
Meliponini,Tetragona perangulata,K-0134,937,wingLength,5.926
Meliponini,Tetragona perangulata,K-0135,943,wingLength,5.384
Meliponini,Tetragona perangulata,K-0136,949,wingLength,5.797
Meliponini,Tetragona perangulata,K-0137,955,wingLength,5.947
Meliponini,Tetragona perangulata,K-0685,1489,wingLength,5.622
Meliponini,Tetragona perangulata,K-0686,1495,wingLength,5.577
Meliponini,Tetragona perangulata,K-0687,1501,wingLength,5.57
Meliponini,Tetragona perangulata,K-0688,1507,wingLength,5.968
Meliponini,Tetragona perangulata,K-0689,1513,wingLength,5.706
Meliponini,Tetragona perangulata,K-0690,1519,wingLength,5.953
Meliponini,Tetragona perangulata,K-0018,5125,wingWidth,1.99
Meliponini,Tetragona perangulata,K-0075,5124,wingWidth,1.91
Meliponini,Tetragona perangulata,K-0118,5123,wingWidth,1.84
Meliponini,Tetragona ziegleri,K-0693,1526,intertegularDistance,1.123
Meliponini,Tetragona ziegleri,K-0694,1532,intertegularDistance,1.173
Meliponini,Tetragona ziegleri,K-0695,1538,intertegularDistance,1.198
Meliponini,Tetragona ziegleri,K-0696,1544,intertegularDistance,1.157
Meliponini,Tetragona ziegleri,K-0697,1550,intertegularDistance,1.17
Meliponini,Tetragona ziegleri,K-0698,1556,intertegularDistance,1.15
Meliponini,Tetragona ziegleri,K-0757,1610,intertegularDistance,1.127
Meliponini,Tetragona ziegleri,K-0758,1616,intertegularDistance,1.164
Meliponini,Tetragona ziegleri,K-0759,1622,intertegularDistance,1.162
Meliponini,Tetragona ziegleri,K-0760,1628,intertegularDistance,1.204
Meliponini,Tetragona ziegleri,K-0693,1527,proboscisLength,1.24
Meliponini,Tetragona ziegleri,K-0694,1533,proboscisLength,1.291
Meliponini,Tetragona ziegleri,K-0695,1539,proboscisLength,1.294
Meliponini,Tetragona ziegleri,K-0696,1545,proboscisLength,1.338
Meliponini,Tetragona ziegleri,K-0697,1551,proboscisLength,1.33
Meliponini,Tetragona ziegleri,K-0698,1557,proboscisLength,1.292
Meliponini,Tetragona ziegleri,K-0757,1611,proboscisLength,1.329
Meliponini,Tetragona ziegleri,K-0758,1617,proboscisLength,1.321
Meliponini,Tetragona ziegleri,K-0759,1623,proboscisLength,1.261
Meliponini,Tetragona ziegleri,K-0760,1629,proboscisLength,1.27
Meliponini,Tetragona ziegleri,K-0693,1525,wingLength,5.269
Meliponini,Tetragona ziegleri,K-0694,1531,wingLength,5.362
Meliponini,Tetragona ziegleri,K-0695,1537,wingLength,5.584
Meliponini,Tetragona ziegleri,K-0696,1543,wingLength,5.331
Meliponini,Tetragona ziegleri,K-0697,1549,wingLength,5.233
Meliponini,Tetragona ziegleri,K-0698,1555,wingLength,5.177
Meliponini,Tetragona ziegleri,K-0757,1609,wingLength,5.357
Meliponini,Tetragona ziegleri,K-0758,1615,wingLength,5.086
Meliponini,Tetragona ziegleri,K-0759,1621,wingLength,5.459
Meliponini,Tetragona ziegleri,K-0760,1627,wingLength,5.143
Meliponini,Tetragona ziegleri,K-0028,5121,wingWidth,1.89
Meliponini,Tetragona ziegleri,K-0087,5122,wingWidth,1.91
Meliponini,Tetragona ziegleri,K-0768,5120,wingWidth,2.02
Meliponini,Tetragonisca angustula,K-0115,920,intertegularDistance,0.904
Meliponini,Tetragonisca angustula,K-0116,926,intertegularDistance,0.908
Meliponini,Tetragonisca angustula,K-0117,932,intertegularDistance,0.983
Meliponini,Tetragonisca angustula,K-0305,1142,intertegularDistance,0.921
Meliponini,Tetragonisca angustula,K-0654,1466,intertegularDistance,0.922
Meliponini,Tetragonisca angustula,K-0655,1472,intertegularDistance,0.901
Meliponini,Tetragonisca angustula,K-0656,1478,intertegularDistance,0.882
Meliponini,Tetragonisca angustula,K-0657,1484,intertegularDistance,0.89
Meliponini,Tetragonisca angustula,K-1688,4810,intertegularDistance,1
Meliponini,Tetragonisca angustula,K-1720,2652,intertegularDistance,0.93
Meliponini,Tetragonisca angustula,K-1721,2658,intertegularDistance,0.929
Meliponini,Tetragonisca angustula,K-0115,921,proboscisLength,1.373
Meliponini,Tetragonisca angustula,K-0116,927,proboscisLength,1.521
Meliponini,Tetragonisca angustula,K-0117,933,proboscisLength,1.484
Meliponini,Tetragonisca angustula,K-0305,1143,proboscisLength,1.517
Meliponini,Tetragonisca angustula,K-0654,1467,proboscisLength,1.371
Meliponini,Tetragonisca angustula,K-0655,1473,proboscisLength,1.452
Meliponini,Tetragonisca angustula,K-0656,1479,proboscisLength,1.409
Meliponini,Tetragonisca angustula,K-0657,1485,proboscisLength,1.4
Meliponini,Tetragonisca angustula,K-1720,2653,proboscisLength,1.519
Meliponini,Tetragonisca angustula,K-1721,2659,proboscisLength,1.589
Meliponini,Tetragonisca angustula,K-0115,919,wingLength,3.553
Meliponini,Tetragonisca angustula,K-0116,925,wingLength,3.555
Meliponini,Tetragonisca angustula,K-0117,931,wingLength,3.623
Meliponini,Tetragonisca angustula,K-0305,1141,wingLength,3.66
Meliponini,Tetragonisca angustula,K-0654,1465,wingLength,3.539
Meliponini,Tetragonisca angustula,K-0655,1471,wingLength,3.586
Meliponini,Tetragonisca angustula,K-0656,1477,wingLength,3.621
Meliponini,Tetragonisca angustula,K-0657,1483,wingLength,3.74
Meliponini,Tetragonisca angustula,K-1688,4808,wingLength,3.48
Meliponini,Tetragonisca angustula,K-1720,2651,wingLength,3.821
Meliponini,Tetragonisca angustula,K-1721,2657,wingLength,3.544
Meliponini,Tetragonisca angustula,K-0112,5126,wingWidth,1.07
Meliponini,Tetragonisca angustula,K-0114,5127,wingWidth,1.02
Meliponini,Tetragonisca angustula,K-0653,5128,wingWidth,1.05
Meliponini,Tetragonisca angustula,K-1688,4809,wingWidth,1.17
Meliponini,Tetragonisca buchwaldi,K-1979,2370,intertegularDistance,1.018
Meliponini,Tetragonisca buchwaldi,K-1979,2371,proboscisLength,1.498
Meliponini,Tetragonisca buchwaldi,K-1979,2369,wingLength,4.964
Meliponini,Tetragonisca buchwaldi,A-0564,4941,wingWidth,1.56
Meliponini,Tetragonisca buchwaldi,K-0626,4940,wingWidth,1.7
Meliponini,Tetragonisca buchwaldi,K-0975,4939,wingWidth,1.56
Eucerini,Thygater cf analis,D-1834,4942,intertegularDistance,2.36
Eucerini,Thygater cf analis,D-1834,4943,proboscisLength,7.28
Eucerini,Thygater cf analis,D-1834,4944,wingLength,7.95
Eucerini,Thygater cf analis,D-1834,4945,wingWidth,2.47
Meliponini,Trigona (Necrotrigona) hypogea,D-0039,4958,intertegularDistance,1.48
Meliponini,Trigona (Necrotrigona) hypogea,D-0039,4959,proboscisLength,1.85
Meliponini,Trigona (Necrotrigona) hypogea,D-0039,4960,wingLength,5.94
Meliponini,Trigona (Necrotrigona) hypogea,D-0039,4961,wingWidth,2.19
Meliponini,Trigona (Trigona) sp,K-1756,4820,intertegularDistance,1.52
Meliponini,Trigona (Trigona) sp,K-1756,4821,proboscisLength,2.84
Meliponini,Trigona (Trigona) sp,K-1756,4818,wingLength,7.17
Meliponini,Trigona (Trigona) sp,K-1756,4819,wingWidth,2.52
Meliponini,Trigona (Trigona) sp,K-1756,5170,wingWidth,2.72
Meliponini,Trigona cilipes,K-0836,1694,intertegularDistance,1.355
Meliponini,Trigona cilipes,K-0836,1695,proboscisLength,2.465
Meliponini,Trigona cilipes,K-0836,1693,wingLength,5.346
Meliponini,Trigona cilipes,D-1014,5166,wingWidth,1.85
Meliponini,Trigona cilipes,K-0202,5165,wingWidth,2.08
Meliponini,Trigona corvina,K-1738,4850,intertegularDistance,1.49
Meliponini,Trigona corvina,K-1739,4855,intertegularDistance,1.51
Meliponini,Trigona corvina,K-1740,4860,intertegularDistance,1.53
Meliponini,Trigona corvina,K-1741,4865,intertegularDistance,1.5
Meliponini,Trigona corvina,K-1742,4870,intertegularDistance,1.56
Meliponini,Trigona corvina,K-1738,4851,proboscisLength,2.29
Meliponini,Trigona corvina,K-1739,4856,proboscisLength,2.72
Meliponini,Trigona corvina,K-1740,4861,proboscisLength,2.74
Meliponini,Trigona corvina,K-1741,4866,proboscisLength,2.69
Meliponini,Trigona corvina,K-1742,4871,proboscisLength,2.76
Meliponini,Trigona corvina,K-1738,4848,wingLength,6.41
Meliponini,Trigona corvina,K-1739,4853,wingLength,6.82
Meliponini,Trigona corvina,K-1740,4858,wingLength,6.78
Meliponini,Trigona corvina,K-1741,4863,wingLength,6.65
Meliponini,Trigona corvina,K-1742,4868,wingLength,6.76
Meliponini,Trigona corvina,K-0021,5167,wingWidth,2.22
Meliponini,Trigona corvina,K-1738,4849,wingWidth,2.4
Meliponini,Trigona corvina,K-1739,4854,wingWidth,2.49
Meliponini,Trigona corvina,K-1740,4859,wingWidth,2.19
Meliponini,Trigona corvina,K-1741,4864,wingWidth,2.37
Meliponini,Trigona corvina,K-1742,4869,wingWidth,2.26
Meliponini,Trigona corvina,K-1743,5169,wingWidth,2.35
Meliponini,Trigona corvina,K-1744,5168,wingWidth,2.51
Meliponini,Trigona ferricauda,K-0159,1016,intertegularDistance,1.297
Meliponini,Trigona ferricauda,K-0160,1022,intertegularDistance,1.393
Meliponini,Trigona ferricauda,K-0161,1028,intertegularDistance,1.313
Meliponini,Trigona ferricauda,K-0162,1034,intertegularDistance,1.354
Meliponini,Trigona ferricauda,K-0245,1058,intertegularDistance,1.379
Meliponini,Trigona ferricauda,K-0246,1064,intertegularDistance,1.406
Meliponini,Trigona ferricauda,K-0247,1070,intertegularDistance,1.367
Meliponini,Trigona ferricauda,K-0248,1076,intertegularDistance,1.404
Meliponini,Trigona ferricauda,K-0751,1598,intertegularDistance,1.364
Meliponini,Trigona ferricauda,K-0752,1604,intertegularDistance,1.351
Meliponini,Trigona ferricauda,K-0159,1017,proboscisLength,2.669
Meliponini,Trigona ferricauda,K-0160,1023,proboscisLength,2.801
Meliponini,Trigona ferricauda,K-0161,1029,proboscisLength,2.548
Meliponini,Trigona ferricauda,K-0162,1035,proboscisLength,2.795
Meliponini,Trigona ferricauda,K-0245,1059,proboscisLength,2.764
Meliponini,Trigona ferricauda,K-0246,1065,proboscisLength,2.838
Meliponini,Trigona ferricauda,K-0247,1071,proboscisLength,2.674
Meliponini,Trigona ferricauda,K-0248,1077,proboscisLength,2.755
Meliponini,Trigona ferricauda,K-0751,1599,proboscisLength,2.645
Meliponini,Trigona ferricauda,K-0752,1605,proboscisLength,2.694
Meliponini,Trigona ferricauda,K-0159,1015,wingLength,5.728
Meliponini,Trigona ferricauda,K-0160,1021,wingLength,5.999
Meliponini,Trigona ferricauda,K-0161,1027,wingLength,5.537
Meliponini,Trigona ferricauda,K-0162,1033,wingLength,6.09
Meliponini,Trigona ferricauda,K-0245,1057,wingLength,6.135
Meliponini,Trigona ferricauda,K-0246,1063,wingLength,6.133
Meliponini,Trigona ferricauda,K-0247,1069,wingLength,5.981
Meliponini,Trigona ferricauda,K-0248,1075,wingLength,6.092
Meliponini,Trigona ferricauda,K-0751,1597,wingLength,5.909
Meliponini,Trigona ferricauda,K-0752,1603,wingLength,5.948
Meliponini,Trigona ferricauda,A-0291,5175,wingWidth,2.23
Meliponini,Trigona ferricauda,K-0014,5174,wingWidth,2.22
Meliponini,Trigona ferricauda,K-0336,5176,wingWidth,2.19
Meliponini,Trigona fulviventris,K-1334,2538,intertegularDistance,1.398
Meliponini,Trigona fulviventris,K-2049,2544,intertegularDistance,1.382
Meliponini,Trigona fulviventris,K-2050,2550,intertegularDistance,1.403
Meliponini,Trigona fulviventris,K-2051,2556,intertegularDistance,1.414
Meliponini,Trigona fulviventris,K-2246,2562,intertegularDistance,1.458
Meliponini,Trigona fulviventris,K-2247,2568,intertegularDistance,1.438
Meliponini,Trigona fulviventris,K-2298,2574,intertegularDistance,1.44
Meliponini,Trigona fulviventris,K-2299,2580,intertegularDistance,1.454
Meliponini,Trigona fulviventris,K-2367,2586,intertegularDistance,1.462
Meliponini,Trigona fulviventris,K-1334,2539,proboscisLength,3.206
Meliponini,Trigona fulviventris,K-2049,2545,proboscisLength,3.617
Meliponini,Trigona fulviventris,K-2050,2551,proboscisLength,3.233
Meliponini,Trigona fulviventris,K-2051,2557,proboscisLength,3.335
Meliponini,Trigona fulviventris,K-2246,2563,proboscisLength,3.392
Meliponini,Trigona fulviventris,K-2247,2569,proboscisLength,3.209
Meliponini,Trigona fulviventris,K-2298,2575,proboscisLength,3.37
Meliponini,Trigona fulviventris,K-2299,2581,proboscisLength,3.361
Meliponini,Trigona fulviventris,K-2367,2587,proboscisLength,3.464
Meliponini,Trigona fulviventris,K-1334,2537,wingLength,7.036
Meliponini,Trigona fulviventris,K-2049,2543,wingLength,7.051
Meliponini,Trigona fulviventris,K-2050,2549,wingLength,6.864
Meliponini,Trigona fulviventris,K-2051,2555,wingLength,7.05
Meliponini,Trigona fulviventris,K-2246,2561,wingLength,7.191
Meliponini,Trigona fulviventris,K-2247,2567,wingLength,6.631
Meliponini,Trigona fulviventris,K-2298,2573,wingLength,6.926
Meliponini,Trigona fulviventris,K-2299,2579,wingLength,7.058
Meliponini,Trigona fulviventris,K-2367,2585,wingLength,7.126
Meliponini,Trigona fulviventris,K-0020,5178,wingWidth,2.41
Meliponini,Trigona fulviventris,K-0210,5177,wingWidth,2.54
Meliponini,Trigona fuscipennis,K-0250,1082,intertegularDistance,1.426
Meliponini,Trigona fuscipennis,K-0880,1736,intertegularDistance,1.432
Meliponini,Trigona fuscipennis,K-0881,1742,intertegularDistance,1.465
Meliponini,Trigona fuscipennis,K-1695,2592,intertegularDistance,1.393
Meliponini,Trigona fuscipennis,K-2061,2622,intertegularDistance,1.402
Meliponini,Trigona fuscipennis,K-2062,2628,intertegularDistance,1.33
Meliponini,Trigona fuscipennis,K-2063,2634,intertegularDistance,1.369
Meliponini,Trigona fuscipennis,K-2104,2616,intertegularDistance,1.435
Meliponini,Trigona fuscipennis,K-2225,2640,intertegularDistance,1.425
Meliponini,Trigona fuscipennis,K-2250,2646,intertegularDistance,1.468
Meliponini,Trigona fuscipennis,K-0250,1083,proboscisLength,1.626
Meliponini,Trigona fuscipennis,K-0880,1737,proboscisLength,1.688
Meliponini,Trigona fuscipennis,K-0881,1743,proboscisLength,1.591
Meliponini,Trigona fuscipennis,K-1695,2593,proboscisLength,1.809
Meliponini,Trigona fuscipennis,K-2061,2623,proboscisLength,1.777
Meliponini,Trigona fuscipennis,K-2062,2629,proboscisLength,1.758
Meliponini,Trigona fuscipennis,K-2063,2635,proboscisLength,1.596
Meliponini,Trigona fuscipennis,K-2104,2617,proboscisLength,1.763
Meliponini,Trigona fuscipennis,K-2225,2641,proboscisLength,1.742
Meliponini,Trigona fuscipennis,K-2250,2647,proboscisLength,1.755
Meliponini,Trigona fuscipennis,K-0250,1081,wingLength,5.518
Meliponini,Trigona fuscipennis,K-0880,1735,wingLength,5.552
Meliponini,Trigona fuscipennis,K-0881,1741,wingLength,5.456
Meliponini,Trigona fuscipennis,K-1695,2591,wingLength,5.581
Meliponini,Trigona fuscipennis,K-2061,2621,wingLength,5.891
Meliponini,Trigona fuscipennis,K-2062,2627,wingLength,5.584
Meliponini,Trigona fuscipennis,K-2063,2633,wingLength,5.673
Meliponini,Trigona fuscipennis,K-2104,2615,wingLength,5.552
Meliponini,Trigona fuscipennis,K-2225,2639,wingLength,5.802
Meliponini,Trigona fuscipennis,K-2250,2645,wingLength,5.805
Meliponini,Trigona fuscipennis,K-0250,5159,wingWidth,1.84
Meliponini,Trigona fuscipennis,K-0945,5160,wingWidth,1.91
Meliponini,Trigona fuscipennis,K-0946,5161,wingWidth,1.94
Meliponini,Trigona guianae,K-0147,962,intertegularDistance,1.549
Meliponini,Trigona guianae,K-0148,968,intertegularDistance,1.48
Meliponini,Trigona guianae,K-0257,1088,intertegularDistance,1.487
Meliponini,Trigona guianae,K-0389,1334,intertegularDistance,1.489
Meliponini,Trigona guianae,K-0745,1562,intertegularDistance,1.517
Meliponini,Trigona guianae,K-0746,1568,intertegularDistance,1.475
Meliponini,Trigona guianae,K-0747,1574,intertegularDistance,1.381
Meliponini,Trigona guianae,K-0748,1580,intertegularDistance,1.558
Meliponini,Trigona guianae,K-0942,1862,intertegularDistance,1.536
Meliponini,Trigona guianae,K-0943,1868,intertegularDistance,1.467
Meliponini,Trigona guianae,K-0944,1874,intertegularDistance,1.448
Meliponini,Trigona guianae,K-1738,2598,intertegularDistance,1.475
Meliponini,Trigona guianae,K-1739,2604,intertegularDistance,1.454
Meliponini,Trigona guianae,K-1740,2610,intertegularDistance,1.517
Meliponini,Trigona guianae,K-0147,963,proboscisLength,2.976
Meliponini,Trigona guianae,K-0148,969,proboscisLength,3.197
Meliponini,Trigona guianae,K-0257,1089,proboscisLength,3.117
Meliponini,Trigona guianae,K-0389,1335,proboscisLength,3.19
Meliponini,Trigona guianae,K-0745,1563,proboscisLength,3.125
Meliponini,Trigona guianae,K-0746,1569,proboscisLength,3.238
Meliponini,Trigona guianae,K-0747,1575,proboscisLength,2.898
Meliponini,Trigona guianae,K-0748,1581,proboscisLength,2.054
Meliponini,Trigona guianae,K-0942,1863,proboscisLength,3.182
Meliponini,Trigona guianae,K-0943,1869,proboscisLength,3.068
Meliponini,Trigona guianae,K-0944,1875,proboscisLength,3.202
Meliponini,Trigona guianae,K-1738,2599,proboscisLength,3.324
Meliponini,Trigona guianae,K-1739,2605,proboscisLength,3.056
Meliponini,Trigona guianae,K-1740,2611,proboscisLength,3.344
Meliponini,Trigona guianae,K-0147,961,wingLength,6.679
Meliponini,Trigona guianae,K-0148,967,wingLength,7.02
Meliponini,Trigona guianae,K-0257,1087,wingLength,7.172
Meliponini,Trigona guianae,K-0389,1333,wingLength,6.55
Meliponini,Trigona guianae,K-0745,1561,wingLength,6.912
Meliponini,Trigona guianae,K-0746,1567,wingLength,6.775
Meliponini,Trigona guianae,K-0747,1573,wingLength,6.7
Meliponini,Trigona guianae,K-0748,1579,wingLength,6.013
Meliponini,Trigona guianae,K-0942,1861,wingLength,6.811
Meliponini,Trigona guianae,K-0943,1867,wingLength,6.854
Meliponini,Trigona guianae,K-0944,1873,wingLength,7
Meliponini,Trigona guianae,K-1738,2597,wingLength,6.625
Meliponini,Trigona guianae,K-1739,2603,wingLength,6.92
Meliponini,Trigona guianae,K-1740,2609,wingLength,7.005
Meliponini,Trigona guianae,A-0021,5163,wingWidth,2.31
Meliponini,Trigona guianae,D-1071,5164,wingWidth,2.41
Meliponini,Trigona guianae,K-0022,5162,wingWidth,2.43
Meliponini,Trigona muzoensis,K-0013,4825,intertegularDistance,1.3
Meliponini,Trigona muzoensis,K-0040,4830,intertegularDistance,1.3
Meliponini,Trigona muzoensis,K-0043,4835,intertegularDistance,1.34
Meliponini,Trigona muzoensis,K-0066,4840,intertegularDistance,1.35
Meliponini,Trigona muzoensis,K-0013,4823,wingLength,5.49
Meliponini,Trigona muzoensis,K-0040,4828,wingLength,5.19
Meliponini,Trigona muzoensis,K-0043,4833,wingLength,5.9
Meliponini,Trigona muzoensis,K-0066,4838,wingLength,5.28
Meliponini,Trigona muzoensis,K-0013,4824,wingWidth,2.01
Meliponini,Trigona muzoensis,K-0040,4829,wingWidth,1.91
Meliponini,Trigona muzoensis,K-0043,4834,wingWidth,1.95
Meliponini,Trigona muzoensis,K-0066,4839,wingWidth,2.14
Meliponini,Trigona nigerrima,A-0426,541,intertegularDistance,1.709
Meliponini,Trigona nigerrima,A-0427,547,intertegularDistance,1.724
Meliponini,Trigona nigerrima,A-0428,553,intertegularDistance,1.794
Meliponini,Trigona nigerrima,A-0429,559,intertegularDistance,1.736
Meliponini,Trigona nigerrima,A-0430,565,intertegularDistance,1.755
Meliponini,Trigona nigerrima,A-0431,571,intertegularDistance,1.733
Meliponini,Trigona nigerrima,A-0432,577,intertegularDistance,1.661
Meliponini,Trigona nigerrima,K-0070,896,intertegularDistance,1.639
Meliponini,Trigona nigerrima,K-0071,902,intertegularDistance,1.459
Meliponini,Trigona nigerrima,K-0466,1394,intertegularDistance,1.706
Meliponini,Trigona nigerrima,K-2325,2754,intertegularDistance,1.558
Meliponini,Trigona nigerrima,K-2326,2760,intertegularDistance,1.591
Meliponini,Trigona nigerrima,K-2327,2766,intertegularDistance,1.6
Meliponini,Trigona nigerrima,K-2328,2772,intertegularDistance,1.606
Meliponini,Trigona nigerrima,K-2329,2778,intertegularDistance,1.582
Meliponini,Trigona nigerrima,K-2330,2784,intertegularDistance,1.651
Meliponini,Trigona nigerrima,A-0426,542,proboscisLength,2.357
Meliponini,Trigona nigerrima,A-0427,548,proboscisLength,2.34
Meliponini,Trigona nigerrima,A-0428,554,proboscisLength,2.344
Meliponini,Trigona nigerrima,A-0429,560,proboscisLength,2.336
Meliponini,Trigona nigerrima,A-0430,566,proboscisLength,2.359
Meliponini,Trigona nigerrima,A-0431,572,proboscisLength,2.388
Meliponini,Trigona nigerrima,A-0432,578,proboscisLength,2.38
Meliponini,Trigona nigerrima,K-0070,897,proboscisLength,2.311
Meliponini,Trigona nigerrima,K-0071,903,proboscisLength,2.638
Meliponini,Trigona nigerrima,K-0466,1395,proboscisLength,2.525
Meliponini,Trigona nigerrima,K-2325,2755,proboscisLength,2.58
Meliponini,Trigona nigerrima,K-2326,2761,proboscisLength,2.548
Meliponini,Trigona nigerrima,K-2327,2767,proboscisLength,2.485
Meliponini,Trigona nigerrima,K-2328,2773,proboscisLength,2.59
Meliponini,Trigona nigerrima,K-2329,2779,proboscisLength,2.546
Meliponini,Trigona nigerrima,K-2330,2785,proboscisLength,2.608
Meliponini,Trigona nigerrima,A-0426,540,wingLength,7.716
Meliponini,Trigona nigerrima,A-0427,546,wingLength,7.544
Meliponini,Trigona nigerrima,A-0428,552,wingLength,7.334
Meliponini,Trigona nigerrima,A-0429,558,wingLength,7.952
Meliponini,Trigona nigerrima,A-0430,564,wingLength,7.711
Meliponini,Trigona nigerrima,A-0431,570,wingLength,7.524
Meliponini,Trigona nigerrima,A-0432,576,wingLength,7.394
Meliponini,Trigona nigerrima,K-0070,895,wingLength,8.379
Meliponini,Trigona nigerrima,K-0071,901,wingLength,7.339
Meliponini,Trigona nigerrima,K-0466,1393,wingLength,7.889
Meliponini,Trigona nigerrima,K-2325,2753,wingLength,7.956
Meliponini,Trigona nigerrima,K-2326,2759,wingLength,8.489
Meliponini,Trigona nigerrima,K-2327,2765,wingLength,8.315
Meliponini,Trigona nigerrima,K-2328,2771,wingLength,7.623
Meliponini,Trigona nigerrima,K-2329,2777,wingLength,7.706
Meliponini,Trigona nigerrima,K-2330,2783,wingLength,8.256
Meliponini,Trigona nigerrima,A-0343,5157,wingWidth,2.85
Meliponini,Trigona nigerrima,A-0429,5156,wingWidth,2.63
Meliponini,Trigona nigerrima,A-0430,5155,wingWidth,2.54
Meliponini,Trigona nigerrima,K-2330,5158,wingWidth,2.64
Meliponini,Trigona recursa,K-0832,1676,intertegularDistance,1.412
Meliponini,Trigona recursa,K-0833,1682,intertegularDistance,1.414
Meliponini,Trigona recursa,K-0834,1688,intertegularDistance,1.372
Meliponini,Trigona recursa,K-0882,1748,intertegularDistance,1.398
Meliponini,Trigona recursa,K-0884,1754,intertegularDistance,0.906
Meliponini,Trigona recursa,K-0885,1760,intertegularDistance,1.012
Meliponini,Trigona recursa,K-0886,1766,intertegularDistance,0.994
Meliponini,Trigona recursa,K-0887,1772,intertegularDistance,0.981
Meliponini,Trigona recursa,K-0888,1778,intertegularDistance,0.989
Meliponini,Trigona recursa,K-0889,1784,intertegularDistance,0.973
Meliponini,Trigona recursa,K-0890,1790,intertegularDistance,0.985
Meliponini,Trigona recursa,K-0891,1796,intertegularDistance,0.955
Meliponini,Trigona recursa,K-0892,1802,intertegularDistance,0.972
Meliponini,Trigona recursa,K-0832,1677,proboscisLength,2.094
Meliponini,Trigona recursa,K-0833,1683,proboscisLength,2.127
Meliponini,Trigona recursa,K-0834,1689,proboscisLength,2.033
Meliponini,Trigona recursa,K-0882,1749,proboscisLength,1.838
Meliponini,Trigona recursa,K-0884,1755,proboscisLength,1.432
Meliponini,Trigona recursa,K-0885,1761,proboscisLength,1.238
Meliponini,Trigona recursa,K-0886,1767,proboscisLength,1.224
Meliponini,Trigona recursa,K-0887,1773,proboscisLength,1.347
Meliponini,Trigona recursa,K-0888,1779,proboscisLength,1.364
Meliponini,Trigona recursa,K-0889,1785,proboscisLength,1.193
Meliponini,Trigona recursa,K-0890,1791,proboscisLength,1.277
Meliponini,Trigona recursa,K-0891,1797,proboscisLength,1.421
Meliponini,Trigona recursa,K-0892,1803,proboscisLength,1.213
Meliponini,Trigona recursa,K-0832,1675,wingLength,6.051
Meliponini,Trigona recursa,K-0833,1681,wingLength,5.934
Meliponini,Trigona recursa,K-0834,1687,wingLength,6.018
Meliponini,Trigona recursa,K-0882,1747,wingLength,6.552
Meliponini,Trigona recursa,K-0884,1753,wingLength,2.905
Meliponini,Trigona recursa,K-0885,1759,wingLength,2.996
Meliponini,Trigona recursa,K-0886,1765,wingLength,2.881
Meliponini,Trigona recursa,K-0887,1771,wingLength,3.023
Meliponini,Trigona recursa,K-0888,1777,wingLength,3.087
Meliponini,Trigona recursa,K-0889,1783,wingLength,3.045
Meliponini,Trigona recursa,K-0890,1789,wingLength,2.946
Meliponini,Trigona recursa,K-0891,1795,wingLength,2.992
Meliponini,Trigona recursa,K-0892,1801,wingLength,2.991
Meliponini,Trigona recursa,D-1852,5171,wingWidth,2.11
Meliponini,Trigona recursa,D-1853,5173,wingWidth,1.98
Meliponini,Trigona recursa,D-1855,5172,wingWidth,2
Meliponini,Trigona silvestriana,K-0400,1340,intertegularDistance,2.096
Meliponini,Trigona silvestriana,K-0401,1346,intertegularDistance,2.073
Meliponini,Trigona silvestriana,K-0402,1352,intertegularDistance,2.106
Meliponini,Trigona silvestriana,K-0403,1358,intertegularDistance,2.122
Meliponini,Trigona silvestriana,K-0821,1664,intertegularDistance,2.097
Meliponini,Trigona silvestriana,K-0822,1670,intertegularDistance,2.064
Meliponini,Trigona silvestriana,K-0937,1838,intertegularDistance,1.974
Meliponini,Trigona silvestriana,K-0938,1844,intertegularDistance,2.078
Meliponini,Trigona silvestriana,K-0939,1850,intertegularDistance,2.041
Meliponini,Trigona silvestriana,K-0940,1856,intertegularDistance,2.061
Meliponini,Trigona silvestriana,K-0400,1341,proboscisLength,2.881
Meliponini,Trigona silvestriana,K-0401,1347,proboscisLength,2.808
Meliponini,Trigona silvestriana,K-0402,1353,proboscisLength,3.276
Meliponini,Trigona silvestriana,K-0403,1359,proboscisLength,2.806
Meliponini,Trigona silvestriana,K-0821,1665,proboscisLength,2.84
Meliponini,Trigona silvestriana,K-0822,1671,proboscisLength,2.914
Meliponini,Trigona silvestriana,K-0937,1839,proboscisLength,2.942
Meliponini,Trigona silvestriana,K-0938,1845,proboscisLength,2.798
Meliponini,Trigona silvestriana,K-0939,1851,proboscisLength,3.225
Meliponini,Trigona silvestriana,K-0940,1857,proboscisLength,2.813
Meliponini,Trigona silvestriana,K-0400,1339,wingLength,8.872
Meliponini,Trigona silvestriana,K-0401,1345,wingLength,8.86
Meliponini,Trigona silvestriana,K-0402,1351,wingLength,8.725
Meliponini,Trigona silvestriana,K-0403,1357,wingLength,8.706
Meliponini,Trigona silvestriana,K-0821,1663,wingLength,8.857
Meliponini,Trigona silvestriana,K-0822,1669,wingLength,8.954
Meliponini,Trigona silvestriana,K-0937,1837,wingLength,8.314
Meliponini,Trigona silvestriana,K-0938,1843,wingLength,8.803
Meliponini,Trigona silvestriana,K-0939,1849,wingLength,8.94
Meliponini,Trigona silvestriana,K-0940,1855,wingLength,8.588
Meliponini,Trigona silvestriana,K-0002,5154,wingWidth,3.39
Meliponini,Trigona silvestriana,K-0004,5153,wingWidth,3.17
Meliponini,Trigona silvestriana,K-0005,5152,wingWidth,3.21
Meliponini,Trigonisca atomaria,A-0544,613,intertegularDistance,0.751
Meliponini,Trigonisca atomaria,A-0545,619,intertegularDistance,0.778
Meliponini,Trigonisca atomaria,A-0546,625,intertegularDistance,0.759
Meliponini,Trigonisca atomaria,A-0547,631,intertegularDistance,0.761
Meliponini,Trigonisca atomaria,A-0548,637,intertegularDistance,0.753
Meliponini,Trigonisca atomaria,A-0549,643,intertegularDistance,0.695
Meliponini,Trigonisca atomaria,A-0550,649,intertegularDistance,0.718
Meliponini,Trigonisca atomaria,A-0551,655,intertegularDistance,0.782
Meliponini,Trigonisca atomaria,A-0630,661,intertegularDistance,0.771
Meliponini,Trigonisca atomaria,A-0631,667,intertegularDistance,0.748
Meliponini,Trigonisca atomaria,K-0296,2310,intertegularDistance,0.791
Meliponini,Trigonisca atomaria,K-1774,2280,intertegularDistance,0.757
Meliponini,Trigonisca atomaria,K-1775,2286,intertegularDistance,0.713
Meliponini,Trigonisca atomaria,K-1776,2292,intertegularDistance,0.71
Meliponini,Trigonisca atomaria,K-2048,2298,intertegularDistance,0.727
Meliponini,Trigonisca atomaria,K-2095,2304,intertegularDistance,0.755
Meliponini,Trigonisca atomaria,K-2097,2316,intertegularDistance,0.786
Meliponini,Trigonisca atomaria,A-0544,614,proboscisLength,0.798
Meliponini,Trigonisca atomaria,A-0545,620,proboscisLength,0.891
Meliponini,Trigonisca atomaria,A-0546,626,proboscisLength,0.774
Meliponini,Trigonisca atomaria,A-0547,632,proboscisLength,0.918
Meliponini,Trigonisca atomaria,A-0548,638,proboscisLength,0.894
Meliponini,Trigonisca atomaria,A-0549,644,proboscisLength,1.026
Meliponini,Trigonisca atomaria,A-0550,650,proboscisLength,0.853
Meliponini,Trigonisca atomaria,A-0551,656,proboscisLength,0.924
Meliponini,Trigonisca atomaria,A-0630,662,proboscisLength,0.936
Meliponini,Trigonisca atomaria,A-0631,668,proboscisLength,0.877
Meliponini,Trigonisca atomaria,K-0296,2311,proboscisLength,1.072
Meliponini,Trigonisca atomaria,K-1774,2281,proboscisLength,0.964
Meliponini,Trigonisca atomaria,K-1775,2287,proboscisLength,0.983
Meliponini,Trigonisca atomaria,K-1776,2293,proboscisLength,1.002
Meliponini,Trigonisca atomaria,K-2048,2299,proboscisLength,0.961
Meliponini,Trigonisca atomaria,K-2095,2305,proboscisLength,1.044
Meliponini,Trigonisca atomaria,K-2097,2317,proboscisLength,1.047
Meliponini,Trigonisca atomaria,A-0544,612,wingLength,2.339
Meliponini,Trigonisca atomaria,A-0545,618,wingLength,2.642
Meliponini,Trigonisca atomaria,A-0546,624,wingLength,2.374
Meliponini,Trigonisca atomaria,A-0547,630,wingLength,2.343
Meliponini,Trigonisca atomaria,A-0548,636,wingLength,2.437
Meliponini,Trigonisca atomaria,A-0549,642,wingLength,2.31
Meliponini,Trigonisca atomaria,A-0550,648,wingLength,2.43
Meliponini,Trigonisca atomaria,A-0551,654,wingLength,2.529
Meliponini,Trigonisca atomaria,A-0630,660,wingLength,2.475
Meliponini,Trigonisca atomaria,A-0631,666,wingLength,2.503
Meliponini,Trigonisca atomaria,K-0296,2309,wingLength,2.437
Meliponini,Trigonisca atomaria,K-1774,2279,wingLength,2.412
Meliponini,Trigonisca atomaria,K-1775,2285,wingLength,2.317
Meliponini,Trigonisca atomaria,K-1776,2291,wingLength,2.423
Meliponini,Trigonisca atomaria,K-2048,2297,wingLength,2.492
Meliponini,Trigonisca atomaria,K-2095,2303,wingLength,2.555
Meliponini,Trigonisca atomaria,K-2097,2315,wingLength,2.532
Meliponini,Trigonisca atomaria,A-0154,5100,wingWidth,1
Meliponini,Trigonisca atomaria,A-0155,5101,wingWidth,0.92
Meliponini,Trigonisca atomaria,A-0156,5099,wingWidth,0.89
Meliponini,Trigonisca atomaria,A-1127,5129,wingWidth,0.95
Meliponini,Trigonisca atomaria,A-1128,5131,wingWidth,0.95
Meliponini,Trigonisca atomaria,A-1129,5130,wingWidth,1.02
Meliponini,Trigonisca cf buyssoni,K-0150,974,intertegularDistance,0.766
Meliponini,Trigonisca cf buyssoni,K-0151,980,intertegularDistance,0.734
Meliponini,Trigonisca cf buyssoni,K-0152,986,intertegularDistance,0.779
Meliponini,Trigonisca cf buyssoni,K-0153,992,intertegularDistance,0.91
Meliponini,Trigonisca cf buyssoni,K-0154,998,intertegularDistance,0.777
Meliponini,Trigonisca cf buyssoni,K-0155,1004,intertegularDistance,0.792
Meliponini,Trigonisca cf buyssoni,K-0156,1010,intertegularDistance,0.959
Meliponini,Trigonisca cf buyssoni,K-0788,1640,intertegularDistance,0.852
Meliponini,Trigonisca cf buyssoni,K-0789,1646,intertegularDistance,0.787
Meliponini,Trigonisca cf buyssoni,K-0790,1652,intertegularDistance,0.845
Meliponini,Trigonisca cf buyssoni,K-0150,975,proboscisLength,0.969
Meliponini,Trigonisca cf buyssoni,K-0151,981,proboscisLength,0.898
Meliponini,Trigonisca cf buyssoni,K-0152,987,proboscisLength,0.924
Meliponini,Trigonisca cf buyssoni,K-0153,993,proboscisLength,1.192
Meliponini,Trigonisca cf buyssoni,K-0154,999,proboscisLength,1.007
Meliponini,Trigonisca cf buyssoni,K-0155,1005,proboscisLength,1.044
Meliponini,Trigonisca cf buyssoni,K-0156,1011,proboscisLength,1.199
Meliponini,Trigonisca cf buyssoni,K-0788,1641,proboscisLength,0.907
Meliponini,Trigonisca cf buyssoni,K-0789,1647,proboscisLength,1.125
Meliponini,Trigonisca cf buyssoni,K-0790,1653,proboscisLength,0.951
Meliponini,Trigonisca cf buyssoni,K-0150,973,wingLength,2.459
Meliponini,Trigonisca cf buyssoni,K-0151,979,wingLength,2.163
Meliponini,Trigonisca cf buyssoni,K-0152,985,wingLength,2.559
Meliponini,Trigonisca cf buyssoni,K-0153,991,wingLength,2.742
Meliponini,Trigonisca cf buyssoni,K-0154,997,wingLength,2.333
Meliponini,Trigonisca cf buyssoni,K-0155,1003,wingLength,2.152
Meliponini,Trigonisca cf buyssoni,K-0156,1009,wingLength,2.856
Meliponini,Trigonisca cf buyssoni,K-0788,1639,wingLength,2.62
Meliponini,Trigonisca cf buyssoni,K-0789,1645,wingLength,2.493
Meliponini,Trigonisca cf buyssoni,K-0790,1651,wingLength,2.59
Meliponini,Trigonisca cf buyssoni,K-0023,5102,wingWidth,1.09
Meliponini,Trigonisca cf buyssoni,K-0024,5104,wingWidth,0.99
Meliponini,Trigonisca cf buyssoni,K-0026,5103,wingWidth,0.96
Meliponini,Trigonisca cf pediculana,A-1212,751,intertegularDistance,0.777
Meliponini,Trigonisca cf pediculana,A-1213,757,intertegularDistance,0.793
Meliponini,Trigonisca cf pediculana,A-1214,763,intertegularDistance,0.804
Meliponini,Trigonisca cf pediculana,A-1215,769,intertegularDistance,0.798
Meliponini,Trigonisca cf pediculana,A-1216,775,intertegularDistance,0.774
Meliponini,Trigonisca cf pediculana,A-1217,781,intertegularDistance,0.767
Meliponini,Trigonisca cf pediculana,A-1218,787,intertegularDistance,0.802
Meliponini,Trigonisca cf pediculana,A-1538,860,intertegularDistance,0.785
Meliponini,Trigonisca cf pediculana,A-1539,866,intertegularDistance,0.814
Meliponini,Trigonisca cf pediculana,A-1540,872,intertegularDistance,0.748
Meliponini,Trigonisca cf pediculana,A-1212,752,proboscisLength,1.091
Meliponini,Trigonisca cf pediculana,A-1213,758,proboscisLength,1.096
Meliponini,Trigonisca cf pediculana,A-1214,764,proboscisLength,1.139
Meliponini,Trigonisca cf pediculana,A-1215,770,proboscisLength,1.108
Meliponini,Trigonisca cf pediculana,A-1216,776,proboscisLength,1.061
Meliponini,Trigonisca cf pediculana,A-1217,782,proboscisLength,1.111
Meliponini,Trigonisca cf pediculana,A-1218,788,proboscisLength,1.047
Meliponini,Trigonisca cf pediculana,A-1538,861,proboscisLength,0.978
Meliponini,Trigonisca cf pediculana,A-1539,867,proboscisLength,0.926
Meliponini,Trigonisca cf pediculana,A-1540,873,proboscisLength,0.971
Meliponini,Trigonisca cf pediculana,A-1212,750,wingLength,2.554
Meliponini,Trigonisca cf pediculana,A-1213,756,wingLength,2.505
Meliponini,Trigonisca cf pediculana,A-1214,762,wingLength,2.439
Meliponini,Trigonisca cf pediculana,A-1215,768,wingLength,2.374
Meliponini,Trigonisca cf pediculana,A-1216,774,wingLength,2.414
Meliponini,Trigonisca cf pediculana,A-1217,780,wingLength,2.52
Meliponini,Trigonisca cf pediculana,A-1218,786,wingLength,2.389
Meliponini,Trigonisca cf pediculana,A-1538,859,wingLength,2.633
Meliponini,Trigonisca cf pediculana,A-1539,865,wingLength,2.569
Meliponini,Trigonisca cf pediculana,A-1540,871,wingLength,2.672
Meliponini,Trigonisca cf pediculana,A-0250,5097,wingWidth,0.96
Meliponini,Trigonisca cf pediculana,A-0452,5098,wingWidth,0.88
Meliponini,Trigonisca cf pediculana,A-0628,5096,wingWidth,1.06
Xylocopini,Xylocopa (Neoxylocopa) sp,K-0095,1880,intertegularDistance,5.5
Xylocopini,Xylocopa (Neoxylocopa) sp,K-0095,1881,proboscisLength,6.8
Xylocopini,Xylocopa (Neoxylocopa) sp,K-0095,1879,wingLength,16.8
Xylocopini,Xylocopa (Neoxylocopa) sp,K-0095,4697,wingWidth,5.84
Xylocopini,Xylocopa frontalis,D-1968,4701,intertegularDistance,8.04
Xylocopini,Xylocopa frontalis,D-1968,4702,proboscisLength,9.64
Xylocopini,Xylocopa frontalis,D-1968,4699,wingLength,22.44
Xylocopini,Xylocopa frontalis,D-1968,4700,wingWidth,7.17
