sample,colDate,plot,stratum,regen_age,numPols,polGroup,polSpecies,polGenus,ASV,plantFamily,plantGenus,relAbund,weight,weight_100,weight_1000,weight_10000
BAU_0226,6/4/2023,CA62,Understory,0,6,Apidae_Apini,Apis_mellifera,Apis,Baltimora_recta,Asteraceae,Baltimora,0.220284238,2,22,220,2203
UD22_1318,10/4/2023,PR23,Understory,1,3,Apidae_Apini,Apis_mellifera,Apis,Baltimora_recta,Asteraceae,Baltimora,0.245244078,2,25,245,2452
UD22_1570,4/11/2023,PA56,Understory,0,58,Apidae_Apini,Apis_mellifera,Apis,Begonia_fischeri,Begoniaceae,Begonia,0.118373912,1,12,118,1184
UD22_1335,29/03/2023,CR13,Understory,1,2,Apidae_Apini,Apis_mellifera,Apis,Cecropia_garciae,Urticaceae,Cecropia,0.241184479,2,24,241,2412
UD22_1580,4/11/2023,PA56,Understory,0,2,Apidae_Apini,Apis_mellifera,Apis,Cecropia_garciae,Urticaceae,Cecropia,0.137691167,1,14,138,1377
UD22_1628,25/10/2023,PA58,Understory,0,1,Apidae_Apini,Apis_mellifera,Apis,Cecropia_garciae,Urticaceae,Cecropia,0.13216392,1,13,132,1322
UD22_1318,10/4/2023,PR23,Understory,1,3,Apidae_Apini,Apis_mellifera,Apis,Cecropia_insignis,Urticaceae,Cecropia,0.10566224,1,11,106,1057
UD22_1706,27/10/2023,OG50,Understory,NA,1,Apidae_Apini,Apis_mellifera,Apis,Cecropia_spc,Urticaceae,Cecropia,0.116748522,1,12,117,1167
UD22_1628,25/10/2023,PA58,Understory,0,1,Apidae_Apini,Apis_mellifera,Apis,Cecropia_spc,Urticaceae,Cecropia,0.299259035,3,30,299,2993
BAU_0226,6/4/2023,CA62,Understory,0,6,Apidae_Apini,Apis_mellifera,Apis,Cenchrus_incertus,Poaceae,Cenchrus,0.141649049,1,14,142,1416
UD22_1318,10/4/2023,PR23,Understory,1,3,Apidae_Apini,Apis_mellifera,Apis,Chelonanthus_acutangulus,Gentianaceae,Chelonanthus,0.108129935,1,11,108,1081
UD22_1318,10/4/2023,PR23,Understory,1,3,Apidae_Apini,Apis_mellifera,Apis,Clibadium_grandifolium,Asteraceae,Clibadium,0.417982771,4,42,418,4180
UD22_1706,27/10/2023,OG50,Understory,NA,1,Apidae_Apini,Apis_mellifera,Apis,Clusia_fructiangusta,Clusiaceae,Clusia,0.173728461,2,17,174,1737
UD22_1554,6/11/2023,CA59,Understory,0,2,Apidae_Apini,Apis_mellifera,Apis,Emilia_sonchifolia,Asteraceae,Emilia,0.135865643,1,14,136,1359
UD22_1554,6/11/2023,CA59,Understory,0,2,Apidae_Apini,Apis_mellifera,Apis,Emilia_spc,Asteraceae,Emilia,0.269828774,3,27,270,2698
UD22_1596,4/11/2023,CA60,Understory,0,14,Apidae_Apini,Apis_mellifera,Apis,Emilia_spc,Asteraceae,Emilia,0.19747798,2,20,197,1975
UD22_1554,6/11/2023,CA59,Understory,0,2,Apidae_Apini,Apis_mellifera,Apis,Hyptis_atrorubens,Lamiaceae,Hyptis,0.406678475,4,41,407,4067
UD22_1596,4/11/2023,CA60,Understory,0,14,Apidae_Apini,Apis_mellifera,Apis,Hyptis_atrorubens,Lamiaceae,Hyptis,0.201376522,2,20,201,2014
BAU_0288,17/03/2023,CA63,Understory,0,1,Apidae_Apini,Apis_mellifera,Apis,Mikania_laevigata,Asteraceae,Mikania,0.91168265,9,91,912,9117
UD22_1706,27/10/2023,OG50,Understory,NA,1,Apidae_Apini,Apis_mellifera,Apis,Myriocarpa_cordifolia,Urticaceae,Myriocarpa,0.29647049,3,30,296,2965
UD22_1335,29/03/2023,CR13,Understory,1,2,Apidae_Apini,Apis_mellifera,Apis,Piper_marginatum,Piperaceae,Piper,0.125459496,1,13,125,1255
UD22_1596,4/11/2023,CA60,Understory,0,14,Apidae_Apini,Apis_mellifera,Apis,Sabicea_villosa,Rubiaceae,Sabicea,0.416422005,4,42,416,4164
BAU_0226,6/4/2023,CA62,Understory,0,6,Apidae_Apini,Apis_mellifera,Apis,Spermacoce_alata,Rubiaceae,Spermacoce,0.17023432,2,17,170,1702
BAU_0226,6/4/2023,CA62,Understory,0,6,Apidae_Apini,Apis_mellifera,Apis,Tabernaemontana_elegans,Apocynaceae,Tabernaemontana,0.122048978,1,12,122,1220
UD22_1628,25/10/2023,PA58,Understory,0,1,Apidae_Apini,Apis_mellifera,Apis,Urena_lobata,Malvaceae,Urena,0.238772116,2,24,239,2388
UD22_1580,4/11/2023,PA56,Understory,0,2,Apidae_Apini,Apis_mellifera,Apis,Urochloa_comata,Poaceae,Urochloa,0.345046289,3,35,345,3450
UD22_1570,4/11/2023,PA56,Understory,0,58,Apidae_Apini,Apis_mellifera,Apis,Urochloa_comata,Poaceae,Urochloa,0.338012722,3,34,338,3380
UD22_1580,4/11/2023,PA56,Understory,0,2,Apidae_Apini,Apis_mellifera,Apis,Urochloa_ruziziensis,Poaceae,Urochloa,0.348166334,3,35,348,3482
UD22_1570,4/11/2023,PA56,Understory,0,58,Apidae_Apini,Apis_mellifera,Apis,Urochloa_ruziziensis,Poaceae,Urochloa,0.321707977,3,32,322,3217
UD22_1240,15/04/2023,OG45,Understory,NA,1,Apidae_Euglossini,Euglossa_flammea-chalybeata_gr,Euglossa,Allophylus_dodsonii,Sapindaceae,Allophylus,0.38615403,4,39,386,3862
BAU_0342,17/10/2023,OG47,Understory,NA,2,Apidae_Euglossini,Euglossa_asarophora,Euglossa,Asteraceae_spc,Asteraceae,Asteraceae spc,0.116978905,1,12,117,1170
UD22_1197,17/03/2023,CA63,Understory,0,1,Apidae_Euglossini,Eulaema_cingulata,Eulaema,Baccharis_sp._Pennington_1090,Asteraceae,Baccharis,0.301251956,3,30,301,3013
BAU_0342,17/10/2023,OG47,Understory,NA,2,Apidae_Euglossini,Euglossa_asarophora,Euglossa,Baccharis_sp._Pennington_1090,Asteraceae,Baccharis,0.24369376,2,24,244,2437
BAU_0343,17/10/2023,OG47,Canopy,NA,1,Apidae_Euglossini,Euglossa_townsendi,Euglossa,Benzingia_hirtzii,Orchidaceae,Benzingia,0.238874172,2,24,239,2389
BAU_0342,17/10/2023,OG47,Understory,NA,2,Apidae_Euglossini,Euglossa_asarophora,Euglossa,Bidens_pilosa,Asteraceae,Bidens,0.1733294,2,17,173,1733
UD22_1261,7/5/2023,OG49,Canopy,NA,1,Apidae_Euglossini,Euglossa_imperialis,Euglossa,Bidens_pilosa,Asteraceae,Bidens,0.232472325,2,23,232,2325
BAU_0362,4/11/2023,CA60,Understory,0,1,Apidae_Euglossini,Euglossa_flammea-chalybeata_gr,Euglossa,Bignonia_binata,Bignoniaceae,Bignonia,0.117269921,1,12,117,1173
UD22_1247,15/04/2023,OG46,Understory,NA,1,Apidae_Euglossini,Euglossa_flammea-chalybeata_gr,Euglossa,Bignonia_binata,Bignoniaceae,Bignonia,0.101763908,1,10,102,1018
UD22_1259,5/5/2023,OG52,Canopy,NA,1,Apidae_Euglossini,Euglossa_laevicincta,Euglossa,Bignonia_binata,Bignoniaceae,Bignonia,0.566158781,6,57,566,5662
UD22_0949,16/03/2023,OG39,Understory,NA,1,Apidae_Euglossini,Euglossa_allosticta,Euglossa,Bignoniaceae_spc,Bignoniaceae,Bignoniaceae spc,0.497032258,5,50,497,4970
UD22_1234,15/04/2023,OG45,Understory,NA,1,Apidae_Euglossini,Euglossa_dodsoni,Euglossa,Bignoniaceae_spc,Bignoniaceae,Bignoniaceae spc,0.191280319,2,19,191,1913
BAU_0367,17/11/2023,PR20,Understory,3,1,Apidae_Euglossini,Euglossa_tridentata,Euglossa,Bignoniaceae_spc,Bignoniaceae,Bignoniaceae spc,0.136790888,1,14,137,1368
UD22_0936,12/3/2023,PR26,Understory,27,2,Apidae_Euglossini,Euglossa_tridentata,Euglossa,Bignoniaceae_spc,Bignoniaceae,Bignoniaceae spc,0.105702228,1,11,106,1057
UD22_1266,2/6/2023,CR04,Understory,20,1,Apidae_Euglossini,Euglossa_imperialis,Euglossa,Blakea_subconnata,Melastomataceae,Blakea,0.15008415,2,15,150,1501
UD22_1206,3/6/2023,OG38,Understory,NA,1,Apidae_Euglossini,Eulaema_meriana,Eulaema,Blakea_subconnata,Melastomataceae,Blakea,0.103559022,1,10,104,1036
UD22_1260,5/5/2023,OG52,Canopy,NA,1,Apidae_Euglossini,Euglossa_flammea-chalybeata_gr,Euglossa,Blakea_subconnata,Melastomataceae,Blakea,0.23960739,2,24,240,2396
UD22_1260,5/5/2023,OG52,Canopy,NA,1,Apidae_Euglossini,Euglossa_flammea-chalybeata_gr,Euglossa,Calathea_lutea,Marantaceae,Calathea,0.128752887,1,13,129,1288
BAU_0359,4/11/2023,PA56,Understory,0,1,Apidae_Euglossini,Eulaema_meriana,Eulaema,Canavalia_oxyphylla,Fabaceae,Canavalia,0.251999624,3,25,252,2520
UD22_0932,12/3/2023,PR26,Understory,27,1,Apidae_Euglossini,Eulaema_cingulata,Eulaema,Caryophyllaceae_spc,Caryophyllaceae,Caryophyllaceae spc,0.106949236,1,11,107,1069
UD22_1250,21/05/2023,OG41,Canopy,NA,1,Apidae_Euglossini,Eulaema_cingulata,Eulaema,Catasetum_expansum,Orchidaceae,Catasetum,0.209782407,2,21,210,2098
UD22_1261,7/5/2023,OG49,Canopy,NA,1,Apidae_Euglossini,Euglossa_imperialis,Euglossa,Cavendishia_grandifolia,Ericaceae,Cavendishia,0.261531365,3,26,262,2615
UD22_1299,3/6/2023,OG41,Understory,NA,1,Apidae_Euglossini,Euglossa_tridentata,Euglossa,Cecropia_garciae,Urticaceae,Cecropia,0.337917335,3,34,338,3379
UD22_1299,3/6/2023,OG41,Understory,NA,1,Apidae_Euglossini,Euglossa_tridentata,Euglossa,Cecropia_insignis,Urticaceae,Cecropia,0.114829246,1,11,115,1148
UD22_1240,15/04/2023,OG45,Understory,NA,1,Apidae_Euglossini,Euglossa_flammea-chalybeata_gr,Euglossa,Cestrum_schlechtendalii,Solanaceae,Cestrum,0.130674332,1,13,131,1307
BAU_0337,20/04/2023,PR30,Understory,14,1,Apidae_Euglossini,Euglossa_flammea-chalybeata_gr,Euglossa,Cestrum_schlechtendalii,Solanaceae,Cestrum,0.264416197,3,26,264,2644
UD22_1197,17/03/2023,CA63,Understory,0,1,Apidae_Euglossini,Eulaema_cingulata,Eulaema,Chromolaena_horminoides,Asteraceae,Chromolaena,0.186228482,2,19,186,1862
UD22_1200,15/04/2023,CR11,Understory,22,1,Apidae_Euglossini,Eufriesea_chrysopyga,Eufriesea,Chromolaena_horminoides,Asteraceae,Chromolaena,0.119827586,1,12,120,1198
UD22_1250,21/05/2023,OG41,Canopy,NA,1,Apidae_Euglossini,Eulaema_cingulata,Eulaema,Chromolaena_horminoides,Asteraceae,Chromolaena,0.159196578,2,16,159,1592
UD22_1197,17/03/2023,CA63,Understory,0,1,Apidae_Euglossini,Eulaema_cingulata,Eulaema,Chromolaena_laevigata,Asteraceae,Chromolaena,0.212050078,2,21,212,2121
UD22_1260,5/5/2023,OG52,Canopy,NA,1,Apidae_Euglossini,Euglossa_flammea-chalybeata_gr,Euglossa,Clusia_rigida,Clusiaceae,Clusia,0.151847575,2,15,152,1518
BAU_0351,25/10/2023,CR18,Understory,9,1,Apidae_Euglossini,Euglossa_tridentata,Euglossa,Coryanthes_elegantium,Orchidaceae,Coryanthes,0.582029388,6,58,582,5820
UD22_0949,16/03/2023,OG39,Understory,NA,1,Apidae_Euglossini,Euglossa_allosticta,Euglossa,Coryanthes_elegantium,Orchidaceae,Coryanthes,0.330064516,3,33,330,3301
UD22_1215,26/03/2023,OG41,Understory,NA,9,Apidae_Euglossini,Euglossa_tridentata,Euglossa,Coryanthes_elegantium,Orchidaceae,Coryanthes,0.126577564,1,13,127,1266
UD22_1257,5/5/2023,OG52,Canopy,NA,1,Apidae_Euglossini,Euglossa_tridentata,Euglossa,Coryanthes_elegantium,Orchidaceae,Coryanthes,0.626596937,6,63,627,6266
BAU_0372,25/11/2023,PR27,Understory,26,3,Apidae_Euglossini,Eulaema_meriana,Eulaema,Coryanthes_elegantium,Orchidaceae,Coryanthes,0.343830099,3,34,344,3438
UD22_0939,16/03/2023,OG39,Understory,NA,2,Apidae_Euglossini,Euglossa_laevicincta,Euglossa,Coryanthes_macrantha,Orchidaceae,Coryanthes,0.678450772,7,68,678,6785
UD22_1248,15/04/2023,OG46,Understory,NA,1,Apidae_Euglossini,Euglossa_imperialis,Euglossa,Coryanthes_macrantha,Orchidaceae,Coryanthes,0.854159216,9,85,854,8542
BAU_0351,25/10/2023,CR18,Understory,9,1,Apidae_Euglossini,Euglossa_tridentata,Euglossa,Coryanthes_spc,Orchidaceae,Coryanthes,0.144207013,1,14,144,1442
UD22_1183,31/03/2023,PA55,Understory,0,3,Apidae_Euglossini,Eulaema_cingulata,Eulaema,Coussapoa_villosa,Urticaceae,Coussapoa,0.443213296,4,44,443,4432
BAU_0337,20/04/2023,PR30,Understory,14,1,Apidae_Euglossini,Euglossa_flammea-chalybeata_gr,Euglossa,Dacryodes_cupularis,Burseraceae,Dacryodes,0.103123159,1,10,103,1031
UD22_1223,29/03/2023,CR13,Understory,1,1,Apidae_Euglossini,Eulaema_cingulata,Eulaema,Dressleria_sp._BGM_11/1194,Orchidaceae,Dressleria,0.793974302,8,79,794,7940
UD22_1264,11/5/2023,CR14,Canopy,37,2,Apidae_Euglossini,Eulaema_cingulata,Eulaema,Dressleria_sp._BGM_11/1194,Orchidaceae,Dressleria,0.490989948,5,49,491,4910
UD22_1205,3/6/2023,OG38,Understory,NA,2,Apidae_Euglossini,Euglossa_flammea-chalybeata_gr,Euglossa,Dressleria_sp._BGM_11/1194,Orchidaceae,Dressleria,0.255661863,3,26,256,2557
UD22_1263,7/5/2023,OG49,Canopy,NA,2,Apidae_Euglossini,Eulaema_cingulata,Eulaema,Dressleria_sp._BGM_11/1194,Orchidaceae,Dressleria,0.616776316,6,62,617,6168
UD22_1188,23/04/2023,PR31,Understory,15,2,Apidae_Euglossini,Euglossa_flammea-chalybeata_gr,Euglossa,Dressleria_sp._BGM_11/1194,Orchidaceae,Dressleria,0.468208092,5,47,468,4682
UD22_1253,29/03/2023,PR33,Understory,1,1,Apidae_Euglossini,Euglossa_tridentata,Euglossa,Dressleria_sp._BGM_11/1194,Orchidaceae,Dressleria,0.408108266,4,41,408,4081
BAU_0368,17/11/2023,CR01,Understory,5,1,Apidae_Euglossini,Euglossa_gorgonensis,Euglossa,Drymonia_aciculata,Gesneriaceae,Drymonia,0.778059569,8,78,778,7781
UD22_0815,19/11/2022,OG46,Understory,NA,1,Apidae_Euglossini,Euglossa_gorgonensis,Euglossa,Drymonia_aciculata,Gesneriaceae,Drymonia,0.231692241,2,23,232,2317
BAU_0332,7/10/2023,PR24,Understory,20,1,Apidae_Euglossini,Euglossa_gorgonensis,Euglossa,Drymonia_aciculata,Gesneriaceae,Drymonia,0.169808381,2,17,170,1698
UD22_1231,14/03/2023,CR06,Understory,32,1,Apidae_Euglossini,Euglossa_asarophora,Euglossa,Drymonia_alloplectoides,Gesneriaceae,Drymonia,0.887692684,9,89,888,8877
UD22_1527,25/11/2023,CR07,Understory,22,6,Apidae_Euglossini,Euglossa_tridentata,Euglossa,Drymonia_alloplectoides,Gesneriaceae,Drymonia,0.310729023,3,31,311,3107
UD22_1218,29/03/2023,CR13,Understory,1,1,Apidae_Euglossini,Eulaema_flavescens,Eulaema,Drymonia_alloplectoides,Gesneriaceae,Drymonia,0.411434678,4,41,411,4114
UD22_0940,16/03/2023,OG39,Understory,NA,1,Apidae_Euglossini,Euglossa_imperialis,Euglossa,Drymonia_alloplectoides,Gesneriaceae,Drymonia,0.817497565,8,82,817,8175
UD22_0937,16/03/2023,OG39,Understory,NA,1,Apidae_Euglossini,Eulaema_meriana,Eulaema,Drymonia_alloplectoides,Gesneriaceae,Drymonia,0.124888823,1,12,125,1249
UD22_1235,15/04/2023,OG45,Understory,NA,1,Apidae_Euglossini,Euglossa_heterosticta,Euglossa,Drymonia_alloplectoides,Gesneriaceae,Drymonia,0.239907728,2,24,240,2399
UD22_0933,12/3/2023,PR26,Understory,27,1,Apidae_Euglossini,Eulaema_meriana,Eulaema,Drymonia_alloplectoides,Gesneriaceae,Drymonia,0.689843683,7,69,690,6898
BAU_0372,25/11/2023,PR27,Understory,26,3,Apidae_Euglossini,Eulaema_meriana,Eulaema,Drymonia_alloplectoides,Gesneriaceae,Drymonia,0.511473209,5,51,511,5115
BAU_0332,7/10/2023,PR24,Understory,20,1,Apidae_Euglossini,Euglossa_gorgonensis,Euglossa,Drymonia_macrophylla,Gesneriaceae,Drymonia,0.179778782,2,18,180,1798
UD22_1235,15/04/2023,OG45,Understory,NA,1,Apidae_Euglossini,Euglossa_heterosticta,Euglossa,Drymonia_serrulata,Gesneriaceae,Drymonia,0.104190696,1,10,104,1042
BAU_0334,20/04/2023,PR29,Understory,5,2,Apidae_Euglossini,Euglossa_tridentata,Euglossa,Drymonia_serrulata,Gesneriaceae,Drymonia,0.134120805,1,13,134,1341
UD22_1266,2/6/2023,CR04,Understory,20,1,Apidae_Euglossini,Euglossa_imperialis,Euglossa,Exarata_chocoensis,Schlegeliaceae,Exarata,0.220770221,2,22,221,2208
UD22_1206,3/6/2023,OG38,Understory,NA,1,Apidae_Euglossini,Eulaema_meriana,Eulaema,Exarata_chocoensis,Schlegeliaceae,Exarata,0.194926919,2,19,195,1949
UD22_1213,26/03/2023,OG41,Understory,NA,1,Apidae_Euglossini,Eufriesea_chrysopyga,Eufriesea,Exarata_chocoensis,Schlegeliaceae,Exarata,0.379814077,4,38,380,3798
UD22_1215,26/03/2023,OG41,Understory,NA,9,Apidae_Euglossini,Euglossa_tridentata,Euglossa,Exarata_chocoensis,Schlegeliaceae,Exarata,0.273016924,3,27,273,2730
UD22_1193,7/5/2023,OG49,Understory,NA,1,Apidae_Euglossini,Euglossa_deceptrix,Euglossa,Exarata_chocoensis,Schlegeliaceae,Exarata,0.212073805,2,21,212,2121
UD22_1191,7/5/2023,OG49,Understory,NA,3,Apidae_Euglossini,Euglossa_tridentata,Euglossa,Exarata_chocoensis,Schlegeliaceae,Exarata,0.151185505,2,15,151,1512
BAU_0367,17/11/2023,PR20,Understory,3,1,Apidae_Euglossini,Euglossa_tridentata,Euglossa,Exarata_chocoensis,Schlegeliaceae,Exarata,0.784437318,8,78,784,7844
BAU_0333,7/10/2023,PR24,Understory,20,1,Apidae_Euglossini,Euglossa_hansoni,Euglossa,Exarata_chocoensis,Schlegeliaceae,Exarata,0.125059467,1,13,125,1251
BAU_0331,7/10/2023,PR24,Understory,20,7,Apidae_Euglossini,Euglossa_tridentata,Euglossa,Exarata_chocoensis,Schlegeliaceae,Exarata,0.465483801,5,47,465,4655
UD22_1534,28/11/2023,OG28,Understory,NA,1,Apidae_Euglossini,Euglossa_tridentata,Euglossa,Exarata_chocoensis,Schlegeliaceae,Exarata,0.588235294,6,59,588,5882
UD22_1217,9/5/2023,PR36,Understory,9,1,Apidae_Euglossini,Euglossa_allosticta,Euglossa,Exarata_chocoensis,Schlegeliaceae,Exarata,0.215840269,2,22,216,2158
UD22_1197,17/03/2023,CA63,Understory,0,1,Apidae_Euglossini,Eulaema_cingulata,Eulaema,Fleischmannia_pycnocephala,Asteraceae,Fleischmannia,0.139280125,1,14,139,1393
BAU_0364,7/11/2023,CA61,Understory,0,1,Apidae_Euglossini,Euglossa_tridentata,Euglossa,Gongora_armeniaca,Orchidaceae,Gongora,0.208692247,2,21,209,2087
UD22_1199,17/03/2023,CA63,Understory,0,2,Apidae_Euglossini,Exaerete_smaragdina,Exaerete,Gongora_armeniaca,Orchidaceae,Gongora,0.503490401,5,50,503,5035
BAU_0363,4/11/2023,CR03,Understory,4,2,Apidae_Euglossini,Euglossa_tridentata,Euglossa,Gongora_armeniaca,Orchidaceae,Gongora,0.223542415,2,22,224,2235
UD22_1184,4/4/2023,CR05,Understory,11,1,Apidae_Euglossini,Exaerete_smaragdina,Exaerete,Gongora_armeniaca,Orchidaceae,Gongora,0.473342605,5,47,473,4733
UD22_1232,14/03/2023,CR06,Understory,32,1,Apidae_Euglossini,Eufriesea_chrysopyga,Eufriesea,Gongora_armeniaca,Orchidaceae,Gongora,0.418635756,4,42,419,4186
UD22_1230,14/03/2023,CR06,Understory,32,2,Apidae_Euglossini,Euglossa_tridentata,Euglossa,Gongora_armeniaca,Orchidaceae,Gongora,0.347549909,3,35,348,3475
BAU_0376,25/11/2023,CR08,Understory,26,2,Apidae_Euglossini,Euglossa_asarophora,Euglossa,Gongora_armeniaca,Orchidaceae,Gongora,0.188497653,2,19,188,1885
UD22_1226,20/04/2023,CR09,Understory,5,2,Apidae_Euglossini,Euglossa_flammea-chalybeata_gr,Euglossa,Gongora_armeniaca,Orchidaceae,Gongora,0.325319451,3,33,325,3253
UD22_1224,20/04/2023,CR09,Understory,5,4,Apidae_Euglossini,Euglossa_tridentata,Euglossa,Gongora_armeniaca,Orchidaceae,Gongora,0.12183474,1,12,122,1218
UD22_1227,20/04/2023,CR09,Understory,5,1,Apidae_Euglossini,Exaerete_smaragdina,Exaerete,Gongora_armeniaca,Orchidaceae,Gongora,0.631446541,6,63,631,6314
UD22_1222,29/03/2023,CR13,Understory,1,1,Apidae_Euglossini,Eufriesea_chrysopyga,Eufriesea,Gongora_armeniaca,Orchidaceae,Gongora,0.448263516,4,45,448,4483
UD22_1220,29/03/2023,CR13,Understory,1,1,Apidae_Euglossini,Exaerete_smaragdina,Exaerete,Gongora_armeniaca,Orchidaceae,Gongora,0.429839704,4,43,430,4298
UD22_1204,11/5/2023,CR14,Understory,37,1,Apidae_Euglossini,Euglossa_flammea-chalybeata_gr,Euglossa,Gongora_armeniaca,Orchidaceae,Gongora,0.396746623,4,40,397,3967
BAU_0369,18/11/2023,OG37,Canopy,NA,1,Apidae_Euglossini,Euglossa_tridentata,Euglossa,Gongora_armeniaca,Orchidaceae,Gongora,0.284954497,3,28,285,2850
UD22_1265,3/6/2023,OG38,Canopy,NA,1,Apidae_Euglossini,Euglossa_flammea-chalybeata_gr,Euglossa,Gongora_armeniaca,Orchidaceae,Gongora,0.386972256,4,39,387,3870
UD22_1205,3/6/2023,OG38,Understory,NA,2,Apidae_Euglossini,Euglossa_flammea-chalybeata_gr,Euglossa,Gongora_armeniaca,Orchidaceae,Gongora,0.312946591,3,31,313,3129
UD22_0948,16/03/2023,OG39,Understory,NA,1,Apidae_Euglossini,Eufriesea_chrysopyga,Eufriesea,Gongora_armeniaca,Orchidaceae,Gongora,0.749121574,7,75,749,7491
UD22_0947,16/03/2023,OG39,Understory,NA,1,Apidae_Euglossini,Eufriesea_chrysopyga,Eufriesea,Gongora_armeniaca,Orchidaceae,Gongora,0.657728707,7,66,658,6577
UD22_0945,16/03/2023,OG39,Understory,NA,1,Apidae_Euglossini,Euglossa_asarophora,Euglossa,Gongora_armeniaca,Orchidaceae,Gongora,0.642980936,6,64,643,6430
UD22_0938,16/03/2023,OG39,Understory,NA,1,Apidae_Euglossini,Euglossa_flammea-chalybeata_gr,Euglossa,Gongora_armeniaca,Orchidaceae,Gongora,0.738859607,7,74,739,7389
UD22_1213,26/03/2023,OG41,Understory,NA,1,Apidae_Euglossini,Eufriesea_chrysopyga,Eufriesea,Gongora_armeniaca,Orchidaceae,Gongora,0.17065073,2,17,171,1707
UD22_1214,26/03/2023,OG41,Understory,NA,1,Apidae_Euglossini,Euglossa_flammea-chalybeata_gr,Euglossa,Gongora_armeniaca,Orchidaceae,Gongora,0.419450192,4,42,419,4195
UD22_1528,28/11/2023,OG43,Understory,NA,3,Apidae_Euglossini,Euglossa_asarophora,Euglossa,Gongora_armeniaca,Orchidaceae,Gongora,0.278943279,3,28,279,2789
UD22_1532,28/11/2023,OG43,Understory,NA,1,Apidae_Euglossini,Euglossa_dodsoni,Euglossa,Gongora_armeniaca,Orchidaceae,Gongora,0.262203024,3,26,262,2622
UD22_1529,28/11/2023,OG43,Understory,NA,1,Apidae_Euglossini,Euglossa_flammea-chalybeata_gr,Euglossa,Gongora_armeniaca,Orchidaceae,Gongora,0.218058384,2,22,218,2181
UD22_1533,28/11/2023,OG43,Canopy,NA,1,Apidae_Euglossini,Euglossa_tridentata,Euglossa,Gongora_armeniaca,Orchidaceae,Gongora,0.288187373,3,29,288,2882
UD22_1237,15/04/2023,OG45,Understory,NA,6,Apidae_Euglossini,Eufriesea_chrysopyga,Eufriesea,Gongora_armeniaca,Orchidaceae,Gongora,0.30839265,3,31,308,3084
UD22_1238,15/04/2023,OG45,Understory,NA,1,Apidae_Euglossini,Eufriesea_lucida,Eufriesea,Gongora_armeniaca,Orchidaceae,Gongora,0.26478376,3,26,265,2648
UD22_1233,15/04/2023,OG45,Understory,NA,5,Apidae_Euglossini,Euglossa_tridentata,Euglossa,Gongora_armeniaca,Orchidaceae,Gongora,0.109671993,1,11,110,1097
UD22_1245,15/04/2023,OG46,Understory,NA,2,Apidae_Euglossini,Eufriesea_chrysopyga,Eufriesea,Gongora_armeniaca,Orchidaceae,Gongora,0.422164726,4,42,422,4222
UD22_1244,15/04/2023,OG46,Understory,NA,1,Apidae_Euglossini,Eufriesea_lucida,Eufriesea,Gongora_armeniaca,Orchidaceae,Gongora,0.429334083,4,43,429,4293
BAU_0355,27/10/2023,OG48,Understory,NA,1,Apidae_Euglossini,Euglossa_asarophora,Euglossa,Gongora_armeniaca,Orchidaceae,Gongora,0.18802266,2,19,188,1880
BAU_0353,27/10/2023,OG50,Understory,NA,1,Apidae_Euglossini,Euglossa_asarophora,Euglossa,Gongora_armeniaca,Orchidaceae,Gongora,0.226213326,2,23,226,2262
BAU_0352,27/10/2023,OG50,Canopy,NA,1,Apidae_Euglossini,Euglossa_tridentata,Euglossa,Gongora_armeniaca,Orchidaceae,Gongora,0.264806101,3,26,265,2648
BAU_0350,25/10/2023,PA58,Understory,0,3,Apidae_Euglossini,Euglossa_tridentata,Euglossa,Gongora_armeniaca,Orchidaceae,Gongora,0.166954519,2,17,167,1670
UD22_0934,12/3/2023,PR26,Understory,27,1,Apidae_Euglossini,Eufriesea_chrysopyga,Eufriesea,Gongora_armeniaca,Orchidaceae,Gongora,0.394947628,4,39,395,3949
BAU_0373,25/11/2023,PR27,Understory,26,2,Apidae_Euglossini,Euglossa_asarophora,Euglossa,Gongora_armeniaca,Orchidaceae,Gongora,0.199242424,2,20,199,1992
BAU_0374,25/11/2023,PR27,Understory,26,1,Apidae_Euglossini,Euglossa_tridentata,Euglossa,Gongora_armeniaca,Orchidaceae,Gongora,0.179724722,2,18,180,1797
UD22_1534,28/11/2023,OG28,Understory,NA,1,Apidae_Euglossini,Euglossa_tridentata,Euglossa,Gongora_armeniaca,Orchidaceae,Gongora,0.114643304,1,11,115,1146
BAU_0335,20/04/2023,PR30,Understory,14,1,Apidae_Euglossini,Euglossa_asarophora,Euglossa,Gongora_armeniaca,Orchidaceae,Gongora,0.226076394,2,23,226,2261
UD22_1189,23/04/2023,PR31,Understory,15,1,Apidae_Euglossini,Euglossa_asarophora,Euglossa,Gongora_armeniaca,Orchidaceae,Gongora,0.423300971,4,42,423,4233
UD22_1187,23/04/2023,PR31,Understory,15,2,Apidae_Euglossini,Exaerete_smaragdina,Exaerete,Gongora_armeniaca,Orchidaceae,Gongora,0.46023629,5,46,460,4602
BAU_0364,7/11/2023,CA61,Understory,0,1,Apidae_Euglossini,Euglossa_tridentata,Euglossa,Gongora_gratulabunda,Orchidaceae,Gongora,0.298355521,3,30,298,2984
UD22_1199,17/03/2023,CA63,Understory,0,2,Apidae_Euglossini,Exaerete_smaragdina,Exaerete,Gongora_gratulabunda,Orchidaceae,Gongora,0.221858639,2,22,222,2219
BAU_0363,4/11/2023,CR03,Understory,4,2,Apidae_Euglossini,Euglossa_tridentata,Euglossa,Gongora_gratulabunda,Orchidaceae,Gongora,0.224924012,2,22,225,2249
UD22_1184,4/4/2023,CR05,Understory,11,1,Apidae_Euglossini,Exaerete_smaragdina,Exaerete,Gongora_gratulabunda,Orchidaceae,Gongora,0.194869417,2,19,195,1949
UD22_1232,14/03/2023,CR06,Understory,32,1,Apidae_Euglossini,Eufriesea_chrysopyga,Eufriesea,Gongora_gratulabunda,Orchidaceae,Gongora,0.240005944,2,24,240,2400
BAU_0376,25/11/2023,CR08,Understory,26,2,Apidae_Euglossini,Euglossa_asarophora,Euglossa,Gongora_gratulabunda,Orchidaceae,Gongora,0.266666667,3,27,267,2667
UD22_1226,20/04/2023,CR09,Understory,5,2,Apidae_Euglossini,Euglossa_flammea-chalybeata_gr,Euglossa,Gongora_gratulabunda,Orchidaceae,Gongora,0.15693327,2,16,157,1569
UD22_1222,29/03/2023,CR13,Understory,1,1,Apidae_Euglossini,Eufriesea_chrysopyga,Eufriesea,Gongora_gratulabunda,Orchidaceae,Gongora,0.219835303,2,22,220,2198
UD22_1220,29/03/2023,CR13,Understory,1,1,Apidae_Euglossini,Exaerete_smaragdina,Exaerete,Gongora_gratulabunda,Orchidaceae,Gongora,0.241676942,2,24,242,2417
UD22_1204,11/5/2023,CR14,Understory,37,1,Apidae_Euglossini,Euglossa_flammea-chalybeata_gr,Euglossa,Gongora_gratulabunda,Orchidaceae,Gongora,0.226357872,2,23,226,2264
BAU_0369,18/11/2023,OG37,Canopy,NA,1,Apidae_Euglossini,Euglossa_tridentata,Euglossa,Gongora_gratulabunda,Orchidaceae,Gongora,0.281054249,3,28,281,2811
UD22_1265,3/6/2023,OG38,Canopy,NA,1,Apidae_Euglossini,Euglossa_flammea-chalybeata_gr,Euglossa,Gongora_gratulabunda,Orchidaceae,Gongora,0.181664656,2,18,182,1817
UD22_1205,3/6/2023,OG38,Understory,NA,2,Apidae_Euglossini,Euglossa_flammea-chalybeata_gr,Euglossa,Gongora_gratulabunda,Orchidaceae,Gongora,0.164829841,2,16,165,1648
UD22_0938,16/03/2023,OG39,Understory,NA,1,Apidae_Euglossini,Euglossa_flammea-chalybeata_gr,Euglossa,Gongora_gratulabunda,Orchidaceae,Gongora,0.130330618,1,13,130,1303
UD22_1214,26/03/2023,OG41,Understory,NA,1,Apidae_Euglossini,Euglossa_flammea-chalybeata_gr,Euglossa,Gongora_gratulabunda,Orchidaceae,Gongora,0.20543896,2,21,205,2054
UD22_1528,28/11/2023,OG43,Understory,NA,3,Apidae_Euglossini,Euglossa_asarophora,Euglossa,Gongora_gratulabunda,Orchidaceae,Gongora,0.199300699,2,20,199,1993
UD22_1532,28/11/2023,OG43,Understory,NA,1,Apidae_Euglossini,Euglossa_dodsoni,Euglossa,Gongora_gratulabunda,Orchidaceae,Gongora,0.187041037,2,19,187,1870
UD22_1529,28/11/2023,OG43,Understory,NA,1,Apidae_Euglossini,Euglossa_flammea-chalybeata_gr,Euglossa,Gongora_gratulabunda,Orchidaceae,Gongora,0.151391718,2,15,151,1514
UD22_1533,28/11/2023,OG43,Canopy,NA,1,Apidae_Euglossini,Euglossa_tridentata,Euglossa,Gongora_gratulabunda,Orchidaceae,Gongora,0.197046843,2,20,197,1970
BAU_0346,18/10/2023,OG44,Understory,NA,9,Apidae_Euglossini,Euglossa_asarophora,Euglossa,Gongora_gratulabunda,Orchidaceae,Gongora,0.110876173,1,11,111,1109
UD22_1237,15/04/2023,OG45,Understory,NA,6,Apidae_Euglossini,Eufriesea_chrysopyga,Eufriesea,Gongora_gratulabunda,Orchidaceae,Gongora,0.160238371,2,16,160,1602
UD22_1245,15/04/2023,OG46,Understory,NA,2,Apidae_Euglossini,Eufriesea_chrysopyga,Eufriesea,Gongora_gratulabunda,Orchidaceae,Gongora,0.239327296,2,24,239,2393
UD22_1244,15/04/2023,OG46,Understory,NA,1,Apidae_Euglossini,Eufriesea_lucida,Eufriesea,Gongora_gratulabunda,Orchidaceae,Gongora,0.266085979,3,27,266,2661
BAU_0355,27/10/2023,OG48,Understory,NA,1,Apidae_Euglossini,Euglossa_asarophora,Euglossa,Gongora_gratulabunda,Orchidaceae,Gongora,0.254923118,3,25,255,2549
BAU_0353,27/10/2023,OG50,Understory,NA,1,Apidae_Euglossini,Euglossa_asarophora,Euglossa,Gongora_gratulabunda,Orchidaceae,Gongora,0.310255004,3,31,310,3103
BAU_0352,27/10/2023,OG50,Canopy,NA,1,Apidae_Euglossini,Euglossa_tridentata,Euglossa,Gongora_gratulabunda,Orchidaceae,Gongora,0.252636703,3,25,253,2526
BAU_0350,25/10/2023,PA58,Understory,0,3,Apidae_Euglossini,Euglossa_tridentata,Euglossa,Gongora_gratulabunda,Orchidaceae,Gongora,0.284398388,3,28,284,2844
BAU_0373,25/11/2023,PR27,Understory,26,2,Apidae_Euglossini,Euglossa_asarophora,Euglossa,Gongora_gratulabunda,Orchidaceae,Gongora,0.246969697,2,25,247,2470
BAU_0374,25/11/2023,PR27,Understory,26,1,Apidae_Euglossini,Euglossa_tridentata,Euglossa,Gongora_gratulabunda,Orchidaceae,Gongora,0.273954473,3,27,274,2740
BAU_0335,20/04/2023,PR30,Understory,14,1,Apidae_Euglossini,Euglossa_asarophora,Euglossa,Gongora_gratulabunda,Orchidaceae,Gongora,0.224861655,2,22,225,2249
UD22_1189,23/04/2023,PR31,Understory,15,1,Apidae_Euglossini,Euglossa_asarophora,Euglossa,Gongora_gratulabunda,Orchidaceae,Gongora,0.178939507,2,18,179,1789
UD22_1187,23/04/2023,PR31,Understory,15,2,Apidae_Euglossini,Exaerete_smaragdina,Exaerete,Gongora_gratulabunda,Orchidaceae,Gongora,0.219538,2,22,220,2195
BAU_0364,7/11/2023,CA61,Understory,0,1,Apidae_Euglossini,Euglossa_tridentata,Euglossa,Gongora_spc,Orchidaceae,Gongora,0.14917776,1,15,149,1492
BAU_0363,4/11/2023,CR03,Understory,4,2,Apidae_Euglossini,Euglossa_tridentata,Euglossa,Gongora_spc,Orchidaceae,Gongora,0.16814037,2,17,168,1681
UD22_1184,4/4/2023,CR05,Understory,11,1,Apidae_Euglossini,Exaerete_smaragdina,Exaerete,Gongora_spc,Orchidaceae,Gongora,0.143563591,1,14,144,1436
BAU_0376,25/11/2023,CR08,Understory,26,2,Apidae_Euglossini,Euglossa_asarophora,Euglossa,Gongora_spc,Orchidaceae,Gongora,0.231220657,2,23,231,2312
UD22_1226,20/04/2023,CR09,Understory,5,2,Apidae_Euglossini,Euglossa_flammea-chalybeata_gr,Euglossa,Gongora_spc,Orchidaceae,Gongora,0.103644108,1,10,104,1036
UD22_1227,20/04/2023,CR09,Understory,5,1,Apidae_Euglossini,Exaerete_smaragdina,Exaerete,Gongora_spc,Orchidaceae,Gongora,0.12327044,1,12,123,1233
UD22_1222,29/03/2023,CR13,Understory,1,1,Apidae_Euglossini,Eufriesea_chrysopyga,Eufriesea,Gongora_spc,Orchidaceae,Gongora,0.105979234,1,11,106,1060
UD22_1220,29/03/2023,CR13,Understory,1,1,Apidae_Euglossini,Exaerete_smaragdina,Exaerete,Gongora_spc,Orchidaceae,Gongora,0.115659679,1,12,116,1157
UD22_1204,11/5/2023,CR14,Understory,37,1,Apidae_Euglossini,Euglossa_flammea-chalybeata_gr,Euglossa,Gongora_spc,Orchidaceae,Gongora,0.181968569,2,18,182,1820
BAU_0369,18/11/2023,OG37,Canopy,NA,1,Apidae_Euglossini,Euglossa_tridentata,Euglossa,Gongora_spc,Orchidaceae,Gongora,0.112279872,1,11,112,1123
UD22_1205,3/6/2023,OG38,Understory,NA,2,Apidae_Euglossini,Euglossa_flammea-chalybeata_gr,Euglossa,Gongora_spc,Orchidaceae,Gongora,0.100157442,1,10,100,1002
UD22_0947,16/03/2023,OG39,Understory,NA,1,Apidae_Euglossini,Eufriesea_chrysopyga,Eufriesea,Gongora_spc,Orchidaceae,Gongora,0.181388013,2,18,181,1814
UD22_0948,16/03/2023,OG39,Understory,NA,1,Apidae_Euglossini,Eufriesea_chrysopyga,Eufriesea,Gongora_spc,Orchidaceae,Gongora,0.110330288,1,11,110,1103
UD22_0945,16/03/2023,OG39,Understory,NA,1,Apidae_Euglossini,Euglossa_asarophora,Euglossa,Gongora_spc,Orchidaceae,Gongora,0.112651646,1,11,113,1127
UD22_1214,26/03/2023,OG41,Understory,NA,1,Apidae_Euglossini,Euglossa_flammea-chalybeata_gr,Euglossa,Gongora_spc,Orchidaceae,Gongora,0.116169081,1,12,116,1162
UD22_1528,28/11/2023,OG43,Understory,NA,3,Apidae_Euglossini,Euglossa_asarophora,Euglossa,Gongora_spc,Orchidaceae,Gongora,0.285547786,3,29,286,2855
UD22_1532,28/11/2023,OG43,Understory,NA,1,Apidae_Euglossini,Euglossa_dodsoni,Euglossa,Gongora_spc,Orchidaceae,Gongora,0.104967603,1,10,105,1050
UD22_1529,28/11/2023,OG43,Understory,NA,1,Apidae_Euglossini,Euglossa_flammea-chalybeata_gr,Euglossa,Gongora_spc,Orchidaceae,Gongora,0.116904277,1,12,117,1169
UD22_1533,28/11/2023,OG43,Canopy,NA,1,Apidae_Euglossini,Euglossa_tridentata,Euglossa,Gongora_spc,Orchidaceae,Gongora,0.339613035,3,34,340,3396
UD22_1245,15/04/2023,OG46,Understory,NA,2,Apidae_Euglossini,Eufriesea_chrysopyga,Eufriesea,Gongora_spc,Orchidaceae,Gongora,0.140577835,1,14,141,1406
BAU_0355,27/10/2023,OG48,Understory,NA,1,Apidae_Euglossini,Euglossa_asarophora,Euglossa,Gongora_spc,Orchidaceae,Gongora,0.114108443,1,11,114,1141
BAU_0352,27/10/2023,OG50,Canopy,NA,1,Apidae_Euglossini,Euglossa_tridentata,Euglossa,Gongora_spc,Orchidaceae,Gongora,0.231380821,2,23,231,2314
BAU_0350,25/10/2023,PA58,Understory,0,3,Apidae_Euglossini,Euglossa_tridentata,Euglossa,Gongora_spc,Orchidaceae,Gongora,0.22970639,2,23,230,2297
BAU_0373,25/11/2023,PR27,Understory,26,2,Apidae_Euglossini,Euglossa_asarophora,Euglossa,Gongora_spc,Orchidaceae,Gongora,0.153219697,2,15,153,1532
BAU_0374,25/11/2023,PR27,Understory,26,1,Apidae_Euglossini,Euglossa_tridentata,Euglossa,Gongora_spc,Orchidaceae,Gongora,0.113552144,1,11,114,1136
BAU_0335,20/04/2023,PR30,Understory,14,1,Apidae_Euglossini,Euglossa_asarophora,Euglossa,Gongora_spc,Orchidaceae,Gongora,0.117829667,1,12,118,1178
UD22_1189,23/04/2023,PR31,Understory,15,1,Apidae_Euglossini,Euglossa_asarophora,Euglossa,Gongora_spc,Orchidaceae,Gongora,0.105899925,1,11,106,1059
UD22_1187,23/04/2023,PR31,Understory,15,2,Apidae_Euglossini,Exaerete_smaragdina,Exaerete,Gongora_spc,Orchidaceae,Gongora,0.138423558,1,14,138,1384
BAU_0364,7/11/2023,CA61,Understory,0,1,Apidae_Euglossini,Euglossa_tridentata,Euglossa,Gongora_sphaerica,Orchidaceae,Gongora,0.278386844,3,28,278,2784
UD22_1199,17/03/2023,CA63,Understory,0,2,Apidae_Euglossini,Exaerete_smaragdina,Exaerete,Gongora_sphaerica,Orchidaceae,Gongora,0.128708551,1,13,129,1287
BAU_0363,4/11/2023,CR03,Understory,4,2,Apidae_Euglossini,Euglossa_tridentata,Euglossa,Gongora_sphaerica,Orchidaceae,Gongora,0.171732523,2,17,172,1717
UD22_1184,4/4/2023,CR05,Understory,11,1,Apidae_Euglossini,Exaerete_smaragdina,Exaerete,Gongora_sphaerica,Orchidaceae,Gongora,0.12455571,1,12,125,1246
UD22_1232,14/03/2023,CR06,Understory,32,1,Apidae_Euglossini,Eufriesea_chrysopyga,Eufriesea,Gongora_sphaerica,Orchidaceae,Gongora,0.171645118,2,17,172,1716
BAU_0376,25/11/2023,CR08,Understory,26,2,Apidae_Euglossini,Euglossa_asarophora,Euglossa,Gongora_sphaerica,Orchidaceae,Gongora,0.253051643,3,25,253,2531
UD22_1226,20/04/2023,CR09,Understory,5,2,Apidae_Euglossini,Euglossa_flammea-chalybeata_gr,Euglossa,Gongora_sphaerica,Orchidaceae,Gongora,0.117179366,1,12,117,1172
UD22_1222,29/03/2023,CR13,Understory,1,1,Apidae_Euglossini,Eufriesea_chrysopyga,Eufriesea,Gongora_sphaerica,Orchidaceae,Gongora,0.155388471,2,16,155,1554
UD22_1220,29/03/2023,CR13,Understory,1,1,Apidae_Euglossini,Exaerete_smaragdina,Exaerete,Gongora_sphaerica,Orchidaceae,Gongora,0.161035758,2,16,161,1610
UD22_1204,11/5/2023,CR14,Understory,37,1,Apidae_Euglossini,Euglossa_flammea-chalybeata_gr,Euglossa,Gongora_sphaerica,Orchidaceae,Gongora,0.139784946,1,14,140,1398
BAU_0369,18/11/2023,OG37,Canopy,NA,1,Apidae_Euglossini,Euglossa_tridentata,Euglossa,Gongora_sphaerica,Orchidaceae,Gongora,0.24335185,2,24,243,2434
UD22_1265,3/6/2023,OG38,Canopy,NA,1,Apidae_Euglossini,Euglossa_flammea-chalybeata_gr,Euglossa,Gongora_sphaerica,Orchidaceae,Gongora,0.12641737,1,13,126,1264
UD22_1205,3/6/2023,OG38,Understory,NA,2,Apidae_Euglossini,Euglossa_flammea-chalybeata_gr,Euglossa,Gongora_sphaerica,Orchidaceae,Gongora,0.109725082,1,11,110,1097
UD22_1214,26/03/2023,OG41,Understory,NA,1,Apidae_Euglossini,Euglossa_flammea-chalybeata_gr,Euglossa,Gongora_sphaerica,Orchidaceae,Gongora,0.138929944,1,14,139,1389
UD22_1528,28/11/2023,OG43,Understory,NA,3,Apidae_Euglossini,Euglossa_asarophora,Euglossa,Gongora_sphaerica,Orchidaceae,Gongora,0.121212121,1,12,121,1212
UD22_1532,28/11/2023,OG43,Understory,NA,1,Apidae_Euglossini,Euglossa_dodsoni,Euglossa,Gongora_sphaerica,Orchidaceae,Gongora,0.111015119,1,11,111,1110
UD22_1529,28/11/2023,OG43,Understory,NA,1,Apidae_Euglossini,Euglossa_flammea-chalybeata_gr,Euglossa,Gongora_sphaerica,Orchidaceae,Gongora,0.115139172,1,12,115,1151
UD22_1533,28/11/2023,OG43,Canopy,NA,1,Apidae_Euglossini,Euglossa_tridentata,Euglossa,Gongora_sphaerica,Orchidaceae,Gongora,0.142566191,1,14,143,1426
UD22_1245,15/04/2023,OG46,Understory,NA,2,Apidae_Euglossini,Eufriesea_chrysopyga,Eufriesea,Gongora_sphaerica,Orchidaceae,Gongora,0.140146615,1,14,140,1401
UD22_1244,15/04/2023,OG46,Understory,NA,1,Apidae_Euglossini,Eufriesea_lucida,Eufriesea,Gongora_sphaerica,Orchidaceae,Gongora,0.166057881,2,17,166,1661
BAU_0355,27/10/2023,OG48,Understory,NA,1,Apidae_Euglossini,Euglossa_asarophora,Euglossa,Gongora_sphaerica,Orchidaceae,Gongora,0.240356083,2,24,240,2404
BAU_0353,27/10/2023,OG50,Understory,NA,1,Apidae_Euglossini,Euglossa_asarophora,Euglossa,Gongora_sphaerica,Orchidaceae,Gongora,0.300246778,3,30,300,3002
BAU_0352,27/10/2023,OG50,Canopy,NA,1,Apidae_Euglossini,Euglossa_tridentata,Euglossa,Gongora_sphaerica,Orchidaceae,Gongora,0.19925361,2,20,199,1993
BAU_0350,25/10/2023,PA58,Understory,0,3,Apidae_Euglossini,Euglossa_tridentata,Euglossa,Gongora_sphaerica,Orchidaceae,Gongora,0.246689695,2,25,247,2467
BAU_0373,25/11/2023,PR27,Understory,26,2,Apidae_Euglossini,Euglossa_asarophora,Euglossa,Gongora_sphaerica,Orchidaceae,Gongora,0.243560606,2,24,244,2436
BAU_0374,25/11/2023,PR27,Understory,26,1,Apidae_Euglossini,Euglossa_tridentata,Euglossa,Gongora_sphaerica,Orchidaceae,Gongora,0.257014293,3,26,257,2570
BAU_0335,20/04/2023,PR30,Understory,14,1,Apidae_Euglossini,Euglossa_asarophora,Euglossa,Gongora_sphaerica,Orchidaceae,Gongora,0.199352139,2,20,199,1994
UD22_1189,23/04/2023,PR31,Understory,15,1,Apidae_Euglossini,Euglossa_asarophora,Euglossa,Gongora_sphaerica,Orchidaceae,Gongora,0.114712472,1,11,115,1147
UD22_1187,23/04/2023,PR31,Understory,15,2,Apidae_Euglossini,Exaerete_smaragdina,Exaerete,Gongora_sphaerica,Orchidaceae,Gongora,0.142655616,1,14,143,1427
UD22_1207,3/6/2023,OG38,Understory,NA,1,Apidae_Euglossini,Eulaema_cingulata,Eulaema,Guarea_guentheri,Meliaceae,Guarea,0.258920696,3,26,259,2589
UD22_1251,21/05/2023,OG41,Canopy,NA,2,Apidae_Euglossini,Euglossa_tridentata,Euglossa,Guarea_guentheri,Meliaceae,Guarea,0.122096201,1,12,122,1221
UD22_1246,15/04/2023,OG46,Understory,NA,1,Apidae_Euglossini,Exaerete_smaragdina,Exaerete,Guarea_guentheri,Meliaceae,Guarea,0.49975983,5,50,500,4998
UD22_1207,3/6/2023,OG38,Understory,NA,1,Apidae_Euglossini,Eulaema_cingulata,Eulaema,Hieronyma_alchorneoides,Phyllanthaceae,Hieronyma,0.110977468,1,11,111,1110
UD22_1246,15/04/2023,OG46,Understory,NA,1,Apidae_Euglossini,Exaerete_smaragdina,Exaerete,Hieronyma_alchorneoides,Phyllanthaceae,Hieronyma,0.252110067,3,25,252,2521
UD22_1211,26/03/2023,OG41,Understory,NA,1,Apidae_Euglossini,Eulaema_meriana,Eulaema,Huntleya_wallisii,Orchidaceae,Huntleya,0.55714582,6,56,557,5571
UD22_1210,2/6/2023,PR21,Understory,35,1,Apidae_Euglossini,Euglossa_imperialis,Euglossa,Kefersteinia_maculosa,Orchidaceae,Kefersteinia,0.864616075,9,86,865,8646
UD22_1234,15/04/2023,OG45,Understory,NA,1,Apidae_Euglossini,Euglossa_dodsoni,Euglossa,Lamiales_spc,Lamiales spc,Lamiales spc,0.140620203,1,14,141,1406
UD22_1250,21/05/2023,OG41,Canopy,NA,1,Apidae_Euglossini,Eulaema_cingulata,Eulaema,Lantana_camara,Verbenaceae,Lantana,0.151106565,2,15,151,1511
UD22_1264,11/5/2023,CR14,Canopy,37,2,Apidae_Euglossini,Eulaema_cingulata,Eulaema,Magnoliopsida_spc,Magnoliopsida spc,Magnoliopsida spc,0.433964886,4,43,434,4340
UD22_1239,15/04/2023,OG45,Understory,NA,1,Apidae_Euglossini,Euglossa_allosticta,Euglossa,Magnoliopsida_spc,Magnoliopsida spc,Magnoliopsida spc,0.907322069,9,91,907,9073
UD22_1183,31/03/2023,PA55,Understory,0,3,Apidae_Euglossini,Eulaema_cingulata,Eulaema,Magnoliopsida_spc,Magnoliopsida spc,Magnoliopsida spc,0.189157103,2,19,189,1892
UD22_1268,20/05/2023,OG52,Understory,NA,1,Apidae_Euglossini,Eulaema_sp-female,Eulaema,Mandevilla_spc,Apocynaceae,Mandevilla,0.15425231,2,15,154,1543
UD22_0949,16/03/2023,OG39,Understory,NA,1,Apidae_Euglossini,Euglossa_allosticta,Euglossa,Meliosma_herbertii,Sabiaceae,Meliosma,0.123096774,1,12,123,1231
BAU_0358,4/11/2023,PA56,Understory,0,1,Apidae_Euglossini,Euglossa_allosticta,Euglossa,Miconia_multiplicata,Melastomataceae,Miconia,0.132767588,1,13,133,1328
UD22_1200,15/04/2023,CR11,Understory,22,1,Apidae_Euglossini,Eufriesea_chrysopyga,Eufriesea,Miconia_sp.1,Melastomataceae,Miconia,0.602011494,6,60,602,6020
UD22_1176,24/03/2023,OG42,Understory,NA,2,Apidae_Euglossini,Eulaema_meriana,Eulaema,Miconia_sp.1,Melastomataceae,Miconia,0.157579164,2,16,158,1576
UD22_1237,15/04/2023,OG45,Understory,NA,6,Apidae_Euglossini,Eufriesea_chrysopyga,Eufriesea,Miconia_sp.1,Melastomataceae,Miconia,0.175136567,2,18,175,1751
UD22_1238,15/04/2023,OG45,Understory,NA,1,Apidae_Euglossini,Eufriesea_lucida,Eufriesea,Miconia_sp.1,Melastomataceae,Miconia,0.510150044,5,51,510,5102
UD22_1692,9/10/2023,PA53,Understory,0,1,Apidae_Euglossini,Euglossa_hansoni,Euglossa,Miconia_sp.1,Melastomataceae,Miconia,0.340396601,3,34,340,3404
BAU_0332,7/10/2023,PR24,Understory,20,1,Apidae_Euglossini,Euglossa_gorgonensis,Euglossa,Mormodes_punctata,Orchidaceae,Mormodes,0.559588721,6,56,560,5596
UD22_1213,26/03/2023,OG41,Understory,NA,1,Apidae_Euglossini,Eufriesea_chrysopyga,Eufriesea,Myrcia_aliena,Myrtaceae,Myrcia,0.137450199,1,14,137,1375
UD22_0936,12/3/2023,PR26,Understory,27,2,Apidae_Euglossini,Euglossa_tridentata,Euglossa,Myrcia_aliena,Myrtaceae,Myrcia,0.264697222,3,26,265,2647
UD22_1181,6/4/2023,CA62,Understory,0,2,Apidae_Euglossini,Euglossa_deceptrix,Euglossa,Orchidaceae_spc,Orchidaceae,Orchidaceae spc,0.306794403,3,31,307,3068
UD22_1180,6/4/2023,CA62,Understory,0,1,Apidae_Euglossini,Euglossa_tridentata,Euglossa,Orchidaceae_spc,Orchidaceae,Orchidaceae spc,0.459281821,5,46,459,4593
UD22_1230,14/03/2023,CR06,Understory,32,2,Apidae_Euglossini,Euglossa_tridentata,Euglossa,Orchidaceae_spc,Orchidaceae,Orchidaceae spc,0.250907441,3,25,251,2509
UD22_1224,20/04/2023,CR09,Understory,5,4,Apidae_Euglossini,Euglossa_tridentata,Euglossa,Orchidaceae_spc,Orchidaceae,Orchidaceae spc,0.179364727,2,18,179,1794
UD22_1216,13/04/2023,CR10,Understory,23,1,Apidae_Euglossini,Euglossa_tridentata,Euglossa,Orchidaceae_spc,Orchidaceae,Orchidaceae spc,0.506256015,5,51,506,5063
UD22_1256,13/04/2023,CR10,Canopy,23,1,Apidae_Euglossini,Euglossa_tridentata,Euglossa,Orchidaceae_spc,Orchidaceae,Orchidaceae spc,0.471905537,5,47,472,4719
UD22_1221,29/03/2023,CR13,Understory,1,1,Apidae_Euglossini,Euglossa_deceptrix,Euglossa,Orchidaceae_spc,Orchidaceae,Orchidaceae spc,0.152501316,2,15,153,1525
BAU_0370,18/11/2023,OG37,Canopy,NA,3,Apidae_Euglossini,Euglossa_flammea-chalybeata_gr,Euglossa,Orchidaceae_spc,Orchidaceae,Orchidaceae spc,0.105425401,1,11,105,1054
UD22_1255,23/05/2023,OG39,Canopy,NA,1,Apidae_Euglossini,Euglossa_chlorina,Euglossa,Orchidaceae_spc,Orchidaceae,Orchidaceae spc,0.516166092,5,52,516,5162
UD22_0939,16/03/2023,OG39,Understory,NA,2,Apidae_Euglossini,Euglossa_laevicincta,Euglossa,Orchidaceae_spc,Orchidaceae,Orchidaceae spc,0.114140927,1,11,114,1141
UD22_1254,23/05/2023,OG39,Canopy,NA,1,Apidae_Euglossini,Euglossa_tridentata,Euglossa,Orchidaceae_spc,Orchidaceae,Orchidaceae spc,0.569905762,6,57,570,5699
UD22_1215,26/03/2023,OG41,Understory,NA,9,Apidae_Euglossini,Euglossa_tridentata,Euglossa,Orchidaceae_spc,Orchidaceae,Orchidaceae spc,0.124177598,1,12,124,1242
UD22_1177,24/03/2023,OG42,Understory,NA,1,Apidae_Euglossini,Euglossa_allosticta,Euglossa,Orchidaceae_spc,Orchidaceae,Orchidaceae spc,0.406671159,4,41,407,4067
UD22_1249,24/03/2023,OG42,Canopy,NA,1,Apidae_Euglossini,Euglossa_deceptrix,Euglossa,Orchidaceae_spc,Orchidaceae,Orchidaceae spc,0.670886076,7,67,671,6709
UD22_1233,15/04/2023,OG45,Understory,NA,5,Apidae_Euglossini,Euglossa_tridentata,Euglossa,Orchidaceae_spc,Orchidaceae,Orchidaceae spc,0.209335576,2,21,209,2093
UD22_1247,15/04/2023,OG46,Understory,NA,1,Apidae_Euglossini,Euglossa_flammea-chalybeata_gr,Euglossa,Orchidaceae_spc,Orchidaceae,Orchidaceae spc,0.579375848,6,58,579,5794
UD22_1242,15/04/2023,OG46,Understory,NA,6,Apidae_Euglossini,Euglossa_tridentata,Euglossa,Orchidaceae_spc,Orchidaceae,Orchidaceae spc,0.720062208,7,72,720,7201
BAU_0343,17/10/2023,OG47,Canopy,NA,1,Apidae_Euglossini,Euglossa_townsendi,Euglossa,Orchidaceae_spc,Orchidaceae,Orchidaceae spc,0.550397351,6,55,550,5504
UD22_1193,7/5/2023,OG49,Understory,NA,1,Apidae_Euglossini,Euglossa_deceptrix,Euglossa,Orchidaceae_spc,Orchidaceae,Orchidaceae spc,0.204435651,2,20,204,2044
UD22_1192,7/5/2023,OG49,Understory,NA,1,Apidae_Euglossini,Euglossa_flammea-chalybeata_gr,Euglossa,Orchidaceae_spc,Orchidaceae,Orchidaceae spc,0.57833257,6,58,578,5783
UD22_1191,7/5/2023,OG49,Understory,NA,3,Apidae_Euglossini,Euglossa_tridentata,Euglossa,Orchidaceae_spc,Orchidaceae,Orchidaceae spc,0.244779739,2,24,245,2448
UD22_1258,5/5/2023,OG52,Canopy,NA,1,Apidae_Euglossini,Euglossa_allosticta,Euglossa,Orchidaceae_spc,Orchidaceae,Orchidaceae spc,0.544806699,5,54,545,5448
UD22_1252,26/03/2023,PA54,Understory,0,1,Apidae_Euglossini,Eulaema_cingulata,Eulaema,Orchidaceae_spc,Orchidaceae,Orchidaceae spc,0.155706509,2,16,156,1557
BAU_0357,4/11/2023,PA56,Understory,0,2,Apidae_Euglossini,Euglossa_tridentata,Euglossa,Orchidaceae_spc,Orchidaceae,Orchidaceae spc,0.107781753,1,11,108,1078
UD22_1194,6/4/2023,PA57,Understory,0,1,Apidae_Euglossini,Euglossa_flammea-chalybeata_gr,Euglossa,Orchidaceae_spc,Orchidaceae,Orchidaceae spc,0.636620781,6,64,637,6366
UD22_1209,2/6/2023,PR21,Understory,35,1,Apidae_Euglossini,Euglossa_flammea-chalybeata_gr,Euglossa,Orchidaceae_spc,Orchidaceae,Orchidaceae spc,0.26788346,3,27,268,2679
UD22_1178,4/4/2023,PR22,Understory,11,2,Apidae_Euglossini,Euglossa_allosticta,Euglossa,Orchidaceae_spc,Orchidaceae,Orchidaceae spc,0.43048854,4,43,430,4305
UD22_1179,4/4/2023,PR22,Understory,11,1,Apidae_Euglossini,Euglossa_heterosticta,Euglossa,Orchidaceae_spc,Orchidaceae,Orchidaceae spc,0.295451702,3,30,295,2955
UD22_0935,12/3/2023,PR26,Understory,27,1,Apidae_Euglossini,Euglossa_igniventris-dissimula_gr,Euglossa,Orchidaceae_spc,Orchidaceae,Orchidaceae spc,0.445028681,4,45,445,4450
UD22_0936,12/3/2023,PR26,Understory,27,2,Apidae_Euglossini,Euglossa_tridentata,Euglossa,Orchidaceae_spc,Orchidaceae,Orchidaceae spc,0.289527922,3,29,290,2895
BAU_0339,20/04/2023,PR30,Understory,14,1,Apidae_Euglossini,Euglossa_despecta,Euglossa,Orchidaceae_spc,Orchidaceae,Orchidaceae spc,0.106745012,1,11,107,1067
UD22_1188,23/04/2023,PR31,Understory,15,2,Apidae_Euglossini,Euglossa_flammea-chalybeata_gr,Euglossa,Orchidaceae_spc,Orchidaceae,Orchidaceae spc,0.23438374,2,23,234,2344
UD22_1190,23/04/2023,PR31,Understory,15,1,Apidae_Euglossini,Euglossa_tridentata,Euglossa,Orchidaceae_spc,Orchidaceae,Orchidaceae spc,0.547940494,5,55,548,5479
UD22_1253,29/03/2023,PR33,Understory,1,1,Apidae_Euglossini,Euglossa_tridentata,Euglossa,Orchidaceae_spc,Orchidaceae,Orchidaceae spc,0.25443787,3,25,254,2544
UD22_1217,9/5/2023,PR36,Understory,9,1,Apidae_Euglossini,Euglossa_allosticta,Euglossa,Orchidaceae_spc,Orchidaceae,Orchidaceae spc,0.17020279,2,17,170,1702
UD22_1246,15/04/2023,OG46,Understory,NA,1,Apidae_Euglossini,Exaerete_smaragdina,Exaerete,Parkia_multijuga,Fabaceae,Parkia,0.100734235,1,10,101,1007
BAU_0362,4/11/2023,CA60,Understory,0,1,Apidae_Euglossini,Euglossa_flammea-chalybeata_gr,Euglossa,Paullinia_clathrata,Sapindaceae,Paullinia,0.100919298,1,10,101,1009
UD22_1195,17/03/2023,CA63,Understory,0,1,Apidae_Euglossini,Eulaema_meriana,Eulaema,Paullinia_clathrata,Sapindaceae,Paullinia,0.210075251,2,21,210,2101
BAU_0363,4/11/2023,CR03,Understory,4,2,Apidae_Euglossini,Euglossa_tridentata,Euglossa,Paullinia_clathrata,Sapindaceae,Paullinia,0.168002211,2,17,168,1680
UD22_1225,20/04/2023,CR09,Understory,5,2,Apidae_Euglossini,Eulaema_meriana,Eulaema,Paullinia_clathrata,Sapindaceae,Paullinia,0.231703911,2,23,232,2317
BAU_0348,11/10/2023,CR12,Understory,14,1,Apidae_Euglossini,Euglossa_deceptrix,Euglossa,Paullinia_clathrata,Sapindaceae,Paullinia,0.144614922,1,14,145,1446
UD22_1251,21/05/2023,OG41,Canopy,NA,2,Apidae_Euglossini,Euglossa_tridentata,Euglossa,Paullinia_clathrata,Sapindaceae,Paullinia,0.406463515,4,41,406,4065
UD22_1175,24/03/2023,OG42,Understory,NA,1,Apidae_Euglossini,Eulaema_bombiformis,Eulaema,Paullinia_clathrata,Sapindaceae,Paullinia,0.154404917,2,15,154,1544
UD22_1529,28/11/2023,OG43,Understory,NA,1,Apidae_Euglossini,Euglossa_flammea-chalybeata_gr,Euglossa,Paullinia_clathrata,Sapindaceae,Paullinia,0.150441276,2,15,150,1504
UD22_1531,28/11/2023,OG43,Understory,NA,1,Apidae_Euglossini,Euglossa_laevicincta,Euglossa,Paullinia_clathrata,Sapindaceae,Paullinia,0.793311877,8,79,793,7933
UD22_1530,28/11/2023,OG43,Understory,NA,1,Apidae_Euglossini,Euglossa_tridentata,Euglossa,Paullinia_clathrata,Sapindaceae,Paullinia,0.506689278,5,51,507,5067
UD22_1208,2/6/2023,PR21,Understory,35,1,Apidae_Euglossini,Eulaema_meriana,Eulaema,Paullinia_clathrata,Sapindaceae,Paullinia,0.195294726,2,20,195,1953
BAU_0335,20/04/2023,PR30,Understory,14,1,Apidae_Euglossini,Euglossa_asarophora,Euglossa,Paullinia_clathrata,Sapindaceae,Paullinia,0.180591173,2,18,181,1806
UD22_1228,11/5/2023,PR34,Understory,37,1,Apidae_Euglossini,Euglossa_dodsoni,Euglossa,Pilopogon_laevis,Leucobryaceae,Pilopogon,0.200758513,2,20,201,2008
BAU_0337,20/04/2023,PR30,Understory,14,1,Apidae_Euglossini,Euglossa_flammea-chalybeata_gr,Euglossa,Piper_cavendishioides,Piperaceae,Piper,0.12568398,1,13,126,1257
UD22_1299,3/6/2023,OG41,Understory,NA,1,Apidae_Euglossini,Euglossa_tridentata,Euglossa,Piper_flagellicuspe,Piperaceae,Piper,0.163190465,2,16,163,1632
UD22_1262,7/5/2023,OG49,Canopy,NA,1,Apidae_Euglossini,Euglossa_laevicincta,Euglossa,Piper_hispidum,Piperaceae,Piper,0.267201835,3,27,267,2672
UD22_0932,12/3/2023,PR26,Understory,27,1,Apidae_Euglossini,Eulaema_cingulata,Eulaema,Piper_hispidum,Piperaceae,Piper,0.543617546,5,54,544,5436
UD22_1240,15/04/2023,OG45,Understory,NA,1,Apidae_Euglossini,Euglossa_flammea-chalybeata_gr,Euglossa,Piper_ottoniifolium,Piperaceae,Piper,0.180440771,2,18,180,1804
UD22_1236,15/04/2023,OG45,Understory,NA,1,Apidae_Euglossini,Eulaema_meriana,Eulaema,Polycycnis_ornata,Orchidaceae,Polycycnis,0.87199582,9,87,872,8720
UD22_1228,11/5/2023,PR34,Understory,37,1,Apidae_Euglossini,Euglossa_dodsoni,Euglossa,Polycycnis_ornata,Orchidaceae,Polycycnis,0.720999258,7,72,721,7210
BAU_0356,29/10/2023,OG51,Understory,NA,1,Apidae_Euglossini,Euglossa_tridentata,Euglossa,Primulaceae_spc,Primulaceae,Primulaceae spc,0.499808405,5,50,500,4998
UD22_1692,9/10/2023,PA53,Understory,0,1,Apidae_Euglossini,Euglossa_hansoni,Euglossa,Saurauia_herthae,Actinidiaceae,Saurauia,0.166534466,2,17,167,1665
UD22_1692,9/10/2023,PA53,Understory,0,1,Apidae_Euglossini,Euglossa_hansoni,Euglossa,Sauvagesia_erecta,Ochnaceae,Sauvagesia,0.395542965,4,40,396,3955
UD22_1198,17/03/2023,CA63,Understory,0,1,Apidae_Euglossini,Eulaema_bombiformis,Eulaema,Sida_acuta,Malvaceae,Sida,0.109647958,1,11,110,1096
UD22_1195,17/03/2023,CA63,Understory,0,1,Apidae_Euglossini,Eulaema_meriana,Eulaema,Sida_acuta,Malvaceae,Sida,0.144544314,1,14,145,1445
BAU_0362,4/11/2023,CA60,Understory,0,1,Apidae_Euglossini,Euglossa_flammea-chalybeata_gr,Euglossa,Sievekingia_rhonhofiae,Orchidaceae,Sievekingia,0.513857322,5,51,514,5139
BAU_0360,4/11/2023,CA60,Understory,0,4,Apidae_Euglossini,Euglossa_tridentata,Euglossa,Sievekingia_rhonhofiae,Orchidaceae,Sievekingia,0.708954175,7,71,709,7090
UD22_1181,6/4/2023,CA62,Understory,0,2,Apidae_Euglossini,Euglossa_deceptrix,Euglossa,Sievekingia_rhonhofiae,Orchidaceae,Sievekingia,0.250850876,3,25,251,2509
UD22_1180,6/4/2023,CA62,Understory,0,1,Apidae_Euglossini,Euglossa_tridentata,Euglossa,Sievekingia_rhonhofiae,Orchidaceae,Sievekingia,0.150689324,2,15,151,1507
UD22_1527,25/11/2023,CR07,Understory,22,6,Apidae_Euglossini,Euglossa_tridentata,Euglossa,Sievekingia_rhonhofiae,Orchidaceae,Sievekingia,0.213480055,2,21,213,2135
BAU_0375,25/11/2023,CR08,Understory,26,9,Apidae_Euglossini,Euglossa_tridentata,Euglossa,Sievekingia_rhonhofiae,Orchidaceae,Sievekingia,0.80265613,8,80,803,8027
UD22_1226,20/04/2023,CR09,Understory,5,2,Apidae_Euglossini,Euglossa_flammea-chalybeata_gr,Euglossa,Sievekingia_rhonhofiae,Orchidaceae,Sievekingia,0.123142451,1,12,123,1231
UD22_1224,20/04/2023,CR09,Understory,5,4,Apidae_Euglossini,Euglossa_tridentata,Euglossa,Sievekingia_rhonhofiae,Orchidaceae,Sievekingia,0.281430475,3,28,281,2814
UD22_1256,13/04/2023,CR10,Canopy,23,1,Apidae_Euglossini,Euglossa_tridentata,Euglossa,Sievekingia_rhonhofiae,Orchidaceae,Sievekingia,0.170806189,2,17,171,1708
UD22_1216,13/04/2023,CR10,Understory,23,1,Apidae_Euglossini,Euglossa_tridentata,Euglossa,Sievekingia_rhonhofiae,Orchidaceae,Sievekingia,0.152646776,2,15,153,1526
BAU_0348,11/10/2023,CR12,Understory,14,1,Apidae_Euglossini,Euglossa_deceptrix,Euglossa,Sievekingia_rhonhofiae,Orchidaceae,Sievekingia,0.580204573,6,58,580,5802
UD22_1221,29/03/2023,CR13,Understory,1,1,Apidae_Euglossini,Euglossa_deceptrix,Euglossa,Sievekingia_rhonhofiae,Orchidaceae,Sievekingia,0.371037388,4,37,371,3710
BAU_0370,18/11/2023,OG37,Canopy,NA,3,Apidae_Euglossini,Euglossa_flammea-chalybeata_gr,Euglossa,Sievekingia_rhonhofiae,Orchidaceae,Sievekingia,0.725809592,7,73,726,7258
BAU_0371,18/11/2023,OG37,Understory,NA,1,Apidae_Euglossini,Euglossa_tridentata,Euglossa,Sievekingia_rhonhofiae,Orchidaceae,Sievekingia,0.984667405,10,98,985,9847
UD22_1255,23/05/2023,OG39,Canopy,NA,1,Apidae_Euglossini,Euglossa_chlorina,Euglossa,Sievekingia_rhonhofiae,Orchidaceae,Sievekingia,0.12768751,1,13,128,1277
BAU_0340,14/10/2023,OG40,Understory,NA,5,Apidae_Euglossini,Euglossa_tridentata,Euglossa,Sievekingia_rhonhofiae,Orchidaceae,Sievekingia,0.589720947,6,59,590,5897
UD22_1215,26/03/2023,OG41,Understory,NA,9,Apidae_Euglossini,Euglossa_tridentata,Euglossa,Sievekingia_rhonhofiae,Orchidaceae,Sievekingia,0.162701204,2,16,163,1627
UD22_1177,24/03/2023,OG42,Understory,NA,1,Apidae_Euglossini,Euglossa_allosticta,Euglossa,Sievekingia_rhonhofiae,Orchidaceae,Sievekingia,0.148360288,1,15,148,1484
UD22_1249,24/03/2023,OG42,Canopy,NA,1,Apidae_Euglossini,Euglossa_deceptrix,Euglossa,Sievekingia_rhonhofiae,Orchidaceae,Sievekingia,0.163406214,2,16,163,1634
BAU_0346,18/10/2023,OG44,Understory,NA,9,Apidae_Euglossini,Euglossa_asarophora,Euglossa,Sievekingia_rhonhofiae,Orchidaceae,Sievekingia,0.473239064,5,47,473,4732
BAU_0345,18/10/2023,OG44,Understory,NA,2,Apidae_Euglossini,Euglossa_tridentata,Euglossa,Sievekingia_rhonhofiae,Orchidaceae,Sievekingia,0.766356614,8,77,766,7664
UD22_1233,15/04/2023,OG45,Understory,NA,5,Apidae_Euglossini,Euglossa_tridentata,Euglossa,Sievekingia_rhonhofiae,Orchidaceae,Sievekingia,0.316232128,3,32,316,3162
UD22_1247,15/04/2023,OG46,Understory,NA,1,Apidae_Euglossini,Euglossa_flammea-chalybeata_gr,Euglossa,Sievekingia_rhonhofiae,Orchidaceae,Sievekingia,0.138398915,1,14,138,1384
UD22_1242,15/04/2023,OG46,Understory,NA,6,Apidae_Euglossini,Euglossa_tridentata,Euglossa,Sievekingia_rhonhofiae,Orchidaceae,Sievekingia,0.111975117,1,11,112,1120
BAU_0341,17/10/2023,OG47,Understory,NA,1,Apidae_Euglossini,Euglossa_tridentata,Euglossa,Sievekingia_rhonhofiae,Orchidaceae,Sievekingia,0.971509287,10,97,972,9715
BAU_0344,17/10/2023,OG47,Canopy,NA,2,Apidae_Euglossini,Euglossa_tridentata,Euglossa,Sievekingia_rhonhofiae,Orchidaceae,Sievekingia,0.787981094,8,79,788,7880
BAU_0354,27/10/2023,OG48,Canopy,NA,1,Apidae_Euglossini,Euglossa_tridentata,Euglossa,Sievekingia_rhonhofiae,Orchidaceae,Sievekingia,0.919837903,9,92,920,9198
UD22_1193,7/5/2023,OG49,Understory,NA,1,Apidae_Euglossini,Euglossa_deceptrix,Euglossa,Sievekingia_rhonhofiae,Orchidaceae,Sievekingia,0.295771408,3,30,296,2958
UD22_1192,7/5/2023,OG49,Understory,NA,1,Apidae_Euglossini,Euglossa_flammea-chalybeata_gr,Euglossa,Sievekingia_rhonhofiae,Orchidaceae,Sievekingia,0.14704535,1,15,147,1470
UD22_1191,7/5/2023,OG49,Understory,NA,3,Apidae_Euglossini,Euglossa_tridentata,Euglossa,Sievekingia_rhonhofiae,Orchidaceae,Sievekingia,0.334063047,3,33,334,3341
BAU_0356,29/10/2023,OG51,Understory,NA,1,Apidae_Euglossini,Euglossa_tridentata,Euglossa,Sievekingia_rhonhofiae,Orchidaceae,Sievekingia,0.298250096,3,30,298,2983
UD22_1258,5/5/2023,OG52,Canopy,NA,1,Apidae_Euglossini,Euglossa_allosticta,Euglossa,Sievekingia_rhonhofiae,Orchidaceae,Sievekingia,0.116158917,1,12,116,1162
UD22_1257,5/5/2023,OG52,Canopy,NA,1,Apidae_Euglossini,Euglossa_tridentata,Euglossa,Sievekingia_rhonhofiae,Orchidaceae,Sievekingia,0.124094135,1,12,124,1241
UD22_1252,26/03/2023,PA54,Understory,0,1,Apidae_Euglossini,Eulaema_cingulata,Eulaema,Sievekingia_rhonhofiae,Orchidaceae,Sievekingia,0.367105073,4,37,367,3671
BAU_0358,4/11/2023,PA56,Understory,0,1,Apidae_Euglossini,Euglossa_allosticta,Euglossa,Sievekingia_rhonhofiae,Orchidaceae,Sievekingia,0.557037269,6,56,557,5570
BAU_0357,4/11/2023,PA56,Understory,0,2,Apidae_Euglossini,Euglossa_tridentata,Euglossa,Sievekingia_rhonhofiae,Orchidaceae,Sievekingia,0.620471825,6,62,620,6205
UD22_1194,6/4/2023,PA57,Understory,0,1,Apidae_Euglossini,Euglossa_flammea-chalybeata_gr,Euglossa,Sievekingia_rhonhofiae,Orchidaceae,Sievekingia,0.102772016,1,10,103,1028
UD22_1209,2/6/2023,PR21,Understory,35,1,Apidae_Euglossini,Euglossa_flammea-chalybeata_gr,Euglossa,Sievekingia_rhonhofiae,Orchidaceae,Sievekingia,0.416997317,4,42,417,4170
UD22_1178,4/4/2023,PR22,Understory,11,2,Apidae_Euglossini,Euglossa_allosticta,Euglossa,Sievekingia_rhonhofiae,Orchidaceae,Sievekingia,0.10946924,1,11,109,1095
UD22_1179,4/4/2023,PR22,Understory,11,1,Apidae_Euglossini,Euglossa_heterosticta,Euglossa,Sievekingia_rhonhofiae,Orchidaceae,Sievekingia,0.379817317,4,38,380,3798
BAU_0330,7/10/2023,PR24,Canopy,20,1,Apidae_Euglossini,Euglossa_deceptrix,Euglossa,Sievekingia_rhonhofiae,Orchidaceae,Sievekingia,0.910489424,9,91,910,9105
BAU_0333,7/10/2023,PR24,Understory,20,1,Apidae_Euglossini,Euglossa_hansoni,Euglossa,Sievekingia_rhonhofiae,Orchidaceae,Sievekingia,0.844790676,8,84,845,8448
BAU_0331,7/10/2023,PR24,Understory,20,7,Apidae_Euglossini,Euglossa_tridentata,Euglossa,Sievekingia_rhonhofiae,Orchidaceae,Sievekingia,0.461820272,5,46,462,4618
BAU_0366,17/11/2023,PR25,Understory,5,2,Apidae_Euglossini,Euglossa_tridentata,Euglossa,Sievekingia_rhonhofiae,Orchidaceae,Sievekingia,0.810329475,8,81,810,8103
UD22_0935,12/3/2023,PR26,Understory,27,1,Apidae_Euglossini,Euglossa_igniventris-dissimula_gr,Euglossa,Sievekingia_rhonhofiae,Orchidaceae,Sievekingia,0.19789675,2,20,198,1979
BAU_0334,20/04/2023,PR29,Understory,5,2,Apidae_Euglossini,Euglossa_tridentata,Euglossa,Sievekingia_rhonhofiae,Orchidaceae,Sievekingia,0.846120805,8,85,846,8461
BAU_0339,20/04/2023,PR30,Understory,14,1,Apidae_Euglossini,Euglossa_despecta,Euglossa,Sievekingia_rhonhofiae,Orchidaceae,Sievekingia,0.682580487,7,68,683,6826
UD22_1190,23/04/2023,PR31,Understory,15,1,Apidae_Euglossini,Euglossa_tridentata,Euglossa,Sievekingia_rhonhofiae,Orchidaceae,Sievekingia,0.101642446,1,10,102,1016
BAU_0347,11/10/2023,PR32,Understory,15,1,Apidae_Euglossini,Euglossa_tridentata,Euglossa,Sievekingia_rhonhofiae,Orchidaceae,Sievekingia,0.937620179,9,94,938,9376
UD22_1217,9/5/2023,PR36,Understory,9,1,Apidae_Euglossini,Euglossa_allosticta,Euglossa,Sievekingia_rhonhofiae,Orchidaceae,Sievekingia,0.345289728,3,35,345,3453
BAU_0360,4/11/2023,CA60,Understory,0,4,Apidae_Euglossini,Euglossa_tridentata,Euglossa,Sievekingia_spc,Orchidaceae,Sievekingia,0.103528254,1,10,104,1035
UD22_1181,6/4/2023,CA62,Understory,0,2,Apidae_Euglossini,Euglossa_deceptrix,Euglossa,Sievekingia_spc,Orchidaceae,Sievekingia,0.262775747,3,26,263,2628
UD22_1180,6/4/2023,CA62,Understory,0,1,Apidae_Euglossini,Euglossa_tridentata,Euglossa,Sievekingia_spc,Orchidaceae,Sievekingia,0.370872074,4,37,371,3709
UD22_1230,14/03/2023,CR06,Understory,32,2,Apidae_Euglossini,Euglossa_tridentata,Euglossa,Sievekingia_spc,Orchidaceae,Sievekingia,0.163793103,2,16,164,1638
UD22_1224,20/04/2023,CR09,Understory,5,4,Apidae_Euglossini,Euglossa_tridentata,Euglossa,Sievekingia_spc,Orchidaceae,Sievekingia,0.131163927,1,13,131,1312
UD22_1256,13/04/2023,CR10,Canopy,23,1,Apidae_Euglossini,Euglossa_tridentata,Euglossa,Sievekingia_spc,Orchidaceae,Sievekingia,0.263029316,3,26,263,2630
UD22_1216,13/04/2023,CR10,Understory,23,1,Apidae_Euglossini,Euglossa_tridentata,Euglossa,Sievekingia_spc,Orchidaceae,Sievekingia,0.246005775,2,25,246,2460
UD22_1221,29/03/2023,CR13,Understory,1,1,Apidae_Euglossini,Euglossa_deceptrix,Euglossa,Sievekingia_spc,Orchidaceae,Sievekingia,0.13206951,1,13,132,1321
BAU_0370,18/11/2023,OG37,Canopy,NA,3,Apidae_Euglossini,Euglossa_flammea-chalybeata_gr,Euglossa,Sievekingia_spc,Orchidaceae,Sievekingia,0.125932896,1,13,126,1259
UD22_1255,23/05/2023,OG39,Canopy,NA,1,Apidae_Euglossini,Euglossa_chlorina,Euglossa,Sievekingia_spc,Orchidaceae,Sievekingia,0.296733957,3,30,297,2967
UD22_1254,23/05/2023,OG39,Canopy,NA,1,Apidae_Euglossini,Euglossa_tridentata,Euglossa,Sievekingia_spc,Orchidaceae,Sievekingia,0.301251352,3,30,301,3013
UD22_1177,24/03/2023,OG42,Understory,NA,1,Apidae_Euglossini,Euglossa_allosticta,Euglossa,Sievekingia_spc,Orchidaceae,Sievekingia,0.367812219,4,37,368,3678
UD22_1233,15/04/2023,OG45,Understory,NA,5,Apidae_Euglossini,Euglossa_tridentata,Euglossa,Sievekingia_spc,Orchidaceae,Sievekingia,0.161312027,2,16,161,1613
BAU_0344,17/10/2023,OG47,Canopy,NA,2,Apidae_Euglossini,Euglossa_tridentata,Euglossa,Sievekingia_spc,Orchidaceae,Sievekingia,0.103646185,1,10,104,1036
UD22_1193,7/5/2023,OG49,Understory,NA,1,Apidae_Euglossini,Euglossa_deceptrix,Euglossa,Sievekingia_spc,Orchidaceae,Sievekingia,0.143974601,1,14,144,1440
UD22_1192,7/5/2023,OG49,Understory,NA,1,Apidae_Euglossini,Euglossa_flammea-chalybeata_gr,Euglossa,Sievekingia_spc,Orchidaceae,Sievekingia,0.222858452,2,22,223,2229
UD22_1191,7/5/2023,OG49,Understory,NA,3,Apidae_Euglossini,Euglossa_tridentata,Euglossa,Sievekingia_spc,Orchidaceae,Sievekingia,0.179543311,2,18,180,1795
UD22_1258,5/5/2023,OG52,Canopy,NA,1,Apidae_Euglossini,Euglossa_allosticta,Euglossa,Sievekingia_spc,Orchidaceae,Sievekingia,0.281667557,3,28,282,2817
UD22_1252,26/03/2023,PA54,Understory,0,1,Apidae_Euglossini,Eulaema_cingulata,Eulaema,Sievekingia_spc,Orchidaceae,Sievekingia,0.166594402,2,17,167,1666
BAU_0357,4/11/2023,PA56,Understory,0,2,Apidae_Euglossini,Euglossa_tridentata,Euglossa,Sievekingia_spc,Orchidaceae,Sievekingia,0.145460644,1,15,145,1455
UD22_1194,6/4/2023,PA57,Understory,0,1,Apidae_Euglossini,Euglossa_flammea-chalybeata_gr,Euglossa,Sievekingia_spc,Orchidaceae,Sievekingia,0.222515557,2,22,223,2225
UD22_1209,2/6/2023,PR21,Understory,35,1,Apidae_Euglossini,Euglossa_flammea-chalybeata_gr,Euglossa,Sievekingia_spc,Orchidaceae,Sievekingia,0.216944413,2,22,217,2169
UD22_1178,4/4/2023,PR22,Understory,11,2,Apidae_Euglossini,Euglossa_allosticta,Euglossa,Sievekingia_spc,Orchidaceae,Sievekingia,0.338057901,3,34,338,3381
UD22_1179,4/4/2023,PR22,Understory,11,1,Apidae_Euglossini,Euglossa_heterosticta,Euglossa,Sievekingia_spc,Orchidaceae,Sievekingia,0.272115866,3,27,272,2721
UD22_0935,12/3/2023,PR26,Understory,27,1,Apidae_Euglossini,Euglossa_igniventris-dissimula_gr,Euglossa,Sievekingia_spc,Orchidaceae,Sievekingia,0.347992352,3,35,348,3480
UD22_0936,12/3/2023,PR26,Understory,27,2,Apidae_Euglossini,Euglossa_tridentata,Euglossa,Sievekingia_spc,Orchidaceae,Sievekingia,0.186966336,2,19,187,1870
BAU_0339,20/04/2023,PR30,Understory,14,1,Apidae_Euglossini,Euglossa_despecta,Euglossa,Sievekingia_spc,Orchidaceae,Sievekingia,0.168278451,2,17,168,1683
UD22_1190,23/04/2023,PR31,Understory,15,1,Apidae_Euglossini,Euglossa_tridentata,Euglossa,Sievekingia_spc,Orchidaceae,Sievekingia,0.25393413,3,25,254,2539
UD22_1253,29/03/2023,PR33,Understory,1,1,Apidae_Euglossini,Euglossa_tridentata,Euglossa,Sievekingia_spc,Orchidaceae,Sievekingia,0.158591599,2,16,159,1586
UD22_1217,9/5/2023,PR36,Understory,9,1,Apidae_Euglossini,Euglossa_allosticta,Euglossa,Sievekingia_spc,Orchidaceae,Sievekingia,0.14996288,1,15,150,1500
BAU_0365,12/11/2023,CR17,Understory,8,2,Apidae_Euglossini,Euglossa_tridentata,Euglossa,Sobralia_bimaculata,Orchidaceae,Sobralia,0.17106274,2,17,171,1711
UD22_1207,3/6/2023,OG38,Understory,NA,1,Apidae_Euglossini,Eulaema_cingulata,Eulaema,Sobralia_ecuadorana,Orchidaceae,Sobralia,0.505813487,5,51,506,5058
UD22_0815,19/11/2022,OG46,Understory,NA,1,Apidae_Euglossini,Euglossa_gorgonensis,Euglossa,Sorocea_jaramilloi,Moraceae,Sorocea,0.193949531,2,19,194,1939
BAU_0361,4/11/2023,CA60,Understory,0,1,Apidae_Euglossini,Eulaema_meriana,Eulaema,Stanhopea_pulla,Orchidaceae,Stanhopea,0.463179414,5,46,463,4632
UD22_1198,17/03/2023,CA63,Understory,0,1,Apidae_Euglossini,Eulaema_bombiformis,Eulaema,Stanhopea_pulla,Orchidaceae,Stanhopea,0.256570913,3,26,257,2566
UD22_1266,2/6/2023,CR04,Understory,20,1,Apidae_Euglossini,Euglossa_imperialis,Euglossa,Stanhopea_pulla,Orchidaceae,Stanhopea,0.173893674,2,17,174,1739
UD22_1229,14/03/2023,CR06,Understory,32,5,Apidae_Euglossini,Eulaema_meriana,Eulaema,Stanhopea_pulla,Orchidaceae,Stanhopea,0.332203155,3,33,332,3322
UD22_1225,20/04/2023,CR09,Understory,5,2,Apidae_Euglossini,Eulaema_meriana,Eulaema,Stanhopea_pulla,Orchidaceae,Stanhopea,0.215712291,2,22,216,2157
UD22_1203,15/04/2023,CR11,Understory,22,1,Apidae_Euglossini,Euglossa_flammea-chalybeata_gr,Euglossa,Stanhopea_pulla,Orchidaceae,Stanhopea,0.68330692,7,68,683,6833
UD22_1219,29/03/2023,CR13,Understory,1,1,Apidae_Euglossini,Eulaema_meriana,Eulaema,Stanhopea_pulla,Orchidaceae,Stanhopea,0.329902492,3,33,330,3299
BAU_0365,12/11/2023,CR17,Understory,8,2,Apidae_Euglossini,Euglossa_tridentata,Euglossa,Stanhopea_pulla,Orchidaceae,Stanhopea,0.583930858,6,58,584,5839
UD22_1206,3/6/2023,OG38,Understory,NA,1,Apidae_Euglossini,Eulaema_meriana,Eulaema,Stanhopea_pulla,Orchidaceae,Stanhopea,0.172052173,2,17,172,1721
UD22_1212,26/03/2023,OG41,Understory,NA,2,Apidae_Euglossini,Eulaema_bombiformis,Eulaema,Stanhopea_pulla,Orchidaceae,Stanhopea,0.681285571,7,68,681,6813
UD22_1175,24/03/2023,OG42,Understory,NA,1,Apidae_Euglossini,Eulaema_bombiformis,Eulaema,Stanhopea_pulla,Orchidaceae,Stanhopea,0.148444776,1,15,148,1484
UD22_1243,15/04/2023,OG46,Understory,NA,3,Apidae_Euglossini,Eulaema_meriana,Eulaema,Stanhopea_pulla,Orchidaceae,Stanhopea,0.265671871,3,27,266,2657
BAU_0359,4/11/2023,PA56,Understory,0,1,Apidae_Euglossini,Eulaema_meriana,Eulaema,Stanhopea_pulla,Orchidaceae,Stanhopea,0.402559518,4,40,403,4026
UD22_1208,2/6/2023,PR21,Understory,35,1,Apidae_Euglossini,Eulaema_meriana,Eulaema,Stanhopea_pulla,Orchidaceae,Stanhopea,0.264736298,3,26,265,2647
BAU_0338,20/04/2023,PR30,Understory,14,3,Apidae_Euglossini,Eulaema_meriana,Eulaema,Stanhopea_pulla,Orchidaceae,Stanhopea,0.74816825,7,75,748,7482
BAU_0361,4/11/2023,CA60,Understory,0,1,Apidae_Euglossini,Eulaema_meriana,Eulaema,Stanhopea_spc,Orchidaceae,Stanhopea,0.266299276,3,27,266,2663
UD22_1198,17/03/2023,CA63,Understory,0,1,Apidae_Euglossini,Eulaema_bombiformis,Eulaema,Stanhopea_spc,Orchidaceae,Stanhopea,0.396856582,4,40,397,3969
UD22_1195,17/03/2023,CA63,Understory,0,1,Apidae_Euglossini,Eulaema_meriana,Eulaema,Stanhopea_spc,Orchidaceae,Stanhopea,0.202184365,2,20,202,2022
UD22_1182,31/03/2023,CR02,Understory,7,1,Apidae_Euglossini,Eulaema_meriana,Eulaema,Stanhopea_spc,Orchidaceae,Stanhopea,0.826044226,8,83,826,8260
UD22_1266,2/6/2023,CR04,Understory,20,1,Apidae_Euglossini,Euglossa_imperialis,Euglossa,Stanhopea_spc,Orchidaceae,Stanhopea,0.276556777,3,28,277,2766
UD22_1185,4/4/2023,CR05,Understory,11,1,Apidae_Euglossini,Eulaema_meriana,Eulaema,Stanhopea_spc,Orchidaceae,Stanhopea,0.887342135,9,89,887,8873
UD22_1229,14/03/2023,CR06,Understory,32,5,Apidae_Euglossini,Eulaema_meriana,Eulaema,Stanhopea_spc,Orchidaceae,Stanhopea,0.535220039,5,54,535,5352
UD22_1225,20/04/2023,CR09,Understory,5,2,Apidae_Euglossini,Eulaema_meriana,Eulaema,Stanhopea_spc,Orchidaceae,Stanhopea,0.338268156,3,34,338,3383
UD22_1203,15/04/2023,CR11,Understory,22,1,Apidae_Euglossini,Euglossa_flammea-chalybeata_gr,Euglossa,Stanhopea_spc,Orchidaceae,Stanhopea,0.18858954,2,19,189,1886
UD22_1202,15/04/2023,CR11,Understory,22,3,Apidae_Euglossini,Eulaema_chocoana,Eulaema,Stanhopea_spc,Orchidaceae,Stanhopea,0.773501819,8,77,774,7735
UD22_1201,15/04/2023,CR11,Understory,22,1,Apidae_Euglossini,Eulaema_meriana,Eulaema,Stanhopea_spc,Orchidaceae,Stanhopea,0.795165394,8,80,795,7952
UD22_1218,29/03/2023,CR13,Understory,1,1,Apidae_Euglossini,Eulaema_flavescens,Eulaema,Stanhopea_spc,Orchidaceae,Stanhopea,0.333956719,3,33,334,3340
UD22_1219,29/03/2023,CR13,Understory,1,1,Apidae_Euglossini,Eulaema_meriana,Eulaema,Stanhopea_spc,Orchidaceae,Stanhopea,0.384073673,4,38,384,3841
UD22_1206,3/6/2023,OG38,Understory,NA,1,Apidae_Euglossini,Eulaema_meriana,Eulaema,Stanhopea_spc,Orchidaceae,Stanhopea,0.276397719,3,28,276,2764
UD22_0937,16/03/2023,OG39,Understory,NA,1,Apidae_Euglossini,Eulaema_meriana,Eulaema,Stanhopea_spc,Orchidaceae,Stanhopea,0.706640972,7,71,707,7066
UD22_1175,24/03/2023,OG42,Understory,NA,1,Apidae_Euglossini,Eulaema_bombiformis,Eulaema,Stanhopea_spc,Orchidaceae,Stanhopea,0.377723971,4,38,378,3777
UD22_1176,24/03/2023,OG42,Understory,NA,2,Apidae_Euglossini,Eulaema_meriana,Eulaema,Stanhopea_spc,Orchidaceae,Stanhopea,0.381300356,4,38,381,3813
UD22_1243,15/04/2023,OG46,Understory,NA,3,Apidae_Euglossini,Eulaema_meriana,Eulaema,Stanhopea_spc,Orchidaceae,Stanhopea,0.260133836,3,26,260,2601
UD22_1261,7/5/2023,OG49,Canopy,NA,1,Apidae_Euglossini,Euglossa_imperialis,Euglossa,Stanhopea_spc,Orchidaceae,Stanhopea,0.164206642,2,16,164,1642
UD22_1268,20/05/2023,OG52,Understory,NA,1,Apidae_Euglossini,Eulaema_sp-female,Eulaema,Stanhopea_spc,Orchidaceae,Stanhopea,0.60871205,6,61,609,6087
BAU_0359,4/11/2023,PA56,Understory,0,1,Apidae_Euglossini,Eulaema_meriana,Eulaema,Stanhopea_spc,Orchidaceae,Stanhopea,0.118377717,1,12,118,1184
UD22_1208,2/6/2023,PR21,Understory,35,1,Apidae_Euglossini,Eulaema_meriana,Eulaema,Stanhopea_spc,Orchidaceae,Stanhopea,0.429007239,4,43,429,4290
UD22_0934,12/3/2023,PR26,Understory,27,1,Apidae_Euglossini,Eufriesea_chrysopyga,Eufriesea,Stanhopea_spc,Orchidaceae,Stanhopea,0.141096734,1,14,141,1411
UD22_0933,12/3/2023,PR26,Understory,27,1,Apidae_Euglossini,Eulaema_meriana,Eulaema,Stanhopea_spc,Orchidaceae,Stanhopea,0.178440249,2,18,178,1784
BAU_0338,20/04/2023,PR30,Understory,14,3,Apidae_Euglossini,Eulaema_meriana,Eulaema,Stanhopea_spc,Orchidaceae,Stanhopea,0.197557666,2,20,198,1976
UD22_1186,23/04/2023,PR31,Understory,15,1,Apidae_Euglossini,Eulaema_chocoana,Eulaema,Stanhopea_spc,Orchidaceae,Stanhopea,0.794722263,8,79,795,7947
UD22_0932,12/3/2023,PR26,Understory,27,1,Apidae_Euglossini,Eulaema_cingulata,Eulaema,Stellaria_spc,Caryophyllaceae,Stellaria,0.162148842,2,16,162,1621
UD22_1175,24/03/2023,OG42,Understory,NA,1,Apidae_Euglossini,Eulaema_bombiformis,Eulaema,Swartzia_haughthii,Fabaceae,Swartzia,0.102129509,1,10,102,1021
BAU_0362,4/11/2023,CA60,Understory,0,1,Apidae_Euglossini,Euglossa_flammea-chalybeata_gr,Euglossa,Thymelaeaceae_spc,Thymelaeaceae,Thymelaeaceae spc,0.101021066,1,10,101,1010
UD22_1221,29/03/2023,CR13,Understory,1,1,Apidae_Euglossini,Euglossa_deceptrix,Euglossa,Thymelaeaceae_spc,Thymelaeaceae,Thymelaeaceae spc,0.261400737,3,26,261,2614
UD22_1196,17/03/2023,CA63,Understory,0,1,Apidae_Euglossini,Euglossa_flammea-chalybeata_gr,Euglossa,Tournefortia_hirsutissima,Heliotropiaceae,Tournefortia,0.121724631,1,12,122,1217
UD22_1234,15/04/2023,OG45,Understory,NA,1,Apidae_Euglossini,Euglossa_dodsoni,Euglossa,Tovomita_spc,Clusiaceae,Tovomita,0.308259134,3,31,308,3083
UD22_1235,15/04/2023,OG45,Understory,NA,1,Apidae_Euglossini,Euglossa_heterosticta,Euglossa,Tovomita_spc,Clusiaceae,Tovomita,0.116493656,1,12,116,1165
UD22_1263,7/5/2023,OG49,Canopy,NA,2,Apidae_Euglossini,Eulaema_cingulata,Eulaema,Tropaeolum_repandum,Tropaeolaceae,Tropaeolum,0.145559211,1,15,146,1456
UD22_1600,4/11/2023,CA60,Understory,0,6,Apidae_Meliponini,Tetragona_perangulata,Tetragona,Acalypha_diversifolia,Euphorbiaceae,Acalypha,0.172409845,2,17,172,1724
UD22_1698,27/10/2023,OG50,Understory,NA,2,Apidae_Meliponini,Ptilotrigona_occidentalis,Ptilotrigona,Acalypha_spc,Euphorbiaceae,Acalypha,0.127956989,1,13,128,1280
UD22_1541,16/03/2023,OG39,Understory,NA,6,Apidae_Meliponini,Trigona_nigerrima,Trigona,Arecaceae_spc,Arecaceae,Arecaceae spc,0.116292848,1,12,116,1163
UD22_1544,7/11/2023,CA61,Understory,0,3,Apidae_Meliponini,Trigona_silvestriana,Trigona,Artocarpus_altilis,Moraceae,Artocarpus,0.287441542,3,29,287,2874
UD22_1710,20/04/2023,PR30,Understory,14,2,Apidae_Meliponini,Trigona_guianae,Trigona,Artocarpus_altilis,Moraceae,Artocarpus,0.108544087,1,11,109,1085
UD22_1690,20/04/2023,PR30,Understory,14,8,Apidae_Meliponini,Trigona_silvestriana,Trigona,Artocarpus_altilis,Moraceae,Artocarpus,0.485346062,5,49,485,4853
UD22_1738,18/10/2023,OG44,Understory,NA,2,Apidae_Meliponini,Trigona_silvestriana,Trigona,Aspidosperma_myristicifolium,Apocynaceae,Aspidosperma,0.110214085,1,11,110,1102
UD22_1662,27/10/2023,OG48,Understory,NA,65,Apidae_Meliponini,Trigona_silvestriana,Trigona,Aspidosperma_spruceanum,Apocynaceae,Aspidosperma,0.152446399,2,15,152,1524
BAU_0232,6/4/2023,CA62,Understory,0,8,Apidae_Meliponini,Tetragona_perangulata,Tetragona,Asteraceae_spc,Asteraceae,Asteraceae spc,0.13622291,1,14,136,1362
UD22_1283,7/5/2023,OG49,Canopy,NA,2,Apidae_Meliponini,Trigonisca_cf_pediculana,Trigonisca,Asteraceae_spc,Asteraceae,Asteraceae spc,0.145960035,1,15,146,1460
UD22_1273,20/05/2023,OG42,Canopy,NA,1,Apidae_Meliponini,Nannotrigona_mellaria,Nannotrigona,Baccharis_sp._Pennington_1090,Asteraceae,Baccharis,0.223893805,2,22,224,2239
UD22_1665,17/10/2023,OG47,Understory,NA,1,Apidae_Meliponini,Ptilotrigona_occidentalis,Ptilotrigona,Baccharis_sp._Pennington_1090,Asteraceae,Baccharis,0.101137441,1,10,101,1011
UD22_1723,17/11/2023,CR01,Understory,5,3,Apidae_Meliponini,Paratrigona_opaca,Paratrigona,Baltimora_recta,Asteraceae,Baltimora,0.115032185,1,12,115,1150
UD22_1302,2/6/2023,CR04,Understory,20,2,Apidae_Meliponini,Partamona_nr_peckolti,Partamona,Baltimora_recta,Asteraceae,Baltimora,0.295954303,3,30,296,2960
BAU_0323,4/4/2023,CR05,Understory,11,1,Apidae_Meliponini,Tetragona_ziegleri,Tetragona,Baltimora_recta,Asteraceae,Baltimora,0.108511525,1,11,109,1085
UD22_1702,7/10/2023,PR24,Understory,20,2,Apidae_Meliponini,Partamona_aequatoriana,Partamona,Baltimora_recta,Asteraceae,Baltimora,0.241155883,2,24,241,2412
UD22_1549,4/11/2023,PA56,Understory,0,6,Apidae_Meliponini,Trigona_ferricauda,Trigona,Begonia_fischeri,Begoniaceae,Begonia,0.112222282,1,11,112,1122
UD22_1665,17/10/2023,OG47,Understory,NA,1,Apidae_Meliponini,Ptilotrigona_occidentalis,Ptilotrigona,Bidens_pilosa,Asteraceae,Bidens,0.141042654,1,14,141,1410
UD22_1649,29/10/2023,OG51,Understory,NA,1,Apidae_Meliponini,Partamona_aequatoriana,Partamona,Bidens_pilosa,Asteraceae,Bidens,0.115454822,1,12,115,1155
UD22_0279,7/4/2022,OG41,Canopy,NA,1,Apidae_Meliponini,Partamona_nr_peckolti,Partamona,Blakea_subconnata,Melastomataceae,Blakea,0.290921517,3,29,291,2909
UD22_1304,2/6/2023,CR04,Understory,20,1,Apidae_Meliponini,Partamona_aequatoriana,Partamona,Brosimum_spc,Moraceae,Brosimum,0.214102696,2,21,214,2141
UD22_1613,12/11/2023,CR16,Understory,7,1,Apidae_Meliponini,Trigonisca_cf_pediculana,Trigonisca,Brosimum_spc,Moraceae,Brosimum,0.135349011,1,14,135,1353
UD22_0069,2/4/2022,PR23,Canopy,1,1,Apidae_Meliponini,Trigona_cilipes,Trigona,Byrsonima_ligustrifolia,Malpighiaceae,Byrsonima,0.325575538,3,33,326,3256
UD22_1642,6/11/2023,CA59,Understory,0,1,Apidae_Meliponini,Nannotrigona_tristella,Nannotrigona,Cajanus_cajan,Fabaceae,Cajanus,0.790076065,8,79,790,7901
UD22_1640,6/11/2023,CA59,Understory,0,1,Apidae_Meliponini,Trigona_corvina,Trigona,Cajanus_cajan,Fabaceae,Cajanus,0.336532024,3,34,337,3365
UD22_1610,6/11/2023,CA59,Understory,0,11,Apidae_Meliponini,Trigona_silvestriana,Trigona,Cajanus_cajan,Fabaceae,Cajanus,0.583571367,6,58,584,5836
UD22_1328,6/4/2023,PA57,Understory,0,1,Apidae_Meliponini,Trigona_cilipes,Trigona,Cantinoa_mutabilis,Lamiaceae,Cantinoa,0.319128899,3,32,319,3191
UD22_0723,25/10/2022,OG50,Canopy,NA,1,Apidae_Meliponini,Partamona_sp,Partamona,Carludovica_palmata,Cyclanthaceae,Carludovica,0.242677824,2,24,243,2427
UD22_0723,25/10/2022,OG50,Canopy,NA,1,Apidae_Meliponini,Partamona_sp,Partamona,Carludovica_spc,Cyclanthaceae,Carludovica,0.170184759,2,17,170,1702
UD22_0944,16/03/2023,OG39,Understory,NA,1,Apidae_Meliponini,Partamona_aequatoriana,Partamona,Caryophyllaceae_spc,Caryophyllaceae,Caryophyllaceae spc,0.183777859,2,18,184,1838
UD22_0931,12/3/2023,PR26,Understory,27,1,Apidae_Meliponini,Trigonisca_cf_pediculana,Trigonisca,Catasetum_expansum,Orchidaceae,Catasetum,0.981453634,10,98,981,9815
BAU_0221,13/04/2023,CR10,Understory,23,1,Apidae_Meliponini,Trigona_ferricauda,Trigona,Cavendishia_grandifolia,Ericaceae,Cavendishia,0.146953908,1,15,147,1470
BAU_0329,15/04/2023,CR11,Understory,22,1,Apidae_Meliponini,Trigona_ferricauda,Trigona,Cavendishia_grandifolia,Ericaceae,Cavendishia,0.144800284,1,14,145,1448
BAU_0194,15/04/2023,OG45,Understory,NA,1,Apidae_Meliponini,Trigona_ferricauda,Trigona,Cavendishia_grandifolia,Ericaceae,Cavendishia,0.141693105,1,14,142,1417
UD22_0687,17/10/2022,OG47,Canopy,NA,1,Apidae_Meliponini,Trigonisca_atomaria,Trigonisca,Cavendishia_grandifolia,Ericaceae,Cavendishia,0.633053118,6,63,633,6331
BAU_0314,31/03/2023,CR02,Understory,7,9,Apidae_Meliponini,Trigona_silvestriana,Trigona,Cayaponia_amazonica,Cucurbitaceae,Cayaponia,0.168806337,2,17,169,1688
BAU_0213,13/04/2023,CR10,Understory,23,2,Apidae_Meliponini,Trigona_silvestriana,Trigona,Cayaponia_amazonica,Cucurbitaceae,Cayaponia,0.291807595,3,29,292,2918
BAU_0326,15/04/2023,CR11,Understory,22,4,Apidae_Meliponini,Trigona_silvestriana,Trigona,Cayaponia_amazonica,Cucurbitaceae,Cayaponia,0.180360837,2,18,180,1804
BAU_0272,11/5/2023,CR14,Understory,37,10,Apidae_Meliponini,Trigona_silvestriana,Trigona,Cayaponia_amazonica,Cucurbitaceae,Cayaponia,0.152238254,2,15,152,1522
BAU_0193,15/04/2023,OG45,Understory,NA,1,Apidae_Meliponini,Partamona_aequatoriana,Partamona,Cayaponia_amazonica,Cucurbitaceae,Cayaponia,0.174047768,2,17,174,1740
UD22_0074,2/4/2022,CR03,Understory,4,1,Apidae_Meliponini,Partamona_aequatoriana,Partamona,Cayaponia_citrullifolia,Cucurbitaceae,Cayaponia,0.179066757,2,18,179,1791
BAU_0320,4/4/2023,CR05,Understory,11,14,Apidae_Meliponini,Trigona_silvestriana,Trigona,Cayaponia_pilosa,Cucurbitaceae,Cayaponia,0.179145003,2,18,179,1791
BAU_0213,13/04/2023,CR10,Understory,23,2,Apidae_Meliponini,Trigona_silvestriana,Trigona,Cayaponia_pilosa,Cucurbitaceae,Cayaponia,0.247600417,2,25,248,2476
BAU_0272,11/5/2023,CR14,Understory,37,10,Apidae_Meliponini,Trigona_silvestriana,Trigona,Cayaponia_pilosa,Cucurbitaceae,Cayaponia,0.128992477,1,13,129,1290
BAU_0259,26/03/2023,OG41,Understory,NA,10,Apidae_Meliponini,Trigona_silvestriana,Trigona,Cayaponia_pilosa,Cucurbitaceae,Cayaponia,0.146347607,1,15,146,1463
BAU_0209,13/04/2023,OG46,Understory,NA,20,Apidae_Meliponini,Trigona_silvestriana,Trigona,Cayaponia_pilosa,Cucurbitaceae,Cayaponia,0.184874284,2,18,185,1849
BAU_0292,17/03/2023,CA63,Understory,0,1,Apidae_Meliponini,Trigona_silvestriana,Trigona,Cecropia_garciae,Urticaceae,Cecropia,0.100755988,1,10,101,1008
UD22_0057,28/02/2022,CR04,Canopy,20,1,Apidae_Meliponini,Trigonisca_cf_buyssoni,Trigonisca,Cecropia_garciae,Urticaceae,Cecropia,0.299630996,3,30,300,2996
BAU_0215,13/04/2023,CR10,Understory,23,1,Apidae_Meliponini,Dolichotrigona_schulthessi,Dolichotrigona,Cecropia_garciae,Urticaceae,Cecropia,0.11218146,1,11,112,1122
UD22_1731,11/10/2023,CR12,Understory,14,1,Apidae_Meliponini,Partamona_aequatoriana,Partamona,Cecropia_garciae,Urticaceae,Cecropia,0.61342652,6,61,613,6134
UD22_1613,12/11/2023,CR16,Understory,7,1,Apidae_Meliponini,Trigonisca_cf_pediculana,Trigonisca,Cecropia_garciae,Urticaceae,Cecropia,0.13027249,1,13,130,1303
UD22_1625,18/11/2023,OG37,Understory,NA,5,Apidae_Meliponini,Nogueirapis_mirandula,Nogueirapis,Cecropia_garciae,Urticaceae,Cecropia,0.11637931,1,12,116,1164
UD22_1271,20/05/2023,OG42,Canopy,NA,6,Apidae_Meliponini,Trigonisca_cf_buyssoni,Trigonisca,Cecropia_garciae,Urticaceae,Cecropia,0.431715858,4,43,432,4317
UD22_1729,17/10/2023,OG47,Understory,NA,1,Apidae_Meliponini,Trigona_fulviventris,Trigona,Cecropia_garciae,Urticaceae,Cecropia,0.165101721,2,17,165,1651
UD22_0747,25/10/2022,OG48,Canopy,NA,1,Apidae_Meliponini,Partamona_aequatoriana,Partamona,Cecropia_garciae,Urticaceae,Cecropia,0.567616106,6,57,568,5676
UD22_1282,7/5/2023,OG49,Canopy,NA,3,Apidae_Meliponini,Partamona_nr_peckolti,Partamona,Cecropia_garciae,Urticaceae,Cecropia,0.301461632,3,30,301,3015
UD22_1696,27/10/2023,OG50,Understory,NA,6,Apidae_Meliponini,Nogueirapis_mirandula,Nogueirapis,Cecropia_garciae,Urticaceae,Cecropia,0.449737715,4,45,450,4497
UD22_1697,27/10/2023,OG50,Understory,NA,3,Apidae_Meliponini,Partamona_nr_peckolti,Partamona,Cecropia_garciae,Urticaceae,Cecropia,0.196560972,2,20,197,1966
UD22_1650,29/10/2023,OG51,Understory,NA,8,Apidae_Meliponini,Nogueirapis_mirandula,Nogueirapis,Cecropia_garciae,Urticaceae,Cecropia,0.115766262,1,12,116,1158
UD22_1649,29/10/2023,OG51,Understory,NA,1,Apidae_Meliponini,Partamona_aequatoriana,Partamona,Cecropia_garciae,Urticaceae,Cecropia,0.128840888,1,13,129,1288
UD22_1560,4/11/2023,PA56,Understory,0,1,Apidae_Meliponini,Partamona_aequatoriana,Partamona,Cecropia_garciae,Urticaceae,Cecropia,0.237003579,2,24,237,2370
UD22_1550,4/11/2023,PA56,Understory,0,1,Apidae_Meliponini,Trigonisca_cf_buyssoni,Trigonisca,Cecropia_garciae,Urticaceae,Cecropia,0.178631159,2,18,179,1786
UD22_1323,6/4/2023,PA57,Understory,0,3,Apidae_Meliponini,Partamona_aequatoriana,Partamona,Cecropia_garciae,Urticaceae,Cecropia,0.149122466,1,15,149,1491
UD22_1563,25/10/2023,PA58,Understory,0,1,Apidae_Meliponini,Trigona_silvestriana,Trigona,Cecropia_garciae,Urticaceae,Cecropia,0.115406481,1,12,115,1154
UD22_1633,17/11/2023,PR20,Understory,3,4,Apidae_Meliponini,Tetragonisca_buchwaldi,Tetragonisca,Cecropia_garciae,Urticaceae,Cecropia,0.143612601,1,14,144,1436
UD22_1716,7/10/2023,PR24,Understory,20,1,Apidae_Meliponini,Trigona_ferricauda,Trigona,Cecropia_garciae,Urticaceae,Cecropia,0.109166832,1,11,109,1092
UD22_1630,17/11/2023,PR25,Understory,5,3,Apidae_Meliponini,Tetragonisca_angustula,Tetragonisca,Cecropia_garciae,Urticaceae,Cecropia,0.265503876,3,27,266,2655
UD22_1617,17/11/2023,PR25,Understory,5,6,Apidae_Meliponini,Trigona_nigerrima,Trigona,Cecropia_garciae,Urticaceae,Cecropia,0.139405614,1,14,139,1394
UD22_1651,20/04/2023,PR30,Understory,14,1,Apidae_Meliponini,Partamona_nr_peckolti,Partamona,Cecropia_garciae,Urticaceae,Cecropia,0.256140614,3,26,256,2561
UD22_1632,7/11/2023,CA61,Understory,0,1,Apidae_Meliponini,Partamona_aequatoriana,Partamona,Cecropia_insignis,Urticaceae,Cecropia,0.116446216,1,12,116,1164
BAU_0233,6/4/2023,CA62,Understory,0,4,Apidae_Meliponini,Tetragona_ziegleri,Tetragona,Cecropia_insignis,Urticaceae,Cecropia,0.209236179,2,21,209,2092
BAU_0299,18/03/2023,CA64,Understory,0,12,Apidae_Meliponini,Trigona_ferricauda,Trigona,Cecropia_insignis,Urticaceae,Cecropia,0.109287085,1,11,109,1093
UD22_1599,4/11/2023,CR03,Understory,4,2,Apidae_Meliponini,Trigona_ferricauda,Trigona,Cecropia_insignis,Urticaceae,Cecropia,0.204662772,2,20,205,2047
UD22_1581,4/11/2023,CR03,Understory,4,1,Apidae_Meliponini,Trigona_guianae,Trigona,Cecropia_insignis,Urticaceae,Cecropia,0.363233202,4,36,363,3632
UD22_1583,4/11/2023,CR03,Understory,4,1,Apidae_Meliponini,Trigonisca_cf_pediculana,Trigonisca,Cecropia_insignis,Urticaceae,Cecropia,0.365634741,4,37,366,3656
UD22_1303,2/6/2023,CR04,Understory,20,1,Apidae_Meliponini,Nogueirapis_mirandula,Nogueirapis,Cecropia_insignis,Urticaceae,Cecropia,0.220554837,2,22,221,2206
UD22_1304,2/6/2023,CR04,Understory,20,1,Apidae_Meliponini,Partamona_aequatoriana,Partamona,Cecropia_insignis,Urticaceae,Cecropia,0.474531106,5,47,475,4745
UD22_0715,21/10/2022,CR08,Understory,26,1,Apidae_Meliponini,Trigona_silvestriana,Trigona,Cecropia_insignis,Urticaceae,Cecropia,0.211000373,2,21,211,2110
BAU_0255,20/04/2023,CR09,Understory,5,2,Apidae_Meliponini,Trigona_ferricauda,Trigona,Cecropia_insignis,Urticaceae,Cecropia,0.108127394,1,11,108,1081
UD22_0739,29/10/2022,CR14,Canopy,37,1,Apidae_Meliponini,Partamona_aequatoriana,Partamona,Cecropia_insignis,Urticaceae,Cecropia,0.876790613,9,88,877,8768
BAU_0328,11/5/2023,CR14,Understory,37,1,Apidae_Meliponini,Partamona_aequatoriana,Partamona,Cecropia_insignis,Urticaceae,Cecropia,0.472365551,5,47,472,4724
UD22_0746,29/10/2022,CR14,Canopy,37,8,Apidae_Meliponini,Trigonisca_atomaria,Trigonisca,Cecropia_insignis,Urticaceae,Cecropia,0.549411463,5,55,549,5494
UD22_0745,29/10/2022,CR14,Canopy,37,6,Apidae_Meliponini,Trigonisca_cf_pediculana,Trigonisca,Cecropia_insignis,Urticaceae,Cecropia,0.148182222,1,15,148,1482
UD22_1638,18/11/2023,OG37,Understory,NA,5,Apidae_Meliponini,Partamona_aequatoriana,Partamona,Cecropia_insignis,Urticaceae,Cecropia,0.16316999,2,16,163,1632
BAU_0281,3/6/2023,OG38,Understory,NA,2,Apidae_Meliponini,Partamona_aequatoriana,Partamona,Cecropia_insignis,Urticaceae,Cecropia,0.165037037,2,17,165,1650
UD22_0275,5/4/2022,OG40,Canopy,NA,22,Apidae_Meliponini,Trigonisca_atomaria,Trigonisca,Cecropia_insignis,Urticaceae,Cecropia,0.590932185,6,59,591,5909
UD22_0276,5/4/2022,OG40,Canopy,NA,4,Apidae_Meliponini,Trigonisca_cf_buyssoni,Trigonisca,Cecropia_insignis,Urticaceae,Cecropia,0.203260273,2,20,203,2033
UD22_1292,21/05/2023,OG41,Canopy,NA,9,Apidae_Meliponini,Trigonisca_atomaria,Trigonisca,Cecropia_insignis,Urticaceae,Cecropia,0.103803355,1,10,104,1038
UD22_1291,21/05/2023,OG41,Canopy,NA,14,Apidae_Meliponini,Trigonisca_cf_buyssoni,Trigonisca,Cecropia_insignis,Urticaceae,Cecropia,0.204384328,2,20,204,2044
UD22_1310,24/03/2023,OG42,Understory,NA,1,Apidae_Meliponini,Partamona_aequatoriana,Partamona,Cecropia_insignis,Urticaceae,Cecropia,0.804179851,8,80,804,8042
UD22_1269,20/05/2023,OG42,Canopy,NA,1,Apidae_Meliponini,Partamona_nr_peckolti,Partamona,Cecropia_insignis,Urticaceae,Cecropia,0.163699522,2,16,164,1637
UD22_1270,20/05/2023,OG42,Canopy,NA,21,Apidae_Meliponini,Trigonisca_atomaria,Trigonisca,Cecropia_insignis,Urticaceae,Cecropia,0.228915064,2,23,229,2289
UD22_0747,25/10/2022,OG48,Canopy,NA,1,Apidae_Meliponini,Partamona_aequatoriana,Partamona,Cecropia_insignis,Urticaceae,Cecropia,0.199454043,2,20,199,1995
BAU_0279,7/5/2023,OG49,Understory,NA,4,Apidae_Meliponini,Partamona_nr_peckolti,Partamona,Cecropia_insignis,Urticaceae,Cecropia,0.124861613,1,12,125,1249
UD22_0722,26/10/2022,OG49,Canopy,NA,2,Apidae_Meliponini,Trigonisca_atomaria,Trigonisca,Cecropia_insignis,Urticaceae,Cecropia,0.406736412,4,41,407,4067
UD22_0724,25/10/2022,OG50,Canopy,NA,1,Apidae_Meliponini,Partamona_aequatoriana,Partamona,Cecropia_insignis,Urticaceae,Cecropia,0.9696793,10,97,970,9697
UD22_0723,25/10/2022,OG50,Canopy,NA,1,Apidae_Meliponini,Partamona_sp,Partamona,Cecropia_insignis,Urticaceae,Cecropia,0.1775657,2,18,178,1776
UD22_0166,24/04/2022,OG51,Canopy,NA,2,Apidae_Meliponini,Nannotrigona_tristella,Nannotrigona,Cecropia_insignis,Urticaceae,Cecropia,0.161229222,2,16,161,1612
UD22_1650,29/10/2023,OG51,Understory,NA,8,Apidae_Meliponini,Nogueirapis_mirandula,Nogueirapis,Cecropia_insignis,Urticaceae,Cecropia,0.103638368,1,10,104,1036
UD22_1287,5/5/2023,OG52,Canopy,NA,7,Apidae_Meliponini,Trigonisca_cf_buyssoni,Trigonisca,Cecropia_insignis,Urticaceae,Cecropia,0.348275862,3,35,348,3483
UD22_0673,14/10/2022,PA53,Understory,0,1,Apidae_Meliponini,Trigonisca_atomaria,Trigonisca,Cecropia_insignis,Urticaceae,Cecropia,0.255593132,3,26,256,2556
BAU_0273,26/03/2023,PA54,Understory,0,2,Apidae_Meliponini,Trigona_ferricauda,Trigona,Cecropia_insignis,Urticaceae,Cecropia,0.417187009,4,42,417,4172
UD22_1323,6/4/2023,PA57,Understory,0,3,Apidae_Meliponini,Partamona_aequatoriana,Partamona,Cecropia_insignis,Urticaceae,Cecropia,0.115110713,1,12,115,1151
UD22_1324,6/4/2023,PA57,Understory,0,1,Apidae_Meliponini,Tetragona_perangulata,Tetragona,Cecropia_insignis,Urticaceae,Cecropia,0.246537182,2,25,247,2465
UD22_0077,4/4/2022,PR19,Understory,5,1,Apidae_Meliponini,Trigonisca_cf_buyssoni,Trigonisca,Cecropia_insignis,Urticaceae,Cecropia,0.248107653,2,25,248,2481
UD22_1622,17/11/2023,PR20,Understory,3,1,Apidae_Meliponini,Tetragonisca_angustula,Tetragonisca,Cecropia_insignis,Urticaceae,Cecropia,0.124070664,1,12,124,1241
UD22_1647,17/11/2023,PR20,Understory,3,1,Apidae_Meliponini,Trigona_nigerrima,Trigona,Cecropia_insignis,Urticaceae,Cecropia,0.335442748,3,34,335,3354
UD22_0208,5/4/2022,PR22,Understory,11,1,Apidae_Meliponini,Trigonisca_atomaria,Trigonisca,Cecropia_insignis,Urticaceae,Cecropia,0.185527748,2,19,186,1855
UD22_0068,2/4/2022,PR23,Canopy,1,1,Apidae_Meliponini,Partamona_nr_peckolti,Partamona,Cecropia_insignis,Urticaceae,Cecropia,0.143892738,1,14,144,1439
BAU_0247,12/3/2023,PR26,Understory,27,1,Apidae_Meliponini,Partamona_nr_peckolti,Partamona,Cecropia_insignis,Urticaceae,Cecropia,0.416414017,4,42,416,4164
UD22_0716,21/10/2022,PR27,Understory,26,1,Apidae_Meliponini,Partamona_nr_peckolti,Partamona,Cecropia_insignis,Urticaceae,Cecropia,0.393553128,4,39,394,3936
UD22_1631,20/04/2023,PR30,Understory,14,2,Apidae_Meliponini,Oxytrigona_isthmina,Oxytrigona,Cecropia_insignis,Urticaceae,Cecropia,0.367644312,4,37,368,3676
UD22_0224,9/5/2022,PR30,Understory,14,1,Apidae_Meliponini,Trigonisca_atomaria,Trigonisca,Cecropia_insignis,Urticaceae,Cecropia,0.393561208,4,39,394,3936
UD22_1603,4/11/2023,CR03,Understory,4,1,Apidae_Meliponini,Trigonisca_cf_buyssoni,Trigonisca,Cecropia_reticulata,Urticaceae,Cecropia,0.360640102,4,36,361,3606
UD22_1624,18/11/2023,OG37,Understory,NA,1,Apidae_Meliponini,Paratrigona_lophocoryphe,Paratrigona,Cecropia_reticulata,Urticaceae,Cecropia,0.335519427,3,34,336,3355
UD22_1594,14/10/2023,OG40,Canopy,NA,3,Apidae_Meliponini,Trigonisca_atomaria,Trigonisca,Cecropia_reticulata,Urticaceae,Cecropia,0.363613983,4,36,364,3636
UD22_1292,21/05/2023,OG41,Canopy,NA,9,Apidae_Meliponini,Trigonisca_atomaria,Trigonisca,Cecropia_reticulata,Urticaceae,Cecropia,0.138216243,1,14,138,1382
UD22_1678,9/10/2023,PA53,Understory,0,1,Apidae_Meliponini,Partamona_aequatoriana,Partamona,Cecropia_reticulata,Urticaceae,Cecropia,0.191287994,2,19,191,1913
UD22_1680,9/10/2023,PA53,Understory,0,1,Apidae_Meliponini,Trigonisca_atomaria,Trigonisca,Cecropia_reticulata,Urticaceae,Cecropia,0.323345492,3,32,323,3233
UD22_1560,4/11/2023,PA56,Understory,0,1,Apidae_Meliponini,Partamona_aequatoriana,Partamona,Cecropia_reticulata,Urticaceae,Cecropia,0.165672405,2,17,166,1657
UD22_1550,4/11/2023,PA56,Understory,0,1,Apidae_Meliponini,Trigonisca_cf_buyssoni,Trigonisca,Cecropia_reticulata,Urticaceae,Cecropia,0.131094815,1,13,131,1311
UD22_1632,7/11/2023,CA61,Understory,0,1,Apidae_Meliponini,Partamona_aequatoriana,Partamona,Cecropia_spc,Urticaceae,Cecropia,0.203539289,2,20,204,2035
UD22_1635,4/11/2023,CR03,Understory,4,1,Apidae_Meliponini,Partamona_nr_peckolti,Partamona,Cecropia_spc,Urticaceae,Cecropia,0.123186344,1,12,123,1232
UD22_1599,4/11/2023,CR03,Understory,4,2,Apidae_Meliponini,Trigona_ferricauda,Trigona,Cecropia_spc,Urticaceae,Cecropia,0.310737989,3,31,311,3107
UD22_1581,4/11/2023,CR03,Understory,4,1,Apidae_Meliponini,Trigona_guianae,Trigona,Cecropia_spc,Urticaceae,Cecropia,0.431679357,4,43,432,4317
UD22_1627,4/11/2023,CR03,Understory,4,1,Apidae_Meliponini,Trigona_silvestriana,Trigona,Cecropia_spc,Urticaceae,Cecropia,0.10890825,1,11,109,1089
UD22_1603,4/11/2023,CR03,Understory,4,1,Apidae_Meliponini,Trigonisca_cf_buyssoni,Trigonisca,Cecropia_spc,Urticaceae,Cecropia,0.482195846,5,48,482,4822
UD22_1583,4/11/2023,CR03,Understory,4,1,Apidae_Meliponini,Trigonisca_cf_pediculana,Trigonisca,Cecropia_spc,Urticaceae,Cecropia,0.480113942,5,48,480,4801
UD22_0057,28/02/2022,CR04,Canopy,20,1,Apidae_Meliponini,Trigonisca_cf_buyssoni,Trigonisca,Cecropia_spc,Urticaceae,Cecropia,0.226568266,2,23,227,2266
UD22_0951,14/03/2023,CR06,Understory,32,1,Apidae_Meliponini,Nannotrigona_tristella,Nannotrigona,Cecropia_spc,Urticaceae,Cecropia,0.222675367,2,22,223,2227
UD22_1731,11/10/2023,CR12,Understory,14,1,Apidae_Meliponini,Partamona_aequatoriana,Partamona,Cecropia_spc,Urticaceae,Cecropia,0.276994101,3,28,277,2770
UD22_0739,29/10/2022,CR14,Canopy,37,1,Apidae_Meliponini,Partamona_aequatoriana,Partamona,Cecropia_spc,Urticaceae,Cecropia,0.121437824,1,12,121,1214
UD22_1613,12/11/2023,CR16,Understory,7,1,Apidae_Meliponini,Trigonisca_cf_pediculana,Trigonisca,Cecropia_spc,Urticaceae,Cecropia,0.145128779,1,15,145,1451
UD22_1625,18/11/2023,OG37,Understory,NA,5,Apidae_Meliponini,Nogueirapis_mirandula,Nogueirapis,Cecropia_spc,Urticaceae,Cecropia,0.158103448,2,16,158,1581
UD22_1624,18/11/2023,OG37,Understory,NA,1,Apidae_Meliponini,Paratrigona_lophocoryphe,Paratrigona,Cecropia_spc,Urticaceae,Cecropia,0.534747864,5,53,535,5347
UD22_1638,18/11/2023,OG37,Understory,NA,5,Apidae_Meliponini,Partamona_aequatoriana,Partamona,Cecropia_spc,Urticaceae,Cecropia,0.255245014,3,26,255,2552
UD22_1280,3/6/2023,OG38,Understory,NA,4,Apidae_Meliponini,Nogueirapis_mirandula,Nogueirapis,Cecropia_spc,Urticaceae,Cecropia,0.113386613,1,11,113,1134
UD22_1594,14/10/2023,OG40,Canopy,NA,3,Apidae_Meliponini,Trigonisca_atomaria,Trigonisca,Cecropia_spc,Urticaceae,Cecropia,0.463810931,5,46,464,4638
UD22_1292,21/05/2023,OG41,Canopy,NA,9,Apidae_Meliponini,Trigonisca_atomaria,Trigonisca,Cecropia_spc,Urticaceae,Cecropia,0.174422853,2,17,174,1744
UD22_1269,20/05/2023,OG42,Canopy,NA,1,Apidae_Meliponini,Partamona_nr_peckolti,Partamona,Cecropia_spc,Urticaceae,Cecropia,0.417281806,4,42,417,4173
UD22_1270,20/05/2023,OG42,Canopy,NA,21,Apidae_Meliponini,Trigonisca_atomaria,Trigonisca,Cecropia_spc,Urticaceae,Cecropia,0.296406739,3,30,296,2964
UD22_1271,20/05/2023,OG42,Canopy,NA,6,Apidae_Meliponini,Trigonisca_cf_buyssoni,Trigonisca,Cecropia_spc,Urticaceae,Cecropia,0.165082541,2,17,165,1651
UD22_1282,7/5/2023,OG49,Canopy,NA,3,Apidae_Meliponini,Partamona_nr_peckolti,Partamona,Cecropia_spc,Urticaceae,Cecropia,0.200365408,2,20,200,2004
UD22_1285,7/5/2023,OG49,Understory,NA,4,Apidae_Meliponini,Partamona_nr_peckolti,Partamona,Cecropia_spc,Urticaceae,Cecropia,0.113462917,1,11,113,1135
UD22_1284,7/5/2023,OG49,Canopy,NA,1,Apidae_Meliponini,Partamona_sp,Partamona,Cecropia_spc,Urticaceae,Cecropia,0.409388226,4,41,409,4094
UD22_1696,27/10/2023,OG50,Understory,NA,6,Apidae_Meliponini,Nogueirapis_mirandula,Nogueirapis,Cecropia_spc,Urticaceae,Cecropia,0.22460122,2,22,225,2246
UD22_1697,27/10/2023,OG50,Understory,NA,3,Apidae_Meliponini,Partamona_nr_peckolti,Partamona,Cecropia_spc,Urticaceae,Cecropia,0.190776674,2,19,191,1908
UD22_1650,29/10/2023,OG51,Understory,NA,8,Apidae_Meliponini,Nogueirapis_mirandula,Nogueirapis,Cecropia_spc,Urticaceae,Cecropia,0.226693618,2,23,227,2267
UD22_1649,29/10/2023,OG51,Understory,NA,1,Apidae_Meliponini,Partamona_aequatoriana,Partamona,Cecropia_spc,Urticaceae,Cecropia,0.205202312,2,21,205,2052
UD22_1287,5/5/2023,OG52,Canopy,NA,7,Apidae_Meliponini,Trigonisca_cf_buyssoni,Trigonisca,Cecropia_spc,Urticaceae,Cecropia,0.418522167,4,42,419,4185
UD22_1678,9/10/2023,PA53,Understory,0,1,Apidae_Meliponini,Partamona_aequatoriana,Partamona,Cecropia_spc,Urticaceae,Cecropia,0.320572711,3,32,321,3206
UD22_1680,9/10/2023,PA53,Understory,0,1,Apidae_Meliponini,Trigonisca_atomaria,Trigonisca,Cecropia_spc,Urticaceae,Cecropia,0.372242487,4,37,372,3722
UD22_1560,4/11/2023,PA56,Understory,0,1,Apidae_Meliponini,Partamona_aequatoriana,Partamona,Cecropia_spc,Urticaceae,Cecropia,0.359297767,4,36,359,3593
UD22_1550,4/11/2023,PA56,Understory,0,1,Apidae_Meliponini,Trigonisca_cf_buyssoni,Trigonisca,Cecropia_spc,Urticaceae,Cecropia,0.376817188,4,38,377,3768
UD22_1561,25/10/2023,PA58,Understory,0,1,Apidae_Meliponini,Partamona_aequatoriana,Partamona,Cecropia_spc,Urticaceae,Cecropia,0.138451186,1,14,138,1385
UD22_1563,25/10/2023,PA58,Understory,0,1,Apidae_Meliponini,Trigona_silvestriana,Trigona,Cecropia_spc,Urticaceae,Cecropia,0.102615122,1,10,103,1026
UD22_0077,4/4/2022,PR19,Understory,5,1,Apidae_Meliponini,Trigonisca_cf_buyssoni,Trigonisca,Cecropia_spc,Urticaceae,Cecropia,0.626576955,6,63,627,6266
UD22_1622,17/11/2023,PR20,Understory,3,1,Apidae_Meliponini,Tetragonisca_angustula,Tetragonisca,Cecropia_spc,Urticaceae,Cecropia,0.224200259,2,22,224,2242
UD22_1633,17/11/2023,PR20,Understory,3,4,Apidae_Meliponini,Tetragonisca_buchwaldi,Tetragonisca,Cecropia_spc,Urticaceae,Cecropia,0.178439223,2,18,178,1784
UD22_1647,17/11/2023,PR20,Understory,3,1,Apidae_Meliponini,Trigona_nigerrima,Trigona,Cecropia_spc,Urticaceae,Cecropia,0.393635071,4,39,394,3936
UD22_0068,2/4/2022,PR23,Canopy,1,1,Apidae_Meliponini,Partamona_nr_peckolti,Partamona,Cecropia_spc,Urticaceae,Cecropia,0.199576597,2,20,200,1996
UD22_1716,7/10/2023,PR24,Understory,20,1,Apidae_Meliponini,Trigona_ferricauda,Trigona,Cecropia_spc,Urticaceae,Cecropia,0.140452045,1,14,140,1405
UD22_1630,17/11/2023,PR25,Understory,5,3,Apidae_Meliponini,Tetragonisca_angustula,Tetragonisca,Cecropia_spc,Urticaceae,Cecropia,0.254883721,3,25,255,2549
UD22_1617,17/11/2023,PR25,Understory,5,6,Apidae_Meliponini,Trigona_nigerrima,Trigona,Cecropia_spc,Urticaceae,Cecropia,0.106879472,1,11,107,1069
UD22_1631,20/04/2023,PR30,Understory,14,2,Apidae_Meliponini,Oxytrigona_isthmina,Oxytrigona,Cecropia_spc,Urticaceae,Cecropia,0.514353322,5,51,514,5144
UD22_1651,20/04/2023,PR30,Understory,14,1,Apidae_Meliponini,Partamona_nr_peckolti,Partamona,Cecropia_spc,Urticaceae,Cecropia,0.333809059,3,33,334,3338
UD22_1574,4/11/2023,CA60,Understory,0,2,Apidae_Meliponini,Trigona_ferricauda,Trigona,Cenchrus_incertus,Poaceae,Cenchrus,0.161068101,2,16,161,1611
UD22_1291,21/05/2023,OG41,Canopy,NA,14,Apidae_Meliponini,Trigonisca_cf_buyssoni,Trigonisca,Cestrum_schlechtendalii,Solanaceae,Cestrum,0.127145522,1,13,127,1271
UD22_1309,24/03/2023,OG42,Understory,NA,1,Apidae_Meliponini,Trigona_muzoensis,Trigona,Cestrum_schlechtendalii,Solanaceae,Cestrum,0.26809405,3,27,268,2681
UD22_1271,20/05/2023,OG42,Canopy,NA,6,Apidae_Meliponini,Trigonisca_cf_buyssoni,Trigonisca,Cestrum_schlechtendalii,Solanaceae,Cestrum,0.129064532,1,13,129,1291
UD22_1283,7/5/2023,OG49,Canopy,NA,2,Apidae_Meliponini,Trigonisca_cf_pediculana,Trigonisca,Cestrum_schlechtendalii,Solanaceae,Cestrum,0.604691573,6,60,605,6047
UD22_1650,29/10/2023,OG51,Understory,NA,8,Apidae_Meliponini,Nogueirapis_mirandula,Nogueirapis,Cestrum_schlechtendalii,Solanaceae,Cestrum,0.182653436,2,18,183,1827
UD22_1743,28/11/2023,OG28,Understory,NA,1,Apidae_Meliponini,Oxytrigona_obscura,Oxytrigona,Cestrum_schlechtendalii,Solanaceae,Cestrum,0.105505831,1,11,106,1055
UD22_1568,4/11/2023,PA56,Understory,0,2,Apidae_Meliponini,Trigona_nigerrima,Trigona,Chelonanthus_acutangulus,Gentianaceae,Chelonanthus,0.414850009,4,41,415,4149
UD22_1578,4/11/2023,PA56,Understory,0,4,Apidae_Meliponini,Trigona_silvestriana,Trigona,Chelonanthus_acutangulus,Gentianaceae,Chelonanthus,0.73798251,7,74,738,7380
BAU_0282,3/6/2023,OG38,Understory,NA,13,Apidae_Meliponini,Scaptotrigona_(Scaptotrigona)_sp,Scaptotrigona,Chrysobalanaceae_spc,Chrysobalanaceae,Chrysobalanaceae spc,0.185970322,2,19,186,1860
BAU_0285,3/6/2023,OG38,Understory,NA,1,Apidae_Meliponini,Scaptotrigona_postica_group_b,Scaptotrigona,Chrysobalanaceae_spc,Chrysobalanaceae,Chrysobalanaceae spc,0.399029824,4,40,399,3990
UD22_1279,3/6/2023,OG38,Understory,NA,10,Apidae_Meliponini,Partamona_aequatoriana,Partamona,Chrysochlamys_allenii,Clusiaceae,Chrysochlamys,0.345261763,3,35,345,3453
UD22_0178,5/4/2022,OG40,Understory,NA,1,Apidae_Meliponini,Partamona_aequatoriana,Partamona,Chrysochlamys_allenii,Clusiaceae,Chrysochlamys,0.207410562,2,21,207,2074
UD22_0063,7/4/2022,OG41,Understory,NA,2,Apidae_Meliponini,Partamona_aequatoriana,Partamona,Chrysochlamys_allenii,Clusiaceae,Chrysochlamys,0.572366199,6,57,572,5724
UD22_1290,7/5/2023,OG49,Understory,NA,2,Apidae_Meliponini,Partamona_nr_peckolti,Partamona,Chrysochlamys_allenii,Clusiaceae,Chrysochlamys,0.341517857,3,34,342,3415
UD22_1284,7/5/2023,OG49,Canopy,NA,1,Apidae_Meliponini,Partamona_sp,Partamona,Chrysochlamys_allenii,Clusiaceae,Chrysochlamys,0.117352828,1,12,117,1174
UD22_1561,25/10/2023,PA58,Understory,0,1,Apidae_Meliponini,Partamona_aequatoriana,Partamona,Chrysochlamys_allenii,Clusiaceae,Chrysochlamys,0.564290921,6,56,564,5643
BAU_0223,9/5/2023,PR36,Understory,8,26,Apidae_Meliponini,Partamona_aequatoriana,Partamona,Chrysochlamys_allenii,Clusiaceae,Chrysochlamys,0.286328073,3,29,286,2863
UD22_0944,16/03/2023,OG39,Understory,NA,1,Apidae_Meliponini,Partamona_aequatoriana,Partamona,Clarisia_biflora,Moraceae,Clarisia,0.219218122,2,22,219,2192
UD22_0942,16/03/2023,OG39,Understory,NA,8,Apidae_Meliponini,Trigona_nigerrima,Trigona,Clarisia_biflora,Moraceae,Clarisia,0.47710396,5,48,477,4771
UD22_1540,12/3/2023,PR26,Understory,27,1,Apidae_Meliponini,Trigona_guianae,Trigona,Clarisia_biflora,Moraceae,Clarisia,0.20471452,2,20,205,2047
UD22_1302,2/6/2023,CR04,Understory,20,2,Apidae_Meliponini,Partamona_nr_peckolti,Partamona,Clibadium_grandifolium,Asteraceae,Clibadium,0.300850369,3,30,301,3009
BAU_0323,4/4/2023,CR05,Understory,11,1,Apidae_Meliponini,Tetragona_ziegleri,Tetragona,Clibadium_grandifolium,Asteraceae,Clibadium,0.107956123,1,11,108,1080
UD22_1326,6/4/2023,PA57,Understory,0,1,Apidae_Meliponini,Tetragona_ziegleri,Tetragona,Clibadium_grandifolium,Asteraceae,Clibadium,0.142506031,1,14,143,1425
UD22_1615,17/11/2023,PR20,Understory,3,62,Apidae_Meliponini,Trigona_ferricauda,Trigona,Clibadium_grandifolium,Asteraceae,Clibadium,0.103193498,1,10,103,1032
UD22_1317,10/4/2023,PR23,Understory,1,1,Apidae_Meliponini,Tetragona_perangulata,Tetragona,Clibadium_grandifolium,Asteraceae,Clibadium,0.152494409,2,15,152,1525
UD22_1316,10/4/2023,PR23,Understory,1,1,Apidae_Meliponini,Tetragona_ziegleri,Tetragona,Clibadium_grandifolium,Asteraceae,Clibadium,0.127277762,1,13,127,1273
UD22_1702,7/10/2023,PR24,Understory,20,2,Apidae_Meliponini,Partamona_aequatoriana,Partamona,Clibadium_grandifolium,Asteraceae,Clibadium,0.142593644,1,14,143,1426
UD22_1711,17/11/2023,CR01,Understory,5,1,Apidae_Meliponini,Ptilotrigona_occidentalis,Ptilotrigona,Clusia_divaricata,Clusiaceae,Clusia,0.119059213,1,12,119,1191
UD22_1712,11/10/2023,CR12,Understory,14,1,Apidae_Meliponini,Trigona_fulviventris,Trigona,Clusia_divaricata,Clusiaceae,Clusia,0.158347537,2,16,158,1583
UD22_1714,12/11/2023,CR16,Understory,7,1,Apidae_Meliponini,Trigona_ferricauda,Trigona,Clusia_divaricata,Clusiaceae,Clusia,0.128078331,1,13,128,1281
UD22_1704,12/11/2023,CR16,Understory,7,3,Apidae_Meliponini,Trigona_silvestriana,Trigona,Clusia_divaricata,Clusiaceae,Clusia,0.139724349,1,14,140,1397
UD22_1619,18/11/2023,OG37,Understory,NA,19,Apidae_Meliponini,Partamona_sp,Partamona,Clusia_divaricata,Clusiaceae,Clusia,0.11298687,1,11,113,1130
UD22_1620,18/11/2023,OG37,Understory,NA,5,Apidae_Meliponini,Trigona_nigerrima,Trigona,Clusia_divaricata,Clusiaceae,Clusia,0.121830288,1,12,122,1218
UD22_1639,18/11/2023,OG37,Understory,NA,3,Apidae_Meliponini,Trigona_silvestriana,Trigona,Clusia_divaricata,Clusiaceae,Clusia,0.193849021,2,19,194,1938
UD22_1539,16/03/2023,OG39,Understory,NA,12,Apidae_Meliponini,Trigona_silvestriana,Trigona,Clusia_divaricata,Clusiaceae,Clusia,0.216991269,2,22,217,2170
UD22_1601,14/10/2023,OG40,Understory,NA,2,Apidae_Meliponini,Trigona_ferricauda,Trigona,Clusia_divaricata,Clusiaceae,Clusia,0.261581556,3,26,262,2616
UD22_1565,14/10/2023,OG40,Understory,NA,2,Apidae_Meliponini,Trigona_silvestriana,Trigona,Clusia_divaricata,Clusiaceae,Clusia,0.116818968,1,12,117,1168
UD22_1730,28/11/2023,OG43,Understory,NA,1,Apidae_Meliponini,Nogueirapis_mirandula,Nogueirapis,Clusia_divaricata,Clusiaceae,Clusia,0.154515252,2,15,155,1545
UD22_1729,17/10/2023,OG47,Understory,NA,1,Apidae_Meliponini,Trigona_fulviventris,Trigona,Clusia_divaricata,Clusiaceae,Clusia,0.31670579,3,32,317,3167
UD22_1671,17/10/2023,OG47,Understory,NA,7,Apidae_Meliponini,Trigona_silvestriana,Trigona,Clusia_divaricata,Clusiaceae,Clusia,0.162262626,2,16,162,1623
UD22_1701,27/10/2023,OG48,Understory,NA,4,Apidae_Meliponini,Trigona_fulviventris,Trigona,Clusia_divaricata,Clusiaceae,Clusia,0.214771935,2,21,215,2148
UD22_1658,27/10/2023,OG50,Understory,NA,4,Apidae_Meliponini,Trigona_fulviventris,Trigona,Clusia_divaricata,Clusiaceae,Clusia,0.165759595,2,17,166,1658
UD22_1707,9/10/2023,PA53,Understory,0,4,Apidae_Meliponini,Tetragona_perangulata,Tetragona,Clusia_divaricata,Clusiaceae,Clusia,0.165773157,2,17,166,1658
UD22_1654,9/10/2023,PA53,Understory,0,1,Apidae_Meliponini,Trigona_silvestriana,Trigona,Clusia_divaricata,Clusiaceae,Clusia,0.233147837,2,23,233,2331
UD22_1563,25/10/2023,PA58,Understory,0,1,Apidae_Meliponini,Trigona_silvestriana,Trigona,Clusia_divaricata,Clusiaceae,Clusia,0.205609248,2,21,206,2056
UD22_1615,17/11/2023,PR20,Understory,3,62,Apidae_Meliponini,Trigona_ferricauda,Trigona,Clusia_divaricata,Clusiaceae,Clusia,0.213652409,2,21,214,2137
UD22_1716,7/10/2023,PR24,Understory,20,1,Apidae_Meliponini,Trigona_ferricauda,Trigona,Clusia_divaricata,Clusiaceae,Clusia,0.104659641,1,10,105,1047
UD22_1679,7/10/2023,PR24,Understory,20,1,Apidae_Meliponini,Trigona_fulviventris,Trigona,Clusia_divaricata,Clusiaceae,Clusia,0.122355106,1,12,122,1224
UD22_1626,17/11/2023,PR25,Understory,5,1,Apidae_Meliponini,Trigona_silvestriana,Trigona,Clusia_divaricata,Clusiaceae,Clusia,0.224244046,2,22,224,2242
UD22_1572,20/04/2023,PR30,Understory,14,6,Apidae_Meliponini,Ptilotrigona_occidentalis,Ptilotrigona,Clusia_divaricata,Clusiaceae,Clusia,0.15336866,2,15,153,1534
UD22_1569,11/10/2023,PR32,Understory,15,4,Apidae_Meliponini,Trigona_muzoensis,Trigona,Clusia_divaricata,Clusiaceae,Clusia,0.218828841,2,22,219,2188
BAU_0222,9/5/2023,PR36,Understory,8,1,Apidae_Meliponini,Trigona_fuscipennis,Trigona,Clusia_divaricata,Clusiaceae,Clusia,0.272712324,3,27,273,2727
BAU_0313,24/03/2023,PR19,Understory,5,5,Apidae_Meliponini,Trigona_guianae,Trigona,Clusia_flavida,Clusiaceae,Clusia,0.133692308,1,13,134,1337
UD22_1735,25/11/2023,PR27,Understory,26,1,Apidae_Meliponini,Ptilotrigona_occidentalis,Ptilotrigona,Clusia_flavida,Clusiaceae,Clusia,0.130112166,1,13,130,1301
BAU_0294,17/03/2023,CA63,Understory,0,1,Apidae_Meliponini,Trigona_guianae,Trigona,Clusia_fructiangusta,Clusiaceae,Clusia,0.244810574,2,24,245,2448
BAU_0292,17/03/2023,CA63,Understory,0,1,Apidae_Meliponini,Trigona_silvestriana,Trigona,Clusia_fructiangusta,Clusiaceae,Clusia,0.130169621,1,13,130,1302
BAU_0300,18/03/2023,CA64,Understory,0,8,Apidae_Meliponini,Trigona_corvina,Trigona,Clusia_fructiangusta,Clusiaceae,Clusia,0.18578185,2,19,186,1858
UD22_1723,17/11/2023,CR01,Understory,5,3,Apidae_Meliponini,Paratrigona_opaca,Paratrigona,Clusia_fructiangusta,Clusiaceae,Clusia,0.21976524,2,22,220,2198
BAU_0252,20/04/2023,CR09,Understory,5,4,Apidae_Meliponini,Trigona_silvestriana,Trigona,Clusia_fructiangusta,Clusiaceae,Clusia,0.117455728,1,12,117,1175
UD22_1717,12/11/2023,CR17,Understory,8,1,Apidae_Meliponini,Trigona_nigerrima,Trigona,Clusia_fructiangusta,Clusiaceae,Clusia,0.101015228,1,10,101,1010
UD22_1592,25/10/2023,CR18,Understory,9,12,Apidae_Meliponini,Trigona_silvestriana,Trigona,Clusia_fructiangusta,Clusiaceae,Clusia,0.133895363,1,13,134,1339
UD22_1597,14/10/2023,OG40,Understory,NA,14,Apidae_Meliponini,Partamona_aequatoriana,Partamona,Clusia_fructiangusta,Clusiaceae,Clusia,0.232187413,2,23,232,2322
UD22_0218,7/5/2022,OG43,Canopy,NA,5,Apidae_Meliponini,Trigonisca_atomaria,Trigonisca,Clusia_fructiangusta,Clusiaceae,Clusia,0.660742372,7,66,661,6607
UD22_1741,17/10/2023,OG47,Understory,NA,1,Apidae_Meliponini,Trigona_guianae,Trigona,Clusia_fructiangusta,Clusiaceae,Clusia,0.119480519,1,12,119,1195
UD22_1668,17/10/2023,OG47,Understory,NA,9,Apidae_Meliponini,Trigona_guianae,Trigona,Clusia_fructiangusta,Clusiaceae,Clusia,0.101300108,1,10,101,1013
UD22_1666,27/10/2023,OG48,Understory,NA,1,Apidae_Meliponini,Trigona_guianae,Trigona,Clusia_fructiangusta,Clusiaceae,Clusia,0.124688505,1,12,125,1247
BAU_0304,19/03/2023,OG52,Understory,NA,2,Apidae_Meliponini,Trigona_guianae,Trigona,Clusia_fructiangusta,Clusiaceae,Clusia,0.288868605,3,29,289,2889
BAU_0274,26/03/2023,PA54,Understory,0,6,Apidae_Meliponini,Trigona_silvestriana,Trigona,Clusia_fructiangusta,Clusiaceae,Clusia,0.18430353,2,18,184,1843
UD22_1327,6/4/2023,PA57,Understory,0,1,Apidae_Meliponini,Trigona_fulviventris,Trigona,Clusia_fructiangusta,Clusiaceae,Clusia,0.359833259,4,36,360,3598
UD22_1536,12/3/2023,PR26,Understory,27,2,Apidae_Meliponini,Trigona_fulviventris,Trigona,Clusia_fructiangusta,Clusiaceae,Clusia,0.101281729,1,10,101,1013
BAU_0241,12/3/2023,PR26,Understory,27,4,Apidae_Meliponini,Trigona_silvestriana,Trigona,Clusia_fructiangusta,Clusiaceae,Clusia,0.233027277,2,23,233,2330
UD22_1656,20/04/2023,PR29,Understory,5,3,Apidae_Meliponini,Trigona_guianae,Trigona,Clusia_fructiangusta,Clusiaceae,Clusia,0.113632571,1,11,114,1136
BAU_0299,18/03/2023,CA64,Understory,0,12,Apidae_Meliponini,Trigona_ferricauda,Trigona,Clusia_lineata,Clusiaceae,Clusia,0.165287615,2,17,165,1653
BAU_0314,31/03/2023,CR02,Understory,7,9,Apidae_Meliponini,Trigona_silvestriana,Trigona,Clusia_lineata,Clusiaceae,Clusia,0.220886825,2,22,221,2209
BAU_0265,2/6/2023,CR04,Understory,20,2,Apidae_Meliponini,Trigona_silvestriana,Trigona,Clusia_lineata,Clusiaceae,Clusia,0.388014065,4,39,388,3880
BAU_0255,20/04/2023,CR09,Understory,5,2,Apidae_Meliponini,Trigona_ferricauda,Trigona,Clusia_lineata,Clusiaceae,Clusia,0.361413656,4,36,361,3614
BAU_0221,13/04/2023,CR10,Understory,23,1,Apidae_Meliponini,Trigona_ferricauda,Trigona,Clusia_lineata,Clusiaceae,Clusia,0.161081931,2,16,161,1611
BAU_0329,15/04/2023,CR11,Understory,22,1,Apidae_Meliponini,Trigona_ferricauda,Trigona,Clusia_lineata,Clusiaceae,Clusia,0.522661524,5,52,523,5227
BAU_0326,15/04/2023,CR11,Understory,22,4,Apidae_Meliponini,Trigona_silvestriana,Trigona,Clusia_lineata,Clusiaceae,Clusia,0.370432085,4,37,370,3704
UD22_1332,29/03/2023,CR13,Understory,1,5,Apidae_Meliponini,Tetragona_ziegleri,Tetragona,Clusia_lineata,Clusiaceae,Clusia,0.335163862,3,34,335,3352
UD22_1334,29/03/2023,CR13,Understory,1,6,Apidae_Meliponini,Trigona_ferricauda,Trigona,Clusia_lineata,Clusiaceae,Clusia,0.115498694,1,12,115,1155
UD22_1333,29/03/2023,CR13,Understory,1,4,Apidae_Meliponini,Trigona_silvestriana,Trigona,Clusia_lineata,Clusiaceae,Clusia,0.26295225,3,26,263,2630
BAU_0328,11/5/2023,CR14,Understory,37,1,Apidae_Meliponini,Partamona_aequatoriana,Partamona,Clusia_lineata,Clusiaceae,Clusia,0.136709399,1,14,137,1367
BAU_0268,11/5/2023,CR14,Understory,37,1,Apidae_Meliponini,Trigona_fulviventris,Trigona,Clusia_lineata,Clusiaceae,Clusia,0.202536367,2,20,203,2025
BAU_0272,11/5/2023,CR14,Understory,37,10,Apidae_Meliponini,Trigona_silvestriana,Trigona,Clusia_lineata,Clusiaceae,Clusia,0.341719078,3,34,342,3417
BAU_0286,3/6/2023,OG38,Understory,NA,30,Apidae_Meliponini,Trigona_nigerrima,Trigona,Clusia_lineata,Clusiaceae,Clusia,0.602054155,6,60,602,6021
BAU_0284,3/6/2023,OG38,Understory,NA,7,Apidae_Meliponini,Trigona_silvestriana,Trigona,Clusia_lineata,Clusiaceae,Clusia,0.583385313,6,58,583,5834
UD22_1293,21/05/2023,OG41,Canopy,NA,1,Apidae_Meliponini,Partamona_nr_peckolti,Partamona,Clusia_lineata,Clusiaceae,Clusia,0.282061759,3,28,282,2821
BAU_0263,26/03/2023,OG41,Understory,NA,2,Apidae_Meliponini,Trigona_ferricauda,Trigona,Clusia_lineata,Clusiaceae,Clusia,0.118667628,1,12,119,1187
BAU_0260,26/03/2023,OG41,Understory,NA,2,Apidae_Meliponini,Trigona_guianae,Trigona,Clusia_lineata,Clusiaceae,Clusia,0.139501666,1,14,140,1395
UD22_1306,24/03/2023,OG42,Understory,NA,1,Apidae_Meliponini,Tetragona_perangulata,Tetragona,Clusia_lineata,Clusiaceae,Clusia,0.661062542,7,66,661,6611
BAU_0194,15/04/2023,OG45,Understory,NA,1,Apidae_Meliponini,Trigona_ferricauda,Trigona,Clusia_lineata,Clusiaceae,Clusia,0.193481387,2,19,193,1935
BAU_0196,15/04/2023,OG45,Understory,NA,3,Apidae_Meliponini,Trigona_silvestriana,Trigona,Clusia_lineata,Clusiaceae,Clusia,0.46551117,5,47,466,4655
BAU_0205,13/04/2023,OG46,Understory,NA,1,Apidae_Meliponini,Partamona_sp,Partamona,Clusia_lineata,Clusiaceae,Clusia,0.184440386,2,18,184,1844
BAU_0209,13/04/2023,OG46,Understory,NA,20,Apidae_Meliponini,Trigona_silvestriana,Trigona,Clusia_lineata,Clusiaceae,Clusia,0.129953055,1,13,130,1300
BAU_0279,7/5/2023,OG49,Understory,NA,4,Apidae_Meliponini,Partamona_nr_peckolti,Partamona,Clusia_lineata,Clusiaceae,Clusia,0.10045728,1,10,100,1005
BAU_0278,7/5/2023,OG49,Understory,NA,1,Apidae_Meliponini,Trigona_nigerrima,Trigona,Clusia_lineata,Clusiaceae,Clusia,0.633536457,6,63,634,6335
UD22_1654,9/10/2023,PA53,Understory,0,1,Apidae_Meliponini,Trigona_silvestriana,Trigona,Clusia_lineata,Clusiaceae,Clusia,0.128464931,1,13,128,1285
BAU_0243,31/03/2023,PA55,Understory,0,1,Apidae_Meliponini,Trigona_silvestriana,Trigona,Clusia_lineata,Clusiaceae,Clusia,0.166126641,2,17,166,1661
BAU_0306,2/6/2023,PR21,Understory,35,24,Apidae_Meliponini,Trigona_silvestriana,Trigona,Clusia_lineata,Clusiaceae,Clusia,0.829877137,8,83,830,8299
BAU_0239,4/4/2023,PR22,Understory,11,6,Apidae_Meliponini,Trigona_ferricauda,Trigona,Clusia_lineata,Clusiaceae,Clusia,0.260277325,3,26,260,2603
BAU_0237,4/4/2023,PR22,Understory,11,3,Apidae_Meliponini,Trigona_guianae,Trigona,Clusia_lineata,Clusiaceae,Clusia,0.216891307,2,22,217,2169
UD22_1315,10/4/2023,PR23,Understory,1,1,Apidae_Meliponini,Ptilotrigona_occidentalis,Ptilotrigona,Clusia_lineata,Clusiaceae,Clusia,0.499726409,5,50,500,4997
UD22_1316,10/4/2023,PR23,Understory,1,1,Apidae_Meliponini,Tetragona_ziegleri,Tetragona,Clusia_lineata,Clusiaceae,Clusia,0.216117419,2,22,216,2161
UD22_1320,10/4/2023,PR23,Understory,1,2,Apidae_Meliponini,Trigona_ferricauda,Trigona,Clusia_lineata,Clusiaceae,Clusia,0.19790458,2,20,198,1979
UD22_1313,10/4/2023,PR23,Understory,1,2,Apidae_Meliponini,Trigona_nigerrima,Trigona,Clusia_lineata,Clusiaceae,Clusia,0.115792335,1,12,116,1158
UD22_1319,10/4/2023,PR23,Understory,1,3,Apidae_Meliponini,Trigona_silvestriana,Trigona,Clusia_lineata,Clusiaceae,Clusia,0.336160071,3,34,336,3362
BAU_0246,12/3/2023,PR26,Understory,27,4,Apidae_Meliponini,Trigona_ferricauda,Trigona,Clusia_lineata,Clusiaceae,Clusia,0.10333143,1,10,103,1033
BAU_0277,23/04/2023,PR31,Understory,15,4,Apidae_Meliponini,Trigona_silvestriana,Trigona,Clusia_lineata,Clusiaceae,Clusia,0.260238246,3,26,260,2602
UD22_0690,17/10/2022,PR32,Understory,15,2,Apidae_Meliponini,Trigona_silvestriana,Trigona,Clusia_lineata,Clusiaceae,Clusia,0.338293797,3,34,338,3383
BAU_0203,29/03/2023,PR33,Understory,1,9,Apidae_Meliponini,Trigona_ferricauda,Trigona,Clusia_lineata,Clusiaceae,Clusia,0.110075421,1,11,110,1101
BAU_0199,29/03/2023,PR33,Understory,1,3,Apidae_Meliponini,Trigona_silvestriana,Trigona,Clusia_lineata,Clusiaceae,Clusia,0.176581048,2,18,177,1766
BAU_0308,11/5/2023,PR34,Understory,37,8,Apidae_Meliponini,Trigona_ferricauda,Trigona,Clusia_lineata,Clusiaceae,Clusia,0.362983917,4,36,363,3630
BAU_0309,11/5/2023,PR34,Understory,37,20,Apidae_Meliponini,Trigona_silvestriana,Trigona,Clusia_lineata,Clusiaceae,Clusia,0.122808876,1,12,123,1228
BAU_0222,9/5/2023,PR36,Understory,8,1,Apidae_Meliponini,Trigona_fuscipennis,Trigona,Clusia_lineata,Clusiaceae,Clusia,0.202976239,2,20,203,2030
UD22_1604,4/11/2023,CA60,Understory,0,6,Apidae_Meliponini,Cephalotrigona_sp,Cephalotrigona,Clusia_magnoliiflora,Clusiaceae,Clusia,0.203389831,2,20,203,2034
UD22_1723,17/11/2023,CR01,Understory,5,3,Apidae_Meliponini,Paratrigona_opaca,Paratrigona,Clusia_magnoliiflora,Clusiaceae,Clusia,0.126012874,1,13,126,1260
UD22_1717,12/11/2023,CR17,Understory,8,1,Apidae_Meliponini,Trigona_nigerrima,Trigona,Clusia_magnoliiflora,Clusiaceae,Clusia,0.104467005,1,10,104,1045
UD22_1597,14/10/2023,OG40,Understory,NA,14,Apidae_Meliponini,Partamona_aequatoriana,Partamona,Clusia_magnoliiflora,Clusiaceae,Clusia,0.293041309,3,29,293,2930
UD22_1601,14/10/2023,OG40,Understory,NA,2,Apidae_Meliponini,Trigona_ferricauda,Trigona,Clusia_magnoliiflora,Clusiaceae,Clusia,0.20821662,2,21,208,2082
BAU_0263,26/03/2023,OG41,Understory,NA,2,Apidae_Meliponini,Trigona_ferricauda,Trigona,Clusia_magnoliiflora,Clusiaceae,Clusia,0.168811779,2,17,169,1688
UD22_1661,27/10/2023,OG48,Understory,NA,14,Apidae_Meliponini,Trigona_ferricauda,Trigona,Clusia_magnoliiflora,Clusiaceae,Clusia,0.74749052,7,75,747,7475
UD22_1579,27/10/2023,OG48,Understory,NA,2,Apidae_Meliponini,Trigona_guianae,Trigona,Clusia_magnoliiflora,Clusiaceae,Clusia,0.609201271,6,61,609,6092
UD22_1666,27/10/2023,OG48,Understory,NA,1,Apidae_Meliponini,Trigona_guianae,Trigona,Clusia_magnoliiflora,Clusiaceae,Clusia,0.561007657,6,56,561,5610
UD22_1660,27/10/2023,OG50,Understory,NA,1,Apidae_Meliponini,Trigona_corvina,Trigona,Clusia_magnoliiflora,Clusiaceae,Clusia,0.160066131,2,16,160,1601
UD22_1658,27/10/2023,OG50,Understory,NA,4,Apidae_Meliponini,Trigona_fulviventris,Trigona,Clusia_magnoliiflora,Clusiaceae,Clusia,0.200290889,2,20,200,2003
UD22_1644,29/10/2023,OG51,Understory,NA,3,Apidae_Meliponini,Trigona_ferricauda,Trigona,Clusia_magnoliiflora,Clusiaceae,Clusia,0.264869243,3,26,265,2649
UD22_1623,29/10/2023,OG51,Understory,NA,8,Apidae_Meliponini,Trigona_guianae,Trigona,Clusia_magnoliiflora,Clusiaceae,Clusia,0.6301608,6,63,630,6302
BAU_0303,19/03/2023,OG52,Understory,NA,2,Apidae_Meliponini,Trigona_ferricauda,Trigona,Clusia_magnoliiflora,Clusiaceae,Clusia,0.102938289,1,10,103,1029
UD22_1723,17/11/2023,CR01,Understory,5,3,Apidae_Meliponini,Paratrigona_opaca,Paratrigona,Clusia_nemorosa,Clusiaceae,Clusia,0.111775842,1,11,112,1118
UD22_0745,29/10/2022,CR14,Canopy,37,6,Apidae_Meliponini,Trigonisca_cf_pediculana,Trigonisca,Clusia_nemorosa,Clusiaceae,Clusia,0.159920056,2,16,160,1599
UD22_1617,17/11/2023,PR25,Understory,5,6,Apidae_Meliponini,Trigona_nigerrima,Trigona,Clusia_nemorosa,Clusiaceae,Clusia,0.208915795,2,21,209,2089
UD22_0229,7/5/2022,OG28,Canopy,NA,21,Apidae_Meliponini,Dolichotrigona_schulthessi,Dolichotrigona,Clusia_nemorosa,Clusiaceae,Clusia,0.242406456,2,24,242,2424
UD22_0227,7/5/2022,OG28,Canopy,NA,1,Apidae_Meliponini,Trigonisca_atomaria,Trigonisca,Clusia_nemorosa,Clusiaceae,Clusia,0.774454829,8,77,774,7745
UD22_1544,7/11/2023,CA61,Understory,0,3,Apidae_Meliponini,Trigona_silvestriana,Trigona,Clusia_rigida,Clusiaceae,Clusia,0.12672522,1,13,127,1267
BAU_0315,31/03/2023,CR02,Understory,7,1,Apidae_Meliponini,Ptilotrigona_occidentalis,Ptilotrigona,Clusia_rigida,Clusiaceae,Clusia,0.157488372,2,16,157,1575
UD22_1546,4/11/2023,CR03,Understory,4,1,Apidae_Meliponini,Trigona_fulviventris,Trigona,Clusia_rigida,Clusiaceae,Clusia,0.133729302,1,13,134,1337
UD22_1745,25/11/2023,CR07,Understory,22,2,Apidae_Meliponini,Trigona_silvestriana,Trigona,Clusia_rigida,Clusiaceae,Clusia,0.121836926,1,12,122,1218
UD22_1724,11/10/2023,CR12,Understory,14,1,Apidae_Meliponini,Trigona_fuscipennis,Trigona,Clusia_rigida,Clusiaceae,Clusia,0.119497733,1,12,119,1195
BAU_0196,15/04/2023,OG45,Understory,NA,3,Apidae_Meliponini,Trigona_silvestriana,Trigona,Clusia_rigida,Clusiaceae,Clusia,0.244688759,2,24,245,2447
BAU_0205,13/04/2023,OG46,Understory,NA,1,Apidae_Meliponini,Partamona_sp,Partamona,Clusia_rigida,Clusiaceae,Clusia,0.161194267,2,16,161,1612
UD22_1741,17/10/2023,OG47,Understory,NA,1,Apidae_Meliponini,Trigona_guianae,Trigona,Clusia_rigida,Clusiaceae,Clusia,0.237898465,2,24,238,2379
UD22_1668,17/10/2023,OG47,Understory,NA,9,Apidae_Meliponini,Trigona_guianae,Trigona,Clusia_rigida,Clusiaceae,Clusia,0.20061394,2,20,201,2006
UD22_1614,25/10/2023,PA58,Understory,0,1,Apidae_Meliponini,Trigona_cilipes,Trigona,Clusia_rigida,Clusiaceae,Clusia,0.105191476,1,11,105,1052
UD22_0069,2/4/2022,PR23,Canopy,1,1,Apidae_Meliponini,Trigona_cilipes,Trigona,Clusia_rigida,Clusiaceae,Clusia,0.140698202,1,14,141,1407
BAU_0315,31/03/2023,CR02,Understory,7,1,Apidae_Meliponini,Ptilotrigona_occidentalis,Ptilotrigona,Clusia_sp._JA_3854,Clusiaceae,Clusia,0.113860465,1,11,114,1139
UD22_1638,18/11/2023,OG37,Understory,NA,5,Apidae_Meliponini,Partamona_aequatoriana,Partamona,Clusia_sp._JA_3854,Clusiaceae,Clusia,0.294906961,3,29,295,2949
UD22_1723,17/11/2023,CR01,Understory,5,3,Apidae_Meliponini,Paratrigona_opaca,Paratrigona,Clusia_spc,Clusiaceae,Clusia,0.10306702,1,10,103,1031
UD22_1711,17/11/2023,CR01,Understory,5,1,Apidae_Meliponini,Ptilotrigona_occidentalis,Ptilotrigona,Clusia_spc,Clusiaceae,Clusia,0.184164394,2,18,184,1842
UD22_1715,17/11/2023,CR01,Understory,5,2,Apidae_Meliponini,Trigona_silvestriana,Trigona,Clusia_spc,Clusiaceae,Clusia,0.15465004,2,15,155,1547
BAU_0267,2/6/2023,CR04,Understory,20,1,Apidae_Meliponini,Partamona_aequatoriana,Partamona,Clusia_spc,Clusiaceae,Clusia,0.272208908,3,27,272,2722
UD22_1305,2/6/2023,CR04,Understory,20,2,Apidae_Meliponini,Trigona_silvestriana,Trigona,Clusia_spc,Clusiaceae,Clusia,0.333256083,3,33,333,3333
UD22_0954,14/03/2023,CR06,Understory,32,1,Apidae_Meliponini,Tetragona_perangulata,Tetragona,Clusia_spc,Clusiaceae,Clusia,0.2039801,2,20,204,2040
UD22_1712,11/10/2023,CR12,Understory,14,1,Apidae_Meliponini,Trigona_fulviventris,Trigona,Clusia_spc,Clusiaceae,Clusia,0.102345589,1,10,102,1023
BAU_0328,11/5/2023,CR14,Understory,37,1,Apidae_Meliponini,Partamona_aequatoriana,Partamona,Clusia_spc,Clusiaceae,Clusia,0.308633438,3,31,309,3086
BAU_0270,11/5/2023,CR14,Understory,37,1,Apidae_Meliponini,Trigona_fuscipennis,Trigona,Clusia_spc,Clusiaceae,Clusia,0.184019635,2,18,184,1840
UD22_1638,18/11/2023,OG37,Understory,NA,5,Apidae_Meliponini,Partamona_aequatoriana,Partamona,Clusia_spc,Clusiaceae,Clusia,0.139150419,1,14,139,1392
UD22_1619,18/11/2023,OG37,Understory,NA,19,Apidae_Meliponini,Partamona_sp,Partamona,Clusia_spc,Clusiaceae,Clusia,0.117400419,1,12,117,1174
UD22_1620,18/11/2023,OG37,Understory,NA,5,Apidae_Meliponini,Trigona_nigerrima,Trigona,Clusia_spc,Clusiaceae,Clusia,0.103059924,1,10,103,1031
UD22_1639,18/11/2023,OG37,Understory,NA,3,Apidae_Meliponini,Trigona_silvestriana,Trigona,Clusia_spc,Clusiaceae,Clusia,0.170988433,2,17,171,1710
UD22_1278,3/6/2023,OG38,Canopy,NA,1,Apidae_Meliponini,Partamona_aequatoriana,Partamona,Clusia_spc,Clusiaceae,Clusia,0.293150685,3,29,293,2932
BAU_0281,3/6/2023,OG38,Understory,NA,2,Apidae_Meliponini,Partamona_aequatoriana,Partamona,Clusia_spc,Clusiaceae,Clusia,0.111407407,1,11,111,1114
UD22_1539,16/03/2023,OG39,Understory,NA,12,Apidae_Meliponini,Trigona_silvestriana,Trigona,Clusia_spc,Clusiaceae,Clusia,0.135392881,1,14,135,1354
UD22_0941,16/03/2023,OG39,Understory,NA,2,Apidae_Meliponini,Trigona_silvestriana,Trigona,Clusia_spc,Clusiaceae,Clusia,0.112183819,1,11,112,1122
UD22_1601,14/10/2023,OG40,Understory,NA,2,Apidae_Meliponini,Trigona_ferricauda,Trigona,Clusia_spc,Clusiaceae,Clusia,0.188536953,2,19,189,1885
UD22_1293,21/05/2023,OG41,Canopy,NA,1,Apidae_Meliponini,Partamona_nr_peckolti,Partamona,Clusia_spc,Clusiaceae,Clusia,0.181717355,2,18,182,1817
UD22_1269,20/05/2023,OG42,Canopy,NA,1,Apidae_Meliponini,Partamona_nr_peckolti,Partamona,Clusia_spc,Clusiaceae,Clusia,0.327833261,3,33,328,3278
BAU_0193,15/04/2023,OG45,Understory,NA,1,Apidae_Meliponini,Partamona_aequatoriana,Partamona,Clusia_spc,Clusiaceae,Clusia,0.227670577,2,23,228,2277
BAU_0208,13/04/2023,OG46,Understory,NA,2,Apidae_Meliponini,Partamona_aequatoriana,Partamona,Clusia_spc,Clusiaceae,Clusia,0.310692141,3,31,311,3107
UD22_1275,13/04/2023,OG46,Understory,NA,1,Apidae_Meliponini,Trigona_ferricauda,Trigona,Clusia_spc,Clusiaceae,Clusia,0.153390583,2,15,153,1534
BAU_0210,13/04/2023,OG46,Understory,NA,1,Apidae_Meliponini,Trigona_fuscipennis,Trigona,Clusia_spc,Clusiaceae,Clusia,0.209832523,2,21,210,2098
BAU_0206,13/04/2023,OG46,Understory,NA,1,Apidae_Meliponini,Trigona_guianae,Trigona,Clusia_spc,Clusiaceae,Clusia,0.140194572,1,14,140,1402
UD22_1729,17/10/2023,OG47,Understory,NA,1,Apidae_Meliponini,Trigona_fulviventris,Trigona,Clusia_spc,Clusiaceae,Clusia,0.221374544,2,22,221,2214
UD22_1671,17/10/2023,OG47,Understory,NA,7,Apidae_Meliponini,Trigona_silvestriana,Trigona,Clusia_spc,Clusiaceae,Clusia,0.143838384,1,14,144,1438
UD22_1701,27/10/2023,OG48,Understory,NA,4,Apidae_Meliponini,Trigona_fulviventris,Trigona,Clusia_spc,Clusiaceae,Clusia,0.132068393,1,13,132,1321
UD22_1286,7/5/2023,OG49,Understory,NA,9,Apidae_Meliponini,Trigona_nigerrima,Trigona,Clusia_spc,Clusiaceae,Clusia,0.265929204,3,27,266,2659
UD22_1281,7/5/2023,OG49,Canopy,NA,10,Apidae_Meliponini,Trigona_nigerrima,Trigona,Clusia_spc,Clusiaceae,Clusia,0.196780893,2,20,197,1968
UD22_1707,9/10/2023,PA53,Understory,0,4,Apidae_Meliponini,Tetragona_perangulata,Tetragona,Clusia_spc,Clusiaceae,Clusia,0.107687287,1,11,108,1077
UD22_1654,9/10/2023,PA53,Understory,0,1,Apidae_Meliponini,Trigona_silvestriana,Trigona,Clusia_spc,Clusiaceae,Clusia,0.25850483,3,26,259,2585
UD22_1563,25/10/2023,PA58,Understory,0,1,Apidae_Meliponini,Trigona_silvestriana,Trigona,Clusia_spc,Clusiaceae,Clusia,0.117017245,1,12,117,1170
UD22_1615,17/11/2023,PR20,Understory,3,62,Apidae_Meliponini,Trigona_ferricauda,Trigona,Clusia_spc,Clusiaceae,Clusia,0.239758641,2,24,240,2398
UD22_1626,17/11/2023,PR25,Understory,5,1,Apidae_Meliponini,Trigona_silvestriana,Trigona,Clusia_spc,Clusiaceae,Clusia,0.200160557,2,20,200,2002
UD22_1569,11/10/2023,PR32,Understory,15,4,Apidae_Meliponini,Trigona_muzoensis,Trigona,Clusia_spc,Clusiaceae,Clusia,0.130925508,1,13,131,1309
BAU_0222,9/5/2023,PR36,Understory,8,1,Apidae_Meliponini,Trigona_fuscipennis,Trigona,Clusia_spc,Clusiaceae,Clusia,0.113738387,1,11,114,1137
BAU_0284,3/6/2023,OG38,Understory,NA,7,Apidae_Meliponini,Trigona_silvestriana,Trigona,Clusia_valerioi,Clusiaceae,Clusia,0.140062376,1,14,140,1401
BAU_0277,23/04/2023,PR31,Understory,15,4,Apidae_Meliponini,Trigona_silvestriana,Trigona,Clusia_valerioi,Clusiaceae,Clusia,0.181081272,2,18,181,1811
UD22_1662,27/10/2023,OG48,Understory,NA,65,Apidae_Meliponini,Trigona_silvestriana,Trigona,Clusiaceae_spc,Clusiaceae,Clusiaceae spc,0.104123145,1,10,104,1041
UD22_1668,17/10/2023,OG47,Understory,NA,9,Apidae_Meliponini,Trigona_guianae,Trigona,Columnea_colombiana,Gesneriaceae,Columnea,0.101209823,1,10,101,1012
UD22_1722,17/11/2023,CR01,Understory,5,2,Apidae_Meliponini,Trigona_fulviventris,Trigona,Columnea_rubriacuta,Gesneriaceae,Columnea,0.31501046,3,32,315,3150
UD22_1615,17/11/2023,PR20,Understory,3,62,Apidae_Meliponini,Trigona_ferricauda,Trigona,Columnea_rubriacuta,Gesneriaceae,Columnea,0.107339299,1,11,107,1073
UD22_1552,25/10/2023,PA58,Understory,0,9,Apidae_Meliponini,Trigona_cilipes,Trigona,Condea_verticillata,Lamiaceae,Condea,0.158186201,2,16,158,1582
UD22_1614,25/10/2023,PA58,Understory,0,1,Apidae_Meliponini,Trigona_cilipes,Trigona,Condea_verticillata,Lamiaceae,Condea,0.142685467,1,14,143,1427
UD22_1308,24/03/2023,OG42,Understory,NA,4,Apidae_Meliponini,Melipona_(Michmelia)_solani,Melipona,Conostegia_cuatrecasasii,Melastomataceae,Conostegia,0.277705302,3,28,278,2777
UD22_0220,7/5/2022,OG43,Canopy,NA,1,Apidae_Meliponini,Tetragonisca_angustula,Tetragonisca,Conostegia_sp.1,Melastomataceae,Conostegia,0.139537836,1,14,140,1395
UD22_1715,17/11/2023,CR01,Understory,5,2,Apidae_Meliponini,Trigona_silvestriana,Trigona,Cordia_alliodora,Cordiaceae,Cordia,0.167383859,2,17,167,1674
BAU_0264,26/03/2023,OG41,Understory,NA,1,Apidae_Meliponini,Oxytrigona_isthmina,Oxytrigona,Coussapoa_villosa,Urticaceae,Coussapoa,0.80489744,8,80,805,8049
UD22_0222,7/5/2022,OG43,Canopy,NA,7,Apidae_Meliponini,Trigonisca_cf_buyssoni,Trigonisca,Coussapoa_villosa,Urticaceae,Coussapoa,0.365111101,4,37,365,3651
UD22_1676,27/10/2023,OG50,Understory,NA,1,Apidae_Meliponini,Trigona_guianae,Trigona,Coussapoa_villosa,Urticaceae,Coussapoa,0.832819507,8,83,833,8328
UD22_0240,7/5/2022,OG28,Understory,NA,1,Apidae_Meliponini,Trigonisca_cf_pediculana,Trigonisca,Coussapoa_villosa,Urticaceae,Coussapoa,0.12174448,1,12,122,1217
UD22_0057,28/02/2022,CR04,Canopy,20,1,Apidae_Meliponini,Trigonisca_cf_buyssoni,Trigonisca,Croton_tessmannii,Euphorbiaceae,Croton,0.119557196,1,12,120,1196
UD22_1664,27/10/2023,OG50,Understory,NA,4,Apidae_Meliponini,Trigona_silvestriana,Trigona,Cybianthus_kayapii,Primulaceae,Cybianthus,0.427648657,4,43,428,4276
BAU_0307,11/5/2023,PR34,Understory,37,1,Apidae_Meliponini,Partamona_aequatoriana,Partamona,Cybianthus_kayapii,Primulaceae,Cybianthus,0.374747051,4,37,375,3747
BAU_0223,9/5/2023,PR36,Understory,8,26,Apidae_Meliponini,Partamona_aequatoriana,Partamona,Cybianthus_kayapii,Primulaceae,Cybianthus,0.171041193,2,17,171,1710
UD22_1585,4/11/2023,CA60,Understory,0,2,Apidae_Meliponini,Tetragona_ziegleri,Tetragona,Dacryodes_cupularis,Burseraceae,Dacryodes,0.249284882,2,25,249,2493
BAU_0316,31/03/2023,CR02,Understory,7,3,Apidae_Meliponini,Trigona_fulviventris,Trigona,Dacryodes_cupularis,Burseraceae,Dacryodes,0.300008626,3,30,300,3000
UD22_1546,4/11/2023,CR03,Understory,4,1,Apidae_Meliponini,Trigona_fulviventris,Trigona,Dacryodes_cupularis,Burseraceae,Dacryodes,0.36600072,4,37,366,3660
UD22_0950,14/03/2023,CR06,Understory,32,3,Apidae_Meliponini,Trigona_guianae,Trigona,Dacryodes_cupularis,Burseraceae,Dacryodes,0.135770235,1,14,136,1358
UD22_0943,16/03/2023,OG39,Understory,NA,2,Apidae_Meliponini,Trigona_ferricauda,Trigona,Dacryodes_cupularis,Burseraceae,Dacryodes,0.24303377,2,24,243,2430
BAU_0304,19/03/2023,OG52,Understory,NA,2,Apidae_Meliponini,Trigona_guianae,Trigona,Dacryodes_cupularis,Burseraceae,Dacryodes,0.233624549,2,23,234,2336
BAU_0220,31/03/2023,PA55,Understory,0,1,Apidae_Meliponini,Trigona_fulviventris,Trigona,Dacryodes_cupularis,Burseraceae,Dacryodes,0.190630083,2,19,191,1906
UD22_1679,7/10/2023,PR24,Understory,20,1,Apidae_Meliponini,Trigona_fulviventris,Trigona,Dacryodes_cupularis,Burseraceae,Dacryodes,0.227690892,2,23,228,2277
UD22_1536,12/3/2023,PR26,Understory,27,2,Apidae_Meliponini,Trigona_fulviventris,Trigona,Dacryodes_cupularis,Burseraceae,Dacryodes,0.223422971,2,22,223,2234
BAU_0327,15/04/2023,CR11,Understory,22,8,Apidae_Meliponini,Scaptotrigona_postica_group_b,Scaptotrigona,Dalbergia_spc,Fabaceae,Dalbergia,0.480871536,5,48,481,4809
BAU_0282,3/6/2023,OG38,Understory,NA,13,Apidae_Meliponini,Scaptotrigona_(Scaptotrigona)_sp,Scaptotrigona,Dendropanax_macrophyllum,Araliaceae,Dendropanax,0.127192137,1,13,127,1272
BAU_0232,6/4/2023,CA62,Understory,0,8,Apidae_Meliponini,Tetragona_perangulata,Tetragona,Digitaria_sanguinalis,Poaceae,Digitaria,0.175413426,2,18,175,1754
UD22_1660,27/10/2023,OG50,Understory,NA,1,Apidae_Meliponini,Trigona_corvina,Trigona,Elephantopus_mollis,Asteraceae,Elephantopus,0.149921094,1,15,150,1499
UD22_1670,9/10/2023,PA53,Understory,0,2,Apidae_Meliponini,Trigona_fuscipennis,Trigona,Elephantopus_mollis,Asteraceae,Elephantopus,0.33147223,3,33,331,3315
UD22_1604,4/11/2023,CA60,Understory,0,6,Apidae_Meliponini,Cephalotrigona_sp,Cephalotrigona,Emilia_sonchifolia,Asteraceae,Emilia,0.112274641,1,11,112,1123
UD22_1605,4/11/2023,CA60,Understory,0,2,Apidae_Meliponini,Nannotrigona_mellaria,Nannotrigona,Emilia_sonchifolia,Asteraceae,Emilia,0.252872738,3,25,253,2529
UD22_1602,4/11/2023,CA60,Understory,0,4,Apidae_Meliponini,Nannotrigona_tristella,Nannotrigona,Emilia_sonchifolia,Asteraceae,Emilia,0.284684784,3,28,285,2847
UD22_1577,4/11/2023,CA60,Understory,0,2,Apidae_Meliponini,Partamona_aequatoriana,Partamona,Emilia_sonchifolia,Asteraceae,Emilia,0.201323372,2,20,201,2013
UD22_1573,4/11/2023,CA60,Understory,0,10,Apidae_Meliponini,Partamona_nr_peckolti,Partamona,Emilia_sonchifolia,Asteraceae,Emilia,0.172959724,2,17,173,1730
UD22_1591,4/11/2023,CA60,Understory,0,3,Apidae_Meliponini,Partamona_sp,Partamona,Emilia_sonchifolia,Asteraceae,Emilia,0.111564973,1,11,112,1116
UD22_1598,4/11/2023,CA60,Understory,0,2,Apidae_Meliponini,Tetragonisca_buchwaldi,Tetragonisca,Emilia_sonchifolia,Asteraceae,Emilia,0.245719256,2,25,246,2457
UD22_1593,4/11/2023,CA60,Understory,0,1,Apidae_Meliponini,Trigona_fuscipennis,Trigona,Emilia_sonchifolia,Asteraceae,Emilia,0.113748657,1,11,114,1137
UD22_1549,4/11/2023,PA56,Understory,0,6,Apidae_Meliponini,Trigona_ferricauda,Trigona,Emilia_sonchifolia,Asteraceae,Emilia,0.128060976,1,13,128,1281
BAU_0202,29/03/2023,PR33,Understory,1,2,Apidae_Meliponini,Tetragona_ziegleri,Tetragona,Emilia_sonchifolia,Asteraceae,Emilia,0.239879133,2,24,240,2399
UD22_1604,4/11/2023,CA60,Understory,0,6,Apidae_Meliponini,Cephalotrigona_sp,Cephalotrigona,Emilia_spc,Asteraceae,Emilia,0.273723416,3,27,274,2737
UD22_1605,4/11/2023,CA60,Understory,0,2,Apidae_Meliponini,Nannotrigona_mellaria,Nannotrigona,Emilia_spc,Asteraceae,Emilia,0.581442114,6,58,581,5814
UD22_1602,4/11/2023,CA60,Understory,0,4,Apidae_Meliponini,Nannotrigona_tristella,Nannotrigona,Emilia_spc,Asteraceae,Emilia,0.587578391,6,59,588,5876
UD22_1577,4/11/2023,CA60,Understory,0,2,Apidae_Meliponini,Partamona_aequatoriana,Partamona,Emilia_spc,Asteraceae,Emilia,0.422369264,4,42,422,4224
UD22_1573,4/11/2023,CA60,Understory,0,10,Apidae_Meliponini,Partamona_nr_peckolti,Partamona,Emilia_spc,Asteraceae,Emilia,0.417130366,4,42,417,4171
UD22_1591,4/11/2023,CA60,Understory,0,3,Apidae_Meliponini,Partamona_sp,Partamona,Emilia_spc,Asteraceae,Emilia,0.273474598,3,27,273,2735
UD22_1600,4/11/2023,CA60,Understory,0,6,Apidae_Meliponini,Tetragona_perangulata,Tetragona,Emilia_spc,Asteraceae,Emilia,0.248196909,2,25,248,2482
UD22_1598,4/11/2023,CA60,Understory,0,2,Apidae_Meliponini,Tetragonisca_buchwaldi,Tetragonisca,Emilia_spc,Asteraceae,Emilia,0.422946617,4,42,423,4229
UD22_1593,4/11/2023,CA60,Understory,0,1,Apidae_Meliponini,Trigona_fuscipennis,Trigona,Emilia_spc,Asteraceae,Emilia,0.254027927,3,25,254,2540
BAU_0228,6/4/2023,CA62,Understory,0,2,Apidae_Meliponini,Tetragonisca_angustula,Tetragonisca,Emilia_spc,Asteraceae,Emilia,0.121513149,1,12,122,1215
UD22_1549,4/11/2023,PA56,Understory,0,6,Apidae_Meliponini,Trigona_ferricauda,Trigona,Emilia_spc,Asteraceae,Emilia,0.23471539,2,23,235,2347
BAU_0202,29/03/2023,PR33,Understory,1,2,Apidae_Meliponini,Tetragona_ziegleri,Tetragona,Emilia_spc,Asteraceae,Emilia,0.350852836,4,35,351,3509
BAU_0315,31/03/2023,CR02,Understory,7,1,Apidae_Meliponini,Ptilotrigona_occidentalis,Ptilotrigona,Eschweilera_rimbachii,Lecythidaceae,Eschweilera,0.130511628,1,13,131,1305
BAU_0192,15/04/2023,OG45,Understory,NA,1,Apidae_Meliponini,Partamona_sp,Partamona,Eschweilera_rimbachii,Lecythidaceae,Eschweilera,0.102704699,1,10,103,1027
BAU_0312,24/03/2023,PR19,Understory,5,2,Apidae_Meliponini,Scaptotrigona_(Gymnotrigona)_sp,Scaptotrigona,Eschweilera_rimbachii,Lecythidaceae,Eschweilera,0.720651846,7,72,721,7207
BAU_0201,29/03/2023,PR33,Understory,1,1,Apidae_Meliponini,Partamona_aequatoriana,Partamona,Eschweilera_rimbachii,Lecythidaceae,Eschweilera,0.265249422,3,27,265,2652
BAU_0219,31/03/2023,PA55,Understory,0,18,Apidae_Meliponini,Tetragona_perangulata,Tetragona,Eugenia_crassimarginata,Myrtaceae,Eugenia,0.247530625,2,25,248,2475
BAU_0228,6/4/2023,CA62,Understory,0,2,Apidae_Meliponini,Tetragonisca_angustula,Tetragonisca,Eugenia_multirimosa,Myrtaceae,Eugenia,0.10341922,1,10,103,1034
BAU_0259,26/03/2023,OG41,Understory,NA,10,Apidae_Meliponini,Trigona_silvestriana,Trigona,Eugenia_oerstediana,Myrtaceae,Eugenia,0.110516373,1,11,111,1105
UD22_1304,2/6/2023,CR04,Understory,20,1,Apidae_Meliponini,Partamona_aequatoriana,Partamona,Exarata_chocoensis,Schlegeliaceae,Exarata,0.106795121,1,11,107,1068
UD22_0166,24/04/2022,OG51,Canopy,NA,2,Apidae_Meliponini,Nannotrigona_tristella,Nannotrigona,Fabaceae_spc,Fabaceae,Fabaceae spc,0.618725711,6,62,619,6187
UD22_1620,18/11/2023,OG37,Understory,NA,5,Apidae_Meliponini,Trigona_nigerrima,Trigona,Ficus_maxima,Moraceae,Ficus,0.231052557,2,23,231,2311
UD22_1639,18/11/2023,OG37,Understory,NA,3,Apidae_Meliponini,Trigona_silvestriana,Trigona,Ficus_maxima,Moraceae,Ficus,0.255303986,3,26,255,2553
UD22_1597,14/10/2023,OG40,Understory,NA,14,Apidae_Meliponini,Partamona_aequatoriana,Partamona,Ficus_maxima,Moraceae,Ficus,0.231563626,2,23,232,2316
UD22_0820,21/11/2022,OG45,Understory,NA,1,Apidae_Meliponini,Trigona_silvestriana,Trigona,Ficus_maxima,Moraceae,Ficus,0.118072748,1,12,118,1181
BAU_0243,31/03/2023,PA55,Understory,0,1,Apidae_Meliponini,Trigona_silvestriana,Trigona,Ficus_maxima,Moraceae,Ficus,0.149816025,1,15,150,1498
UD22_1715,17/11/2023,CR01,Understory,5,2,Apidae_Meliponini,Trigona_silvestriana,Trigona,Ficus_pertusa,Moraceae,Ficus,0.101167999,1,10,101,1012
UD22_1627,4/11/2023,CR03,Understory,4,1,Apidae_Meliponini,Trigona_silvestriana,Trigona,Ficus_pertusa,Moraceae,Ficus,0.201191323,2,20,201,2012
BAU_0252,20/04/2023,CR09,Understory,5,4,Apidae_Meliponini,Trigona_silvestriana,Trigona,Ficus_pertusa,Moraceae,Ficus,0.107020239,1,11,107,1070
UD22_1293,21/05/2023,OG41,Canopy,NA,1,Apidae_Meliponini,Partamona_nr_peckolti,Partamona,Fleischmannia_pycnocephala,Asteraceae,Fleischmannia,0.100373592,1,10,100,1004
UD22_1307,24/03/2023,OG42,Understory,NA,1,Apidae_Meliponini,Tetragona_ziegleri,Tetragona,Fleischmannia_pycnocephala,Asteraceae,Fleischmannia,0.113495301,1,11,113,1135
UD22_1585,4/11/2023,CA60,Understory,0,2,Apidae_Meliponini,Tetragona_ziegleri,Tetragona,Garcinia_madruno,Clusiaceae,Garcinia,0.376258078,4,38,376,3763
BAU_0228,6/4/2023,CA62,Understory,0,2,Apidae_Meliponini,Tetragonisca_angustula,Tetragonisca,Garcinia_madruno,Clusiaceae,Garcinia,0.110958357,1,11,111,1110
BAU_0293,17/03/2023,CA63,Understory,0,1,Apidae_Meliponini,Tetragonisca_angustula,Tetragonisca,Garcinia_madruno,Clusiaceae,Garcinia,0.18769272,2,19,188,1877
BAU_0319,31/03/2023,CR02,Understory,7,3,Apidae_Meliponini,Trigona_fuscipennis,Trigona,Garcinia_madruno,Clusiaceae,Garcinia,0.175775552,2,18,176,1758
BAU_0323,4/4/2023,CR05,Understory,11,1,Apidae_Meliponini,Tetragona_ziegleri,Tetragona,Garcinia_madruno,Clusiaceae,Garcinia,0.117745071,1,12,118,1177
UD22_0364,23/05/2022,OG38,Canopy,NA,1,Apidae_Meliponini,Trigona_silvestriana,Trigona,Garcinia_madruno,Clusiaceae,Garcinia,0.214296192,2,21,214,2143
UD22_0276,5/4/2022,OG40,Canopy,NA,4,Apidae_Meliponini,Trigonisca_cf_buyssoni,Trigonisca,Garcinia_madruno,Clusiaceae,Garcinia,0.234933908,2,23,235,2349
BAU_0262,26/03/2023,OG41,Understory,NA,2,Apidae_Meliponini,Tetragona_ziegleri,Tetragona,Garcinia_madruno,Clusiaceae,Garcinia,0.344782857,3,34,345,3448
UD22_0081,4/4/2022,OG42,Understory,NA,1,Apidae_Meliponini,Partamona_aequatoriana,Partamona,Garcinia_madruno,Clusiaceae,Garcinia,0.15343457,2,15,153,1534
UD22_1728,28/11/2023,OG43,Understory,NA,2,Apidae_Meliponini,Trigona_silvestriana,Trigona,Garcinia_madruno,Clusiaceae,Garcinia,0.329958203,3,33,330,3300
UD22_1326,6/4/2023,PA57,Understory,0,1,Apidae_Meliponini,Tetragona_ziegleri,Tetragona,Garcinia_madruno,Clusiaceae,Garcinia,0.121341769,1,12,121,1213
BAU_0313,24/03/2023,PR19,Understory,5,5,Apidae_Meliponini,Trigona_guianae,Trigona,Garcinia_madruno,Clusiaceae,Garcinia,0.357025641,4,36,357,3570
UD22_0690,17/10/2022,PR32,Understory,15,2,Apidae_Meliponini,Trigona_silvestriana,Trigona,Garcinia_madruno,Clusiaceae,Garcinia,0.108737292,1,11,109,1087
UD22_1656,20/04/2023,PR29,Understory,5,3,Apidae_Meliponini,Trigona_guianae,Trigona,Gasteranthus_calcaratus,Gesneriaceae,Gasteranthus,0.233689304,2,23,234,2337
UD22_1584,20/04/2023,PR30,Understory,14,2,Apidae_Meliponini,Trigona_ferricauda,Trigona,Gasteranthus_calcaratus,Gesneriaceae,Gasteranthus,0.212691733,2,21,213,2127
UD22_1584,20/04/2023,PR30,Understory,14,2,Apidae_Meliponini,Trigona_ferricauda,Trigona,Gasteranthus_villosus,Gesneriaceae,Gasteranthus,0.366077856,4,37,366,3661
BAU_0268,11/5/2023,CR14,Understory,37,1,Apidae_Meliponini,Trigona_fulviventris,Trigona,Grias_colombiana,Lecythidaceae,Grias,0.110704961,1,11,111,1107
UD22_1543,7/11/2023,CA61,Understory,0,1,Apidae_Meliponini,Trigona_guianae,Trigona,Guarea_guentheri,Meliaceae,Guarea,0.146874498,1,15,147,1469
UD22_0074,2/4/2022,CR03,Understory,4,1,Apidae_Meliponini,Partamona_aequatoriana,Partamona,Guarea_guentheri,Meliaceae,Guarea,0.117425877,1,12,117,1174
UD22_1744,12/11/2023,CR17,Understory,8,1,Apidae_Meliponini,Trigona_silvestriana,Trigona,Guarea_guentheri,Meliaceae,Guarea,0.438077077,4,44,438,4381
UD22_1542,3/6/2023,OG38,Understory,NA,1,Apidae_Meliponini,Partamona_aequatoriana,Partamona,Guarea_guentheri,Meliaceae,Guarea,0.141426254,1,14,141,1414
UD22_1291,21/05/2023,OG41,Canopy,NA,14,Apidae_Meliponini,Trigonisca_cf_buyssoni,Trigonisca,Guarea_guentheri,Meliaceae,Guarea,0.161349502,2,16,161,1613
BAU_0207,13/04/2023,OG46,Understory,NA,1,Apidae_Meliponini,Trigonisca_cf_buyssoni,Trigonisca,Guarea_guentheri,Meliaceae,Guarea,0.142705527,1,14,143,1427
UD22_1688,17/10/2023,OG47,Understory,NA,9,Apidae_Meliponini,Nogueirapis_mirandula,Nogueirapis,Guarea_guentheri,Meliaceae,Guarea,0.365215557,4,37,365,3652
UD22_1681,17/10/2023,OG47,Understory,NA,2,Apidae_Meliponini,Trigona_guianae,Trigona,Guarea_guentheri,Meliaceae,Guarea,0.111043443,1,11,111,1110
UD22_1285,7/5/2023,OG49,Understory,NA,4,Apidae_Meliponini,Partamona_nr_peckolti,Partamona,Guarea_guentheri,Meliaceae,Guarea,0.392292448,4,39,392,3923
UD22_0165,24/04/2022,OG51,Canopy,NA,1,Apidae_Meliponini,Trigonisca_atomaria,Trigonisca,Guarea_guentheri,Meliaceae,Guarea,0.103198042,1,10,103,1032
UD22_1289,5/5/2023,OG52,Canopy,NA,1,Apidae_Meliponini,Tetragonisca_buchwaldi,Tetragonisca,Guarea_guentheri,Meliaceae,Guarea,0.116427337,1,12,116,1164
UD22_1288,5/5/2023,OG52,Canopy,NA,2,Apidae_Meliponini,Trigonisca_atomaria,Trigonisca,Guarea_guentheri,Meliaceae,Guarea,0.42913628,4,43,429,4291
UD22_1576,4/11/2023,PA56,Understory,0,1,Apidae_Meliponini,Trigona_fuscipennis,Trigona,Guarea_guentheri,Meliaceae,Guarea,0.526517795,5,53,527,5265
UD22_1606,17/11/2023,PR25,Understory,5,1,Apidae_Meliponini,Nannotrigona_tristella,Nannotrigona,Guarea_guentheri,Meliaceae,Guarea,0.115133463,1,12,115,1151
UD22_1732,28/11/2023,OG28,Understory,NA,1,Apidae_Meliponini,Trigona_fuscipennis,Trigona,Guarea_guentheri,Meliaceae,Guarea,0.392511428,4,39,393,3925
BAU_0225,9/5/2023,PR36,Understory,8,1,Apidae_Meliponini,Tetragonisca_buchwaldi,Tetragonisca,Guarea_guentheri,Meliaceae,Guarea,0.215031789,2,22,215,2150
UD22_0687,17/10/2022,OG47,Canopy,NA,1,Apidae_Meliponini,Trigonisca_atomaria,Trigonisca,Heisteria_concinna,Erythropalaceae,Heisteria,0.139018391,1,14,139,1390
BAU_0192,15/04/2023,OG45,Understory,NA,1,Apidae_Meliponini,Partamona_sp,Partamona,Henriettella_odorata,Melastomataceae,Henriettella,0.185649753,2,19,186,1856
BAU_0230,6/4/2023,CA62,Understory,0,2,Apidae_Meliponini,Partamona_nr_peckolti,Partamona,Hieronyma_alchorneoides,Phyllanthaceae,Hieronyma,0.288502725,3,29,289,2885
UD22_1744,12/11/2023,CR17,Understory,8,1,Apidae_Meliponini,Trigona_silvestriana,Trigona,Hieronyma_alchorneoides,Phyllanthaceae,Hieronyma,0.217834203,2,22,218,2178
UD22_1277,13/04/2023,OG46,Understory,NA,1,Apidae_Meliponini,Scaptotrigona_postica_group_b,Scaptotrigona,Hieronyma_alchorneoides,Phyllanthaceae,Hieronyma,0.834749035,8,83,835,8347
UD22_1688,17/10/2023,OG47,Understory,NA,9,Apidae_Meliponini,Nogueirapis_mirandula,Nogueirapis,Hieronyma_alchorneoides,Phyllanthaceae,Hieronyma,0.150151206,2,15,150,1502
UD22_1282,7/5/2023,OG49,Canopy,NA,3,Apidae_Meliponini,Partamona_nr_peckolti,Partamona,Hieronyma_alchorneoides,Phyllanthaceae,Hieronyma,0.239342266,2,24,239,2393
UD22_1285,7/5/2023,OG49,Understory,NA,4,Apidae_Meliponini,Partamona_nr_peckolti,Partamona,Hieronyma_alchorneoides,Phyllanthaceae,Hieronyma,0.17266096,2,17,173,1727
UD22_0165,24/04/2022,OG51,Canopy,NA,1,Apidae_Meliponini,Trigonisca_atomaria,Trigonisca,Hieronyma_alchorneoides,Phyllanthaceae,Hieronyma,0.676904903,7,68,677,6769
UD22_1576,4/11/2023,PA56,Understory,0,1,Apidae_Meliponini,Trigona_fuscipennis,Trigona,Hieronyma_alchorneoides,Phyllanthaceae,Hieronyma,0.105664108,1,11,106,1057
UD22_1732,28/11/2023,OG28,Understory,NA,1,Apidae_Meliponini,Trigona_fuscipennis,Trigona,Hieronyma_alchorneoides,Phyllanthaceae,Hieronyma,0.1700726,2,17,170,1701
BAU_0268,11/5/2023,CR14,Understory,37,1,Apidae_Meliponini,Trigona_fulviventris,Trigona,Hoffmannia_nicotianifolia,Rubiaceae,Hoffmannia,0.313315927,3,31,313,3133
UD22_0364,23/05/2022,OG38,Canopy,NA,1,Apidae_Meliponini,Trigona_silvestriana,Trigona,Huberodendron_patinoi,Malvaceae,Huberodendron,0.116452566,1,12,116,1165
BAU_0293,17/03/2023,CA63,Understory,0,1,Apidae_Meliponini,Tetragonisca_angustula,Tetragonisca,Hydrocotyle_spc,Araliaceae,Hydrocotyle,0.118916745,1,12,119,1189
UD22_1604,4/11/2023,CA60,Understory,0,6,Apidae_Meliponini,Cephalotrigona_sp,Cephalotrigona,Hyptis_atrorubens,Lamiaceae,Hyptis,0.300226708,3,30,300,3002
UD22_1591,4/11/2023,CA60,Understory,0,3,Apidae_Meliponini,Partamona_sp,Partamona,Hyptis_atrorubens,Lamiaceae,Hyptis,0.27623181,3,28,276,2762
UD22_1634,4/11/2023,CA60,Understory,0,1,Apidae_Meliponini,Scaptotrigona_postica_group_b,Scaptotrigona,Hyptis_atrorubens,Lamiaceae,Hyptis,0.6403451,6,64,640,6403
UD22_1571,7/11/2023,CA61,Understory,0,2,Apidae_Meliponini,Tetragona_perangulata,Tetragona,Hyptis_atrorubens,Lamiaceae,Hyptis,0.404277608,4,40,404,4043
BAU_0238,4/4/2023,PR22,Understory,11,2,Apidae_Meliponini,Scaptotrigona_(Gymnotrigona)_sp,Scaptotrigona,Hyptis_atrorubens,Lamiaceae,Hyptis,0.13685225,1,14,137,1369
BAU_0203,29/03/2023,PR33,Understory,1,9,Apidae_Meliponini,Trigona_ferricauda,Trigona,Hyptis_atrorubens,Lamiaceae,Hyptis,0.155057049,2,16,155,1551
BAU_0293,17/03/2023,CA63,Understory,0,1,Apidae_Meliponini,Tetragonisca_angustula,Tetragonisca,Hyptis_lappulacea,Lamiaceae,Hyptis,0.275774232,3,28,276,2758
BAU_0294,17/03/2023,CA63,Understory,0,1,Apidae_Meliponini,Trigona_guianae,Trigona,Hyptis_lappulacea,Lamiaceae,Hyptis,0.138508796,1,14,139,1385
UD22_1707,9/10/2023,PA53,Understory,0,4,Apidae_Meliponini,Tetragona_perangulata,Tetragona,Hyptis_ramosa,Lamiaceae,Hyptis,0.160505338,2,16,161,1605
UD22_1548,25/10/2023,PA58,Understory,0,1,Apidae_Meliponini,Scaptotrigona_luteipennis,Scaptotrigona,Hyptis_ramosa,Lamiaceae,Hyptis,0.413958641,4,41,414,4140
UD22_1614,25/10/2023,PA58,Understory,0,1,Apidae_Meliponini,Trigona_cilipes,Trigona,Hyptis_ramosa,Lamiaceae,Hyptis,0.196603108,2,20,197,1966
UD22_1552,25/10/2023,PA58,Understory,0,9,Apidae_Meliponini,Trigona_cilipes,Trigona,Hyptis_ramosa,Lamiaceae,Hyptis,0.109388234,1,11,109,1094
BAU_0309,11/5/2023,PR34,Understory,37,20,Apidae_Meliponini,Trigona_silvestriana,Trigona,Lamiales_spc,Lamiales spc,Lamiales spc,0.345760737,3,35,346,3458
UD22_1272,20/05/2023,OG42,Canopy,NA,1,Apidae_Meliponini,Dolichotrigona_schulthessi,Dolichotrigona,Lantana_achyranthifolia,Verbenaceae,Lantana,0.170017483,2,17,170,1700
UD22_1278,3/6/2023,OG38,Canopy,NA,1,Apidae_Meliponini,Partamona_aequatoriana,Partamona,Lantana_trifolia,Verbenaceae,Lantana,0.128767123,1,13,129,1288
UD22_1272,20/05/2023,OG42,Canopy,NA,1,Apidae_Meliponini,Dolichotrigona_schulthessi,Dolichotrigona,Lantana_trifolia,Verbenaceae,Lantana,0.53125,5,53,531,5313
BAU_0295,17/03/2023,CA63,Understory,0,1,Apidae_Meliponini,Trigona_corvina,Trigona,Laportea_aestuans,Urticaceae,Laportea,0.234314311,2,23,234,2343
BAU_0301,18/03/2023,CA64,Understory,0,1,Apidae_Meliponini,Trigona_nigerrima,Trigona,Loranthaceae_spc,Loranthaceae,Loranthaceae spc,0.286406356,3,29,286,2864
BAU_0319,31/03/2023,CR02,Understory,7,3,Apidae_Meliponini,Trigona_fuscipennis,Trigona,Loranthaceae_spc,Loranthaceae,Loranthaceae spc,0.121997472,1,12,122,1220
UD22_1301,2/6/2023,CR04,Understory,20,2,Apidae_Meliponini,Nogueirapis_mirandula,Nogueirapis,Loranthaceae_spc,Loranthaceae,Loranthaceae spc,0.120977233,1,12,121,1210
BAU_0265,2/6/2023,CR04,Understory,20,2,Apidae_Meliponini,Trigona_silvestriana,Trigona,Loranthaceae_spc,Loranthaceae,Loranthaceae spc,0.119400703,1,12,119,1194
UD22_1336,29/03/2023,CR13,Understory,1,1,Apidae_Meliponini,Trigona_fuscipennis,Trigona,Loranthaceae_spc,Loranthaceae,Loranthaceae spc,0.690635452,7,69,691,6906
UD22_1619,18/11/2023,OG37,Understory,NA,19,Apidae_Meliponini,Partamona_sp,Partamona,Loranthaceae_spc,Loranthaceae,Loranthaceae spc,0.350325499,4,35,350,3503
UD22_1620,18/11/2023,OG37,Understory,NA,5,Apidae_Meliponini,Trigona_nigerrima,Trigona,Loranthaceae_spc,Loranthaceae,Loranthaceae spc,0.42293526,4,42,423,4229
UD22_1541,16/03/2023,OG39,Understory,NA,6,Apidae_Meliponini,Trigona_nigerrima,Trigona,Loranthaceae_spc,Loranthaceae,Loranthaceae spc,0.365636902,4,37,366,3656
UD22_0942,16/03/2023,OG39,Understory,NA,8,Apidae_Meliponini,Trigona_nigerrima,Trigona,Loranthaceae_spc,Loranthaceae,Loranthaceae spc,0.24845297,2,25,248,2485
BAU_0261,26/03/2023,OG41,Understory,NA,2,Apidae_Meliponini,Trigona_fuscipennis,Trigona,Loranthaceae_spc,Loranthaceae,Loranthaceae spc,0.264044213,3,26,264,2640
UD22_1687,17/10/2023,OG47,Understory,NA,1,Apidae_Meliponini,Trigona_nigerrima,Trigona,Loranthaceae_spc,Loranthaceae,Loranthaceae spc,0.54224976,5,54,542,5422
UD22_1670,9/10/2023,PA53,Understory,0,2,Apidae_Meliponini,Trigona_fuscipennis,Trigona,Loranthaceae_spc,Loranthaceae,Loranthaceae spc,0.193456754,2,19,193,1935
UD22_1633,17/11/2023,PR20,Understory,3,4,Apidae_Meliponini,Tetragonisca_buchwaldi,Tetragonisca,Loranthaceae_spc,Loranthaceae,Loranthaceae spc,0.28979376,3,29,290,2898
UD22_1647,17/11/2023,PR20,Understory,3,1,Apidae_Meliponini,Trigona_nigerrima,Trigona,Loranthaceae_spc,Loranthaceae,Loranthaceae spc,0.171917274,2,17,172,1719
UD22_1630,17/11/2023,PR25,Understory,5,3,Apidae_Meliponini,Tetragonisca_angustula,Tetragonisca,Loranthaceae_spc,Loranthaceae,Loranthaceae spc,0.108527132,1,11,109,1085
UD22_1617,17/11/2023,PR25,Understory,5,6,Apidae_Meliponini,Trigona_nigerrima,Trigona,Loranthaceae_spc,Loranthaceae,Loranthaceae spc,0.281342873,3,28,281,2813
UD22_1536,12/3/2023,PR26,Understory,27,2,Apidae_Meliponini,Trigona_fulviventris,Trigona,Loranthaceae_spc,Loranthaceae,Loranthaceae spc,0.101197956,1,10,101,1012
UD22_1540,12/3/2023,PR26,Understory,27,1,Apidae_Meliponini,Trigona_guianae,Trigona,Loranthaceae_spc,Loranthaceae,Loranthaceae spc,0.581296493,6,58,581,5813
BAU_0263,26/03/2023,OG41,Understory,NA,2,Apidae_Meliponini,Trigona_ferricauda,Trigona,Ludwigia_erecta,Onagraceae,Ludwigia,0.187036656,2,19,187,1870
BAU_0275,26/03/2023,PA54,Understory,0,2,Apidae_Meliponini,Trigona_guianae,Trigona,Ludwigia_erecta,Onagraceae,Ludwigia,0.621349221,6,62,621,6213
BAU_0242,12/3/2023,PR26,Understory,27,2,Apidae_Meliponini,Trigona_guianae,Trigona,Ludwigia_erecta,Onagraceae,Ludwigia,0.610478741,6,61,610,6105
UD22_1609,7/11/2023,CA61,Understory,0,1,Apidae_Meliponini,Scaptotrigona_postica_group_b,Scaptotrigona,Magnoliopsida_spc,Magnoliopsida spc,Magnoliopsida spc,0.119521912,1,12,120,1195
BAU_0229,6/4/2023,CA62,Understory,0,8,Apidae_Meliponini,Trigona_ferricauda,Trigona,Magnoliopsida_spc,Magnoliopsida spc,Magnoliopsida spc,0.125539501,1,13,126,1255
BAU_0301,18/03/2023,CA64,Understory,0,1,Apidae_Meliponini,Trigona_nigerrima,Trigona,Magnoliopsida_spc,Magnoliopsida spc,Magnoliopsida spc,0.158608662,2,16,159,1586
BAU_0314,31/03/2023,CR02,Understory,7,9,Apidae_Meliponini,Trigona_silvestriana,Trigona,Magnoliopsida_spc,Magnoliopsida spc,Magnoliopsida spc,0.130656469,1,13,131,1307
BAU_0320,4/4/2023,CR05,Understory,11,14,Apidae_Meliponini,Trigona_silvestriana,Trigona,Magnoliopsida_spc,Magnoliopsida spc,Magnoliopsida spc,0.101213172,1,10,101,1012
UD22_0951,14/03/2023,CR06,Understory,32,1,Apidae_Meliponini,Nannotrigona_tristella,Nannotrigona,Magnoliopsida_spc,Magnoliopsida spc,Magnoliopsida spc,0.379282219,4,38,379,3793
UD22_0952,14/03/2023,CR06,Understory,32,1,Apidae_Meliponini,Partamona_aequatoriana,Partamona,Magnoliopsida_spc,Magnoliopsida spc,Magnoliopsida spc,0.541410317,5,54,541,5414
UD22_1672,11/10/2023,CR12,Understory,14,1,Apidae_Meliponini,Trigona_silvestriana,Trigona,Magnoliopsida_spc,Magnoliopsida spc,Magnoliopsida spc,0.330275882,3,33,330,3303
UD22_1542,3/6/2023,OG38,Understory,NA,1,Apidae_Meliponini,Partamona_aequatoriana,Partamona,Magnoliopsida_spc,Magnoliopsida spc,Magnoliopsida spc,0.112153488,1,11,112,1122
UD22_0063,7/4/2022,OG41,Understory,NA,2,Apidae_Meliponini,Partamona_aequatoriana,Partamona,Magnoliopsida_spc,Magnoliopsida spc,Magnoliopsida spc,0.198735582,2,20,199,1987
BAU_0196,15/04/2023,OG45,Understory,NA,3,Apidae_Meliponini,Trigona_silvestriana,Trigona,Magnoliopsida_spc,Magnoliopsida spc,Magnoliopsida spc,0.115595289,1,12,116,1156
UD22_1676,27/10/2023,OG50,Understory,NA,1,Apidae_Meliponini,Trigona_guianae,Trigona,Magnoliopsida_spc,Magnoliopsida spc,Magnoliopsida spc,0.105381166,1,11,105,1054
UD22_1721,9/10/2023,PA53,Understory,0,3,Apidae_Meliponini,Scaptotrigona_luteipennis,Scaptotrigona,Magnoliopsida_spc,Magnoliopsida spc,Magnoliopsida spc,0.201582517,2,20,202,2016
UD22_1667,9/10/2023,PA53,Understory,0,1,Apidae_Meliponini,Scaptotrigona_postica_group_b,Scaptotrigona,Magnoliopsida_spc,Magnoliopsida spc,Magnoliopsida spc,0.506122449,5,51,506,5061
UD22_1654,9/10/2023,PA53,Understory,0,1,Apidae_Meliponini,Trigona_silvestriana,Trigona,Magnoliopsida_spc,Magnoliopsida spc,Magnoliopsida spc,0.128832423,1,13,129,1288
UD22_1328,6/4/2023,PA57,Understory,0,1,Apidae_Meliponini,Trigona_cilipes,Trigona,Magnoliopsida_spc,Magnoliopsida spc,Magnoliopsida spc,0.12642731,1,13,126,1264
UD22_1548,25/10/2023,PA58,Understory,0,1,Apidae_Meliponini,Scaptotrigona_luteipennis,Scaptotrigona,Magnoliopsida_spc,Magnoliopsida spc,Magnoliopsida spc,0.142632939,1,14,143,1426
UD22_0208,5/4/2022,PR22,Understory,11,1,Apidae_Meliponini,Trigonisca_atomaria,Trigonisca,Magnoliopsida_spc,Magnoliopsida spc,Magnoliopsida spc,0.224156692,2,22,224,2242
UD22_0035,10/4/2022,PR26,Canopy,27,1,Apidae_Meliponini,Trigonisca_cf_buyssoni,Trigonisca,Magnoliopsida_spc,Magnoliopsida spc,Magnoliopsida spc,0.985183547,10,99,985,9852
UD22_0716,21/10/2022,PR27,Understory,26,1,Apidae_Meliponini,Partamona_nr_peckolti,Partamona,Magnoliopsida_spc,Magnoliopsida spc,Magnoliopsida spc,0.282186442,3,28,282,2822
BAU_0277,23/04/2023,PR31,Understory,15,4,Apidae_Meliponini,Trigona_silvestriana,Trigona,Magnoliopsida_spc,Magnoliopsida spc,Magnoliopsida spc,0.229505886,2,23,230,2295
BAU_0299,18/03/2023,CA64,Understory,0,12,Apidae_Meliponini,Trigona_ferricauda,Trigona,Malpighiaceae_spc,Malpighiaceae,Malpighiaceae spc,0.242933739,2,24,243,2429
UD22_1569,11/10/2023,PR32,Understory,15,4,Apidae_Meliponini,Trigona_muzoensis,Trigona,Malpighiaceae_spc,Malpighiaceae,Malpighiaceae spc,0.218563272,2,22,219,2186
UD22_1281,7/5/2023,OG49,Canopy,NA,10,Apidae_Meliponini,Trigona_nigerrima,Trigona,Malpighiales_spc,Malpighiales spc,Malpighiales spc,0.358774663,4,36,359,3588
UD22_1286,7/5/2023,OG49,Understory,NA,9,Apidae_Meliponini,Trigona_nigerrima,Trigona,Malpighiales_spc,Malpighiales spc,Malpighiales spc,0.25619469,3,26,256,2562
UD22_0746,29/10/2022,CR14,Canopy,37,8,Apidae_Meliponini,Trigonisca_atomaria,Trigonisca,Manekia_naranjoana,Piperaceae,Manekia,0.436342635,4,44,436,4363
UD22_0744,29/10/2022,CR14,Canopy,37,3,Apidae_Meliponini,Trigonisca_cf_buyssoni,Trigonisca,Manekia_naranjoana,Piperaceae,Manekia,0.897197726,9,90,897,8972
UD22_0745,29/10/2022,CR14,Canopy,37,6,Apidae_Meliponini,Trigonisca_cf_pediculana,Trigonisca,Manekia_naranjoana,Piperaceae,Manekia,0.626165852,6,63,626,6262
UD22_1616,6/11/2023,CA59,Understory,0,19,Apidae_Meliponini,Tetragona_perangulata,Tetragona,Manihot_esculenta,Euphorbiaceae,Manihot,0.33487699,3,33,335,3349
UD22_1613,12/11/2023,CR16,Understory,7,1,Apidae_Meliponini,Trigonisca_cf_pediculana,Trigonisca,Manihot_esculenta,Euphorbiaceae,Manihot,0.117581187,1,12,118,1176
BAU_0301,18/03/2023,CA64,Understory,0,1,Apidae_Meliponini,Trigona_nigerrima,Trigona,Marila_alternifolia,Calophyllaceae,Marila,0.137389788,1,14,137,1374
BAU_0241,12/3/2023,PR26,Understory,27,4,Apidae_Meliponini,Trigona_silvestriana,Trigona,Marila_alternifolia,Calophyllaceae,Marila,0.437772267,4,44,438,4378
BAU_0241,12/3/2023,PR26,Understory,27,4,Apidae_Meliponini,Trigona_silvestriana,Trigona,Marila_laxiflora,Calophyllaceae,Marila,0.140674218,1,14,141,1407
UD22_0951,14/03/2023,CR06,Understory,32,1,Apidae_Meliponini,Nannotrigona_tristella,Nannotrigona,Matayba_scrobiculata,Sapindaceae,Matayba,0.117455139,1,12,117,1175
BAU_0327,15/04/2023,CR11,Understory,22,8,Apidae_Meliponini,Scaptotrigona_postica_group_b,Scaptotrigona,Matayba_scrobiculata,Sapindaceae,Matayba,0.383818291,4,38,384,3838
BAU_0190,29/03/2023,CR13,Understory,1,1,Apidae_Meliponini,Scaptotrigona_postica_group_b,Scaptotrigona,Matayba_scrobiculata,Sapindaceae,Matayba,0.461717225,5,46,462,4617
BAU_0311,24/03/2023,PR19,Understory,5,9,Apidae_Meliponini,Trigona_ferricauda,Trigona,Melothria_pendula,Cucurbitaceae,Melothria,0.100738168,1,10,101,1007
BAU_0311,24/03/2023,PR19,Understory,5,9,Apidae_Meliponini,Trigona_ferricauda,Trigona,Melothria_scabra,Cucurbitaceae,Melothria,0.198762484,2,20,199,1988
UD22_1592,25/10/2023,CR18,Understory,9,12,Apidae_Meliponini,Trigona_silvestriana,Trigona,Meriania_subumbellata,Melastomataceae,Meriania,0.30878585,3,31,309,3088
UD22_0234,11/5/2022,CR02,Understory,7,4,Apidae_Meliponini,Trigonisca_atomaria,Trigonisca,Miconia_affinis,Melastomataceae,Miconia,0.843880998,8,84,844,8439
UD22_0233,11/5/2022,CR02,Understory,7,1,Apidae_Meliponini,Trigonisca_atomaria,Trigonisca,Miconia_affinis,Melastomataceae,Miconia,0.26737241,3,27,267,2674
UD22_0231,11/5/2022,CR02,Understory,7,4,Apidae_Meliponini,Trigonisca_cf_pediculana,Trigonisca,Miconia_affinis,Melastomataceae,Miconia,0.594423321,6,59,594,5944
UD22_0671,11/5/2022,CR02,Understory,7,1,Apidae_Meliponini,Trigonisca_cf_pediculana,Trigonisca,Miconia_affinis,Melastomataceae,Miconia,0.130707807,1,13,131,1307
UD22_1619,18/11/2023,OG37,Understory,NA,19,Apidae_Meliponini,Partamona_sp,Partamona,Miconia_affinis,Melastomataceae,Miconia,0.122144985,1,12,122,1221
UD22_1614,25/10/2023,PA58,Understory,0,1,Apidae_Meliponini,Trigona_cilipes,Trigona,Miconia_affinis,Melastomataceae,Miconia,0.150296427,2,15,150,1503
UD22_1572,20/04/2023,PR30,Understory,14,6,Apidae_Meliponini,Ptilotrigona_occidentalis,Ptilotrigona,Miconia_affinis,Melastomataceae,Miconia,0.108024224,1,11,108,1080
BAU_0308,11/5/2023,PR34,Understory,37,8,Apidae_Meliponini,Trigona_ferricauda,Trigona,Miconia_affinis,Melastomataceae,Miconia,0.283775997,3,28,284,2838
BAU_0287,3/6/2023,OG38,Understory,NA,13,Apidae_Meliponini,Scaptotrigona_luteipennis,Scaptotrigona,Miconia_conocentronioides,Melastomataceae,Miconia,0.498210098,5,50,498,4982
BAU_0195,15/04/2023,OG45,Understory,NA,1,Apidae_Meliponini,Scaptotrigona_(Gymnotrigona)_sp,Scaptotrigona,Miconia_conocentronioides,Melastomataceae,Miconia,0.810387065,8,81,810,8104
UD22_1709,17/11/2023,CR01,Understory,5,1,Apidae_Meliponini,Melipona_cf_fasciata,Melipona,Miconia_cooperi,Melastomataceae,Miconia,0.704237706,7,70,704,7042
UD22_1661,27/10/2023,OG48,Understory,NA,14,Apidae_Meliponini,Trigona_ferricauda,Trigona,Miconia_cooperi,Melastomataceae,Miconia,0.154305153,2,15,154,1543
UD22_1579,27/10/2023,OG48,Understory,NA,2,Apidae_Meliponini,Trigona_guianae,Trigona,Miconia_cooperi,Melastomataceae,Miconia,0.116859542,1,12,117,1169
UD22_1669,27/10/2023,OG48,Understory,NA,5,Apidae_Meliponini,Trigona_muzoensis,Trigona,Miconia_cooperi,Melastomataceae,Miconia,0.754076686,8,75,754,7541
UD22_1653,27/10/2023,OG50,Understory,NA,1,Apidae_Meliponini,Partamona_aequatoriana,Partamona,Miconia_cooperi,Melastomataceae,Miconia,0.891069206,9,89,891,8911
BAU_0215,13/04/2023,CR10,Understory,23,1,Apidae_Meliponini,Dolichotrigona_schulthessi,Dolichotrigona,Miconia_elata,Melastomataceae,Miconia,0.132278715,1,13,132,1323
UD22_1275,13/04/2023,OG46,Understory,NA,1,Apidae_Meliponini,Trigona_ferricauda,Trigona,Miconia_elata,Melastomataceae,Miconia,0.235712171,2,24,236,2357
BAU_0269,11/5/2023,CR14,Understory,37,1,Apidae_Meliponini,Ptilotrigona_occidentalis,Ptilotrigona,Miconia_laxivenula,Melastomataceae,Miconia,0.837800497,8,84,838,8378
UD22_1625,18/11/2023,OG37,Understory,NA,5,Apidae_Meliponini,Nogueirapis_mirandula,Nogueirapis,Miconia_laxivenula,Melastomataceae,Miconia,0.291724138,3,29,292,2917
UD22_1273,20/05/2023,OG42,Canopy,NA,1,Apidae_Meliponini,Nannotrigona_mellaria,Nannotrigona,Miconia_laxivenula,Melastomataceae,Miconia,0.227433628,2,23,227,2274
UD22_1275,13/04/2023,OG46,Understory,NA,1,Apidae_Meliponini,Trigona_ferricauda,Trigona,Miconia_laxivenula,Melastomataceae,Miconia,0.504885993,5,50,505,5049
UD22_1573,4/11/2023,CA60,Understory,0,10,Apidae_Meliponini,Partamona_nr_peckolti,Partamona,Miconia_multiplicata,Melastomataceae,Miconia,0.220190779,2,22,220,2202
UD22_1593,4/11/2023,CA60,Understory,0,1,Apidae_Meliponini,Trigona_fuscipennis,Trigona,Miconia_multiplicata,Melastomataceae,Miconia,0.190332975,2,19,190,1903
UD22_1280,3/6/2023,OG38,Understory,NA,4,Apidae_Meliponini,Nogueirapis_mirandula,Nogueirapis,Miconia_multiplicata,Melastomataceae,Miconia,0.146520147,1,15,147,1465
UD22_1279,3/6/2023,OG38,Understory,NA,10,Apidae_Meliponini,Partamona_aequatoriana,Partamona,Miconia_multiplicata,Melastomataceae,Miconia,0.234592445,2,23,235,2346
UD22_0224,9/5/2022,PR30,Understory,14,1,Apidae_Meliponini,Trigonisca_atomaria,Trigonisca,Miconia_multiplicata,Melastomataceae,Miconia,0.169157393,2,17,169,1692
BAU_0317,31/03/2023,CR02,Understory,7,6,Apidae_Meliponini,Trigona_ferricauda,Trigona,Miconia_sp.1,Melastomataceae,Miconia,0.114484383,1,11,114,1145
UD22_1538,14/03/2023,CR06,Understory,32,1,Apidae_Meliponini,Trigona_guianae,Trigona,Miconia_sp.1,Melastomataceae,Miconia,0.107267267,1,11,107,1073
UD22_1542,3/6/2023,OG38,Understory,NA,1,Apidae_Meliponini,Partamona_aequatoriana,Partamona,Miconia_sp.1,Melastomataceae,Miconia,0.125978698,1,13,126,1260
UD22_1614,25/10/2023,PA58,Understory,0,1,Apidae_Meliponini,Trigona_cilipes,Trigona,Miconia_sp.1,Melastomataceae,Miconia,0.115766704,1,12,116,1158
BAU_0239,4/4/2023,PR22,Understory,11,6,Apidae_Meliponini,Trigona_ferricauda,Trigona,Miconia_sp.1,Melastomataceae,Miconia,0.146003263,1,15,146,1460
UD22_1315,10/4/2023,PR23,Understory,1,1,Apidae_Meliponini,Ptilotrigona_occidentalis,Ptilotrigona,Miconia_sp.1,Melastomataceae,Miconia,0.227428742,2,23,227,2274
UD22_1320,10/4/2023,PR23,Understory,1,2,Apidae_Meliponini,Trigona_ferricauda,Trigona,Miconia_sp.1,Melastomataceae,Miconia,0.122653744,1,12,123,1227
UD22_1319,10/4/2023,PR23,Understory,1,3,Apidae_Meliponini,Trigona_silvestriana,Trigona,Miconia_sp.1,Melastomataceae,Miconia,0.114676865,1,11,115,1147
UD22_0065,15/04/2022,PR24,Understory,20,1,Apidae_Meliponini,Partamona_aequatoriana,Partamona,Miconia_sp.1,Melastomataceae,Miconia,0.731468531,7,73,731,7315
BAU_0271,11/5/2023,CR14,Understory,37,1,Apidae_Meliponini,Scaptotrigona_luteipennis,Scaptotrigona,Miconia_sp.2,Melastomataceae,Miconia,0.902348507,9,90,902,9023
BAU_0270,11/5/2023,CR14,Understory,37,1,Apidae_Meliponini,Trigona_fuscipennis,Trigona,Miconia_sp.2,Melastomataceae,Miconia,0.407090265,4,41,407,4071
BAU_0244,12/3/2023,PR26,Understory,27,1,Apidae_Meliponini,Trigona_cilipes,Trigona,Mikania_cordifolia,Asteraceae,Mikania,0.253051537,3,25,253,2531
BAU_0230,6/4/2023,CA62,Understory,0,2,Apidae_Meliponini,Partamona_nr_peckolti,Partamona,Mikania_laevigata,Asteraceae,Mikania,0.10041478,1,10,100,1004
BAU_0238,4/4/2023,PR22,Understory,11,2,Apidae_Meliponini,Scaptotrigona_(Gymnotrigona)_sp,Scaptotrigona,Mikania_laevigata,Asteraceae,Mikania,0.395803988,4,40,396,3958
UD22_1321,10/4/2023,PR23,Understory,1,4,Apidae_Meliponini,Tetragonisca_angustula,Tetragonisca,Mikania_micrantha,Asteraceae,Mikania,0.569231772,6,57,569,5692
BAU_0245,12/3/2023,PR26,Understory,27,1,Apidae_Meliponini,Scaptotrigona_postica_group_b,Scaptotrigona,Mikania_micrantha,Asteraceae,Mikania,0.866010872,9,87,866,8660
BAU_0250,12/3/2023,PR26,Understory,27,1,Apidae_Meliponini,Scaptotrigona_postica_group_b,Scaptotrigona,Mikania_micrantha,Asteraceae,Mikania,0.766895048,8,77,767,7669
BAU_0244,12/3/2023,PR26,Understory,27,1,Apidae_Meliponini,Trigona_cilipes,Trigona,Mikania_micrantha,Asteraceae,Mikania,0.267574593,3,27,268,2676
BAU_0246,12/3/2023,PR26,Understory,27,4,Apidae_Meliponini,Trigona_ferricauda,Trigona,Mikania_micrantha,Asteraceae,Mikania,0.168094422,2,17,168,1681
BAU_0224,9/5/2023,PR36,Understory,8,1,Apidae_Meliponini,Scaptotrigona_postica_group_b,Scaptotrigona,Mikania_spc,Asteraceae,Mikania,0.406902591,4,41,407,4069
BAU_0225,9/5/2023,PR36,Understory,8,1,Apidae_Meliponini,Tetragonisca_buchwaldi,Tetragonisca,Mikania_spc,Asteraceae,Mikania,0.11748789,1,12,117,1175
UD22_1324,6/4/2023,PA57,Understory,0,1,Apidae_Meliponini,Tetragona_perangulata,Tetragona,Mikania_vitifolia,Asteraceae,Mikania,0.182620135,2,18,183,1826
BAU_0238,4/4/2023,PR22,Understory,11,2,Apidae_Meliponini,Scaptotrigona_(Gymnotrigona)_sp,Scaptotrigona,Mikania_vitifolia,Asteraceae,Mikania,0.304173771,3,30,304,3042
BAU_0240,4/4/2023,PR22,Understory,11,5,Apidae_Meliponini,Tetragona_ziegleri,Tetragona,Mikania_vitifolia,Asteraceae,Mikania,0.178716688,2,18,179,1787
BAU_0315,31/03/2023,CR02,Understory,7,1,Apidae_Meliponini,Ptilotrigona_occidentalis,Ptilotrigona,Monopyle_macrocarpa,Gesneriaceae,Monopyle,0.384930233,4,38,385,3849
BAU_0317,31/03/2023,CR02,Understory,7,6,Apidae_Meliponini,Trigona_ferricauda,Trigona,Monopyle_macrocarpa,Gesneriaceae,Monopyle,0.547913975,5,55,548,5479
BAU_0316,31/03/2023,CR02,Understory,7,3,Apidae_Meliponini,Trigona_fulviventris,Trigona,Monopyle_macrocarpa,Gesneriaceae,Monopyle,0.539334081,5,54,539,5393
BAU_0318,31/03/2023,CR02,Understory,7,3,Apidae_Meliponini,Trigona_guianae,Trigona,Monopyle_macrocarpa,Gesneriaceae,Monopyle,0.375346672,4,38,375,3753
UD22_1334,29/03/2023,CR13,Understory,1,6,Apidae_Meliponini,Trigona_ferricauda,Trigona,Monopyle_macrocarpa,Gesneriaceae,Monopyle,0.15569525,2,16,156,1557
UD22_1714,12/11/2023,CR16,Understory,7,1,Apidae_Meliponini,Trigona_ferricauda,Trigona,Monopyle_macrocarpa,Gesneriaceae,Monopyle,0.55973692,6,56,560,5597
BAU_0220,31/03/2023,PA55,Understory,0,1,Apidae_Meliponini,Trigona_fulviventris,Trigona,Monopyle_macrocarpa,Gesneriaceae,Monopyle,0.398852838,4,40,399,3989
UD22_1567,11/10/2023,PR32,Understory,15,1,Apidae_Meliponini,Trigona_fulviventris,Trigona,Monopyle_macrocarpa,Gesneriaceae,Monopyle,0.64792144,6,65,648,6479
UD22_1595,11/10/2023,PR32,Understory,15,1,Apidae_Meliponini,Trigona_guianae,Trigona,Monopyle_macrocarpa,Gesneriaceae,Monopyle,0.732708841,7,73,733,7327
BAU_0295,17/03/2023,CA63,Understory,0,1,Apidae_Meliponini,Trigona_corvina,Trigona,Moraceae_spc,Moraceae,Moraceae spc,0.13026591,1,13,130,1303
BAU_0319,31/03/2023,CR02,Understory,7,3,Apidae_Meliponini,Trigona_fuscipennis,Trigona,Moraceae_spc,Moraceae,Moraceae spc,0.191772829,2,19,192,1918
UD22_1627,4/11/2023,CR03,Understory,4,1,Apidae_Meliponini,Trigona_silvestriana,Trigona,Moraceae_spc,Moraceae,Moraceae spc,0.228485064,2,23,228,2285
UD22_1539,16/03/2023,OG39,Understory,NA,12,Apidae_Meliponini,Trigona_silvestriana,Trigona,Moraceae_spc,Moraceae,Moraceae spc,0.201813298,2,20,202,2018
UD22_0941,16/03/2023,OG39,Understory,NA,2,Apidae_Meliponini,Trigona_silvestriana,Trigona,Moraceae_spc,Moraceae,Moraceae spc,0.149642788,1,15,150,1496
BAU_0263,26/03/2023,OG41,Understory,NA,2,Apidae_Meliponini,Trigona_ferricauda,Trigona,Moraceae_spc,Moraceae,Moraceae spc,0.125154448,1,13,125,1252
BAU_0261,26/03/2023,OG41,Understory,NA,2,Apidae_Meliponini,Trigona_fuscipennis,Trigona,Moraceae_spc,Moraceae,Moraceae spc,0.175162549,2,18,175,1752
UD22_0245,7/5/2022,OG43,Understory,NA,5,Apidae_Meliponini,Trigonisca_atomaria,Trigonisca,Moraceae_spc,Moraceae,Moraceae spc,0.24833908,2,25,248,2483
UD22_1700,27/10/2023,OG48,Understory,NA,4,Apidae_Meliponini,Trigona_silvestriana,Trigona,Moraceae_spc,Moraceae,Moraceae spc,0.128194127,1,13,128,1282
UD22_1662,27/10/2023,OG48,Understory,NA,65,Apidae_Meliponini,Trigona_silvestriana,Trigona,Moraceae_spc,Moraceae,Moraceae spc,0.123474437,1,12,123,1235
UD22_0722,26/10/2022,OG49,Canopy,NA,2,Apidae_Meliponini,Trigonisca_atomaria,Trigonisca,Moraceae_spc,Moraceae,Moraceae spc,0.258314196,3,26,258,2583
UD22_1562,29/10/2023,OG51,Understory,NA,4,Apidae_Meliponini,Trigona_silvestriana,Trigona,Moraceae_spc,Moraceae,Moraceae spc,0.343214549,3,34,343,3432
UD22_1670,9/10/2023,PA53,Understory,0,2,Apidae_Meliponini,Trigona_fuscipennis,Trigona,Moraceae_spc,Moraceae,Moraceae spc,0.108825546,1,11,109,1088
UD22_1558,4/11/2023,PA56,Understory,0,1,Apidae_Meliponini,Trigona_fuscipennis,Trigona,Moraceae_spc,Moraceae,Moraceae spc,0.103269537,1,10,103,1033
BAU_0236,4/4/2023,PR22,Understory,11,12,Apidae_Meliponini,Trigona_silvestriana,Trigona,Moraceae_spc,Moraceae,Moraceae spc,0.142870789,1,14,143,1429
UD22_0229,7/5/2022,OG28,Canopy,NA,21,Apidae_Meliponini,Dolichotrigona_schulthessi,Dolichotrigona,Moraceae_spc,Moraceae,Moraceae spc,0.561173881,6,56,561,5612
UD22_1708,20/04/2023,PR29,Understory,5,1,Apidae_Meliponini,Trigona_fuscipennis,Trigona,Moraceae_spc,Moraceae,Moraceae spc,0.102384998,1,10,102,1024
UD22_0208,5/4/2022,PR22,Understory,11,1,Apidae_Meliponini,Trigonisca_atomaria,Trigonisca,Musa_acuminata,Musaceae,Musa,0.130214001,1,13,130,1302
UD22_1728,28/11/2023,OG43,Understory,NA,2,Apidae_Meliponini,Trigona_silvestriana,Trigona,Myrcia_aliena,Myrtaceae,Myrcia,0.306234179,3,31,306,3062
BAU_0201,29/03/2023,PR33,Understory,1,1,Apidae_Meliponini,Partamona_aequatoriana,Partamona,Myrcia_fallax,Myrtaceae,Myrcia,0.166000466,2,17,166,1660
BAU_0192,15/04/2023,OG45,Understory,NA,1,Apidae_Meliponini,Partamona_sp,Partamona,Myrcia_palustris,Myrtaceae,Myrcia,0.400335246,4,40,400,4003
BAU_0307,11/5/2023,PR34,Understory,37,1,Apidae_Meliponini,Partamona_aequatoriana,Partamona,Myrcia_splendens,Myrtaceae,Myrcia,0.486350273,5,49,486,4864
BAU_0305,19/03/2023,OG52,Understory,NA,1,Apidae_Meliponini,Dolichotrigona_schulthessi,Dolichotrigona,Myriocarpa_cordifolia,Urticaceae,Myriocarpa,0.268627252,3,27,269,2686
UD22_0081,4/4/2022,OG42,Understory,NA,1,Apidae_Meliponini,Partamona_aequatoriana,Partamona,Neea_CR11-16,Nyctaginaceae,Neea,0.126834488,1,13,127,1268
UD22_0081,4/4/2022,OG42,Understory,NA,1,Apidae_Meliponini,Partamona_aequatoriana,Partamona,Neea_parviflora,Nyctaginaceae,Neea,0.119955157,1,12,120,1200
UD22_1670,9/10/2023,PA53,Understory,0,2,Apidae_Meliponini,Trigona_fuscipennis,Trigona,Nepsera_aquatica,Melastomataceae,Nepsera,0.157606034,2,16,158,1576
UD22_1328,6/4/2023,PA57,Understory,0,1,Apidae_Meliponini,Trigona_cilipes,Trigona,Neurolaena_lobata,Asteraceae,Neurolaena,0.216127134,2,22,216,2161
UD22_1301,2/6/2023,CR04,Understory,20,2,Apidae_Meliponini,Nogueirapis_mirandula,Nogueirapis,Neustanthus_phaseoloides,Fabaceae,Neustanthus,0.438902642,4,44,439,4389
BAU_0324,4/4/2023,CR05,Understory,11,3,Apidae_Meliponini,Trigona_corvina,Trigona,Neustanthus_phaseoloides,Fabaceae,Neustanthus,0.102951309,1,10,103,1030
UD22_1322,10/4/2023,PR23,Understory,1,2,Apidae_Meliponini,Trigona_guianae,Trigona,Neustanthus_phaseoloides,Fabaceae,Neustanthus,0.537735184,5,54,538,5377
UD22_1547,29/10/2023,OG51,Understory,NA,1,Apidae_Meliponini,Trigona_nigerrima,Trigona,Norantea_guianensis,Marcgraviaceae,Norantea,0.106548086,1,11,107,1065
UD22_1571,7/11/2023,CA61,Understory,0,2,Apidae_Meliponini,Tetragona_perangulata,Tetragona,Ochroma_pyramidale,Malvaceae,Ochroma,0.143430816,1,14,143,1434
UD22_1544,7/11/2023,CA61,Understory,0,3,Apidae_Meliponini,Trigona_silvestriana,Trigona,Ochroma_pyramidale,Malvaceae,Ochroma,0.173035246,2,17,173,1730
BAU_0233,6/4/2023,CA62,Understory,0,4,Apidae_Meliponini,Tetragona_ziegleri,Tetragona,Ossaea_quadrisulca,Melastomataceae,Ossaea,0.280705383,3,28,281,2807
BAU_0286,3/6/2023,OG38,Understory,NA,30,Apidae_Meliponini,Trigona_nigerrima,Trigona,Palicourea_allenii,Rubiaceae,Palicourea,0.150980392,2,15,151,1510
BAU_0294,17/03/2023,CA63,Understory,0,1,Apidae_Meliponini,Trigona_guianae,Trigona,Palicourea_chignul,Rubiaceae,Palicourea,0.194638369,2,19,195,1946
UD22_0715,21/10/2022,CR08,Understory,26,1,Apidae_Meliponini,Trigona_silvestriana,Trigona,Palicourea_chignul,Rubiaceae,Palicourea,0.160955071,2,16,161,1610
UD22_1660,27/10/2023,OG50,Understory,NA,1,Apidae_Meliponini,Trigona_corvina,Trigona,Palicourea_chignul,Rubiaceae,Palicourea,0.237318704,2,24,237,2373
UD22_0716,21/10/2022,PR27,Understory,26,1,Apidae_Meliponini,Partamona_nr_peckolti,Partamona,Palicourea_chignul,Rubiaceae,Palicourea,0.217366302,2,22,217,2174
BAU_0208,13/04/2023,OG46,Understory,NA,2,Apidae_Meliponini,Partamona_aequatoriana,Partamona,Palicourea_timbiquensis,Rubiaceae,Palicourea,0.153306435,2,15,153,1533
UD22_0065,15/04/2022,PR24,Understory,20,1,Apidae_Meliponini,Partamona_aequatoriana,Partamona,Palicourea_timbiquensis,Rubiaceae,Palicourea,0.142657343,1,14,143,1427
UD22_1744,12/11/2023,CR17,Understory,8,1,Apidae_Meliponini,Trigona_silvestriana,Trigona,Parkia_multijuga,Fabaceae,Parkia,0.107537134,1,11,108,1075
UD22_1317,10/4/2023,PR23,Understory,1,1,Apidae_Meliponini,Tetragona_perangulata,Tetragona,Paspalum_conjugatum,Poaceae,Paspalum,0.230818385,2,23,231,2308
UD22_1640,6/11/2023,CA59,Understory,0,1,Apidae_Meliponini,Trigona_corvina,Trigona,Paspalum_dilatatum,Poaceae,Paspalum,0.285204195,3,29,285,2852
UD22_1577,4/11/2023,CA60,Understory,0,2,Apidae_Meliponini,Partamona_aequatoriana,Partamona,Paspalum_juergensii,Poaceae,Paspalum,0.262710779,3,26,263,2627
UD22_1640,6/11/2023,CA59,Understory,0,1,Apidae_Meliponini,Trigona_corvina,Trigona,Passovia_pyrifolia,Loranthaceae,Passovia,0.136130328,1,14,136,1361
BAU_0295,17/03/2023,CA63,Understory,0,1,Apidae_Meliponini,Trigona_corvina,Trigona,Passovia_pyrifolia,Loranthaceae,Passovia,0.406558112,4,41,407,4066
UD22_1301,2/6/2023,CR04,Understory,20,2,Apidae_Meliponini,Nogueirapis_mirandula,Nogueirapis,Passovia_pyrifolia,Loranthaceae,Passovia,0.223611055,2,22,224,2236
BAU_0324,4/4/2023,CR05,Understory,11,3,Apidae_Meliponini,Trigona_corvina,Trigona,Passovia_pyrifolia,Loranthaceae,Passovia,0.165480018,2,17,165,1655
BAU_0253,20/04/2023,CR09,Understory,5,7,Apidae_Meliponini,Trigona_guianae,Trigona,Passovia_pyrifolia,Loranthaceae,Passovia,0.318486024,3,32,318,3185
BAU_0261,26/03/2023,OG41,Understory,NA,2,Apidae_Meliponini,Trigona_fuscipennis,Trigona,Passovia_pyrifolia,Loranthaceae,Passovia,0.165864759,2,17,166,1659
UD22_1289,5/5/2023,OG52,Canopy,NA,1,Apidae_Meliponini,Tetragonisca_buchwaldi,Tetragonisca,Passovia_pyrifolia,Loranthaceae,Passovia,0.489662158,5,49,490,4897
BAU_0274,26/03/2023,PA54,Understory,0,6,Apidae_Meliponini,Trigona_silvestriana,Trigona,Passovia_pyrifolia,Loranthaceae,Passovia,0.103911931,1,10,104,1039
UD22_1558,4/11/2023,PA56,Understory,0,1,Apidae_Meliponini,Trigona_fuscipennis,Trigona,Passovia_pyrifolia,Loranthaceae,Passovia,0.186071239,2,19,186,1861
UD22_1328,6/4/2023,PA57,Understory,0,1,Apidae_Meliponini,Trigona_cilipes,Trigona,Passovia_pyrifolia,Loranthaceae,Passovia,0.110653325,1,11,111,1107
UD22_1563,25/10/2023,PA58,Understory,0,1,Apidae_Meliponini,Trigona_silvestriana,Trigona,Passovia_pyrifolia,Loranthaceae,Passovia,0.112184954,1,11,112,1122
UD22_1321,10/4/2023,PR23,Understory,1,4,Apidae_Meliponini,Tetragonisca_angustula,Tetragonisca,Passovia_pyrifolia,Loranthaceae,Passovia,0.124454291,1,12,124,1245
UD22_1716,7/10/2023,PR24,Understory,20,1,Apidae_Meliponini,Trigona_ferricauda,Trigona,Passovia_pyrifolia,Loranthaceae,Passovia,0.118446345,1,12,118,1184
UD22_1679,7/10/2023,PR24,Understory,20,1,Apidae_Meliponini,Trigona_fulviventris,Trigona,Passovia_pyrifolia,Loranthaceae,Passovia,0.178407149,2,18,178,1784
BAU_0244,12/3/2023,PR26,Understory,27,1,Apidae_Meliponini,Trigona_cilipes,Trigona,Passovia_pyrifolia,Loranthaceae,Passovia,0.150372966,2,15,150,1504
UD22_1708,20/04/2023,PR29,Understory,5,1,Apidae_Meliponini,Trigona_fuscipennis,Trigona,Passovia_pyrifolia,Loranthaceae,Passovia,0.431816752,4,43,432,4318
UD22_1642,6/11/2023,CA59,Understory,0,1,Apidae_Meliponini,Nannotrigona_tristella,Nannotrigona,Paullinia_clathrata,Sapindaceae,Paullinia,0.125684225,1,13,126,1257
UD22_1545,7/11/2023,CA61,Understory,0,2,Apidae_Meliponini,Trigona_corvina,Trigona,Paullinia_clathrata,Sapindaceae,Paullinia,0.760833134,8,76,761,7608
UD22_1709,17/11/2023,CR01,Understory,5,1,Apidae_Meliponini,Melipona_cf_fasciata,Melipona,Paullinia_clathrata,Sapindaceae,Paullinia,0.17795077,2,18,178,1780
UD22_1711,17/11/2023,CR01,Understory,5,1,Apidae_Meliponini,Ptilotrigona_occidentalis,Ptilotrigona,Paullinia_clathrata,Sapindaceae,Paullinia,0.328204129,3,33,328,3282
UD22_1627,4/11/2023,CR03,Understory,4,1,Apidae_Meliponini,Trigona_silvestriana,Trigona,Paullinia_clathrata,Sapindaceae,Paullinia,0.13086771,1,13,131,1309
UD22_1303,2/6/2023,CR04,Understory,20,1,Apidae_Meliponini,Nogueirapis_mirandula,Nogueirapis,Paullinia_clathrata,Sapindaceae,Paullinia,0.21934742,2,22,219,2193
UD22_0045,15/04/2022,CR06,Understory,32,1,Apidae_Meliponini,Partamona_nr_peckolti,Partamona,Paullinia_clathrata,Sapindaceae,Paullinia,0.11800685,1,12,118,1180
UD22_1537,14/03/2023,CR06,Understory,32,1,Apidae_Meliponini,Tetragona_perangulata,Tetragona,Paullinia_clathrata,Sapindaceae,Paullinia,0.857519108,9,86,858,8575
UD22_1538,14/03/2023,CR06,Understory,32,1,Apidae_Meliponini,Trigona_guianae,Trigona,Paullinia_clathrata,Sapindaceae,Paullinia,0.238498498,2,24,238,2385
UD22_1745,25/11/2023,CR07,Understory,22,2,Apidae_Meliponini,Trigona_silvestriana,Trigona,Paullinia_clathrata,Sapindaceae,Paullinia,0.232677288,2,23,233,2327
UD22_1742,25/11/2023,CR08,Understory,26,1,Apidae_Meliponini,Trigona_guianae,Trigona,Paullinia_clathrata,Sapindaceae,Paullinia,0.152657974,2,15,153,1527
UD22_1724,11/10/2023,CR12,Understory,14,1,Apidae_Meliponini,Trigona_fuscipennis,Trigona,Paullinia_clathrata,Sapindaceae,Paullinia,0.113079874,1,11,113,1131
UD22_1672,11/10/2023,CR12,Understory,14,1,Apidae_Meliponini,Trigona_silvestriana,Trigona,Paullinia_clathrata,Sapindaceae,Paullinia,0.419439704,4,42,419,4194
UD22_1704,12/11/2023,CR16,Understory,7,3,Apidae_Meliponini,Trigona_silvestriana,Trigona,Paullinia_clathrata,Sapindaceae,Paullinia,0.161470138,2,16,161,1615
UD22_1717,12/11/2023,CR17,Understory,8,1,Apidae_Meliponini,Trigona_nigerrima,Trigona,Paullinia_clathrata,Sapindaceae,Paullinia,0.106294416,1,11,106,1063
UD22_1625,18/11/2023,OG37,Understory,NA,5,Apidae_Meliponini,Nogueirapis_mirandula,Nogueirapis,Paullinia_clathrata,Sapindaceae,Paullinia,0.193793103,2,19,194,1938
UD22_1280,3/6/2023,OG38,Understory,NA,4,Apidae_Meliponini,Nogueirapis_mirandula,Nogueirapis,Paullinia_clathrata,Sapindaceae,Paullinia,0.462870463,5,46,463,4629
UD22_1295,23/05/2023,OG39,Canopy,NA,4,Apidae_Meliponini,Trigonisca_cf_pediculana,Trigonisca,Paullinia_clathrata,Sapindaceae,Paullinia,0.362045985,4,36,362,3620
UD22_1565,14/10/2023,OG40,Understory,NA,2,Apidae_Meliponini,Trigona_silvestriana,Trigona,Paullinia_clathrata,Sapindaceae,Paullinia,0.440108669,4,44,440,4401
UD22_1291,21/05/2023,OG41,Canopy,NA,14,Apidae_Meliponini,Trigonisca_cf_buyssoni,Trigonisca,Paullinia_clathrata,Sapindaceae,Paullinia,0.129073383,1,13,129,1291
UD22_0081,4/4/2022,OG42,Understory,NA,1,Apidae_Meliponini,Partamona_aequatoriana,Partamona,Paullinia_clathrata,Sapindaceae,Paullinia,0.225132491,2,23,225,2251
UD22_1725,28/11/2023,OG43,Understory,NA,1,Apidae_Meliponini,Oxytrigona_obscura,Oxytrigona,Paullinia_clathrata,Sapindaceae,Paullinia,0.483723546,5,48,484,4837
UD22_1682,18/10/2023,OG44,Understory,NA,1,Apidae_Meliponini,Trigona_fuscipennis,Trigona,Paullinia_clathrata,Sapindaceae,Paullinia,0.506324162,5,51,506,5063
UD22_1688,17/10/2023,OG47,Understory,NA,9,Apidae_Meliponini,Nogueirapis_mirandula,Nogueirapis,Paullinia_clathrata,Sapindaceae,Paullinia,0.241718827,2,24,242,2417
UD22_1681,17/10/2023,OG47,Understory,NA,2,Apidae_Meliponini,Trigona_guianae,Trigona,Paullinia_clathrata,Sapindaceae,Paullinia,0.281905535,3,28,282,2819
UD22_1741,17/10/2023,OG47,Understory,NA,1,Apidae_Meliponini,Trigona_guianae,Trigona,Paullinia_clathrata,Sapindaceae,Paullinia,0.127863046,1,13,128,1279
UD22_1687,17/10/2023,OG47,Understory,NA,1,Apidae_Meliponini,Trigona_nigerrima,Trigona,Paullinia_clathrata,Sapindaceae,Paullinia,0.254673646,3,25,255,2547
UD22_1671,17/10/2023,OG47,Understory,NA,7,Apidae_Meliponini,Trigona_silvestriana,Trigona,Paullinia_clathrata,Sapindaceae,Paullinia,0.358464646,4,36,358,3585
UD22_1701,27/10/2023,OG48,Understory,NA,4,Apidae_Meliponini,Trigona_fulviventris,Trigona,Paullinia_clathrata,Sapindaceae,Paullinia,0.413410516,4,41,413,4134
UD22_1700,27/10/2023,OG48,Understory,NA,4,Apidae_Meliponini,Trigona_silvestriana,Trigona,Paullinia_clathrata,Sapindaceae,Paullinia,0.247282609,2,25,247,2473
UD22_1290,7/5/2023,OG49,Understory,NA,2,Apidae_Meliponini,Partamona_nr_peckolti,Partamona,Paullinia_clathrata,Sapindaceae,Paullinia,0.156192766,2,16,156,1562
UD22_1696,27/10/2023,OG50,Understory,NA,6,Apidae_Meliponini,Nogueirapis_mirandula,Nogueirapis,Paullinia_clathrata,Sapindaceae,Paullinia,0.211701103,2,21,212,2117
UD22_1697,27/10/2023,OG50,Understory,NA,3,Apidae_Meliponini,Partamona_nr_peckolti,Partamona,Paullinia_clathrata,Sapindaceae,Paullinia,0.192091287,2,19,192,1921
UD22_1698,27/10/2023,OG50,Understory,NA,2,Apidae_Meliponini,Ptilotrigona_occidentalis,Ptilotrigona,Paullinia_clathrata,Sapindaceae,Paullinia,0.116255534,1,12,116,1163
UD22_1289,5/5/2023,OG52,Canopy,NA,1,Apidae_Meliponini,Tetragonisca_buchwaldi,Tetragonisca,Paullinia_clathrata,Sapindaceae,Paullinia,0.144193529,1,14,144,1442
UD22_1288,5/5/2023,OG52,Canopy,NA,2,Apidae_Meliponini,Trigonisca_atomaria,Trigonisca,Paullinia_clathrata,Sapindaceae,Paullinia,0.322379404,3,32,322,3224
UD22_1721,9/10/2023,PA53,Understory,0,3,Apidae_Meliponini,Scaptotrigona_luteipennis,Scaptotrigona,Paullinia_clathrata,Sapindaceae,Paullinia,0.548982668,5,55,549,5490
UD22_1707,9/10/2023,PA53,Understory,0,4,Apidae_Meliponini,Tetragona_perangulata,Tetragona,Paullinia_clathrata,Sapindaceae,Paullinia,0.160318866,2,16,160,1603
UD22_1680,9/10/2023,PA53,Understory,0,1,Apidae_Meliponini,Trigonisca_atomaria,Trigonisca,Paullinia_clathrata,Sapindaceae,Paullinia,0.171182908,2,17,171,1712
UD22_1552,25/10/2023,PA58,Understory,0,9,Apidae_Meliponini,Trigona_cilipes,Trigona,Paullinia_clathrata,Sapindaceae,Paullinia,0.194540361,2,19,195,1945
UD22_1622,17/11/2023,PR20,Understory,3,1,Apidae_Meliponini,Tetragonisca_angustula,Tetragonisca,Paullinia_clathrata,Sapindaceae,Paullinia,0.29206739,3,29,292,2921
UD22_1702,7/10/2023,PR24,Understory,20,2,Apidae_Meliponini,Partamona_aequatoriana,Partamona,Paullinia_clathrata,Sapindaceae,Paullinia,0.298808173,3,30,299,2988
UD22_1693,7/10/2023,PR24,Understory,20,3,Apidae_Meliponini,Tetragona_perangulata,Tetragona,Paullinia_clathrata,Sapindaceae,Paullinia,0.273861015,3,27,274,2739
UD22_1606,17/11/2023,PR25,Understory,5,1,Apidae_Meliponini,Nannotrigona_tristella,Nannotrigona,Paullinia_clathrata,Sapindaceae,Paullinia,0.119945011,1,12,120,1199
UD22_1630,17/11/2023,PR25,Understory,5,3,Apidae_Meliponini,Tetragonisca_angustula,Tetragonisca,Paullinia_clathrata,Sapindaceae,Paullinia,0.153875969,2,15,154,1539
UD22_1626,17/11/2023,PR25,Understory,5,1,Apidae_Meliponini,Trigona_silvestriana,Trigona,Paullinia_clathrata,Sapindaceae,Paullinia,0.186156453,2,19,186,1862
BAU_0247,12/3/2023,PR26,Understory,27,1,Apidae_Meliponini,Partamona_nr_peckolti,Partamona,Paullinia_clathrata,Sapindaceae,Paullinia,0.118345907,1,12,118,1183
UD22_1743,28/11/2023,OG28,Understory,NA,1,Apidae_Meliponini,Oxytrigona_obscura,Oxytrigona,Paullinia_clathrata,Sapindaceae,Paullinia,0.697134075,7,70,697,6971
UD22_1708,20/04/2023,PR29,Understory,5,1,Apidae_Meliponini,Trigona_fuscipennis,Trigona,Paullinia_clathrata,Sapindaceae,Paullinia,0.167579133,2,17,168,1676
UD22_1564,20/04/2023,PR29,Understory,5,1,Apidae_Meliponini,Trigona_silvestriana,Trigona,Paullinia_clathrata,Sapindaceae,Paullinia,0.118697782,1,12,119,1187
UD22_1710,20/04/2023,PR30,Understory,14,2,Apidae_Meliponini,Trigona_guianae,Trigona,Paullinia_clathrata,Sapindaceae,Paullinia,0.576008202,6,58,576,5760
UD22_1567,11/10/2023,PR32,Understory,15,1,Apidae_Meliponini,Trigona_fulviventris,Trigona,Paullinia_clathrata,Sapindaceae,Paullinia,0.294337152,3,29,294,2943
UD22_1569,11/10/2023,PR32,Understory,15,4,Apidae_Meliponini,Trigona_muzoensis,Trigona,Paullinia_clathrata,Sapindaceae,Paullinia,0.158146329,2,16,158,1581
BAU_0223,9/5/2023,PR36,Understory,8,26,Apidae_Meliponini,Partamona_aequatoriana,Partamona,Paullinia_clathrata,Sapindaceae,Paullinia,0.115052829,1,12,115,1151
UD22_0941,16/03/2023,OG39,Understory,NA,2,Apidae_Meliponini,Trigona_silvestriana,Trigona,Pentagonia_macrophylla,Rubiaceae,Pentagonia,0.126665379,1,13,127,1267
UD22_1295,23/05/2023,OG39,Canopy,NA,4,Apidae_Meliponini,Trigonisca_cf_pediculana,Trigonisca,Peperomia_spc,Piperaceae,Peperomia,0.106797734,1,11,107,1068
UD22_1658,27/10/2023,OG50,Understory,NA,4,Apidae_Meliponini,Trigona_fulviventris,Trigona,Perebea_spc,Moraceae,Perebea,0.111100685,1,11,111,1111
BAU_0218,29/03/2023,PR33,Understory,1,1,Apidae_Meliponini,Tetragonisca_angustula,Tetragonisca,Phyllanthus_spc,Phyllanthaceae,Phyllanthus,0.203605514,2,20,204,2036
BAU_0218,29/03/2023,PR33,Understory,1,1,Apidae_Meliponini,Tetragonisca_angustula,Tetragonisca,Phyllanthus_stipulatus,Phyllanthaceae,Phyllanthus,0.404332677,4,40,404,4043
BAU_0321,4/4/2023,CR05,Understory,11,1,Apidae_Meliponini,Ptilotrigona_occidentalis,Ptilotrigona,Piper_appendiculatum,Piperaceae,Piper,0.290657799,3,29,291,2907
UD22_1698,27/10/2023,OG50,Understory,NA,2,Apidae_Meliponini,Ptilotrigona_occidentalis,Ptilotrigona,Piper_appendiculatum,Piperaceae,Piper,0.150790639,2,15,151,1508
UD22_1575,11/10/2023,PR32,Understory,15,1,Apidae_Meliponini,Ptilotrigona_occidentalis,Ptilotrigona,Piper_appendiculatum,Piperaceae,Piper,0.250386258,3,25,250,2504
BAU_0317,31/03/2023,CR02,Understory,7,6,Apidae_Meliponini,Trigona_ferricauda,Trigona,Piper_arcteacuminatum,Piperaceae,Piper,0.108442891,1,11,108,1084
UD22_1334,29/03/2023,CR13,Understory,1,6,Apidae_Meliponini,Trigona_ferricauda,Trigona,Piper_brachypodon,Piperaceae,Piper,0.202797822,2,20,203,2028
UD22_1306,24/03/2023,OG42,Understory,NA,1,Apidae_Meliponini,Tetragona_perangulata,Tetragona,Piper_brachypodon,Piperaceae,Piper,0.193745797,2,19,194,1937
UD22_0943,16/03/2023,OG39,Understory,NA,2,Apidae_Meliponini,Trigona_ferricauda,Trigona,Piper_cavendishioides,Piperaceae,Piper,0.506551024,5,51,507,5066
UD22_1273,20/05/2023,OG42,Canopy,NA,1,Apidae_Meliponini,Nannotrigona_mellaria,Nannotrigona,Piper_cavendishioides,Piperaceae,Piper,0.255309735,3,26,255,2553
UD22_1536,12/3/2023,PR26,Understory,27,2,Apidae_Meliponini,Trigona_fulviventris,Trigona,Piper_cavendishioides,Piperaceae,Piper,0.347574768,3,35,348,3476
UD22_1575,11/10/2023,PR32,Understory,15,1,Apidae_Meliponini,Ptilotrigona_occidentalis,Ptilotrigona,Piper_flagellicuspe,Piperaceae,Piper,0.102426611,1,10,102,1024
UD22_1332,29/03/2023,CR13,Understory,1,5,Apidae_Meliponini,Tetragona_ziegleri,Tetragona,Piper_grande,Piperaceae,Piper,0.188426336,2,19,188,1884
UD22_1313,10/4/2023,PR23,Understory,1,2,Apidae_Meliponini,Trigona_nigerrima,Trigona,Piper_grande,Piperaceae,Piper,0.270544532,3,27,271,2705
BAU_0321,4/4/2023,CR05,Understory,11,1,Apidae_Meliponini,Ptilotrigona_occidentalis,Ptilotrigona,Piper_hispidum,Piperaceae,Piper,0.103294191,1,10,103,1033
BAU_0323,4/4/2023,CR05,Understory,11,1,Apidae_Meliponini,Tetragona_ziegleri,Tetragona,Piper_hispidum,Piperaceae,Piper,0.306928631,3,31,307,3069
BAU_0211,13/04/2023,CR10,Understory,23,2,Apidae_Meliponini,Ptilotrigona_occidentalis,Ptilotrigona,Piper_hispidum,Piperaceae,Piper,0.529983398,5,53,530,5300
BAU_0217,13/04/2023,CR10,Understory,23,1,Apidae_Meliponini,Tetragona_ziegleri,Tetragona,Piper_hispidum,Piperaceae,Piper,0.241317898,2,24,241,2413
UD22_1698,27/10/2023,OG50,Understory,NA,2,Apidae_Meliponini,Ptilotrigona_occidentalis,Ptilotrigona,Piper_hispidum,Piperaceae,Piper,0.30683112,3,31,307,3068
UD22_1323,6/4/2023,PA57,Understory,0,3,Apidae_Meliponini,Partamona_aequatoriana,Partamona,Piper_hispidum,Piperaceae,Piper,0.552126707,6,55,552,5521
UD22_1586,20/04/2023,PR29,Understory,5,3,Apidae_Meliponini,Trigona_fulviventris,Trigona,Piper_hispidum,Piperaceae,Piper,0.114042424,1,11,114,1140
UD22_1651,20/04/2023,PR30,Understory,14,1,Apidae_Meliponini,Partamona_nr_peckolti,Partamona,Piper_hispidum,Piperaceae,Piper,0.122136258,1,12,122,1221
UD22_1572,20/04/2023,PR30,Understory,14,6,Apidae_Meliponini,Ptilotrigona_occidentalis,Ptilotrigona,Piper_hispidum,Piperaceae,Piper,0.126343679,1,13,126,1263
UD22_1727,25/11/2023,CR08,Understory,26,1,Apidae_Meliponini,Tetragona_ziegleri,Tetragona,Piper_longifolium,Piperaceae,Piper,0.949189504,9,95,949,9492
UD22_1720,25/11/2023,CR08,Understory,26,1,Apidae_Meliponini,Trigona_ferricauda,Trigona,Piper_longifolium,Piperaceae,Piper,0.553700088,6,55,554,5537
UD22_1740,25/11/2023,CR08,Understory,26,5,Apidae_Meliponini,Trigona_muzoensis,Trigona,Piper_longifolium,Piperaceae,Piper,0.746774375,7,75,747,7468
UD22_1712,11/10/2023,CR12,Understory,14,1,Apidae_Meliponini,Trigona_fulviventris,Trigona,Piper_longifolium,Piperaceae,Piper,0.45369694,5,45,454,4537
UD22_1586,20/04/2023,PR29,Understory,5,3,Apidae_Meliponini,Trigona_fulviventris,Trigona,Piper_longifolium,Piperaceae,Piper,0.388808637,4,39,389,3888
UD22_1564,20/04/2023,PR29,Understory,5,1,Apidae_Meliponini,Trigona_silvestriana,Trigona,Piper_longifolium,Piperaceae,Piper,0.246806876,2,25,247,2468
UD22_0671,11/5/2022,CR02,Understory,7,1,Apidae_Meliponini,Trigonisca_cf_pediculana,Trigonisca,Piper_multiplinervium,Piperaceae,Piper,0.572525002,6,57,573,5725
BAU_0323,4/4/2023,CR05,Understory,11,1,Apidae_Meliponini,Tetragona_ziegleri,Tetragona,Piper_multiplinervium,Piperaceae,Piper,0.142599278,1,14,143,1426
BAU_0216,13/04/2023,CR10,Understory,23,1,Apidae_Meliponini,Tetragona_perangulata,Tetragona,Piper_multiplinervium,Piperaceae,Piper,0.180902484,2,18,181,1809
BAU_0221,13/04/2023,CR10,Understory,23,1,Apidae_Meliponini,Trigona_ferricauda,Trigona,Piper_multiplinervium,Piperaceae,Piper,0.165941072,2,17,166,1659
BAU_0259,26/03/2023,OG41,Understory,NA,10,Apidae_Meliponini,Trigona_silvestriana,Trigona,Piper_multiplinervium,Piperaceae,Piper,0.159193955,2,16,159,1592
UD22_1308,24/03/2023,OG42,Understory,NA,4,Apidae_Meliponini,Melipona_(Michmelia)_solani,Melipona,Piper_multiplinervium,Piperaceae,Piper,0.245392206,2,25,245,2454
BAU_0219,31/03/2023,PA55,Understory,0,18,Apidae_Meliponini,Tetragona_perangulata,Tetragona,Piper_multiplinervium,Piperaceae,Piper,0.104865753,1,10,105,1049
BAU_0240,4/4/2023,PR22,Understory,11,5,Apidae_Meliponini,Tetragona_ziegleri,Tetragona,Piper_multiplinervium,Piperaceae,Piper,0.257330177,3,26,257,2573
UD22_1693,7/10/2023,PR24,Understory,20,3,Apidae_Meliponini,Tetragona_perangulata,Tetragona,Piper_multiplinervium,Piperaceae,Piper,0.257352941,3,26,257,2574
UD22_0224,9/5/2022,PR30,Understory,14,1,Apidae_Meliponini,Trigonisca_atomaria,Trigonisca,Piper_ottoniifolium,Piperaceae,Piper,0.177742448,2,18,178,1777
UD22_1644,29/10/2023,OG51,Understory,NA,3,Apidae_Meliponini,Trigona_ferricauda,Trigona,Piper_oxystachyum,Piperaceae,Piper,0.28101134,3,28,281,2810
UD22_1575,11/10/2023,PR32,Understory,15,1,Apidae_Meliponini,Ptilotrigona_occidentalis,Ptilotrigona,Piper_oxystachyum,Piperaceae,Piper,0.189493774,2,19,189,1895
UD22_1551,25/10/2023,PA58,Understory,0,4,Apidae_Meliponini,Tetragona_ziegleri,Tetragona,Piper_peltatum,Piperaceae,Piper,0.781131778,8,78,781,7811
UD22_0673,14/10/2022,PA53,Understory,0,1,Apidae_Meliponini,Trigonisca_atomaria,Trigonisca,Piper_pequeina,Piperaceae,Piper,0.471449011,5,47,471,4714
BAU_0240,4/4/2023,PR22,Understory,11,5,Apidae_Meliponini,Tetragona_ziegleri,Tetragona,Piper_pequeina,Piperaceae,Piper,0.291507315,3,29,292,2915
UD22_1735,25/11/2023,PR27,Understory,26,1,Apidae_Meliponini,Ptilotrigona_occidentalis,Ptilotrigona,Piper_pequeina,Piperaceae,Piper,0.194219154,2,19,194,1942
UD22_1586,20/04/2023,PR29,Understory,5,3,Apidae_Meliponini,Trigona_fulviventris,Trigona,Piper_spc,Piperaceae,Piper,0.197597506,2,20,198,1976
BAU_0222,9/5/2023,PR36,Understory,8,1,Apidae_Meliponini,Trigona_fuscipennis,Trigona,Piper_spc,Piperaceae,Piper,0.20471923,2,20,205,2047
UD22_1332,29/03/2023,CR13,Understory,1,5,Apidae_Meliponini,Tetragona_ziegleri,Tetragona,Piper_umbellatum,Piperaceae,Piper,0.171538234,2,17,172,1715
UD22_1599,4/11/2023,CR03,Understory,4,2,Apidae_Meliponini,Trigona_ferricauda,Trigona,Piper_xanthostachyum,Piperaceae,Piper,0.415395088,4,42,415,4154
UD22_1546,4/11/2023,CR03,Understory,4,1,Apidae_Meliponini,Trigona_fulviventris,Trigona,Piper_xanthostachyum,Piperaceae,Piper,0.107091433,1,11,107,1071
UD22_0954,14/03/2023,CR06,Understory,32,1,Apidae_Meliponini,Tetragona_perangulata,Tetragona,Piper_xanthostachyum,Piperaceae,Piper,0.487562189,5,49,488,4876
BAU_0216,13/04/2023,CR10,Understory,23,1,Apidae_Meliponini,Tetragona_perangulata,Tetragona,Piper_xanthostachyum,Piperaceae,Piper,0.221970593,2,22,222,2220
UD22_1644,29/10/2023,OG51,Understory,NA,3,Apidae_Meliponini,Trigona_ferricauda,Trigona,Piper_xanthostachyum,Piperaceae,Piper,0.119301088,1,12,119,1193
BAU_0209,13/04/2023,OG46,Understory,NA,20,Apidae_Meliponini,Trigona_silvestriana,Trigona,Pleurothyrium_sp.1,Lauraceae,Pleurothyrium,0.108330681,1,11,108,1083
UD22_1309,24/03/2023,OG42,Understory,NA,1,Apidae_Meliponini,Trigona_muzoensis,Trigona,Poaceae_spc,Poaceae,Poaceae spc,0.158347563,2,16,158,1583
BAU_0262,26/03/2023,OG41,Understory,NA,2,Apidae_Meliponini,Tetragona_ziegleri,Tetragona,Podandrogyne_macrophylla,Cleomaceae,Podandrogyne,0.520313392,5,52,520,5203
UD22_1552,25/10/2023,PA58,Understory,0,9,Apidae_Meliponini,Trigona_cilipes,Trigona,Poulsenia_armata,Moraceae,Poulsenia,0.108150368,1,11,108,1082
UD22_0819,14/11/2022,OG37,Canopy,NA,1,Apidae_Meliponini,Trigonisca_atomaria,Trigonisca,Pourouma_minor,Urticaceae,Pourouma,0.280953457,3,28,281,2810
UD22_1295,23/05/2023,OG39,Canopy,NA,4,Apidae_Meliponini,Trigonisca_cf_pediculana,Trigonisca,Pourouma_minor,Urticaceae,Pourouma,0.162904032,2,16,163,1629
UD22_1307,24/03/2023,OG42,Understory,NA,1,Apidae_Meliponini,Tetragona_ziegleri,Tetragona,Pourouma_minor,Urticaceae,Pourouma,0.583525448,6,58,584,5835
UD22_0071,2/4/2022,PR23,Canopy,1,1,Apidae_Meliponini,Trigonisca_atomaria,Trigonisca,Pourouma_minor,Urticaceae,Pourouma,0.905306122,9,91,905,9053
UD22_1278,3/6/2023,OG38,Canopy,NA,1,Apidae_Meliponini,Partamona_aequatoriana,Partamona,Pouteria_reticulata,Sapotaceae,Pouteria,0.1,1,10,100,1000
BAU_0279,7/5/2023,OG49,Understory,NA,4,Apidae_Meliponini,Partamona_nr_peckolti,Partamona,Protium_altissimum,Burseraceae,Protium,0.157545126,2,16,158,1575
BAU_0281,3/6/2023,OG38,Understory,NA,2,Apidae_Meliponini,Partamona_aequatoriana,Partamona,Protium_colombianum,Burseraceae,Protium,0.132222222,1,13,132,1322
BAU_0279,7/5/2023,OG49,Understory,NA,4,Apidae_Meliponini,Partamona_nr_peckolti,Partamona,Protium_colombianum,Burseraceae,Protium,0.304067389,3,30,304,3041
UD22_1290,7/5/2023,OG49,Understory,NA,2,Apidae_Meliponini,Partamona_nr_peckolti,Partamona,Protium_colombianum,Burseraceae,Protium,0.10485348,1,10,105,1049
UD22_1656,20/04/2023,PR29,Understory,5,3,Apidae_Meliponini,Trigona_guianae,Trigona,Pseudelephantopus_spc,Asteraceae,Pseudelephantopus,0.146420824,1,15,146,1464
BAU_0227,6/4/2023,CA62,Understory,0,7,Apidae_Meliponini,Partamona_aequatoriana,Partamona,Psidium_guajava,Myrtaceae,Psidium,0.133658237,1,13,134,1337
BAU_0239,4/4/2023,PR22,Understory,11,6,Apidae_Meliponini,Trigona_ferricauda,Trigona,Psidium_guajava,Myrtaceae,Psidium,0.1,1,10,100,1000
BAU_0294,17/03/2023,CA63,Understory,0,1,Apidae_Meliponini,Trigona_guianae,Trigona,Psychotria_marginata,Rubiaceae,Psychotria,0.108861584,1,11,109,1089
BAU_0300,18/03/2023,CA64,Understory,0,8,Apidae_Meliponini,Trigona_corvina,Trigona,Psychotria_marginata,Rubiaceae,Psychotria,0.252660361,3,25,253,2527
BAU_0324,4/4/2023,CR05,Understory,11,3,Apidae_Meliponini,Trigona_corvina,Trigona,Psychotria_marginata,Rubiaceae,Psychotria,0.301446945,3,30,301,3014
UD22_1538,14/03/2023,CR06,Understory,32,1,Apidae_Meliponini,Trigona_guianae,Trigona,Psychotria_marginata,Rubiaceae,Psychotria,0.101261261,1,10,101,1013
BAU_0253,20/04/2023,CR09,Understory,5,7,Apidae_Meliponini,Trigona_guianae,Trigona,Psychotria_marginata,Rubiaceae,Psychotria,0.156234183,2,16,156,1562
BAU_0260,26/03/2023,OG41,Understory,NA,2,Apidae_Meliponini,Trigona_guianae,Trigona,Psychotria_marginata,Rubiaceae,Psychotria,0.360141247,4,36,360,3601
BAU_0191,15/04/2023,OG45,Understory,NA,1,Apidae_Meliponini,Trigona_guianae,Trigona,Psychotria_marginata,Rubiaceae,Psychotria,0.19337666,2,19,193,1934
BAU_0206,13/04/2023,OG46,Understory,NA,1,Apidae_Meliponini,Trigona_guianae,Trigona,Psychotria_marginata,Rubiaceae,Psychotria,0.153712238,2,15,154,1537
BAU_0304,19/03/2023,OG52,Understory,NA,2,Apidae_Meliponini,Trigona_guianae,Trigona,Psychotria_marginata,Rubiaceae,Psychotria,0.237492937,2,24,237,2375
BAU_0237,4/4/2023,PR22,Understory,11,3,Apidae_Meliponini,Trigona_guianae,Trigona,Psychotria_marginata,Rubiaceae,Psychotria,0.396892131,4,40,397,3969
UD22_1322,10/4/2023,PR23,Understory,1,2,Apidae_Meliponini,Trigona_guianae,Trigona,Psychotria_marginata,Rubiaceae,Psychotria,0.18356705,2,18,184,1836
BAU_0242,12/3/2023,PR26,Understory,27,2,Apidae_Meliponini,Trigona_guianae,Trigona,Psychotria_marginata,Rubiaceae,Psychotria,0.108972213,1,11,109,1090
BAU_0318,31/03/2023,CR02,Understory,7,3,Apidae_Meliponini,Trigona_guianae,Trigona,Psychotria_nubiphila,Rubiaceae,Psychotria,0.215134707,2,22,215,2151
BAU_0300,18/03/2023,CA64,Understory,0,8,Apidae_Meliponini,Trigona_corvina,Trigona,Psychotria_spc,Rubiaceae,Psychotria,0.10205439,1,10,102,1021
UD22_1538,14/03/2023,CR06,Understory,32,1,Apidae_Meliponini,Trigona_guianae,Trigona,Psychotria_spc,Rubiaceae,Psychotria,0.145345345,1,15,145,1453
UD22_0950,14/03/2023,CR06,Understory,32,3,Apidae_Meliponini,Trigona_guianae,Trigona,Psychotria_spc,Rubiaceae,Psychotria,0.130548303,1,13,131,1305
BAU_0215,13/04/2023,CR10,Understory,23,1,Apidae_Meliponini,Dolichotrigona_schulthessi,Dolichotrigona,Rhexia_nashii,Melastomataceae,Rhexia,0.137695433,1,14,138,1377
BAU_0216,13/04/2023,CR10,Understory,23,1,Apidae_Meliponini,Tetragona_perangulata,Tetragona,Rhexia_nashii,Melastomataceae,Rhexia,0.105898259,1,11,106,1059
BAU_0217,13/04/2023,CR10,Understory,23,1,Apidae_Meliponini,Tetragona_ziegleri,Tetragona,Rhexia_nashii,Melastomataceae,Rhexia,0.151186651,2,15,151,1512
BAU_0215,13/04/2023,CR10,Understory,23,1,Apidae_Meliponini,Dolichotrigona_schulthessi,Dolichotrigona,Rhexia_spc,Melastomataceae,Rhexia,0.157115598,2,16,157,1571
BAU_0211,13/04/2023,CR10,Understory,23,2,Apidae_Meliponini,Ptilotrigona_occidentalis,Ptilotrigona,Rhexia_spc,Melastomataceae,Rhexia,0.134366353,1,13,134,1344
BAU_0216,13/04/2023,CR10,Understory,23,1,Apidae_Meliponini,Tetragona_perangulata,Tetragona,Rhexia_spc,Melastomataceae,Rhexia,0.12665202,1,13,127,1267
BAU_0217,13/04/2023,CR10,Understory,23,1,Apidae_Meliponini,Tetragona_ziegleri,Tetragona,Rhexia_spc,Melastomataceae,Rhexia,0.16373069,2,16,164,1637
BAU_0190,29/03/2023,CR13,Understory,1,1,Apidae_Meliponini,Scaptotrigona_postica_group_b,Scaptotrigona,Rhexia_spc,Melastomataceae,Rhexia,0.109082845,1,11,109,1091
BAU_0194,15/04/2023,OG45,Understory,NA,1,Apidae_Meliponini,Trigona_ferricauda,Trigona,Rhexia_spc,Melastomataceae,Rhexia,0.120375231,1,12,120,1204
BAU_0191,15/04/2023,OG45,Understory,NA,1,Apidae_Meliponini,Trigona_guianae,Trigona,Rhexia_spc,Melastomataceae,Rhexia,0.120039633,1,12,120,1200
BAU_0210,13/04/2023,OG46,Understory,NA,1,Apidae_Meliponini,Trigona_fuscipennis,Trigona,Rhexia_spc,Melastomataceae,Rhexia,0.104267963,1,10,104,1043
BAU_0207,13/04/2023,OG46,Understory,NA,1,Apidae_Meliponini,Trigonisca_cf_buyssoni,Trigonisca,Rhexia_spc,Melastomataceae,Rhexia,0.11245816,1,11,112,1125
BAU_0218,29/03/2023,PR33,Understory,1,1,Apidae_Meliponini,Tetragonisca_angustula,Tetragonisca,Rhexia_spc,Melastomataceae,Rhexia,0.112255719,1,11,112,1123
BAU_0199,29/03/2023,PR33,Understory,1,3,Apidae_Meliponini,Trigona_silvestriana,Trigona,Rhexia_spc,Melastomataceae,Rhexia,0.118620482,1,12,119,1186
UD22_0091,28/02/2022,CR04,Canopy,20,2,Apidae_Meliponini,Partamona_nr_peckolti,Partamona,Rubiaceae_PR21-2_spc,Rubiaceae,Rubiaceae PR21-2,0.75,8,75,750,7500
UD22_0057,28/02/2022,CR04,Canopy,20,1,Apidae_Meliponini,Trigonisca_cf_buyssoni,Trigonisca,Rubiaceae_PR21-2_spc,Rubiaceae,Rubiaceae PR21-2,0.144649446,1,14,145,1446
UD22_1574,4/11/2023,CA60,Understory,0,2,Apidae_Meliponini,Trigona_ferricauda,Trigona,Sabicea_villosa,Rubiaceae,Sabicea,0.475134497,5,48,475,4751
BAU_0229,6/4/2023,CA62,Understory,0,8,Apidae_Meliponini,Trigona_ferricauda,Trigona,Sabicea_villosa,Rubiaceae,Sabicea,0.167719606,2,17,168,1677
UD22_1545,7/11/2023,CA61,Understory,0,2,Apidae_Meliponini,Trigona_corvina,Trigona,Sapium_glandulosum,Euphorbiaceae,Sapium,0.107094406,1,11,107,1071
BAU_0292,17/03/2023,CA63,Understory,0,1,Apidae_Meliponini,Trigona_silvestriana,Trigona,Sapium_glandulosum,Euphorbiaceae,Sapium,0.360841116,4,36,361,3608
UD22_0952,14/03/2023,CR06,Understory,32,1,Apidae_Meliponini,Partamona_aequatoriana,Partamona,Sapium_glandulosum,Euphorbiaceae,Sapium,0.310932324,3,31,311,3109
UD22_0953,14/03/2023,CR06,Understory,32,1,Apidae_Meliponini,Scaptotrigona_postica_group_b,Scaptotrigona,Sapium_glandulosum,Euphorbiaceae,Sapium,0.735441767,7,74,735,7354
UD22_0950,14/03/2023,CR06,Understory,32,3,Apidae_Meliponini,Trigona_guianae,Trigona,Sapium_glandulosum,Euphorbiaceae,Sapium,0.352480418,4,35,352,3525
UD22_0715,21/10/2022,CR08,Understory,26,1,Apidae_Meliponini,Trigona_silvestriana,Trigona,Sapium_glandulosum,Euphorbiaceae,Sapium,0.229813996,2,23,230,2298
BAU_0326,15/04/2023,CR11,Understory,22,4,Apidae_Meliponini,Trigona_silvestriana,Trigona,Sapium_glandulosum,Euphorbiaceae,Sapium,0.132440818,1,13,132,1324
BAU_0283,3/6/2023,OG38,Understory,NA,1,Apidae_Meliponini,Scaptotrigona_postica_group_b,Scaptotrigona,Sapium_glandulosum,Euphorbiaceae,Sapium,0.74991632,7,75,750,7499
UD22_0941,16/03/2023,OG39,Understory,NA,2,Apidae_Meliponini,Trigona_silvestriana,Trigona,Sapium_glandulosum,Euphorbiaceae,Sapium,0.148870438,1,15,149,1489
UD22_0820,21/11/2022,OG45,Understory,NA,1,Apidae_Meliponini,Trigona_silvestriana,Trigona,Sapium_glandulosum,Euphorbiaceae,Sapium,0.123595506,1,12,124,1236
UD22_1281,7/5/2023,OG49,Canopy,NA,10,Apidae_Meliponini,Trigona_nigerrima,Trigona,Sapium_glandulosum,Euphorbiaceae,Sapium,0.11007269,1,11,110,1101
BAU_0303,19/03/2023,OG52,Understory,NA,2,Apidae_Meliponini,Trigona_ferricauda,Trigona,Sapium_glandulosum,Euphorbiaceae,Sapium,0.114128657,1,11,114,1141
BAU_0273,26/03/2023,PA54,Understory,0,2,Apidae_Meliponini,Trigona_ferricauda,Trigona,Sapium_glandulosum,Euphorbiaceae,Sapium,0.11176497,1,11,112,1118
UD22_1324,6/4/2023,PA57,Understory,0,1,Apidae_Meliponini,Tetragona_perangulata,Tetragona,Sapium_glandulosum,Euphorbiaceae,Sapium,0.106167299,1,11,106,1062
BAU_0313,24/03/2023,PR19,Understory,5,5,Apidae_Meliponini,Trigona_guianae,Trigona,Sapium_glandulosum,Euphorbiaceae,Sapium,0.290717949,3,29,291,2907
BAU_0244,12/3/2023,PR26,Understory,27,1,Apidae_Meliponini,Trigona_cilipes,Trigona,Sapium_glandulosum,Euphorbiaceae,Sapium,0.175632911,2,18,176,1756
BAU_0246,12/3/2023,PR26,Understory,27,4,Apidae_Meliponini,Trigona_ferricauda,Trigona,Sapium_glandulosum,Euphorbiaceae,Sapium,0.135237007,1,14,135,1352
BAU_0309,11/5/2023,PR34,Understory,37,20,Apidae_Meliponini,Trigona_silvestriana,Trigona,Sapium_glandulosum,Euphorbiaceae,Sapium,0.121643807,1,12,122,1216
UD22_1298,9/5/2023,PR36,Understory,8,7,Apidae_Meliponini,Trigonisca_cf_buyssoni,Trigonisca,Sapium_glandulosum,Euphorbiaceae,Sapium,0.791312665,8,79,791,7913
BAU_0282,3/6/2023,OG38,Understory,NA,13,Apidae_Meliponini,Scaptotrigona_(Scaptotrigona)_sp,Scaptotrigona,Saurauia_herthae,Actinidiaceae,Saurauia,0.424808891,4,42,425,4248
BAU_0285,3/6/2023,OG38,Understory,NA,1,Apidae_Meliponini,Scaptotrigona_postica_group_b,Scaptotrigona,Saurauia_herthae,Actinidiaceae,Saurauia,0.178045275,2,18,178,1780
UD22_1572,20/04/2023,PR30,Understory,14,6,Apidae_Meliponini,Ptilotrigona_occidentalis,Ptilotrigona,Saurauia_herthae,Actinidiaceae,Saurauia,0.280545042,3,28,281,2805
UD22_1667,9/10/2023,PA53,Understory,0,1,Apidae_Meliponini,Scaptotrigona_postica_group_b,Scaptotrigona,Sauvagesia_erecta,Ochnaceae,Sauvagesia,0.23148688,2,23,231,2315
UD22_1707,9/10/2023,PA53,Understory,0,4,Apidae_Meliponini,Tetragona_perangulata,Tetragona,Sauvagesia_erecta,Ochnaceae,Sauvagesia,0.127826209,1,13,128,1278
UD22_1320,10/4/2023,PR23,Understory,1,2,Apidae_Meliponini,Trigona_ferricauda,Trigona,Sauvagesia_erecta,Ochnaceae,Sauvagesia,0.320353559,3,32,320,3204
BAU_0265,2/6/2023,CR04,Understory,20,2,Apidae_Meliponini,Trigona_silvestriana,Trigona,Sciodaphyllum_pedicillatum,Araliaceae,Sciodaphyllum,0.235590888,2,24,236,2356
UD22_0364,23/05/2022,OG38,Canopy,NA,1,Apidae_Meliponini,Trigona_silvestriana,Trigona,Sciodaphyllum_pedicillatum,Araliaceae,Sciodaphyllum,0.552631027,6,55,553,5526
UD22_0728,25/10/2022,OG48,Canopy,NA,1,Apidae_Meliponini,Partamona_aequatoriana,Partamona,Sciodaphyllum_pedicillatum,Araliaceae,Sciodaphyllum,0.946758309,9,95,947,9468
UD22_1313,10/4/2023,PR23,Understory,1,2,Apidae_Meliponini,Trigona_nigerrima,Trigona,Sciodaphyllum_pedicillatum,Araliaceae,Sciodaphyllum,0.282323095,3,28,282,2823
UD22_1717,12/11/2023,CR17,Understory,8,1,Apidae_Meliponini,Trigona_nigerrima,Trigona,Senna_spc,Fabaceae,Senna,0.100609137,1,10,101,1006
UD22_1690,20/04/2023,PR30,Understory,14,8,Apidae_Meliponini,Trigona_silvestriana,Trigona,Senna_spc,Fabaceae,Senna,0.185871122,2,19,186,1859
UD22_1311,24/03/2023,OG42,Understory,NA,1,Apidae_Meliponini,Partamona_nr_peckolti,Partamona,Sievekingia_rhonhofiae,Orchidaceae,Sievekingia,0.857815196,9,86,858,8578
BAU_0267,2/6/2023,CR04,Understory,20,1,Apidae_Meliponini,Partamona_aequatoriana,Partamona,Simarouba_amara,Simaroubaceae,Simarouba,0.172051897,2,17,172,1721
UD22_0081,4/4/2022,OG42,Understory,NA,1,Apidae_Meliponini,Partamona_aequatoriana,Partamona,Sloanea_spc,Elaeocarpaceae,Sloanea,0.102629433,1,10,103,1026
UD22_0819,14/11/2022,OG37,Canopy,NA,1,Apidae_Meliponini,Trigonisca_atomaria,Trigonisca,Sorocea_jaramilloi,Moraceae,Sorocea,0.14844103,1,15,148,1484
UD22_0820,21/11/2022,OG45,Understory,NA,1,Apidae_Meliponini,Trigona_silvestriana,Trigona,Sorocea_jaramilloi,Moraceae,Sorocea,0.156351171,2,16,156,1564
UD22_1644,29/10/2023,OG51,Understory,NA,3,Apidae_Meliponini,Trigona_ferricauda,Trigona,Souroubea_guianensis,Marcgraviaceae,Souroubea,0.146146725,1,15,146,1461
UD22_1547,29/10/2023,OG51,Understory,NA,1,Apidae_Meliponini,Trigona_nigerrima,Trigona,Souroubea_guianensis,Marcgraviaceae,Souroubea,0.558287558,6,56,558,5583
BAU_0227,6/4/2023,CA62,Understory,0,7,Apidae_Meliponini,Partamona_aequatoriana,Partamona,Spermacoce_alata,Rubiaceae,Spermacoce,0.352392647,4,35,352,3524
BAU_0230,6/4/2023,CA62,Understory,0,2,Apidae_Meliponini,Partamona_nr_peckolti,Partamona,Spermacoce_alata,Rubiaceae,Spermacoce,0.272535039,3,27,273,2725
BAU_0229,6/4/2023,CA62,Understory,0,8,Apidae_Meliponini,Trigona_ferricauda,Trigona,Spermacoce_alata,Rubiaceae,Spermacoce,0.332749526,3,33,333,3327
BAU_0232,6/4/2023,CA62,Understory,0,8,Apidae_Meliponini,Tetragona_perangulata,Tetragona,Steinchisma_laxum,Poaceae,Steinchisma,0.123574719,1,12,124,1236
UD22_0726,14/11/2022,CA64,Understory,0,1,Apidae_Meliponini,Partamona_aequatoriana,Partamona,Stellaria_media,Caryophyllaceae,Stellaria,0.151528732,2,15,152,1515
UD22_1305,2/6/2023,CR04,Understory,20,2,Apidae_Meliponini,Trigona_silvestriana,Trigona,Stellaria_media,Caryophyllaceae,Stellaria,0.119428351,1,12,119,1194
UD22_0279,7/4/2022,OG41,Canopy,NA,1,Apidae_Meliponini,Partamona_nr_peckolti,Partamona,Stellaria_media,Caryophyllaceae,Stellaria,0.122451304,1,12,122,1225
UD22_1309,24/03/2023,OG42,Understory,NA,1,Apidae_Meliponini,Trigona_muzoensis,Trigona,Stellaria_media,Caryophyllaceae,Stellaria,0.201825824,2,20,202,2018
UD22_0220,7/5/2022,OG43,Canopy,NA,1,Apidae_Meliponini,Tetragonisca_angustula,Tetragonisca,Stellaria_media,Caryophyllaceae,Stellaria,0.108811579,1,11,109,1088
BAU_0207,13/04/2023,OG46,Understory,NA,1,Apidae_Meliponini,Trigonisca_cf_buyssoni,Trigonisca,Stellaria_media,Caryophyllaceae,Stellaria,0.171626255,2,17,172,1716
UD22_1290,7/5/2023,OG49,Understory,NA,2,Apidae_Meliponini,Partamona_nr_peckolti,Partamona,Stellaria_media,Caryophyllaceae,Stellaria,0.129292582,1,13,129,1293
BAU_0236,4/4/2023,PR22,Understory,11,12,Apidae_Meliponini,Trigona_silvestriana,Trigona,Stellaria_media,Caryophyllaceae,Stellaria,0.146373304,1,15,146,1464
UD22_0237,7/5/2022,OG28,Understory,NA,2,Apidae_Meliponini,Trigonisca_cf_buyssoni,Trigonisca,Stellaria_media,Caryophyllaceae,Stellaria,0.173477429,2,17,173,1735
UD22_1575,11/10/2023,PR32,Understory,15,1,Apidae_Meliponini,Ptilotrigona_occidentalis,Ptilotrigona,Stellaria_media,Caryophyllaceae,Stellaria,0.102426611,1,10,102,1024
BAU_0224,9/5/2023,PR36,Understory,8,1,Apidae_Meliponini,Scaptotrigona_postica_group_b,Scaptotrigona,Stellaria_media,Caryophyllaceae,Stellaria,0.187137917,2,19,187,1871
UD22_1278,3/6/2023,OG38,Canopy,NA,1,Apidae_Meliponini,Partamona_aequatoriana,Partamona,Stellaria_spc,Caryophyllaceae,Stellaria,0.104109589,1,10,104,1041
UD22_0944,16/03/2023,OG39,Understory,NA,1,Apidae_Meliponini,Partamona_aequatoriana,Partamona,Stellaria_spc,Caryophyllaceae,Stellaria,0.327731092,3,33,328,3277
UD22_1700,27/10/2023,OG48,Understory,NA,4,Apidae_Meliponini,Trigona_silvestriana,Trigona,Tabernaemontana_amygdalifolia,Apocynaceae,Tabernaemontana,0.150171625,2,15,150,1502
UD22_1662,27/10/2023,OG48,Understory,NA,65,Apidae_Meliponini,Trigona_silvestriana,Trigona,Tabernaemontana_amygdalifolia,Apocynaceae,Tabernaemontana,0.140516767,1,14,141,1405
UD22_1704,12/11/2023,CR16,Understory,7,3,Apidae_Meliponini,Trigona_silvestriana,Trigona,Tabernaemontana_columbiensis,Apocynaceae,Tabernaemontana,0.264624809,3,26,265,2646
BAU_0302,19/03/2023,OG52,Understory,NA,3,Apidae_Meliponini,Trigona_silvestriana,Trigona,Tabernaemontana_columbiensis,Apocynaceae,Tabernaemontana,0.4420434,4,44,442,4420
BAU_0246,12/3/2023,PR26,Understory,27,4,Apidae_Meliponini,Trigona_ferricauda,Trigona,Tabernaemontana_elegans,Apocynaceae,Tabernaemontana,0.14094803,1,14,141,1409
UD22_1722,17/11/2023,CR01,Understory,5,2,Apidae_Meliponini,Trigona_fulviventris,Trigona,Talisia_spc,Sapindaceae,Talisia,0.114958159,1,11,115,1150
UD22_0074,2/4/2022,CR03,Understory,4,1,Apidae_Meliponini,Partamona_aequatoriana,Partamona,Tapirira_guianensis,Anacardiaceae,Tapirira,0.103741601,1,10,104,1037
BAU_0258,20/04/2023,CR09,Understory,5,1,Apidae_Meliponini,Scaptotrigona_postica_group_b,Scaptotrigona,Tapirira_guianensis,Anacardiaceae,Tapirira,0.145538616,1,15,146,1455
UD22_0222,7/5/2022,OG43,Canopy,NA,7,Apidae_Meliponini,Trigonisca_cf_buyssoni,Trigonisca,Tapirira_guianensis,Anacardiaceae,Tapirira,0.122574635,1,12,123,1226
BAU_0208,13/04/2023,OG46,Understory,NA,2,Apidae_Meliponini,Partamona_aequatoriana,Partamona,Tapirira_guianensis,Anacardiaceae,Tapirira,0.147699291,1,15,148,1477
BAU_0305,19/03/2023,OG52,Understory,NA,1,Apidae_Meliponini,Dolichotrigona_schulthessi,Dolichotrigona,Tapirira_guianensis,Anacardiaceae,Tapirira,0.484257947,5,48,484,4843
UD22_0045,15/04/2022,CR06,Understory,32,1,Apidae_Meliponini,Partamona_nr_peckolti,Partamona,Thymelaeaceae_spc,Thymelaeaceae,Thymelaeaceae spc,0.209590605,2,21,210,2096
UD22_1606,17/11/2023,PR25,Understory,5,1,Apidae_Meliponini,Nannotrigona_tristella,Nannotrigona,Thymelaeaceae_spc,Thymelaeaceae,Thymelaeaceae spc,0.100011456,1,10,100,1000
UD22_0220,7/5/2022,OG43,Canopy,NA,1,Apidae_Meliponini,Tetragonisca_angustula,Tetragonisca,Tovomita_spc,Clusiaceae,Tovomita,0.209370239,2,21,209,2094
UD22_1662,27/10/2023,OG48,Understory,NA,65,Apidae_Meliponini,Trigona_silvestriana,Trigona,Tovomita_spc,Clusiaceae,Tovomita,0.199175371,2,20,199,1992
UD22_1700,27/10/2023,OG48,Understory,NA,4,Apidae_Meliponini,Trigona_silvestriana,Trigona,Tovomita_spc,Clusiaceae,Tovomita,0.132866133,1,13,133,1329
UD22_0178,5/4/2022,OG40,Understory,NA,1,Apidae_Meliponini,Partamona_aequatoriana,Partamona,Tovomita_weddelliana,Clusiaceae,Tovomita,0.607751278,6,61,608,6078
BAU_0239,4/4/2023,PR22,Understory,11,6,Apidae_Meliponini,Trigona_ferricauda,Trigona,Tovomita_weddelliana,Clusiaceae,Tovomita,0.12002447,1,12,120,1200
UD22_1542,3/6/2023,OG38,Understory,NA,1,Apidae_Meliponini,Partamona_aequatoriana,Partamona,Trattinnickia_aspera,Burseraceae,Trattinnickia,0.214643437,2,21,215,2146
UD22_1609,7/11/2023,CA61,Understory,0,1,Apidae_Meliponini,Scaptotrigona_postica_group_b,Scaptotrigona,Trema_integerrima,Cannabaceae,Trema,0.199966093,2,20,200,2000
UD22_0275,5/4/2022,OG40,Canopy,NA,22,Apidae_Meliponini,Trigonisca_atomaria,Trigonisca,Trema_integerrima,Cannabaceae,Trema,0.19369511,2,19,194,1937
UD22_1308,24/03/2023,OG42,Understory,NA,4,Apidae_Meliponini,Melipona_(Michmelia)_solani,Melipona,Trema_integerrima,Cannabaceae,Trema,0.251312929,3,25,251,2513
BAU_0219,31/03/2023,PA55,Understory,0,18,Apidae_Meliponini,Tetragona_perangulata,Tetragona,Trema_integerrima,Cannabaceae,Trema,0.14328079,1,14,143,1433
UD22_0034,10/4/2022,PR26,Canopy,27,1,Apidae_Meliponini,Nannotrigona_mellaria,Nannotrigona,Trema_integerrima,Cannabaceae,Trema,0.621199776,6,62,621,6212
UD22_0245,7/5/2022,OG43,Understory,NA,5,Apidae_Meliponini,Trigonisca_atomaria,Trigonisca,Trema_micrantha,Cannabaceae,Trema,0.108064923,1,11,108,1081
UD22_1563,25/10/2023,PA58,Understory,0,1,Apidae_Meliponini,Trigona_silvestriana,Trigona,Trichilia_rubra,Meliaceae,Trichilia,0.164487398,2,16,164,1645
BAU_0201,29/03/2023,PR33,Understory,1,1,Apidae_Meliponini,Partamona_aequatoriana,Partamona,Trichilia_septentrionalis,Meliaceae,Trichilia,0.11921705,1,12,119,1192
UD22_1334,29/03/2023,CR13,Understory,1,6,Apidae_Meliponini,Trigona_ferricauda,Trigona,Triolena_pileoides,Melastomataceae,Triolena,0.214175041,2,21,214,2142
BAU_0243,31/03/2023,PA55,Understory,0,1,Apidae_Meliponini,Trigona_silvestriana,Trigona,Urochloa_comata,Poaceae,Urochloa,0.115217749,1,12,115,1152
UD22_1553,4/11/2023,PA56,Understory,0,6,Apidae_Meliponini,Tetragona_ziegleri,Tetragona,Urochloa_comata,Poaceae,Urochloa,0.265844718,3,27,266,2658
UD22_1549,4/11/2023,PA56,Understory,0,6,Apidae_Meliponini,Trigona_ferricauda,Trigona,Urochloa_comata,Poaceae,Urochloa,0.154873236,2,15,155,1549
UD22_1558,4/11/2023,PA56,Understory,0,1,Apidae_Meliponini,Trigona_fuscipennis,Trigona,Urochloa_comata,Poaceae,Urochloa,0.225943647,2,23,226,2259
UD22_1568,4/11/2023,PA56,Understory,0,2,Apidae_Meliponini,Trigona_nigerrima,Trigona,Urochloa_comata,Poaceae,Urochloa,0.126886529,1,13,127,1269
BAU_0311,24/03/2023,PR19,Understory,5,9,Apidae_Meliponini,Trigona_ferricauda,Trigona,Urochloa_comata,Poaceae,Urochloa,0.172275293,2,17,172,1723
BAU_0202,29/03/2023,PR33,Understory,1,2,Apidae_Meliponini,Tetragona_ziegleri,Tetragona,Urochloa_comata,Poaceae,Urochloa,0.112887043,1,11,113,1129
BAU_0203,29/03/2023,PR33,Understory,1,9,Apidae_Meliponini,Trigona_ferricauda,Trigona,Urochloa_comata,Poaceae,Urochloa,0.12524979,1,13,125,1252
UD22_1553,4/11/2023,PA56,Understory,0,6,Apidae_Meliponini,Tetragona_ziegleri,Tetragona,Urochloa_ruziziensis,Poaceae,Urochloa,0.296367877,3,30,296,2964
UD22_1549,4/11/2023,PA56,Understory,0,6,Apidae_Meliponini,Trigona_ferricauda,Trigona,Urochloa_ruziziensis,Poaceae,Urochloa,0.130061084,1,13,130,1301
UD22_1558,4/11/2023,PA56,Understory,0,1,Apidae_Meliponini,Trigona_fuscipennis,Trigona,Urochloa_ruziziensis,Poaceae,Urochloa,0.220760234,2,22,221,2208
UD22_1568,4/11/2023,PA56,Understory,0,2,Apidae_Meliponini,Trigona_nigerrima,Trigona,Urochloa_ruziziensis,Poaceae,Urochloa,0.111328489,1,11,111,1113
BAU_0311,24/03/2023,PR19,Understory,5,9,Apidae_Meliponini,Trigona_ferricauda,Trigona,Urochloa_ruziziensis,Poaceae,Urochloa,0.179602692,2,18,180,1796
BAU_0202,29/03/2023,PR33,Understory,1,2,Apidae_Meliponini,Tetragona_ziegleri,Tetragona,Urochloa_ruziziensis,Poaceae,Urochloa,0.140047133,1,14,140,1400
BAU_0203,29/03/2023,PR33,Understory,1,9,Apidae_Meliponini,Trigona_ferricauda,Trigona,Urochloa_ruziziensis,Poaceae,Urochloa,0.160355831,2,16,160,1604
UD22_1616,6/11/2023,CA59,Understory,0,19,Apidae_Meliponini,Tetragona_perangulata,Tetragona,Vernonanthura_patens,Asteraceae,Vernonanthura,0.189290883,2,19,189,1893
UD22_1632,7/11/2023,CA61,Understory,0,1,Apidae_Meliponini,Partamona_aequatoriana,Partamona,Vernonanthura_patens,Asteraceae,Vernonanthura,0.539832095,5,54,540,5398
UD22_0726,14/11/2022,CA64,Understory,0,1,Apidae_Meliponini,Partamona_aequatoriana,Partamona,Vernonanthura_patens,Asteraceae,Vernonanthura,0.429240116,4,43,429,4292
UD22_1635,4/11/2023,CR03,Understory,4,1,Apidae_Meliponini,Partamona_nr_peckolti,Partamona,Vernonanthura_patens,Asteraceae,Vernonanthura,0.583926031,6,58,584,5839
UD22_1548,25/10/2023,PA58,Understory,0,1,Apidae_Meliponini,Scaptotrigona_luteipennis,Scaptotrigona,Vernonanthura_patens,Asteraceae,Vernonanthura,0.132477843,1,13,132,1325
UD22_0245,7/5/2022,OG43,Understory,NA,5,Apidae_Meliponini,Trigonisca_atomaria,Trigonisca,Vicia_sativa,Fabaceae,Vicia,0.115970061,1,12,116,1160
UD22_0238,7/5/2022,OG28,Understory,NA,4,Apidae_Meliponini,Trigonisca_atomaria,Trigonisca,Vicia_sativa,Fabaceae,Vicia,0.148058252,1,15,148,1481
UD22_0237,7/5/2022,OG28,Understory,NA,2,Apidae_Meliponini,Trigonisca_cf_buyssoni,Trigonisca,Vicia_sativa,Fabaceae,Vicia,0.114263199,1,11,114,1143
UD22_0240,7/5/2022,OG28,Understory,NA,1,Apidae_Meliponini,Trigonisca_cf_pediculana,Trigonisca,Vicia_sativa,Fabaceae,Vicia,0.314443913,3,31,314,3144
BAU_0281,3/6/2023,OG38,Understory,NA,2,Apidae_Meliponini,Partamona_aequatoriana,Partamona,Vismia_baccifera,Hypericaceae,Vismia,0.316444444,3,32,316,3164
BAU_0320,4/4/2023,CR05,Understory,11,14,Apidae_Meliponini,Trigona_silvestriana,Trigona,Vismia_cayennensis,Hypericaceae,Vismia,0.221952629,2,22,222,2220
BAU_0252,20/04/2023,CR09,Understory,5,4,Apidae_Meliponini,Trigona_silvestriana,Trigona,Vismia_cayennensis,Hypericaceae,Vismia,0.198771232,2,20,199,1988
UD22_1333,29/03/2023,CR13,Understory,1,4,Apidae_Meliponini,Trigona_silvestriana,Trigona,Vismia_cayennensis,Hypericaceae,Vismia,0.159892424,2,16,160,1599
BAU_0274,26/03/2023,PA54,Understory,0,6,Apidae_Meliponini,Trigona_silvestriana,Trigona,Vismia_cayennensis,Hypericaceae,Vismia,0.180525653,2,18,181,1805
UD22_1319,10/4/2023,PR23,Understory,1,3,Apidae_Meliponini,Trigona_silvestriana,Trigona,Vismia_cayennensis,Hypericaceae,Vismia,0.16073606,2,16,161,1607
UD22_1674,7/10/2023,PR24,Understory,20,1,Apidae_Meliponini,Trigona_silvestriana,Trigona,Vismia_cayennensis,Hypericaceae,Vismia,0.286705625,3,29,287,2867
BAU_0258,20/04/2023,CR09,Understory,5,1,Apidae_Meliponini,Scaptotrigona_postica_group_b,Scaptotrigona,Zanthoxylum_kellermanii,Rutaceae,Zanthoxylum,0.578812434,6,58,579,5788
BAU_0198,29/03/2023,PR33,Understory,1,11,Apidae_Meliponini,Nannotrigona_tristella,Nannotrigona,Aspidosperma_spruceanum,Apocynaceae,Aspidosperma,0.133935342,1,13,134,1339
BAU_0249,12/3/2023,PR26,Understory,27,2,Apidae_Meliponini,Nannotrigona_mellaria,Nannotrigona,Emilia_spc,Asteraceae,Emilia,0.184719864,2,18,185,1847
BAU_0249,12/3/2023,PR26,Understory,27,2,Apidae_Meliponini,Nannotrigona_mellaria,Nannotrigona,Euphorbia_hyssopifolia,Euphorbiaceae,Euphorbia,0.473174873,5,47,473,4732
BAU_0266,2/6/2023,CR04,Understory,20,1,Apidae_Meliponini,Nogueirapis_mirandula,Nogueirapis,Miconia_cooperi,Melastomataceae,Miconia,0.326657129,3,33,327,3267
BAU_0251,12/3/2023,PR26,Understory,27,1,Apidae_Meliponini,Nannotrigona_tristella,Nannotrigona,Mikania_micrantha,Asteraceae,Mikania,0.891814665,9,89,892,8918
BAU_0198,29/03/2023,PR33,Understory,1,11,Apidae_Meliponini,Nannotrigona_tristella,Nannotrigona,Moraceae_spc,Moraceae,Moraceae spc,0.140363273,1,14,140,1404
BAU_0266,2/6/2023,CR04,Understory,20,1,Apidae_Meliponini,Nogueirapis_mirandula,Nogueirapis,Palicourea_acanthacea,Rubiaceae,Palicourea,0.110824988,1,11,111,1108
BAU_0266,2/6/2023,CR04,Understory,20,1,Apidae_Meliponini,Nogueirapis_mirandula,Nogueirapis,Palicourea_timbiquensis,Rubiaceae,Palicourea,0.529804483,5,53,530,5298
BAU_0198,29/03/2023,PR33,Understory,1,11,Apidae_Meliponini,Nannotrigona_tristella,Nannotrigona,Passovia_pyrifolia,Loranthaceae,Passovia,0.134676363,1,13,135,1347
Bat_0466,17/05/2022,CA64,Understory,0,1,Apidae_Meliponini,Phyllostomus_discolor,Phyllostomus,Moringa_oleifera,Moringaceae,Moringa,0.17118019,2,17,171,1712
Bat_0466,17/05/2022,CA64,Understory,0,1,Apidae_Meliponini,Phyllostomus_discolor,Phyllostomus,Moringa_spc,Moringaceae,Moringa,0.183877766,2,18,184,1839
Bat_1912,16/05/2023,OG43,Understory,NA,1,Apidae_Meliponini,Phyllostomus_discolor,Phyllostomus,Ochroma_pyramidale,Malvaceae,Ochroma,0.838876184,8,84,839,8389
Bat_1912,16/05/2023,OG43,Understory,NA,1,Apidae_Meliponini,Phyllostomus_discolor,Phyllostomus,Piper_augustum,Piperaceae,Piper,0.12159425,1,12,122,1216
Bat_0466,17/05/2022,CA64,Understory,0,1,Apidae_Meliponini,Phyllostomus_discolor,Phyllostomus,Stellaria_media,Caryophyllaceae,Stellaria,0.483034773,5,48,483,4830
Bat_0282,19/04/2022,CA62,Understory,0,1,Apidae_Meliponini,Phyllostomus_elongatus,Phyllostomus,Ochroma_pyramidale,Malvaceae,Ochroma,0.49558535,5,50,496,4956
Bat_0282,19/04/2022,CA62,Understory,0,1,Apidae_Meliponini,Phyllostomus_elongatus,Phyllostomus,Stellaria_media,Caryophyllaceae,Stellaria,0.139143231,1,14,139,1391
Bat_0282,19/04/2022,CA62,Understory,0,1,Apidae_Meliponini,Phyllostomus_elongatus,Phyllostomus,Tournefortia_hirsutissima,Heliotropiaceae,Tournefortia,0.131294964,1,13,131,1313
UD22_0282,7/4/2022,OG41,Canopy,NA,2,Apidae_Meliponini,Plebeia_(Nanoplebeia)_cf_asthenes,Plebeia,Acalypha_diversifolia,Euphorbiaceae,Acalypha,0.370599956,4,37,371,3706
UD22_0282,7/4/2022,OG41,Canopy,NA,2,Apidae_Meliponini,Plebeia_(Nanoplebeia)_cf_asthenes,Plebeia,Magnoliopsida_spc,Magnoliopsida spc,Magnoliopsida spc,0.143125969,1,14,143,1431
UD22_0282,7/4/2022,OG41,Canopy,NA,2,Apidae_Meliponini,Plebeia_(Nanoplebeia)_cf_asthenes,Plebeia,Stellaria_media,Caryophyllaceae,Stellaria,0.121651539,1,12,122,1217
BAU_0254,20/04/2023,CR09,Understory,5,1,Apidae_Meliponini,Plebeia_(Nanoplebeia)_minima,Plebeia,Guarea_guentheri,Meliaceae,Guarea,0.268203328,3,27,268,2682
UD22_1582,20/04/2023,PR29,Understory,5,1,Apidae_Meliponini,Plebeia_(Nanoplebeia)_minima,Plebeia,Guarea_guentheri,Meliaceae,Guarea,0.174516971,2,17,175,1745
BAU_0254,20/04/2023,CR09,Understory,5,1,Apidae_Meliponini,Plebeia_(Nanoplebeia)_minima,Plebeia,Hieronyma_alchorneoides,Phyllanthaceae,Hieronyma,0.145397649,1,15,145,1454
UD22_1582,20/04/2023,PR29,Understory,5,1,Apidae_Meliponini,Plebeia_(Nanoplebeia)_minima,Plebeia,Norantea_guianensis,Marcgraviaceae,Norantea,0.170861619,2,17,171,1709
BAU_0254,20/04/2023,CR09,Understory,5,1,Apidae_Meliponini,Plebeia_(Nanoplebeia)_minima,Plebeia,Passovia_pyrifolia,Loranthaceae,Passovia,0.105174782,1,11,105,1052
BAU_0254,20/04/2023,CR09,Understory,5,1,Apidae_Meliponini,Plebeia_(Nanoplebeia)_minima,Plebeia,Piper_ottoniifolium,Piperaceae,Piper,0.250038162,3,25,250,2500
UD22_0280,7/4/2022,OG41,Canopy,NA,2,Apidae_Meliponini,Plebeia_(Nanoplebeia)_minima,Plebeia,Stellaria_media,Caryophyllaceae,Stellaria,0.290623767,3,29,291,2906
UD22_0079|LT500,4/4/2022,OG42,Understory,NA,1,Apidae_Meliponini,Plebeia_frontalis,Plebeia,Asteraceae_spc,Asteraceae,Asteraceae spc,0.13362069,1,13,134,1336
UD22_1276,13/04/2023,OG46,Understory,NA,6,Apidae_Meliponini,Plebeia_frontalis,Plebeia,Baccharis_sp._Pennington_1090,Asteraceae,Baccharis,0.14985015,1,15,150,1499
UD22_1557,4/11/2023,PA56,Understory,0,1,Apidae_Meliponini,Plebeia_frontalis,Plebeia,Begonia_fischeri,Begoniaceae,Begonia,0.442346276,4,44,442,4423
UD22_1726,14/10/2023,OG40,Canopy,NA,1,Apidae_Meliponini,Plebeia_frontalis,Plebeia,Bidens_pilosa,Asteraceae,Bidens,0.137106299,1,14,137,1371
UD22_1276,13/04/2023,OG46,Understory,NA,6,Apidae_Meliponini,Plebeia_frontalis,Plebeia,Bidens_pilosa,Asteraceae,Bidens,0.17032967,2,17,170,1703
UD22_1636,18/11/2023,OG37,Understory,NA,1,Apidae_Meliponini,Plebeia_frontalis,Plebeia,Cecropia_garciae,Urticaceae,Cecropia,0.169717338,2,17,170,1697
UD22_0204,5/4/2022,PR22,Understory,11,4,Apidae_Meliponini,Plebeia_frontalis,Plebeia,Cecropia_garciae,Urticaceae,Cecropia,0.298655257,3,30,299,2987
UD22_0193,30/04/2022,CR13,Understory,1,1,Apidae_Meliponini,Plebeia_frontalis,Plebeia,Cecropia_insignis,Urticaceae,Cecropia,0.304204231,3,30,304,3042
UD22_0041,5/4/2022,OG40,Understory,NA,2,Apidae_Meliponini,Plebeia_frontalis,Plebeia,Cecropia_insignis,Urticaceae,Cecropia,0.179951691,2,18,180,1800
UD22_0204,5/4/2022,PR22,Understory,11,4,Apidae_Meliponini,Plebeia_frontalis,Plebeia,Cecropia_insignis,Urticaceae,Cecropia,0.201426243,2,20,201,2014
UD22_0235,7/5/2022,OG28,Understory,NA,2,Apidae_Meliponini,Plebeia_frontalis,Plebeia,Cecropia_insignis,Urticaceae,Cecropia,0.739749966,7,74,740,7397
UD22_0727,31/10/2022,PR36,Understory,8,2,Apidae_Meliponini,Plebeia_frontalis,Plebeia,Cecropia_insignis,Urticaceae,Cecropia,0.954362486,10,95,954,9544
UD22_0193,30/04/2022,CR13,Understory,1,1,Apidae_Meliponini,Plebeia_frontalis,Plebeia,Cecropia_reticulata,Urticaceae,Cecropia,0.184236365,2,18,184,1842
UD22_1636,18/11/2023,OG37,Understory,NA,1,Apidae_Meliponini,Plebeia_frontalis,Plebeia,Cecropia_reticulata,Urticaceae,Cecropia,0.187061153,2,19,187,1871
UD22_0193,30/04/2022,CR13,Understory,1,1,Apidae_Meliponini,Plebeia_frontalis,Plebeia,Cecropia_spc,Urticaceae,Cecropia,0.422386861,4,42,422,4224
UD22_1636,18/11/2023,OG37,Understory,NA,1,Apidae_Meliponini,Plebeia_frontalis,Plebeia,Cecropia_spc,Urticaceae,Cecropia,0.425793675,4,43,426,4258
UD22_0041,5/4/2022,OG40,Understory,NA,2,Apidae_Meliponini,Plebeia_frontalis,Plebeia,Cecropia_spc,Urticaceae,Cecropia,0.589975845,6,59,590,5900
UD22_1274,13/04/2023,OG46,Understory,NA,1,Apidae_Meliponini,Plebeia_frontalis,Plebeia,Cecropia_spc,Urticaceae,Cecropia,0.128050254,1,13,128,1281
UD22_1297,31/03/2023,CR02,Understory,7,1,Apidae_Meliponini,Plebeia_frontalis,Plebeia,Cestrum_schlechtendalii,Solanaceae,Cestrum,0.130854065,1,13,131,1309
UD22_1699,27/10/2023,OG50,Understory,NA,1,Apidae_Meliponini,Plebeia_frontalis,Plebeia,Clusia_magnoliiflora,Clusiaceae,Clusia,0.164639545,2,16,165,1646
UD22_1296,13/04/2023,CR10,Canopy,23,1,Apidae_Meliponini,Plebeia_frontalis,Plebeia,Conostegia_cuatrecasasii,Melastomataceae,Conostegia,0.364633553,4,36,365,3646
UD22_1297,31/03/2023,CR02,Understory,7,1,Apidae_Meliponini,Plebeia_frontalis,Plebeia,Guarea_guentheri,Meliaceae,Guarea,0.100897666,1,10,101,1009
BAU_0189,29/03/2023,CR13,Understory,1,1,Apidae_Meliponini,Plebeia_frontalis,Plebeia,Guarea_guentheri,Meliaceae,Guarea,0.121053452,1,12,121,1211
BAU_0204,13/04/2023,OG46,Understory,NA,1,Apidae_Meliponini,Plebeia_frontalis,Plebeia,Guarea_guentheri,Meliaceae,Guarea,0.223146483,2,22,223,2231
UD22_0079|LT500,4/4/2022,OG42,Understory,NA,1,Apidae_Meliponini,Plebeia_frontalis,Plebeia,Gurania_sp._MAG-2009,Cucurbitaceae,Gurania,0.784482759,8,78,784,7845
BAU_0204,13/04/2023,OG46,Understory,NA,1,Apidae_Meliponini,Plebeia_frontalis,Plebeia,Hieronyma_alchorneoides,Phyllanthaceae,Hieronyma,0.100019984,1,10,100,1000
UD22_1621,14/10/2023,OG40,Understory,NA,2,Apidae_Meliponini,Plebeia_frontalis,Plebeia,Magnoliopsida_spc,Magnoliopsida spc,Magnoliopsida spc,0.142270601,1,14,142,1423
UD22_1297,31/03/2023,CR02,Understory,7,1,Apidae_Meliponini,Plebeia_frontalis,Plebeia,Malpighiaceae_spc,Malpighiaceae,Malpighiaceae spc,0.233341883,2,23,233,2333
UD22_1274,13/04/2023,OG46,Understory,NA,1,Apidae_Meliponini,Plebeia_frontalis,Plebeia,Miconia_laxivenula,Melastomataceae,Miconia,0.460980913,5,46,461,4610
UD22_1274,13/04/2023,OG46,Understory,NA,1,Apidae_Meliponini,Plebeia_frontalis,Plebeia,Mikania_spc,Asteraceae,Mikania,0.147620198,1,15,148,1476
UD22_1734,28/11/2023,OG28,Understory,NA,1,Apidae_Meliponini,Plebeia_frontalis,Plebeia,Napeanthus_sp._Clark_7604,Gesneriaceae,Napeanthus,0.552679356,6,55,553,5527
UD22_1726,14/10/2023,OG40,Canopy,NA,1,Apidae_Meliponini,Plebeia_frontalis,Plebeia,Paullinia_clathrata,Sapindaceae,Paullinia,0.182480315,2,18,182,1825
UD22_1621,14/10/2023,OG40,Understory,NA,2,Apidae_Meliponini,Plebeia_frontalis,Plebeia,Paullinia_clathrata,Sapindaceae,Paullinia,0.1037907,1,10,104,1038
BAU_0204,13/04/2023,OG46,Understory,NA,1,Apidae_Meliponini,Plebeia_frontalis,Plebeia,Paullinia_clathrata,Sapindaceae,Paullinia,0.274030775,3,27,274,2740
UD22_1699,27/10/2023,OG50,Understory,NA,1,Apidae_Meliponini,Plebeia_frontalis,Plebeia,Paullinia_clathrata,Sapindaceae,Paullinia,0.332727527,3,33,333,3327
UD22_1557,4/11/2023,PA56,Understory,0,1,Apidae_Meliponini,Plebeia_frontalis,Plebeia,Paullinia_clathrata,Sapindaceae,Paullinia,0.132892718,1,13,133,1329
UD22_1734,28/11/2023,OG28,Understory,NA,1,Apidae_Meliponini,Plebeia_frontalis,Plebeia,Paullinia_clathrata,Sapindaceae,Paullinia,0.329780381,3,33,330,3298
UD22_0073,2/4/2022,CR03,Understory,4,2,Apidae_Meliponini,Plebeia_frontalis,Plebeia,Perebea_spc,Moraceae,Perebea,0.168718523,2,17,169,1687
UD22_0073,2/4/2022,CR03,Understory,4,2,Apidae_Meliponini,Plebeia_frontalis,Plebeia,Perebea_xanthochyma,Moraceae,Perebea,0.143583287,1,14,144,1436
UD22_1297,31/03/2023,CR02,Understory,7,1,Apidae_Meliponini,Plebeia_frontalis,Plebeia,Piper_cavendishioides,Piperaceae,Piper,0.173070018,2,17,173,1731
BAU_0322,4/4/2023,CR05,Understory,11,1,Apidae_Meliponini,Plebeia_frontalis,Plebeia,Piper_hispidum,Piperaceae,Piper,0.832963501,8,83,833,8330
UD22_0721,31/10/2022,CR17,Understory,8,1,Apidae_Meliponini,Plebeia_frontalis,Plebeia,Piper_hispidum,Piperaceae,Piper,0.842805692,8,84,843,8428
UD22_0204,5/4/2022,PR22,Understory,11,4,Apidae_Meliponini,Plebeia_frontalis,Plebeia,Piper_hispidum,Piperaceae,Piper,0.122371638,1,12,122,1224
BAU_0214,13/04/2023,CR10,Understory,23,1,Apidae_Meliponini,Plebeia_frontalis,Plebeia,Piper_multiplinervium,Piperaceae,Piper,0.355482275,4,36,355,3555
BAU_0189,29/03/2023,CR13,Understory,1,1,Apidae_Meliponini,Plebeia_frontalis,Plebeia,Piper_pseudogaragaranum,Piperaceae,Piper,0.191506428,2,19,192,1915
UD22_0060,7/4/2022,OG41,Understory,NA,2,Apidae_Meliponini,Plebeia_frontalis,Plebeia,Piper_spc,Piperaceae,Piper,0.754730983,8,75,755,7547
UD22_1621,14/10/2023,OG40,Understory,NA,2,Apidae_Meliponini,Plebeia_frontalis,Plebeia,Pourouma_minor,Urticaceae,Pourouma,0.596104268,6,60,596,5961
UD22_1699,27/10/2023,OG50,Understory,NA,1,Apidae_Meliponini,Plebeia_frontalis,Plebeia,Pseudelephantopus_spc,Asteraceae,Pseudelephantopus,0.118551657,1,12,119,1186
BAU_0214,13/04/2023,CR10,Understory,23,1,Apidae_Meliponini,Plebeia_frontalis,Plebeia,Rhexia_nashii,Melastomataceae,Rhexia,0.143446002,1,14,143,1434
BAU_0214,13/04/2023,CR10,Understory,23,1,Apidae_Meliponini,Plebeia_frontalis,Plebeia,Rhexia_spc,Melastomataceae,Rhexia,0.11791701,1,12,118,1179
BAU_0189,29/03/2023,CR13,Understory,1,1,Apidae_Meliponini,Plebeia_frontalis,Plebeia,Rhexia_spc,Melastomataceae,Rhexia,0.151222121,2,15,151,1512
BAU_0204,13/04/2023,OG46,Understory,NA,1,Apidae_Meliponini,Plebeia_frontalis,Plebeia,Rhexia_spc,Melastomataceae,Rhexia,0.104466427,1,10,104,1045
UD22_1300,15/04/2023,CR11,Understory,22,2,Apidae_Meliponini,Plebeia_frontalis,Plebeia,Sauvagesia_erecta,Ochnaceae,Sauvagesia,0.826679827,8,83,827,8267
UD22_0073,2/4/2022,CR03,Understory,4,2,Apidae_Meliponini,Plebeia_frontalis,Plebeia,Tabernaemontana_elegans,Apocynaceae,Tabernaemontana,0.4743518,5,47,474,4744
UD22_1296,13/04/2023,CR10,Canopy,23,1,Apidae_Meliponini,Plebeia_frontalis,Plebeia,Trema_integerrima,Cannabaceae,Trema,0.553938697,6,55,554,5539
BAU_0280,7/5/2023,OG49,Understory,NA,1,Apidae_Meliponini,Plebeia_sp,Plebeia,Baltimora_recta,Asteraceae,Baltimora,0.155142155,2,16,155,1551
UD22_1657,27/10/2023,OG50,Understory,NA,1,Apidae_Meliponini,Plebeia_sp,Plebeia,Cecropia_garciae,Urticaceae,Cecropia,0.277461203,3,28,277,2775
BAU_0280,7/5/2023,OG49,Understory,NA,1,Apidae_Meliponini,Plebeia_sp,Plebeia,Cecropia_insignis,Urticaceae,Cecropia,0.334362934,3,33,334,3344
UD22_1648,18/11/2023,OG37,Understory,NA,1,Apidae_Meliponini,Plebeia_sp,Plebeia,Cecropia_reticulata,Urticaceae,Cecropia,0.315479729,3,32,315,3155
UD22_1648,18/11/2023,OG37,Understory,NA,1,Apidae_Meliponini,Plebeia_sp,Plebeia,Cecropia_spc,Urticaceae,Cecropia,0.480442278,5,48,480,4804
UD22_1657,27/10/2023,OG50,Understory,NA,1,Apidae_Meliponini,Plebeia_sp,Plebeia,Cecropia_spc,Urticaceae,Cecropia,0.219083414,2,22,219,2191
UD22_1588,25/10/2023,PA58,Understory,0,1,Apidae_Meliponini,Plebeia_sp,Plebeia,Cecropia_spc,Urticaceae,Cecropia,0.150060205,2,15,150,1501
UD22_1618,20/04/2023,PR30,Understory,14,2,Apidae_Meliponini,Plebeia_sp,Plebeia,Cecropia_spc,Urticaceae,Cecropia,0.125382555,1,13,125,1254
UD22_1294,15/04/2023,OG45,Understory,NA,3,Apidae_Meliponini,Plebeia_sp,Plebeia,Clusia_rigida,Clusiaceae,Clusia,0.335063359,3,34,335,3351
UD22_1588,25/10/2023,PA58,Understory,0,1,Apidae_Meliponini,Plebeia_sp,Plebeia,Loranthaceae_spc,Loranthaceae,Loranthaceae spc,0.161423841,2,16,161,1614
UD22_1618,20/04/2023,PR30,Understory,14,2,Apidae_Meliponini,Plebeia_sp,Plebeia,Magnoliopsida_spc,Magnoliopsida spc,Magnoliopsida spc,0.119357307,1,12,119,1194
UD22_1646,29/10/2023,OG51,Understory,NA,2,Apidae_Meliponini,Plebeia_sp,Plebeia,Paullinia_clathrata,Sapindaceae,Paullinia,0.531122031,5,53,531,5311
BAU_0256,20/04/2023,CR09,Understory,5,1,Apidae_Meliponini,Plebeia_sp,Plebeia,Piper_multiplinervium,Piperaceae,Piper,0.848388672,8,85,848,8484
UD22_1294,15/04/2023,OG45,Understory,NA,3,Apidae_Meliponini,Plebeia_sp,Plebeia,Piper_oxystachyum,Piperaceae,Piper,0.130998922,1,13,131,1310
UD22_1588,25/10/2023,PA58,Understory,0,1,Apidae_Meliponini,Plebeia_sp,Plebeia,Urena_lobata,Malvaceae,Urena,0.192354004,2,19,192,1924
UD22_0236,7/5/2022,OG28,Understory,NA,1,Apidae_Meliponini,Plebeia_sp,Plebeia,Vicia_sativa,Fabaceae,Vicia,0.17998547,2,18,180,1800
UD22_1535,24/03/2023,PR19,Understory,5,1,Apidae_Taspinotaspidini,Paratetrapedia_sp,Paratetrapedia,Arachis_pintoi,Fabaceae,Arachis,0.106241944,1,11,106,1062
UD22_1556,25/10/2023,CR18,Understory,9,1,Apidae_Taspinotaspidini,Paratetrapedia_sp,Paratetrapedia,Guarea_guentheri,Meliaceae,Guarea,0.108334887,1,11,108,1083
UD22_1556,25/10/2023,CR18,Understory,9,1,Apidae_Taspinotaspidini,Paratetrapedia_sp,Paratetrapedia,Paullinia_clathrata,Sapindaceae,Paullinia,0.444900242,4,44,445,4449
UD22_1559,25/10/2023,CR18,Understory,9,1,Apidae_Taspinotaspidini,Paratetrapedia_sp,Paratetrapedia,Sabicea_villosa,Rubiaceae,Sabicea,0.69370542,7,69,694,6937
UD22_1686,9/10/2023,PA53,Understory,0,3,Apidae_Taspinotaspidini,Paratetrapedia_sp,Paratetrapedia,Sabicea_villosa,Rubiaceae,Sabicea,0.239330816,2,24,239,2393
UD22_1535,24/03/2023,PR19,Understory,5,1,Apidae_Taspinotaspidini,Paratetrapedia_sp,Paratetrapedia,Sabicea_villosa,Rubiaceae,Sabicea,0.433897993,4,43,434,4339
UD22_1686,9/10/2023,PA53,Understory,0,3,Apidae_Taspinotaspidini,Paratetrapedia_sp,Paratetrapedia,Sauvagesia_erecta,Ochnaceae,Sauvagesia,0.54123523,5,54,541,5412
Bat_0114,2/4/2022,CR03,Understory,4,1,Bats,Lonchophylla_concava,Lonchophylla,Acalypha_diversifolia,Euphorbiaceae,Acalypha,0.273195876,3,27,273,2732
Bat_0250,17/04/2022,CA62,Understory,0,1,Bats,Lonchophylla_robusta,Lonchophylla,Allophylus_griseotomentosus,Sapindaceae,Allophylus,0.332045547,3,33,332,3320
Bat_0305,19/04/2022,CA62,Understory,0,1,Bats,Lonchophylla_robusta,Lonchophylla,Allophylus_griseotomentosus,Sapindaceae,Allophylus,0.24623803,2,25,246,2462
Bat_0335,5/5/2022,CR04,Understory,20,1,Bats,Choeroniscus_periosus,Choeroniscus,Allophylus_griseotomentosus,Sapindaceae,Allophylus,0.191378494,2,19,191,1914
Bat_0329,4/5/2022,CR04,Understory,20,1,Bats,Lichonycteris_obscura,Lichonycteris,Allophylus_griseotomentosus,Sapindaceae,Allophylus,0.592721325,6,59,593,5927
Bat_1027,7/11/2022,CR14,Understory,37,1,Bats,Lonchophylla_concava,Lonchophylla,Allophylus_griseotomentosus,Sapindaceae,Allophylus,0.105808106,1,11,106,1058
Bat_1040,8/11/2022,CR14,Understory,37,1,Bats,Lonchophylla_robusta,Lonchophylla,Allophylus_griseotomentosus,Sapindaceae,Allophylus,0.291912262,3,29,292,2919
Bat_0905,25/10/2022,OG49,Understory,NA,1,Bats,Lichonycteris_obscura,Lichonycteris,Allophylus_griseotomentosus,Sapindaceae,Allophylus,0.132299335,1,13,132,1323
Bat_0861,24/09/2022,PA54,Understory,0,1,Bats,Glossophaga_soricina,Glossophaga,Allophylus_griseotomentosus,Sapindaceae,Allophylus,0.668031011,7,67,668,6680
Bat_1007,6/11/2022,PR34,Understory,37,1,Bats,Lonchophylla_concava,Lonchophylla,Allophylus_griseotomentosus,Sapindaceae,Allophylus,0.126249923,1,13,126,1262
Bat_0861,24/09/2022,PA54,Understory,0,1,Bats,Glossophaga_soricina,Glossophaga,Allophylus_macrobotrys,Sapindaceae,Allophylus,0.104251938,1,10,104,1043
Bat_0329,4/5/2022,CR04,Understory,20,1,Bats,Lichonycteris_obscura,Lichonycteris,Allophylus_rubifolius,Sapindaceae,Allophylus,0.195052137,2,20,195,1951
Bat_1469,11/4/2023,OG42,Understory,NA,1,Bats,Lichonycteris_obscura,Lichonycteris,Burmeistera_sp._1_MK-2015,Campanulaceae,Burmeistera,0.130518129,1,13,131,1305
Bat_2292,1/11/2023,CR01,Understory,5,1,Bats,Lichonycteris_obscura,Lichonycteris,Burmeistera_spc,Campanulaceae,Burmeistera,0.21957393,2,22,220,2196
Bat_2431,22/11/2023,CR02,Understory,7,1,Bats,Lichonycteris_obscura,Lichonycteris,Burmeistera_spc,Campanulaceae,Burmeistera,0.544773902,5,54,545,5448
Bat_0340,5/5/2022,CR04,Understory,20,1,Bats,Lonchophylla_concava,Lonchophylla,Burmeistera_spc,Campanulaceae,Burmeistera,0.583717013,6,58,584,5837
Bat_1854,6/5/2023,CR08,Understory,26,1,Bats,Lichonycteris_obscura,Lichonycteris,Burmeistera_spc,Campanulaceae,Burmeistera,0.233204772,2,23,233,2332
Bat_1027,7/11/2022,CR14,Understory,37,1,Bats,Lonchophylla_concava,Lonchophylla,Burmeistera_spc,Campanulaceae,Burmeistera,0.249087861,2,25,249,2491
Bat_0312,24/04/2022,OG38,Understory,NA,1,Bats,Lonchophylla_concava,Lonchophylla,Burmeistera_spc,Campanulaceae,Burmeistera,0.78418912,8,78,784,7842
Bat_0525,24/05/2022,OG48,Understory,NA,1,Bats,Lonchophylla_concava,Lonchophylla,Burmeistera_spc,Campanulaceae,Burmeistera,0.504777795,5,50,505,5048
Bat_1080,14/11/2022,PR32,Understory,15,1,Bats,Lichonycteris_obscura,Lichonycteris,Burmeistera_spc,Campanulaceae,Burmeistera,0.458351697,5,46,458,4584
Bat_0329,4/5/2022,CR04,Understory,20,1,Bats,Lichonycteris_obscura,Lichonycteris,Campanulaceae_spc,Campanulaceae,Campanulaceae spc,0.129830301,1,13,130,1298
Bat_0905,25/10/2022,OG49,Understory,NA,1,Bats,Lichonycteris_obscura,Lichonycteris,Caryocar_glabrum,Caryocaraceae,Caryocar,0.229576156,2,23,230,2296
Bat_2292,1/11/2023,CR01,Understory,5,1,Bats,Lichonycteris_obscura,Lichonycteris,Cecropia_garciae,Urticaceae,Cecropia,0.130000703,1,13,130,1300
Bat_2265,29/10/2023,PR25,Understory,5,1,Bats,Lonchophylla_chocoana,Lonchophylla,Cecropia_garciae,Urticaceae,Cecropia,0.354140553,4,35,354,3541
Bat_0114,2/4/2022,CR03,Understory,4,1,Bats,Lonchophylla_concava,Lonchophylla,Cecropia_insignis,Urticaceae,Cecropia,0.201844818,2,20,202,2018
Bat_1713,23/04/2023,CR17,Understory,8,1,Bats,Lonchophylla_concava,Lonchophylla,Cecropia_insignis,Urticaceae,Cecropia,0.184464809,2,18,184,1845
Bat_1963,20/05/2023,OG28,Understory,NA,1,Bats,Lichonycteris_obscura,Lichonycteris,Cecropia_insignis,Urticaceae,Cecropia,0.259898877,3,26,260,2599
Bat_0905,25/10/2022,OG49,Understory,NA,1,Bats,Lichonycteris_obscura,Lichonycteris,Cecropia_insignis,Urticaceae,Cecropia,0.194339218,2,19,194,1943
Bat_0861,24/09/2022,PA54,Understory,0,1,Bats,Glossophaga_soricina,Glossophaga,Cecropia_insignis,Urticaceae,Cecropia,0.107622671,1,11,108,1076
Bat_2265,29/10/2023,PR25,Understory,5,1,Bats,Lonchophylla_chocoana,Lonchophylla,Cecropia_insignis,Urticaceae,Cecropia,0.109008106,1,11,109,1090
Bat_1080,14/11/2022,PR32,Understory,15,1,Bats,Lichonycteris_obscura,Lichonycteris,Centropogon_sp._1_MK-2015,Campanulaceae,Centropogon,0.336901089,3,34,337,3369
Bat_1219,22/03/2023,CA59,Understory,0,1,Bats,Glossophaga_soricina,Glossophaga,Chelonanthus_acutangulus,Gentianaceae,Chelonanthus,0.668276069,7,67,668,6683
Bat_0797,10/9/2022,CA60,Understory,0,1,Bats,Glossophaga_soricina,Glossophaga,Chelonanthus_acutangulus,Gentianaceae,Chelonanthus,0.712968623,7,71,713,7130
Bat_2292,1/11/2023,CR01,Understory,5,1,Bats,Lichonycteris_obscura,Lichonycteris,Clusia_nemorosa,Clusiaceae,Clusia,0.29220277,3,29,292,2922
Bat_0356,6/5/2022,PR21,Understory,35,1,Bats,Lichonycteris_obscura,Lichonycteris,Clusia_nemorosa,Clusiaceae,Clusia,0.123848381,1,12,124,1238
Bat_1854,6/5/2023,CR08,Understory,26,1,Bats,Lichonycteris_obscura,Lichonycteris,Conostegia_cuatrecasasii,Melastomataceae,Conostegia,0.304152839,3,30,304,3042
Bat_1955,20/05/2023,OG28,Understory,NA,1,Bats,Lichonycteris_obscura,Lichonycteris,Conostegia_cuatrecasasii,Melastomataceae,Conostegia,0.320675105,3,32,321,3207
Bat_1050,14/11/2022,PR32,Understory,15,1,Bats,Lichonycteris_obscura,Lichonycteris,Conostegia_cuatrecasasii,Melastomataceae,Conostegia,0.574829575,6,57,575,5748
Bat_0114,2/4/2022,CR03,Understory,4,1,Bats,Lonchophylla_concava,Lonchophylla,Coussapoa_villosa,Urticaceae,Coussapoa,0.139989148,1,14,140,1400
Bat_0305,19/04/2022,CA62,Understory,0,1,Bats,Lonchophylla_robusta,Lonchophylla,Malvaceae_spc,Malvaceae,Malvaceae spc,0.154126767,2,15,154,1541
Bat_1713,23/04/2023,CR17,Understory,8,1,Bats,Lonchophylla_concava,Lonchophylla,Malvaceae_spc,Malvaceae,Malvaceae spc,0.120441369,1,12,120,1204
Bat_2261,23/10/2023,OG37,Understory,NA,1,Bats,Lonchophylla_concava,Lonchophylla,Malvaceae_spc,Malvaceae,Malvaceae spc,0.606444273,6,61,606,6064
Bat_0525,24/05/2022,OG48,Understory,NA,1,Bats,Lonchophylla_concava,Lonchophylla,Malvaceae_spc,Malvaceae,Malvaceae spc,0.149855908,1,15,150,1499
Bat_1219,22/03/2023,CA59,Understory,0,1,Bats,Glossophaga_soricina,Glossophaga,Marcgravia_umbellata,Marcgraviaceae,Marcgravia,0.123923946,1,12,124,1239
Bat_2292,1/11/2023,CR01,Understory,5,1,Bats,Lichonycteris_obscura,Lichonycteris,Marcgravia_umbellata,Marcgraviaceae,Marcgravia,0.119384096,1,12,119,1194
Bat_1201,17/12/2022,PR33,Understory,1,1,Bats,Lonchophylla_chocoana,Lonchophylla,Marcgravia_umbellata,Marcgraviaceae,Marcgravia,0.558801604,6,56,559,5588
Bat_0305,19/04/2022,CA62,Understory,0,1,Bats,Lonchophylla_robusta,Lonchophylla,Matisia_castano,Malvaceae,Matisia,0.13999088,1,14,140,1400
Bat_2261,23/10/2023,OG37,Understory,NA,1,Bats,Lonchophylla_concava,Lonchophylla,Matisia_castano,Malvaceae,Matisia,0.188227091,2,19,188,1882
Bat_1172,13/12/2022,CR13,Understory,1,1,Bats,Lonchophylla_concava,Lonchophylla,Miconia_cooperi,Melastomataceae,Miconia,0.133747587,1,13,134,1337
Bat_1955,20/05/2023,OG28,Understory,NA,1,Bats,Lichonycteris_obscura,Lichonycteris,Miconia_dorsiloba,Melastomataceae,Miconia,0.340398391,3,34,340,3404
Bat_1963,20/05/2023,OG28,Understory,NA,1,Bats,Lichonycteris_obscura,Lichonycteris,Miconia_dorsiloba,Melastomataceae,Miconia,0.286164554,3,29,286,2862
Bat_1469,11/4/2023,OG42,Understory,NA,1,Bats,Lichonycteris_obscura,Lichonycteris,Miconia_dorsiloba,Melastomataceae,Miconia,0.68413846,7,68,684,6841
Bat_1854,6/5/2023,CR08,Understory,26,1,Bats,Lichonycteris_obscura,Lichonycteris,Miconia_sp.1,Melastomataceae,Miconia,0.188985559,2,19,189,1890
Bat_0292,19/04/2022,CA62,Understory,0,1,Bats,Lonchophylla_concava,Lonchophylla,Moringa_oleifera,Moringaceae,Moringa,0.373692822,4,37,374,3737
Bat_0292,19/04/2022,CA62,Understory,0,1,Bats,Lonchophylla_concava,Lonchophylla,Moringa_spc,Moringaceae,Moringa,0.334139575,3,33,334,3341
Bat_0094,1/4/2022,CR03,Understory,4,1,Bats,Lichonycteris_obscura,Lichonycteris,Myriocarpa_cordifolia,Urticaceae,Myriocarpa,0.289177828,3,29,289,2892
Bat_2265,29/10/2023,PR25,Understory,5,1,Bats,Lonchophylla_chocoana,Lonchophylla,Ochroma_pyramidale,Malvaceae,Ochroma,0.144814908,1,14,145,1448
Bat_2265,29/10/2023,PR25,Understory,5,1,Bats,Lonchophylla_chocoana,Lonchophylla,Palicourea_allenii,Rubiaceae,Palicourea,0.118408958,1,12,118,1184
Bat_1347,29/03/2023,CR05,Understory,11,1,Bats,Lichonycteris_obscura,Lichonycteris,Passiflora_auriculata,Passifloraceae,Passiflora,0.138040812,1,14,138,1380
Bat_1173,13/12/2022,CR13,Understory,1,1,Bats,Lonchophylla_concava,Lonchophylla,Piper_augustum,Piperaceae,Piper,0.859355891,9,86,859,8594
Bat_1713,23/04/2023,CR17,Understory,8,1,Bats,Lonchophylla_concava,Lonchophylla,Piper_augustum,Piperaceae,Piper,0.112274796,1,11,112,1123
Bat_2431,22/11/2023,CR02,Understory,7,1,Bats,Lichonycteris_obscura,Lichonycteris,Piper_flagellicuspe,Piperaceae,Piper,0.333769089,3,33,334,3338
Bat_1040,8/11/2022,CR14,Understory,37,1,Bats,Lonchophylla_robusta,Lonchophylla,Piper_flagellicuspe,Piperaceae,Piper,0.162721036,2,16,163,1627
Bat_1050,14/11/2022,PR32,Understory,15,1,Bats,Lichonycteris_obscura,Lichonycteris,Piper_flagellicuspe,Piperaceae,Piper,0.272679601,3,27,273,2727
Bat_0250,17/04/2022,CA62,Understory,0,1,Bats,Lonchophylla_robusta,Lonchophylla,Piper_pequeina,Piperaceae,Piper,0.278975193,3,28,279,2790
Bat_1347,29/03/2023,CR05,Understory,11,1,Bats,Lichonycteris_obscura,Lichonycteris,Piper_pequeina,Piperaceae,Piper,0.404206461,4,40,404,4042
Bat_1007,6/11/2022,PR34,Understory,37,1,Bats,Lonchophylla_concava,Lonchophylla,Pleurothyrium_sp.1,Lauraceae,Pleurothyrium,0.121648979,1,12,122,1216
Bat_1007,6/11/2022,PR34,Understory,37,1,Bats,Lonchophylla_concava,Lonchophylla,Solanum_lycopersicum,Solanaceae,Solanum,0.142936016,1,14,143,1429
Bat_0305,19/04/2022,CA62,Understory,0,1,Bats,Lonchophylla_robusta,Lonchophylla,Spermacoce_alata,Rubiaceae,Spermacoce,0.264021888,3,26,264,2640
Bat_0335,5/5/2022,CR04,Understory,20,1,Bats,Choeroniscus_periosus,Choeroniscus,Stellaria_media,Caryophyllaceae,Stellaria,0.505447655,5,51,505,5054
Bat_2418,12/11/2023,CR10,Understory,23,1,Bats,Lichonycteris_obscura,Lichonycteris,Stellaria_media,Caryophyllaceae,Stellaria,0.637999823,6,64,638,6380
Bat_1201,17/12/2022,PR33,Understory,1,1,Bats,Lonchophylla_chocoana,Lonchophylla,Stellaria_media,Caryophyllaceae,Stellaria,0.305633453,3,31,306,3056
Bat_0335,5/5/2022,CR04,Understory,20,1,Bats,Choeroniscus_periosus,Choeroniscus,Stellaria_spc,Caryophyllaceae,Stellaria,0.19895784,2,20,199,1990
Bat_0094,1/4/2022,CR03,Understory,4,1,Bats,Lichonycteris_obscura,Lichonycteris,Trema_integerrima,Cannabaceae,Trema,0.168051618,2,17,168,1681
Bat_0114,2/4/2022,CR03,Understory,4,1,Bats,Lonchophylla_concava,Lonchophylla,Trema_integerrima,Cannabaceae,Trema,0.126786037,1,13,127,1268
UD22_1611,6/11/2023,CA59,Understory,0,1,Colletidae_Centridinae,Centris_dichrootricha,Centris,Ipomoea_philomega,Convolvulaceae,Ipomoea,0.190463806,2,19,190,1905
UD22_1312,31/03/2023,PA55,Understory,0,3,Halictidae_Augochlorini,Augochloropsis_sp2,Augochloropsis,Acalypha_diversifolia,Euphorbiaceae,Acalypha,0.274390244,3,27,274,2744
UD22_1325,6/4/2023,PA57,Understory,0,1,Halictidae_Augochlorini,Augochlora_sp4,Augochlora,Baltimora_recta,Asteraceae,Baltimora,0.191754236,2,19,192,1918
UD22_1329,6/4/2023,PA57,Understory,0,1,Halictidae_Augochlorini,Augochlora_sp9_/_(Oxystoglossella),Augochlora,Baltimora_recta,Asteraceae,Baltimora,0.214496238,2,21,214,2145
UD22_1612,4/11/2023,PA56,Understory,0,1,Halictidae_Augochlorini,Augochlora_sp15,Augochlora,Begonia_fischeri,Begoniaceae,Begonia,0.716831426,7,72,717,7168
BAU_0231,6/4/2023,CA62,Understory,0,1,Halictidae_Augochlorini,Augochloropsis_sp2,Augochloropsis,Cecropia_insignis,Urticaceae,Cecropia,0.357250923,4,36,357,3573
UD22_1331,6/4/2023,PA57,Understory,0,2,Halictidae_Augochlorini,Corynura_(Corynura)_sp2,Corynura,Cestrum_schlechtendalii,Solanaceae,Cestrum,0.350882029,4,35,351,3509
UD22_1325,6/4/2023,PA57,Understory,0,1,Halictidae_Augochlorini,Augochlora_sp4,Augochlora,Clibadium_grandifolium,Asteraceae,Clibadium,0.758591309,8,76,759,7586
UD22_1329,6/4/2023,PA57,Understory,0,1,Halictidae_Augochlorini,Augochlora_sp9_/_(Oxystoglossella),Augochlora,Clibadium_grandifolium,Asteraceae,Clibadium,0.743077639,7,74,743,7431
BAU_0234,6/4/2023,CA62,Understory,0,5,Halictidae_Augochlorini,Augochloropsis_sp5,Augochloropsis,Clidemia_dentata,Melastomataceae,Clidemia,0.107931114,1,11,108,1079
BAU_0296,18/03/2023,CA64,Understory,0,1,Halictidae_Augochlorini,Augochloropsis_sp1,Augochloropsis,Clidemia_dentata,Melastomataceae,Clidemia,0.152925829,2,15,153,1529
UD22_1330,6/4/2023,PA57,Understory,0,1,Halictidae_Augochlorini,Augochloropsis_sp2,Augochloropsis,Clusia_lineata,Clusiaceae,Clusia,0.124611224,1,12,125,1246
BAU_0291,17/03/2023,CA63,Understory,0,1,Halictidae_Augochlorini,Corynura_(Corynura)_sp2,Corynura,Cyathula_prostrata,Amaranthaceae,Cyathula,0.219670563,2,22,220,2197
UD22_1314,10/4/2023,PR23,Understory,1,2,Halictidae_Augochlorini,Augochlora_sp9_/_(Oxystoglossella),Augochlora,Cybianthus_kayapii,Primulaceae,Cybianthus,0.126276122,1,13,126,1263
UD22_1330,6/4/2023,PA57,Understory,0,1,Halictidae_Augochlorini,Augochloropsis_sp2,Augochloropsis,Cyperus_spc,Cyperaceae,Cyperus,0.333739013,3,33,334,3337
UD22_1590,9/10/2023,PA53,Understory,0,1,Halictidae_Augochlorini,Halictus_sp,Halictus,Digitaria_ischaemum,Poaceae,Digitaria,0.24571274,2,25,246,2457
UD22_1737,9/10/2023,PA53,Understory,0,1,Halictidae_Augochlorini,Augochlora_sp8,Augochlora,Elephantopus_mollis,Asteraceae,Elephantopus,0.379513151,4,38,380,3795
UD22_1590,9/10/2023,PA53,Understory,0,1,Halictidae_Augochlorini,Halictus_sp,Halictus,Elephantopus_mollis,Asteraceae,Elephantopus,0.164565864,2,16,165,1646
BAU_0235,6/4/2023,CA62,Understory,0,2,Halictidae_Augochlorini,Corynura_(Corynura)_sp2,Corynura,Emilia_sonchifolia,Asteraceae,Emilia,0.165927562,2,17,166,1659
BAU_0235,6/4/2023,CA62,Understory,0,2,Halictidae_Augochlorini,Corynura_(Corynura)_sp2,Corynura,Emilia_spc,Asteraceae,Emilia,0.291273734,3,29,291,2913
UD22_1555,4/11/2023,CA60,Understory,0,1,Halictidae_Augochlorini,Augochlorella_sp3,Augochlorella,Guarea_guentheri,Meliaceae,Guarea,0.164166724,2,16,164,1642
BAU_0231,6/4/2023,CA62,Understory,0,1,Halictidae_Augochlorini,Augochloropsis_sp2,Augochloropsis,Guarea_guentheri,Meliaceae,Guarea,0.148133316,1,15,148,1481
UD22_1312,31/03/2023,PA55,Understory,0,3,Halictidae_Augochlorini,Augochloropsis_sp2,Augochloropsis,Henriettella_lawrancei,Melastomataceae,Henriettella,0.101685796,1,10,102,1017
UD22_1331,6/4/2023,PA57,Understory,0,2,Halictidae_Augochlorini,Corynura_(Corynura)_sp2,Corynura,Hidalgoa_spc,Asteraceae,Hidalgoa,0.178128445,2,18,178,1781
BAU_0289,17/03/2023,CA63,Understory,0,1,Halictidae_Augochlorini,Augochlora_sp15,Augochlora,Hydrocotyle_spc,Araliaceae,Hydrocotyle,0.508841488,5,51,509,5088
BAU_0290,17/03/2023,CA63,Understory,0,1,Halictidae_Augochlorini,Augochlorella_sp2,Augochlorella,Hydrocotyle_spc,Araliaceae,Hydrocotyle,0.617522659,6,62,618,6175
BAU_0291,17/03/2023,CA63,Understory,0,1,Halictidae_Augochlorini,Corynura_(Corynura)_sp2,Corynura,Hydrocotyle_spc,Araliaceae,Hydrocotyle,0.709794272,7,71,710,7098
BAU_0290,17/03/2023,CA63,Understory,0,1,Halictidae_Augochlorini,Augochlorella_sp2,Augochlorella,Hyptis_atrorubens,Lamiaceae,Hyptis,0.171869755,2,17,172,1719
UD22_1330,6/4/2023,PA57,Understory,0,1,Halictidae_Augochlorini,Augochloropsis_sp2,Augochloropsis,Hyptis_atrorubens,Lamiaceae,Hyptis,0.163556457,2,16,164,1636
UD22_1331,6/4/2023,PA57,Understory,0,2,Halictidae_Augochlorini,Corynura_(Corynura)_sp2,Corynura,Hyptis_atrorubens,Lamiaceae,Hyptis,0.335515436,3,34,336,3355
BAU_0200,29/03/2023,PR33,Understory,1,1,Halictidae_Augochlorini,Corynura_(Corynura)_sp2,Corynura,Hyptis_atrorubens,Lamiaceae,Hyptis,0.192383815,2,19,192,1924
BAU_0290,17/03/2023,CA63,Understory,0,1,Halictidae_Augochlorini,Augochlorella_sp2,Augochlorella,Hyptis_lappulacea,Lamiaceae,Hyptis,0.149446123,1,15,149,1494
UD22_1637,6/11/2023,CA59,Understory,0,1,Halictidae_Augochlorini,Augochlorella_cf_tredecim,Augochlorella,Inga_manabiensis,Fabaceae,Inga,0.129803587,1,13,130,1298
BAU_0276,26/03/2023,PA54,Understory,0,1,Halictidae_Augochlorini,Augochlorella_sp2,Augochlorella,Ludwigia_hyssopifolia,Onagraceae,Ludwigia,0.497612877,5,50,498,4976
UD22_1608,4/11/2023,CA60,Understory,0,2,Halictidae_Augochlorini,Augochloropsis_sp,Augochloropsis,Magnoliopsida_spc,Magnoliopsida spc,Magnoliopsida spc,0.175390518,2,18,175,1754
UD22_1677,9/10/2023,PA53,Understory,0,1,Halictidae_Augochlorini,Augochlora_sp7,Augochlora,Magnoliopsida_spc,Magnoliopsida spc,Magnoliopsida spc,0.154578941,2,15,155,1546
UD22_1587,4/11/2023,PA56,Understory,0,4,Halictidae_Augochlorini,Augochloropsis_sp4,Augochloropsis,Magnoliopsida_spc,Magnoliopsida spc,Magnoliopsida spc,0.187780997,2,19,188,1878
BAU_0248,12/3/2023,PR26,Understory,27,1,Halictidae_Augochlorini,Augochlora_sp9_/_(Oxystoglossella),Augochlora,Melanthera_nivea,Asteraceae,Melanthera,0.901845363,9,90,902,9018
UD22_1312,31/03/2023,PA55,Understory,0,3,Halictidae_Augochlorini,Augochloropsis_sp2,Augochloropsis,Moraceae_spc,Moraceae,Moraceae spc,0.276901004,3,28,277,2769
UD22_1705,9/10/2023,PA53,Understory,0,1,Halictidae_Augochlorini,Augochlora_sp11,Augochlora,Nepsera_aquatica,Melastomataceae,Nepsera,0.290178961,3,29,290,2902
BAU_0234,6/4/2023,CA62,Understory,0,5,Halictidae_Augochlorini,Augochloropsis_sp5,Augochloropsis,Ossaea_quadrisulca,Melastomataceae,Ossaea,0.183879361,2,18,184,1839
UD22_1314,10/4/2023,PR23,Understory,1,2,Halictidae_Augochlorini,Augochlora_sp9_/_(Oxystoglossella),Augochlora,Ossaea_quadrisulca,Melastomataceae,Ossaea,0.132374101,1,13,132,1324
BAU_0235,6/4/2023,CA62,Understory,0,2,Halictidae_Augochlorini,Corynura_(Corynura)_sp2,Corynura,Passovia_pyrifolia,Loranthaceae,Passovia,0.257063732,3,26,257,2571
UD22_1555,4/11/2023,CA60,Understory,0,1,Halictidae_Augochlorini,Augochlorella_sp3,Augochlorella,Paullinia_clathrata,Sapindaceae,Paullinia,0.357710652,4,36,358,3577
UD22_1641,29/10/2023,OG51,Understory,NA,1,Halictidae_Augochlorini,Augochlora_sp9_/_(Oxystoglossella),Augochlora,Paullinia_clathrata,Sapindaceae,Paullinia,0.170936356,2,17,171,1709
UD22_1629,7/11/2023,CA61,Understory,0,1,Halictidae_Augochlorini,Neocorynura_sp2,Neocorynura,Piper_grande,Piperaceae,Piper,0.127701978,1,13,128,1277
BAU_0298,18/03/2023,CA64,Understory,0,1,Halictidae_Augochlorini,Corynura_(Corynura)_sp2,Corynura,Piper_hispidum,Piperaceae,Piper,0.800797948,8,80,801,8008
BAU_0200,29/03/2023,PR33,Understory,1,1,Halictidae_Augochlorini,Corynura_(Corynura)_sp2,Corynura,Piper_marginatum,Piperaceae,Piper,0.105941211,1,11,106,1059
BAU_0325,4/4/2023,CR05,Understory,11,1,Halictidae_Augochlorini,Augochloropsis_sp4,Augochloropsis,Piper_multiplinervium,Piperaceae,Piper,0.907717082,9,91,908,9077
UD22_1739,25/11/2023,PR27,Understory,26,1,Halictidae_Augochlorini,Neocorynura_sp2,Neocorynura,Piper_multiplinervium,Piperaceae,Piper,0.458294038,5,46,458,4583
UD22_1677,9/10/2023,PA53,Understory,0,1,Halictidae_Augochlorini,Augochlora_sp7,Augochlora,Piper_pequeina,Piperaceae,Piper,0.136352089,1,14,136,1364
BAU_0197,29/03/2023,PR33,Understory,1,1,Halictidae_Augochlorini,Augochloropsis_sp2,Augochloropsis,Rhexia_spc,Melastomataceae,Rhexia,0.109953392,1,11,110,1100
UD22_1737,9/10/2023,PA53,Understory,0,1,Halictidae_Augochlorini,Augochlora_sp8,Augochlora,Sabicea_villosa,Rubiaceae,Sabicea,0.494472581,5,49,494,4945
UD22_1739,25/11/2023,PR27,Understory,26,1,Halictidae_Augochlorini,Neocorynura_sp2,Neocorynura,Sapium_glandulosum,Euphorbiaceae,Sapium,0.139840721,1,14,140,1398
UD22_1629,7/11/2023,CA61,Understory,0,1,Halictidae_Augochlorini,Neocorynura_sp2,Neocorynura,Saurauia_herthae,Actinidiaceae,Saurauia,0.807680515,8,81,808,8077
UD22_1608,4/11/2023,CA60,Understory,0,2,Halictidae_Augochlorini,Augochloropsis_sp,Augochloropsis,Sauvagesia_erecta,Ochnaceae,Sauvagesia,0.59701288,6,60,597,5970
UD22_1705,9/10/2023,PA53,Understory,0,1,Halictidae_Augochlorini,Augochlora_sp11,Augochlora,Sauvagesia_erecta,Ochnaceae,Sauvagesia,0.411479703,4,41,411,4115
UD22_1677,9/10/2023,PA53,Understory,0,1,Halictidae_Augochlorini,Augochlora_sp7,Augochlora,Sauvagesia_erecta,Ochnaceae,Sauvagesia,0.613870189,6,61,614,6139
UD22_1590,9/10/2023,PA53,Understory,0,1,Halictidae_Augochlorini,Halictus_sp,Halictus,Sauvagesia_erecta,Ochnaceae,Sauvagesia,0.287963213,3,29,288,2880
UD22_1587,4/11/2023,PA56,Understory,0,4,Halictidae_Augochlorini,Augochloropsis_sp4,Augochloropsis,Sauvagesia_erecta,Ochnaceae,Sauvagesia,0.306723948,3,31,307,3067
BAU_0197,29/03/2023,PR33,Understory,1,1,Halictidae_Augochlorini,Augochloropsis_sp2,Augochloropsis,Sauvagesia_erecta,Ochnaceae,Sauvagesia,0.399445322,4,40,399,3994
BAU_0296,18/03/2023,CA64,Understory,0,1,Halictidae_Augochlorini,Augochloropsis_sp1,Augochloropsis,Solanum_schlechtendalianum,Solanaceae,Solanum,0.74226612,7,74,742,7423
BAU_0298,18/03/2023,CA64,Understory,0,1,Halictidae_Augochlorini,Corynura_(Corynura)_sp2,Corynura,Solanum_schlechtendalianum,Solanaceae,Solanum,0.15445996,2,15,154,1545
BAU_0297,18/03/2023,CA64,Understory,0,1,Halictidae_Augochlorini,Augochloropsis_sp7,Augochloropsis,Solanum_spc,Solanaceae,Solanum,0.771352006,8,77,771,7714
BAU_0234,6/4/2023,CA62,Understory,0,5,Halictidae_Augochlorini,Augochloropsis_sp5,Augochloropsis,Spermacoce_alata,Rubiaceae,Spermacoce,0.219667605,2,22,220,2197
BAU_0276,26/03/2023,PA54,Understory,0,1,Halictidae_Augochlorini,Augochlorella_sp2,Augochlorella,Spermacoce_remota,Rubiaceae,Spermacoce,0.363115537,4,36,363,3631
UD22_1312,31/03/2023,PA55,Understory,0,3,Halictidae_Augochlorini,Augochloropsis_sp2,Augochloropsis,Sphyrospermum_microphyllum,Ericaceae,Sphyrospermum,0.103479197,1,10,103,1035
UD22_1637,6/11/2023,CA59,Understory,0,1,Halictidae_Augochlorini,Augochlorella_cf_tredecim,Augochlorella,Stellaria_media,Caryophyllaceae,Stellaria,0.103672075,1,10,104,1037
BAU_0212,13/04/2023,CR10,Understory,23,1,Halictidae_Augochlorini,Augochlora_sp3,Augochlora,Stellaria_media,Caryophyllaceae,Stellaria,0.44273086,4,44,443,4427
BAU_0200,29/03/2023,PR33,Understory,1,1,Halictidae_Augochlorini,Corynura_(Corynura)_sp2,Corynura,Stellaria_media,Caryophyllaceae,Stellaria,0.193941504,2,19,194,1939
UD22_1641,29/10/2023,OG51,Understory,NA,1,Halictidae_Augochlorini,Augochlora_sp9_/_(Oxystoglossella),Augochlora,Triplaris_cumingiana,Polygonaceae,Triplaris,0.574221191,6,57,574,5742
UD22_1587,4/11/2023,PA56,Understory,0,4,Halictidae_Augochlorini,Augochloropsis_sp4,Augochloropsis,Urochloa_comata,Poaceae,Urochloa,0.175142372,2,18,175,1751
UD22_1587,4/11/2023,PA56,Understory,0,4,Halictidae_Augochlorini,Augochloropsis_sp4,Augochloropsis,Urochloa_ruziziensis,Poaceae,Urochloa,0.154161255,2,15,154,1542
UD22_1739,25/11/2023,PR27,Understory,26,1,Halictidae_Augochlorini,Neocorynura_sp2,Neocorynura,Virola_aff._Reidii,Myristicaceae,Virola,0.105155611,1,11,105,1052
BAU_0257,20/04/2023,CR09,Understory,5,1,Halictidae_Hylaeini,Hylaeus_sp,Hylaeus,Piper_multiplinervium,Piperaceae,Piper,0.72075785,7,72,721,7208
BAU_0257,20/04/2023,CR09,Understory,5,1,Halictidae_Hylaeini,Hylaeus_sp,Hylaeus,Virola_aff._Reidii,Myristicaceae,Virola,0.23791028,2,24,238,2379
UD22_0740,31/10/2022,CR16,Understory,7,1,Halictidae_Megalopta,Megalopta_genalis_gr,Megalopta,Acalypha_diversifolia,Euphorbiaceae,Acalypha,0.127309535,1,13,127,1273
UD22_0688,16/10/2022,CR12,Understory,14,1,Halictidae_Megalopta,Megalopta_genalis_gr_sp2,Megalopta,Bunchosia_cornifolia,Malpighiaceae,Bunchosia,0.386435816,4,39,386,3864
UD22_0362,23/05/2022,OG38,Canopy,NA,1,Halictidae_Megalopta,Megalopta_genalis_gr,Megalopta,Bunchosia_cornifolia,Malpighiaceae,Bunchosia,0.658101145,7,66,658,6581
UD22_0213,5/4/2022,CA62,Understory,0,1,Halictidae_Megalopta,Megalopta_genalis_gr,Megalopta,Cecropia_insignis,Urticaceae,Cecropia,0.210228585,2,21,210,2102
UD22_0210,5/4/2022,CR05,Understory,11,1,Halictidae_Megalopta,Megalopta_genalis_gr,Megalopta,Cecropia_insignis,Urticaceae,Cecropia,0.538768216,5,54,539,5388
BAU_0310,13/04/2023,CR10,Understory,23,1,Halictidae_Megalopta,Megalopta_genalis_gr_sp2,Megalopta,Cecropia_insignis,Urticaceae,Cecropia,0.518293236,5,52,518,5183
UD22_0740,31/10/2022,CR16,Understory,7,1,Halictidae_Megalopta,Megalopta_genalis_gr,Megalopta,Cecropia_insignis,Urticaceae,Cecropia,0.756671989,8,76,757,7567
UD22_0817,26/04/2022,OG42,Canopy,NA,3,Halictidae_Megalopta,Megalopta_genalis_gr,Megalopta,Cecropia_insignis,Urticaceae,Cecropia,0.111308656,1,11,111,1113
UD22_0818,19/11/2022,OG44,Understory,NA,1,Halictidae_Megalopta,Megalopta_genalis_gr,Megalopta,Cecropia_insignis,Urticaceae,Cecropia,0.228153459,2,23,228,2282
UD22_0814,19/11/2022,OG44,Canopy,NA,1,Halictidae_Megalopta,Megalopta_genalis_gr,Megalopta,Cecropia_insignis,Urticaceae,Cecropia,0.187030717,2,19,187,1870
UD22_0742,25/10/2022,OG48,Canopy,NA,1,Halictidae_Megalopta,Megalopta_genalis_gr,Megalopta,Cecropia_insignis,Urticaceae,Cecropia,0.77942029,8,78,779,7794
UD22_0183,26/04/2022,PR26,Understory,27,2,Halictidae_Megalopta,Megalopta_genalis_gr,Megalopta,Cecropia_insignis,Urticaceae,Cecropia,0.132099907,1,13,132,1321
BAU_0310,13/04/2023,CR10,Understory,23,1,Halictidae_Megalopta,Megalopta_genalis_gr_sp2,Megalopta,Cecropia_spc,Urticaceae,Cecropia,0.111211984,1,11,111,1112
UD22_0821,14/11/2022,CR01,Understory,5,2,Halictidae_Megalopta,Megalopta_genalis_gr,Megalopta,Clusia_nemorosa,Clusiaceae,Clusia,0.510552225,5,51,511,5106
UD22_0828,14/11/2022,OG37,Canopy,NA,1,Halictidae_Megalopta,Megalopta_genalis_gr,Megalopta,Clusia_nemorosa,Clusiaceae,Clusia,0.974080772,10,97,974,9741
UD22_0359,23/05/2022,OG38,Canopy,NA,1,Halictidae_Megalopta,Megalopta_genalis_gr_sp2,Megalopta,Clusia_nemorosa,Clusiaceae,Clusia,0.893103155,9,89,893,8931
UD22_0360,23/05/2022,OG38,Canopy,NA,1,Halictidae_Megalopta,Megalopta_genalis_gr_sp2,Megalopta,Clusia_nemorosa,Clusiaceae,Clusia,0.245293032,2,25,245,2453
UD22_0817,26/04/2022,OG42,Canopy,NA,3,Halictidae_Megalopta,Megalopta_genalis_gr,Megalopta,Clusia_nemorosa,Clusiaceae,Clusia,0.771229949,8,77,771,7712
UD22_0319,7/5/2022,OG43,Understory,NA,1,Halictidae_Megalopta,Megalopta_genalis_gr,Megalopta,Clusia_nemorosa,Clusiaceae,Clusia,0.844732389,8,84,845,8447
UD22_0472,7/5/2022,OG43,Canopy,NA,1,Halictidae_Megalopta,Megalopta_genalis_gr,Megalopta,Clusia_nemorosa,Clusiaceae,Clusia,0.40285947,4,40,403,4029
UD22_0818,19/11/2022,OG44,Understory,NA,1,Halictidae_Megalopta,Megalopta_genalis_gr,Megalopta,Clusia_nemorosa,Clusiaceae,Clusia,0.213669831,2,21,214,2137
UD22_0207,5/4/2022,PR22,Understory,11,1,Halictidae_Megalopta,Megalopta_genalis_gr,Megalopta,Clusia_nemorosa,Clusiaceae,Clusia,0.951819316,10,95,952,9518
UD22_0183,26/04/2022,PR26,Understory,27,2,Halictidae_Megalopta,Megalopta_genalis_gr,Megalopta,Clusia_nemorosa,Clusiaceae,Clusia,0.61813136,6,62,618,6181
UD22_0311,7/5/2022,OG28,Canopy,NA,2,Halictidae_Megalopta,Megalopta_genalis_gr,Megalopta,Clusia_nemorosa,Clusiaceae,Clusia,0.492889561,5,49,493,4929
UD22_0695,17/10/2022,PR31,Canopy,15,1,Halictidae_Megalopta,Megalopta_genalis_gr,Megalopta,Clusia_nemorosa,Clusiaceae,Clusia,0.942779635,9,94,943,9428
UD22_0725,26/10/2022,OG49,Canopy,NA,1,Halictidae_Megalopta,Megalopta_genalis_gr,Megalopta,Conceveiba_martiana,Euphorbiaceae,Conceveiba,0.462852958,5,46,463,4629
UD22_0814,19/11/2022,OG44,Canopy,NA,1,Halictidae_Megalopta,Megalopta_genalis_gr,Megalopta,Ficus_sp._Clement_184,Moraceae,Ficus,0.163594994,2,16,164,1636
UD22_0821,14/11/2022,CR01,Understory,5,2,Halictidae_Megalopta,Megalopta_genalis_gr,Megalopta,Guettarda_crispiflora,Rubiaceae,Guettarda,0.463323098,5,46,463,4633
UD22_0187,22/04/2022,CA63,Understory,0,2,Halictidae_Megalopta,Megalopta_amoena,Megalopta,Hieronyma_alchorneoides,Phyllanthaceae,Hieronyma,0.60739411,6,61,607,6074
UD22_0360,23/05/2022,OG38,Canopy,NA,1,Halictidae_Megalopta,Megalopta_genalis_gr_sp2,Megalopta,Huberodendron_patinoi,Malvaceae,Huberodendron,0.67494756,7,67,675,6749
UD22_0311,7/5/2022,OG28,Canopy,NA,2,Halictidae_Megalopta,Megalopta_genalis_gr,Megalopta,Huberodendron_patinoi,Malvaceae,Huberodendron,0.423600605,4,42,424,4236
UD22_0209,5/4/2022,CR05,Understory,11,2,Halictidae_Megalopta,Megalopta_genalis_gr,Megalopta,Magnoliopsida_spc,Magnoliopsida spc,Magnoliopsida spc,0.832855093,8,83,833,8329
UD22_0148,28/03/2022,OG38,Canopy,NA,1,Halictidae_Megalopta,Megalopta_genalis_gr,Megalopta,Magnoliopsida_spc,Magnoliopsida spc,Magnoliopsida spc,0.842368975,8,84,842,8424
UD22_0743,25/10/2022,OG48,Canopy,NA,1,Halictidae_Megalopta,Megalopta_genalis_gr_sp2,Megalopta,Magnoliopsida_spc,Magnoliopsida spc,Magnoliopsida spc,0.527388894,5,53,527,5274
UD22_0312,7/5/2022,OG28,Canopy,NA,1,Halictidae_Megalopta,Megalopta_amoena,Megalopta,Magnoliopsida_spc,Magnoliopsida spc,Magnoliopsida spc,0.36200495,4,36,362,3620
UD22_0741,25/10/2022,OG48,Canopy,NA,1,Halictidae_Megalopta,Megalopta_genalis_gr,Megalopta,Manekia_naranjoana,Piperaceae,Manekia,0.337995338,3,34,338,3380
UD22_0743,25/10/2022,OG48,Canopy,NA,1,Halictidae_Megalopta,Megalopta_genalis_gr_sp2,Megalopta,Manekia_naranjoana,Piperaceae,Manekia,0.430705628,4,43,431,4307
UD22_0725,26/10/2022,OG49,Canopy,NA,1,Halictidae_Megalopta,Megalopta_genalis_gr,Megalopta,Manekia_naranjoana,Piperaceae,Manekia,0.134673285,1,13,135,1347
BAU_0310,13/04/2023,CR10,Understory,23,1,Halictidae_Megalopta,Megalopta_genalis_gr_sp2,Megalopta,Marcgravia_umbellata,Marcgraviaceae,Marcgravia,0.253744893,3,25,254,2537
UD22_0822,14/11/2022,PR25,Understory,5,1,Halictidae_Megalopta,Megalopta_genalis_gr,Megalopta,Marcgravia_umbellata,Marcgraviaceae,Marcgravia,0.882150487,9,88,882,8822
UD22_0187,22/04/2022,CA63,Understory,0,2,Halictidae_Megalopta,Megalopta_amoena,Megalopta,Miconia_affinis,Melastomataceae,Miconia,0.180825773,2,18,181,1808
UD22_0688,16/10/2022,CR12,Understory,14,1,Halictidae_Megalopta,Megalopta_genalis_gr_sp2,Megalopta,Miconia_laxivenula,Melastomataceae,Miconia,0.559010347,6,56,559,5590
UD22_0362,23/05/2022,OG38,Canopy,NA,1,Halictidae_Megalopta,Megalopta_genalis_gr,Megalopta,Solanaceae_spc,Solanaceae,Solanaceae spc,0.154967018,2,15,155,1550
UD22_0818,19/11/2022,OG44,Understory,NA,1,Halictidae_Megalopta,Megalopta_genalis_gr,Megalopta,Sorocea_jaramilloi,Moraceae,Sorocea,0.170993993,2,17,171,1710
UD22_0213,5/4/2022,CA62,Understory,0,1,Halictidae_Megalopta,Megalopta_genalis_gr,Megalopta,Stellaria_media,Caryophyllaceae,Stellaria,0.105172016,1,11,105,1052
UD22_0725,26/10/2022,OG49,Canopy,NA,1,Halictidae_Megalopta,Megalopta_genalis_gr,Megalopta,Stellaria_media,Caryophyllaceae,Stellaria,0.11811376,1,12,118,1181
UD22_0027,10/4/2022,PR26,Canopy,27,1,Megachilidae_Anthidiinae,Hypanthidioides_sp,Hypanthidioides,Vitex_orinocensis,Lamiaceae,Vitex,0.214659686,2,21,215,2147
UD22_0033,10/4/2022,PR26,Canopy,27,1,Megachilidae_Megachilini,Megachile_cf_amparo,Megachile,Eugenia_crassimarginata,Myrtaceae,Eugenia,0.486768665,5,49,487,4868
UD22_0531,22/04/2022,CR18,Canopy,9,1,Moth_Arctiinae,Aclytia_heber_773,Aclytia,Adenostemma_spc,Asteraceae,Adenostemma,0.242871984,2,24,243,2429
UD22_0777,27/10/2022,PA58,Understory,0,1,Moth_Arctiinae,Aclytia_heber_773,Aclytia,Cecropia_garciae,Urticaceae,Cecropia,0.474592046,5,47,475,4746
UD22_1055,30/04/2022,PR33,Understory,1,2,Moth_Arctiinae,Aclytia_heber_773,Aclytia,Heliotropiaceae_spc,Heliotropiaceae,Heliotropiaceae spc,0.679289941,7,68,679,6793
UD22_0531,22/04/2022,CR18,Canopy,9,1,Moth_Arctiinae,Aclytia_heber_773,Aclytia,Hieronyma_alchorneoides,Phyllanthaceae,Hieronyma,0.482511832,5,48,483,4825
UD22_0777,27/10/2022,PA58,Understory,0,1,Moth_Arctiinae,Aclytia_heber_773,Aclytia,Magnoliopsida_spc,Magnoliopsida spc,Magnoliopsida spc,0.355152944,4,36,355,3552
UD22_1055,30/04/2022,PR33,Understory,1,2,Moth_Arctiinae,Aclytia_heber_773,Aclytia,Magnoliopsida_spc,Magnoliopsida spc,Magnoliopsida spc,0.16765286,2,17,168,1677
UD22_0327,7/5/2022,OG43,Understory,NA,1,Moth_Arctiinae,Aclytia_heber_773,Aclytia,Tapirira_guianensis,Anacardiaceae,Tapirira,0.165994322,2,17,166,1660
UD22_0710,14/10/2022,CA60,Understory,0,1,Moth_Arctiinae,Aclytia_nr_heber_2017,Aclytia,Cecropia_insignis,Urticaceae,Cecropia,0.432726127,4,43,433,4327
UD22_1044,30/04/2022,PR33,Understory,1,1,Moth_Arctiinae,Aclytia_nr_heber_2017,Aclytia,Cecropia_spc,Urticaceae,Cecropia,0.227459016,2,23,227,2275
UD22_1044,30/04/2022,PR33,Understory,1,1,Moth_Arctiinae,Aclytia_nr_heber_2017,Aclytia,Cestrum_schlechtendalii,Solanaceae,Cestrum,0.411202186,4,41,411,4112
UD22_0710,14/10/2022,CA60,Understory,0,1,Moth_Arctiinae,Aclytia_nr_heber_2017,Aclytia,Inga_spc,Fabaceae,Inga,0.156491154,2,16,156,1565
UD22_1015,30/04/2022,CR13,Understory,1,1,Moth_Arctiinae,Aclytia_nr_heber_2017,Aclytia,Lantana_camara,Verbenaceae,Lantana,0.166270784,2,17,166,1663
UD22_1125,26/10/2022,OG49,Canopy,NA,1,Moth_Arctiinae,Agylla_cf_zucarina_853,Agylla,Bidens_pilosa,Asteraceae,Bidens,0.327586207,3,33,328,3276
UD22_1110,25/10/2022,OG50,Canopy,NA,1,Moth_Arctiinae,Agylla_cf_zucarina_853,Agylla,Caryophyllaceae_spc,Caryophyllaceae,Caryophyllaceae spc,0.343815514,3,34,344,3438
UD22_1115,25/10/2022,OG50,Canopy,NA,6,Moth_Arctiinae,Agylla_cf_zucarina_853,Agylla,Caryophyllaceae_spc,Caryophyllaceae,Caryophyllaceae spc,0.160427807,2,16,160,1604
UD22_0290,22/04/2022,CR18,Understory,9,2,Moth_Arctiinae,Agylla_cf_zucarina_853,Agylla,Cecropia_insignis,Urticaceae,Cecropia,0.234772721,2,23,235,2348
UD22_1104,14/11/2022,OG37,Canopy,NA,1,Moth_Arctiinae,Agylla_cf_zucarina_853,Agylla,Cestrum_schlechtendalii,Solanaceae,Cestrum,0.806020067,8,81,806,8060
UD22_1115,25/10/2022,OG50,Canopy,NA,6,Moth_Arctiinae,Agylla_cf_zucarina_853,Agylla,Cestrum_schlechtendalii,Solanaceae,Cestrum,0.431372549,4,43,431,4314
UD22_1110,25/10/2022,OG50,Canopy,NA,1,Moth_Arctiinae,Agylla_cf_zucarina_853,Agylla,Cestrum_schlechtendalii,Solanaceae,Cestrum,0.266247379,3,27,266,2662
UD22_1161,19/10/2022,PA53,Understory,0,1,Moth_Arctiinae,Agylla_cf_zucarina_853,Agylla,Clusia_magnoliiflora,Clusiaceae,Clusia,0.153046062,2,15,153,1530
UD22_1161,19/10/2022,PA53,Understory,0,1,Moth_Arctiinae,Agylla_cf_zucarina_853,Agylla,Clusia_spc,Clusiaceae,Clusia,0.191679049,2,19,192,1917
UD22_0595,26/04/2022,OG42,Canopy,NA,1,Moth_Arctiinae,Agylla_cf_zucarina_853,Agylla,Guarea_gentryi,Meliaceae,Guarea,0.249152542,2,25,249,2492
UD22_0657,28/02/2022,CR04,Canopy,20,1,Moth_Arctiinae,Agylla_cf_zucarina_853,Agylla,Heliotropiaceae_spc,Heliotropiaceae,Heliotropiaceae spc,0.79337162,8,79,793,7934
UD22_0123,28/02/2022,CR04,Understory,20,2,Moth_Arctiinae,Agylla_cf_zucarina_853,Agylla,Heliotropiaceae_spc,Heliotropiaceae,Heliotropiaceae spc,0.11997539,1,12,120,1200
UD22_0015,28/02/2022,OG38,Understory,NA,1,Moth_Arctiinae,Agylla_cf_zucarina_853,Agylla,Heliotropiaceae_spc,Heliotropiaceae,Heliotropiaceae spc,0.338842975,3,34,339,3388
UD22_0290,22/04/2022,CR18,Understory,9,2,Moth_Arctiinae,Agylla_cf_zucarina_853,Agylla,Hieronyma_alchorneoides,Phyllanthaceae,Hieronyma,0.257719334,3,26,258,2577
UD22_0534,22/04/2022,CR18,Canopy,9,8,Moth_Arctiinae,Agylla_cf_zucarina_853,Agylla,Hieronyma_alchorneoides,Phyllanthaceae,Hieronyma,0.230923121,2,23,231,2309
UD22_0985,24/04/2022,OG51,Canopy,NA,3,Moth_Arctiinae,Agylla_cf_zucarina_853,Agylla,Hieronyma_alchorneoides,Phyllanthaceae,Hieronyma,0.10617284,1,11,106,1062
UD22_1161,19/10/2022,PA53,Understory,0,1,Moth_Arctiinae,Agylla_cf_zucarina_853,Agylla,Magnoliopsida_spc,Magnoliopsida spc,Magnoliopsida spc,0.41307578,4,41,413,4131
UD22_0352,7/5/2022,OG28,Canopy,NA,3,Moth_Arctiinae,Agylla_cf_zucarina_853,Agylla,Magnoliopsida_spc,Magnoliopsida spc,Magnoliopsida spc,0.111996889,1,11,112,1120
UD22_1125,26/10/2022,OG49,Canopy,NA,1,Moth_Arctiinae,Agylla_cf_zucarina_853,Agylla,Meliaceae_spc,Meliaceae,Meliaceae spc,0.386206897,4,39,386,3862
UD22_0290,22/04/2022,CR18,Understory,9,2,Moth_Arctiinae,Agylla_cf_zucarina_853,Agylla,Parkia_multijuga,Fabaceae,Parkia,0.304603901,3,30,305,3046
UD22_0985,24/04/2022,OG51,Canopy,NA,3,Moth_Arctiinae,Agylla_cf_zucarina_853,Agylla,Parkia_multijuga,Fabaceae,Parkia,0.238518519,2,24,239,2385
UD22_0985,24/04/2022,OG51,Canopy,NA,3,Moth_Arctiinae,Agylla_cf_zucarina_853,Agylla,Pouteria_spc,Sapotaceae,Pouteria,0.559506173,6,56,560,5595
UD22_0534,22/04/2022,CR18,Canopy,9,8,Moth_Arctiinae,Agylla_cf_zucarina_853,Agylla,Ruagea_glabra,Meliaceae,Ruagea,0.110031438,1,11,110,1100
UD22_0352,7/5/2022,OG28,Canopy,NA,3,Moth_Arctiinae,Agylla_cf_zucarina_853,Agylla,Sapotaceae_sp_JSA315_spc,Sapotaceae,Sapotaceae sp JSA315,0.156328991,2,16,156,1563
UD22_1115,25/10/2022,OG50,Canopy,NA,6,Moth_Arctiinae,Agylla_cf_zucarina_853,Agylla,Stellaria_spc,Caryophyllaceae,Stellaria,0.317290553,3,32,317,3173
UD22_1110,25/10/2022,OG50,Canopy,NA,1,Moth_Arctiinae,Agylla_cf_zucarina_853,Agylla,Stellaria_spc,Caryophyllaceae,Stellaria,0.249475891,2,25,249,2495
UD22_0470,7/5/2022,OG43,Canopy,NA,1,Moth_Arctiinae,Agylla_cf_zucarina_853,Agylla,Tapirira_guianensis,Anacardiaceae,Tapirira,0.349992358,3,35,350,3500
UD22_0352,7/5/2022,OG28,Canopy,NA,3,Moth_Arctiinae,Agylla_cf_zucarina_853,Agylla,Trichilia_pallida,Meliaceae,Trichilia,0.14427377,1,14,144,1443
UD22_1109,25/10/2022,OG50,Canopy,NA,1,Moth_Arctiinae,Agylla_nr_argentifera_1154,Agylla,Caryophyllaceae_spc,Caryophyllaceae,Caryophyllaceae spc,0.117878193,1,12,118,1179
UD22_0524,22/04/2022,CR18,Canopy,9,3,Moth_Arctiinae,Agylla_nr_argentifera_1154,Agylla,Cecropia_insignis,Urticaceae,Cecropia,0.371216725,4,37,371,3712
UD22_0678,17/10/2022,PR31,Canopy,15,1,Moth_Arctiinae,Agylla_nr_argentifera_1154,Agylla,Cecropia_insignis,Urticaceae,Cecropia,0.587930347,6,59,588,5879
UD22_0855,19/10/2022,CA59,Understory,0,3,Moth_Arctiinae,Agylla_nr_argentifera_1154,Agylla,Cestrum_schlechtendalii,Solanaceae,Cestrum,0.603743392,6,60,604,6037
UD22_1014,7/4/2022,CA61,Understory,0,1,Moth_Arctiinae,Agylla_nr_argentifera_1154,Agylla,Cestrum_schlechtendalii,Solanaceae,Cestrum,0.100139082,1,10,100,1001
UD22_1014,7/4/2022,CA61,Understory,0,1,Moth_Arctiinae,Agylla_nr_argentifera_1154,Agylla,Guarea_cartaguenya,Meliaceae,Guarea,0.331015299,3,33,331,3310
UD22_0302,7/4/2022,OG41,Canopy,NA,2,Moth_Arctiinae,Agylla_nr_argentifera_1154,Agylla,Guarea_cartaguenya,Meliaceae,Guarea,0.888018794,9,89,888,8880
UD22_0963,10/4/2022,PR26,Canopy,27,2,Moth_Arctiinae,Agylla_nr_argentifera_1154,Agylla,Guarea_cartaguenya,Meliaceae,Guarea,0.17007274,2,17,170,1701
UD22_1087|LT500,5/4/2022,OG40,Canopy,NA,2,Moth_Arctiinae,Agylla_nr_argentifera_1154,Agylla,Guarea_kunthiana,Meliaceae,Guarea,0.28280543,3,28,283,2828
UD22_0963,10/4/2022,PR26,Canopy,27,2,Moth_Arctiinae,Agylla_nr_argentifera_1154,Agylla,Guarea_kunthiana,Meliaceae,Guarea,0.605126429,6,61,605,6051
UD22_1014,7/4/2022,CA61,Understory,0,1,Moth_Arctiinae,Agylla_nr_argentifera_1154,Agylla,Guarea_spc,Meliaceae,Guarea,0.312934631,3,31,313,3129
UD22_0963,10/4/2022,PR26,Canopy,27,2,Moth_Arctiinae,Agylla_nr_argentifera_1154,Agylla,Guarea_spc,Meliaceae,Guarea,0.122965016,1,12,123,1230
UD22_1152,19/10/2022,PA53,Understory,0,1,Moth_Arctiinae,Agylla_nr_argentifera_1154,Agylla,Guettarda_crispiflora,Rubiaceae,Guettarda,0.31871587,3,32,319,3187
UD22_1087|LT500,5/4/2022,OG40,Canopy,NA,2,Moth_Arctiinae,Agylla_nr_argentifera_1154,Agylla,Gurania_acuminata,Cucurbitaceae,Gurania,0.113122172,1,11,113,1131
UD22_0524,22/04/2022,CR18,Canopy,9,3,Moth_Arctiinae,Agylla_nr_argentifera_1154,Agylla,Hieronyma_alchorneoides,Phyllanthaceae,Hieronyma,0.295368907,3,30,295,2954
UD22_0535,22/04/2022,CR18,Canopy,9,2,Moth_Arctiinae,Agylla_nr_argentifera_1154,Agylla,Hieronyma_alchorneoides,Phyllanthaceae,Hieronyma,0.235740596,2,24,236,2357
UD22_0855,19/10/2022,CA59,Understory,0,3,Moth_Arctiinae,Agylla_nr_argentifera_1154,Agylla,Marcgravia_umbellata,Marcgraviaceae,Marcgravia,0.233947707,2,23,234,2339
UD22_0858,26/10/2022,OG49,Understory,NA,2,Moth_Arctiinae,Agylla_nr_argentifera_1154,Agylla,Marcgravia_umbellata,Marcgraviaceae,Marcgravia,0.634551495,6,63,635,6346
UD22_1109,25/10/2022,OG50,Canopy,NA,1,Moth_Arctiinae,Agylla_nr_argentifera_1154,Agylla,Marcgravia_umbellata,Marcgraviaceae,Marcgravia,0.214800262,2,21,215,2148
UD22_0786,27/10/2022,PA58,Understory,0,2,Moth_Arctiinae,Agylla_nr_argentifera_1154,Agylla,Marcgravia_umbellata,Marcgraviaceae,Marcgravia,0.876835631,9,88,877,8768
UD22_0535,22/04/2022,CR18,Canopy,9,2,Moth_Arctiinae,Agylla_nr_argentifera_1154,Agylla,Parkia_multijuga,Fabaceae,Parkia,0.388882688,4,39,389,3889
UD22_0524,22/04/2022,CR18,Canopy,9,3,Moth_Arctiinae,Agylla_nr_argentifera_1154,Agylla,Parkia_multijuga,Fabaceae,Parkia,0.198371217,2,20,198,1984
UD22_1152,19/10/2022,PA53,Understory,0,1,Moth_Arctiinae,Agylla_nr_argentifera_1154,Agylla,Paullinia_clathrata,Sapindaceae,Paullinia,0.290418666,3,29,290,2904
UD22_0586,23/03/2022,PR24,Canopy,20,1,Moth_Arctiinae,Agylla_nr_argentifera_1154,Agylla,Pouteria_torta,Sapotaceae,Pouteria,0.845478015,8,85,845,8455
UD22_0135,26/03/2022,OG39,Understory,NA,1,Moth_Arctiinae,Agylla_nr_argentifera_1154,Agylla,Sloanea_spc,Elaeocarpaceae,Sloanea,0.567993216,6,57,568,5680
UD22_0135,26/03/2022,OG39,Understory,NA,1,Moth_Arctiinae,Agylla_nr_argentifera_1154,Agylla,Solanum_lycopersicum,Solanaceae,Solanum,0.158519595,2,16,159,1585
UD22_1109,25/10/2022,OG50,Canopy,NA,1,Moth_Arctiinae,Agylla_nr_argentifera_1154,Agylla,Souroubea_guianensis,Marcgraviaceae,Souroubea,0.22134905,2,22,221,2213
UD22_1109,25/10/2022,OG50,Canopy,NA,1,Moth_Arctiinae,Agylla_nr_argentifera_1154,Agylla,Stellaria_spc,Caryophyllaceae,Stellaria,0.193844139,2,19,194,1938
UD22_0635,23/03/2022,CR06,Canopy,32,1,Moth_Arctiinae,Agylla_nr_nivea_347,Agylla,Acalypha_diversifolia,Euphorbiaceae,Acalypha,0.169483942,2,17,169,1695
UD22_1008,7/4/2022,OG41,Canopy,NA,2,Moth_Arctiinae,Agylla_nr_nivea_347,Agylla,Cecropia_spc,Urticaceae,Cecropia,0.276889535,3,28,277,2769
UD22_1060|LT500,30/04/2022,PR33,Understory,1,1,Moth_Arctiinae,Agylla_nr_nivea_347,Agylla,Cecropia_spc,Urticaceae,Cecropia,0.117493473,1,12,117,1175
UD22_0750,29/10/2022,CR14,Understory,37,1,Moth_Arctiinae,Agylla_nr_nivea_347,Agylla,Cestrum_schlechtendalii,Solanaceae,Cestrum,0.871934605,9,87,872,8719
UD22_0752,29/10/2022,CR14,Understory,37,1,Moth_Arctiinae,Agylla_nr_nivea_347,Agylla,Cestrum_schlechtendalii,Solanaceae,Cestrum,0.706362944,7,71,706,7064
UD22_0922,29/10/2022,CR14,Canopy,37,2,Moth_Arctiinae,Agylla_nr_nivea_347,Agylla,Cestrum_schlechtendalii,Solanaceae,Cestrum,0.293107105,3,29,293,2931
UD22_0801,31/10/2022,PR36,Understory,8,1,Moth_Arctiinae,Agylla_nr_nivea_347,Agylla,Cestrum_schlechtendalii,Solanaceae,Cestrum,0.193659484,2,19,194,1937
UD22_1166,19/10/2022,PA53,Understory,0,3,Moth_Arctiinae,Agylla_nr_nivea_347,Agylla,Cestrum_spc,Solanaceae,Cestrum,0.734074823,7,73,734,7341
UD22_1103,14/11/2022,OG37,Canopy,NA,2,Moth_Arctiinae,Agylla_nr_nivea_347,Agylla,Citharexylum_spc,Verbenaceae,Citharexylum,0.889645777,9,89,890,8896
UD22_0879,19/11/2022,CR10,Canopy,23,1,Moth_Arctiinae,Agylla_nr_nivea_347,Agylla,Clusia_nemorosa,Clusiaceae,Clusia,0.561052256,6,56,561,5611
UD22_0880,19/11/2022,CR10,Canopy,23,1,Moth_Arctiinae,Agylla_nr_nivea_347,Agylla,Clusia_nemorosa,Clusiaceae,Clusia,0.522147419,5,52,522,5221
UD22_0922,29/10/2022,CR14,Canopy,37,2,Moth_Arctiinae,Agylla_nr_nivea_347,Agylla,Clusia_nemorosa,Clusiaceae,Clusia,0.606433369,6,61,606,6064
UD22_0752,29/10/2022,CR14,Understory,37,1,Moth_Arctiinae,Agylla_nr_nivea_347,Agylla,Clusia_nemorosa,Clusiaceae,Clusia,0.148584089,1,15,149,1486
UD22_0895,21/11/2022,OG45,Understory,NA,1,Moth_Arctiinae,Agylla_nr_nivea_347,Agylla,Clusia_nemorosa,Clusiaceae,Clusia,0.848159701,8,85,848,8482
UD22_0443,29/03/2022,PR21,Canopy,35,2,Moth_Arctiinae,Agylla_nr_nivea_347,Agylla,Clusia_nemorosa,Clusiaceae,Clusia,0.745286836,7,75,745,7453
UD22_0801,31/10/2022,PR36,Understory,8,1,Moth_Arctiinae,Agylla_nr_nivea_347,Agylla,Clusia_nemorosa,Clusiaceae,Clusia,0.585747086,6,59,586,5857
UD22_0929,7/4/2022,OG41,Understrory,NA,3,Moth_Arctiinae,Agylla_nr_nivea_347,Agylla,Guarea_cartaguenya,Meliaceae,Guarea,0.42898914,4,43,429,4290
UD22_1008,7/4/2022,OG41,Canopy,NA,2,Moth_Arctiinae,Agylla_nr_nivea_347,Agylla,Guarea_cartaguenya,Meliaceae,Guarea,0.199854651,2,20,200,1999
UD22_0585,23/03/2022,PR24,Canopy,20,1,Moth_Arctiinae,Agylla_nr_nivea_347,Agylla,Guarea_cartaguenya,Meliaceae,Guarea,0.777198717,8,78,777,7772
UD22_0559,28/02/2022,CR04,Understory,20,1,Moth_Arctiinae,Agylla_nr_nivea_347,Agylla,Guarea_kunthiana,Meliaceae,Guarea,0.6871745,7,69,687,6872
UD22_0466,7/5/2022,OG43,Canopy,NA,1,Moth_Arctiinae,Agylla_nr_nivea_347,Agylla,Guarea_kunthiana,Meliaceae,Guarea,0.115508129,1,12,116,1155
UD22_0929,7/4/2022,OG41,Understrory,NA,3,Moth_Arctiinae,Agylla_nr_nivea_347,Agylla,Guarea_spc,Meliaceae,Guarea,0.346700084,3,35,347,3467
UD22_0930,7/4/2022,OG41,Understrory,NA,1,Moth_Arctiinae,Agylla_nr_nivea_347,Agylla,Guarea_spc,Meliaceae,Guarea,0.345070423,3,35,345,3451
UD22_1008,7/4/2022,OG41,Canopy,NA,2,Moth_Arctiinae,Agylla_nr_nivea_347,Agylla,Guarea_spc,Meliaceae,Guarea,0.212209302,2,21,212,2122
UD22_0930,7/4/2022,OG41,Understrory,NA,1,Moth_Arctiinae,Agylla_nr_nivea_347,Agylla,Magnoliopsida_spc,Magnoliopsida spc,Magnoliopsida spc,0.537558685,5,54,538,5376
UD22_0929,7/4/2022,OG41,Understrory,NA,3,Moth_Arctiinae,Agylla_nr_nivea_347,Agylla,Magnoliopsida_spc,Magnoliopsida spc,Magnoliopsida spc,0.134920635,1,13,135,1349
UD22_0879,19/11/2022,CR10,Canopy,23,1,Moth_Arctiinae,Agylla_nr_nivea_347,Agylla,Marcgravia_umbellata,Marcgraviaceae,Marcgravia,0.127385233,1,13,127,1274
UD22_0960,10/4/2022,PR26,Canopy,27,1,Moth_Arctiinae,Agylla_nr_nivea_347,Agylla,Pouteria_lucumifolia,Sapotaceae,Pouteria,0.82685069,8,83,827,8269
UD22_0635,23/03/2022,CR06,Canopy,32,1,Moth_Arctiinae,Agylla_nr_nivea_347,Agylla,Pouteria_torta,Sapotaceae,Pouteria,0.630953565,6,63,631,6310
UD22_0555,28/02/2022,OG38,Understory,NA,1,Moth_Arctiinae,Agylla_nr_nivea_347,Agylla,Pouteria_torta,Sapotaceae,Pouteria,0.231512651,2,23,232,2315
UD22_1060|LT500,30/04/2022,PR33,Understory,1,1,Moth_Arctiinae,Agylla_nr_nivea_347,Agylla,Pouteria_torta,Sapotaceae,Pouteria,0.707571802,7,71,708,7076
UD22_0120,28/02/2022,CR04,Understory,20,1,Moth_Arctiinae,Agylla_nr_nivea_347,Agylla,Sloanea_spc,Elaeocarpaceae,Sloanea,0.845060086,8,85,845,8451
UD22_0880,19/11/2022,CR10,Canopy,23,1,Moth_Arctiinae,Agylla_nr_nivea_347,Agylla,Stellaria_media,Caryophyllaceae,Stellaria,0.124080787,1,12,124,1241
UD22_0466,7/5/2022,OG43,Canopy,NA,1,Moth_Arctiinae,Agylla_nr_nivea_347,Agylla,Tapirira_guianensis,Anacardiaceae,Tapirira,0.102160969,1,10,102,1022
UD22_0466,7/5/2022,OG43,Canopy,NA,1,Moth_Arctiinae,Agylla_nr_nivea_347,Agylla,Trichilia_pallida,Meliaceae,Trichilia,0.717100421,7,72,717,7171
UD22_0751,29/10/2022,CR14,Understory,37,1,Moth_Arctiinae,Agylla_sp_1185,Agylla,Cecropia_insignis,Urticaceae,Cecropia,0.165462702,2,17,165,1655
UD22_0538,22/04/2022,CR18,Canopy,9,1,Moth_Arctiinae,Agylla_sp_1185,Agylla,Cecropia_insignis,Urticaceae,Cecropia,0.465978972,5,47,466,4660
UD22_0525,22/04/2022,CR18,Canopy,9,3,Moth_Arctiinae,Agylla_sp_1185,Agylla,Cecropia_insignis,Urticaceae,Cecropia,0.438784719,4,44,439,4388
UD22_0537,22/04/2022,CR18,Canopy,9,1,Moth_Arctiinae,Agylla_sp_1185,Agylla,Cecropia_insignis,Urticaceae,Cecropia,0.423271501,4,42,423,4233
UD22_0456,24/04/2022,OG51,Understory,NA,1,Moth_Arctiinae,Agylla_sp_1185,Agylla,Cecropia_insignis,Urticaceae,Cecropia,0.309735725,3,31,310,3097
UD22_0923,29/10/2022,CR14,Canopy,37,3,Moth_Arctiinae,Agylla_sp_1185,Agylla,Cestrum_schlechtendalii,Solanaceae,Cestrum,0.77829004,8,78,778,7783
UD22_0923,29/10/2022,CR14,Canopy,37,3,Moth_Arctiinae,Agylla_sp_1185,Agylla,Clusia_nemorosa,Clusiaceae,Clusia,0.181971443,2,18,182,1820
UD22_0751,29/10/2022,CR14,Understory,37,1,Moth_Arctiinae,Agylla_sp_1185,Agylla,Clusia_nemorosa,Clusiaceae,Clusia,0.180518592,2,18,181,1805
UD22_0307,26/04/2022,OG42,Canopy,NA,1,Moth_Arctiinae,Agylla_sp_1185,Agylla,Clusia_nemorosa,Clusiaceae,Clusia,0.558173785,6,56,558,5582
UD22_0883,14/11/2022,PR20,Understory,3,1,Moth_Arctiinae,Agylla_sp_1185,Agylla,Clusia_nemorosa,Clusiaceae,Clusia,0.882687927,9,88,883,8827
UD22_0368,23/05/2022,OG38,Canopy,NA,1,Moth_Arctiinae,Agylla_sp_1185,Agylla,Guarea_cartaguenya,Meliaceae,Guarea,0.938860851,9,94,939,9389
UD22_0537,22/04/2022,CR18,Canopy,9,1,Moth_Arctiinae,Agylla_sp_1185,Agylla,Hieronyma_alchorneoides,Phyllanthaceae,Hieronyma,0.249337509,2,25,249,2493
UD22_0537,22/04/2022,CR18,Canopy,9,1,Moth_Arctiinae,Agylla_sp_1185,Agylla,Parkia_multijuga,Fabaceae,Parkia,0.21368345,2,21,214,2137
UD22_0525,22/04/2022,CR18,Canopy,9,3,Moth_Arctiinae,Agylla_sp_1185,Agylla,Parkia_multijuga,Fabaceae,Parkia,0.15959758,2,16,160,1596
UD22_0538,22/04/2022,CR18,Canopy,9,1,Moth_Arctiinae,Agylla_sp_1185,Agylla,Parkia_multijuga,Fabaceae,Parkia,0.144217417,1,14,144,1442
UD22_0525,22/04/2022,CR18,Canopy,9,3,Moth_Arctiinae,Agylla_sp_1185,Agylla,Pouteria_caimito,Sapotaceae,Pouteria,0.25696046,3,26,257,2570
UD22_0658,28/02/2022,CR04,Canopy,20,1,Moth_Arctiinae,Agylla_sp_1185,Agylla,Pouteria_torta,Sapotaceae,Pouteria,0.82448724,8,82,824,8245
UD22_0431,23/03/2022,CR06,Understory,32,1,Moth_Arctiinae,Agylla_sp_1185,Agylla,Pouteria_torta,Sapotaceae,Pouteria,0.649119687,6,65,649,6491
UD22_0587,23/03/2022,PR24,Canopy,20,2,Moth_Arctiinae,Agylla_sp_854,Agylla,Cecropia_insignis,Urticaceae,Cecropia,0.19833023,2,20,198,1983
UD22_0686,17/10/2022,PR31,Canopy,15,1,Moth_Arctiinae,Agylla_sp_854,Agylla,Cecropia_insignis,Urticaceae,Cecropia,0.103455842,1,10,103,1035
UD22_0471,7/5/2022,OG43,Canopy,NA,1,Moth_Arctiinae,Agylla_sp_854,Agylla,Chrysophyllum_eximium,Sapotaceae,Chrysophyllum,0.594940678,6,59,595,5949
UD22_0986,24/04/2022,OG51,Canopy,NA,2,Moth_Arctiinae,Agylla_sp_854,Agylla,Guarea_gentryi,Meliaceae,Guarea,0.520875764,5,52,521,5209
UD22_0587,23/03/2022,PR24,Canopy,20,2,Moth_Arctiinae,Agylla_sp_854,Agylla,Guarea_macrophylla,Meliaceae,Guarea,0.342723287,3,34,343,3427
UD22_0660,28/02/2022,CR04,Canopy,20,1,Moth_Arctiinae,Agylla_sp_854,Agylla,Heliotropiaceae_spc,Heliotropiaceae,Heliotropiaceae spc,0.829855784,8,83,830,8299
UD22_0272,28/02/2022,CR04,Canopy,20,1,Moth_Arctiinae,Agylla_sp_854,Agylla,Heliotropiaceae_spc,Heliotropiaceae,Heliotropiaceae spc,0.730312429,7,73,730,7303
UD22_1163,19/10/2022,PA53,Understory,0,1,Moth_Arctiinae,Agylla_sp_854,Agylla,Heliotropiaceae_spc,Heliotropiaceae,Heliotropiaceae spc,0.679120087,7,68,679,6791
UD22_0589,23/03/2022,PR24,Canopy,20,1,Moth_Arctiinae,Agylla_sp_854,Agylla,Heliotropiaceae_spc,Heliotropiaceae,Heliotropiaceae spc,0.413452397,4,41,413,4135
UD22_0536,22/04/2022,CR18,Canopy,9,1,Moth_Arctiinae,Agylla_sp_854,Agylla,Hieronyma_alchorneoides,Phyllanthaceae,Hieronyma,0.157569516,2,16,158,1576
UD22_0854,19/10/2022,CA59,Understory,0,1,Moth_Arctiinae,Agylla_sp_854,Agylla,Marcgravia_umbellata,Marcgraviaceae,Marcgravia,0.516401085,5,52,516,5164
UD22_0686,17/10/2022,PR31,Canopy,15,1,Moth_Arctiinae,Agylla_sp_854,Agylla,Marcgravia_umbellata,Marcgraviaceae,Marcgravia,0.767855184,8,77,768,7679
UD22_0536,22/04/2022,CR18,Canopy,9,1,Moth_Arctiinae,Agylla_sp_854,Agylla,Parkia_multijuga,Fabaceae,Parkia,0.532269138,5,53,532,5323
UD22_0287,22/04/2022,CR18,Understory,9,2,Moth_Arctiinae,Agylla_sp_854,Agylla,Parkia_multijuga,Fabaceae,Parkia,0.232291216,2,23,232,2323
UD22_0293,5/4/2022,OG40,Canopy,NA,1,Moth_Arctiinae,Agylla_sp_854,Agylla,Parkia_multijuga,Fabaceae,Parkia,0.142279709,1,14,142,1423
UD22_0587,23/03/2022,PR24,Canopy,20,2,Moth_Arctiinae,Agylla_sp_854,Agylla,Pouteria_caimito,Sapotaceae,Pouteria,0.153102288,2,15,153,1531
UD22_0098,10/4/2022,PR26,Canopy,27,1,Moth_Arctiinae,Agylla_sp_854,Agylla,Pouteria_lucumifolia,Sapotaceae,Pouteria,0.597322922,6,60,597,5973
UD22_0287,22/04/2022,CR18,Understory,9,2,Moth_Arctiinae,Agylla_sp_854,Agylla,Ruagea_glabra,Meliaceae,Ruagea,0.467848053,5,47,468,4678
UD22_0589,23/03/2022,PR24,Canopy,20,1,Moth_Arctiinae,Agylla_sp_854,Agylla,Ruagea_glabra,Meliaceae,Ruagea,0.125967676,1,13,126,1260
UD22_0287,22/04/2022,CR18,Understory,9,2,Moth_Arctiinae,Agylla_sp_854,Agylla,Sapotaceae_sp_JSA315_spc,Sapotaceae,Sapotaceae sp JSA315,0.159343034,2,16,159,1593
UD22_0876,19/11/2022,CR10,Canopy,23,1,Moth_Arctiinae,Agylla_sp_855,Agylla,Acalypha_diversifolia,Euphorbiaceae,Acalypha,0.204279789,2,20,204,2043
UD22_0881,19/11/2022,CR10,Canopy,23,1,Moth_Arctiinae,Agylla_sp_855,Agylla,Cecropia_insignis,Urticaceae,Cecropia,0.155520906,2,16,156,1555
UD22_1162,19/10/2022,PA53,Understory,0,1,Moth_Arctiinae,Agylla_sp_855,Agylla,Cecropia_spc,Urticaceae,Cecropia,0.132594417,1,13,133,1326
UD22_0921,29/10/2022,CR14,Canopy,37,3,Moth_Arctiinae,Agylla_sp_855,Agylla,Cestrum_schlechtendalii,Solanaceae,Cestrum,0.842311,8,84,842,8423
UD22_0881,19/11/2022,CR10,Canopy,23,1,Moth_Arctiinae,Agylla_sp_855,Agylla,Clusia_nemorosa,Clusiaceae,Clusia,0.624682375,6,62,625,6247
UD22_0753,29/10/2022,CR14,Understory,37,1,Moth_Arctiinae,Agylla_sp_855,Agylla,Clusia_nemorosa,Clusiaceae,Clusia,0.504056795,5,50,504,5041
UD22_0882,14/11/2022,PR20,Understory,3,1,Moth_Arctiinae,Agylla_sp_855,Agylla,Guarea_cartaguenya,Meliaceae,Guarea,0.444329897,4,44,444,4443
UD22_1162,19/10/2022,PA53,Understory,0,1,Moth_Arctiinae,Agylla_sp_855,Agylla,Heliotropiaceae_spc,Heliotropiaceae,Heliotropiaceae spc,0.533661741,5,53,534,5337
UD22_0882,14/11/2022,PR20,Understory,3,1,Moth_Arctiinae,Agylla_sp_855,Agylla,Heliotropiaceae_spc,Heliotropiaceae,Heliotropiaceae spc,0.437578982,4,44,438,4376
UD22_0825,14/11/2022,PR25,Understory,5,1,Moth_Arctiinae,Agylla_sp_855,Agylla,Heliotropiaceae_spc,Heliotropiaceae,Heliotropiaceae spc,0.35375,4,35,354,3538
UD22_0876,19/11/2022,CR10,Canopy,23,1,Moth_Arctiinae,Agylla_sp_855,Agylla,Marcgravia_umbellata,Marcgraviaceae,Marcgravia,0.705128205,7,71,705,7051
UD22_1162,19/10/2022,PA53,Understory,0,1,Moth_Arctiinae,Agylla_sp_855,Agylla,Parkia_multijuga,Fabaceae,Parkia,0.14408867,1,14,144,1441
UD22_0753,29/10/2022,CR14,Understory,37,1,Moth_Arctiinae,Agylla_sp_855,Agylla,Ruagea_glabra,Meliaceae,Ruagea,0.333540535,3,33,334,3335
UD22_0959,10/4/2022,OG39,Canopy,NA,3,Moth_Arctiinae,Agylla_sp_855,Agylla,Sapotaceae_sp_JSA315_spc,Sapotaceae,Sapotaceae sp JSA315,0.118794764,1,12,119,1188
UD22_0959,10/4/2022,OG39,Canopy,NA,3,Moth_Arctiinae,Agylla_sp_855,Agylla,Sapotaceae_spc,Sapotaceae,Sapotaceae spc,0.846628797,8,85,847,8466
UD22_1009,7/4/2022,OG41,Canopy,NA,1,Moth_Arctiinae,Agylla_sp_858,Agylla,Citharexylum_spc,Verbenaceae,Citharexylum,0.658849558,7,66,659,6588
UD22_1009,7/4/2022,OG41,Canopy,NA,1,Moth_Arctiinae,Agylla_sp_858,Agylla,Guarea_spc,Meliaceae,Guarea,0.194690265,2,19,195,1947
UD22_0622,10/4/2022,OG39,Canopy,NA,1,Moth_Arctiinae,Agylla_sp_858,Agylla,Heliotropiaceae_spc,Heliotropiaceae,Heliotropiaceae spc,0.850916295,9,85,851,8509
UD22_1067,4/4/2022,PR19,Understory,5,1,Moth_Arctiinae,Agylla_sp_858,Agylla,Magnoliopsida_spc,Magnoliopsida spc,Magnoliopsida spc,0.902684564,9,90,903,9027
UD22_1039,24/04/2022,OG52,Canopy,NA,1,Moth_Arctiinae,Agylla_sp_859,Agylla,Bidens_pilosa,Asteraceae,Bidens,0.155216285,2,16,155,1552
UD22_1061,30/04/2022,PR33,Understory,1,1,Moth_Arctiinae,Agylla_sp_859,Agylla,Bidens_pilosa,Asteraceae,Bidens,0.160891089,2,16,161,1609
UD22_1164,19/10/2022,PA53,Understory,0,2,Moth_Arctiinae,Agylla_sp_859,Agylla,Cecropia_spc,Urticaceae,Cecropia,0.200741198,2,20,201,2007
UD22_1039,24/04/2022,OG52,Canopy,NA,1,Moth_Arctiinae,Agylla_sp_859,Agylla,Cestrum_schlechtendalii,Solanaceae,Cestrum,0.143002545,1,14,143,1430
UD22_1164,19/10/2022,PA53,Understory,0,2,Moth_Arctiinae,Agylla_sp_859,Agylla,Guarea_spc,Meliaceae,Guarea,0.342186535,3,34,342,3422
UD22_1106,14/11/2022,OG37,Canopy,NA,1,Moth_Arctiinae,Agylla_sp_859,Agylla,Heliotropiaceae_spc,Heliotropiaceae,Heliotropiaceae spc,0.479655172,5,48,480,4797
UD22_1106,14/11/2022,OG37,Canopy,NA,1,Moth_Arctiinae,Agylla_sp_859,Agylla,Magnoliopsida_spc,Magnoliopsida spc,Magnoliopsida spc,0.163793103,2,16,164,1638
UD22_1164,19/10/2022,PA53,Understory,0,2,Moth_Arctiinae,Agylla_sp_859,Agylla,Meliaceae_spc,Meliaceae,Meliaceae spc,0.293390982,3,29,293,2934
UD22_1039,24/04/2022,OG52,Canopy,NA,1,Moth_Arctiinae,Agylla_sp_859,Agylla,Parkia_multijuga,Fabaceae,Parkia,0.180407125,2,18,180,1804
UD22_1061,30/04/2022,PR33,Understory,1,1,Moth_Arctiinae,Agylla_sp_859,Agylla,Parkia_multijuga,Fabaceae,Parkia,0.102722772,1,10,103,1027
UD22_1061,30/04/2022,PR33,Understory,1,1,Moth_Arctiinae,Agylla_sp_859,Agylla,Pouteria_torta,Sapotaceae,Pouteria,0.491955446,5,49,492,4920
UD22_1164,19/10/2022,PA53,Understory,0,2,Moth_Arctiinae,Agylla_sp_859,Agylla,Ruagea_glabra,Meliaceae,Ruagea,0.122297715,1,12,122,1223
UD22_0785,27/10/2022,PA58,Understory,0,1,Moth_Arctiinae,Agylla_sp_860,Agylla,Heisteria_concinna,Erythropalaceae,Heisteria,0.893351916,9,89,893,8934
UD22_0827,14/11/2022,PR25,Understory,5,1,Moth_Arctiinae,Agylla_sp_860,Agylla,Vernonanthura_patens,Asteraceae,Vernonanthura,0.586754967,6,59,587,5868
UD22_1063,5/4/2022,OG40,Understory,NA,1,Moth_Arctiinae,Agylla_zucarina_gr_856,Agylla,Bidens_pilosa,Asteraceae,Bidens,0.133045667,1,13,133,1330
UD22_1105,14/11/2022,OG37,Canopy,NA,1,Moth_Arctiinae,Agylla_zucarina_gr_856,Agylla,Cestrum_schlechtendalii,Solanaceae,Cestrum,0.682940208,7,68,683,6829
UD22_0896,21/11/2022,OG45,Understory,NA,1,Moth_Arctiinae,Agylla_zucarina_gr_856,Agylla,Clusia_nemorosa,Clusiaceae,Clusia,0.908737384,9,91,909,9087
UD22_1063,5/4/2022,OG40,Understory,NA,1,Moth_Arctiinae,Agylla_zucarina_gr_856,Agylla,Guarea_cartaguenya,Meliaceae,Guarea,0.201366415,2,20,201,2014
UD22_1013,7/4/2022,CA61,Understory,0,1,Moth_Arctiinae,Agylla_zucarina_gr_856,Agylla,Guarea_kunthiana,Meliaceae,Guarea,0.699812383,7,70,700,6998
UD22_0597,26/04/2022,OG42,Canopy,NA,1,Moth_Arctiinae,Agylla_zucarina_gr_856,Agylla,Guarea_macrophylla,Meliaceae,Guarea,0.527744051,5,53,528,5277
UD22_1063,5/4/2022,OG40,Understory,NA,1,Moth_Arctiinae,Agylla_zucarina_gr_856,Agylla,Guarea_spc,Meliaceae,Guarea,0.153182309,2,15,153,1532
UD22_1098,14/11/2022,OG37,Canopy,NA,1,Moth_Arctiinae,Agylla_zucarina_gr_856,Agylla,Heliotropiaceae_spc,Heliotropiaceae,Heliotropiaceae spc,0.344210526,3,34,344,3442
UD22_0136,26/03/2022,OG39,Understory,NA,1,Moth_Arctiinae,Agylla_zucarina_gr_856,Agylla,Heliotropiaceae_spc,Heliotropiaceae,Heliotropiaceae spc,0.858856249,9,86,859,8589
UD22_1057,30/04/2022,PR33,Understory,1,1,Moth_Arctiinae,Agylla_zucarina_gr_856,Agylla,Heliotropiaceae_spc,Heliotropiaceae,Heliotropiaceae spc,0.429726608,4,43,430,4297
UD22_0519,22/04/2022,CR18,Canopy,9,1,Moth_Arctiinae,Agylla_zucarina_gr_856,Agylla,Hieronyma_alchorneoides,Phyllanthaceae,Hieronyma,0.510715364,5,51,511,5107
UD22_1098,14/11/2022,OG37,Canopy,NA,1,Moth_Arctiinae,Agylla_zucarina_gr_856,Agylla,Magnoliopsida_spc,Magnoliopsida spc,Magnoliopsida spc,0.122105263,1,12,122,1221
UD22_1098,14/11/2022,OG37,Canopy,NA,1,Moth_Arctiinae,Agylla_zucarina_gr_856,Agylla,Marcgravia_umbellata,Marcgraviaceae,Marcgravia,0.110526316,1,11,111,1105
UD22_0597,26/04/2022,OG42,Canopy,NA,1,Moth_Arctiinae,Agylla_zucarina_gr_856,Agylla,Pouteria_caimito,Sapotaceae,Pouteria,0.262748907,3,26,263,2627
UD22_1057,30/04/2022,PR33,Understory,1,1,Moth_Arctiinae,Agylla_zucarina_gr_856,Agylla,Pouteria_torta,Sapotaceae,Pouteria,0.19561032,2,20,196,1956
UD22_1098,14/11/2022,OG37,Canopy,NA,1,Moth_Arctiinae,Agylla_zucarina_gr_856,Agylla,Souroubea_guianensis,Marcgraviaceae,Souroubea,0.241052632,2,24,241,2411
UD22_1057,30/04/2022,PR33,Understory,1,1,Moth_Arctiinae,Agylla_zucarina_gr_856,Agylla,Trichilia_pallida,Meliaceae,Trichilia,0.131305352,1,13,131,1313
UD22_0313,7/5/2022,OG28,Canopy,NA,1,Moth_Arctiinae,Amaxia_cf_lepida_913,Amaxia,Cecropia_insignis,Urticaceae,Cecropia,0.814392108,8,81,814,8144
UD22_1121,26/10/2022,OG49,Canopy,NA,1,Moth_Arctiinae,Amaxia_pandama_912,Amaxia,Caryophyllaceae_spc,Caryophyllaceae,Caryophyllaceae spc,0.21994716,2,22,220,2199
UD22_0699,14/10/2022,CA60,Understory,0,1,Moth_Arctiinae,Amaxia_pandama_912,Amaxia,Cecropia_insignis,Urticaceae,Cecropia,0.765628978,8,77,766,7656
UD22_0326,7/5/2022,OG43,Understory,NA,2,Moth_Arctiinae,Amaxia_pandama_912,Amaxia,Cecropia_insignis,Urticaceae,Cecropia,0.173152671,2,17,173,1732
UD22_0699,14/10/2022,CA60,Understory,0,1,Moth_Arctiinae,Amaxia_pandama_912,Amaxia,Chelonanthus_acutangulus,Gentianaceae,Chelonanthus,0.129730355,1,13,130,1297
UD22_0540,11/5/2022,CR02,Understory,7,1,Moth_Arctiinae,Amaxia_pandama_912,Amaxia,Guarea_kunthiana,Meliaceae,Guarea,0.111153119,1,11,111,1112
UD22_0326,7/5/2022,OG43,Understory,NA,2,Moth_Arctiinae,Amaxia_pandama_912,Amaxia,Meliaceae_spc,Meliaceae,Meliaceae spc,0.458484323,5,46,458,4585
UD22_0991,11/5/2022,PA55,Understory,0,1,Moth_Arctiinae,Amaxia_pandama_912,Amaxia,Meliaceae_spc,Meliaceae,Meliaceae spc,0.549073818,5,55,549,5491
UD22_0561,26/04/2022,PR26,Understory,27,1,Moth_Arctiinae,Amaxia_pandama_912,Amaxia,Parkia_multijuga,Fabaceae,Parkia,0.398543741,4,40,399,3985
UD22_0353,7/5/2022,OG28,Canopy,NA,1,Moth_Arctiinae,Amaxia_pandama_912,Amaxia,Parkia_multijuga,Fabaceae,Parkia,0.199725059,2,20,200,1997
UD22_0540,11/5/2022,CR02,Understory,7,1,Moth_Arctiinae,Amaxia_pandama_912,Amaxia,Pouteria_caimito,Sapotaceae,Pouteria,0.228355388,2,23,228,2284
UD22_0991,11/5/2022,PA55,Understory,0,1,Moth_Arctiinae,Amaxia_pandama_912,Amaxia,Pouteria_reticulata,Sapotaceae,Pouteria,0.115565386,1,12,116,1156
UD22_0908,29/10/2022,CR14,Canopy,37,1,Moth_Arctiinae,Amaxia_pandama_912,Amaxia,Sorocea_jaramilloi,Moraceae,Sorocea,0.256442755,3,26,256,2564
UD22_1121,26/10/2022,OG49,Canopy,NA,1,Moth_Arctiinae,Amaxia_pandama_912,Amaxia,Stellaria_media,Caryophyllaceae,Stellaria,0.102377807,1,10,102,1024
UD22_1121,26/10/2022,OG49,Canopy,NA,1,Moth_Arctiinae,Amaxia_pandama_912,Amaxia,Stellaria_spc,Caryophyllaceae,Stellaria,0.420739762,4,42,421,4207
UD22_0457,7/5/2022,OG43,Canopy,NA,1,Moth_Arctiinae,Amaxia_pandama_912,Amaxia,Tapirira_guianensis,Anacardiaceae,Tapirira,0.554648358,6,55,555,5546
UD22_0326,7/5/2022,OG43,Understory,NA,2,Moth_Arctiinae,Amaxia_pandama_912,Amaxia,Trichilia_pallida,Meliaceae,Trichilia,0.100047266,1,10,100,1000
UD22_0991,11/5/2022,PA55,Understory,0,1,Moth_Arctiinae,Amaxia_pandama_912,Amaxia,Trichilia_pallida,Meliaceae,Trichilia,0.205695328,2,21,206,2057
UD22_0561,26/04/2022,PR26,Understory,27,1,Moth_Arctiinae,Amaxia_pandama_912,Amaxia,Vismia_baccifera,Hypericaceae,Vismia,0.244083949,2,24,244,2441
UD22_0127,26/03/2022,OG39,Understory,NA,1,Moth_Arctiinae,Amaxia_pardalis_1285,Amaxia,Clusia_nemorosa,Clusiaceae,Clusia,0.979097667,10,98,979,9791
UD22_0809,14/11/2022,PR25,Understory,5,1,Moth_Arctiinae,Amphelarctia_priscilla_gr_1181,Amphelarctia,Magnoliopsida_spc,Magnoliopsida spc,Magnoliopsida spc,0.311725453,3,31,312,3117
UD22_0809,14/11/2022,PR25,Understory,5,1,Moth_Arctiinae,Amphelarctia_priscilla_gr_1181,Amphelarctia,Pourouma_minor,Urticaceae,Pourouma,0.562440419,6,56,562,5624
UD22_0539,11/5/2022,CR02,Understory,7,1,Moth_Arctiinae,Amphelarctia_priscilla_gr_1181,Amphelarctia,Pouteria_torta,Sapotaceae,Pouteria,0.826972833,8,83,827,8270
UD22_0451,24/04/2022,OG51,Understory,NA,1,Moth_Arctiinae,Antona_sp_852,Antona,Cecropia_garciae,Urticaceae,Cecropia,0.131267649,1,13,131,1313
UD22_0451,24/04/2022,OG51,Understory,NA,1,Moth_Arctiinae,Antona_sp_852,Antona,Gustavia_hexapetala,Lecythidaceae,Gustavia,0.23376326,2,23,234,2338
UD22_0807,19/11/2022,CR10,Understory,23,1,Moth_Arctiinae,Aptilosia_crocea_gr_866,Aptilosia,Cecropia_insignis,Urticaceae,Cecropia,0.264242126,3,26,264,2642
UD22_1160,19/10/2022,PA53,Understory,0,1,Moth_Arctiinae,Aptilosia_crocea_gr_866,Aptilosia,Cecropia_spc,Urticaceae,Cecropia,0.126213592,1,13,126,1262
UD22_0787,27/10/2022,PA58,Understory,0,1,Moth_Arctiinae,Aptilosia_crocea_gr_866,Aptilosia,Cestrum_schlechtendalii,Solanaceae,Cestrum,0.843895153,8,84,844,8439
UD22_0807,19/11/2022,CR10,Understory,23,1,Moth_Arctiinae,Aptilosia_crocea_gr_866,Aptilosia,Chrysophyllum_eximium,Sapotaceae,Chrysophyllum,0.124093869,1,12,124,1241
UD22_0807,19/11/2022,CR10,Understory,23,1,Moth_Arctiinae,Aptilosia_crocea_gr_866,Aptilosia,Heliotropiaceae_spc,Heliotropiaceae,Heliotropiaceae spc,0.16721956,2,17,167,1672
UD22_0137,26/03/2022,OG39,Understory,NA,1,Moth_Arctiinae,Aptilosia_crocea_gr_866,Aptilosia,Heliotropiaceae_spc,Heliotropiaceae,Heliotropiaceae spc,0.488357257,5,49,488,4884
UD22_0874,14/11/2022,PR20,Understory,3,1,Moth_Arctiinae,Aptilosia_crocea_gr_866,Aptilosia,Heliotropiaceae_spc,Heliotropiaceae,Heliotropiaceae spc,0.290507575,3,29,291,2905
UD22_0807,19/11/2022,CR10,Understory,23,1,Moth_Arctiinae,Aptilosia_crocea_gr_866,Aptilosia,Marcgravia_umbellata,Marcgraviaceae,Marcgravia,0.288159889,3,29,288,2882
UD22_1160,19/10/2022,PA53,Understory,0,1,Moth_Arctiinae,Aptilosia_crocea_gr_866,Aptilosia,Marcgravia_umbellata,Marcgraviaceae,Marcgravia,0.146925566,1,15,147,1469
UD22_0787,27/10/2022,PA58,Understory,0,1,Moth_Arctiinae,Aptilosia_crocea_gr_866,Aptilosia,Marcgravia_umbellata,Marcgraviaceae,Marcgravia,0.106955045,1,11,107,1070
UD22_0874,14/11/2022,PR20,Understory,3,1,Moth_Arctiinae,Aptilosia_crocea_gr_866,Aptilosia,Marcgravia_umbellata,Marcgraviaceae,Marcgravia,0.553082827,6,55,553,5531
UD22_0833,21/10/2022,PR27,Understory,26,1,Moth_Arctiinae,Aptilosia_crocea_gr_866,Aptilosia,Marcgravia_umbellata,Marcgraviaceae,Marcgravia,0.976192431,10,98,976,9762
UD22_0557,28/02/2022,OG38,Understory,NA,1,Moth_Arctiinae,Aptilosia_crocea_gr_866,Aptilosia,Pouteria_lucumifolia,Sapotaceae,Pouteria,0.765543017,8,77,766,7655
UD22_0557,28/02/2022,OG38,Understory,NA,1,Moth_Arctiinae,Aptilosia_crocea_gr_866,Aptilosia,Sapotaceae_spc,Sapotaceae,Sapotaceae spc,0.10551283,1,11,106,1055
UD22_1160,19/10/2022,PA53,Understory,0,1,Moth_Arctiinae,Aptilosia_crocea_gr_866,Aptilosia,Souroubea_guianensis,Marcgraviaceae,Souroubea,0.425889968,4,43,426,4259
UD22_1005,7/4/2022,OG41,Canopy,NA,1,Moth_Arctiinae,Apyre_separata_911,Apyre,Cestrum_schlechtendalii,Solanaceae,Cestrum,0.389261745,4,39,389,3893
UD22_1143,19/10/2022,PA53,Understory,0,2,Moth_Arctiinae,Araeomolis_cf_rhodographa_1079,Araeomolis,Cecropia_spc,Urticaceae,Cecropia,0.236857649,2,24,237,2369
UD22_0917,29/10/2022,CR14,Canopy,37,1,Moth_Arctiinae,Araeomolis_cf_rhodographa_1079,Araeomolis,Clusia_nemorosa,Clusiaceae,Clusia,0.873370577,9,87,873,8734
UD22_1143,19/10/2022,PA53,Understory,0,2,Moth_Arctiinae,Araeomolis_cf_rhodographa_1079,Araeomolis,Guarea_macrophylla,Meliaceae,Guarea,0.376550502,4,38,377,3766
UD22_1143,19/10/2022,PA53,Understory,0,2,Moth_Arctiinae,Araeomolis_cf_rhodographa_1079,Araeomolis,Guarea_spc,Meliaceae,Guarea,0.191671589,2,19,192,1917
UD22_0738,29/10/2022,CR14,Understory,37,1,Moth_Arctiinae,Araeomolis_cf_rhodographa_1079,Araeomolis,Ruagea_glabra,Meliaceae,Ruagea,0.887763951,9,89,888,8878
UD22_0926,7/4/2022,OG41,Understrory,NA,1,Moth_Arctiinae,Arctiarpia_melanopasta_916,Arctiarpia,Blakea_subconnata,Melastomataceae,Blakea,0.284982935,3,28,285,2850
UD22_0999,11/5/2022,PA55,Understory,0,1,Moth_Arctiinae,Arctiarpia_melanopasta_916,Arctiarpia,Guarea_macrophylla,Meliaceae,Guarea,0.140186916,1,14,140,1402
UD22_0926,7/4/2022,OG41,Understrory,NA,1,Moth_Arctiinae,Arctiarpia_melanopasta_916,Arctiarpia,Guarea_spc,Meliaceae,Guarea,0.259385666,3,26,259,2594
UD22_0926,7/4/2022,OG41,Understrory,NA,1,Moth_Arctiinae,Arctiarpia_melanopasta_916,Arctiarpia,Meliaceae_spc,Meliaceae,Meliaceae spc,0.211604096,2,21,212,2116
UD22_0446,24/04/2022,OG51,Understory,NA,1,Moth_Arctiinae,Arctiarpia_melanopasta_916,Arctiarpia,Parkia_multijuga,Fabaceae,Parkia,0.511608485,5,51,512,5116
UD22_0999,11/5/2022,PA55,Understory,0,1,Moth_Arctiinae,Arctiarpia_melanopasta_916,Arctiarpia,Pouteria_reticulata,Sapotaceae,Pouteria,0.610280374,6,61,610,6103
UD22_0999,11/5/2022,PA55,Understory,0,1,Moth_Arctiinae,Arctiarpia_melanopasta_916,Arctiarpia,Pouteria_spc,Sapotaceae,Pouteria,0.114018692,1,11,114,1140
UD22_0152,10/4/2022,PR26,Canopy,27,1,Moth_Arctiinae,Areva_nr_trigemmis_868,Areva,Chrysophyllum_argenteum,Sapotaceae,Chrysophyllum,0.643911781,6,64,644,6439
UD22_0104,4/4/2022,OG42,Understory,NA,1,Moth_Arctiinae,Areva_nr_trigemmis_868,Areva,Garcinia_madruno,Clusiaceae,Garcinia,0.924028269,9,92,924,9240
UD22_0442,29/03/2022,PR21,Canopy,35,1,Moth_Arctiinae,Areva_nr_trigemmis_868,Areva,Magnoliopsida_spc,Magnoliopsida spc,Magnoliopsida spc,0.925739247,9,93,926,9257
UD22_0483,9/5/2022,PR29,Understory,5,1,Moth_Arctiinae,Areva_nr_trigemmis_868,Areva,Magnoliopsida_spc,Magnoliopsida spc,Magnoliopsida spc,0.125381641,1,13,125,1254
UD22_0574,26/04/2022,PR26,Understory,27,1,Moth_Arctiinae,Atyphopsis_nr_modesta_772,Atyphopsis,Hieronyma_alchorneoides,Phyllanthaceae,Hieronyma,0.179698217,2,18,180,1797
UD22_0574,26/04/2022,PR26,Understory,27,1,Moth_Arctiinae,Atyphopsis_nr_modesta_772,Atyphopsis,Magnoliopsida_spc,Magnoliopsida spc,Magnoliopsida spc,0.111111111,1,11,111,1111
UD22_0574,26/04/2022,PR26,Understory,27,1,Moth_Arctiinae,Atyphopsis_nr_modesta_772,Atyphopsis,Myriopus_spc,Heliotropiaceae,Myriopus,0.323731139,3,32,324,3237
UD22_0675,14/10/2022,CA60,Understory,0,1,Moth_Arctiinae,Atyphopsis_nr_modesta_772,Atyphopsis,Parkia_multijuga,Fabaceae,Parkia,0.13367137,1,13,134,1337
UD22_0675,14/10/2022,CA60,Understory,0,1,Moth_Arctiinae,Atyphopsis_nr_modesta_772,Atyphopsis,Pouteria_torta,Sapotaceae,Pouteria,0.101043504,1,10,101,1010
UD22_0675,14/10/2022,CA60,Understory,0,1,Moth_Arctiinae,Atyphopsis_nr_modesta_772,Atyphopsis,Trichilia_pallida,Meliaceae,Trichilia,0.111037625,1,11,111,1110
UD22_1027,24/04/2022,OG52,Understory,NA,1,Moth_Arctiinae,Balbura_cf_dorsigiana_894,Balbura,Baccharis_sp._Pennington_1090,Asteraceae,Baccharis,0.159036145,2,16,159,1590
UD22_1027,24/04/2022,OG52,Understory,NA,1,Moth_Arctiinae,Balbura_cf_dorsigiana_894,Balbura,Bidens_pilosa,Asteraceae,Bidens,0.220481928,2,22,220,2205
UD22_1007,7/4/2022,OG41,Canopy,NA,1,Moth_Arctiinae,Balbura_cf_dorsigiana_894,Balbura,Cecropia_spc,Urticaceae,Cecropia,0.55525313,6,56,555,5553
UD22_0839,25/10/2022,OG48,Understory,NA,1,Moth_Arctiinae,Balbura_cf_dorsigiana_894,Balbura,Cestrum_schlechtendalii,Solanaceae,Cestrum,0.524314045,5,52,524,5243
UD22_0806,19/11/2022,CR10,Understory,23,2,Moth_Arctiinae,Balbura_cf_dorsigiana_894,Balbura,Clusia_nemorosa,Clusiaceae,Clusia,0.946816297,9,95,947,9468
UD22_1007,7/4/2022,OG41,Canopy,NA,1,Moth_Arctiinae,Balbura_cf_dorsigiana_894,Balbura,Guarea_macrophylla,Meliaceae,Guarea,0.155144257,2,16,155,1551
UD22_0474,11/5/2022,PA54,Understory,0,1,Moth_Arctiinae,Balbura_cf_dorsigiana_894,Balbura,Guarea_macrophylla,Meliaceae,Guarea,0.101727199,1,10,102,1017
UD22_0674,2022-10-DD,PA56,Understory,0,2,Moth_Arctiinae,Balbura_cf_dorsigiana_894,Balbura,Heliotropiaceae_spc,Heliotropiaceae,Heliotropiaceae spc,0.597716588,6,60,598,5977
UD22_1072,22/04/2022,CR18,Understory,9,2,Moth_Arctiinae,Balbura_cf_dorsigiana_894,Balbura,Hieronyma_alchorneoides,Phyllanthaceae,Hieronyma,0.677192982,7,68,677,6772
UD22_0900,19/11/2022,OG46,Understory,NA,1,Moth_Arctiinae,Balbura_cf_dorsigiana_894,Balbura,Marcgravia_umbellata,Marcgraviaceae,Marcgravia,0.937123079,9,94,937,9371
UD22_0839,25/10/2022,OG48,Understory,NA,1,Moth_Arctiinae,Balbura_cf_dorsigiana_894,Balbura,Marcgravia_umbellata,Marcgraviaceae,Marcgravia,0.375743306,4,38,376,3757
UD22_0862,26/10/2022,OG49,Understory,NA,3,Moth_Arctiinae,Balbura_cf_dorsigiana_894,Balbura,Marcgravia_umbellata,Marcgraviaceae,Marcgravia,0.481456311,5,48,481,4815
UD22_0674,2022-10-DD,PA56,Understory,0,2,Moth_Arctiinae,Balbura_cf_dorsigiana_894,Balbura,Myriopus_spc,Heliotropiaceae,Myriopus,0.110290277,1,11,110,1103
UD22_0665,5/4/2022,PA57,Understory,0,2,Moth_Arctiinae,Balbura_cf_dorsigiana_894,Balbura,Ochroma_pyramidale,Malvaceae,Ochroma,0.123955432,1,12,124,1240
UD22_0665,5/4/2022,PA57,Understory,0,2,Moth_Arctiinae,Balbura_cf_dorsigiana_894,Balbura,Parkia_multijuga,Fabaceae,Parkia,0.756864306,8,76,757,7569
UD22_0474,11/5/2022,PA54,Understory,0,1,Moth_Arctiinae,Balbura_cf_dorsigiana_894,Balbura,Pouteria_caimito,Sapotaceae,Pouteria,0.637836965,6,64,638,6378
UD22_0674,2022-10-DD,PA56,Understory,0,2,Moth_Arctiinae,Balbura_cf_dorsigiana_894,Balbura,Ruagea_glabra,Meliaceae,Ruagea,0.139094097,1,14,139,1391
UD22_1017,2/4/2022,CR03,Understory,4,1,Moth_Arctiinae,Balbura_cf_dorsigiana_894,Balbura,Sapotaceae_sp_JSA315_spc,Sapotaceae,Sapotaceae sp JSA315,0.107510367,1,11,108,1075
UD22_0602,26/04/2022,OG42,Canopy,NA,2,Moth_Arctiinae,Balbura_cf_dorsigiana_894,Balbura,Sapotaceae_sp_JSA315_spc,Sapotaceae,Sapotaceae sp JSA315,0.699137706,7,70,699,6991
UD22_0980,24/04/2022,OG51,Canopy,NA,2,Moth_Arctiinae,Balbura_cf_dorsigiana_894,Balbura,Sapotaceae_sp_JSA315_spc,Sapotaceae,Sapotaceae sp JSA315,0.152546093,2,15,153,1525
UD22_0474,11/5/2022,PA54,Understory,0,1,Moth_Arctiinae,Balbura_cf_dorsigiana_894,Balbura,Sapotaceae_sp_JSA315_spc,Sapotaceae,Sapotaceae sp JSA315,0.120290557,1,12,120,1203
UD22_0150,10/4/2022,PR26,Canopy,27,1,Moth_Arctiinae,Balbura_cf_dorsigiana_894,Balbura,Sapotaceae_sp_JSA315_spc,Sapotaceae,Sapotaceae sp JSA315,0.118745831,1,12,119,1187
UD22_1017,2/4/2022,CR03,Understory,4,1,Moth_Arctiinae,Balbura_cf_dorsigiana_894,Balbura,Sapotaceae_spc,Sapotaceae,Sapotaceae spc,0.866226386,9,87,866,8662
UD22_1072,22/04/2022,CR18,Understory,9,2,Moth_Arctiinae,Balbura_cf_dorsigiana_894,Balbura,Sapotaceae_spc,Sapotaceae,Sapotaceae spc,0.21754386,2,22,218,2175
UD22_0980,24/04/2022,OG51,Canopy,NA,2,Moth_Arctiinae,Balbura_cf_dorsigiana_894,Balbura,Sapotaceae_spc,Sapotaceae,Sapotaceae spc,0.804214223,8,80,804,8042
UD22_0329,7/5/2022,OG43,Understory,NA,1,Moth_Arctiinae,Balbura_cf_dorsigiana_894,Balbura,Stellaria_media,Caryophyllaceae,Stellaria,0.215584416,2,22,216,2156
UD22_0329,7/5/2022,OG43,Understory,NA,1,Moth_Arctiinae,Balbura_cf_dorsigiana_894,Balbura,Tapirira_guianensis,Anacardiaceae,Tapirira,0.215584416,2,22,216,2156
UD22_1114,25/10/2022,OG50,Canopy,NA,1,Moth_Arctiinae,Balbura_intervenata_1227,Balbura,Caryophyllaceae_spc,Caryophyllaceae,Caryophyllaceae spc,0.110141767,1,11,110,1101
UD22_0981,24/04/2022,OG51,Canopy,NA,1,Moth_Arctiinae,Balbura_intervenata_1227,Balbura,Caryophyllaceae_spc,Caryophyllaceae,Caryophyllaceae spc,0.23682455,2,24,237,2368
UD22_0601,26/04/2022,OG42,Canopy,NA,1,Moth_Arctiinae,Balbura_intervenata_1227,Balbura,Cecropia_insignis,Urticaceae,Cecropia,0.107624164,1,11,108,1076
UD22_1114,25/10/2022,OG50,Canopy,NA,1,Moth_Arctiinae,Balbura_intervenata_1227,Balbura,Cestrum_schlechtendalii,Solanaceae,Cestrum,0.254089422,3,25,254,2541
UD22_0912,21/11/2022,CR11,Understory,22,1,Moth_Arctiinae,Balbura_intervenata_1227,Balbura,Clusia_nemorosa,Clusiaceae,Clusia,0.822499576,8,82,822,8225
UD22_1071,22/04/2022,CR18,Understory,9,1,Moth_Arctiinae,Balbura_intervenata_1227,Balbura,Guarea_spc,Meliaceae,Guarea,0.287985668,3,29,288,2880
UD22_0655,28/02/2022,CR04,Canopy,20,1,Moth_Arctiinae,Balbura_intervenata_1227,Balbura,Heliotropiaceae_spc,Heliotropiaceae,Heliotropiaceae spc,0.671225252,7,67,671,6712
UD22_0601,26/04/2022,OG42,Canopy,NA,1,Moth_Arctiinae,Balbura_intervenata_1227,Balbura,Hieronyma_alchorneoides,Phyllanthaceae,Hieronyma,0.365469795,4,37,365,3655
UD22_0562,26/04/2022,PR26,Understory,27,1,Moth_Arctiinae,Balbura_intervenata_1227,Balbura,Hieronyma_alchorneoides,Phyllanthaceae,Hieronyma,0.327227275,3,33,327,3272
UD22_1071,22/04/2022,CR18,Understory,9,1,Moth_Arctiinae,Balbura_intervenata_1227,Balbura,Meliaceae_spc,Meliaceae,Meliaceae spc,0.304893069,3,30,305,3049
UD22_0486,9/5/2022,PR29,Understory,5,1,Moth_Arctiinae,Balbura_intervenata_1227,Balbura,Meliaceae_spc,Meliaceae,Meliaceae spc,0.20473629,2,20,205,2047
UD22_1071,22/04/2022,CR18,Understory,9,1,Moth_Arctiinae,Balbura_intervenata_1227,Balbura,Parkia_multijuga,Fabaceae,Parkia,0.235248013,2,24,235,2352
UD22_0562,26/04/2022,PR26,Understory,27,1,Moth_Arctiinae,Balbura_intervenata_1227,Balbura,Parkia_multijuga,Fabaceae,Parkia,0.261755959,3,26,262,2618
UD22_0588,23/03/2022,PR24,Canopy,20,1,Moth_Arctiinae,Balbura_intervenata_1227,Balbura,Paullinia_spc,Sapindaceae,Paullinia,0.799335175,8,80,799,7993
UD22_1071,22/04/2022,CR18,Understory,9,1,Moth_Arctiinae,Balbura_intervenata_1227,Balbura,Ruagea_glabra,Meliaceae,Ruagea,0.111857575,1,11,112,1119
UD22_0011,28/02/2022,OG38,Understory,NA,1,Moth_Arctiinae,Balbura_intervenata_1227,Balbura,Ruagea_glabra,Meliaceae,Ruagea,0.412682927,4,41,413,4127
UD22_0346,7/5/2022,OG28,Understory,NA,1,Moth_Arctiinae,Balbura_intervenata_1227,Balbura,Sapotaceae_sp_JSA315_spc,Sapotaceae,Sapotaceae sp JSA315,0.957782791,10,96,958,9578
UD22_0460,7/5/2022,OG43,Canopy,NA,2,Moth_Arctiinae,Balbura_intervenata_1227,Balbura,Stellaria_media,Caryophyllaceae,Stellaria,0.168824443,2,17,169,1688
UD22_0981,24/04/2022,OG51,Canopy,NA,1,Moth_Arctiinae,Balbura_intervenata_1227,Balbura,Stellaria_spc,Caryophyllaceae,Stellaria,0.346897932,3,35,347,3469
UD22_0460,7/5/2022,OG43,Canopy,NA,2,Moth_Arctiinae,Balbura_intervenata_1227,Balbura,Trichilia_pallida,Meliaceae,Trichilia,0.201967892,2,20,202,2020
UD22_0486,9/5/2022,PR29,Understory,5,1,Moth_Arctiinae,Balbura_intervenata_1227,Balbura,Trichilia_pallida,Meliaceae,Trichilia,0.183482026,2,18,183,1835
UD22_0376,23/05/2022,OG38,Canopy,NA,1,Moth_Arctiinae,Baritius_(cf)_cf_grandis_918,Baritius,Chrysophyllum_eximium,Sapotaceae,Chrysophyllum,0.643606649,6,64,644,6436
UD22_0422,24/04/2022,OG51,Canopy,NA,2,Moth_Arctiinae,Baritius_(cf)_cf_grandis_918,Baritius,Guarea_gentryi,Meliaceae,Guarea,0.575338096,6,58,575,5753
UD22_0376,23/05/2022,OG38,Canopy,NA,1,Moth_Arctiinae,Baritius_(cf)_cf_grandis_918,Baritius,Sapotaceae_spc,Sapotaceae,Sapotaceae spc,0.132231405,1,13,132,1322
UD22_0643,28/02/2022,CR04,Canopy,20,1,Moth_Arctiinae,Baritius_nr_eleuthera_917,Baritius,Pouteria_torta,Sapotaceae,Pouteria,0.647202264,6,65,647,6472
UD22_0703,14/10/2022,CA60,Understory,0,2,Moth_Arctiinae,Bertholdia_sp_920,Bertholdia,Cecropia_insignis,Urticaceae,Cecropia,0.130897096,1,13,131,1309
UD22_0572,26/04/2022,PR26,Understory,27,1,Moth_Arctiinae,Bertholdia_sp_920,Bertholdia,Cecropia_insignis,Urticaceae,Cecropia,0.118400106,1,12,118,1184
UD22_0781|LT500,27/10/2022,PA58,Understory,0,2,Moth_Arctiinae,Bertholdia_sp_920,Bertholdia,Cestrum_schlechtendalii,Solanaceae,Cestrum,0.899224806,9,90,899,8992
UD22_0813,14/11/2022,PR25,Understory,5,1,Moth_Arctiinae,Bertholdia_sp_920,Bertholdia,Clusia_nemorosa,Clusiaceae,Clusia,0.910572687,9,91,911,9106
UD22_0816,14/11/2022,PR25,Understory,5,1,Moth_Arctiinae,Bertholdia_sp_920,Bertholdia,Clusia_nemorosa,Clusiaceae,Clusia,0.718155145,7,72,718,7182
UD22_0703,14/10/2022,CA60,Understory,0,2,Moth_Arctiinae,Bertholdia_sp_920,Bertholdia,Parkia_multijuga,Fabaceae,Parkia,0.375678139,4,38,376,3757
UD22_0572,26/04/2022,PR26,Understory,27,1,Moth_Arctiinae,Bertholdia_sp_920,Bertholdia,Parkia_multijuga,Fabaceae,Parkia,0.715640754,7,72,716,7156
UD22_0703,14/10/2022,CA60,Understory,0,2,Moth_Arctiinae,Bertholdia_sp_920,Bertholdia,Vernonanthura_patens,Asteraceae,Vernonanthura,0.135714596,1,14,136,1357
UD22_0780,27/10/2022,PA58,Understory,0,1,Moth_Arctiinae,Bertholdia_specularis_919,Bertholdia,Cestrum_schlechtendalii,Solanaceae,Cestrum,0.733566027,7,73,734,7336
UD22_0668,5/4/2022,PA57,Understory,0,1,Moth_Arctiinae,Bertholdia_specularis_919,Bertholdia,Parkia_multijuga,Fabaceae,Parkia,0.725376433,7,73,725,7254
UD22_0780,27/10/2022,PA58,Understory,0,1,Moth_Arctiinae,Bertholdia_specularis_919,Bertholdia,Souroubea_guianensis,Marcgraviaceae,Souroubea,0.100058173,1,10,100,1001
UD22_1159,19/10/2022,PA53,Understory,0,1,Moth_Arctiinae,Brachyglene_cf_schausi,Brachyglene,Cecropia_spc,Urticaceae,Cecropia,0.16684322,2,17,167,1668
UD22_1167,21/11/2022,OG45,Canopy,NA,1,Moth_Arctiinae,Brachyglene_cf_schausi,Brachyglene,Cestrum_schlechtendalii,Solanaceae,Cestrum,0.207500458,2,21,208,2075
UD22_1167,21/11/2022,OG45,Canopy,NA,1,Moth_Arctiinae,Brachyglene_cf_schausi,Brachyglene,Cestrum_spc,Solanaceae,Cestrum,0.457683844,5,46,458,4577
UD22_1159,19/10/2022,PA53,Understory,0,1,Moth_Arctiinae,Brachyglene_cf_schausi,Brachyglene,Myriopus_spc,Heliotropiaceae,Myriopus,0.709745763,7,71,710,7097
UD22_1167,21/11/2022,OG45,Canopy,NA,1,Moth_Arctiinae,Brachyglene_cf_schausi,Brachyglene,Pouteria_lucumifolia,Sapotaceae,Pouteria,0.120713369,1,12,121,1207
UD22_0551,11/5/2022,CR02,Understory,7,2,Moth_Arctiinae,Cacostatia_nr_germana_1131,Cacostatia,Cecropia_insignis,Urticaceae,Cecropia,0.118523247,1,12,119,1185
UD22_0988|LT500,11/5/2022,PA55,Understory,0,4,Moth_Arctiinae,Cacostatia_nr_germana_1131,Cacostatia,Hieronyma_alchorneoides,Phyllanthaceae,Hieronyma,0.174129353,2,17,174,1741
UD22_0988|LT500,11/5/2022,PA55,Understory,0,4,Moth_Arctiinae,Cacostatia_nr_germana_1131,Cacostatia,Orchidaceae_spc,Orchidaceae,Orchidaceae spc,0.109452736,1,11,109,1095
UD22_0988|LT500,11/5/2022,PA55,Understory,0,4,Moth_Arctiinae,Cacostatia_nr_germana_1131,Cacostatia,Sapotaceae_spc,Sapotaceae,Sapotaceae spc,0.15920398,2,16,159,1592
UD22_0334,7/5/2022,OG28,Understory,NA,2,Moth_Arctiinae,Chetone_cf_ithrana_897,Chetone,Alchorneopsis_floribunda,Euphorbiaceae,Alchorneopsis,0.717027247,7,72,717,7170
UD22_1048,30/04/2022,PR33,Understory,1,1,Moth_Arctiinae,Chetone_cf_ithrana_897,Chetone,Cecropia_insignis,Urticaceae,Cecropia,0.105374078,1,11,105,1054
UD22_1048,30/04/2022,PR33,Understory,1,1,Moth_Arctiinae,Chetone_cf_ithrana_897,Chetone,Cecropia_spc,Urticaceae,Cecropia,0.172813488,2,17,173,1728
UD22_1048,30/04/2022,PR33,Understory,1,1,Moth_Arctiinae,Chetone_cf_ithrana_897,Chetone,Cestrum_schlechtendalii,Solanaceae,Cestrum,0.421496312,4,42,421,4215
UD22_0334,7/5/2022,OG28,Understory,NA,2,Moth_Arctiinae,Chetone_cf_ithrana_897,Chetone,Guarea_macrophylla,Meliaceae,Guarea,0.209921246,2,21,210,2099
UD22_0491,22/04/2022,CR18,Canopy,9,1,Moth_Arctiinae,Chrostosoma_nr_schausi_776,Chrostosoma,Hieronyma_alchorneoides,Phyllanthaceae,Hieronyma,0.526838527,5,53,527,5268
UD22_0491,22/04/2022,CR18,Canopy,9,1,Moth_Arctiinae,Chrostosoma_nr_schausi_776,Chrostosoma,Pouteria_caimito,Sapotaceae,Pouteria,0.146773197,1,15,147,1468
UD22_0851,19/11/2022,OG44,Understory,NA,1,Moth_Arctiinae,Cisthene_sp_870,Cisthene,Acalypha_diversifolia,Euphorbiaceae,Acalypha,0.251791383,3,25,252,2518
UD22_0853,19/11/2022,OG44,Understory,NA,3,Moth_Arctiinae,Cisthene_sp_870,Cisthene,Cecropia_garciae,Urticaceae,Cecropia,0.259013786,3,26,259,2590
UD22_0709,14/10/2022,CA60,Understory,0,1,Moth_Arctiinae,Cisthene_sp_870,Cisthene,Cecropia_insignis,Urticaceae,Cecropia,0.42420657,4,42,424,4242
UD22_0800,31/10/2022,PR36,Understory,8,1,Moth_Arctiinae,Cisthene_sp_870,Cisthene,Cecropia_insignis,Urticaceae,Cecropia,0.697900666,7,70,698,6979
UD22_0800,31/10/2022,PR36,Understory,8,1,Moth_Arctiinae,Cisthene_sp_870,Cisthene,Cecropia_spc,Urticaceae,Cecropia,0.154761905,2,15,155,1548
UD22_0894,21/11/2022,OG45,Understory,NA,2,Moth_Arctiinae,Cisthene_sp_870,Cisthene,Fabaceae_spc,Fabaceae,Fabaceae spc,0.396924204,4,40,397,3969
UD22_0843,25/10/2022,OG48,Understory,NA,3,Moth_Arctiinae,Cisthene_sp_870,Cisthene,Heisteria_concinna,Erythropalaceae,Heisteria,0.131147541,1,13,131,1311
UD22_0865,26/10/2022,OG49,Understory,NA,1,Moth_Arctiinae,Cisthene_sp_870,Cisthene,Heisteria_concinna,Erythropalaceae,Heisteria,0.801273647,8,80,801,8013
UD22_0533,22/04/2022,CR18,Canopy,9,4,Moth_Arctiinae,Cisthene_sp_870,Cisthene,Hieronyma_alchorneoides,Phyllanthaceae,Hieronyma,0.687087087,7,69,687,6871
UD22_0853,19/11/2022,OG44,Understory,NA,3,Moth_Arctiinae,Cisthene_sp_870,Cisthene,Magnoliopsida_spc,Magnoliopsida spc,Magnoliopsida spc,0.161983033,2,16,162,1620
UD22_0832|LT500,21/10/2022,PR27,Understory,26,2,Moth_Arctiinae,Cisthene_sp_870,Cisthene,Magnoliopsida_spc,Magnoliopsida spc,Magnoliopsida spc,0.655319149,7,66,655,6553
UD22_0800,31/10/2022,PR36,Understory,8,1,Moth_Arctiinae,Cisthene_sp_870,Cisthene,Magnoliopsida_spc,Magnoliopsida spc,Magnoliopsida spc,0.105478751,1,11,105,1055
UD22_0872,19/11/2022,CR10,Canopy,23,1,Moth_Arctiinae,Cisthene_sp_870,Cisthene,Marcgravia_umbellata,Marcgraviaceae,Marcgravia,0.323589993,3,32,324,3236
UD22_0396,11/5/2022,PA54,Understory,0,2,Moth_Arctiinae,Cisthene_sp_870,Cisthene,Pouteria_caimito,Sapotaceae,Pouteria,0.936223953,9,94,936,9362
UD22_0872,19/11/2022,CR10,Canopy,23,1,Moth_Arctiinae,Cisthene_sp_870,Cisthene,Sapotaceae_sp_JSA315_spc,Sapotaceae,Sapotaceae sp JSA315,0.471637853,5,47,472,4716
UD22_0441,29/03/2022,PR21,Canopy,35,1,Moth_Arctiinae,Cisthene_sp_870,Cisthene,Sloanea_spc,Elaeocarpaceae,Sloanea,0.689599632,7,69,690,6896
UD22_1036,24/04/2022,OG52,Canopy,NA,1,Moth_Arctiinae,Cloesia_nr_digna_1189,Cloesia,Allophylus_dodsonii,Sapindaceae,Allophylus,0.101923077,1,10,102,1019
UD22_0439,29/03/2022,PR21,Canopy,35,1,Moth_Arctiinae,Cloesia_nr_digna_1189,Cloesia,Cecropia_garciae,Urticaceae,Cecropia,0.140073609,1,14,140,1401
UD22_0439,29/03/2022,PR21,Canopy,35,1,Moth_Arctiinae,Cloesia_nr_digna_1189,Cloesia,Cecropia_insignis,Urticaceae,Cecropia,0.201991773,2,20,202,2020
UD22_1056|LT500,30/04/2022,PR33,Understory,1,1,Moth_Arctiinae,Cloesia_nr_digna_1189,Cloesia,Cecropia_insignis,Urticaceae,Cecropia,0.173333333,2,17,173,1733
UD22_1056|LT500,30/04/2022,PR33,Understory,1,1,Moth_Arctiinae,Cloesia_nr_digna_1189,Cloesia,Cecropia_spc,Urticaceae,Cecropia,0.217777778,2,22,218,2178
UD22_1036,24/04/2022,OG52,Canopy,NA,1,Moth_Arctiinae,Cloesia_nr_digna_1189,Cloesia,Cestrum_schlechtendalii,Solanaceae,Cestrum,0.298076923,3,30,298,2981
UD22_0439,29/03/2022,PR21,Canopy,35,1,Moth_Arctiinae,Cloesia_nr_digna_1189,Cloesia,Cordia_alliodora,Cordiaceae,Cordia,0.298008227,3,30,298,2980
UD22_0439,29/03/2022,PR21,Canopy,35,1,Moth_Arctiinae,Cloesia_nr_digna_1189,Cloesia,Croton_tessmannii,Euphorbiaceae,Croton,0.279714224,3,28,280,2797
UD22_0649,28/02/2022,CR04,Canopy,20,1,Moth_Arctiinae,Cloesia_nr_digna_1189,Cloesia,Garcinia_madruno,Clusiaceae,Garcinia,0.312261643,3,31,312,3123
UD22_0424,24/04/2022,OG51,Canopy,NA,1,Moth_Arctiinae,Cloesia_nr_digna_1189,Cloesia,Guarea_gentryi,Meliaceae,Guarea,0.388173581,4,39,388,3882
UD22_1036,24/04/2022,OG52,Canopy,NA,1,Moth_Arctiinae,Cloesia_nr_digna_1189,Cloesia,Guarea_gentryi,Meliaceae,Guarea,0.240384615,2,24,240,2404
UD22_1056|LT500,30/04/2022,PR33,Understory,1,1,Moth_Arctiinae,Cloesia_nr_digna_1189,Cloesia,Guarea_gentryi,Meliaceae,Guarea,0.22,2,22,220,2200
UD22_0607,26/04/2022,OG42,Canopy,NA,2,Moth_Arctiinae,Cloesia_nr_digna_1189,Cloesia,Hieronyma_alchorneoides,Phyllanthaceae,Hieronyma,0.101209358,1,10,101,1012
UD22_0649,28/02/2022,CR04,Canopy,20,1,Moth_Arctiinae,Cloesia_nr_digna_1189,Cloesia,Hortia_brasiliana,Rutaceae,Hortia,0.107939443,1,11,108,1079
UD22_0649,28/02/2022,CR04,Canopy,20,1,Moth_Arctiinae,Cloesia_nr_digna_1189,Cloesia,Lamiales_spc,Lamiales spc,Lamiales spc,0.107014908,1,11,107,1070
UD22_0607,26/04/2022,OG42,Canopy,NA,2,Moth_Arctiinae,Cloesia_nr_digna_1189,Cloesia,Loranthaceae_spc,Loranthaceae,Loranthaceae spc,0.243325403,2,24,243,2433
UD22_0607,26/04/2022,OG42,Canopy,NA,2,Moth_Arctiinae,Cloesia_nr_digna_1189,Cloesia,Myriopus_spc,Heliotropiaceae,Myriopus,0.580888184,6,58,581,5809
UD22_1090,25/10/2022,OG48,Canopy,NA,1,Moth_Arctiinae,Cloesia_nr_digna_1189,Cloesia,Palicourea_allenii,Rubiaceae,Palicourea,0.577617329,6,58,578,5776
UD22_0424,24/04/2022,OG51,Canopy,NA,1,Moth_Arctiinae,Cloesia_nr_digna_1189,Cloesia,Parkia_multijuga,Fabaceae,Parkia,0.280877444,3,28,281,2809
UD22_1090,25/10/2022,OG48,Canopy,NA,1,Moth_Arctiinae,Cloesia_nr_digna_1189,Cloesia,Piper_hispidum,Piperaceae,Piper,0.110108303,1,11,110,1101
UD22_0628,23/03/2022,CR06,Canopy,32,2,Moth_Arctiinae,Cloesia_nr_digna_1189,Cloesia,Pouteria_torta,Sapotaceae,Pouteria,0.573741555,6,57,574,5737
UD22_0795,31/10/2022,PR36,Understory,8,2,Moth_Arctiinae,Correbidia_calopteridia_2004,Correbidia,Cecropia_insignis,Urticaceae,Cecropia,0.146858852,1,15,147,1469
UD22_0795,31/10/2022,PR36,Understory,8,2,Moth_Arctiinae,Correbidia_calopteridia_2004,Correbidia,Cestrum_schlechtendalii,Solanaceae,Cestrum,0.770295078,8,77,770,7703
UD22_0976,23/05/2022,PR23,Understory,1,1,Moth_Arctiinae,Correbidia_calopteridia_2004,Correbidia,Pouteria_caimito,Sapotaceae,Pouteria,0.154621265,2,15,155,1546
UD22_0976,23/05/2022,PR23,Understory,1,1,Moth_Arctiinae,Correbidia_calopteridia_2004,Correbidia,Pouteria_spc,Sapotaceae,Pouteria,0.748783878,7,75,749,7488
UD22_1099,14/11/2022,OG37,Canopy,NA,1,Moth_Arctiinae,Correbidia_germana_1274,Correbidia,Heliotropiaceae_spc,Heliotropiaceae,Heliotropiaceae spc,0.240026161,2,24,240,2400
UD22_1099,14/11/2022,OG37,Canopy,NA,1,Moth_Arctiinae,Correbidia_germana_1274,Correbidia,Magnoliopsida_spc,Magnoliopsida spc,Magnoliopsida spc,0.22236756,2,22,222,2224
UD22_0975,23/05/2022,PR23,Understory,1,1,Moth_Arctiinae,Correbidia_germana_1274,Correbidia,Pouteria_reticulata,Sapotaceae,Pouteria,0.839530821,8,84,840,8395
UD22_0975,23/05/2022,PR23,Understory,1,1,Moth_Arctiinae,Correbidia_germana_1274,Correbidia,Pouteria_spc,Sapotaceae,Pouteria,0.105315698,1,11,105,1053
UD22_1099,14/11/2022,OG37,Canopy,NA,1,Moth_Arctiinae,Correbidia_germana_1274,Correbidia,Souroubea_guianensis,Marcgraviaceae,Souroubea,0.175931982,2,18,176,1759
UD22_1028,24/04/2022,OG52,Understory,NA,1,Moth_Arctiinae,Correbidia_sp_779,Correbidia,Cestrum_schlechtendalii,Solanaceae,Cestrum,0.240501792,2,24,241,2405
UD22_1028,24/04/2022,OG52,Understory,NA,1,Moth_Arctiinae,Correbidia_sp_779,Correbidia,Heisteria_concinna,Erythropalaceae,Heisteria,0.262724014,3,26,263,2627
UD22_1028,24/04/2022,OG52,Understory,NA,1,Moth_Arctiinae,Correbidia_sp_779,Correbidia,Souroubea_guianensis,Marcgraviaceae,Souroubea,0.131182796,1,13,131,1312
UD22_0102,4/4/2022,OG42,Understory,NA,1,Moth_Arctiinae,Cosmosoma_(cf)_nr_xanthostictum_793,Cosmosoma,Acalypha_diversifolia,Euphorbiaceae,Acalypha,0.132485106,1,13,132,1325
UD22_0405,5/4/2022,CA62,Understory,0,1,Moth_Arctiinae,Cosmosoma_(cf)_nr_xanthostictum_793,Cosmosoma,Cecropia_insignis,Urticaceae,Cecropia,0.480666667,5,48,481,4807
UD22_0760,21/10/2022,CR08,Understory,26,1,Moth_Arctiinae,Cosmosoma_(cf)_nr_xanthostictum_793,Cosmosoma,Cecropia_insignis,Urticaceae,Cecropia,0.324325992,3,32,324,3243
UD22_0102,4/4/2022,OG42,Understory,NA,1,Moth_Arctiinae,Cosmosoma_(cf)_nr_xanthostictum_793,Cosmosoma,Cecropia_insignis,Urticaceae,Cecropia,0.211249116,2,21,211,2112
UD22_0790,16/10/2022,OG47,Canopy,NA,1,Moth_Arctiinae,Cosmosoma_(cf)_nr_xanthostictum_793,Cosmosoma,Cecropia_insignis,Urticaceae,Cecropia,0.339090029,3,34,339,3391
UD22_0341,7/5/2022,OG28,Understory,NA,2,Moth_Arctiinae,Cosmosoma_(cf)_nr_xanthostictum_793,Cosmosoma,Cecropia_insignis,Urticaceae,Cecropia,0.36235389,4,36,362,3624
UD22_0971,23/05/2022,PR23,Understory,1,1,Moth_Arctiinae,Cosmosoma_(cf)_nr_xanthostictum_793,Cosmosoma,Cecropia_spc,Urticaceae,Cecropia,0.559934319,6,56,560,5599
UD22_0467,7/5/2022,OG43,Canopy,NA,10,Moth_Arctiinae,Cosmosoma_(cf)_nr_xanthostictum_793,Cosmosoma,Combretum_spc,Combretaceae,Combretum,0.109702424,1,11,110,1097
UD22_0594,26/04/2022,OG42,Canopy,NA,2,Moth_Arctiinae,Cosmosoma_(cf)_nr_xanthostictum_793,Cosmosoma,Fabaceae_spc,Fabaceae,Fabaceae spc,0.391964088,4,39,392,3920
UD22_0354,7/5/2022,OG28,Canopy,NA,4,Moth_Arctiinae,Cosmosoma_(cf)_nr_xanthostictum_793,Cosmosoma,Guarea_macrophylla,Meliaceae,Guarea,0.321868403,3,32,322,3219
UD22_0405,5/4/2022,CA62,Understory,0,1,Moth_Arctiinae,Cosmosoma_(cf)_nr_xanthostictum_793,Cosmosoma,Hieronyma_alchorneoides,Phyllanthaceae,Hieronyma,0.273666667,3,27,274,2737
UD22_0594,26/04/2022,OG42,Canopy,NA,2,Moth_Arctiinae,Cosmosoma_(cf)_nr_xanthostictum_793,Cosmosoma,Hieronyma_alchorneoides,Phyllanthaceae,Hieronyma,0.419372175,4,42,419,4194
UD22_0566,26/04/2022,PR26,Understory,27,7,Moth_Arctiinae,Cosmosoma_(cf)_nr_xanthostictum_793,Cosmosoma,Hieronyma_alchorneoides,Phyllanthaceae,Hieronyma,0.265928579,3,27,266,2659
UD22_0790,16/10/2022,OG47,Canopy,NA,1,Moth_Arctiinae,Cosmosoma_(cf)_nr_xanthostictum_793,Cosmosoma,Lucuma_domingensis,Sapotaceae,Lucuma,0.346350436,3,35,346,3464
UD22_0566,26/04/2022,PR26,Understory,27,7,Moth_Arctiinae,Cosmosoma_(cf)_nr_xanthostictum_793,Cosmosoma,Matayba_sp.1,Sapindaceae,Matayba,0.333116249,3,33,333,3331
UD22_0543,11/5/2022,CR02,Understory,7,3,Moth_Arctiinae,Cosmosoma_(cf)_nr_xanthostictum_793,Cosmosoma,Pouteria_caimito,Sapotaceae,Pouteria,0.527715756,5,53,528,5277
UD22_0354,7/5/2022,OG28,Canopy,NA,4,Moth_Arctiinae,Cosmosoma_(cf)_nr_xanthostictum_793,Cosmosoma,Pouteria_caimito,Sapotaceae,Pouteria,0.299612949,3,30,300,2996
UD22_0971,23/05/2022,PR23,Understory,1,1,Moth_Arctiinae,Cosmosoma_(cf)_nr_xanthostictum_793,Cosmosoma,Pouteria_reticulata,Sapotaceae,Pouteria,0.344827586,3,34,345,3448
UD22_0997|LT500,11/5/2022,PA55,Understory,0,2,Moth_Arctiinae,Cosmosoma_(cf)_nr_xanthostictum_793,Cosmosoma,Pouteria_spc,Sapotaceae,Pouteria,0.278481013,3,28,278,2785
UD22_0760,21/10/2022,CR08,Understory,26,1,Moth_Arctiinae,Cosmosoma_(cf)_nr_xanthostictum_793,Cosmosoma,Sapium_glandulosum,Euphorbiaceae,Sapium,0.218088716,2,22,218,2181
UD22_0102,4/4/2022,OG42,Understory,NA,1,Moth_Arctiinae,Cosmosoma_(cf)_nr_xanthostictum_793,Cosmosoma,Sloanea_spc,Elaeocarpaceae,Sloanea,0.204685449,2,20,205,2047
UD22_0405,5/4/2022,CA62,Understory,0,1,Moth_Arctiinae,Cosmosoma_(cf)_nr_xanthostictum_793,Cosmosoma,Stellaria_media,Caryophyllaceae,Stellaria,0.104333333,1,10,104,1043
UD22_0467,7/5/2022,OG43,Canopy,NA,10,Moth_Arctiinae,Cosmosoma_(cf)_nr_xanthostictum_793,Cosmosoma,Tapirira_guianensis,Anacardiaceae,Tapirira,0.753005321,8,75,753,7530
UD22_0354,7/5/2022,OG28,Canopy,NA,4,Moth_Arctiinae,Cosmosoma_(cf)_nr_xanthostictum_793,Cosmosoma,Tapirira_guianensis,Anacardiaceae,Tapirira,0.225721323,2,23,226,2257
UD22_0790,16/10/2022,OG47,Canopy,NA,1,Moth_Arctiinae,Cosmosoma_(cf)_nr_xanthostictum_793,Cosmosoma,Trema_micrantha,Cannabaceae,Trema,0.145440465,1,15,145,1454
UD22_0772,21/10/2022,PR27,Understory,26,2,Moth_Arctiinae,Cosmosoma_(cf)_nr_xanthostictum_793,Cosmosoma,Triplaris_cumingiana,Polygonaceae,Triplaris,0.271737328,3,27,272,2717
UD22_0997|LT500,11/5/2022,PA55,Understory,0,2,Moth_Arctiinae,Cosmosoma_(cf)_nr_xanthostictum_793,Cosmosoma,Vernonanthura_patens,Asteraceae,Vernonanthura,0.632911392,6,63,633,6329
UD22_0341,7/5/2022,OG28,Understory,NA,2,Moth_Arctiinae,Cosmosoma_(cf)_nr_xanthostictum_793,Cosmosoma,Vicia_sativa,Fabaceae,Vicia,0.127367997,1,13,127,1274
UD22_0341,7/5/2022,OG28,Understory,NA,2,Moth_Arctiinae,Cosmosoma_(cf)_nr_xanthostictum_793,Cosmosoma,Vicia_villosa,Fabaceae,Vicia,0.118097541,1,12,118,1181
UD22_0772,21/10/2022,PR27,Understory,26,2,Moth_Arctiinae,Cosmosoma_(cf)_nr_xanthostictum_793,Cosmosoma,Virola_aff._Reidii,Myristicaceae,Virola,0.223536565,2,22,224,2235
UD22_0904,29/10/2022,CR14,Canopy,37,1,Moth_Arctiinae,Cosmosoma_klagesi_310,Cosmosoma,Acalypha_diversifolia,Euphorbiaceae,Acalypha,0.16374269,2,16,164,1637
UD22_0829,21/10/2022,PR27,Understory,26,1,Moth_Arctiinae,Cosmosoma_klagesi_310,Cosmosoma,Acalypha_diversifolia,Euphorbiaceae,Acalypha,0.130022321,1,13,130,1300
UD22_0706,14/10/2022,CA60,Understory,0,2,Moth_Arctiinae,Cosmosoma_klagesi_310,Cosmosoma,Cecropia_insignis,Urticaceae,Cecropia,0.297554439,3,30,298,2976
UD22_0677,14/10/2022,CA60,Understory,0,2,Moth_Arctiinae,Cosmosoma_klagesi_310,Cosmosoma,Cecropia_insignis,Urticaceae,Cecropia,0.168382188,2,17,168,1684
UD22_0304,26/04/2022,OG42,Canopy,NA,1,Moth_Arctiinae,Cosmosoma_klagesi_310,Cosmosoma,Cecropia_insignis,Urticaceae,Cecropia,0.289547582,3,29,290,2895
UD22_1089,25/10/2022,OG48,Canopy,NA,1,Moth_Arctiinae,Cosmosoma_klagesi_310,Cosmosoma,Cecropia_insignis,Urticaceae,Cecropia,0.152754591,2,15,153,1528
UD22_0859,26/10/2022,OG49,Understory,NA,2,Moth_Arctiinae,Cosmosoma_klagesi_310,Cosmosoma,Cecropia_insignis,Urticaceae,Cecropia,0.130846052,1,13,131,1308
UD22_0829,21/10/2022,PR27,Understory,26,1,Moth_Arctiinae,Cosmosoma_klagesi_310,Cosmosoma,Cecropia_insignis,Urticaceae,Cecropia,0.346540179,3,35,347,3465
UD22_0679,17/10/2022,PR31,Canopy,15,1,Moth_Arctiinae,Cosmosoma_klagesi_310,Cosmosoma,Cecropia_insignis,Urticaceae,Cecropia,0.341626594,3,34,342,3416
UD22_0681,17/10/2022,PR31,Canopy,15,1,Moth_Arctiinae,Cosmosoma_klagesi_310,Cosmosoma,Cecropia_insignis,Urticaceae,Cecropia,0.329535599,3,33,330,3295
UD22_1089,25/10/2022,OG48,Canopy,NA,1,Moth_Arctiinae,Cosmosoma_klagesi_310,Cosmosoma,Cecropia_spc,Urticaceae,Cecropia,0.630217028,6,63,630,6302
UD22_0829,21/10/2022,PR27,Understory,26,1,Moth_Arctiinae,Cosmosoma_klagesi_310,Cosmosoma,Cecropia_spc,Urticaceae,Cecropia,0.109375,1,11,109,1094
UD22_0904,29/10/2022,CR14,Canopy,37,1,Moth_Arctiinae,Cosmosoma_klagesi_310,Cosmosoma,Cestrum_schlechtendalii,Solanaceae,Cestrum,0.584795322,6,58,585,5848
UD22_1112,25/10/2022,OG50,Canopy,NA,5,Moth_Arctiinae,Cosmosoma_klagesi_310,Cosmosoma,Cestrum_schlechtendalii,Solanaceae,Cestrum,0.34358186,3,34,344,3436
UD22_1037,24/04/2022,OG52,Canopy,NA,3,Moth_Arctiinae,Cosmosoma_klagesi_310,Cosmosoma,Cestrum_schlechtendalii,Solanaceae,Cestrum,0.498375305,5,50,498,4984
UD22_0762,27/10/2022,PA58,Understory,0,3,Moth_Arctiinae,Cosmosoma_klagesi_310,Cosmosoma,Cestrum_schlechtendalii,Solanaceae,Cestrum,0.563927333,6,56,564,5639
UD22_0891,29/10/2022,PR34,Canopy,37,2,Moth_Arctiinae,Cosmosoma_klagesi_310,Cosmosoma,Cestrum_schlechtendalii,Solanaceae,Cestrum,0.873028008,9,87,873,8730
UD22_1041,30/04/2022,PR33,Understory,1,3,Moth_Arctiinae,Cosmosoma_klagesi_310,Cosmosoma,Croton_lechleri,Euphorbiaceae,Croton,0.109555778,1,11,110,1096
UD22_0369,23/05/2022,OG38,Canopy,NA,1,Moth_Arctiinae,Cosmosoma_klagesi_310,Cosmosoma,Fimbristylis_spc,Cyperaceae,Fimbristylis,0.236078431,2,24,236,2361
UD22_0762,27/10/2022,PA58,Understory,0,3,Moth_Arctiinae,Cosmosoma_klagesi_310,Cosmosoma,Heliotropiaceae_spc,Heliotropiaceae,Heliotropiaceae spc,0.289329991,3,29,289,2893
UD22_0873,14/11/2022,PR20,Understory,3,2,Moth_Arctiinae,Cosmosoma_klagesi_310,Cosmosoma,Heliotropiaceae_spc,Heliotropiaceae,Heliotropiaceae spc,0.839105602,8,84,839,8391
UD22_1112,25/10/2022,OG50,Canopy,NA,5,Moth_Arctiinae,Cosmosoma_klagesi_310,Cosmosoma,Heliotropium_arborescens,Heliotropiaceae,Heliotropium,0.102229055,1,10,102,1022
UD22_0513,22/04/2022,CR18,Canopy,9,4,Moth_Arctiinae,Cosmosoma_klagesi_310,Cosmosoma,Hieronyma_alchorneoides,Phyllanthaceae,Hieronyma,0.574613285,6,57,575,5746
UD22_1041,30/04/2022,PR33,Understory,1,3,Moth_Arctiinae,Cosmosoma_klagesi_310,Cosmosoma,Isertia_laevis,Rubiaceae,Isertia,0.519068704,5,52,519,5191
UD22_1041,30/04/2022,PR33,Understory,1,3,Moth_Arctiinae,Cosmosoma_klagesi_310,Cosmosoma,Isertia_spc,Rubiaceae,Isertia,0.105413512,1,11,105,1054
UD22_1112,25/10/2022,OG50,Canopy,NA,5,Moth_Arctiinae,Cosmosoma_klagesi_310,Cosmosoma,Magnoliopsida_spc,Magnoliopsida spc,Magnoliopsida spc,0.162951576,2,16,163,1630
UD22_0859,26/10/2022,OG49,Understory,NA,2,Moth_Arctiinae,Cosmosoma_klagesi_310,Cosmosoma,Marcgravia_umbellata,Marcgraviaceae,Marcgravia,0.318334275,3,32,318,3183
UD22_0776,21/10/2022,PR27,Understory,26,2,Moth_Arctiinae,Cosmosoma_klagesi_310,Cosmosoma,Marcgravia_umbellata,Marcgraviaceae,Marcgravia,0.626675313,6,63,627,6267
UD22_0420,24/04/2022,OG51,Canopy,NA,4,Moth_Arctiinae,Cosmosoma_klagesi_310,Cosmosoma,Matayba_sp.1,Sapindaceae,Matayba,0.220014399,2,22,220,2200
UD22_0776,21/10/2022,PR27,Understory,26,2,Moth_Arctiinae,Cosmosoma_klagesi_310,Cosmosoma,Mikania_cordifolia,Asteraceae,Mikania,0.199119109,2,20,199,1991
UD22_0677,14/10/2022,CA60,Understory,0,2,Moth_Arctiinae,Cosmosoma_klagesi_310,Cosmosoma,Parkia_multijuga,Fabaceae,Parkia,0.318807339,3,32,319,3188
UD22_0420,24/04/2022,OG51,Canopy,NA,4,Moth_Arctiinae,Cosmosoma_klagesi_310,Cosmosoma,Parkia_multijuga,Fabaceae,Parkia,0.22562995,2,23,226,2256
UD22_1037,24/04/2022,OG52,Canopy,NA,3,Moth_Arctiinae,Cosmosoma_klagesi_310,Cosmosoma,Parkia_multijuga,Fabaceae,Parkia,0.215272136,2,22,215,2153
UD22_1073,22/04/2022,CR18,Understory,9,2,Moth_Arctiinae,Cosmosoma_klagesi_310,Cosmosoma,Pouteria_lucumifolia,Sapotaceae,Pouteria,0.841982864,8,84,842,8420
UD22_0679,17/10/2022,PR31,Canopy,15,1,Moth_Arctiinae,Cosmosoma_klagesi_310,Cosmosoma,Ruagea_glabra,Meliaceae,Ruagea,0.229911492,2,23,230,2299
UD22_0513,22/04/2022,CR18,Canopy,9,4,Moth_Arctiinae,Cosmosoma_klagesi_310,Cosmosoma,Sapotaceae_sp_JSA315_spc,Sapotaceae,Sapotaceae sp JSA315,0.374507128,4,37,375,3745
UD22_0642,28/02/2022,CR04,Canopy,20,1,Moth_Arctiinae,Cosmosoma_klagesi_310,Cosmosoma,Sloanea_spc,Elaeocarpaceae,Sloanea,0.426229508,4,43,426,4262
UD22_0304,26/04/2022,OG42,Canopy,NA,1,Moth_Arctiinae,Cosmosoma_klagesi_310,Cosmosoma,Sloanea_spc,Elaeocarpaceae,Sloanea,0.144461778,1,14,144,1445
UD22_0677,14/10/2022,CA60,Understory,0,2,Moth_Arctiinae,Cosmosoma_klagesi_310,Cosmosoma,Stellaria_media,Caryophyllaceae,Stellaria,0.136104274,1,14,136,1361
UD22_0868,26/10/2022,OG49,Understory,NA,1,Moth_Arctiinae,Cosmosoma_klagesi_310,Cosmosoma,Stellaria_media,Caryophyllaceae,Stellaria,0.169291339,2,17,169,1693
UD22_0757,21/10/2022,CR08,Understory,26,1,Moth_Arctiinae,Cosmosoma_klagesi_310,Cosmosoma,Triplaris_cumingiana,Polygonaceae,Triplaris,0.703655352,7,70,704,7037
UD22_0706,14/10/2022,CA60,Understory,0,2,Moth_Arctiinae,Cosmosoma_klagesi_310,Cosmosoma,Vernonanthura_patens,Asteraceae,Vernonanthura,0.121541039,1,12,122,1215
UD22_0859,26/10/2022,OG49,Understory,NA,2,Moth_Arctiinae,Cosmosoma_klagesi_310,Cosmosoma,Vernonanthura_patens,Asteraceae,Vernonanthura,0.263387978,3,26,263,2634
UD22_0681,17/10/2022,PR31,Canopy,15,1,Moth_Arctiinae,Cosmosoma_klagesi_310,Cosmosoma,Vernonanthura_patens,Asteraceae,Vernonanthura,0.339627848,3,34,340,3396
UD22_0369,23/05/2022,OG38,Canopy,NA,1,Moth_Arctiinae,Cosmosoma_klagesi_310,Cosmosoma,Vicia_sativa,Fabaceae,Vicia,0.757647059,8,76,758,7576
UD22_0916,29/10/2022,CR14,Canopy,37,1,Moth_Arctiinae,Cosmosoma_nr_angustimargo_2002,Cosmosoma,Cecropia_insignis,Urticaceae,Cecropia,0.158025974,2,16,158,1580
UD22_0509,22/04/2022,CR18,Canopy,9,2,Moth_Arctiinae,Cosmosoma_nr_angustimargo_2002,Cosmosoma,Cecropia_insignis,Urticaceae,Cecropia,0.152407932,2,15,152,1524
UD22_0322,7/5/2022,OG43,Understory,NA,1,Moth_Arctiinae,Cosmosoma_nr_angustimargo_2002,Cosmosoma,Cecropia_insignis,Urticaceae,Cecropia,0.533628491,5,53,534,5336
UD22_0794,31/10/2022,PR36,Understory,8,1,Moth_Arctiinae,Cosmosoma_nr_angustimargo_2002,Cosmosoma,Cecropia_insignis,Urticaceae,Cecropia,0.136398164,1,14,136,1364
UD22_1171,21/11/2022,OG45,Canopy,NA,1,Moth_Arctiinae,Cosmosoma_nr_angustimargo_2002,Cosmosoma,Cecropia_spc,Urticaceae,Cecropia,0.277078086,3,28,277,2771
UD22_0794,31/10/2022,PR36,Understory,8,1,Moth_Arctiinae,Cosmosoma_nr_angustimargo_2002,Cosmosoma,Cestrum_schlechtendalii,Solanaceae,Cestrum,0.785858186,8,79,786,7859
UD22_0878,14/11/2022,PR20,Understory,3,2,Moth_Arctiinae,Cosmosoma_nr_angustimargo_2002,Cosmosoma,Clusia_nemorosa,Clusiaceae,Clusia,0.138112112,1,14,138,1381
UD22_1171,21/11/2022,OG45,Canopy,NA,1,Moth_Arctiinae,Cosmosoma_nr_angustimargo_2002,Cosmosoma,Coussapoa_villosa,Urticaceae,Coussapoa,0.481947943,5,48,482,4819
UD22_0647,28/02/2022,CR04,Canopy,20,2,Moth_Arctiinae,Cosmosoma_nr_angustimargo_2002,Cosmosoma,Heliotropiaceae_spc,Heliotropiaceae,Heliotropiaceae spc,0.854343294,9,85,854,8543
UD22_0878,14/11/2022,PR20,Understory,3,2,Moth_Arctiinae,Cosmosoma_nr_angustimargo_2002,Cosmosoma,Heliotropiaceae_spc,Heliotropiaceae,Heliotropiaceae spc,0.643768945,6,64,644,6438
UD22_0437,29/03/2022,PR21,Canopy,35,1,Moth_Arctiinae,Cosmosoma_nr_angustimargo_2002,Cosmosoma,Heliotropiaceae_spc,Heliotropiaceae,Heliotropiaceae spc,0.903459956,9,90,903,9035
UD22_0509,22/04/2022,CR18,Canopy,9,2,Moth_Arctiinae,Cosmosoma_nr_angustimargo_2002,Cosmosoma,Hieronyma_alchorneoides,Phyllanthaceae,Hieronyma,0.304135977,3,30,304,3041
UD22_1171,21/11/2022,OG45,Canopy,NA,1,Moth_Arctiinae,Cosmosoma_nr_angustimargo_2002,Cosmosoma,Magnoliopsida_spc,Magnoliopsida spc,Magnoliopsida spc,0.115029387,1,12,115,1150
UD22_0916,29/10/2022,CR14,Canopy,37,1,Moth_Arctiinae,Cosmosoma_nr_angustimargo_2002,Cosmosoma,Parkia_multijuga,Fabaceae,Parkia,0.723636364,7,72,724,7236
UD22_0509,22/04/2022,CR18,Canopy,9,2,Moth_Arctiinae,Cosmosoma_nr_angustimargo_2002,Cosmosoma,Parkia_multijuga,Fabaceae,Parkia,0.108441926,1,11,108,1084
UD22_0322,7/5/2022,OG43,Understory,NA,1,Moth_Arctiinae,Cosmosoma_nr_angustimargo_2002,Cosmosoma,Parkia_multijuga,Fabaceae,Parkia,0.199296829,2,20,199,1993
UD22_0322,7/5/2022,OG43,Understory,NA,1,Moth_Arctiinae,Cosmosoma_nr_angustimargo_2002,Cosmosoma,Sloanea_spc,Elaeocarpaceae,Sloanea,0.124422163,1,12,124,1244
UD22_1170,21/11/2022,OG45,Canopy,NA,1,Moth_Arctiinae,Cosmosoma_parambae_787,Cosmosoma,Cecropia_insignis,Urticaceae,Cecropia,0.130829016,1,13,131,1308
UD22_0789,16/10/2022,OG47,Canopy,NA,1,Moth_Arctiinae,Cosmosoma_parambae_787,Cosmosoma,Cecropia_insignis,Urticaceae,Cecropia,0.480918284,5,48,481,4809
UD22_0680,17/10/2022,PR31,Canopy,15,1,Moth_Arctiinae,Cosmosoma_parambae_787,Cosmosoma,Cecropia_insignis,Urticaceae,Cecropia,0.37854954,4,38,379,3785
UD22_0682,17/10/2022,PR31,Canopy,15,1,Moth_Arctiinae,Cosmosoma_parambae_787,Cosmosoma,Cecropia_insignis,Urticaceae,Cecropia,0.182392811,2,18,182,1824
UD22_0194,30/04/2022,PR33,Understory,1,1,Moth_Arctiinae,Cosmosoma_parambae_787,Cosmosoma,Cecropia_insignis,Urticaceae,Cecropia,0.568597496,6,57,569,5686
UD22_1170,21/11/2022,OG45,Canopy,NA,1,Moth_Arctiinae,Cosmosoma_parambae_787,Cosmosoma,Cecropia_spc,Urticaceae,Cecropia,0.572970639,6,57,573,5730
UD22_0919,29/10/2022,CR14,Canopy,37,2,Moth_Arctiinae,Cosmosoma_parambae_787,Cosmosoma,Cestrum_schlechtendalii,Solanaceae,Cestrum,0.494946237,5,49,495,4949
UD22_0989,11/5/2022,PA55,Understory,0,1,Moth_Arctiinae,Cosmosoma_parambae_787,Cosmosoma,Cestrum_schlechtendalii,Solanaceae,Cestrum,0.886772487,9,89,887,8868
UD22_0426,24/04/2022,OG51,Canopy,NA,1,Moth_Arctiinae,Cosmosoma_parambae_787,Cosmosoma,Euphorbiaceae_spc,Euphorbiaceae,Euphorbiaceae spc,0.122407275,1,12,122,1224
UD22_0488,22/04/2022,CR18,Canopy,9,1,Moth_Arctiinae,Cosmosoma_parambae_787,Cosmosoma,Hieronyma_alchorneoides,Phyllanthaceae,Hieronyma,0.478210736,5,48,478,4782
UD22_0919,29/10/2022,CR14,Canopy,37,2,Moth_Arctiinae,Cosmosoma_parambae_787,Cosmosoma,Marcgravia_umbellata,Marcgraviaceae,Marcgravia,0.226639785,2,23,227,2266
UD22_0682,17/10/2022,PR31,Canopy,15,1,Moth_Arctiinae,Cosmosoma_parambae_787,Cosmosoma,Parkia_multijuga,Fabaceae,Parkia,0.362957886,4,36,363,3630
UD22_0919,29/10/2022,CR14,Canopy,37,2,Moth_Arctiinae,Cosmosoma_parambae_787,Cosmosoma,Ruagea_glabra,Meliaceae,Ruagea,0.173655914,2,17,174,1737
UD22_0789,16/10/2022,OG47,Canopy,NA,1,Moth_Arctiinae,Cosmosoma_parambae_787,Cosmosoma,Triplaris_cumingiana,Polygonaceae,Triplaris,0.146256244,1,15,146,1463
UD22_1170,21/11/2022,OG45,Canopy,NA,1,Moth_Arctiinae,Cosmosoma_parambae_787,Cosmosoma,Vernonanthura_patens,Asteraceae,Vernonanthura,0.243523316,2,24,244,2435
UD22_0789,16/10/2022,OG47,Canopy,NA,1,Moth_Arctiinae,Cosmosoma_parambae_787,Cosmosoma,Vernonanthura_patens,Asteraceae,Vernonanthura,0.226544622,2,23,227,2265
UD22_0575,26/04/2022,PR26,Understory,27,1,Moth_Arctiinae,Cosmosoma_saron_1124,Cosmosoma,Cecropia_insignis,Urticaceae,Cecropia,0.715850032,7,72,716,7159
UD22_0608,26/04/2022,OG42,Canopy,NA,1,Moth_Arctiinae,Cosmosoma_saron_1124,Cosmosoma,Discophora_guianensis,Stemonuraceae,Discophora,0.62955951,6,63,630,6296
UD22_0634,23/03/2022,CR06,Canopy,32,1,Moth_Arctiinae,Cosmosoma_sp_786,Cosmosoma,Acalypha_diversifolia,Euphorbiaceae,Acalypha,0.111941485,1,11,112,1119
UD22_0634,23/03/2022,CR06,Canopy,32,1,Moth_Arctiinae,Cosmosoma_sp_786,Cosmosoma,Cecropia_insignis,Urticaceae,Cecropia,0.512800127,5,51,513,5128
UD22_0324,7/5/2022,OG43,Understory,NA,2,Moth_Arctiinae,Cosmosoma_sp_792,Cosmosoma,Cecropia_insignis,Urticaceae,Cecropia,0.160134277,2,16,160,1601
UD22_1077,22/04/2022,CR18,Understory,9,4,Moth_Arctiinae,Cosmosoma_sp_792,Cosmosoma,Cecropia_spc,Urticaceae,Cecropia,0.438636364,4,44,439,4386
UD22_1077,22/04/2022,CR18,Understory,9,4,Moth_Arctiinae,Cosmosoma_sp_792,Cosmosoma,Cestrum_schlechtendalii,Solanaceae,Cestrum,0.4,4,40,400,4000
UD22_0609,26/04/2022,OG42,Canopy,NA,3,Moth_Arctiinae,Cosmosoma_sp_792,Cosmosoma,Hieronyma_alchorneoides,Phyllanthaceae,Hieronyma,0.832108177,8,83,832,8321
UD22_0350,7/5/2022,OG28,Canopy,NA,2,Moth_Arctiinae,Cosmosoma_sp_792,Cosmosoma,Hieronyma_alchorneoides,Phyllanthaceae,Hieronyma,0.140723722,1,14,141,1407
UD22_0350,7/5/2022,OG28,Canopy,NA,2,Moth_Arctiinae,Cosmosoma_sp_792,Cosmosoma,Magnoliopsida_spc,Magnoliopsida spc,Magnoliopsida spc,0.169442849,2,17,169,1694
UD22_0324,7/5/2022,OG43,Understory,NA,2,Moth_Arctiinae,Cosmosoma_sp_792,Cosmosoma,Tapirira_guianensis,Anacardiaceae,Tapirira,0.296860824,3,30,297,2969
UD22_1137,19/10/2022,PA53,Understory,0,1,Moth_Arctiinae,Cratoplastis_diluta_gr_682,Cratoplastis,Cecropia_insignis,Urticaceae,Cecropia,0.19464201,2,19,195,1946
UD22_1137,19/10/2022,PA53,Understory,0,1,Moth_Arctiinae,Cratoplastis_diluta_gr_682,Cratoplastis,Cecropia_spc,Urticaceae,Cecropia,0.554528212,6,55,555,5545
UD22_0915,29/10/2022,CR14,Canopy,37,1,Moth_Arctiinae,Cratoplastis_diluta_gr_682,Cratoplastis,Hortia_brasiliana,Rutaceae,Hortia,0.878903356,9,88,879,8789
UD22_0548,11/5/2022,CR02,Understory,7,1,Moth_Arctiinae,Cratoplastis_diluta_gr_682,Cratoplastis,Loranthaceae_spc,Loranthaceae,Loranthaceae spc,0.123658106,1,12,124,1237
UD22_0676,14/10/2022,CA60,Understory,0,1,Moth_Arctiinae,Cratoplastis_diluta_gr_682,Cratoplastis,Marcgravia_umbellata,Marcgraviaceae,Marcgravia,0.813271788,8,81,813,8133
UD22_0990,11/5/2022,PA55,Understory,0,1,Moth_Arctiinae,Cratoplastis_diluta_gr_682,Cratoplastis,Meliaceae_spc,Meliaceae,Meliaceae spc,0.588066826,6,59,588,5881
UD22_0548,11/5/2022,CR02,Understory,7,1,Moth_Arctiinae,Cratoplastis_diluta_gr_682,Cratoplastis,Passiflora_macrophylla,Passifloraceae,Passiflora,0.128006523,1,13,128,1280
UD22_0548,11/5/2022,CR02,Understory,7,1,Moth_Arctiinae,Cratoplastis_diluta_gr_682,Cratoplastis,Sorocea_jaramilloi,Moraceae,Sorocea,0.167414051,2,17,167,1674
UD22_0990,11/5/2022,PA55,Understory,0,1,Moth_Arctiinae,Cratoplastis_diluta_gr_682,Cratoplastis,Trichilia_pallida,Meliaceae,Trichilia,0.273508353,3,27,274,2735
UD22_1137,19/10/2022,PA53,Understory,0,1,Moth_Arctiinae,Cratoplastis_diluta_gr_682,Cratoplastis,Triplaris_cumingiana,Polygonaceae,Triplaris,0.165955429,2,17,166,1660
UD22_0958,10/4/2022,OG39,Canopy,NA,1,Moth_Arctiinae,Cresera_annulata_921,Cresera,Meliaceae_spc,Meliaceae,Meliaceae spc,0.130749014,1,13,131,1307
UD22_0987,11/5/2022,PA55,Understory,0,3,Moth_Arctiinae,Cresera_annulata_921,Cresera,Meliaceae_spc,Meliaceae,Meliaceae spc,0.464864865,5,46,465,4649
UD22_0005,28/02/2022,OG38,Understory,NA,1,Moth_Arctiinae,Cresera_annulata_921,Cresera,Pouteria_torta,Sapotaceae,Pouteria,0.271893244,3,27,272,2719
UD22_0958,10/4/2022,OG39,Canopy,NA,1,Moth_Arctiinae,Cresera_annulata_921,Cresera,Sapindales_spc,Sapindales spc,Sapindales spc,0.156044678,2,16,156,1560
UD22_0987,11/5/2022,PA55,Understory,0,3,Moth_Arctiinae,Cresera_annulata_921,Cresera,Sapindales_spc,Sapindales spc,Sapindales spc,0.204573805,2,20,205,2046
UD22_0005,28/02/2022,OG38,Understory,NA,1,Moth_Arctiinae,Cresera_annulata_921,Cresera,Stellaria_media,Caryophyllaceae,Stellaria,0.118432027,1,12,118,1184
UD22_0958,10/4/2022,OG39,Canopy,NA,1,Moth_Arctiinae,Cresera_annulata_921,Cresera,Strychnos_cogens,Loganiaceae,Strychnos,0.239816032,2,24,240,2398
UD22_0958,10/4/2022,OG39,Canopy,NA,1,Moth_Arctiinae,Cresera_annulata_921,Cresera,Trichilia_pallida,Meliaceae,Trichilia,0.25065703,3,25,251,2507
UD22_0987,11/5/2022,PA55,Understory,0,3,Moth_Arctiinae,Cresera_annulata_921,Cresera,Trichilia_pallida,Meliaceae,Trichilia,0.158835759,2,16,159,1588
UD22_1085,22/04/2022,CR18,Understory,9,1,Moth_Arctiinae,Delphyre_nr_flaviceps_1268,Delphyre,Matayba_sp.1,Sapindaceae,Matayba,0.254896771,3,25,255,2549
UD22_1085,22/04/2022,CR18,Understory,9,1,Moth_Arctiinae,Delphyre_nr_flaviceps_1268,Delphyre,Tournefortia_hirsutissima,Heliotropiaceae,Tournefortia,0.329539439,3,33,330,3295
UD22_0410,24/04/2022,OG51,Canopy,NA,1,Moth_Arctiinae,Druceius_nr_gigantea_799,Druceius,Cayaponia_amazonica,Cucurbitaceae,Cayaponia,0.414729905,4,41,415,4147
UD22_0861,26/10/2022,OG49,Understory,NA,1,Moth_Arctiinae,Druceius_nr_gigantea_799,Druceius,Cecropia_insignis,Urticaceae,Cecropia,0.361922384,4,36,362,3619
UD22_1032,24/04/2022,OG52,Canopy,NA,1,Moth_Arctiinae,Druceius_nr_gigantea_799,Druceius,Cestrum_schlechtendalii,Solanaceae,Cestrum,0.131027254,1,13,131,1310
UD22_1084,22/04/2022,CR18,Understory,9,1,Moth_Arctiinae,Druceius_nr_gigantea_799,Druceius,Hieronyma_alchorneoides,Phyllanthaceae,Hieronyma,0.750542972,8,75,751,7505
UD22_1032,24/04/2022,OG52,Canopy,NA,1,Moth_Arctiinae,Druceius_nr_gigantea_799,Druceius,Hieronyma_alchorneoides,Phyllanthaceae,Hieronyma,0.201257862,2,20,201,2013
UD22_1032,24/04/2022,OG52,Canopy,NA,1,Moth_Arctiinae,Druceius_nr_gigantea_799,Druceius,Magnoliopsida_spc,Magnoliopsida spc,Magnoliopsida spc,0.106918239,1,11,107,1069
UD22_0861,26/10/2022,OG49,Understory,NA,1,Moth_Arctiinae,Druceius_nr_gigantea_799,Druceius,Parkia_multijuga,Fabaceae,Parkia,0.358221644,4,36,358,3582
UD22_0410,24/04/2022,OG51,Canopy,NA,1,Moth_Arctiinae,Druceius_nr_gigantea_799,Druceius,Parkia_multijuga,Fabaceae,Parkia,0.422897606,4,42,423,4229
UD22_1032,24/04/2022,OG52,Canopy,NA,1,Moth_Arctiinae,Druceius_nr_gigantea_799,Druceius,Parkia_multijuga,Fabaceae,Parkia,0.317610063,3,32,318,3176
UD22_0570,26/04/2022,PR26,Understory,27,1,Moth_Arctiinae,Druceius_nr_gigantea_799,Druceius,Parkia_multijuga,Fabaceae,Parkia,0.672773926,7,67,673,6728
UD22_0861,26/10/2022,OG49,Understory,NA,1,Moth_Arctiinae,Druceius_nr_gigantea_799,Druceius,Plukenetia_lehmanniana,Euphorbiaceae,Plukenetia,0.112572515,1,11,113,1126
UD22_0850,19/10/2022,CA59,Understory,0,1,Moth_Arctiinae,Dycladia_sp_794,Dycladia,Acalypha_diversifolia,Euphorbiaceae,Acalypha,0.18678868,2,19,187,1868
UD22_0850,19/10/2022,CA59,Understory,0,1,Moth_Arctiinae,Dycladia_sp_794,Dycladia,Cecropia_insignis,Urticaceae,Cecropia,0.162526915,2,16,163,1625
UD22_0850,19/10/2022,CA59,Understory,0,1,Moth_Arctiinae,Dycladia_sp_794,Dycladia,Triplaris_cumingiana,Polygonaceae,Triplaris,0.427906798,4,43,428,4279
UD22_0639,28/02/2022,CR04,Canopy,20,2,Moth_Arctiinae,Dysschema_cf_leda_1361,Dysschema,Tournefortia_hirsutissima,Heliotropiaceae,Tournefortia,0.576051338,6,58,576,5761
UD22_0553,11/5/2022,CR02,Understory,7,1,Moth_Arctiinae,Dysschema_viuda_900,Dysschema,Cecropia_insignis,Urticaceae,Cecropia,0.401207243,4,40,401,4012
UD22_0748,21/10/2022,CR08,Understory,26,1,Moth_Arctiinae,Dysschema_viuda_900,Dysschema,Cecropia_insignis,Urticaceae,Cecropia,0.224965568,2,22,225,2250
UD22_0748,21/10/2022,CR08,Understory,26,1,Moth_Arctiinae,Dysschema_viuda_900,Dysschema,Guarea_bullata,Meliaceae,Guarea,0.221404817,2,22,221,2214
UD22_0748,21/10/2022,CR08,Understory,26,1,Moth_Arctiinae,Dysschema_viuda_900,Dysschema,Guarea_macrophylla,Meliaceae,Guarea,0.108670093,1,11,109,1087
UD22_0748,21/10/2022,CR08,Understory,26,1,Moth_Arctiinae,Dysschema_viuda_900,Dysschema,Virola_elongata,Myristicaceae,Virola,0.153045114,2,15,153,1530
UD22_0863,26/10/2022,OG49,Understory,NA,1,Moth_Arctiinae,Ecdemus_obscuratum_1111,Ecdemus,Heisteria_concinna,Erythropalaceae,Heisteria,0.702789903,7,70,703,7028
UD22_0511,22/04/2022,CR18,Canopy,9,1,Moth_Arctiinae,Ecdemus_obscuratum_1111,Ecdemus,Hieronyma_alchorneoides,Phyllanthaceae,Hieronyma,0.164393939,2,16,164,1644
UD22_0413,24/04/2022,OG51,Canopy,NA,3,Moth_Arctiinae,Ecdemus_obscuratum_1111,Ecdemus,Pouteria_caimito,Sapotaceae,Pouteria,0.844722018,8,84,845,8447
UD22_0484,9/5/2022,PR29,Understory,5,1,Moth_Arctiinae,Echeta_sp_922,Echeta,Guarea_kunthiana,Meliaceae,Guarea,0.12148589,1,12,121,1215
UD22_0484,9/5/2022,PR29,Understory,5,1,Moth_Arctiinae,Echeta_sp_922,Echeta,Trichilia_pallida,Meliaceae,Trichilia,0.620981028,6,62,621,6210
UD22_0735,29/10/2022,CR14,Understory,37,1,Moth_Arctiinae,Elysius_nr_pyrosticta_923,Elysius,Cestrum_schlechtendalii,Solanaceae,Cestrum,0.720221607,7,72,720,7202
UD22_0901,31/10/2022,CR17,Understory,8,1,Moth_Arctiinae,Elysius_nr_pyrosticta_923,Elysius,Cestrum_schlechtendalii,Solanaceae,Cestrum,0.532539157,5,53,533,5325
UD22_0735,29/10/2022,CR14,Understory,37,1,Moth_Arctiinae,Elysius_nr_pyrosticta_923,Elysius,Clusia_nemorosa,Clusiaceae,Clusia,0.256848261,3,26,257,2568
UD22_0552,11/5/2022,CR02,Understory,7,1,Moth_Arctiinae,Elysius_nr_pyrosticta_923,Elysius,Guarea_cartaguenya,Meliaceae,Guarea,0.535550519,5,54,536,5356
UD22_1016,30/04/2022,CR13,Understory,1,1,Moth_Arctiinae,Elysius_nr_pyrosticta_923,Elysius,Pouteria_torta,Sapotaceae,Pouteria,0.917910448,9,92,918,9179
UD22_0901,31/10/2022,CR17,Understory,8,1,Moth_Arctiinae,Elysius_nr_pyrosticta_923,Elysius,Stellaria_media,Caryophyllaceae,Stellaria,0.115773219,1,12,116,1158
UD22_0653,28/02/2022,CR04,Canopy,20,2,Moth_Arctiinae,Emurena_sp_924,Emurena,Pouteria_torta,Sapotaceae,Pouteria,0.243558234,2,24,244,2436
UD22_0653,28/02/2022,CR04,Canopy,20,2,Moth_Arctiinae,Emurena_sp_924,Emurena,Sloanea_spc,Elaeocarpaceae,Sloanea,0.514072782,5,51,514,5141
UD22_0112,28/02/2022,CR04,Understory,20,4,Moth_Arctiinae,Emurena_sp_924,Emurena,Sloanea_spc,Elaeocarpaceae,Sloanea,0.289325007,3,29,289,2893
UD22_0685,17/10/2022,PR31,Canopy,15,1,Moth_Arctiinae,Epeiromulona_nr_phelina_1057,Epeiromulona,Baltimora_recta,Asteraceae,Baltimora,0.186928613,2,19,187,1869
UD22_0708,14/10/2022,CA60,Understory,0,2,Moth_Arctiinae,Epeiromulona_nr_phelina_1057,Epeiromulona,Cecropia_insignis,Urticaceae,Cecropia,0.379851563,4,38,380,3799
UD22_0834,21/10/2022,PR27,Understory,26,1,Moth_Arctiinae,Epeiromulona_nr_phelina_1057,Epeiromulona,Cecropia_insignis,Urticaceae,Cecropia,0.205172852,2,21,205,2052
UD22_0685,17/10/2022,PR31,Canopy,15,1,Moth_Arctiinae,Epeiromulona_nr_phelina_1057,Epeiromulona,Cecropia_insignis,Urticaceae,Cecropia,0.184983466,2,18,185,1850
UD22_0685,17/10/2022,PR31,Canopy,15,1,Moth_Arctiinae,Epeiromulona_nr_phelina_1057,Epeiromulona,Cestrum_schlechtendalii,Solanaceae,Cestrum,0.217078389,2,22,217,2171
UD22_0685,17/10/2022,PR31,Canopy,15,1,Moth_Arctiinae,Epeiromulona_nr_phelina_1057,Epeiromulona,Guarea_macrophylla,Meliaceae,Guarea,0.172534526,2,17,173,1725
UD22_0834,21/10/2022,PR27,Understory,26,1,Moth_Arctiinae,Epeiromulona_nr_phelina_1057,Epeiromulona,Heisteria_concinna,Erythropalaceae,Heisteria,0.165850473,2,17,166,1659
UD22_0962,10/4/2022,PR26,Canopy,27,2,Moth_Arctiinae,Epeiromulona_nr_phelina_1057,Epeiromulona,Magnoliopsida_spc,Magnoliopsida spc,Magnoliopsida spc,0.9875,10,99,988,9875
UD22_0893,21/11/2022,OG45,Understory,NA,2,Moth_Arctiinae,Epeiromulona_nr_phelina_1057,Epeiromulona,Trema_integerrima,Cannabaceae,Trema,0.826010545,8,83,826,8260
UD22_0645,28/02/2022,CR04,Canopy,20,1,Moth_Arctiinae,Episcepsis_demonis_1133,Episcepsis,Bauhinia_pichinchensis,Fabaceae,Bauhinia,0.135902773,1,14,136,1359
UD22_0401,5/4/2022,CA62,Understory,0,1,Moth_Arctiinae,Episcepsis_demonis_1133,Episcepsis,Cecropia_insignis,Urticaceae,Cecropia,0.122618827,1,12,123,1226
UD22_0103,4/4/2022,OG42,Understory,NA,1,Moth_Arctiinae,Episcepsis_demonis_1133,Episcepsis,Cecropia_insignis,Urticaceae,Cecropia,0.284496032,3,28,284,2845
UD22_0328,7/5/2022,OG43,Understory,NA,1,Moth_Arctiinae,Episcepsis_demonis_1133,Episcepsis,Cecropia_insignis,Urticaceae,Cecropia,0.157247459,2,16,157,1572
UD22_0103,4/4/2022,OG42,Understory,NA,1,Moth_Arctiinae,Episcepsis_demonis_1133,Episcepsis,Cecropia_spc,Urticaceae,Cecropia,0.108492242,1,11,108,1085
UD22_0683,17/10/2022,PR31,Canopy,15,2,Moth_Arctiinae,Episcepsis_demonis_1133,Episcepsis,Cestrum_schlechtendalii,Solanaceae,Cestrum,0.298585596,3,30,299,2986
UD22_0151,10/4/2022,PR26,Canopy,27,1,Moth_Arctiinae,Episcepsis_demonis_1133,Episcepsis,Clarisia_biflora,Moraceae,Clarisia,0.329957386,3,33,330,3300
UD22_0654,28/02/2022,CR04,Canopy,20,1,Moth_Arctiinae,Episcepsis_demonis_1133,Episcepsis,Clusia_nemorosa,Clusiaceae,Clusia,0.120316403,1,12,120,1203
UD22_0394,11/5/2022,PA54,Understory,0,2,Moth_Arctiinae,Episcepsis_demonis_1133,Episcepsis,Clusia_nemorosa,Clusiaceae,Clusia,0.12941588,1,13,129,1294
UD22_0683,17/10/2022,PR31,Canopy,15,2,Moth_Arctiinae,Episcepsis_demonis_1133,Episcepsis,Clusia_nemorosa,Clusiaceae,Clusia,0.193919688,2,19,194,1939
UD22_0401,5/4/2022,CA62,Understory,0,1,Moth_Arctiinae,Episcepsis_demonis_1133,Episcepsis,Guarea_macrophylla,Meliaceae,Guarea,0.356019974,4,36,356,3560
UD22_0328,7/5/2022,OG43,Understory,NA,1,Moth_Arctiinae,Episcepsis_demonis_1133,Episcepsis,Guarea_macrophylla,Meliaceae,Guarea,0.551645696,6,55,552,5516
UD22_0394,11/5/2022,PA54,Understory,0,2,Moth_Arctiinae,Episcepsis_demonis_1133,Episcepsis,Guarea_macrophylla,Meliaceae,Guarea,0.523347324,5,52,523,5233
UD22_0475,5/4/2022,PR22,Understory,11,2,Moth_Arctiinae,Episcepsis_demonis_1133,Episcepsis,Guarea_macrophylla,Meliaceae,Guarea,0.145756458,1,15,146,1458
UD22_0151,10/4/2022,PR26,Canopy,27,1,Moth_Arctiinae,Episcepsis_demonis_1133,Episcepsis,Macleania_smithiana,Ericaceae,Macleania,0.125850905,1,13,126,1259
UD22_0838,25/10/2022,OG48,Understory,NA,1,Moth_Arctiinae,Episcepsis_demonis_1133,Episcepsis,Marcgravia_umbellata,Marcgraviaceae,Marcgravia,0.867076724,9,87,867,8671
UD22_0683,17/10/2022,PR31,Canopy,15,2,Moth_Arctiinae,Episcepsis_demonis_1133,Episcepsis,Marcgravia_umbellata,Marcgraviaceae,Marcgravia,0.385368233,4,39,385,3854
UD22_0151,10/4/2022,PR26,Canopy,27,1,Moth_Arctiinae,Episcepsis_demonis_1133,Episcepsis,Parkia_multijuga,Fabaceae,Parkia,0.370192042,4,37,370,3702
UD22_0645,28/02/2022,CR04,Canopy,20,1,Moth_Arctiinae,Episcepsis_demonis_1133,Episcepsis,Pleurothyrium_sp.1,Lauraceae,Pleurothyrium,0.251460418,3,25,251,2515
UD22_0974,23/05/2022,PR23,Understory,1,1,Moth_Arctiinae,Episcepsis_demonis_1133,Episcepsis,Pouteria_reticulata,Sapotaceae,Pouteria,0.853070175,9,85,853,8531
UD22_0632,23/03/2022,CR06,Canopy,32,1,Moth_Arctiinae,Episcepsis_demonis_1133,Episcepsis,Pouteria_torta,Sapotaceae,Pouteria,0.542182475,5,54,542,5422
UD22_0103,4/4/2022,OG42,Understory,NA,1,Moth_Arctiinae,Episcepsis_demonis_1133,Episcepsis,Prestonia_ipomaeifolia,Apocynaceae,Prestonia,0.434798058,4,43,435,4348
UD22_1020,29/03/2022,PR21,Understory,35,1,Moth_Arctiinae,Episcepsis_demonis_1133,Episcepsis,Sapotaceae_sp_JSA315_spc,Sapotaceae,Sapotaceae sp JSA315,0.103059581,1,10,103,1031
UD22_0569,26/04/2022,PR26,Understory,27,1,Moth_Arctiinae,Episcepsis_demonis_1133,Episcepsis,Sapotaceae_sp_JSA315_spc,Sapotaceae,Sapotaceae sp JSA315,0.142196532,1,14,142,1422
UD22_1020,29/03/2022,PR21,Understory,35,1,Moth_Arctiinae,Episcepsis_demonis_1133,Episcepsis,Sapotaceae_spc,Sapotaceae,Sapotaceae spc,0.789049919,8,79,789,7890
UD22_0632,23/03/2022,CR06,Canopy,32,1,Moth_Arctiinae,Episcepsis_demonis_1133,Episcepsis,Sciodaphyllum_pedicillatum,Araliaceae,Sciodaphyllum,0.142252963,1,14,142,1423
UD22_0654,28/02/2022,CR04,Canopy,20,1,Moth_Arctiinae,Episcepsis_demonis_1133,Episcepsis,Stellaria_media,Caryophyllaceae,Stellaria,0.141548709,1,14,142,1415
UD22_0475,5/4/2022,PR22,Understory,11,2,Moth_Arctiinae,Episcepsis_demonis_1133,Episcepsis,Stellaria_media,Caryophyllaceae,Stellaria,0.172641012,2,17,173,1726
UD22_1046,30/04/2022,PR33,Understory,1,1,Moth_Arctiinae,Episcepsis_hypoleuca_gr_803,Episcepsis,Pouteria_reticulata,Sapotaceae,Pouteria,0.77611026,8,78,776,7761
UD22_0563,26/04/2022,PR26,Understory,27,1,Moth_Arctiinae,Episcepsis_hypoleuca_gr_804,Episcepsis,Guarea_gentryi,Meliaceae,Guarea,0.19468455,2,19,195,1947
UD22_1156,19/10/2022,PA53,Understory,0,1,Moth_Arctiinae,Episcepsis_hypoleuca_gr_804,Episcepsis,Paullinia_clathrata,Sapindaceae,Paullinia,0.384749748,4,38,385,3847
UD22_0563,26/04/2022,PR26,Understory,27,1,Moth_Arctiinae,Episcepsis_hypoleuca_gr_804,Episcepsis,Pouteria_caimito,Sapotaceae,Pouteria,0.292647789,3,29,293,2926
UD22_0965,23/05/2022,PR23,Understory,1,2,Moth_Arctiinae,Episcepsis_hypoleuca_gr_804,Episcepsis,Pouteria_reticulata,Sapotaceae,Pouteria,0.875707605,9,88,876,8757
UD22_0965,23/05/2022,PR23,Understory,1,2,Moth_Arctiinae,Episcepsis_hypoleuca_gr_804,Episcepsis,Pouteria_spc,Sapotaceae,Pouteria,0.101402904,1,10,101,1014
UD22_0355,7/5/2022,OG28,Canopy,NA,1,Moth_Arctiinae,Episcepsis_hypoleuca_gr_804,Episcepsis,Tapirira_guianensis,Anacardiaceae,Tapirira,0.743833744,7,74,744,7438
UD22_0769,27/10/2022,PA58,Understory,0,2,Moth_Arctiinae,Episcepsis_luctuosa_802,Episcepsis,Cestrum_schlechtendalii,Solanaceae,Cestrum,0.31840796,3,32,318,3184
UD22_0769,27/10/2022,PA58,Understory,0,2,Moth_Arctiinae,Episcepsis_luctuosa_802,Episcepsis,Heliotropiaceae_spc,Heliotropiaceae,Heliotropiaceae spc,0.253731343,3,25,254,2537
UD22_0783,27/10/2022,PA58,Understory,0,1,Moth_Arctiinae,Episcepsis_luctuosa_802,Episcepsis,Magnoliopsida_spc,Magnoliopsida spc,Magnoliopsida spc,0.518019594,5,52,518,5180
UD22_0769,27/10/2022,PA58,Understory,0,2,Moth_Arctiinae,Episcepsis_luctuosa_802,Episcepsis,Magnoliopsida_spc,Magnoliopsida spc,Magnoliopsida spc,0.119402985,1,12,119,1194
UD22_0783,27/10/2022,PA58,Understory,0,1,Moth_Arctiinae,Episcepsis_luctuosa_802,Episcepsis,Sciodaphyllum_pedicillatum,Araliaceae,Sciodaphyllum,0.252624213,3,25,253,2526
UD22_0840,25/10/2022,OG48,Understory,NA,1,Moth_Arctiinae,Episcepsis_sp_850,Episcepsis,Marcgravia_umbellata,Marcgraviaceae,Marcgravia,0.62493707,6,62,625,6249
UD22_0345,7/5/2022,OG28,Understory,NA,1,Moth_Arctiinae,Eucereon_cf_rosa_811,Eucereon,Guarea_macrophylla,Meliaceae,Guarea,0.695038386,7,70,695,6950
UD22_0117,28/02/2022,CR04,Understory,20,3,Moth_Arctiinae,Eucereon_nr_tarona_616,Eucereon,Myriopus_spc,Heliotropiaceae,Myriopus,0.114267677,1,11,114,1143
UD22_0129,26/03/2022,OG39,Understory,NA,2,Moth_Arctiinae,Eucereon_nr_tarona_616,Eucereon,Pouteria_torta,Sapotaceae,Pouteria,0.468560235,5,47,469,4686
UD22_0812,14/11/2022,PR25,Understory,5,1,Moth_Arctiinae,Eucereon_nr_tarona_616,Eucereon,Sapindales_spc,Sapindales spc,Sapindales spc,0.186889819,2,19,187,1869
UD22_0117,28/02/2022,CR04,Understory,20,3,Moth_Arctiinae,Eucereon_nr_tarona_616,Eucereon,Sloanea_spc,Elaeocarpaceae,Sloanea,0.591540404,6,59,592,5915
UD22_0129,26/03/2022,OG39,Understory,NA,2,Moth_Arctiinae,Eucereon_nr_tarona_616,Eucereon,Sloanea_spc,Elaeocarpaceae,Sloanea,0.307933399,3,31,308,3079
UD22_0129,26/03/2022,OG39,Understory,NA,2,Moth_Arctiinae,Eucereon_nr_tarona_616,Eucereon,Vicia_sativa,Fabaceae,Vicia,0.205484819,2,21,205,2055
UD22_0812,14/11/2022,PR25,Understory,5,1,Moth_Arctiinae,Eucereon_nr_tarona_616,Eucereon,Vicia_sativa,Fabaceae,Vicia,0.143654114,1,14,144,1437
UD22_0527,22/04/2022,CR18,Canopy,9,3,Moth_Arctiinae,Eucereon_nr_tarona_808,Eucereon,Cecropia_insignis,Urticaceae,Cecropia,0.262000637,3,26,262,2620
UD22_0592,26/04/2022,OG42,Canopy,NA,1,Moth_Arctiinae,Eucereon_nr_tarona_808,Eucereon,Cecropia_insignis,Urticaceae,Cecropia,0.106969643,1,11,107,1070
UD22_0468,7/5/2022,OG43,Canopy,NA,1,Moth_Arctiinae,Eucereon_nr_tarona_808,Eucereon,Cecropia_insignis,Urticaceae,Cecropia,0.257452935,3,26,257,2575
UD22_0592,26/04/2022,OG42,Canopy,NA,1,Moth_Arctiinae,Eucereon_nr_tarona_808,Eucereon,Hieronyma_alchorneoides,Phyllanthaceae,Hieronyma,0.111460392,1,11,111,1115
UD22_0592,26/04/2022,OG42,Canopy,NA,1,Moth_Arctiinae,Eucereon_nr_tarona_808,Eucereon,Huberodendron_patinoi,Malvaceae,Huberodendron,0.113436321,1,11,113,1134
UD22_0527,22/04/2022,CR18,Canopy,9,3,Moth_Arctiinae,Eucereon_nr_tarona_808,Eucereon,Parkia_multijuga,Fabaceae,Parkia,0.112355552,1,11,112,1124
UD22_0382,9/5/2022,PR30,Understory,14,1,Moth_Arctiinae,Eucereon_nr_tarona_808,Eucereon,Parkia_multijuga,Fabaceae,Parkia,0.372905028,4,37,373,3729
UD22_0527,22/04/2022,CR18,Canopy,9,3,Moth_Arctiinae,Eucereon_nr_tarona_808,Eucereon,Pouteria_caimito,Sapotaceae,Pouteria,0.412507258,4,41,413,4125
UD22_0468,7/5/2022,OG43,Canopy,NA,1,Moth_Arctiinae,Eucereon_nr_tarona_808,Eucereon,Tapirira_guianensis,Anacardiaceae,Tapirira,0.44730897,4,45,447,4473
UD22_0468,7/5/2022,OG43,Canopy,NA,1,Moth_Arctiinae,Eucereon_nr_tarona_808,Eucereon,Vernonanthura_patens,Asteraceae,Vernonanthura,0.103078627,1,10,103,1031
UD22_1029,24/04/2022,OG52,Understory,NA,1,Moth_Arctiinae,Eucereon_sp_812,Eucereon,Cestrum_schlechtendalii,Solanaceae,Cestrum,0.150934356,2,15,151,1509
UD22_1029,24/04/2022,OG52,Understory,NA,1,Moth_Arctiinae,Eucereon_sp_812,Eucereon,Parkia_multijuga,Fabaceae,Parkia,0.743172017,7,74,743,7432
UD22_0455,24/04/2022,OG51,Understory,NA,1,Moth_Arctiinae,Eucereon_sp_812,Eucereon,Pouteria_caimito,Sapotaceae,Pouteria,0.846407294,8,85,846,8464
UD22_1019,29/03/2022,PR21,Understory,35,1,Moth_Arctiinae,Eucereon_sp_813,Eucereon,Chrysophyllum_eximium,Sapotaceae,Chrysophyllum,0.693290735,7,69,693,6933
UD22_1019,29/03/2022,PR21,Understory,35,1,Moth_Arctiinae,Eucereon_sp_813,Eucereon,Sapotaceae_spc,Sapotaceae,Sapotaceae spc,0.146964856,1,15,147,1470
UD22_1012,7/4/2022,CA61,Understory,0,1,Moth_Arctiinae,Eucereon_sp_815,Eucereon,Cestrum_schlechtendalii,Solanaceae,Cestrum,0.365477338,4,37,365,3655
UD22_1012,7/4/2022,CA61,Understory,0,1,Moth_Arctiinae,Eucereon_sp_815,Eucereon,Cestrum_spc,Solanaceae,Cestrum,0.18611379,2,19,186,1861
UD22_0667,5/4/2022,PA57,Understory,0,1,Moth_Arctiinae,Eucereon_sp_815,Eucereon,Guarea_macrophylla,Meliaceae,Guarea,0.930697297,9,93,931,9307
UD22_1012,7/4/2022,CA61,Understory,0,1,Moth_Arctiinae,Eucereon_sp_815,Eucereon,Heliotropiaceae_spc,Heliotropiaceae,Heliotropiaceae spc,0.183220829,2,18,183,1832
UD22_1165,19/10/2022,PA53,Understory,0,1,Moth_Arctiinae,Eudoliche_nr_longa_874,Eudoliche,Guarea_spc,Meliaceae,Guarea,0.231203008,2,23,231,2312
UD22_1165,19/10/2022,PA53,Understory,0,1,Moth_Arctiinae,Eudoliche_nr_longa_874,Eudoliche,Meliaceae_spc,Meliaceae,Meliaceae spc,0.19924812,2,20,199,1992
UD22_1165,19/10/2022,PA53,Understory,0,1,Moth_Arctiinae,Eudoliche_nr_longa_874,Eudoliche,Parkia_multijuga,Fabaceae,Parkia,0.166353383,2,17,166,1664
UD22_0765,27/10/2022,PA58,Understory,0,1,Moth_Arctiinae,Eumorpha_capronnieri_105,Eumorpha,Cecropia_insignis,Urticaceae,Cecropia,0.172781855,2,17,173,1728
UD22_0765,27/10/2022,PA58,Understory,0,1,Moth_Arctiinae,Eumorpha_capronnieri_105,Eumorpha,Forsteronia_sp._ITV869,Apocynaceae,Forsteronia,0.321947965,3,32,322,3219
UD22_0765,27/10/2022,PA58,Understory,0,1,Moth_Arctiinae,Eumorpha_capronnieri_105,Eumorpha,Vernonanthura_patens,Asteraceae,Vernonanthura,0.137825217,1,14,138,1378
UD22_1047,30/04/2022,PR33,Understory,1,1,Moth_Arctiinae,Eupseudosoma_(Idalus)_nr_involuta_935,Eupseudosoma,Cestrum_schlechtendalii,Solanaceae,Cestrum,0.282051282,3,28,282,2821
UD22_0544,11/5/2022,CR02,Understory,7,1,Moth_Arctiinae,Eupseudosoma_(Idalus)_nr_involuta_935,Eupseudosoma,Guarea_kunthiana,Meliaceae,Guarea,0.178762043,2,18,179,1788
UD22_0461,7/5/2022,OG43,Canopy,NA,1,Moth_Arctiinae,Eupseudosoma_(Idalus)_nr_involuta_935,Eupseudosoma,Guarea_macrophylla,Meliaceae,Guarea,0.919374117,9,92,919,9194
UD22_0436,29/03/2022,PR21,Canopy,35,1,Moth_Arctiinae,Eupseudosoma_(Idalus)_nr_involuta_935,Eupseudosoma,Heliotropiaceae_spc,Heliotropiaceae,Heliotropiaceae spc,0.965794399,10,97,966,9658
UD22_0979,24/04/2022,OG51,Canopy,NA,1,Moth_Arctiinae,Eupseudosoma_(Idalus)_nr_involuta_935,Eupseudosoma,Hieronyma_alchorneoides,Phyllanthaceae,Hieronyma,0.719802286,7,72,720,7198
UD22_1047,30/04/2022,PR33,Understory,1,1,Moth_Arctiinae,Eupseudosoma_(Idalus)_nr_involuta_935,Eupseudosoma,Lantana_achyranthifolia,Verbenaceae,Lantana,0.303418803,3,30,303,3034
UD22_1000,11/5/2022,PA55,Understory,0,2,Moth_Arctiinae,Eupseudosoma_(Idalus)_nr_involuta_935,Eupseudosoma,Meliaceae_spc,Meliaceae,Meliaceae spc,0.36,4,36,360,3600
UD22_0979,24/04/2022,OG51,Canopy,NA,1,Moth_Arctiinae,Eupseudosoma_(Idalus)_nr_involuta_935,Eupseudosoma,Parkia_multijuga,Fabaceae,Parkia,0.161569354,2,16,162,1616
UD22_1033,24/04/2022,OG52,Canopy,NA,1,Moth_Arctiinae,Eupseudosoma_(Idalus)_nr_involuta_935,Eupseudosoma,Pouteria_torta,Sapotaceae,Pouteria,0.842731109,8,84,843,8427
UD22_1047,30/04/2022,PR33,Understory,1,1,Moth_Arctiinae,Eupseudosoma_(Idalus)_nr_involuta_935,Eupseudosoma,Pouteria_torta,Sapotaceae,Pouteria,0.301994302,3,30,302,3020
UD22_1000,11/5/2022,PA55,Understory,0,2,Moth_Arctiinae,Eupseudosoma_(Idalus)_nr_involuta_935,Eupseudosoma,Sapindales_spc,Sapindales spc,Sapindales spc,0.152941176,2,15,153,1529
UD22_0544,11/5/2022,CR02,Understory,7,1,Moth_Arctiinae,Eupseudosoma_(Idalus)_nr_involuta_935,Eupseudosoma,Trichilia_pallida,Meliaceae,Trichilia,0.313717336,3,31,314,3137
UD22_1000,11/5/2022,PA55,Understory,0,2,Moth_Arctiinae,Eupseudosoma_(Idalus)_nr_involuta_935,Eupseudosoma,Trichilia_pallida,Meliaceae,Trichilia,0.364705882,4,36,365,3647
UD22_1094,25/10/2022,OG48,Canopy,NA,1,Moth_Arctiinae,Euthyone_cf_simplex_877,Euthyone,Bidens_pilosa,Asteraceae,Bidens,0.186046512,2,19,186,1860
UD22_1126,26/10/2022,OG49,Canopy,NA,1,Moth_Arctiinae,Euthyone_cf_simplex_877,Euthyone,Cecropia_insignis,Urticaceae,Cecropia,0.32,3,32,320,3200
UD22_1126,26/10/2022,OG49,Canopy,NA,1,Moth_Arctiinae,Euthyone_cf_simplex_877,Euthyone,Cecropia_spc,Urticaceae,Cecropia,0.467878788,5,47,468,4679
UD22_0847,14/11/2022,OG37,Understory,NA,1,Moth_Arctiinae,Euthyone_cf_simplex_877,Euthyone,Clusia_nemorosa,Clusiaceae,Clusia,0.842598011,8,84,843,8426
UD22_0856,19/11/2022,OG44,Understory,NA,1,Moth_Arctiinae,Euthyone_cf_simplex_877,Euthyone,Clusia_nemorosa,Clusiaceae,Clusia,0.866937827,9,87,867,8669
UD22_1094,25/10/2022,OG48,Canopy,NA,1,Moth_Arctiinae,Euthyone_cf_simplex_877,Euthyone,Ficus_maxima,Moraceae,Ficus,0.339147287,3,34,339,3391
UD22_1094,25/10/2022,OG48,Canopy,NA,1,Moth_Arctiinae,Euthyone_cf_simplex_877,Euthyone,Piper_cavendishioides,Piperaceae,Piper,0.201550388,2,20,202,2016
UD22_0606,26/04/2022,OG42,Canopy,NA,1,Moth_Arctiinae,Euthyone_sp_876,Euthyone,Pouteria_caimito,Sapotaceae,Pouteria,0.978520415,10,98,979,9785
UD22_1142,19/10/2022,PA53,Understory,0,1,Moth_Arctiinae,Evius_hippia_926,Evius,Cecropia_spc,Urticaceae,Cecropia,0.104458599,1,10,104,1045
UD22_1142,19/10/2022,PA53,Understory,0,1,Moth_Arctiinae,Evius_hippia_926,Evius,Parkia_multijuga,Fabaceae,Parkia,0.719745223,7,72,720,7197
UD22_0875,14/11/2022,PR20,Understory,3,1,Moth_Arctiinae,Evius_sp_927,Evius,Cecropia_garciae,Urticaceae,Cecropia,0.278403149,3,28,278,2784
UD22_0875,14/11/2022,PR20,Understory,3,1,Moth_Arctiinae,Evius_sp_927,Evius,Cecropia_insignis,Urticaceae,Cecropia,0.161653442,2,16,162,1617
UD22_0920,29/10/2022,CR14,Canopy,37,1,Moth_Arctiinae,Evius_sp_927,Evius,Clusia_nemorosa,Clusiaceae,Clusia,0.974027181,10,97,974,9740
UD22_0875,14/11/2022,PR20,Understory,3,1,Moth_Arctiinae,Evius_sp_927,Evius,Moraceae_spc,Moraceae,Moraceae spc,0.102294396,1,10,102,1023
UD22_0497,22/04/2022,CR18,Canopy,9,1,Moth_Arctiinae,Gardinia_nr_magnifica_878,Gardinia,Cecropia_insignis,Urticaceae,Cecropia,0.157121288,2,16,157,1571
UD22_0497,22/04/2022,CR18,Canopy,9,1,Moth_Arctiinae,Gardinia_nr_magnifica_878,Gardinia,Stellaria_media,Caryophyllaceae,Stellaria,0.149068948,1,15,149,1491
UD22_0909,29/10/2022,CR14,Canopy,37,1,Moth_Arctiinae,Gorgonidia_buckleyi_928,Gorgonidia,Acalypha_diversifolia,Euphorbiaceae,Acalypha,0.111352526,1,11,111,1114
UD22_0909,29/10/2022,CR14,Canopy,37,1,Moth_Arctiinae,Gorgonidia_buckleyi_928,Gorgonidia,Marcgravia_umbellata,Marcgraviaceae,Marcgravia,0.817218903,8,82,817,8172
UD22_1079,22/04/2022,CR18,Understory,9,1,Moth_Arctiinae,Gymnelia_(cf)_sp_827,Gymnelia,Hieronyma_alchorneoides,Phyllanthaceae,Hieronyma,0.885929648,9,89,886,8859
UD22_0300,5/4/2022,OG40,Canopy,NA,1,Moth_Arctiinae,Gymnelia_(cf)_sp_827,Gymnelia,Magnoliopsida_spc,Magnoliopsida spc,Magnoliopsida spc,0.489239649,5,49,489,4892
UD22_0508,22/04/2022,CR18,Canopy,9,4,Moth_Arctiinae,Gymnelia_sp_826,Gymnelia,Cecropia_insignis,Urticaceae,Cecropia,0.144385027,1,14,144,1444
UD22_0356,7/5/2022,OG28,Canopy,NA,1,Moth_Arctiinae,Gymnelia_sp_826,Gymnelia,Combretum_spc,Combretaceae,Combretum,0.2421875,2,24,242,2422
UD22_0860,26/10/2022,OG49,Understory,NA,1,Moth_Arctiinae,Gymnelia_sp_826,Gymnelia,Heisteria_concinna,Erythropalaceae,Heisteria,0.951747254,10,95,952,9517
UD22_0508,22/04/2022,CR18,Canopy,9,4,Moth_Arctiinae,Gymnelia_sp_826,Gymnelia,Hieronyma_alchorneoides,Phyllanthaceae,Hieronyma,0.845671791,8,85,846,8457
UD22_0356,7/5/2022,OG28,Canopy,NA,1,Moth_Arctiinae,Gymnelia_sp_826,Gymnelia,Plantaginaceae_spc,Plantaginaceae,Plantaginaceae spc,0.140625,1,14,141,1406
UD22_0890,29/10/2022,PR34,Canopy,37,1,Moth_Arctiinae,Gymnelia_sp_826,Gymnelia,Ruagea_glabra,Meliaceae,Ruagea,0.776310524,8,78,776,7763
UD22_0356,7/5/2022,OG28,Canopy,NA,1,Moth_Arctiinae,Gymnelia_sp_826,Gymnelia,Stellaria_media,Caryophyllaceae,Stellaria,0.109375,1,11,109,1094
UD22_0835,14/11/2022,CR01,Understory,5,1,Moth_Arctiinae,Halysidota_nr_semibrunnea_1015,Halysidota,Cecropia_insignis,Urticaceae,Cecropia,0.151274788,2,15,151,1513
UD22_0640,28/02/2022,CR04,Canopy,20,1,Moth_Arctiinae,Halysidota_nr_semibrunnea_1015,Halysidota,Clusia_nemorosa,Clusiaceae,Clusia,0.38589401,4,39,386,3859
UD22_0835,14/11/2022,CR01,Understory,5,1,Moth_Arctiinae,Halysidota_nr_semibrunnea_1015,Halysidota,Stellaria_media,Caryophyllaceae,Stellaria,0.323512748,3,32,324,3235
UD22_0631,23/03/2022,CR06,Canopy,32,1,Moth_Arctiinae,Halysidota_schausi_929,Halysidota,Cecropia_insignis,Urticaceae,Cecropia,0.187198068,2,19,187,1872
UD22_0631,23/03/2022,CR06,Canopy,32,1,Moth_Arctiinae,Halysidota_schausi_929,Halysidota,Guarea_cartaguenya,Meliaceae,Guarea,0.625301932,6,63,625,6253
UD22_0830,21/10/2022,PR27,Understory,26,1,Moth_Arctiinae,Halysidota_schausi_929,Halysidota,Jacaratia_spinosa,Caricaceae,Jacaratia,0.564260113,6,56,564,5643
UD22_0830,21/10/2022,PR27,Understory,26,1,Moth_Arctiinae,Halysidota_schausi_929,Halysidota,Marcgravia_umbellata,Marcgraviaceae,Marcgravia,0.162314388,2,16,162,1623
UD22_0251,9/5/2022,PR29,Understory,5,1,Moth_Arctiinae,Halysidota_schausi_929,Halysidota,Sloanea_spc,Elaeocarpaceae,Sloanea,0.318479685,3,32,318,3185
UD22_0969,23/05/2022,PR23,Understory,1,1,Moth_Arctiinae,Halysidota_sp_930,Halysidota,Caryophyllaceae_spc,Caryophyllaceae,Caryophyllaceae spc,0.105282005,1,11,105,1053
UD22_1003|LT500,11/5/2022,PA55,Understory,0,1,Moth_Arctiinae,Halysidota_sp_930,Halysidota,Cestrum_schlechtendalii,Solanaceae,Cestrum,0.795154185,8,80,795,7952
UD22_0969,23/05/2022,PR23,Understory,1,1,Moth_Arctiinae,Halysidota_sp_930,Halysidota,Epidendrum_rigidum,Orchidaceae,Epidendrum,0.586929275,6,59,587,5869
UD22_1006|LT500,7/4/2022,OG41,Canopy,NA,1,Moth_Arctiinae,Halysidota_sp_930,Halysidota,Guarea_cartaguenya,Meliaceae,Guarea,0.366093366,4,37,366,3661
UD22_1006|LT500,7/4/2022,OG41,Canopy,NA,1,Moth_Arctiinae,Halysidota_sp_930,Halysidota,Guarea_spc,Meliaceae,Guarea,0.312039312,3,31,312,3120
UD22_0969,23/05/2022,PR23,Understory,1,1,Moth_Arctiinae,Halysidota_sp_930,Halysidota,Stellaria_spc,Caryophyllaceae,Stellaria,0.17743957,2,18,177,1774
UD22_1138,19/10/2022,PA53,Understory,0,1,Moth_Arctiinae,Halysidota_sp_931,Halysidota,Cecropia_spc,Urticaceae,Cecropia,0.121323529,1,12,121,1213
UD22_1138,19/10/2022,PA53,Understory,0,1,Moth_Arctiinae,Halysidota_sp_931,Halysidota,Cestrum_spc,Solanaceae,Cestrum,0.753676471,8,75,754,7537
UD22_0831,14/11/2022,CR01,Understory,5,1,Moth_Arctiinae,Heliactinidia_sitia_901,Heliactinidia,Magnoliopsida_spc,Magnoliopsida spc,Magnoliopsida spc,0.936585898,9,94,937,9366
UD22_0704,14/10/2022,CA60,Understory,0,1,Moth_Arctiinae,Heliura_nr_zonata_829,Heliura,Asteraceae_spc,Asteraceae,Asteraceae spc,0.115384615,1,12,115,1154
UD22_0705,14/10/2022,CA60,Understory,0,1,Moth_Arctiinae,Heliura_nr_zonata_829,Heliura,Begonia_glabra,Begoniaceae,Begonia,0.206500328,2,21,207,2065
UD22_0009,28/02/2022,OG38,Understory,NA,1,Moth_Arctiinae,Heliura_nr_zonata_829,Heliura,Cecropia_garciae,Urticaceae,Cecropia,0.106473595,1,11,106,1065
UD22_0705,14/10/2022,CA60,Understory,0,1,Moth_Arctiinae,Heliura_nr_zonata_829,Heliura,Cecropia_insignis,Urticaceae,Cecropia,0.375902823,4,38,376,3759
UD22_0009,28/02/2022,OG38,Understory,NA,1,Moth_Arctiinae,Heliura_nr_zonata_829,Heliura,Croton_tessmannii,Euphorbiaceae,Croton,0.377058489,4,38,377,3771
UD22_0704,14/10/2022,CA60,Understory,0,1,Moth_Arctiinae,Heliura_nr_zonata_829,Heliura,Magnoliopsida_spc,Magnoliopsida spc,Magnoliopsida spc,0.610576923,6,61,611,6106
UD22_0009,28/02/2022,OG38,Understory,NA,1,Moth_Arctiinae,Heliura_nr_zonata_829,Heliura,Magnoliopsida_spc,Magnoliopsida spc,Magnoliopsida spc,0.231828507,2,23,232,2318
UD22_1081,22/04/2022,CR18,Understory,9,1,Moth_Arctiinae,Heliura_sp_828,Heliura,Cecropia_spc,Urticaceae,Cecropia,0.104988399,1,10,105,1050
UD22_1034,24/04/2022,OG52,Canopy,NA,1,Moth_Arctiinae,Heliura_sp_828,Heliura,Cestrum_schlechtendalii,Solanaceae,Cestrum,0.117326057,1,12,117,1173
UD22_0440,29/03/2022,PR21,Canopy,35,1,Moth_Arctiinae,Heliura_sp_828,Heliura,Fabaceae_spc,Fabaceae,Fabaceae spc,0.258893127,3,26,259,2589
UD22_1081,22/04/2022,CR18,Understory,9,1,Moth_Arctiinae,Heliura_sp_828,Heliura,Hieronyma_alchorneoides,Phyllanthaceae,Hieronyma,0.70320959,7,70,703,7032
UD22_1034,24/04/2022,OG52,Canopy,NA,1,Moth_Arctiinae,Heliura_sp_828,Heliura,Ipomoea_philomega,Convolvulaceae,Ipomoea,0.221691678,2,22,222,2217
UD22_0440,29/03/2022,PR21,Canopy,35,1,Moth_Arctiinae,Heliura_sp_828,Heliura,Magnoliopsida_spc,Magnoliopsida spc,Magnoliopsida spc,0.345216782,3,35,345,3452
UD22_1034,24/04/2022,OG52,Canopy,NA,1,Moth_Arctiinae,Heliura_sp_828,Heliura,Parkia_multijuga,Fabaceae,Parkia,0.351296044,4,35,351,3513
UD22_0440,29/03/2022,PR21,Canopy,35,1,Moth_Arctiinae,Heliura_sp_828,Heliura,Ruagea_glabra,Meliaceae,Ruagea,0.237876547,2,24,238,2379
UD22_1034,24/04/2022,OG52,Canopy,NA,1,Moth_Arctiinae,Heliura_sp_828,Heliura,Solanum_uncinellum,Solanaceae,Solanum,0.12585266,1,13,126,1259
UD22_0125,26/03/2022,OG39,Understory,NA,1,Moth_Arctiinae,Hypocrita_nr_chalybea_903,Hypocrita,Asteraceae_spc,Asteraceae,Asteraceae spc,0.278304371,3,28,278,2783
UD22_1035|LT500,24/04/2022,OG52,Canopy,NA,1,Moth_Arctiinae,Hypocrita_nr_chalybea_903,Hypocrita,Cecropia_spc,Urticaceae,Cecropia,0.15503876,2,16,155,1550
UD22_1035|LT500,24/04/2022,OG52,Canopy,NA,1,Moth_Arctiinae,Hypocrita_nr_chalybea_903,Hypocrita,Cestrum_schlechtendalii,Solanaceae,Cestrum,0.454780362,5,45,455,4548
UD22_0125,26/03/2022,OG39,Understory,NA,1,Moth_Arctiinae,Hypocrita_nr_chalybea_903,Hypocrita,Clusia_nemorosa,Clusiaceae,Clusia,0.160742496,2,16,161,1607
UD22_0432,29/03/2022,PR21,Canopy,35,1,Moth_Arctiinae,Hypocrita_nr_chalybea_903,Hypocrita,Clusia_nemorosa,Clusiaceae,Clusia,0.170323929,2,17,170,1703
UD22_0379,23/05/2022,PR23,Understory,1,1,Moth_Arctiinae,Hypocrita_nr_chalybea_903,Hypocrita,Cosmibuena_grandiflora,Rubiaceae,Cosmibuena,0.356032568,4,36,356,3560
UD22_0994,11/5/2022,PA55,Understory,0,1,Moth_Arctiinae,Hypocrita_nr_chalybea_903,Hypocrita,Inga_spc,Fabaceae,Inga,0.104247104,1,10,104,1042
UD22_0994,11/5/2022,PA55,Understory,0,1,Moth_Arctiinae,Hypocrita_nr_chalybea_903,Hypocrita,Magnoliopsida_spc,Magnoliopsida spc,Magnoliopsida spc,0.357142857,4,36,357,3571
UD22_0994,11/5/2022,PA55,Understory,0,1,Moth_Arctiinae,Hypocrita_nr_chalybea_903,Hypocrita,Melastomataceae_spc,Melastomataceae,Melastomataceae spc,0.117760618,1,12,118,1178
UD22_0618,10/4/2022,OG39,Canopy,NA,3,Moth_Arctiinae,Hypocrita_nr_chalybea_903,Hypocrita,Pouteria_torta,Sapotaceae,Pouteria,0.415956527,4,42,416,4160
UD22_0125,26/03/2022,OG39,Understory,NA,1,Moth_Arctiinae,Hypocrita_nr_chalybea_903,Hypocrita,Pouteria_torta,Sapotaceae,Pouteria,0.124012638,1,12,124,1240
UD22_0618,10/4/2022,OG39,Canopy,NA,3,Moth_Arctiinae,Hypocrita_nr_chalybea_903,Hypocrita,Sloanea_spc,Elaeocarpaceae,Sloanea,0.123502532,1,12,124,1235
UD22_1035|LT500,24/04/2022,OG52,Canopy,NA,1,Moth_Arctiinae,Hypocrita_nr_chalybea_903,Hypocrita,Souroubea_guianensis,Marcgraviaceae,Souroubea,0.11369509,1,11,114,1137
UD22_0379,23/05/2022,PR23,Understory,1,1,Moth_Arctiinae,Hypocrita_nr_chalybea_903,Hypocrita,Stellaria_graminea,Caryophyllaceae,Stellaria,0.376757957,4,38,377,3768
UD22_0697,14/10/2022,CA60,Understory,0,1,Moth_Arctiinae,Hypocrita_phanoptoides_904,Hypocrita,Cecropia_insignis,Urticaceae,Cecropia,0.34715685,3,35,347,3472
UD22_0885,29/10/2022,PR34,Canopy,37,2,Moth_Arctiinae,Hypocrita_phanoptoides_904,Hypocrita,Palicourea_allenii,Rubiaceae,Palicourea,0.534391534,5,53,534,5344
UD22_0697,14/10/2022,CA60,Understory,0,1,Moth_Arctiinae,Hypocrita_phanoptoides_904,Hypocrita,Parkia_multijuga,Fabaceae,Parkia,0.202137133,2,20,202,2021
UD22_0371,23/05/2022,OG38,Canopy,NA,1,Moth_Arctiinae,Hypocrita_sp_905,Hypocrita,Asteraceae_spc,Asteraceae,Asteraceae spc,0.13011889,1,13,130,1301
UD22_0371,23/05/2022,OG38,Canopy,NA,1,Moth_Arctiinae,Hypocrita_sp_905,Hypocrita,Cecropia_insignis,Urticaceae,Cecropia,0.154337296,2,15,154,1543
UD22_0600,26/04/2022,OG42,Canopy,NA,1,Moth_Arctiinae,Idalus_carinosa_933,Idalus,Pouteria_silvestris,Sapotaceae,Pouteria,0.835342811,8,84,835,8353
UD22_0581,23/03/2022,PR24,Canopy,20,1,Moth_Arctiinae,Idalus_carinosa_933,Idalus,Pouteria_torta,Sapotaceae,Pouteria,0.870644272,9,87,871,8706
UD22_0610,26/04/2022,OG42,Canopy,NA,1,Moth_Arctiinae,Idalus_cf_aleteria_932,Idalus,Guarea_gentryi,Meliaceae,Guarea,0.392151077,4,39,392,3922
UD22_0734,29/10/2022,CR14,Understory,37,1,Moth_Arctiinae,Idalus_nr_sublineata_936,Idalus,Cecropia_insignis,Urticaceae,Cecropia,0.684283343,7,68,684,6843
UD22_0734,29/10/2022,CR14,Understory,37,1,Moth_Arctiinae,Idalus_nr_sublineata_936,Idalus,Cecropia_spc,Urticaceae,Cecropia,0.204205866,2,20,204,2042
UD22_0767|LT500,27/10/2022,PA58,Understory,0,1,Moth_Arctiinae,Idalus_nr_sublineata_936,Idalus,Cestrum_schlechtendalii,Solanaceae,Cestrum,0.852071006,9,85,852,8521
UD22_1172,21/11/2022,OG45,Canopy,NA,1,Moth_Arctiinae,Idalus_nr_sublineata_936,Idalus,Morella_pubescens,Myricaceae,Morella,0.103752289,1,10,104,1038
UD22_1172,21/11/2022,OG45,Canopy,NA,1,Moth_Arctiinae,Idalus_nr_sublineata_936,Idalus,Sapotaceae_sp_JSA315_spc,Sapotaceae,Sapotaceae sp JSA315,0.430342008,4,43,430,4303
UD22_0992,11/5/2022,PA55,Understory,0,2,Moth_Arctiinae,Idalus_nr_sublineata_936,Idalus,Sapotaceae_sp_JSA315_spc,Sapotaceae,Sapotaceae sp JSA315,0.110062893,1,11,110,1101
UD22_1172,21/11/2022,OG45,Canopy,NA,1,Moth_Arctiinae,Idalus_nr_sublineata_936,Idalus,Sapotaceae_spc,Sapotaceae,Sapotaceae spc,0.374504877,4,37,375,3745
UD22_0992,11/5/2022,PA55,Understory,0,2,Moth_Arctiinae,Idalus_nr_sublineata_936,Idalus,Sapotaceae_spc,Sapotaceae,Sapotaceae spc,0.789308176,8,79,789,7893
UD22_0373,23/05/2022,OG38,Canopy,NA,1,Moth_Arctiinae,Idalus_tybris_937,Idalus,Cestrum_schlechtendalii,Solanaceae,Cestrum,0.114643545,1,11,115,1146
UD22_0373,23/05/2022,OG38,Canopy,NA,1,Moth_Arctiinae,Idalus_tybris_937,Idalus,Chrysophyllum_eximium,Sapotaceae,Chrysophyllum,0.288667017,3,29,289,2887
UD22_0373,23/05/2022,OG38,Canopy,NA,1,Moth_Arctiinae,Idalus_tybris_937,Idalus,Guarea_cartaguenya,Meliaceae,Guarea,0.255035908,3,26,255,2550
UD22_1049,30/04/2022,PR33,Understory,1,1,Moth_Arctiinae,Isanthrene_meridensis_831,Isanthrene,Cecropia_spc,Urticaceae,Cecropia,0.110510046,1,11,111,1105
UD22_1049,30/04/2022,PR33,Understory,1,1,Moth_Arctiinae,Isanthrene_meridensis_831,Isanthrene,Cestrum_schlechtendalii,Solanaceae,Cestrum,0.132921175,1,13,133,1329
UD22_0507,22/04/2022,CR18,Canopy,9,1,Moth_Arctiinae,Isanthrene_meridensis_831,Isanthrene,Discophora_guianensis,Stemonuraceae,Discophora,0.853171156,9,85,853,8532
UD22_1049,30/04/2022,PR33,Understory,1,1,Moth_Arctiinae,Isanthrene_meridensis_831,Isanthrene,Guarea_macrophylla,Meliaceae,Guarea,0.239567233,2,24,240,2396
UD22_1049,30/04/2022,PR33,Understory,1,1,Moth_Arctiinae,Isanthrene_meridensis_831,Isanthrene,Guarea_spc,Meliaceae,Guarea,0.14683153,1,15,147,1468
UD22_0629,23/03/2022,CR06,Canopy,32,1,Moth_Arctiinae,Isanthrene_meridensis_831,Isanthrene,Ruagea_glabra,Meliaceae,Ruagea,0.238743028,2,24,239,2387
UD22_1049,30/04/2022,PR33,Understory,1,1,Moth_Arctiinae,Isanthrene_meridensis_831,Isanthrene,Tapirira_guianensis,Anacardiaceae,Tapirira,0.161514683,2,16,162,1615
UD22_0481,9/5/2022,PR29,Understory,5,1,Moth_Arctiinae,Isanthrene_sp_832,Isanthrene,Clusia_nemorosa,Clusiaceae,Clusia,0.344650803,3,34,345,3447
UD22_0481,9/5/2022,PR29,Understory,5,1,Moth_Arctiinae,Isanthrene_sp_832,Isanthrene,Garcinia_madruno,Clusiaceae,Garcinia,0.145966338,1,15,146,1460
UD22_0510,22/04/2022,CR18,Canopy,9,3,Moth_Arctiinae,Isanthrene_sp_832,Isanthrene,Hieronyma_alchorneoides,Phyllanthaceae,Hieronyma,0.514169291,5,51,514,5142
UD22_0417,24/04/2022,OG51,Canopy,NA,3,Moth_Arctiinae,Isanthrene_sp_832,Isanthrene,Hieronyma_alchorneoides,Phyllanthaceae,Hieronyma,0.361488745,4,36,361,3615
UD22_0864,26/10/2022,OG49,Understory,NA,1,Moth_Arctiinae,Kirrostola_metaxantha_gr_940/941,Kirrostola,Cestrum_schlechtendalii,Solanaceae,Cestrum,0.846872014,8,85,847,8469
UD22_0662,5/4/2022,PA57,Understory,0,1,Moth_Arctiinae,Kirrostola_sp_nr_940,Kirrostola,Guarea_bullata,Meliaceae,Guarea,0.154118839,2,15,154,1541
UD22_0662,5/4/2022,PA57,Understory,0,1,Moth_Arctiinae,Kirrostola_sp_nr_940,Kirrostola,Guarea_macrophylla,Meliaceae,Guarea,0.158057619,2,16,158,1581
UD22_0343,7/5/2022,OG28,Understory,NA,1,Moth_Arctiinae,Kirrostola_sp_nr_940,Kirrostola,Guarea_macrophylla,Meliaceae,Guarea,0.471795039,5,47,472,4718
UD22_0343,7/5/2022,OG28,Understory,NA,1,Moth_Arctiinae,Kirrostola_sp_nr_940,Kirrostola,Tapirira_guianensis,Anacardiaceae,Tapirira,0.427512436,4,43,428,4275
UD22_0662,5/4/2022,PA57,Understory,0,1,Moth_Arctiinae,Kirrostola_sp_nr_940,Kirrostola,Virola_elongata,Myristicaceae,Virola,0.228730587,2,23,229,2287
UD22_0392,11/5/2022,PA54,Understory,0,1,Moth_Arctiinae,Lepidoptera:_Erebidae:_Arctiinae_(NIC),Lepidoptera:,Alchorneopsis_floribunda,Euphorbiaceae,Alchorneopsis,0.573941077,6,57,574,5739
UD22_0372,23/05/2022,OG38,Canopy,NA,1,Moth_Arctiinae,Lepidoptera:_Erebidae:_Arctiinae_(NIC),Lepidoptera:,Cecropia_insignis,Urticaceae,Cecropia,0.196249455,2,20,196,1962
UD22_0294,5/4/2022,OG40,Canopy,NA,1,Moth_Arctiinae,Lepidoptera:_Erebidae:_Arctiinae_(NIC),Lepidoptera:,Cecropia_insignis,Urticaceae,Cecropia,0.339059968,3,34,339,3391
UD22_0392,11/5/2022,PA54,Understory,0,1,Moth_Arctiinae,Lepidoptera:_Erebidae:_Arctiinae_(NIC),Lepidoptera:,Cecropia_insignis,Urticaceae,Cecropia,0.358549587,4,36,359,3585
UD22_0196,30/04/2022,PR33,Understory,1,1,Moth_Arctiinae,Lepidoptera:_Erebidae:_Arctiinae_(NIC),Lepidoptera:,Cecropia_insignis,Urticaceae,Cecropia,0.330765226,3,33,331,3308
UD22_0372,23/05/2022,OG38,Canopy,NA,1,Moth_Arctiinae,Lepidoptera:_Erebidae:_Arctiinae_(NIC),Lepidoptera:,Guarea_cartaguenya,Meliaceae,Guarea,0.180331444,2,18,180,1803
UD22_0294,5/4/2022,OG40,Canopy,NA,1,Moth_Arctiinae,Lepidoptera:_Erebidae:_Arctiinae_(NIC),Lepidoptera:,Guarea_cartaguenya,Meliaceae,Guarea,0.237061048,2,24,237,2371
UD22_0415,24/04/2022,OG51,Canopy,NA,1,Moth_Arctiinae,Lepidoptera:_Erebidae:_Arctiinae_(NIC),Lepidoptera:,Guarea_gentryi,Meliaceae,Guarea,0.23074891,2,23,231,2307
UD22_0529,22/04/2022,CR18,Canopy,9,2,Moth_Arctiinae,Lepidoptera:_Erebidae:_Arctiinae_(NIC),Lepidoptera:,Hieronyma_alchorneoides,Phyllanthaceae,Hieronyma,0.352108709,4,35,352,3521
UD22_0613,26/04/2022,OG42,Canopy,NA,3,Moth_Arctiinae,Lepidoptera:_Erebidae:_Arctiinae_(NIC),Lepidoptera:,Pouteria_caimito,Sapotaceae,Pouteria,0.896005339,9,90,896,8960
UD22_0529,22/04/2022,CR18,Canopy,9,2,Moth_Arctiinae,Lepidoptera:_Erebidae:_Arctiinae_(NIC),Lepidoptera:,Sapotaceae_sp_JSA315_spc,Sapotaceae,Sapotaceae sp JSA315,0.135217912,1,14,135,1352
UD22_0196,30/04/2022,PR33,Understory,1,1,Moth_Arctiinae,Lepidoptera:_Erebidae:_Arctiinae_(NIC),Lepidoptera:,Tapirira_guianensis,Anacardiaceae,Tapirira,0.668714211,7,67,669,6687
UD22_0529,22/04/2022,CR18,Canopy,9,2,Moth_Arctiinae,Lepidoptera:_Erebidae:_Arctiinae_(NIC),Lepidoptera:,Vernonanthura_patens,Asteraceae,Vernonanthura,0.154474407,2,15,154,1545
UD22_0661,28/02/2022,CR04,Canopy,20,1,Moth_Arctiinae,"Lepidoptera:_Erebidae:_Arctiinae_(NIC,_Agylla)",Lepidoptera:,Heliotropiaceae_spc,Heliotropiaceae,Heliotropiaceae spc,0.556536669,6,56,557,5565
UD22_0604,26/04/2022,OG42,Canopy,NA,3,Moth_Arctiinae,"Lepidoptera:_Erebidae:_Arctiinae_(NIC,_Agylla)",Lepidoptera:,Pouteria_caimito,Sapotaceae,Pouteria,0.874235267,9,87,874,8742
UD22_0427,24/04/2022,OG51,Canopy,NA,1,Moth_Arctiinae,"Lepidoptera:_Erebidae:_Arctiinae_(NIC,_Cosmosoma)",Lepidoptera:,Fabaceae_spc,Fabaceae,Fabaceae spc,0.566055295,6,57,566,5661
UD22_0496,22/04/2022,CR18,Canopy,9,1,Moth_Arctiinae,"Lepidoptera:_Erebidae:_Arctiinae_(NIC,_Cosmosoma)",Lepidoptera:,Pouteria_reticulata,Sapotaceae,Pouteria,0.154241131,2,15,154,1542
UD22_0656,28/02/2022,CR04,Canopy,20,1,Moth_Arctiinae,"Lepidoptera:_Erebidae:_Arctiinae_(NIC,_Pericopina)",Lepidoptera:,Clusia_nemorosa,Clusiaceae,Clusia,0.666739261,7,67,667,6667
UD22_0972,23/05/2022,PR23,Understory,1,1,Moth_Arctiinae,Lophocampa_sp_943,Lophocampa,Asteraceae_spc,Asteraceae,Asteraceae spc,0.141242938,1,14,141,1412
UD22_0414,24/04/2022,OG51,Canopy,NA,1,Moth_Arctiinae,Lophocampa_sp_943,Lophocampa,Cecropia_insignis,Urticaceae,Cecropia,0.393686408,4,39,394,3937
UD22_0774,21/10/2022,PR27,Understory,26,1,Moth_Arctiinae,Lophocampa_sp_943,Lophocampa,Cecropia_insignis,Urticaceae,Cecropia,0.592563589,6,59,593,5926
UD22_0972,23/05/2022,PR23,Understory,1,1,Moth_Arctiinae,Lophocampa_sp_943,Lophocampa,Cecropia_spc,Urticaceae,Cecropia,0.193973635,2,19,194,1940
UD22_0476,5/4/2022,PR22,Understory,11,1,Moth_Arctiinae,Lophocampa_sp_943,Lophocampa,Clusia_nemorosa,Clusiaceae,Clusia,0.197618086,2,20,198,1976
UD22_0590,24/04/2022,OG51,Understory,NA,1,Moth_Arctiinae,Lophocampa_sp_943,Lophocampa,Hieronyma_alchorneoides,Phyllanthaceae,Hieronyma,0.529184854,5,53,529,5292
UD22_0972,23/05/2022,PR23,Understory,1,1,Moth_Arctiinae,Lophocampa_sp_943,Lophocampa,Magnoliopsida_spc,Magnoliopsida spc,Magnoliopsida spc,0.167608286,2,17,168,1676
UD22_0774,21/10/2022,PR27,Understory,26,1,Moth_Arctiinae,Lophocampa_sp_943,Lophocampa,Marcgravia_umbellata,Marcgraviaceae,Marcgravia,0.28834106,3,29,288,2883
UD22_0414,24/04/2022,OG51,Canopy,NA,1,Moth_Arctiinae,Lophocampa_sp_943,Lophocampa,Parkia_multijuga,Fabaceae,Parkia,0.230106966,2,23,230,2301
UD22_0485,9/5/2022,PR29,Understory,5,1,Moth_Arctiinae,Lophocampa_sp_943,Lophocampa,Pouteria_caimito,Sapotaceae,Pouteria,0.206605762,2,21,207,2066
UD22_0972,23/05/2022,PR23,Understory,1,1,Moth_Arctiinae,Lophocampa_sp_943,Lophocampa,Solanum_dulcamara,Solanaceae,Solanum,0.186440678,2,19,186,1864
UD22_0414,24/04/2022,OG51,Canopy,NA,1,Moth_Arctiinae,Lophocampa_sp_943,Lophocampa,Stellaria_media,Caryophyllaceae,Stellaria,0.18888599,2,19,189,1889
UD22_0476,5/4/2022,PR22,Understory,11,1,Moth_Arctiinae,Lophocampa_sp_943,Lophocampa,Stellaria_media,Caryophyllaceae,Stellaria,0.171679451,2,17,172,1717
UD22_0485,9/5/2022,PR29,Understory,5,1,Moth_Arctiinae,Lophocampa_sp_943,Lophocampa,Stellaria_media,Caryophyllaceae,Stellaria,0.124033732,1,12,124,1240
UD22_1082,22/04/2022,CR18,Understory,9,1,Moth_Arctiinae,Lophocampa_sp_944,Lophocampa,Cecropia_insignis,Urticaceae,Cecropia,0.289318182,3,29,289,2893
UD22_1082,22/04/2022,CR18,Understory,9,1,Moth_Arctiinae,Lophocampa_sp_944,Lophocampa,Cecropia_spc,Urticaceae,Cecropia,0.611136364,6,61,611,6111
UD22_0495,22/04/2022,CR18,Canopy,9,1,Moth_Arctiinae,Loxophlebia_sp_1272,Loxophlebia,Cecropia_insignis,Urticaceae,Cecropia,0.179130604,2,18,179,1791
UD22_0956,10/4/2022,OG39,Canopy,NA,1,Moth_Arctiinae,Loxophlebia_sp_1272,Loxophlebia,Magnoliopsida_spc,Magnoliopsida spc,Magnoliopsida spc,0.428169014,4,43,428,4282
UD22_0698,14/10/2022,CA60,Understory,0,1,Moth_Arctiinae,Loxophlebia_sp_1272,Loxophlebia,Parkia_multijuga,Fabaceae,Parkia,0.177924036,2,18,178,1779
UD22_0495,22/04/2022,CR18,Canopy,9,1,Moth_Arctiinae,Loxophlebia_sp_1272,Loxophlebia,Parkia_multijuga,Fabaceae,Parkia,0.278258615,3,28,278,2783
UD22_0956,10/4/2022,OG39,Canopy,NA,1,Moth_Arctiinae,Loxophlebia_sp_1272,Loxophlebia,Stellaria_spc,Caryophyllaceae,Stellaria,0.230985915,2,23,231,2310
UD22_0612,26/04/2022,OG42,Canopy,NA,2,Moth_Arctiinae,Lycomorphodes_correbiodes_gr_2096,Lycomorphodes,Pouteria_caimito,Sapotaceae,Pouteria,0.984035576,10,98,984,9840
UD22_0370,23/05/2022,OG38,Canopy,NA,1,Moth_Arctiinae,Macrocneme_semiviridis_219,Macrocneme,Alchorneopsis_floribunda,Euphorbiaceae,Alchorneopsis,0.105364512,1,11,105,1054
UD22_0644,28/02/2022,CR04,Canopy,20,1,Moth_Arctiinae,Macrocneme_semiviridis_219,Macrocneme,Cecropia_insignis,Urticaceae,Cecropia,0.328059136,3,33,328,3281
UD22_0627,23/03/2022,CR06,Canopy,32,5,Moth_Arctiinae,Macrocneme_semiviridis_219,Macrocneme,Cecropia_insignis,Urticaceae,Cecropia,0.478570018,5,48,479,4786
UD22_1101,14/11/2022,OG37,Canopy,NA,1,Moth_Arctiinae,Macrocneme_semiviridis_219,Macrocneme,Cecropia_spc,Urticaceae,Cecropia,0.215156333,2,22,215,2152
UD22_1124,26/10/2022,OG49,Canopy,NA,2,Moth_Arctiinae,Macrocneme_semiviridis_219,Macrocneme,Cecropia_spc,Urticaceae,Cecropia,0.539067855,5,54,539,5391
UD22_1108|LT500,25/10/2022,OG50,Canopy,NA,1,Moth_Arctiinae,Macrocneme_semiviridis_219,Macrocneme,Cecropia_spc,Urticaceae,Cecropia,0.34180791,3,34,342,3418
UD22_1108|LT500,25/10/2022,OG50,Canopy,NA,1,Moth_Arctiinae,Macrocneme_semiviridis_219,Macrocneme,Cestrum_schlechtendalii,Solanaceae,Cestrum,0.401129944,4,40,401,4011
UD22_1026,24/04/2022,OG52,Understory,NA,1,Moth_Arctiinae,Macrocneme_semiviridis_219,Macrocneme,Cestrum_schlechtendalii,Solanaceae,Cestrum,0.768982973,8,77,769,7690
UD22_0370,23/05/2022,OG38,Canopy,NA,1,Moth_Arctiinae,Macrocneme_semiviridis_219,Macrocneme,Clusia_lineata,Clusiaceae,Clusia,0.415955983,4,42,416,4160
UD22_0644,28/02/2022,CR04,Canopy,20,1,Moth_Arctiinae,Macrocneme_semiviridis_219,Macrocneme,Coussapoa_villosa,Urticaceae,Coussapoa,0.221333008,2,22,221,2213
UD22_0983,24/04/2022,OG51,Canopy,NA,2,Moth_Arctiinae,Macrocneme_semiviridis_219,Macrocneme,Guarea_guentheri,Meliaceae,Guarea,0.486037234,5,49,486,4860
UD22_1101,14/11/2022,OG37,Canopy,NA,1,Moth_Arctiinae,Macrocneme_semiviridis_219,Macrocneme,Guarea_macrophylla,Meliaceae,Guarea,0.365129836,4,37,365,3651
UD22_0286,22/04/2022,CR18,Understory,9,7,Moth_Arctiinae,Macrocneme_semiviridis_219,Macrocneme,Hieronyma_alchorneoides,Phyllanthaceae,Hieronyma,0.496969697,5,50,497,4970
UD22_0503,22/04/2022,CR18,Canopy,9,10,Moth_Arctiinae,Macrocneme_semiviridis_219,Macrocneme,Hieronyma_alchorneoides,Phyllanthaceae,Hieronyma,0.273620559,3,27,274,2736
UD22_0454,24/04/2022,OG51,Understory,NA,1,Moth_Arctiinae,Macrocneme_semiviridis_219,Macrocneme,Hieronyma_alchorneoides,Phyllanthaceae,Hieronyma,0.716666667,7,72,717,7167
UD22_0983,24/04/2022,OG51,Canopy,NA,2,Moth_Arctiinae,Macrocneme_semiviridis_219,Macrocneme,Hieronyma_alchorneoides,Phyllanthaceae,Hieronyma,0.16356383,2,16,164,1636
UD22_0648,28/02/2022,CR04,Canopy,20,1,Moth_Arctiinae,Macrocneme_semiviridis_219,Macrocneme,Magnoliopsida_spc,Magnoliopsida spc,Magnoliopsida spc,0.187339166,2,19,187,1873
UD22_0644,28/02/2022,CR04,Canopy,20,1,Moth_Arctiinae,Macrocneme_semiviridis_219,Macrocneme,Magnoliopsida_spc,Magnoliopsida spc,Magnoliopsida spc,0.103549392,1,10,104,1035
UD22_1124,26/10/2022,OG49,Canopy,NA,2,Moth_Arctiinae,Macrocneme_semiviridis_219,Macrocneme,Mikania_cordifolia,Asteraceae,Mikania,0.190884167,2,19,191,1909
UD22_0459,7/5/2022,OG43,Canopy,NA,2,Moth_Arctiinae,Macrocneme_semiviridis_219,Macrocneme,Protium_colombianum,Burseraceae,Protium,0.225983076,2,23,226,2260
UD22_0983,24/04/2022,OG51,Canopy,NA,2,Moth_Arctiinae,Macrocneme_semiviridis_219,Macrocneme,Protium_colombianum,Burseraceae,Protium,0.258643617,3,26,259,2586
UD22_0370,23/05/2022,OG38,Canopy,NA,1,Moth_Arctiinae,Macrocneme_semiviridis_219,Macrocneme,Saurauia_herthae,Actinidiaceae,Saurauia,0.115405777,1,12,115,1154
UD22_0648,28/02/2022,CR04,Canopy,20,1,Moth_Arctiinae,Macrocneme_semiviridis_219,Macrocneme,Stellaria_media,Caryophyllaceae,Stellaria,0.172413793,2,17,172,1724
UD22_0593,26/04/2022,OG42,Canopy,NA,2,Moth_Arctiinae,Macrocneme_semiviridis_219,Macrocneme,Stellaria_media,Caryophyllaceae,Stellaria,0.220872695,2,22,221,2209
UD22_0454,24/04/2022,OG51,Understory,NA,1,Moth_Arctiinae,Macrocneme_semiviridis_219,Macrocneme,Triplaris_cumingiana,Polygonaceae,Triplaris,0.163541667,2,16,164,1635
UD22_0286,22/04/2022,CR18,Understory,9,7,Moth_Arctiinae,Macrocneme_semiviridis_219,Macrocneme,Vicia_sativa,Fabaceae,Vicia,0.146801347,1,15,147,1468
UD22_0286,22/04/2022,CR18,Understory,9,7,Moth_Arctiinae,Macrocneme_semiviridis_219,Macrocneme,Vicia_villosa,Fabaceae,Vicia,0.253535354,3,25,254,2535
UD22_1158,19/10/2022,PA53,Understory,0,1,Moth_Arctiinae,Macrocneme_sp_833,Macrocneme,Cecropia_spc,Urticaceae,Cecropia,0.712693798,7,71,713,7127
UD22_0898,31/10/2022,CR16,Understory,7,1,Moth_Arctiinae,Macroptila_sp_857,Macroptila,Aegiphila_alba,Lamiaceae,Aegiphila,0.460888652,5,46,461,4609
UD22_0957,10/4/2022,OG39,Canopy,NA,1,Moth_Arctiinae,Macroptila_sp_857,Macroptila,Caryophyllaceae_spc,Caryophyllaceae,Caryophyllaceae spc,0.148895293,1,15,149,1489
UD22_0358,7/5/2022,OG28,Canopy,NA,1,Moth_Arctiinae,Macroptila_sp_857,Macroptila,Castilla_tunu,Moraceae,Castilla,0.807763736,8,81,808,8078
UD22_0530,22/04/2022,CR18,Canopy,9,1,Moth_Arctiinae,Macroptila_sp_857,Macroptila,Cecropia_insignis,Urticaceae,Cecropia,0.10728047,1,11,107,1073
UD22_0884,14/11/2022,PR20,Understory,3,1,Moth_Arctiinae,Macroptila_sp_857,Macroptila,Cecropia_insignis,Urticaceae,Cecropia,0.113854298,1,11,114,1139
UD22_1070,22/04/2022,CR18,Understory,9,2,Moth_Arctiinae,Macroptila_sp_857,Macroptila,Cecropia_spc,Urticaceae,Cecropia,0.587449157,6,59,587,5874
UD22_1023,29/03/2022,PR21,Understory,35,2,Moth_Arctiinae,Macroptila_sp_857,Macroptila,Cecropia_spc,Urticaceae,Cecropia,0.178947368,2,18,179,1789
UD22_0121,28/02/2022,CR04,Understory,20,1,Moth_Arctiinae,Macroptila_sp_857,Macroptila,Clusia_nemorosa,Clusiaceae,Clusia,0.424835296,4,42,425,4248
UD22_0826,14/11/2022,PR25,Understory,5,1,Moth_Arctiinae,Macroptila_sp_857,Macroptila,Clusia_nemorosa,Clusiaceae,Clusia,0.374255692,4,37,374,3743
UD22_0905,29/10/2022,CR14,Canopy,37,1,Moth_Arctiinae,Macroptila_sp_857,Macroptila,Coussarea_latifolia,Rubiaceae,Coussarea,0.742612011,7,74,743,7426
UD22_0121,28/02/2022,CR04,Understory,20,1,Moth_Arctiinae,Macroptila_sp_857,Macroptila,Cucurbita_pepo,Cucurbitaceae,Cucurbita,0.360351368,4,36,360,3604
UD22_0824,14/11/2022,PR25,Understory,5,1,Moth_Arctiinae,Macroptila_sp_857,Macroptila,Guarea_cartaguenya,Meliaceae,Guarea,0.203378946,2,20,203,2034
UD22_0596,26/04/2022,OG42,Canopy,NA,1,Moth_Arctiinae,Macroptila_sp_857,Macroptila,Guarea_gentryi,Meliaceae,Guarea,0.330577808,3,33,331,3306
UD22_0596,26/04/2022,OG42,Canopy,NA,1,Moth_Arctiinae,Macroptila_sp_857,Macroptila,Guarea_kunthiana,Meliaceae,Guarea,0.10380092,1,10,104,1038
UD22_0659,28/02/2022,CR04,Canopy,20,3,Moth_Arctiinae,Macroptila_sp_857,Macroptila,Heliotropiaceae_spc,Heliotropiaceae,Heliotropiaceae spc,0.929599065,9,93,930,9296
UD22_0636,23/03/2022,CR06,Canopy,32,1,Moth_Arctiinae,Macroptila_sp_857,Macroptila,Heliotropiaceae_spc,Heliotropiaceae,Heliotropiaceae spc,0.654153243,7,65,654,6542
UD22_0846,14/11/2022,OG37,Understory,NA,1,Moth_Arctiinae,Macroptila_sp_857,Macroptila,Heliotropiaceae_spc,Heliotropiaceae,Heliotropiaceae spc,0.682588598,7,68,683,6826
UD22_0957,10/4/2022,OG39,Canopy,NA,1,Moth_Arctiinae,Macroptila_sp_857,Macroptila,Heliotropiaceae_spc,Heliotropiaceae,Heliotropiaceae spc,0.298270893,3,30,298,2983
UD22_0884,14/11/2022,PR20,Understory,3,1,Moth_Arctiinae,Macroptila_sp_857,Macroptila,Heliotropiaceae_spc,Heliotropiaceae,Heliotropiaceae spc,0.648761227,6,65,649,6488
UD22_1023,29/03/2022,PR21,Understory,35,2,Moth_Arctiinae,Macroptila_sp_857,Macroptila,Heliotropiaceae_spc,Heliotropiaceae,Heliotropiaceae spc,0.482706767,5,48,483,4827
UD22_1070,22/04/2022,CR18,Understory,9,2,Moth_Arctiinae,Macroptila_sp_857,Macroptila,Hieronyma_alchorneoides,Phyllanthaceae,Hieronyma,0.174898315,2,17,175,1749
UD22_0957,10/4/2022,OG39,Canopy,NA,1,Moth_Arctiinae,Macroptila_sp_857,Macroptila,Magnoliopsida_spc,Magnoliopsida spc,Magnoliopsida spc,0.123919308,1,12,124,1239
UD22_1023,29/03/2022,PR21,Understory,35,2,Moth_Arctiinae,Macroptila_sp_857,Macroptila,Magnoliopsida_spc,Magnoliopsida spc,Magnoliopsida spc,0.139849624,1,14,140,1398
UD22_1093|LT500,25/10/2022,OG48,Canopy,NA,1,Moth_Arctiinae,Macroptila_sp_857,Macroptila,Marcgravia_umbellata,Marcgraviaceae,Marcgravia,0.102739726,1,10,103,1027
UD22_0826,14/11/2022,PR25,Understory,5,1,Moth_Arctiinae,Macroptila_sp_857,Macroptila,Marcgravia_umbellata,Marcgraviaceae,Marcgravia,0.511033275,5,51,511,5110
UD22_0824,14/11/2022,PR25,Understory,5,1,Moth_Arctiinae,Macroptila_sp_857,Macroptila,Marcgravia_umbellata,Marcgraviaceae,Marcgravia,0.174776466,2,17,175,1748
UD22_0636,23/03/2022,CR06,Canopy,32,1,Moth_Arctiinae,Macroptila_sp_857,Macroptila,Myriopus_spc,Heliotropiaceae,Myriopus,0.13806789,1,14,138,1381
UD22_0898,31/10/2022,CR16,Understory,7,1,Moth_Arctiinae,Macroptila_sp_857,Macroptila,Ochroma_pyramidale,Malvaceae,Ochroma,0.104097379,1,10,104,1041
UD22_0712,14/10/2022,CA60,Understory,0,1,Moth_Arctiinae,Macroptila_sp_857,Macroptila,Parkia_multijuga,Fabaceae,Parkia,0.245965449,2,25,246,2460
UD22_0289,22/04/2022,CR18,Understory,9,1,Moth_Arctiinae,Macroptila_sp_857,Macroptila,Parkia_multijuga,Fabaceae,Parkia,0.814098565,8,81,814,8141
UD22_0530,22/04/2022,CR18,Canopy,9,1,Moth_Arctiinae,Macroptila_sp_857,Macroptila,Parkia_multijuga,Fabaceae,Parkia,0.102261205,1,10,102,1023
UD22_0358,7/5/2022,OG28,Canopy,NA,1,Moth_Arctiinae,Macroptila_sp_857,Macroptila,Parkia_multijuga,Fabaceae,Parkia,0.147755583,1,15,148,1478
UD22_1093|LT500,25/10/2022,OG48,Canopy,NA,1,Moth_Arctiinae,Macroptila_sp_857,Macroptila,Piper_cavendishioides,Piperaceae,Piper,0.126712329,1,13,127,1267
UD22_0556,28/02/2022,OG38,Understory,NA,1,Moth_Arctiinae,Macroptila_sp_857,Macroptila,Pouteria_torta,Sapotaceae,Pouteria,0.736495168,7,74,736,7365
UD22_0636,23/03/2022,CR06,Canopy,32,1,Moth_Arctiinae,Macroptila_sp_857,Macroptila,Ruagea_glabra,Meliaceae,Ruagea,0.118784143,1,12,119,1188
UD22_1093|LT500,25/10/2022,OG48,Canopy,NA,1,Moth_Arctiinae,Macroptila_sp_857,Macroptila,Solanum_tuberosum,Solanaceae,Solanum,0.205479452,2,21,205,2055
UD22_0824,14/11/2022,PR25,Understory,5,1,Moth_Arctiinae,Macroptila_sp_857,Macroptila,Sorocea_jaramilloi,Moraceae,Sorocea,0.112186929,1,11,112,1122
UD22_1093|LT500,25/10/2022,OG48,Canopy,NA,1,Moth_Arctiinae,Macroptila_sp_857,Macroptila,Souroubea_guianensis,Marcgraviaceae,Souroubea,0.219178082,2,22,219,2192
UD22_0898,31/10/2022,CR16,Understory,7,1,Moth_Arctiinae,Macroptila_sp_857,Macroptila,Stellaria_media,Caryophyllaceae,Stellaria,0.226952242,2,23,227,2270
UD22_0605,26/04/2022,OG42,Canopy,NA,1,Moth_Arctiinae,Macroptila_sp_857,Macroptila,Stellaria_media,Caryophyllaceae,Stellaria,0.169923996,2,17,170,1699
UD22_0957,10/4/2022,OG39,Canopy,NA,1,Moth_Arctiinae,Macroptila_sp_857,Macroptila,Stellaria_spc,Caryophyllaceae,Stellaria,0.256964457,3,26,257,2570
UD22_0899,31/10/2022,CR16,Understory,7,1,Moth_Arctiinae,Melese_cf_asana_1041,Melese,Acalypha_diversifolia,Euphorbiaceae,Acalypha,0.122505775,1,12,123,1225
UD22_0385,9/5/2022,PR30,Understory,14,1,Moth_Arctiinae,Melese_cf_asana_1041,Melese,Cecropia_garciae,Urticaceae,Cecropia,0.135567668,1,14,136,1356
UD22_0700,14/10/2022,CA60,Understory,0,1,Moth_Arctiinae,Melese_cf_asana_1041,Melese,Cecropia_insignis,Urticaceae,Cecropia,0.115421733,1,12,115,1154
UD22_0802,19/11/2022,CR10,Understory,23,1,Moth_Arctiinae,Melese_cf_asana_1041,Melese,Cecropia_insignis,Urticaceae,Cecropia,0.159744409,2,16,160,1597
UD22_0528,22/04/2022,CR18,Canopy,9,11,Moth_Arctiinae,Melese_cf_asana_1041,Melese,Cecropia_insignis,Urticaceae,Cecropia,0.222774303,2,22,223,2228
UD22_0099,4/4/2022,OG42,Understory,NA,1,Moth_Arctiinae,Melese_cf_asana_1041,Melese,Cecropia_insignis,Urticaceae,Cecropia,0.402362729,4,40,402,4024
UD22_0333,7/5/2022,OG43,Understory,NA,11,Moth_Arctiinae,Melese_cf_asana_1041,Melese,Cecropia_insignis,Urticaceae,Cecropia,0.431238095,4,43,431,4312
UD22_0463,7/5/2022,OG43,Canopy,NA,1,Moth_Arctiinae,Melese_cf_asana_1041,Melese,Cecropia_insignis,Urticaceae,Cecropia,0.123367027,1,12,123,1234
UD22_0692,16/10/2022,OG47,Understory,NA,1,Moth_Arctiinae,Melese_cf_asana_1041,Melese,Cecropia_insignis,Urticaceae,Cecropia,0.721263917,7,72,721,7213
UD22_0788,16/10/2022,OG47,Canopy,NA,2,Moth_Arctiinae,Melese_cf_asana_1041,Melese,Cecropia_insignis,Urticaceae,Cecropia,0.226017591,2,23,226,2260
UD22_0841,25/10/2022,OG48,Understory,NA,4,Moth_Arctiinae,Melese_cf_asana_1041,Melese,Cecropia_insignis,Urticaceae,Cecropia,0.138234647,1,14,138,1382
UD22_0779,27/10/2022,PA58,Understory,0,1,Moth_Arctiinae,Melese_cf_asana_1041,Melese,Cecropia_insignis,Urticaceae,Cecropia,0.648114901,6,65,648,6481
UD22_0347,7/5/2022,OG28,Understory,NA,9,Moth_Arctiinae,Melese_cf_asana_1041,Melese,Cecropia_insignis,Urticaceae,Cecropia,0.105784642,1,11,106,1058
UD22_0802,19/11/2022,CR10,Understory,23,1,Moth_Arctiinae,Melese_cf_asana_1041,Melese,Cecropia_spc,Urticaceae,Cecropia,0.108626198,1,11,109,1086
UD22_1068,22/04/2022,CR18,Understory,9,7,Moth_Arctiinae,Melese_cf_asana_1041,Melese,Cecropia_spc,Urticaceae,Cecropia,0.104923726,1,10,105,1049
UD22_1122,26/10/2022,OG49,Canopy,NA,3,Moth_Arctiinae,Melese_cf_asana_1041,Melese,Cecropia_spc,Urticaceae,Cecropia,0.204819277,2,20,205,2048
UD22_1038,24/04/2022,OG52,Canopy,NA,9,Moth_Arctiinae,Melese_cf_asana_1041,Melese,Cecropia_spc,Urticaceae,Cecropia,0.251900109,3,25,252,2519
UD22_0779,27/10/2022,PA58,Understory,0,1,Moth_Arctiinae,Melese_cf_asana_1041,Melese,Cecropia_spc,Urticaceae,Cecropia,0.127468582,1,13,127,1275
UD22_0899,31/10/2022,CR16,Understory,7,1,Moth_Arctiinae,Melese_cf_asana_1041,Melese,Cestrum_schlechtendalii,Solanaceae,Cestrum,0.656947451,7,66,657,6569
UD22_0841,25/10/2022,OG48,Understory,NA,4,Moth_Arctiinae,Melese_cf_asana_1041,Melese,Cestrum_schlechtendalii,Solanaceae,Cestrum,0.157550077,2,16,158,1576
UD22_1122,26/10/2022,OG49,Canopy,NA,3,Moth_Arctiinae,Melese_cf_asana_1041,Melese,Cestrum_schlechtendalii,Solanaceae,Cestrum,0.234939759,2,23,235,2349
UD22_0797,31/10/2022,PR36,Understory,8,1,Moth_Arctiinae,Melese_cf_asana_1041,Melese,Cestrum_schlechtendalii,Solanaceae,Cestrum,0.965914934,10,97,966,9659
UD22_1065,4/4/2022,PR19,Understory,5,1,Moth_Arctiinae,Melese_cf_asana_1041,Melese,Cestrum_spc,Solanaceae,Cestrum,0.260720412,3,26,261,2607
UD22_0845,14/11/2022,OG37,Understory,NA,1,Moth_Arctiinae,Melese_cf_asana_1041,Melese,Clusia_nemorosa,Clusiaceae,Clusia,0.401384083,4,40,401,4014
UD22_1038,24/04/2022,OG52,Canopy,NA,9,Moth_Arctiinae,Melese_cf_asana_1041,Melese,Clusia_spc,Clusiaceae,Clusia,0.12631198,1,13,126,1263
UD22_0449,24/04/2022,OG51,Understory,NA,5,Moth_Arctiinae,Melese_cf_asana_1041,Melese,Codonanthopsis_crassifolia,Gesneriaceae,Codonanthopsis,0.104725169,1,10,105,1047
UD22_0700,14/10/2022,CA60,Understory,0,1,Moth_Arctiinae,Melese_cf_asana_1041,Melese,Coussapoa_villosa,Urticaceae,Coussapoa,0.351090523,4,35,351,3511
UD22_0599,26/04/2022,OG42,Canopy,NA,6,Moth_Arctiinae,Melese_cf_asana_1041,Melese,Guarea_gentryi,Meliaceae,Guarea,0.174477599,2,17,174,1745
UD22_0546,11/5/2022,CR02,Understory,7,1,Moth_Arctiinae,Melese_cf_asana_1041,Melese,Guarea_kunthiana,Meliaceae,Guarea,0.114399198,1,11,114,1144
UD22_0546,11/5/2022,CR02,Understory,7,1,Moth_Arctiinae,Melese_cf_asana_1041,Melese,Guarea_macrophylla,Meliaceae,Guarea,0.189400988,2,19,189,1894
UD22_0428,23/03/2022,CR06,Understory,32,1,Moth_Arctiinae,Melese_cf_asana_1041,Melese,Guarea_macrophylla,Meliaceae,Guarea,0.584439472,6,58,584,5844
UD22_0448,24/04/2022,OG51,Understory,NA,6,Moth_Arctiinae,Melese_cf_asana_1041,Melese,Guarea_macrophylla,Meliaceae,Guarea,0.191750279,2,19,192,1918
UD22_0478,5/4/2022,PR22,Understory,11,1,Moth_Arctiinae,Melese_cf_asana_1041,Melese,Guarea_macrophylla,Meliaceae,Guarea,0.502101856,5,50,502,5021
UD22_1122,26/10/2022,OG49,Canopy,NA,3,Moth_Arctiinae,Melese_cf_asana_1041,Melese,Heisteria_concinna,Erythropalaceae,Heisteria,0.140060241,1,14,140,1401
UD22_1068,22/04/2022,CR18,Understory,9,7,Moth_Arctiinae,Melese_cf_asana_1041,Melese,Heliotropiaceae_spc,Heliotropiaceae,Heliotropiaceae spc,0.534540494,5,53,535,5345
UD22_1065,4/4/2022,PR19,Understory,5,1,Moth_Arctiinae,Melese_cf_asana_1041,Melese,Heliotropiaceae_spc,Heliotropiaceae,Heliotropiaceae spc,0.628359062,6,63,628,6284
UD22_0528,22/04/2022,CR18,Canopy,9,11,Moth_Arctiinae,Melese_cf_asana_1041,Melese,Hieronyma_alchorneoides,Phyllanthaceae,Hieronyma,0.278540948,3,28,279,2785
UD22_0788,16/10/2022,OG47,Canopy,NA,2,Moth_Arctiinae,Melese_cf_asana_1041,Melese,Lamiales_spc,Lamiales spc,Lamiales spc,0.419513193,4,42,420,4195
UD22_0505,22/04/2022,CR18,Canopy,9,1,Moth_Arctiinae,Melese_cf_asana_1041,Melese,Magnoliopsida_spc,Magnoliopsida spc,Magnoliopsida spc,0.194067797,2,19,194,1941
UD22_0845,14/11/2022,OG37,Understory,NA,1,Moth_Arctiinae,Melese_cf_asana_1041,Melese,Magnoliopsida_spc,Magnoliopsida spc,Magnoliopsida spc,0.279411765,3,28,279,2794
UD22_1038,24/04/2022,OG52,Canopy,NA,9,Moth_Arctiinae,Melese_cf_asana_1041,Melese,Magnoliopsida_spc,Magnoliopsida spc,Magnoliopsida spc,0.182410423,2,18,182,1824
UD22_0836,14/11/2022,CR01,Understory,5,1,Moth_Arctiinae,Melese_cf_asana_1041,Melese,Marcgravia_umbellata,Marcgraviaceae,Marcgravia,0.587720981,6,59,588,5877
UD22_0756,21/10/2022,CR08,Understory,26,4,Moth_Arctiinae,Melese_cf_asana_1041,Melese,Marcgravia_umbellata,Marcgraviaceae,Marcgravia,0.621198589,6,62,621,6212
UD22_0841,25/10/2022,OG48,Understory,NA,4,Moth_Arctiinae,Melese_cf_asana_1041,Melese,Marcgravia_umbellata,Marcgraviaceae,Marcgravia,0.387959498,4,39,388,3880
UD22_0771,21/10/2022,PR27,Understory,26,3,Moth_Arctiinae,Melese_cf_asana_1041,Melese,Marcgravia_umbellata,Marcgraviaceae,Marcgravia,0.858900583,9,86,859,8589
UD22_0897,17/10/2022,PR31,Understory,15,1,Moth_Arctiinae,Melese_cf_asana_1041,Melese,Marcgravia_umbellata,Marcgraviaceae,Marcgravia,0.967367875,10,97,967,9674
UD22_0599,26/04/2022,OG42,Canopy,NA,6,Moth_Arctiinae,Melese_cf_asana_1041,Melese,Mikania_spc,Asteraceae,Mikania,0.149539943,1,15,150,1495
UD22_0546,11/5/2022,CR02,Understory,7,1,Moth_Arctiinae,Melese_cf_asana_1041,Melese,Parkia_multijuga,Fabaceae,Parkia,0.165819795,2,17,166,1658
UD22_0528,22/04/2022,CR18,Canopy,9,11,Moth_Arctiinae,Melese_cf_asana_1041,Melese,Parkia_multijuga,Fabaceae,Parkia,0.262933302,3,26,263,2629
UD22_1068,22/04/2022,CR18,Understory,9,7,Moth_Arctiinae,Melese_cf_asana_1041,Melese,Parkia_multijuga,Fabaceae,Parkia,0.185166811,2,19,185,1852
UD22_0598,26/04/2022,OG42,Canopy,NA,1,Moth_Arctiinae,Melese_cf_asana_1041,Melese,Parkia_multijuga,Fabaceae,Parkia,0.323505535,3,32,324,3235
UD22_0463,7/5/2022,OG43,Canopy,NA,1,Moth_Arctiinae,Melese_cf_asana_1041,Melese,Parkia_multijuga,Fabaceae,Parkia,0.60725897,6,61,607,6073
UD22_0449,24/04/2022,OG51,Understory,NA,5,Moth_Arctiinae,Melese_cf_asana_1041,Melese,Parkia_multijuga,Fabaceae,Parkia,0.496335583,5,50,496,4963
UD22_0385,9/5/2022,PR30,Understory,14,1,Moth_Arctiinae,Melese_cf_asana_1041,Melese,Parkia_multijuga,Fabaceae,Parkia,0.137655108,1,14,138,1377
UD22_0463,7/5/2022,OG43,Canopy,NA,1,Moth_Arctiinae,Melese_cf_asana_1041,Melese,Peperomia_spc,Piperaceae,Peperomia,0.172075427,2,17,172,1721
UD22_0448,24/04/2022,OG51,Understory,NA,6,Moth_Arctiinae,Melese_cf_asana_1041,Melese,Pouteria_caimito,Sapotaceae,Pouteria,0.651170569,7,65,651,6512
UD22_0478,5/4/2022,PR22,Understory,11,1,Moth_Arctiinae,Melese_cf_asana_1041,Melese,Pouteria_caimito,Sapotaceae,Pouteria,0.13916893,1,14,139,1392
UD22_0564,26/04/2022,PR26,Understory,27,11,Moth_Arctiinae,Melese_cf_asana_1041,Melese,Pouteria_caimito,Sapotaceae,Pouteria,0.201234726,2,20,201,2012
UD22_0429,23/03/2022,CR06,Understory,32,2,Moth_Arctiinae,Melese_cf_asana_1041,Melese,Pouteria_torta,Sapotaceae,Pouteria,0.812773698,8,81,813,8128
UD22_0428,23/03/2022,CR06,Understory,32,1,Moth_Arctiinae,Melese_cf_asana_1041,Melese,Ruagea_glabra,Meliaceae,Ruagea,0.262744858,3,26,263,2627
UD22_0099,4/4/2022,OG42,Understory,NA,1,Moth_Arctiinae,Melese_cf_asana_1041,Melese,Ruagea_glabra,Meliaceae,Ruagea,0.503061564,5,50,503,5031
UD22_0849,19/11/2022,OG44,Understory,NA,3,Moth_Arctiinae,Melese_cf_asana_1041,Melese,Sapotaceae_sp_JSA315_spc,Sapotaceae,Sapotaceae sp JSA315,0.765161005,8,77,765,7652
UD22_0478,5/4/2022,PR22,Understory,11,1,Moth_Arctiinae,Melese_cf_asana_1041,Melese,Sapotaceae_sp_JSA315_spc,Sapotaceae,Sapotaceae sp JSA315,0.17834158,2,18,178,1783
UD22_0599,26/04/2022,OG42,Canopy,NA,6,Moth_Arctiinae,Melese_cf_asana_1041,Melese,Sloanea_spc,Elaeocarpaceae,Sloanea,0.398228567,4,40,398,3982
UD22_0333,7/5/2022,OG43,Understory,NA,11,Moth_Arctiinae,Melese_cf_asana_1041,Melese,Sloanea_spc,Elaeocarpaceae,Sloanea,0.162539683,2,16,163,1625
UD22_0449,24/04/2022,OG51,Understory,NA,5,Moth_Arctiinae,Melese_cf_asana_1041,Melese,Sloanea_spc,Elaeocarpaceae,Sloanea,0.115236258,1,12,115,1152
UD22_1122,26/10/2022,OG49,Canopy,NA,3,Moth_Arctiinae,Melese_cf_asana_1041,Melese,Souroubea_guianensis,Marcgraviaceae,Souroubea,0.131024096,1,13,131,1310
UD22_0700,14/10/2022,CA60,Understory,0,1,Moth_Arctiinae,Melese_cf_asana_1041,Melese,Stellaria_media,Caryophyllaceae,Stellaria,0.139789616,1,14,140,1398
UD22_0836,14/11/2022,CR01,Understory,5,1,Moth_Arctiinae,Melese_cf_asana_1041,Melese,Stellaria_media,Caryophyllaceae,Stellaria,0.123365767,1,12,123,1234
UD22_0802,19/11/2022,CR10,Understory,23,1,Moth_Arctiinae,Melese_cf_asana_1041,Melese,Stellaria_media,Caryophyllaceae,Stellaria,0.134185304,1,13,134,1342
UD22_0714,16/10/2022,CR12,Understory,14,1,Moth_Arctiinae,Melese_cf_asana_1041,Melese,Stellaria_media,Caryophyllaceae,Stellaria,0.306195061,3,31,306,3062
UD22_0505,22/04/2022,CR18,Canopy,9,1,Moth_Arctiinae,Melese_cf_asana_1041,Melese,Stellaria_media,Caryophyllaceae,Stellaria,0.181355932,2,18,181,1814
UD22_0564,26/04/2022,PR26,Understory,27,11,Moth_Arctiinae,Melese_cf_asana_1041,Melese,Stellaria_media,Caryophyllaceae,Stellaria,0.177179963,2,18,177,1772
UD22_0788,16/10/2022,OG47,Canopy,NA,2,Moth_Arctiinae,Melese_cf_asana_1041,Melese,Tapirira_guianensis,Anacardiaceae,Tapirira,0.267130292,3,27,267,2671
UD22_0347,7/5/2022,OG28,Understory,NA,9,Moth_Arctiinae,Melese_cf_asana_1041,Melese,Tapirira_guianensis,Anacardiaceae,Tapirira,0.347224246,3,35,347,3472
UD22_0546,11/5/2022,CR02,Understory,7,1,Moth_Arctiinae,Melese_cf_asana_1041,Melese,Trichilia_pallida,Meliaceae,Trichilia,0.206970586,2,21,207,2070
UD22_0756,21/10/2022,CR08,Understory,26,4,Moth_Arctiinae,Melese_cf_asana_1041,Melese,Triplaris_cumingiana,Polygonaceae,Triplaris,0.177399187,2,18,177,1774
UD22_0611,26/04/2022,OG42,Canopy,NA,1,Moth_Arctiinae,Melese_cf_incertus_1044,Melese,Cecropia_insignis,Urticaceae,Cecropia,0.652439024,7,65,652,6524
UD22_0386,9/5/2022,PR30,Understory,14,1,Moth_Arctiinae,Melese_cf_incertus_1044,Melese,Cecropia_insignis,Urticaceae,Cecropia,0.457862384,5,46,458,4579
UD22_1021,29/03/2022,PR21,Understory,35,1,Moth_Arctiinae,Melese_cf_incertus_1044,Melese,Heliotropiaceae_spc,Heliotropiaceae,Heliotropiaceae spc,0.552111013,6,55,552,5521
UD22_0489,22/04/2022,CR18,Canopy,9,1,Moth_Arctiinae,Melese_cf_incertus_1044,Melese,Hieronyma_alchorneoides,Phyllanthaceae,Hieronyma,0.454108858,5,45,454,4541
UD22_1091,25/10/2022,OG48,Canopy,NA,2,Moth_Arctiinae,Melese_cf_incertus_1044,Melese,Magnoliopsida_spc,Magnoliopsida spc,Magnoliopsida spc,0.474413004,5,47,474,4744
UD22_1021,29/03/2022,PR21,Understory,35,1,Moth_Arctiinae,Melese_cf_incertus_1044,Melese,Magnoliopsida_spc,Magnoliopsida spc,Magnoliopsida spc,0.195157957,2,20,195,1952
UD22_0386,9/5/2022,PR30,Understory,14,1,Moth_Arctiinae,Melese_cf_incertus_1044,Melese,Magnoliopsida_spc,Magnoliopsida spc,Magnoliopsida spc,0.233392822,2,23,233,2334
UD22_0852,19/10/2022,CA59,Understory,0,1,Moth_Arctiinae,Melese_cf_incertus_1044,Melese,Marcgravia_umbellata,Marcgraviaceae,Marcgravia,0.779223142,8,78,779,7792
UD22_1091,25/10/2022,OG48,Canopy,NA,2,Moth_Arctiinae,Melese_cf_incertus_1044,Melese,Marcgravia_umbellata,Marcgraviaceae,Marcgravia,0.169777243,2,17,170,1698
UD22_0611,26/04/2022,OG42,Canopy,NA,1,Moth_Arctiinae,Melese_cf_incertus_1044,Melese,Matayba_sp.1,Sapindaceae,Matayba,0.172336329,2,17,172,1723
UD22_0489,22/04/2022,CR18,Canopy,9,1,Moth_Arctiinae,Melese_cf_incertus_1044,Melese,Parkia_multijuga,Fabaceae,Parkia,0.162086446,2,16,162,1621
UD22_1001,11/5/2022,PA55,Understory,0,1,Moth_Arctiinae,Melese_cf_incertus_1044,Melese,Pouteria_reticulata,Sapotaceae,Pouteria,0.805172414,8,81,805,8052
UD22_0967,23/05/2022,PR23,Understory,1,2,Moth_Arctiinae,Melese_cf_incertus_1044,Melese,Pouteria_reticulata,Sapotaceae,Pouteria,0.220472441,2,22,220,2205
UD22_0967,23/05/2022,PR23,Understory,1,2,Moth_Arctiinae,Melese_cf_incertus_1044,Melese,Pouteria_spc,Sapotaceae,Pouteria,0.688757655,7,69,689,6888
UD22_0550,11/5/2022,CR02,Understory,7,4,Moth_Arctiinae,Melese_cf_incertus_1044,Melese,Pouteria_torta,Sapotaceae,Pouteria,0.326396596,3,33,326,3264
UD22_0625,23/03/2022,CR06,Canopy,32,1,Moth_Arctiinae,Melese_cf_incertus_1044,Melese,Pouteria_torta,Sapotaceae,Pouteria,0.541668783,5,54,542,5417
UD22_0918,29/10/2022,CR14,Canopy,37,1,Moth_Arctiinae,Melese_cf_incertus_1044,Melese,Ruagea_glabra,Meliaceae,Ruagea,0.824817518,8,82,825,8248
UD22_0550,11/5/2022,CR02,Understory,7,4,Moth_Arctiinae,Melese_cf_incertus_1044,Melese,Sapotaceae_sp_JSA315_spc,Sapotaceae,Sapotaceae sp JSA315,0.257368356,3,26,257,2574
UD22_1173,19/11/2022,OG44,Canopy,NA,1,Moth_Arctiinae,Melese_cf_incertus_1044,Melese,Sapotaceae_sp_JSA315_spc,Sapotaceae,Sapotaceae sp JSA315,0.425750653,4,43,426,4258
UD22_0568,26/04/2022,PR26,Understory,27,1,Moth_Arctiinae,Melese_cf_incertus_1044,Melese,Sapotaceae_sp_JSA315_spc,Sapotaceae,Sapotaceae sp JSA315,0.640383536,6,64,640,6404
UD22_1173,19/11/2022,OG44,Canopy,NA,1,Moth_Arctiinae,Melese_cf_incertus_1044,Melese,Sapotaceae_spc,Sapotaceae,Sapotaceae spc,0.544549608,5,54,545,5445
UD22_1091,25/10/2022,OG48,Canopy,NA,2,Moth_Arctiinae,Melese_cf_incertus_1044,Melese,Solanum_tuberosum,Solanaceae,Solanum,0.11679711,1,12,117,1168
UD22_0386,9/5/2022,PR30,Understory,14,1,Moth_Arctiinae,Melese_cf_incertus_1044,Melese,Trema_integerrima,Cannabaceae,Trema,0.145944874,1,15,146,1459
UD22_1080,22/04/2022,CR18,Understory,9,1,Moth_Arctiinae,Melese_nr_intensa_948,Melese,Cecropia_spc,Urticaceae,Cecropia,0.167986561,2,17,168,1680
UD22_1097|LT500,14/11/2022,OG37,Canopy,NA,3,Moth_Arctiinae,Melese_nr_intensa_948,Melese,Cecropia_spc,Urticaceae,Cecropia,0.1125,1,11,113,1125
UD22_1062|LT500,5/4/2022,OG40,Understory,NA,1,Moth_Arctiinae,Melese_nr_intensa_948,Melese,Cecropia_spc,Urticaceae,Cecropia,0.300925926,3,30,301,3009
UD22_1140,19/10/2022,PA53,Understory,0,1,Moth_Arctiinae,Melese_nr_intensa_948,Melese,Cecropia_spc,Urticaceae,Cecropia,0.284653465,3,28,285,2847
UD22_0615,10/4/2022,OG39,Canopy,NA,6,Moth_Arctiinae,Melese_nr_intensa_948,Melese,Cestrum_schlechtendalii,Solanaceae,Cestrum,0.434573279,4,43,435,4346
UD22_0268,28/02/2022,CR04,Canopy,20,1,Moth_Arctiinae,Melese_nr_intensa_948,Melese,Clusia_nemorosa,Clusiaceae,Clusia,0.962484157,10,96,962,9625
UD22_0913,29/10/2022,CR14,Canopy,37,1,Moth_Arctiinae,Melese_nr_intensa_948,Melese,Clusia_nemorosa,Clusiaceae,Clusia,0.663904999,7,66,664,6639
UD22_0889,29/10/2022,PR34,Canopy,37,2,Moth_Arctiinae,Melese_nr_intensa_948,Melese,Clusia_nemorosa,Clusiaceae,Clusia,0.496298581,5,50,496,4963
UD22_0977,24/04/2022,OG51,Canopy,NA,1,Moth_Arctiinae,Melese_nr_intensa_948,Melese,Guarea_gentryi,Meliaceae,Guarea,0.738672287,7,74,739,7387
UD22_0663,5/4/2022,PA57,Understory,0,3,Moth_Arctiinae,Melese_nr_intensa_948,Melese,Guarea_macrophylla,Meliaceae,Guarea,0.539171796,5,54,539,5392
UD22_1004,7/4/2022,OG41,Canopy,NA,1,Moth_Arctiinae,Melese_nr_intensa_948,Melese,Heliotropiaceae_spc,Heliotropiaceae,Heliotropiaceae spc,0.598711189,6,60,599,5987
UD22_0500,22/04/2022,CR18,Canopy,9,6,Moth_Arctiinae,Melese_nr_intensa_948,Melese,Hieronyma_alchorneoides,Phyllanthaceae,Hieronyma,0.117870178,1,12,118,1179
UD22_0977,24/04/2022,OG51,Canopy,NA,1,Moth_Arctiinae,Melese_nr_intensa_948,Melese,Hieronyma_alchorneoides,Phyllanthaceae,Hieronyma,0.105022831,1,11,105,1050
UD22_1097|LT500,14/11/2022,OG37,Canopy,NA,3,Moth_Arctiinae,Melese_nr_intensa_948,Melese,Magnoliopsida_spc,Magnoliopsida spc,Magnoliopsida spc,0.125,1,13,125,1250
UD22_1004,7/4/2022,OG41,Canopy,NA,1,Moth_Arctiinae,Melese_nr_intensa_948,Melese,Magnoliopsida_spc,Magnoliopsida spc,Magnoliopsida spc,0.274751025,3,27,275,2748
UD22_1140,19/10/2022,PA53,Understory,0,1,Moth_Arctiinae,Melese_nr_intensa_948,Melese,Magnoliopsida_spc,Magnoliopsida spc,Magnoliopsida spc,0.193069307,2,19,193,1931
UD22_1080,22/04/2022,CR18,Understory,9,1,Moth_Arctiinae,Melese_nr_intensa_948,Melese,Matayba_sp.1,Sapindaceae,Matayba,0.535397168,5,54,535,5354
UD22_0500,22/04/2022,CR18,Canopy,9,6,Moth_Arctiinae,Melese_nr_intensa_948,Melese,Matayba_sp.1,Sapindaceae,Matayba,0.10985472,1,11,110,1099
UD22_0118,28/02/2022,CR04,Understory,20,3,Moth_Arctiinae,Melese_nr_intensa_948,Melese,Palicourea_timbiquensis,Rubiaceae,Palicourea,0.145236593,1,15,145,1452
UD22_0500,22/04/2022,CR18,Canopy,9,6,Moth_Arctiinae,Melese_nr_intensa_948,Melese,Parkia_multijuga,Fabaceae,Parkia,0.375653045,4,38,376,3757
UD22_1080,22/04/2022,CR18,Understory,9,1,Moth_Arctiinae,Melese_nr_intensa_948,Melese,Parkia_multijuga,Fabaceae,Parkia,0.169906407,2,17,170,1699
UD22_0573,26/04/2022,PR26,Understory,27,1,Moth_Arctiinae,Melese_nr_intensa_948,Melese,Parkia_multijuga,Fabaceae,Parkia,0.452636859,5,45,453,4526
UD22_0500,22/04/2022,CR18,Canopy,9,6,Moth_Arctiinae,Melese_nr_intensa_948,Melese,Pouteria_reticulata,Sapotaceae,Pouteria,0.137622558,1,14,138,1376
UD22_0118,28/02/2022,CR04,Understory,20,3,Moth_Arctiinae,Melese_nr_intensa_948,Melese,Pouteria_torta,Sapotaceae,Pouteria,0.85148265,9,85,851,8515
UD22_0615,10/4/2022,OG39,Canopy,NA,6,Moth_Arctiinae,Melese_nr_intensa_948,Melese,Pouteria_torta,Sapotaceae,Pouteria,0.134206454,1,13,134,1342
UD22_0663,5/4/2022,PA57,Understory,0,3,Moth_Arctiinae,Melese_nr_intensa_948,Melese,Pouteria_torta,Sapotaceae,Pouteria,0.172803581,2,17,173,1728
UD22_0577,23/03/2022,PR24,Understory,20,2,Moth_Arctiinae,Melese_nr_intensa_948,Melese,Pouteria_torta,Sapotaceae,Pouteria,0.817111567,8,82,817,8171
UD22_0578,23/03/2022,PR24,Canopy,20,8,Moth_Arctiinae,Melese_nr_intensa_948,Melese,Pouteria_torta,Sapotaceae,Pouteria,0.340394418,3,34,340,3404
UD22_0652,28/02/2022,CR04,Canopy,20,1,Moth_Arctiinae,Melese_nr_intensa_948,Melese,Sloanea_spc,Elaeocarpaceae,Sloanea,0.299570103,3,30,300,2996
UD22_0626,23/03/2022,CR06,Canopy,32,2,Moth_Arctiinae,Melese_nr_intensa_948,Melese,Sloanea_spc,Elaeocarpaceae,Sloanea,0.251848532,3,25,252,2518
UD22_0615,10/4/2022,OG39,Canopy,NA,6,Moth_Arctiinae,Melese_nr_intensa_948,Melese,Sloanea_spc,Elaeocarpaceae,Sloanea,0.283917006,3,28,284,2839
UD22_0130,26/03/2022,OG39,Understory,NA,1,Moth_Arctiinae,Melese_nr_intensa_948,Melese,Sloanea_spc,Elaeocarpaceae,Sloanea,0.137726328,1,14,138,1377
UD22_1097|LT500,14/11/2022,OG37,Canopy,NA,3,Moth_Arctiinae,Melese_nr_intensa_948,Melese,Solanum_tuberosum,Solanaceae,Solanum,0.12,1,12,120,1200
UD22_0913,29/10/2022,CR14,Canopy,37,1,Moth_Arctiinae,Melese_nr_intensa_948,Melese,Sorocea_jaramilloi,Moraceae,Sorocea,0.126760563,1,13,127,1268
UD22_0652,28/02/2022,CR04,Canopy,20,1,Moth_Arctiinae,Melese_nr_intensa_948,Melese,Strychnos_cogens,Loganiaceae,Strychnos,0.100309224,1,10,100,1003
UD22_0626,23/03/2022,CR06,Canopy,32,2,Moth_Arctiinae,Melese_nr_intensa_948,Melese,Strychnos_cogens,Loganiaceae,Strychnos,0.557995369,6,56,558,5580
UD22_0578,23/03/2022,PR24,Canopy,20,8,Moth_Arctiinae,Melese_nr_intensa_948,Melese,Strychnos_cogens,Loganiaceae,Strychnos,0.288919529,3,29,289,2889
UD22_0578,23/03/2022,PR24,Canopy,20,8,Moth_Arctiinae,Melese_nr_intensa_948,Melese,Trichilia_pallida,Meliaceae,Trichilia,0.165768363,2,17,166,1658
UD22_1064,4/4/2022,PR19,Understory,5,1,Moth_Arctiinae,Melese_nr_laodamia_947,Melese,Sapotaceae_sp_JSA315_spc,Sapotaceae,Sapotaceae sp JSA315,0.149671928,1,15,150,1497
UD22_1064,4/4/2022,PR19,Understory,5,1,Moth_Arctiinae,Melese_nr_laodamia_947,Melese,Sapotaceae_spc,Sapotaceae,Sapotaceae spc,0.835254478,8,84,835,8353
UD22_0390,11/5/2022,PA54,Understory,0,1,Moth_Arctiinae,Melese_nr_laodamia_947,Melese,Stellaria_media,Caryophyllaceae,Stellaria,0.227163462,2,23,227,2272
UD22_0545,11/5/2022,CR02,Understory,7,5,Moth_Arctiinae,Melese_sp_1023,Melese,Asteraceae_spc,Asteraceae,Asteraceae spc,0.104277879,1,10,104,1043
UD22_1145,19/10/2022,PA53,Understory,0,1,Moth_Arctiinae,Melese_sp_1023,Melese,Caryophyllaceae_spc,Caryophyllaceae,Caryophyllaceae spc,0.188353702,2,19,188,1884
UD22_0397,11/5/2022,PA54,Understory,0,1,Moth_Arctiinae,Melese_sp_1023,Melese,Cayaponia_citrullifolia,Cucurbitaceae,Cayaponia,0.391167192,4,39,391,3912
UD22_0560,26/04/2022,PR26,Understory,27,3,Moth_Arctiinae,Melese_sp_1023,Melese,Cayaponia_pilosa,Cucurbitaceae,Cayaponia,0.294076493,3,29,294,2941
UD22_1145,19/10/2022,PA53,Understory,0,1,Moth_Arctiinae,Melese_sp_1023,Melese,Cecropia_spc,Urticaceae,Cecropia,0.125089863,1,13,125,1251
UD22_0702,14/10/2022,CA60,Understory,0,2,Moth_Arctiinae,Melese_sp_1023,Melese,Cestrum_schlechtendalii,Solanaceae,Cestrum,0.236934504,2,24,237,2369
UD22_0803,19/11/2022,CR10,Understory,23,2,Moth_Arctiinae,Melese_sp_1023,Melese,Cestrum_schlechtendalii,Solanaceae,Cestrum,0.213396562,2,21,213,2134
UD22_1066,4/4/2022,PR19,Understory,5,1,Moth_Arctiinae,Melese_sp_1023,Melese,Cestrum_spc,Solanaceae,Cestrum,0.262283366,3,26,262,2623
UD22_0803,19/11/2022,CR10,Understory,23,2,Moth_Arctiinae,Melese_sp_1023,Melese,Clusia_nemorosa,Clusiaceae,Clusia,0.474214582,5,47,474,4742
UD22_0911,21/11/2022,CR11,Understory,22,2,Moth_Arctiinae,Melese_sp_1023,Melese,Clusia_nemorosa,Clusiaceae,Clusia,0.585831063,6,59,586,5858
UD22_0892,21/11/2022,OG45,Understory,NA,3,Moth_Arctiinae,Melese_sp_1023,Melese,Clusia_nemorosa,Clusiaceae,Clusia,0.760836449,8,76,761,7608
UD22_0545,11/5/2022,CR02,Understory,7,5,Moth_Arctiinae,Melese_sp_1023,Melese,Guarea_macrophylla,Meliaceae,Guarea,0.169360146,2,17,169,1694
UD22_1066,4/4/2022,PR19,Understory,5,1,Moth_Arctiinae,Melese_sp_1023,Melese,Heliotropiaceae_spc,Heliotropiaceae,Heliotropiaceae spc,0.679471145,7,68,679,6795
UD22_0493,22/04/2022,CR18,Canopy,9,1,Moth_Arctiinae,Melese_sp_1023,Melese,Hieronyma_alchorneoides,Phyllanthaceae,Hieronyma,0.560070863,6,56,560,5601
UD22_0423,24/04/2022,OG51,Canopy,NA,2,Moth_Arctiinae,Melese_sp_1023,Melese,Ipomoea_philomega,Convolvulaceae,Ipomoea,0.418009399,4,42,418,4180
UD22_0717,17/10/2022,PR32,Understory,15,1,Moth_Arctiinae,Melese_sp_1023,Melese,Lamiales_spc,Lamiales spc,Lamiales spc,0.614612663,6,61,615,6146
UD22_0133,26/03/2022,OG39,Understory,NA,2,Moth_Arctiinae,Melese_sp_1023,Melese,Magnoliopsida_spc,Magnoliopsida spc,Magnoliopsida spc,0.47625,5,48,476,4763
UD22_0768,21/10/2022,CR07,Understory,22,4,Moth_Arctiinae,Melese_sp_1023,Melese,Marcgravia_umbellata,Marcgraviaceae,Marcgravia,0.712942878,7,71,713,7129
UD22_0755,21/10/2022,CR08,Understory,26,3,Moth_Arctiinae,Melese_sp_1023,Melese,Marcgravia_umbellata,Marcgraviaceae,Marcgravia,0.871003308,9,87,871,8710
UD22_0693,16/10/2022,OG47,Understory,NA,1,Moth_Arctiinae,Melese_sp_1023,Melese,Miconia_laxivenula,Melastomataceae,Miconia,0.760136914,8,76,760,7601
UD22_0701,14/10/2022,CA60,Understory,0,1,Moth_Arctiinae,Melese_sp_1023,Melese,Parkia_multijuga,Fabaceae,Parkia,0.50319052,5,50,503,5032
UD22_0702,14/10/2022,CA60,Understory,0,2,Moth_Arctiinae,Melese_sp_1023,Melese,Parkia_multijuga,Fabaceae,Parkia,0.346995273,3,35,347,3470
UD22_0545,11/5/2022,CR02,Understory,7,5,Moth_Arctiinae,Melese_sp_1023,Melese,Parkia_multijuga,Fabaceae,Parkia,0.182705667,2,18,183,1827
UD22_1069,22/04/2022,CR18,Understory,9,4,Moth_Arctiinae,Melese_sp_1023,Melese,Parkia_multijuga,Fabaceae,Parkia,0.621755253,6,62,622,6218
UD22_0493,22/04/2022,CR18,Canopy,9,1,Moth_Arctiinae,Melese_sp_1023,Melese,Parkia_multijuga,Fabaceae,Parkia,0.14179833,1,14,142,1418
UD22_0447,24/04/2022,OG51,Understory,NA,3,Moth_Arctiinae,Melese_sp_1023,Melese,Parkia_multijuga,Fabaceae,Parkia,0.47300216,5,47,473,4730
UD22_0423,24/04/2022,OG51,Canopy,NA,2,Moth_Arctiinae,Melese_sp_1023,Melese,Parkia_multijuga,Fabaceae,Parkia,0.36958711,4,37,370,3696
UD22_0477,5/4/2022,PR22,Understory,11,1,Moth_Arctiinae,Melese_sp_1023,Melese,Parkia_multijuga,Fabaceae,Parkia,0.580526919,6,58,581,5805
UD22_0560,26/04/2022,PR26,Understory,27,3,Moth_Arctiinae,Melese_sp_1023,Melese,Parkia_multijuga,Fabaceae,Parkia,0.193330224,2,19,193,1933
UD22_0105,4/4/2022,OG42,Understory,NA,1,Moth_Arctiinae,Melese_sp_1023,Melese,Pouteria_caimito,Sapotaceae,Pouteria,0.552119129,6,55,552,5521
UD22_0664,5/4/2022,PA57,Understory,0,2,Moth_Arctiinae,Melese_sp_1023,Melese,Pouteria_caimito,Sapotaceae,Pouteria,0.912024666,9,91,912,9120
UD22_0966,23/05/2022,PR23,Understory,1,2,Moth_Arctiinae,Melese_sp_1023,Melese,Pouteria_reticulata,Sapotaceae,Pouteria,0.2669627,3,27,267,2670
UD22_1069,22/04/2022,CR18,Understory,9,4,Moth_Arctiinae,Melese_sp_1023,Melese,Pouteria_spc,Sapotaceae,Pouteria,0.144622991,1,14,145,1446
UD22_0133,26/03/2022,OG39,Understory,NA,2,Moth_Arctiinae,Melese_sp_1023,Melese,Pouteria_torta,Sapotaceae,Pouteria,0.48875,5,49,489,4888
UD22_0579,23/03/2022,PR24,Canopy,20,1,Moth_Arctiinae,Melese_sp_1023,Melese,Ruagea_glabra,Meliaceae,Ruagea,0.897433178,9,90,897,8974
UD22_0966,23/05/2022,PR23,Understory,1,2,Moth_Arctiinae,Melese_sp_1023,Melese,Sapotaceae_spc,Sapotaceae,Sapotaceae spc,0.615808171,6,62,616,6158
UD22_0911,21/11/2022,CR11,Understory,22,2,Moth_Arctiinae,Melese_sp_1023,Melese,Sorocea_jaramilloi,Moraceae,Sorocea,0.158038147,2,16,158,1580
UD22_0768,21/10/2022,CR07,Understory,22,4,Moth_Arctiinae,Melese_sp_1023,Melese,Souroubea_guianensis,Marcgraviaceae,Souroubea,0.207881417,2,21,208,2079
UD22_1145,19/10/2022,PA53,Understory,0,1,Moth_Arctiinae,Melese_sp_1023,Melese,Stellaria_spc,Caryophyllaceae,Stellaria,0.327102804,3,33,327,3271
UD22_0545,11/5/2022,CR02,Understory,7,5,Moth_Arctiinae,Melese_sp_1023,Melese,Trichilia_pallida,Meliaceae,Trichilia,0.208117002,2,21,208,2081
UD22_0624,23/03/2022,CR06,Canopy,32,1,Moth_Arctiinae,Melese_sp_1023,Melese,Trichilia_pallida,Meliaceae,Trichilia,0.596646836,6,60,597,5966
UD22_0344,7/5/2022,OG28,Understory,NA,1,Moth_Arctiinae,Melese_sp_1023,Melese,Trichilia_pallida,Meliaceae,Trichilia,0.805366927,8,81,805,8054
UD22_0693,16/10/2022,OG47,Understory,NA,1,Moth_Arctiinae,Melese_sp_1023,Melese,Vernonanthura_patens,Asteraceae,Vernonanthura,0.138362296,1,14,138,1384
UD22_0837,14/11/2022,CR01,Understory,5,1,Moth_Arctiinae,Melese_sp_946,Melese,Cecropia_insignis,Urticaceae,Cecropia,0.117785661,1,12,118,1178
UD22_0732,29/10/2022,CR14,Understory,37,1,Moth_Arctiinae,Melese_sp_946,Melese,Cestrum_schlechtendalii,Solanaceae,Cestrum,0.933318315,9,93,933,9333
UD22_0837,14/11/2022,CR01,Understory,5,1,Moth_Arctiinae,Melese_sp_946,Melese,Citharexylum_spc,Verbenaceae,Citharexylum,0.766059916,8,77,766,7661
UD22_0375,23/05/2022,OG38,Canopy,NA,1,Moth_Arctiinae,Melese_sp_946,Melese,Parkia_multijuga,Fabaceae,Parkia,0.998087497,10,100,998,9981
UD22_1118,26/10/2022,OG49,Canopy,NA,1,Moth_Arctiinae,Melese_sp_949,Melese,Cestrum_schlechtendalii,Solanaceae,Cestrum,0.22528363,2,23,225,2253
UD22_1107|LT500,25/10/2022,OG50,Canopy,NA,1,Moth_Arctiinae,Melese_sp_949,Melese,Cestrum_schlechtendalii,Solanaceae,Cestrum,0.851598174,9,85,852,8516
UD22_1113,25/10/2022,OG50,Canopy,NA,1,Moth_Arctiinae,Melese_sp_949,Melese,Chromolaena_horminoides,Asteraceae,Chromolaena,0.174958541,2,17,175,1750
UD22_1113,25/10/2022,OG50,Canopy,NA,1,Moth_Arctiinae,Melese_sp_949,Melese,Magnoliopsida_spc,Magnoliopsida spc,Magnoliopsida spc,0.179933665,2,18,180,1799
UD22_1118,26/10/2022,OG49,Canopy,NA,1,Moth_Arctiinae,Melese_sp_949,Melese,Stellaria_spc,Caryophyllaceae,Stellaria,0.318206375,3,32,318,3182
UD22_1113,25/10/2022,OG50,Canopy,NA,1,Moth_Arctiinae,Melese_sp_949,Melese,Stellaria_spc,Caryophyllaceae,Stellaria,0.21973466,2,22,220,2197
UD22_0869,26/10/2022,OG49,Understory,NA,1,Moth_Arctiinae,NN_1436,NN,Cestrum_schlechtendalii,Solanaceae,Cestrum,0.750855578,8,75,751,7509
UD22_0733,29/10/2022,CR14,Understory,37,1,Moth_Arctiinae,NN_1447,NN,Acalypha_spc,Euphorbiaceae,Acalypha,0.650965251,7,65,651,6510
UD22_0718,29/10/2022,PR34,Understory,37,1,Moth_Arctiinae,NN_1447,NN,Heliotropiaceae_spc,Heliotropiaceae,Heliotropiaceae spc,0.762287002,8,76,762,7623
UD22_0733,29/10/2022,CR14,Understory,37,1,Moth_Arctiinae,NN_1447,NN,Magnoliopsida_spc,Magnoliopsida spc,Magnoliopsida spc,0.186872587,2,19,187,1869
UD22_0718,29/10/2022,PR34,Understory,37,1,Moth_Arctiinae,NN_1447,NN,Myriopus_spc,Heliotropiaceae,Myriopus,0.170997043,2,17,171,1710
UD22_0434,29/03/2022,PR21,Canopy,35,2,Moth_Arctiinae,NN_845,NN,Cecropia_insignis,Urticaceae,Cecropia,0.490409765,5,49,490,4904
UD22_0844,14/11/2022,OG37,Understory,NA,1,Moth_Arctiinae,NN_845,NN,Heliotropiaceae_spc,Heliotropiaceae,Heliotropiaceae spc,0.828736307,8,83,829,8287
UD22_0004,28/02/2022,OG38,Understory,NA,1,Moth_Arctiinae,NN_845,NN,Sapium_glandulosum,Euphorbiaceae,Sapium,0.421663443,4,42,422,4217
UD22_0791,16/10/2022,OG47,Canopy,NA,3,Moth_Arctiinae,NN_846,NN,Acalypha_diversifolia,Euphorbiaceae,Acalypha,0.281666759,3,28,282,2817
UD22_1157|LT500,19/10/2022,PA53,Understory,0,2,Moth_Arctiinae,NN_846,NN,Caryophyllaceae_spc,Caryophyllaceae,Caryophyllaceae spc,0.142458101,1,14,142,1425
UD22_1157|LT500,19/10/2022,PA53,Understory,0,2,Moth_Arctiinae,NN_846,NN,Cecropia_spc,Urticaceae,Cecropia,0.312849162,3,31,313,3128
UD22_0720,29/10/2022,PR34,Understory,37,1,Moth_Arctiinae,NN_846,NN,Cecropia_spc,Urticaceae,Cecropia,0.133093525,1,13,133,1331
UD22_0791,16/10/2022,OG47,Canopy,NA,3,Moth_Arctiinae,NN_846,NN,Heliotropiaceae_spc,Heliotropiaceae,Heliotropiaceae spc,0.37485474,4,37,375,3749
UD22_0499,22/04/2022,CR18,Canopy,9,1,Moth_Arctiinae,NN_846,NN,Hieronyma_alchorneoides,Phyllanthaceae,Hieronyma,0.112792562,1,11,113,1128
UD22_0720,29/10/2022,PR34,Understory,37,1,Moth_Arctiinae,NN_846,NN,Magnoliopsida_spc,Magnoliopsida spc,Magnoliopsida spc,0.707733813,7,71,708,7077
UD22_0749,21/10/2022,CR08,Understory,26,1,Moth_Arctiinae,NN_846,NN,Marcgravia_umbellata,Marcgraviaceae,Marcgravia,0.733823204,7,73,734,7338
UD22_0633,23/03/2022,CR06,Canopy,32,2,Moth_Arctiinae,NN_846,NN,Pouteria_lucumifolia,Sapotaceae,Pouteria,0.730349622,7,73,730,7303
UD22_0973,23/05/2022,PR23,Understory,1,1,Moth_Arctiinae,NN_846,NN,Pouteria_reticulata,Sapotaceae,Pouteria,0.896952909,9,90,897,8970
UD22_0582,23/03/2022,PR24,Canopy,20,3,Moth_Arctiinae,NN_846,NN,Pouteria_torta,Sapotaceae,Pouteria,0.746573403,7,75,747,7466
UD22_1157|LT500,19/10/2022,PA53,Understory,0,2,Moth_Arctiinae,NN_846,NN,Stellaria_media,Caryophyllaceae,Stellaria,0.100558659,1,10,101,1006
UD22_0719,29/10/2022,PR34,Understory,37,1,Moth_Arctiinae,NN_846,NN,Stellaria_media,Caryophyllaceae,Stellaria,0.265554554,3,27,266,2656
UD22_1157|LT500,19/10/2022,PA53,Understory,0,2,Moth_Arctiinae,NN_846,NN,Stellaria_spc,Caryophyllaceae,Stellaria,0.279329609,3,28,279,2793
UD22_0719,29/10/2022,PR34,Understory,37,1,Moth_Arctiinae,NN_846,NN,Vicia_villosa,Fabaceae,Vicia,0.279080252,3,28,279,2791
UD22_0095,23/05/2022,PR23,Understory,1,1,Moth_Arctiinae,NN_Elysius_123,NN,Chelonanthus_acutangulus,Gentianaceae,Chelonanthus,0.500954413,5,50,501,5010
UD22_0095,23/05/2022,PR23,Understory,1,1,Moth_Arctiinae,NN_Elysius_123,NN,Compsoneura_mutisii,Myristicaceae,Compsoneura,0.158264092,2,16,158,1583
UD22_0393,11/5/2022,PA54,Understory,0,1,Moth_Arctiinae,NN_Euchromina_1349,NN,Adenostemma_spc,Asteraceae,Adenostemma,0.511809269,5,51,512,5118
UD22_0393,11/5/2022,PA54,Understory,0,1,Moth_Arctiinae,NN_Euchromina_1349,NN,Asteraceae_spc,Asteraceae,Asteraceae spc,0.163547237,2,16,164,1635
UD22_0377,23/05/2022,OG38,Canopy,NA,1,Moth_Arctiinae,NN_Euchromina_1349,NN,Chrysophyllum_eximium,Sapotaceae,Chrysophyllum,0.858005733,9,86,858,8580
UD22_0549,11/5/2022,CR02,Understory,7,2,Moth_Arctiinae,NN_Idalus-Scaptius_2375,NN,Cestrum_schlechtendalii,Solanaceae,Cestrum,0.72674208,7,73,727,7267
UD22_0323,7/5/2022,OG43,Understory,NA,1,Moth_Arctiinae,NN_Isanthrene_sp_1933,NN,Cecropia_insignis,Urticaceae,Cecropia,0.763854425,8,76,764,7639
UD22_0458,7/5/2022,OG43,Canopy,NA,2,Moth_Arctiinae,NN_Isanthrene_sp_1933,NN,Cecropia_insignis,Urticaceae,Cecropia,0.356041303,4,36,356,3560
UD22_0494,22/04/2022,CR18,Canopy,9,1,Moth_Arctiinae,NN_Isanthrene-Gymnelia_553,NN,Cecropia_insignis,Urticaceae,Cecropia,0.597330069,6,60,597,5973
UD22_0138,10/4/2022,PR26,Canopy,27,1,Moth_Arctiinae,NN_Isanthrene-Gymnelia_553,NN,Jacaratia_spinosa,Caricaceae,Jacaratia,0.24711094,2,25,247,2471
UD22_0138,10/4/2022,PR26,Canopy,27,1,Moth_Arctiinae,NN_Isanthrene-Gymnelia_553,NN,Vicia_sativa,Fabaceae,Vicia,0.206471495,2,21,206,2065
UD22_0810,14/11/2022,PR25,Understory,5,1,Moth_Arctiinae,Ormetica_sp_993,Ormetica,Cecropia_garciae,Urticaceae,Cecropia,0.514419852,5,51,514,5144
UD22_0761,27/10/2022,PA58,Understory,0,1,Moth_Arctiinae,Ormetica_sp_993,Ormetica,Cecropia_insignis,Urticaceae,Cecropia,0.223414315,2,22,223,2234
UD22_0143,10/4/2022,PR26,Canopy,27,2,Moth_Arctiinae,Ormetica_sp_993,Ormetica,Cecropia_insignis,Urticaceae,Cecropia,0.119094386,1,12,119,1191
UD22_0810,14/11/2022,PR25,Understory,5,1,Moth_Arctiinae,Ormetica_sp_993,Ormetica,Cecropia_spc,Urticaceae,Cecropia,0.149564051,1,15,150,1496
UD22_1043,30/04/2022,PR33,Understory,1,2,Moth_Arctiinae,Ormetica_sp_993,Ormetica,Cestrum_schlechtendalii,Solanaceae,Cestrum,0.738118332,7,74,738,7381
UD22_0143,10/4/2022,PR26,Canopy,27,2,Moth_Arctiinae,Ormetica_sp_993,Ormetica,Erythrina_poeppigiana,Fabaceae,Erythrina,0.227540577,2,23,228,2275
UD22_0143,10/4/2022,PR26,Canopy,27,2,Moth_Arctiinae,Ormetica_sp_993,Ormetica,Fabaceae_spc,Fabaceae,Fabaceae spc,0.182053138,2,18,182,1821
UD22_0761,27/10/2022,PA58,Understory,0,1,Moth_Arctiinae,Ormetica_sp_993,Ormetica,Magnoliopsida_spc,Magnoliopsida spc,Magnoliopsida spc,0.257673843,3,26,258,2577
UD22_1078,22/04/2022,CR18,Understory,9,1,Moth_Arctiinae,Ormetica_sp_993,Ormetica,Morella_pubescens,Myricaceae,Morella,0.14416853,1,14,144,1442
UD22_1078,22/04/2022,CR18,Understory,9,1,Moth_Arctiinae,Ormetica_sp_993,Ormetica,Sapotaceae_spc,Sapotaceae,Sapotaceae spc,0.675767918,7,68,676,6758
UD22_0761,27/10/2022,PA58,Understory,0,1,Moth_Arctiinae,Ormetica_sp_993,Ormetica,Triplaris_cumingiana,Polygonaceae,Triplaris,0.309063136,3,31,309,3091
UD22_0438,29/03/2022,PR21,Canopy,35,1,Moth_Arctiinae,Ormetica_sypilus_2013,Ormetica,Bignoniaceae_spc,Bignoniaceae,Bignoniaceae spc,0.553526271,6,55,554,5535
UD22_0502,22/04/2022,CR18,Canopy,9,3,Moth_Arctiinae,Ormetica_sypilus_2013,Ormetica,Cecropia_insignis,Urticaceae,Cecropia,0.120170553,1,12,120,1202
UD22_1168,21/11/2022,OG45,Canopy,NA,1,Moth_Arctiinae,Ormetica_sypilus_2013,Ormetica,Cecropia_insignis,Urticaceae,Cecropia,0.123107972,1,12,123,1231
UD22_0438,29/03/2022,PR21,Canopy,35,1,Moth_Arctiinae,Ormetica_sypilus_2013,Ormetica,Cecropia_insignis,Urticaceae,Cecropia,0.279198277,3,28,279,2792
UD22_1168,21/11/2022,OG45,Canopy,NA,1,Moth_Arctiinae,Ormetica_sypilus_2013,Ormetica,Cecropia_spc,Urticaceae,Cecropia,0.473259334,5,47,473,4733
UD22_1052,30/04/2022,PR33,Understory,1,2,Moth_Arctiinae,Ormetica_sypilus_2013,Ormetica,Cecropia_spc,Urticaceae,Cecropia,0.371561772,4,37,372,3716
UD22_1052,30/04/2022,PR33,Understory,1,2,Moth_Arctiinae,Ormetica_sypilus_2013,Ormetica,Cestrum_schlechtendalii,Solanaceae,Cestrum,0.154312354,2,15,154,1543
UD22_1075,22/04/2022,CR18,Understory,9,3,Moth_Arctiinae,Ormetica_sypilus_2013,Ormetica,Clusia_spc,Clusiaceae,Clusia,0.117050691,1,12,117,1171
UD22_0465,7/5/2022,OG43,Canopy,NA,1,Moth_Arctiinae,Ormetica_sypilus_2013,Ormetica,Combretum_spc,Combretaceae,Combretum,0.752002967,8,75,752,7520
UD22_1168,21/11/2022,OG45,Canopy,NA,1,Moth_Arctiinae,Ormetica_sypilus_2013,Ormetica,Cordia_alliodora,Cordiaceae,Cordia,0.118062563,1,12,118,1181
UD22_0502,22/04/2022,CR18,Canopy,9,3,Moth_Arctiinae,Ormetica_sypilus_2013,Ormetica,Dacryodes_cupularis,Burseraceae,Dacryodes,0.139575357,1,14,140,1396
UD22_0502,22/04/2022,CR18,Canopy,9,3,Moth_Arctiinae,Ormetica_sypilus_2013,Ormetica,Guarea_gentryi,Meliaceae,Guarea,0.141750783,1,14,142,1418
UD22_0978,24/04/2022,OG51,Canopy,NA,1,Moth_Arctiinae,Ormetica_sypilus_2013,Ormetica,Guarea_gentryi,Meliaceae,Guarea,0.105029586,1,11,105,1050
UD22_0480,9/5/2022,PR29,Understory,5,1,Moth_Arctiinae,Ormetica_sypilus_2013,Ormetica,Guarea_kunthiana,Meliaceae,Guarea,0.155677966,2,16,156,1557
UD22_0501,22/04/2022,CR18,Canopy,9,3,Moth_Arctiinae,Ormetica_sypilus_2013,Ormetica,Hieronyma_alchorneoides,Phyllanthaceae,Hieronyma,0.414860681,4,41,415,4149
UD22_0978,24/04/2022,OG51,Canopy,NA,1,Moth_Arctiinae,Ormetica_sypilus_2013,Ormetica,Hieronyma_alchorneoides,Phyllanthaceae,Hieronyma,0.842866535,8,84,843,8429
UD22_0452,24/04/2022,OG51,Understory,NA,1,Moth_Arctiinae,Ormetica_sypilus_2013,Ormetica,Hieronyma_alchorneoides,Phyllanthaceae,Hieronyma,0.770366599,8,77,770,7704
UD22_1075,22/04/2022,CR18,Understory,9,3,Moth_Arctiinae,Ormetica_sypilus_2013,Ormetica,Magnoliopsida_spc,Magnoliopsida spc,Magnoliopsida spc,0.200460829,2,20,200,2005
UD22_0583,23/03/2022,PR24,Canopy,20,1,Moth_Arctiinae,Ormetica_sypilus_2013,Ormetica,Matayba_scrobiculata,Sapindaceae,Matayba,0.591826041,6,59,592,5918
UD22_0502,22/04/2022,CR18,Canopy,9,3,Moth_Arctiinae,Ormetica_sypilus_2013,Ormetica,Matayba_sp.1,Sapindaceae,Matayba,0.412982945,4,41,413,4130
UD22_1002,11/5/2022,PA55,Understory,0,1,Moth_Arctiinae,Ormetica_sypilus_2013,Ormetica,Meliaceae_spc,Meliaceae,Meliaceae spc,0.491880566,5,49,492,4919
UD22_1052,30/04/2022,PR33,Understory,1,2,Moth_Arctiinae,Ormetica_sypilus_2013,Ormetica,Myriopus_spc,Heliotropiaceae,Myriopus,0.293240093,3,29,293,2932
UD22_0583,23/03/2022,PR24,Canopy,20,1,Moth_Arctiinae,Ormetica_sypilus_2013,Ormetica,Ochroma_pyramidale,Malvaceae,Ochroma,0.176421273,2,18,176,1764
UD22_0501,22/04/2022,CR18,Canopy,9,3,Moth_Arctiinae,Ormetica_sypilus_2013,Ormetica,Parkia_multijuga,Fabaceae,Parkia,0.128844169,1,13,129,1288
UD22_0583,23/03/2022,PR24,Canopy,20,1,Moth_Arctiinae,Ormetica_sypilus_2013,Ormetica,Pouteria_caimito,Sapotaceae,Pouteria,0.109667278,1,11,110,1097
UD22_0614,10/4/2022,OG39,Canopy,NA,1,Moth_Arctiinae,Ormetica_sypilus_2013,Ormetica,Pouteria_torta,Sapotaceae,Pouteria,0.651287943,7,65,651,6513
UD22_0614,10/4/2022,OG39,Canopy,NA,1,Moth_Arctiinae,Ormetica_sypilus_2013,Ormetica,Ruagea_glabra,Meliaceae,Ruagea,0.176684,2,18,177,1767
UD22_1002,11/5/2022,PA55,Understory,0,1,Moth_Arctiinae,Ormetica_sypilus_2013,Ormetica,Sapindales_spc,Sapindales spc,Sapindales spc,0.134625458,1,13,135,1346
UD22_0480,9/5/2022,PR29,Understory,5,1,Moth_Arctiinae,Ormetica_sypilus_2013,Ormetica,Sloanea_spc,Elaeocarpaceae,Sloanea,0.61700565,6,62,617,6170
UD22_1002,11/5/2022,PA55,Understory,0,1,Moth_Arctiinae,Ormetica_sypilus_2013,Ormetica,Trichilia_pallida,Meliaceae,Trichilia,0.293347302,3,29,293,2933
UD22_0480,9/5/2022,PR29,Understory,5,1,Moth_Arctiinae,Ormetica_sypilus_2013,Ormetica,Trichilia_pallida,Meliaceae,Trichilia,0.191327684,2,19,191,1913
UD22_0903,21/11/2022,CR11,Understory,22,1,Moth_Arctiinae,Pelochyta_amyeaderae_1067,Pelochyta,Cecropia_insignis,Urticaceae,Cecropia,0.114688129,1,11,115,1147
UD22_0389,9/5/2022,PR30,Understory,14,1,Moth_Arctiinae,Pelochyta_amyeaderae_1067,Pelochyta,Cecropia_insignis,Urticaceae,Cecropia,0.194352941,2,19,194,1944
UD22_1053,30/04/2022,PR33,Understory,1,1,Moth_Arctiinae,Pelochyta_amyeaderae_1067,Pelochyta,Cecropia_spc,Urticaceae,Cecropia,0.103666818,1,10,104,1037
UD22_0842,14/11/2022,OG37,Understory,NA,1,Moth_Arctiinae,Pelochyta_amyeaderae_1067,Pelochyta,Clusia_nemorosa,Clusiaceae,Clusia,0.761725946,8,76,762,7617
UD22_1053,30/04/2022,PR33,Understory,1,1,Moth_Arctiinae,Pelochyta_amyeaderae_1067,Pelochyta,Guarea_bullata,Meliaceae,Guarea,0.115889543,1,12,116,1159
UD22_0407,5/4/2022,CA62,Understory,0,1,Moth_Arctiinae,Pelochyta_amyeaderae_1067,Pelochyta,Guarea_macrophylla,Meliaceae,Guarea,0.970994185,10,97,971,9710
UD22_0567,26/04/2022,PR26,Understory,27,2,Moth_Arctiinae,Pelochyta_amyeaderae_1067,Pelochyta,Huberodendron_patinoi,Malvaceae,Huberodendron,0.35297584,4,35,353,3530
UD22_0903,21/11/2022,CR11,Understory,22,1,Moth_Arctiinae,Pelochyta_amyeaderae_1067,Pelochyta,Ochroma_pyramidale,Malvaceae,Ochroma,0.203219316,2,20,203,2032
UD22_0389,9/5/2022,PR30,Understory,14,1,Moth_Arctiinae,Pelochyta_amyeaderae_1067,Pelochyta,Ochroma_pyramidale,Malvaceae,Ochroma,0.145411765,1,15,145,1454
UD22_0409,5/4/2022,CA62,Understory,0,2,Moth_Arctiinae,Pelochyta_amyeaderae_1067,Pelochyta,Phacelia_tanacetifolia,Hydrophyllaceae,Phacelia,0.119021739,1,12,119,1190
UD22_0267,10/4/2022,OG39,Canopy,NA,1,Moth_Arctiinae,Pelochyta_amyeaderae_1067,Pelochyta,Pouteria_torta,Sapotaceae,Pouteria,0.274075337,3,27,274,2741
UD22_0903,21/11/2022,CR11,Understory,22,1,Moth_Arctiinae,Pelochyta_amyeaderae_1067,Pelochyta,Sorocea_jaramilloi,Moraceae,Sorocea,0.249496982,2,25,249,2495
UD22_0389,9/5/2022,PR30,Understory,14,1,Moth_Arctiinae,Pelochyta_amyeaderae_1067,Pelochyta,Stellaria_media,Caryophyllaceae,Stellaria,0.134588235,1,13,135,1346
UD22_0409,5/4/2022,CA62,Understory,0,2,Moth_Arctiinae,Pelochyta_amyeaderae_1067,Pelochyta,Trichilia_pallida,Meliaceae,Trichilia,0.1125,1,11,113,1125
UD22_1053,30/04/2022,PR33,Understory,1,1,Moth_Arctiinae,Pelochyta_amyeaderae_1067,Pelochyta,Virola_elongata,Myristicaceae,Virola,0.403802626,4,40,404,4038
UD22_0669,5/4/2022,PA57,Understory,0,1,Moth_Arctiinae,Pelochyta_sp_1350,Pelochyta,Guarea_macrophylla,Meliaceae,Guarea,0.91755013,9,92,918,9176
UD22_0541,11/5/2022,CR02,Understory,7,1,Moth_Arctiinae,Phaeomolis_nr_polystria_956,Phaeomolis,Guarea_kunthiana,Meliaceae,Guarea,0.351822336,4,35,352,3518
UD22_0541,11/5/2022,CR02,Understory,7,1,Moth_Arctiinae,Phaeomolis_nr_polystria_956,Phaeomolis,Parkia_multijuga,Fabaceae,Parkia,0.105196047,1,11,105,1052
UD22_0541,11/5/2022,CR02,Understory,7,1,Moth_Arctiinae,Phaeomolis_nr_polystria_956,Phaeomolis,Trichilia_pallida,Meliaceae,Trichilia,0.4541494,5,45,454,4541
UD22_1169,21/11/2022,OG45,Canopy,NA,2,Moth_Arctiinae,Poecilosoma_sp_785,Poecilosoma,Caryophyllaceae_spc,Caryophyllaceae,Caryophyllaceae spc,0.194680659,2,19,195,1947
UD22_1119,26/10/2022,OG49,Canopy,NA,2,Moth_Arctiinae,Poecilosoma_sp_785,Poecilosoma,Caryophyllaceae_spc,Caryophyllaceae,Caryophyllaceae spc,0.110759494,1,11,111,1108
UD22_0707,14/10/2022,CA60,Understory,0,1,Moth_Arctiinae,Poecilosoma_sp_785,Poecilosoma,Cecropia_insignis,Urticaceae,Cecropia,0.101214575,1,10,101,1012
UD22_0591,26/04/2022,OG42,Canopy,NA,1,Moth_Arctiinae,Poecilosoma_sp_785,Poecilosoma,Cecropia_insignis,Urticaceae,Cecropia,0.106634596,1,11,107,1066
UD22_0796,31/10/2022,PR36,Understory,8,1,Moth_Arctiinae,Poecilosoma_sp_785,Poecilosoma,Cecropia_insignis,Urticaceae,Cecropia,0.229144179,2,23,229,2291
UD22_0707,14/10/2022,CA60,Understory,0,1,Moth_Arctiinae,Poecilosoma_sp_785,Poecilosoma,Cecropia_spc,Urticaceae,Cecropia,0.460188934,5,46,460,4602
UD22_1011,7/4/2022,CA61,Understory,0,1,Moth_Arctiinae,Poecilosoma_sp_785,Poecilosoma,Cecropia_spc,Urticaceae,Cecropia,0.141716567,1,14,142,1417
UD22_1030,24/04/2022,OG52,Canopy,NA,1,Moth_Arctiinae,Poecilosoma_sp_785,Poecilosoma,Cecropia_spc,Urticaceae,Cecropia,0.104496517,1,10,104,1045
UD22_1011,7/4/2022,CA61,Understory,0,1,Moth_Arctiinae,Poecilosoma_sp_785,Poecilosoma,Cestrum_schlechtendalii,Solanaceae,Cestrum,0.157684631,2,16,158,1577
UD22_1119,26/10/2022,OG49,Canopy,NA,2,Moth_Arctiinae,Poecilosoma_sp_785,Poecilosoma,Cestrum_schlechtendalii,Solanaceae,Cestrum,0.391613924,4,39,392,3916
UD22_1030,24/04/2022,OG52,Canopy,NA,1,Moth_Arctiinae,Poecilosoma_sp_785,Poecilosoma,Cestrum_schlechtendalii,Solanaceae,Cestrum,0.297656745,3,30,298,2977
UD22_0782,27/10/2022,PA58,Understory,0,1,Moth_Arctiinae,Poecilosoma_sp_785,Poecilosoma,Cestrum_schlechtendalii,Solanaceae,Cestrum,0.90354676,9,90,904,9035
UD22_0796,31/10/2022,PR36,Understory,8,1,Moth_Arctiinae,Poecilosoma_sp_785,Poecilosoma,Cestrum_schlechtendalii,Solanaceae,Cestrum,0.542097147,5,54,542,5421
UD22_0684,17/10/2022,PR31,Canopy,15,1,Moth_Arctiinae,Poecilosoma_sp_785,Poecilosoma,Clusia_nemorosa,Clusiaceae,Clusia,0.953624025,10,95,954,9536
UD22_0707,14/10/2022,CA60,Understory,0,1,Moth_Arctiinae,Poecilosoma_sp_785,Poecilosoma,Coussapoa_villosa,Urticaceae,Coussapoa,0.118758435,1,12,119,1188
UD22_1100,14/11/2022,OG37,Canopy,NA,1,Moth_Arctiinae,Poecilosoma_sp_785,Poecilosoma,Guarea_cartaguenya,Meliaceae,Guarea,0.359375,4,36,359,3594
UD22_1100,14/11/2022,OG37,Canopy,NA,1,Moth_Arctiinae,Poecilosoma_sp_785,Poecilosoma,Guarea_spc,Meliaceae,Guarea,0.355902778,4,36,356,3559
UD22_1119,26/10/2022,OG49,Canopy,NA,2,Moth_Arctiinae,Poecilosoma_sp_785,Poecilosoma,Lantana_camara,Verbenaceae,Lantana,0.310917722,3,31,311,3109
UD22_1011,7/4/2022,CA61,Understory,0,1,Moth_Arctiinae,Poecilosoma_sp_785,Poecilosoma,Lantana_trifolia,Verbenaceae,Lantana,0.157684631,2,16,158,1577
UD22_1100,14/11/2022,OG37,Canopy,NA,1,Moth_Arctiinae,Poecilosoma_sp_785,Poecilosoma,Magnoliopsida_spc,Magnoliopsida spc,Magnoliopsida spc,0.125,1,13,125,1250
UD22_1169,21/11/2022,OG45,Canopy,NA,2,Moth_Arctiinae,Poecilosoma_sp_785,Poecilosoma,Magnoliopsida_spc,Magnoliopsida spc,Magnoliopsida spc,0.138954225,1,14,139,1390
UD22_0773,21/10/2022,PR27,Understory,26,2,Moth_Arctiinae,Poecilosoma_sp_785,Poecilosoma,Marcgravia_umbellata,Marcgraviaceae,Marcgravia,0.855658483,9,86,856,8557
UD22_0707,14/10/2022,CA60,Understory,0,1,Moth_Arctiinae,Poecilosoma_sp_785,Poecilosoma,Parkia_multijuga,Fabaceae,Parkia,0.165991903,2,17,166,1660
UD22_1011,7/4/2022,CA61,Understory,0,1,Moth_Arctiinae,Poecilosoma_sp_785,Poecilosoma,Parkia_multijuga,Fabaceae,Parkia,0.219560878,2,22,220,2196
UD22_0591,26/04/2022,OG42,Canopy,NA,1,Moth_Arctiinae,Poecilosoma_sp_785,Poecilosoma,Parkia_multijuga,Fabaceae,Parkia,0.116857086,1,12,117,1169
UD22_0416,24/04/2022,OG51,Canopy,NA,3,Moth_Arctiinae,Poecilosoma_sp_785,Poecilosoma,Parkia_multijuga,Fabaceae,Parkia,0.419184652,4,42,419,4192
UD22_1030,24/04/2022,OG52,Canopy,NA,1,Moth_Arctiinae,Poecilosoma_sp_785,Poecilosoma,Parkia_multijuga,Fabaceae,Parkia,0.514882837,5,51,515,5149
UD22_0689,16/10/2022,OG47,Understory,NA,1,Moth_Arctiinae,Poecilosoma_sp_785,Poecilosoma,Stellaria_media,Caryophyllaceae,Stellaria,0.238236751,2,24,238,2382
UD22_1169,21/11/2022,OG45,Canopy,NA,2,Moth_Arctiinae,Poecilosoma_sp_785,Poecilosoma,Stellaria_spc,Caryophyllaceae,Stellaria,0.357155781,4,36,357,3572
UD22_0584,23/03/2022,PR24,Canopy,20,1,Moth_Arctiinae,Poecilosoma_sp_785,Poecilosoma,Strychnos_cogens,Loganiaceae,Strychnos,0.880215454,9,88,880,8802
UD22_0848,19/10/2022,CA59,Understory,0,1,Moth_Arctiinae,Poliopastea_sp_835,Poliopastea,Acalypha_diversifolia,Euphorbiaceae,Acalypha,0.131499124,1,13,131,1315
UD22_0514,22/04/2022,CR18,Canopy,9,1,Moth_Arctiinae,Poliopastea_sp_835,Poliopastea,Cecropia_insignis,Urticaceae,Cecropia,0.761816232,8,76,762,7618
UD22_0482,9/5/2022,PR29,Understory,5,1,Moth_Arctiinae,Poliopastea_sp_835,Poliopastea,Cecropia_insignis,Urticaceae,Cecropia,0.421078282,4,42,421,4211
UD22_0462,7/5/2022,OG43,Canopy,NA,1,Moth_Arctiinae,Poliopastea_sp_835,Poliopastea,Dalbergia_spc,Fabaceae,Dalbergia,0.378135552,4,38,378,3781
UD22_0400,5/4/2022,CA62,Understory,0,1,Moth_Arctiinae,Poliopastea_sp_835,Poliopastea,Guarea_macrophylla,Meliaceae,Guarea,0.829040476,8,83,829,8290
UD22_0351,7/5/2022,OG28,Canopy,NA,1,Moth_Arctiinae,Poliopastea_sp_835,Poliopastea,Guarea_macrophylla,Meliaceae,Guarea,0.57248499,6,57,572,5725
UD22_0351,7/5/2022,OG28,Canopy,NA,1,Moth_Arctiinae,Poliopastea_sp_835,Poliopastea,Hieronyma_alchorneoides,Phyllanthaceae,Hieronyma,0.108654269,1,11,109,1087
UD22_0848,19/10/2022,CA59,Understory,0,1,Moth_Arctiinae,Poliopastea_sp_835,Poliopastea,Mikania_cordifolia,Asteraceae,Mikania,0.5887555,6,59,589,5888
UD22_0462,7/5/2022,OG43,Canopy,NA,1,Moth_Arctiinae,Poliopastea_sp_835,Poliopastea,Tapirira_guianensis,Anacardiaceae,Tapirira,0.492945007,5,49,493,4929
UD22_0866,26/10/2022,OG49,Understory,NA,2,Moth_Arctiinae,Prepiella_pexicera_1326,Prepiella,Cecropia_insignis,Urticaceae,Cecropia,0.230629877,2,23,231,2306
UD22_1123,26/10/2022,OG49,Canopy,NA,1,Moth_Arctiinae,Prepiella_pexicera_1326,Prepiella,Magnoliopsida_spc,Magnoliopsida spc,Magnoliopsida spc,0.856661562,9,86,857,8567
UD22_0866,26/10/2022,OG49,Understory,NA,2,Moth_Arctiinae,Prepiella_pexicera_1326,Prepiella,Magnoliopsida_spc,Magnoliopsida spc,Magnoliopsida spc,0.18770903,2,19,188,1877
UD22_0866,26/10/2022,OG49,Understory,NA,2,Moth_Arctiinae,Prepiella_pexicera_1326,Prepiella,Mikania_spc,Asteraceae,Mikania,0.173634337,2,17,174,1736
UD22_0317,7/5/2022,OG28,Canopy,NA,1,Moth_Arctiinae,Pseudepimolis_sp_959,Pseudepimolis,Cecropia_reticulata,Urticaceae,Cecropia,0.593117409,6,59,593,5931
UD22_0317,7/5/2022,OG28,Canopy,NA,1,Moth_Arctiinae,Pseudepimolis_sp_959,Pseudepimolis,Cecropia_spc,Urticaceae,Cecropia,0.190283401,2,19,190,1903
UD22_0490,22/04/2022,CR18,Canopy,9,1,Moth_Arctiinae,Pseudosphenoptera_nr_cocho_838,Pseudosphenoptera,Cecropia_insignis,Urticaceae,Cecropia,0.282670802,3,28,283,2827
UD22_1076,22/04/2022,CR18,Understory,9,3,Moth_Arctiinae,Pseudosphenoptera_nr_cocho_838,Pseudosphenoptera,Cecropia_insignis,Urticaceae,Cecropia,0.162065157,2,16,162,1621
UD22_1076,22/04/2022,CR18,Understory,9,3,Moth_Arctiinae,Pseudosphenoptera_nr_cocho_838,Pseudosphenoptera,Cecropia_spc,Urticaceae,Cecropia,0.585311982,6,59,585,5853
UD22_0007,28/02/2022,OG38,Understory,NA,3,Moth_Arctiinae,Pseudosphenoptera_nr_cocho_838,Pseudosphenoptera,Garcinia_madruno,Clusiaceae,Garcinia,0.911242604,9,91,911,9112
UD22_0603,26/04/2022,OG42,Canopy,NA,2,Moth_Arctiinae,Pseudosphenoptera_nr_cocho_838,Pseudosphenoptera,Guarea_gentryi,Meliaceae,Guarea,0.124219037,1,12,124,1242
UD22_0338,7/5/2022,OG28,Understory,NA,1,Moth_Arctiinae,Pseudosphenoptera_nr_cocho_838,Pseudosphenoptera,Guarea_macrophylla,Meliaceae,Guarea,0.920904105,9,92,921,9209
UD22_0646,28/02/2022,CR04,Canopy,20,3,Moth_Arctiinae,Pseudosphenoptera_nr_cocho_838,Pseudosphenoptera,Lamiales_spc,Lamiales spc,Lamiales spc,0.832227196,8,83,832,8322
UD22_0996,11/5/2022,PA55,Understory,0,1,Moth_Arctiinae,Pseudosphenoptera_nr_cocho_838,Pseudosphenoptera,Meliaceae_spc,Meliaceae,Meliaceae spc,0.387283237,4,39,387,3873
UD22_0490,22/04/2022,CR18,Canopy,9,1,Moth_Arctiinae,Pseudosphenoptera_nr_cocho_838,Pseudosphenoptera,Parkia_multijuga,Fabaceae,Parkia,0.143253612,1,14,143,1433
UD22_0603,26/04/2022,OG42,Canopy,NA,2,Moth_Arctiinae,Pseudosphenoptera_nr_cocho_838,Pseudosphenoptera,Ruagea_glabra,Meliaceae,Ruagea,0.163542815,2,16,164,1635
UD22_0996,11/5/2022,PA55,Understory,0,1,Moth_Arctiinae,Pseudosphenoptera_nr_cocho_838,Pseudosphenoptera,Sapindales_spc,Sapindales spc,Sapindales spc,0.125240848,1,13,125,1252
UD22_0554,11/5/2022,CR02,Understory,7,1,Moth_Arctiinae,Pseudosphenoptera_nr_cocho_838,Pseudosphenoptera,Stellaria_media,Caryophyllaceae,Stellaria,0.2468929,2,25,247,2469
UD22_0996,11/5/2022,PA55,Understory,0,1,Moth_Arctiinae,Pseudosphenoptera_nr_cocho_838,Pseudosphenoptera,Trichilia_pallida,Meliaceae,Trichilia,0.340398202,3,34,340,3404
UD22_1076,22/04/2022,CR18,Understory,9,3,Moth_Arctiinae,Pseudosphenoptera_nr_cocho_838,Pseudosphenoptera,Vernonanthura_patens,Asteraceae,Vernonanthura,0.177250138,2,18,177,1773
UD22_0961,10/4/2022,PR26,Canopy,27,1,Moth_Arctiinae,Rhabdatomis_sp_1055,Rhabdatomis,Pouteria_lucumifolia,Sapotaceae,Pouteria,0.944277108,9,94,944,9443
UD22_0914,29/10/2022,CR14,Canopy,37,1,Moth_Arctiinae,Robinsonia_deiopea_962,Robinsonia,Cestrum_schlechtendalii,Solanaceae,Cestrum,0.964226179,10,96,964,9642
UD22_0641,28/02/2022,CR04,Canopy,20,1,Moth_Arctiinae,Robinsonia_deiopea_962,Robinsonia,Sloanea_spc,Elaeocarpaceae,Sloanea,0.781836671,8,78,782,7818
UD22_0469,7/5/2022,OG43,Canopy,NA,1,Moth_Arctiinae,Saurita_(Valvaminor)_nr_temenus_1125,Saurita,Adenostemma_spc,Asteraceae,Adenostemma,0.951744522,10,95,952,9517
UD22_0517,22/04/2022,CR18,Canopy,9,1,Moth_Arctiinae,Saurita_cf_tipulina_1145,Saurita,Adenostemma_spc,Asteraceae,Adenostemma,0.405041303,4,41,405,4050
UD22_0713,14/10/2022,CA60,Understory,0,2,Moth_Arctiinae,Saurita_cf_tipulina_1145,Saurita,Cecropia_insignis,Urticaceae,Cecropia,0.261985552,3,26,262,2620
UD22_0713,14/10/2022,CA60,Understory,0,2,Moth_Arctiinae,Saurita_cf_tipulina_1145,Saurita,Cecropia_pachystachya,Urticaceae,Cecropia,0.221814799,2,22,222,2218
UD22_0713,14/10/2022,CA60,Understory,0,2,Moth_Arctiinae,Saurita_cf_tipulina_1145,Saurita,Cecropia_utcubambana,Urticaceae,Cecropia,0.120402802,1,12,120,1204
UD22_0517,22/04/2022,CR18,Canopy,9,1,Moth_Arctiinae,Saurita_cf_tipulina_1145,Saurita,Hieronyma_alchorneoides,Phyllanthaceae,Hieronyma,0.264185903,3,26,264,2642
UD22_0518,22/04/2022,CR18,Canopy,9,1,Moth_Arctiinae,Saurita_cf_tipulina_1145,Saurita,Hieronyma_alchorneoides,Phyllanthaceae,Hieronyma,0.178730703,2,18,179,1787
UD22_0968,23/05/2022,PR23,Understory,1,2,Moth_Arctiinae,Saurita_cf_tipulina_1145,Saurita,Magnoliopsida_spc,Magnoliopsida spc,Magnoliopsida spc,0.147608294,1,15,148,1476
UD22_0517,22/04/2022,CR18,Canopy,9,1,Moth_Arctiinae,Saurita_cf_tipulina_1145,Saurita,Mikania_micrantha,Asteraceae,Mikania,0.11688412,1,12,117,1169
UD22_0968,23/05/2022,PR23,Understory,1,2,Moth_Arctiinae,Saurita_cf_tipulina_1145,Saurita,Pouteria_reticulata,Sapotaceae,Pouteria,0.62943954,6,63,629,6294
UD22_0968,23/05/2022,PR23,Understory,1,2,Moth_Arctiinae,Saurita_cf_tipulina_1145,Saurita,Pouteria_spc,Sapotaceae,Pouteria,0.10860193,1,11,109,1086
UD22_0518,22/04/2022,CR18,Canopy,9,1,Moth_Arctiinae,Saurita_cf_tipulina_1145,Saurita,Stellaria_media,Caryophyllaceae,Stellaria,0.106861063,1,11,107,1069
UD22_0498,22/04/2022,CR18,Canopy,9,2,Moth_Arctiinae,Scaptius_nr_vinasia_965,Scaptius,Cecropia_insignis,Urticaceae,Cecropia,0.362847501,4,36,363,3628
UD22_0450,24/04/2022,OG51,Understory,NA,1,Moth_Arctiinae,Scaptius_nr_vinasia_965,Scaptius,Guarea_gentryi,Meliaceae,Guarea,0.680671711,7,68,681,6807
UD22_0542,11/5/2022,CR02,Understory,7,2,Moth_Arctiinae,Scaptius_nr_vinasia_965,Scaptius,Guarea_kunthiana,Meliaceae,Guarea,0.116076785,1,12,116,1161
UD22_0542,11/5/2022,CR02,Understory,7,2,Moth_Arctiinae,Scaptius_nr_vinasia_965,Scaptius,Hieronyma_alchorneoides,Phyllanthaceae,Hieronyma,0.153269346,2,15,153,1533
UD22_0498,22/04/2022,CR18,Canopy,9,2,Moth_Arctiinae,Scaptius_nr_vinasia_965,Scaptius,Parkia_multijuga,Fabaceae,Parkia,0.202635385,2,20,203,2026
UD22_0411,24/04/2022,OG51,Canopy,NA,1,Moth_Arctiinae,Scaptius_nr_vinasia_965,Scaptius,Parkia_multijuga,Fabaceae,Parkia,0.464346526,5,46,464,4643
UD22_1117,26/10/2022,OG49,Canopy,NA,2,Moth_Arctiinae,Scaptius_nr_vinasia_965,Scaptius,Piper_hispidum,Piperaceae,Piper,0.458333333,5,46,458,4583
UD22_0430,23/03/2022,CR06,Understory,32,1,Moth_Arctiinae,Scaptius_nr_vinasia_965,Scaptius,Pouteria_torta,Sapotaceae,Pouteria,0.649657943,6,65,650,6497
UD22_0411,24/04/2022,OG51,Canopy,NA,1,Moth_Arctiinae,Scaptius_nr_vinasia_965,Scaptius,Sapotaceae_sp_JSA315_spc,Sapotaceae,Sapotaceae sp JSA315,0.417293077,4,42,417,4173
UD22_1117,26/10/2022,OG49,Canopy,NA,2,Moth_Arctiinae,Scaptius_nr_vinasia_965,Scaptius,Stellaria_spc,Caryophyllaceae,Stellaria,0.136524823,1,14,137,1365
UD22_0542,11/5/2022,CR02,Understory,7,2,Moth_Arctiinae,Scaptius_nr_vinasia_965,Scaptius,Trichilia_pallida,Meliaceae,Trichilia,0.51159768,5,51,512,5116
UD22_0711,14/10/2022,CA60,Understory,0,1,Moth_Arctiinae,Sciopsyche_nr_tropica_2009,Sciopsyche,Asteraceae_spc,Asteraceae,Asteraceae spc,0.755740657,8,76,756,7557
UD22_0630,23/03/2022,CR06,Canopy,32,1,Moth_Arctiinae,Sychesia_naias_966,Sychesia,Stellaria_media,Caryophyllaceae,Stellaria,0.173333333,2,17,173,1733
UD22_0337,7/5/2022,OG28,Understory,NA,1,Moth_Arctiinae,Symphlebia_tessellata_1260,Symphlebia,Ficus_pertusa,Moraceae,Ficus,0.144617531,1,14,145,1446
UD22_0924,7/4/2022,OG41,Understrory,NA,1,Moth_Arctiinae,Symphlebia_tessellata_1260,Symphlebia,Guarea_cartaguenya,Meliaceae,Guarea,0.247652582,2,25,248,2477
UD22_0547,11/5/2022,CR02,Understory,7,1,Moth_Arctiinae,Symphlebia_tessellata_1260,Symphlebia,Guarea_kunthiana,Meliaceae,Guarea,0.164847701,2,16,165,1648
UD22_0337,7/5/2022,OG28,Understory,NA,1,Moth_Arctiinae,Symphlebia_tessellata_1260,Symphlebia,Guarea_macrophylla,Meliaceae,Guarea,0.340153453,3,34,340,3402
UD22_0924,7/4/2022,OG41,Understrory,NA,1,Moth_Arctiinae,Symphlebia_tessellata_1260,Symphlebia,Guarea_spc,Meliaceae,Guarea,0.390258216,4,39,390,3903
UD22_0924,7/4/2022,OG41,Understrory,NA,1,Moth_Arctiinae,Symphlebia_tessellata_1260,Symphlebia,Magnoliopsida_spc,Magnoliopsida spc,Magnoliopsida spc,0.187206573,2,19,187,1872
UD22_0995,11/5/2022,PA55,Understory,0,2,Moth_Arctiinae,Symphlebia_tessellata_1260,Symphlebia,Meliaceae_spc,Meliaceae,Meliaceae spc,0.445595855,4,45,446,4456
UD22_0444,24/04/2022,OG51,Understory,NA,1,Moth_Arctiinae,Symphlebia_tessellata_1260,Symphlebia,Pouteria_caimito,Sapotaceae,Pouteria,0.634500619,6,63,635,6345
UD22_0571,26/04/2022,PR26,Understory,27,2,Moth_Arctiinae,Symphlebia_tessellata_1260,Symphlebia,Sapotaceae_sp_JSA315_spc,Sapotaceae,Sapotaceae sp JSA315,0.891677265,9,89,892,8917
UD22_0995,11/5/2022,PA55,Understory,0,2,Moth_Arctiinae,Symphlebia_tessellata_1260,Symphlebia,Sapotaceae_spc,Sapotaceae,Sapotaceae spc,0.309153713,3,31,309,3092
UD22_0547,11/5/2022,CR02,Understory,7,1,Moth_Arctiinae,Symphlebia_tessellata_1260,Symphlebia,Trichilia_pallida,Meliaceae,Trichilia,0.536410997,5,54,536,5364
UD22_0337,7/5/2022,OG28,Understory,NA,1,Moth_Arctiinae,Symphlebia_tessellata_1260,Symphlebia,Virola_elongata,Myristicaceae,Virola,0.455359219,5,46,455,4554
UD22_1150,19/10/2022,PA53,Understory,0,1,Moth_Arctiinae,Talara_cf_minynthadia_1336,Talara,Fabaceae_spc,Fabaceae,Fabaceae spc,0.193722861,2,19,194,1937
UD22_1102,14/11/2022,OG37,Canopy,NA,1,Moth_Arctiinae,Talara_cf_minynthadia_1336,Talara,Magnoliopsida_spc,Magnoliopsida spc,Magnoliopsida spc,0.865397242,9,87,865,8654
UD22_1150,19/10/2022,PA53,Understory,0,1,Moth_Arctiinae,Talara_cf_minynthadia_1336,Talara,Paullinia_clathrata,Sapindaceae,Paullinia,0.292222138,3,29,292,2922
UD22_0532,22/04/2022,CR18,Canopy,9,1,Moth_Arctiinae,Talara_cf_minynthadia_1336,Talara,Pouteria_reticulata,Sapotaceae,Pouteria,0.895175955,9,90,895,8952
UD22_0867,26/10/2022,OG49,Understory,NA,1,Moth_Arctiinae,Talara_semiflava_882,Talara,Cecropia_insignis,Urticaceae,Cecropia,0.102396514,1,10,102,1024
UD22_0867,26/10/2022,OG49,Understory,NA,1,Moth_Arctiinae,Talara_semiflava_882,Talara,Heisteria_concinna,Erythropalaceae,Heisteria,0.675381264,7,68,675,6754
UD22_1074,22/04/2022,CR18,Understory,9,1,Moth_Arctiinae,Telioneura_nr_glaucopis_843,Telioneura,Hieronyma_alchorneoides,Phyllanthaceae,Hieronyma,0.67724388,7,68,677,6772
UD22_0526,22/04/2022,CR18,Canopy,9,1,Moth_Arctiinae,Telioneura_nr_glaucopis_843,Telioneura,Hieronyma_alchorneoides,Phyllanthaceae,Hieronyma,0.288956681,3,29,289,2890
UD22_0521,22/04/2022,CR18,Canopy,9,1,Moth_Arctiinae,Theages_decorum_1278,Theages,Cecropia_insignis,Urticaceae,Cecropia,0.316136597,3,32,316,3161
UD22_1010,7/4/2022,CA61,Understory,0,1,Moth_Arctiinae,Theages_decorum_1278,Theages,Cestrum_schlechtendalii,Solanaceae,Cestrum,0.553304904,6,55,553,5533
UD22_0119,28/02/2022,CR04,Understory,20,3,Moth_Arctiinae,Theages_decorum_1278,Theages,Garcinia_madruno,Clusiaceae,Garcinia,0.191139871,2,19,191,1911
UD22_1086,5/4/2022,OG40,Canopy,NA,1,Moth_Arctiinae,Theages_decorum_1278,Theages,Guarea_spc,Meliaceae,Guarea,0.446777486,4,45,447,4468
UD22_0119,28/02/2022,CR04,Understory,20,3,Moth_Arctiinae,Theages_decorum_1278,Theages,Heliotropiaceae_spc,Heliotropiaceae,Heliotropiaceae spc,0.43603783,4,44,436,4360
UD22_0521,22/04/2022,CR18,Canopy,9,1,Moth_Arctiinae,Theages_decorum_1278,Theages,Hieronyma_alchorneoides,Phyllanthaceae,Hieronyma,0.493880991,5,49,494,4939
UD22_0521,22/04/2022,CR18,Canopy,9,1,Moth_Arctiinae,Theages_decorum_1278,Theages,Hyeronima_alchorneoides,Phyllanthaceae,Hyeronima,0.125128243,1,13,125,1251
UD22_0927,7/4/2022,OG41,Understrory,NA,1,Moth_Arctiinae,Theages_decorum_1278,Theages,Magnoliopsida_spc,Magnoliopsida spc,Magnoliopsida spc,0.401826484,4,40,402,4018
UD22_0775,21/10/2022,PR27,Understory,26,1,Moth_Arctiinae,Theages_decorum_1278,Theages,Marcgravia_umbellata,Marcgraviaceae,Marcgravia,0.647455957,6,65,647,6475
UD22_1086,5/4/2022,OG40,Canopy,NA,1,Moth_Arctiinae,Theages_decorum_1278,Theages,Meliaceae_spc,Meliaceae,Meliaceae spc,0.371245261,4,37,371,3712
UD22_1083,22/04/2022,CR18,Understory,9,2,Moth_Arctiinae,Theages_decorum_1278,Theages,Orchidaceae_spc,Orchidaceae,Orchidaceae spc,0.46394705,5,46,464,4639
UD22_0520,22/04/2022,CR18,Canopy,9,1,Moth_Arctiinae,Theages_decorum_1278,Theages,Parkia_multijuga,Fabaceae,Parkia,0.553156862,6,55,553,5532
UD22_0520,22/04/2022,CR18,Canopy,9,1,Moth_Arctiinae,Theages_decorum_1278,Theages,Piper_marginatum,Piperaceae,Piper,0.159973194,2,16,160,1600
UD22_0128,26/03/2022,OG39,Understory,NA,1,Moth_Arctiinae,Theages_decorum_1278,Theages,Pouteria_torta,Sapotaceae,Pouteria,0.153106763,2,15,153,1531
UD22_0576,23/03/2022,PR24,Understory,20,2,Moth_Arctiinae,Theages_decorum_1278,Theages,Pouteria_torta,Sapotaceae,Pouteria,0.417095721,4,42,417,4171
UD22_1086,5/4/2022,OG40,Canopy,NA,1,Moth_Arctiinae,Theages_decorum_1278,Theages,Ruagea_glabra,Meliaceae,Ruagea,0.116943715,1,12,117,1169
UD22_1083,22/04/2022,CR18,Understory,9,2,Moth_Arctiinae,Theages_decorum_1278,Theages,Sievekingia_rhonhofiae,Orchidaceae,Sievekingia,0.129701521,1,13,130,1297
UD22_1083,22/04/2022,CR18,Understory,9,2,Moth_Arctiinae,Theages_decorum_1278,Theages,Sievekingia_spc,Orchidaceae,Sievekingia,0.253484376,3,25,253,2535
UD22_0316,7/5/2022,OG28,Canopy,NA,1,Moth_Arctiinae,Trichromia_cardinalis_gr_974,Trichromia,Cecropia_insignis,Urticaceae,Cecropia,0.208947531,2,21,209,2089
UD22_0316,7/5/2022,OG28,Canopy,NA,1,Moth_Arctiinae,Trichromia_cardinalis_gr_974,Trichromia,Mikania_cordifolia,Asteraceae,Mikania,0.153334708,2,15,153,1533
UD22_0421,24/04/2022,OG51,Canopy,NA,1,Moth_Arctiinae,Trichromia_cardinalis_gr_974,Trichromia,Parkia_multijuga,Fabaceae,Parkia,0.399048469,4,40,399,3990
UD22_0316,7/5/2022,OG28,Canopy,NA,1,Moth_Arctiinae,Trichromia_cardinalis_gr_974,Trichromia,Trichilia_pallida,Meliaceae,Trichilia,0.329553654,3,33,330,3296
UD22_0650,28/02/2022,CR04,Canopy,20,1,Moth_Arctiinae,Trichromia_cf_atta_970,Trichromia,Chrysophyllum_eximium,Sapotaceae,Chrysophyllum,0.331836467,3,33,332,3318
UD22_1054,30/04/2022,PR33,Understory,1,1,Moth_Arctiinae,Trichromia_nr_discophora_973,Trichromia,Cecropia_insignis,Urticaceae,Cecropia,0.129500498,1,13,130,1295
UD22_1054,30/04/2022,PR33,Understory,1,1,Moth_Arctiinae,Trichromia_nr_discophora_973,Trichromia,Cecropia_spc,Urticaceae,Cecropia,0.699018073,7,70,699,6990
UD22_1045,30/04/2022,PR33,Understory,1,1,Moth_Arctiinae,Trichromia_nr_discophora_973,Trichromia,Heliotropiaceae_spc,Heliotropiaceae,Heliotropiaceae spc,0.382133333,4,38,382,3821
UD22_1045,30/04/2022,PR33,Understory,1,1,Moth_Arctiinae,Trichromia_nr_discophora_973,Trichromia,Magnoliopsida_spc,Magnoliopsida spc,Magnoliopsida spc,0.1,1,10,100,1000
UD22_1045,30/04/2022,PR33,Understory,1,1,Moth_Arctiinae,Trichromia_nr_discophora_973,Trichromia,Sapotaceae_spc,Sapotaceae,Sapotaceae spc,0.198933333,2,20,199,1989
UD22_0621,10/4/2022,OG39,Canopy,NA,1,Moth_Arctiinae,Trichromia_nr_discophora_973,Trichromia,Strychnos_cogens,Loganiaceae,Strychnos,0.90405164,9,90,904,9041
UD22_0398,5/4/2022,CA62,Understory,0,1,Moth_Arctiinae,Trichromia_nr_rhodocraspis_971,Trichromia,Guarea_macrophylla,Meliaceae,Guarea,0.404832556,4,40,405,4048
UD22_0798,31/10/2022,PR36,Understory,8,1,Moth_Arctiinae,Trichromia_sp_969,Trichromia,Cestrum_schlechtendalii,Solanaceae,Cestrum,0.896652473,9,90,897,8967
UD22_0792|LT500,16/10/2022,OG47,Canopy,NA,1,Moth_Arctiinae,Trichromia_sp_972,Trichromia,Cestrum_schlechtendalii,Solanaceae,Cestrum,0.657534247,7,66,658,6575
UD22_0325,7/5/2022,OG43,Understory,NA,1,Moth_Arctiinae,Trichromia_sp_972,Trichromia,Clusia_nemorosa,Clusiaceae,Clusia,0.184133774,2,18,184,1841
UD22_0792|LT500,16/10/2022,OG47,Canopy,NA,1,Moth_Arctiinae,Trichromia_sp_972,Trichromia,Clusia_nemorosa,Clusiaceae,Clusia,0.191780822,2,19,192,1918
UD22_0325,7/5/2022,OG43,Understory,NA,1,Moth_Arctiinae,Trichromia_sp_972,Trichromia,Tapirira_guianensis,Anacardiaceae,Tapirira,0.141259965,1,14,141,1413
UD22_1120,26/10/2022,OG49,Canopy,NA,1,Moth_Arctiinae,Trichromia_sp_976,Trichromia,Caryophyllaceae_spc,Caryophyllaceae,Caryophyllaceae spc,0.125,1,13,125,1250
UD22_1120,26/10/2022,OG49,Canopy,NA,1,Moth_Arctiinae,Trichromia_sp_976,Trichromia,Cestrum_schlechtendalii,Solanaceae,Cestrum,0.235491071,2,24,235,2355
UD22_1120,26/10/2022,OG49,Canopy,NA,1,Moth_Arctiinae,Trichromia_sp_976,Trichromia,Magnoliopsida_spc,Magnoliopsida spc,Magnoliopsida spc,0.310267857,3,31,310,3103
UD22_0993,11/5/2022,PA55,Understory,0,1,Moth_Arctiinae,Viviennea_momyra_981,Viviennea,Caryophyllaceae_spc,Caryophyllaceae,Caryophyllaceae spc,0.270697168,3,27,271,2707
UD22_0993,11/5/2022,PA55,Understory,0,1,Moth_Arctiinae,Viviennea_momyra_981,Viviennea,Stellaria_media,Caryophyllaceae,Stellaria,0.112745098,1,11,113,1127
UD22_0993,11/5/2022,PA55,Understory,0,1,Moth_Arctiinae,Viviennea_momyra_981,Viviennea,Stellaria_spc,Caryophyllaceae,Stellaria,0.387799564,4,39,388,3878
UD22_1144,19/10/2022,PA53,Understory,0,2,Moth_Arctiinae,Watsonidia_reimonan_982,Watsonidia,Cecropia_spc,Urticaceae,Cecropia,0.119922631,1,12,120,1199
UD22_1144,19/10/2022,PA53,Understory,0,2,Moth_Arctiinae,Watsonidia_reimonan_982,Watsonidia,Clusia_spc,Clusiaceae,Clusia,0.15860735,2,16,159,1586
UD22_1144,19/10/2022,PA53,Understory,0,2,Moth_Arctiinae,Watsonidia_reimonan_982,Watsonidia,Croton_lechleri,Euphorbiaceae,Croton,0.220502901,2,22,221,2205
UD22_1144,19/10/2022,PA53,Understory,0,2,Moth_Arctiinae,Watsonidia_reimonan_982,Watsonidia,Magnoliopsida_spc,Magnoliopsida spc,Magnoliopsida spc,0.261121857,3,26,261,2611
UD22_0131,26/03/2022,OG39,Understory,NA,1,Moth_Arctiinae,Watsonidia_reimonan_982,Watsonidia,Pouteria_torta,Sapotaceae,Pouteria,0.217132505,2,22,217,2171
UD22_0266,10/4/2022,OG39,Canopy,NA,1,Moth_Arctiinae,Watsonidia_reimonan_982,Watsonidia,Sloanea_spc,Elaeocarpaceae,Sloanea,0.221258617,2,22,221,2213
UD22_0308,22/04/2022,CR18,Canopy,9,1,Moth_Sphingidae,Xylophanes_thyelia_117,Xylophanes,Acalypha_diversifolia,Euphorbiaceae,Acalypha,0.292180345,3,29,292,2922
UD22_0871,14/11/2022,PR20,Understory,3,1,Moth_Sphingidae,Manduca_florestan_112,Manduca,Acalypha_diversifolia,Euphorbiaceae,Acalypha,0.202835835,2,20,203,2028
UD22_0870,14/11/2022,PR20,Understory,3,1,Moth_Sphingidae,Xylophanes_corpus_124,Xylophanes,Acalypha_diversifolia,Euphorbiaceae,Acalypha,0.115323097,1,12,115,1153
UD22_0216,5/4/2022,PA57,Understory,0,1,Moth_Sphingidae,Manduca_peggyae_108,Manduca,Alchorneopsis_floribunda,Euphorbiaceae,Alchorneopsis,0.560509554,6,56,561,5605
UD22_0212,5/4/2022,CA62,Understory,0,1,Moth_Sphingidae,Callionima_pan_pan_102,Callionima,Apocynaceae_spc,Apocynaceae,Apocynaceae spc,0.247036704,2,25,247,2470
UD22_0793,31/10/2022,PR36,Understory,8,1,Moth_Sphingidae,Xylophanes_sp_118,Xylophanes,Bauhinia_pichinchensis,Fabaceae,Bauhinia,0.137196579,1,14,137,1372
UD22_0093,23/05/2022,PR23,Understory,1,1,Moth_Sphingidae,Xylophanes_corpus_124,Xylophanes,Brownea_multijuga,Fabaceae,Brownea,0.546525803,5,55,547,5465
UD22_0248,11/5/2022,PA54,Understory,0,1,Moth_Sphingidae,Adhemarius_daphne_101,Adhemarius,Carica_papaya,Caricaceae,Carica,0.330112721,3,33,330,3301
UD22_0672,2022-10-DD,PA56,Understory,0,1,Moth_Sphingidae,Xylophanes_sp_123,Xylophanes,Carica_papaya,Caricaceae,Carica,0.289863863,3,29,290,2899
UD22_1133,19/10/2022,PA53,Understory,0,1,Moth_Sphingidae,Xylophanes_corpus_124,Xylophanes,Caryophyllaceae_spc,Caryophyllaceae,Caryophyllaceae spc,0.194293478,2,19,194,1943
UD22_0216,5/4/2022,PA57,Understory,0,1,Moth_Sphingidae,Manduca_peggyae_108,Manduca,Caryophyllaceae_spc,Caryophyllaceae,Caryophyllaceae spc,0.108280255,1,11,108,1083
UD22_1174,19/11/2022,OG44,Canopy,NA,1,Moth_Sphingidae,Callionima_pan_pan_102,Callionima,Castilla_tunu,Moraceae,Castilla,0.116920842,1,12,117,1169
UD22_0672,2022-10-DD,PA56,Understory,0,1,Moth_Sphingidae,Xylophanes_sp_123,Xylophanes,Cayaponia_austin-smithii,Cucurbitaceae,Cayaponia,0.160129397,2,16,160,1601
UD22_0263,10/4/2022,OG39,Canopy,NA,1,Moth_Sphingidae,Adhemarius_daphne_101,Adhemarius,Cayaponia_pilosa,Cucurbitaceae,Cayaponia,0.330438828,3,33,330,3304
UD22_0198,2/4/2022,CR03,Understory,4,1,Moth_Sphingidae,Adhemarius_daphne_101,Adhemarius,Cecropia_insignis,Urticaceae,Cecropia,0.26845733,3,27,268,2685
UD22_0110,28/02/2022,CR04,Understory,20,1,Moth_Sphingidae,Protambulyx_eurycles_115,Protambulyx,Cecropia_insignis,Urticaceae,Cecropia,0.475,5,48,475,4750
UD22_0907,29/10/2022,CR14,Canopy,37,1,Moth_Sphingidae,Erinnyis_alope_104,Erinnyis,Cecropia_insignis,Urticaceae,Cecropia,0.132600585,1,13,133,1326
UD22_0906,29/10/2022,CR14,Canopy,37,1,Moth_Sphingidae,Xylophanes_sp_139,Xylophanes,Cecropia_insignis,Urticaceae,Cecropia,0.125049597,1,13,125,1250
UD22_0308,22/04/2022,CR18,Canopy,9,1,Moth_Sphingidae,Xylophanes_thyelia_117,Xylophanes,Cecropia_insignis,Urticaceae,Cecropia,0.236879183,2,24,237,2369
UD22_0261,28/02/2022,OG38,Understory,NA,1,Moth_Sphingidae,Xylophanes_thyelia_117,Xylophanes,Cecropia_insignis,Urticaceae,Cecropia,0.148947951,1,15,149,1489
UD22_0672,2022-10-DD,PA56,Understory,0,1,Moth_Sphingidae,Xylophanes_sp_123,Xylophanes,Cecropia_insignis,Urticaceae,Cecropia,0.482612212,5,48,483,4826
UD22_0215,5/4/2022,PA57,Understory,0,1,Moth_Sphingidae,Callionima_pan_pan_102,Callionima,Cecropia_insignis,Urticaceae,Cecropia,0.123555752,1,12,124,1236
UD22_0381,23/05/2022,PR23,Understory,1,1,Moth_Sphingidae,Manduca_florestan_112,Manduca,Cecropia_insignis,Urticaceae,Cecropia,0.124541364,1,12,125,1245
UD22_0201,30/04/2022,PR33,Understory,1,1,Moth_Sphingidae,Cocytius_duponchel_109,Cocytius,Cecropia_insignis,Urticaceae,Cecropia,0.313498877,3,31,313,3135
UD22_0203,30/04/2022,PR33,Understory,1,1,Moth_Sphingidae,Xylophanes_corpus_124,Xylophanes,Cecropia_insignis,Urticaceae,Cecropia,0.877837141,9,88,878,8778
UD22_0793,31/10/2022,PR36,Understory,8,1,Moth_Sphingidae,Xylophanes_sp_118,Xylophanes,Cecropia_insignis,Urticaceae,Cecropia,0.174430339,2,17,174,1744
UD22_1135,19/10/2022,PA53,Understory,0,1,Moth_Sphingidae,Cocytius_duponchel_109,Cocytius,Cecropia_spc,Urticaceae,Cecropia,0.19591029,2,20,196,1959
UD22_1133,19/10/2022,PA53,Understory,0,1,Moth_Sphingidae,Xylophanes_corpus_124,Xylophanes,Cecropia_spc,Urticaceae,Cecropia,0.125,1,13,125,1250
UD22_0365,23/05/2022,OG38,Canopy,NA,1,Moth_Sphingidae,Pachylia_darceta_113,Pachylia,Clusia_magnoliiflora,Clusiaceae,Clusia,0.245203022,2,25,245,2452
UD22_0110,28/02/2022,CR04,Understory,20,1,Moth_Sphingidae,Protambulyx_eurycles_115,Protambulyx,Clusia_nemorosa,Clusiaceae,Clusia,0.216015625,2,22,216,2160
UD22_0907,29/10/2022,CR14,Canopy,37,1,Moth_Sphingidae,Erinnyis_alope_104,Erinnyis,Clusia_nemorosa,Clusiaceae,Clusia,0.731672885,7,73,732,7317
UD22_0366,23/05/2022,OG38,Canopy,NA,2,Moth_Sphingidae,Callionima_pan_pan_102,Callionima,Clusia_nemorosa,Clusiaceae,Clusia,0.696877788,7,70,697,6969
UD22_0365,23/05/2022,OG38,Canopy,NA,1,Moth_Sphingidae,Pachylia_darceta_113,Pachylia,Clusia_nemorosa,Clusiaceae,Clusia,0.135728651,1,14,136,1357
UD22_0262,28/02/2022,OG38,Understory,NA,1,Moth_Sphingidae,Xylophanes_loelia_121,Xylophanes,Clusia_nemorosa,Clusiaceae,Clusia,0.762815608,8,76,763,7628
UD22_0367,23/05/2022,OG38,Canopy,NA,1,Moth_Sphingidae,Xylophanes_titana_120,Xylophanes,Clusia_nemorosa,Clusiaceae,Clusia,0.25950783,3,26,260,2595
UD22_0617,10/4/2022,OG39,Canopy,NA,1,Moth_Sphingidae,Callionima_pan_pan_102,Callionima,Clusia_nemorosa,Clusiaceae,Clusia,0.210669385,2,21,211,2107
UD22_0619,10/4/2022,OG39,Canopy,NA,1,Moth_Sphingidae,Protambulyx_eurycles_115,Protambulyx,Clusia_nemorosa,Clusiaceae,Clusia,0.381826549,4,38,382,3818
UD22_0124,26/03/2022,OG39,Understory,NA,1,Moth_Sphingidae,Xylophanes_titana_120,Xylophanes,Clusia_nemorosa,Clusiaceae,Clusia,0.819732337,8,82,820,8197
UD22_0616,10/4/2022,OG39,Canopy,NA,1,Moth_Sphingidae,Xylophanes_titana_120,Xylophanes,Clusia_nemorosa,Clusiaceae,Clusia,0.790108756,8,79,790,7901
UD22_0318,7/5/2022,OG43,Canopy,NA,2,Moth_Sphingidae,Xylophanes_corpus_124,Xylophanes,Clusia_nemorosa,Clusiaceae,Clusia,0.356642895,4,36,357,3566
UD22_0214,5/4/2022,PA57,Understory,0,1,Moth_Sphingidae,Adhemarius_daphne_101,Adhemarius,Clusia_nemorosa,Clusiaceae,Clusia,0.282758621,3,28,283,2828
UD22_0764,27/10/2022,PA58,Understory,0,1,Moth_Sphingidae,Xylophanes_corpus_124,Xylophanes,Clusia_nemorosa,Clusiaceae,Clusia,0.848444739,8,85,848,8484
UD22_0871,14/11/2022,PR20,Understory,3,1,Moth_Sphingidae,Manduca_florestan_112,Manduca,Clusia_nemorosa,Clusiaceae,Clusia,0.559755087,6,56,560,5598
UD22_0870,14/11/2022,PR20,Understory,3,1,Moth_Sphingidae,Xylophanes_corpus_124,Xylophanes,Clusia_nemorosa,Clusiaceae,Clusia,0.74056302,7,74,741,7406
UD22_0811,14/11/2022,PR25,Understory,5,1,Moth_Sphingidae,Callionima_pan_pan_102,Callionima,Clusia_nemorosa,Clusiaceae,Clusia,0.889376443,9,89,889,8894
UD22_0887,29/10/2022,PR34,Canopy,37,1,Moth_Sphingidae,Xylophanes_thyelia_117,Xylophanes,Clusia_nemorosa,Clusiaceae,Clusia,0.770670978,8,77,771,7707
UD22_0886,29/10/2022,PR34,Canopy,37,2,Moth_Sphingidae,Xylophanes_thyelia_117,Xylophanes,Clusia_nemorosa,Clusiaceae,Clusia,0.722688333,7,72,723,7227
UD22_0366,23/05/2022,OG38,Canopy,NA,2,Moth_Sphingidae,Callionima_pan_pan_102,Callionima,Clusia_spc,Clusiaceae,Clusia,0.126315789,1,13,126,1263
UD22_1132,19/10/2022,PA53,Understory,0,1,Moth_Sphingidae,Protambulyx_eurycles_115,Protambulyx,Clusia_spc,Clusiaceae,Clusia,0.189189189,2,19,189,1892
UD22_0214,5/4/2022,PA57,Understory,0,1,Moth_Sphingidae,Adhemarius_daphne_101,Adhemarius,Clusia_spc,Clusiaceae,Clusia,0.396551724,4,40,397,3966
UD22_1088,25/10/2022,OG48,Canopy,NA,1,Moth_Sphingidae,Manduca_dalica_107,Manduca,Compsoneura_mutisii,Myristicaceae,Compsoneura,0.409090909,4,41,409,4091
UD22_0381,23/05/2022,PR23,Understory,1,1,Moth_Sphingidae,Manduca_florestan_112,Manduca,Compsoneura_mutisii,Myristicaceae,Compsoneura,0.264797508,3,26,265,2648
UD22_0638,28/02/2022,CR04,Canopy,20,1,Moth_Sphingidae,"Lepidoptera:_Sphingidae_(NIC,_Manduca)",Lepidoptera:,Cosmibuena_grandiflora,Rubiaceae,Cosmibuena,0.414927921,4,41,415,4149
UD22_0637,28/02/2022,CR04,Canopy,20,1,Moth_Sphingidae,Manduca_florestan_112,Manduca,Cosmibuena_grandiflora,Rubiaceae,Cosmibuena,0.124442128,1,12,124,1244
UD22_0754,21/10/2022,CR08,Understory,26,1,Moth_Sphingidae,Manduca_sp_142,Manduca,Cosmibuena_grandiflora,Rubiaceae,Cosmibuena,0.430358531,4,43,430,4304
UD22_0620,10/4/2022,OG39,Canopy,NA,1,Moth_Sphingidae,Manduca_florestan_112,Manduca,Cosmibuena_grandiflora,Rubiaceae,Cosmibuena,0.954077417,10,95,954,9541
UD22_0381,23/05/2022,PR23,Understory,1,1,Moth_Sphingidae,Manduca_florestan_112,Manduca,Cosmibuena_grandiflora,Rubiaceae,Cosmibuena,0.173693319,2,17,174,1737
UD22_0200,30/04/2022,PR33,Understory,1,1,Moth_Sphingidae,Manduca_florestan_112,Manduca,Cosmibuena_grandiflora,Rubiaceae,Cosmibuena,0.853283652,9,85,853,8533
UD22_0195,30/04/2022,PR33,Understory,1,1,Moth_Sphingidae,Pachylia_darceta_113,Pachylia,Cosmibuena_grandiflora,Rubiaceae,Cosmibuena,0.855555556,9,86,856,8556
UD22_0002,28/02/2022,OG38,Understory,NA,1,Moth_Sphingidae,Xylophanes_sp_118,Xylophanes,Cosmibuena_valerioi,Rubiaceae,Cosmibuena,0.735875706,7,74,736,7359
UD22_0888,29/10/2022,PR34,Canopy,37,2,Moth_Sphingidae,Xylophanes_corpus_124,Xylophanes,Coussarea_latifolia,Rubiaceae,Coussarea,0.902730494,9,90,903,9027
UD22_0215,5/4/2022,PA57,Understory,0,1,Moth_Sphingidae,Callionima_pan_pan_102,Callionima,Dussia_lehmannii,Fabaceae,Dussia,0.483995799,5,48,484,4840
UD22_0380,23/05/2022,PR23,Understory,1,2,Moth_Sphingidae,Xylophanes_thyelia_117,Xylophanes,Guarea_cartaguenya,Meliaceae,Guarea,0.150984941,2,15,151,1510
UD22_1095,14/11/2022,OG37,Canopy,NA,1,Moth_Sphingidae,"NN_""small_Oryba""_10245",NN,Hidalgoa_spc,Asteraceae,Hidalgoa,0.169319826,2,17,169,1693
UD22_0214,5/4/2022,PA57,Understory,0,1,Moth_Sphingidae,Adhemarius_daphne_101,Adhemarius,Ipomoea_philomega,Convolvulaceae,Ipomoea,0.113793103,1,11,114,1138
UD22_0201,30/04/2022,PR33,Understory,1,1,Moth_Sphingidae,Cocytius_duponchel_109,Cocytius,Ipomoea_philomega,Convolvulaceae,Ipomoea,0.416325452,4,42,416,4163
UD22_0637,28/02/2022,CR04,Canopy,20,1,Moth_Sphingidae,Manduca_florestan_112,Manduca,Isertia_laevis,Rubiaceae,Isertia,0.238068867,2,24,238,2381
UD22_0906,29/10/2022,CR14,Canopy,37,1,Moth_Sphingidae,Xylophanes_sp_139,Xylophanes,Isertia_laevis,Rubiaceae,Isertia,0.196468721,2,20,196,1965
UD22_1135,19/10/2022,PA53,Understory,0,1,Moth_Sphingidae,Cocytius_duponchel_109,Cocytius,Isertia_laevis,Rubiaceae,Isertia,0.431398417,4,43,431,4314
UD22_0381,23/05/2022,PR23,Understory,1,1,Moth_Sphingidae,Manduca_florestan_112,Manduca,Isertia_laevis,Rubiaceae,Isertia,0.122672205,1,12,123,1227
UD22_0964,23/05/2022,PR23,Understory,1,1,Moth_Sphingidae,NN_Manduca_nr_florestan_9579,NN,Isertia_laevis,Rubiaceae,Isertia,0.651307597,7,65,651,6513
UD22_0637,28/02/2022,CR04,Canopy,20,1,Moth_Sphingidae,Manduca_florestan_112,Manduca,Isertia_spc,Rubiaceae,Isertia,0.354562335,4,35,355,3546
UD22_0906,29/10/2022,CR14,Canopy,37,1,Moth_Sphingidae,Xylophanes_sp_139,Xylophanes,Isertia_spc,Rubiaceae,Isertia,0.254827404,3,25,255,2548
UD22_1088,25/10/2022,OG48,Canopy,NA,1,Moth_Sphingidae,Manduca_dalica_107,Manduca,Isertia_spc,Rubiaceae,Isertia,0.184210526,2,18,184,1842
UD22_1135,19/10/2022,PA53,Understory,0,1,Moth_Sphingidae,Cocytius_duponchel_109,Cocytius,Isertia_spc,Rubiaceae,Isertia,0.118293755,1,12,118,1183
UD22_0308,22/04/2022,CR18,Canopy,9,1,Moth_Sphingidae,Xylophanes_thyelia_117,Xylophanes,Jacaratia_spinosa,Caricaceae,Jacaratia,0.287777386,3,29,288,2878
UD22_0261,28/02/2022,OG38,Understory,NA,1,Moth_Sphingidae,Xylophanes_thyelia_117,Xylophanes,Jacaratia_spinosa,Caricaceae,Jacaratia,0.147840532,1,15,148,1478
UD22_1095,14/11/2022,OG37,Canopy,NA,1,Moth_Sphingidae,"NN_""small_Oryba""_10245",NN,Lantana_achyranthifolia,Verbenaceae,Lantana,0.10853835,1,11,109,1085
UD22_0637,28/02/2022,CR04,Canopy,20,1,Moth_Sphingidae,Manduca_florestan_112,Manduca,Magnoliopsida_spc,Magnoliopsida spc,Magnoliopsida spc,0.102453008,1,10,102,1025
UD22_0261,28/02/2022,OG38,Understory,NA,1,Moth_Sphingidae,Xylophanes_thyelia_117,Xylophanes,Magnoliopsida_spc,Magnoliopsida spc,Magnoliopsida spc,0.138427464,1,14,138,1384
UD22_1174,19/11/2022,OG44,Canopy,NA,1,Moth_Sphingidae,Callionima_pan_pan_102,Callionima,Magnoliopsida_spc,Magnoliopsida spc,Magnoliopsida spc,0.198257081,2,20,198,1983
UD22_1132,19/10/2022,PA53,Understory,0,1,Moth_Sphingidae,Protambulyx_eurycles_115,Protambulyx,Magnoliopsida_spc,Magnoliopsida spc,Magnoliopsida spc,0.33227345,3,33,332,3323
UD22_0696|LT500,14/10/2022,CA60,Understory,0,1,Moth_Sphingidae,Protambulyx_sp_116,Protambulyx,Ochroma_pyramidale,Malvaceae,Ochroma,0.269121813,3,27,269,2691
UD22_0754,21/10/2022,CR08,Understory,26,1,Moth_Sphingidae,Manduca_sp_142,Manduca,Ochroma_pyramidale,Malvaceae,Ochroma,0.33844248,3,34,338,3384
UD22_0793,31/10/2022,PR36,Understory,8,1,Moth_Sphingidae,Xylophanes_sp_118,Xylophanes,Phanera_spc,Fabaceae,Phanera,0.103999575,1,10,104,1040
UD22_0094,23/05/2022,PR23,Understory,1,1,Moth_Sphingidae,Oryba_kadeni_127,Oryba,Piper_appendiculatum,Piperaceae,Piper,0.468779374,5,47,469,4688
UD22_0381,23/05/2022,PR23,Understory,1,1,Moth_Sphingidae,Manduca_florestan_112,Manduca,Piper_xanthostachyum,Piperaceae,Piper,0.113049498,1,11,113,1130
UD22_0696|LT500,14/10/2022,CA60,Understory,0,1,Moth_Sphingidae,Protambulyx_sp_116,Protambulyx,Plukenetia_lehmanniana,Euphorbiaceae,Plukenetia,0.52407932,5,52,524,5241
UD22_0001,28/02/2022,OG38,Understory,NA,2,Moth_Sphingidae,Xylophanes_zurcheri_122,Xylophanes,Pulmonaria_collina,Boraginaceae,Pulmonaria,0.261287935,3,26,261,2613
UD22_0212,5/4/2022,CA62,Understory,0,1,Moth_Sphingidae,Callionima_pan_pan_102,Callionima,Quararibea_spc,Malvaceae,Quararibea,0.161448541,2,16,161,1614
UD22_0215,5/4/2022,PA57,Understory,0,1,Moth_Sphingidae,Callionima_pan_pan_102,Callionima,Quararibea_spc,Malvaceae,Quararibea,0.112941567,1,11,113,1129
UD22_0637,28/02/2022,CR04,Canopy,20,1,Moth_Sphingidae,Manduca_florestan_112,Manduca,Rubiaceae_spc,Rubiaceae,Rubiaceae spc,0.105091703,1,11,105,1051
UD22_1096,14/11/2022,OG37,Canopy,NA,1,Moth_Sphingidae,Manduca_dalica_107,Manduca,Rubiaceae_spc,Rubiaceae,Rubiaceae spc,0.794376836,8,79,794,7944
UD22_0217,5/4/2022,PA57,Understory,0,1,Moth_Sphingidae,Manduca_sp_141,Manduca,Schultesianthus_coriaceus,Solanaceae,Schultesianthus,0.939666072,9,94,940,9397
UD22_0619,10/4/2022,OG39,Canopy,NA,1,Moth_Sphingidae,Protambulyx_eurycles_115,Protambulyx,Sloanea_spc,Elaeocarpaceae,Sloanea,0.261096339,3,26,261,2611
UD22_1095,14/11/2022,OG37,Canopy,NA,1,Moth_Sphingidae,"NN_""small_Oryba""_10245",NN,Solanum_tuberosum,Solanaceae,Solanum,0.185238784,2,19,185,1852
UD22_0201,30/04/2022,PR33,Understory,1,1,Moth_Sphingidae,Cocytius_duponchel_109,Cocytius,Solanum_uncinellum,Solanaceae,Solanum,0.153942676,2,15,154,1539
UD22_0198,2/4/2022,CR03,Understory,4,1,Moth_Sphingidae,Adhemarius_daphne_101,Adhemarius,Souroubea_guianensis,Marcgraviaceae,Souroubea,0.600511618,6,60,601,6005
UD22_0365,23/05/2022,OG38,Canopy,NA,1,Moth_Sphingidae,Pachylia_darceta_113,Pachylia,Souroubea_guianensis,Marcgraviaceae,Souroubea,0.371256183,4,37,371,3713
UD22_0318,7/5/2022,OG43,Canopy,NA,2,Moth_Sphingidae,Xylophanes_corpus_124,Xylophanes,Souroubea_guianensis,Marcgraviaceae,Souroubea,0.360505811,4,36,361,3605
UD22_0259,24/04/2022,OG52,Canopy,NA,1,Moth_Sphingidae,Xylophanes_loelia_121,Xylophanes,Souroubea_guianensis,Marcgraviaceae,Souroubea,0.151373305,2,15,151,1514
UD22_0093,23/05/2022,PR23,Understory,1,1,Moth_Sphingidae,Xylophanes_corpus_124,Xylophanes,Souroubea_guianensis,Marcgraviaceae,Souroubea,0.176486523,2,18,176,1765
UD22_0380,23/05/2022,PR23,Understory,1,2,Moth_Sphingidae,Xylophanes_thyelia_117,Xylophanes,Souroubea_guianensis,Marcgraviaceae,Souroubea,0.750914167,8,75,751,7509
UD22_0617,10/4/2022,OG39,Canopy,NA,1,Moth_Sphingidae,Callionima_pan_pan_102,Callionima,Stellaria_media,Caryophyllaceae,Stellaria,0.170914033,2,17,171,1709
UD22_1095,14/11/2022,OG37,Canopy,NA,1,Moth_Sphingidae,"NN_""small_Oryba""_10245",NN,Stellaria_spc,Caryophyllaceae,Stellaria,0.172214182,2,17,172,1722
UD22_1133,19/10/2022,PA53,Understory,0,1,Moth_Sphingidae,Xylophanes_corpus_124,Xylophanes,Stellaria_spc,Caryophyllaceae,Stellaria,0.28125,3,28,281,2813
UD22_0216,5/4/2022,PA57,Understory,0,1,Moth_Sphingidae,Manduca_peggyae_108,Manduca,Stellaria_spc,Caryophyllaceae,Stellaria,0.177070064,2,18,177,1771
UD22_1174,19/11/2022,OG44,Canopy,NA,1,Moth_Sphingidae,Callionima_pan_pan_102,Callionima,Trema_micrantha,Cannabaceae,Trema,0.118373275,1,12,118,1184
UD22_0248,11/5/2022,PA54,Understory,0,1,Moth_Sphingidae,Adhemarius_daphne_101,Adhemarius,Urena_lobata,Malvaceae,Urena,0.11540526,1,12,115,1154
UD22_0260,28/02/2022,OG38,Understory,NA,1,Moth_Sphingidae,Xylophanes_zurcheri_122,Xylophanes,Vicia_sativa,Fabaceae,Vicia,0.289661319,3,29,290,2897
UD22_0260,28/02/2022,OG38,Understory,NA,1,Moth_Sphingidae,Xylophanes_zurcheri_122,Xylophanes,Vicia_sepium,Fabaceae,Vicia,0.101010101,1,10,101,1010
UD22_0212,5/4/2022,CA62,Understory,0,1,Moth_Sphingidae,Callionima_pan_pan_102,Callionima,Vismia_cayennensis,Hypericaceae,Vismia,0.122864383,1,12,123,1229
