"Plot_ID","taxon","animal_species","plant_species","type","unit","RegTime","Treatment2","method","Treatment3"
"CA62","Hymenoptera","Apis_mellifera","Baltimora_recta","pollen_transport","pollen",0,"active cacao","Understory","regeneration early"
"PR23","Hymenoptera","Apis_mellifera","Baltimora_recta","pollen_transport","pollen",1,"pasture regeneration early","Understory","regeneration early"
"PA56","Hymenoptera","Apis_mellifera","Begonia_fischeri","pollen_transport","pollen",0,"active pasture","Understory","regeneration early"
"CR13","Hymenoptera","Apis_mellifera","Cecropia_garciae","pollen_transport","pollen",1,"cacao regeneration early","Understory","regeneration early"
"PA56","Hymenoptera","Apis_mellifera","Cecropia_garciae","pollen_transport","pollen",0,"active pasture","Understory","regeneration early"
"PA58","Hymenoptera","Apis_mellifera","Cecropia_garciae","pollen_transport","pollen",0,"active pasture","Understory","regeneration early"
"PR23","Hymenoptera","Apis_mellifera","Cecropia_insignis","pollen_transport","pollen",1,"pasture regeneration early","Understory","regeneration early"
"OG50","Hymenoptera","Apis_mellifera","Cecropia_spc","pollen_transport","pollen",55,"old-growth forest","Understory","old-growth forest"
"PA58","Hymenoptera","Apis_mellifera","Cecropia_spc","pollen_transport","pollen",0,"active pasture","Understory","regeneration early"
"CA62","Hymenoptera","Apis_mellifera","Cenchrus_incertus","pollen_transport","pollen",0,"active cacao","Understory","regeneration early"
"PR23","Hymenoptera","Apis_mellifera","Chelonanthus_acutangulus","pollen_transport","pollen",1,"pasture regeneration early","Understory","regeneration early"
"PR23","Hymenoptera","Apis_mellifera","Clibadium_grandifolium","pollen_transport","pollen",1,"pasture regeneration early","Understory","regeneration early"
"OG50","Hymenoptera","Apis_mellifera","Clusia_fructiangusta","pollen_transport","pollen",55,"old-growth forest","Understory","old-growth forest"
"CA59","Hymenoptera","Apis_mellifera","Emilia_sonchifolia","pollen_transport","pollen",0,"active cacao","Understory","regeneration early"
"CA59","Hymenoptera","Apis_mellifera","Emilia_spc","pollen_transport","pollen",0,"active cacao","Understory","regeneration early"
"CA60","Hymenoptera","Apis_mellifera","Emilia_spc","pollen_transport","pollen",0,"active cacao","Understory","regeneration early"
"CA59","Hymenoptera","Apis_mellifera","Hyptis_atrorubens","pollen_transport","pollen",0,"active cacao","Understory","regeneration early"
"CA60","Hymenoptera","Apis_mellifera","Hyptis_atrorubens","pollen_transport","pollen",0,"active cacao","Understory","regeneration early"
"CA63","Hymenoptera","Apis_mellifera","Mikania_laevigata","pollen_transport","pollen",0,"active cacao","Understory","regeneration early"
"OG50","Hymenoptera","Apis_mellifera","Myriocarpa_cordifolia","pollen_transport","pollen",55,"old-growth forest","Understory","old-growth forest"
"CR13","Hymenoptera","Apis_mellifera","Piper_marginatum","pollen_transport","pollen",1,"cacao regeneration early","Understory","regeneration early"
"CA60","Hymenoptera","Apis_mellifera","Sabicea_villosa","pollen_transport","pollen",0,"active cacao","Understory","regeneration early"
"CA62","Hymenoptera","Apis_mellifera","Spermacoce_alata","pollen_transport","pollen",0,"active cacao","Understory","regeneration early"
"CA62","Hymenoptera","Apis_mellifera","Tabernaemontana_elegans","pollen_transport","pollen",0,"active cacao","Understory","regeneration early"
"PA58","Hymenoptera","Apis_mellifera","Urena_lobata","pollen_transport","pollen",0,"active pasture","Understory","regeneration early"
"PA56","Hymenoptera","Apis_mellifera","Urochloa_comata","pollen_transport","pollen",0,"active pasture","Understory","regeneration early"
"PA56","Hymenoptera","Apis_mellifera","Urochloa_ruziziensis","pollen_transport","pollen",0,"active pasture","Understory","regeneration early"
"OG45","Hymenoptera","Euglossa_flammea-chalybeata_gr","Allophylus_dodsonii","pollen_transport","pollen",55,"old-growth forest","Understory","old-growth forest"
"OG47","Hymenoptera","Euglossa_asarophora","Asteraceae_spc","pollen_transport","pollen",55,"old-growth forest","Understory","old-growth forest"
"CA63","Hymenoptera","Eulaema_cingulata","Baccharis_sp._Pennington_1090","pollen_transport","pollen",0,"active cacao","Understory","regeneration early"
"OG47","Hymenoptera","Euglossa_asarophora","Baccharis_sp._Pennington_1090","pollen_transport","pollen",55,"old-growth forest","Understory","old-growth forest"
"OG47","Hymenoptera","Euglossa_townsendi","Benzingia_hirtzii","pollen_transport","pollen",55,"old-growth forest","Canopy","old-growth forest"
"OG47","Hymenoptera","Euglossa_asarophora","Bidens_pilosa","pollen_transport","pollen",55,"old-growth forest","Understory","old-growth forest"
"OG49","Hymenoptera","Euglossa_imperialis","Bidens_pilosa","pollen_transport","pollen",55,"old-growth forest","Canopy","old-growth forest"
"CA60","Hymenoptera","Euglossa_flammea-chalybeata_gr","Bignonia_binata","pollen_transport","pollen",0,"active cacao","Understory","regeneration early"
"OG46","Hymenoptera","Euglossa_flammea-chalybeata_gr","Bignonia_binata","pollen_transport","pollen",55,"old-growth forest","Understory","old-growth forest"
"OG52","Hymenoptera","Euglossa_laevicincta","Bignonia_binata","pollen_transport","pollen",55,"old-growth forest","Canopy","old-growth forest"
"OG39","Hymenoptera","Euglossa_allosticta","Bignoniaceae_spc","pollen_transport","pollen",55,"old-growth forest","Understory","old-growth forest"
"OG45","Hymenoptera","Euglossa_dodsoni","Bignoniaceae_spc","pollen_transport","pollen",55,"old-growth forest","Understory","old-growth forest"
"PR20","Hymenoptera","Euglossa_tridentata","Bignoniaceae_spc","pollen_transport","pollen",4,"pasture regeneration early","Understory","regeneration early"
"PR26","Hymenoptera","Euglossa_tridentata","Bignoniaceae_spc","pollen_transport","pollen",28,"pasture regeneration late","Understory","regeneration late"
"CR04","Hymenoptera","Euglossa_imperialis","Blakea_subconnata","pollen_transport","pollen",21,"cacao regeneration late","Understory","regeneration late"
"OG38","Hymenoptera","Eulaema_meriana","Blakea_subconnata","pollen_transport","pollen",55,"old-growth forest","Understory","old-growth forest"
"OG52","Hymenoptera","Euglossa_flammea-chalybeata_gr","Blakea_subconnata","pollen_transport","pollen",55,"old-growth forest","Canopy","old-growth forest"
"OG52","Hymenoptera","Euglossa_flammea-chalybeata_gr","Calathea_lutea","pollen_transport","pollen",55,"old-growth forest","Canopy","old-growth forest"
"PA56","Hymenoptera","Eulaema_meriana","Canavalia_oxyphylla","pollen_transport","pollen",0,"active pasture","Understory","regeneration early"
"PR26","Hymenoptera","Eulaema_cingulata","Caryophyllaceae_spc","pollen_transport","pollen",28,"pasture regeneration late","Understory","regeneration late"
"OG41","Hymenoptera","Eulaema_cingulata","Catasetum_expansum","pollen_transport","pollen",55,"old-growth forest","Canopy","old-growth forest"
"OG49","Hymenoptera","Euglossa_imperialis","Cavendishia_grandifolia","pollen_transport","pollen",55,"old-growth forest","Canopy","old-growth forest"
"OG41","Hymenoptera","Euglossa_tridentata","Cecropia_garciae","pollen_transport","pollen",55,"old-growth forest","Understory","old-growth forest"
"OG41","Hymenoptera","Euglossa_tridentata","Cecropia_insignis","pollen_transport","pollen",55,"old-growth forest","Understory","old-growth forest"
"OG45","Hymenoptera","Euglossa_flammea-chalybeata_gr","Cestrum_schlechtendalii","pollen_transport","pollen",55,"old-growth forest","Understory","old-growth forest"
"PR30","Hymenoptera","Euglossa_flammea-chalybeata_gr","Cestrum_schlechtendalii","pollen_transport","pollen",15,"pasture regeneration late","Understory","regeneration late"
"CA63","Hymenoptera","Eulaema_cingulata","Chromolaena_horminoides","pollen_transport","pollen",0,"active cacao","Understory","regeneration early"
"CR11","Hymenoptera","Eufriesea_chrysopyga","Chromolaena_horminoides","pollen_transport","pollen",23,"cacao regeneration late","Understory","regeneration late"
"OG41","Hymenoptera","Eulaema_cingulata","Chromolaena_horminoides","pollen_transport","pollen",55,"old-growth forest","Canopy","old-growth forest"
"CA63","Hymenoptera","Eulaema_cingulata","Chromolaena_laevigata","pollen_transport","pollen",0,"active cacao","Understory","regeneration early"
"OG52","Hymenoptera","Euglossa_flammea-chalybeata_gr","Clusia_rigida","pollen_transport","pollen",55,"old-growth forest","Canopy","old-growth forest"
"CR18","Hymenoptera","Euglossa_tridentata","Coryanthes_elegantium","pollen_transport","pollen",10,"cacao regeneration early","Understory","regeneration early"
"OG39","Hymenoptera","Euglossa_allosticta","Coryanthes_elegantium","pollen_transport","pollen",55,"old-growth forest","Understory","old-growth forest"
"OG41","Hymenoptera","Euglossa_tridentata","Coryanthes_elegantium","pollen_transport","pollen",55,"old-growth forest","Understory","old-growth forest"
"OG52","Hymenoptera","Euglossa_tridentata","Coryanthes_elegantium","pollen_transport","pollen",55,"old-growth forest","Canopy","old-growth forest"
"PR27","Hymenoptera","Eulaema_meriana","Coryanthes_elegantium","pollen_transport","pollen",27,"pasture regeneration late","Understory","regeneration late"
"OG39","Hymenoptera","Euglossa_laevicincta","Coryanthes_macrantha","pollen_transport","pollen",55,"old-growth forest","Understory","old-growth forest"
"OG46","Hymenoptera","Euglossa_imperialis","Coryanthes_macrantha","pollen_transport","pollen",55,"old-growth forest","Understory","old-growth forest"
"CR18","Hymenoptera","Euglossa_tridentata","Coryanthes_spc","pollen_transport","pollen",10,"cacao regeneration early","Understory","regeneration early"
"PA55","Hymenoptera","Eulaema_cingulata","Coussapoa_villosa","pollen_transport","pollen",0,"active pasture","Understory","regeneration early"
"PR30","Hymenoptera","Euglossa_flammea-chalybeata_gr","Dacryodes_cupularis","pollen_transport","pollen",15,"pasture regeneration late","Understory","regeneration late"
"CR13","Hymenoptera","Eulaema_cingulata","Dressleria_sp._BGM_11/1194","pollen_transport","pollen",1,"cacao regeneration early","Understory","regeneration early"
"CR14","Hymenoptera","Eulaema_cingulata","Dressleria_sp._BGM_11/1194","pollen_transport","pollen",38,"cacao regeneration late","Canopy","regeneration late"
"OG38","Hymenoptera","Euglossa_flammea-chalybeata_gr","Dressleria_sp._BGM_11/1194","pollen_transport","pollen",55,"old-growth forest","Understory","old-growth forest"
"OG49","Hymenoptera","Eulaema_cingulata","Dressleria_sp._BGM_11/1194","pollen_transport","pollen",55,"old-growth forest","Canopy","old-growth forest"
"PR31","Hymenoptera","Euglossa_flammea-chalybeata_gr","Dressleria_sp._BGM_11/1194","pollen_transport","pollen",16,"pasture regeneration late","Understory","regeneration late"
"PR33","Hymenoptera","Euglossa_tridentata","Dressleria_sp._BGM_11/1194","pollen_transport","pollen",1,"pasture regeneration early","Understory","regeneration early"
"CR01","Hymenoptera","Euglossa_gorgonensis","Drymonia_aciculata","pollen_transport","pollen",6,"cacao regeneration early","Understory","regeneration early"
"OG46","Hymenoptera","Euglossa_gorgonensis","Drymonia_aciculata","pollen_transport","pollen",55,"old-growth forest","Understory","old-growth forest"
"PR24","Hymenoptera","Euglossa_gorgonensis","Drymonia_aciculata","pollen_transport","pollen",21,"pasture regeneration late","Understory","regeneration late"
"CR06","Hymenoptera","Euglossa_asarophora","Drymonia_alloplectoides","pollen_transport","pollen",33,"cacao regeneration late","Understory","regeneration late"
"CR07","Hymenoptera","Euglossa_tridentata","Drymonia_alloplectoides","pollen_transport","pollen",23,"cacao regeneration late","Understory","regeneration late"
"CR13","Hymenoptera","Eulaema_flavescens","Drymonia_alloplectoides","pollen_transport","pollen",1,"cacao regeneration early","Understory","regeneration early"
"OG39","Hymenoptera","Euglossa_imperialis","Drymonia_alloplectoides","pollen_transport","pollen",55,"old-growth forest","Understory","old-growth forest"
"OG39","Hymenoptera","Eulaema_meriana","Drymonia_alloplectoides","pollen_transport","pollen",55,"old-growth forest","Understory","old-growth forest"
"OG45","Hymenoptera","Euglossa_heterosticta","Drymonia_alloplectoides","pollen_transport","pollen",55,"old-growth forest","Understory","old-growth forest"
"PR26","Hymenoptera","Eulaema_meriana","Drymonia_alloplectoides","pollen_transport","pollen",28,"pasture regeneration late","Understory","regeneration late"
"PR27","Hymenoptera","Eulaema_meriana","Drymonia_alloplectoides","pollen_transport","pollen",27,"pasture regeneration late","Understory","regeneration late"
"PR24","Hymenoptera","Euglossa_gorgonensis","Drymonia_macrophylla","pollen_transport","pollen",21,"pasture regeneration late","Understory","regeneration late"
"OG45","Hymenoptera","Euglossa_heterosticta","Drymonia_serrulata","pollen_transport","pollen",55,"old-growth forest","Understory","old-growth forest"
"PR29","Hymenoptera","Euglossa_tridentata","Drymonia_serrulata","pollen_transport","pollen",6,"pasture regeneration early","Understory","regeneration early"
"CR04","Hymenoptera","Euglossa_imperialis","Exarata_chocoensis","pollen_transport","pollen",21,"cacao regeneration late","Understory","regeneration late"
"OG38","Hymenoptera","Eulaema_meriana","Exarata_chocoensis","pollen_transport","pollen",55,"old-growth forest","Understory","old-growth forest"
"OG41","Hymenoptera","Eufriesea_chrysopyga","Exarata_chocoensis","pollen_transport","pollen",55,"old-growth forest","Understory","old-growth forest"
"OG41","Hymenoptera","Euglossa_tridentata","Exarata_chocoensis","pollen_transport","pollen",55,"old-growth forest","Understory","old-growth forest"
"OG49","Hymenoptera","Euglossa_deceptrix","Exarata_chocoensis","pollen_transport","pollen",55,"old-growth forest","Understory","old-growth forest"
"OG49","Hymenoptera","Euglossa_tridentata","Exarata_chocoensis","pollen_transport","pollen",55,"old-growth forest","Understory","old-growth forest"
"PR20","Hymenoptera","Euglossa_tridentata","Exarata_chocoensis","pollen_transport","pollen",4,"pasture regeneration early","Understory","regeneration early"
"PR24","Hymenoptera","Euglossa_hansoni","Exarata_chocoensis","pollen_transport","pollen",21,"pasture regeneration late","Understory","regeneration late"
"PR24","Hymenoptera","Euglossa_tridentata","Exarata_chocoensis","pollen_transport","pollen",21,"pasture regeneration late","Understory","regeneration late"
"OG28","Hymenoptera","Euglossa_tridentata","Exarata_chocoensis","pollen_transport","pollen",55,"old-growth forest","Understory","old-growth forest"
"PR36","Hymenoptera","Euglossa_allosticta","Exarata_chocoensis","pollen_transport","pollen",9,"pasture regeneration early","Understory","regeneration early"
"CA63","Hymenoptera","Eulaema_cingulata","Fleischmannia_pycnocephala","pollen_transport","pollen",0,"active cacao","Understory","regeneration early"
"CA61","Hymenoptera","Euglossa_tridentata","Gongora_armeniaca","pollen_transport","pollen",0,"active cacao","Understory","regeneration early"
"CA63","Hymenoptera","Exaerete_smaragdina","Gongora_armeniaca","pollen_transport","pollen",0,"active cacao","Understory","regeneration early"
"CR03","Hymenoptera","Euglossa_tridentata","Gongora_armeniaca","pollen_transport","pollen",5,"cacao regeneration early","Understory","regeneration early"
"CR05","Hymenoptera","Exaerete_smaragdina","Gongora_armeniaca","pollen_transport","pollen",12,"cacao regeneration early","Understory","regeneration early"
"CR06","Hymenoptera","Eufriesea_chrysopyga","Gongora_armeniaca","pollen_transport","pollen",33,"cacao regeneration late","Understory","regeneration late"
"CR06","Hymenoptera","Euglossa_tridentata","Gongora_armeniaca","pollen_transport","pollen",33,"cacao regeneration late","Understory","regeneration late"
"CR08","Hymenoptera","Euglossa_asarophora","Gongora_armeniaca","pollen_transport","pollen",27,"cacao regeneration late","Understory","regeneration late"
"CR09","Hymenoptera","Euglossa_flammea-chalybeata_gr","Gongora_armeniaca","pollen_transport","pollen",6,"cacao regeneration early","Understory","regeneration early"
"CR09","Hymenoptera","Euglossa_tridentata","Gongora_armeniaca","pollen_transport","pollen",6,"cacao regeneration early","Understory","regeneration early"
"CR09","Hymenoptera","Exaerete_smaragdina","Gongora_armeniaca","pollen_transport","pollen",6,"cacao regeneration early","Understory","regeneration early"
"CR13","Hymenoptera","Eufriesea_chrysopyga","Gongora_armeniaca","pollen_transport","pollen",1,"cacao regeneration early","Understory","regeneration early"
"CR13","Hymenoptera","Exaerete_smaragdina","Gongora_armeniaca","pollen_transport","pollen",1,"cacao regeneration early","Understory","regeneration early"
"CR14","Hymenoptera","Euglossa_flammea-chalybeata_gr","Gongora_armeniaca","pollen_transport","pollen",38,"cacao regeneration late","Understory","regeneration late"
"OG37","Hymenoptera","Euglossa_tridentata","Gongora_armeniaca","pollen_transport","pollen",55,"old-growth forest","Canopy","old-growth forest"
"OG38","Hymenoptera","Euglossa_flammea-chalybeata_gr","Gongora_armeniaca","pollen_transport","pollen",55,"old-growth forest","Canopy","old-growth forest"
"OG39","Hymenoptera","Eufriesea_chrysopyga","Gongora_armeniaca","pollen_transport","pollen",55,"old-growth forest","Understory","old-growth forest"
"OG39","Hymenoptera","Euglossa_asarophora","Gongora_armeniaca","pollen_transport","pollen",55,"old-growth forest","Understory","old-growth forest"
"OG39","Hymenoptera","Euglossa_flammea-chalybeata_gr","Gongora_armeniaca","pollen_transport","pollen",55,"old-growth forest","Understory","old-growth forest"
"OG41","Hymenoptera","Eufriesea_chrysopyga","Gongora_armeniaca","pollen_transport","pollen",55,"old-growth forest","Understory","old-growth forest"
"OG41","Hymenoptera","Euglossa_flammea-chalybeata_gr","Gongora_armeniaca","pollen_transport","pollen",55,"old-growth forest","Understory","old-growth forest"
"OG43","Hymenoptera","Euglossa_asarophora","Gongora_armeniaca","pollen_transport","pollen",55,"old-growth forest","Understory","old-growth forest"
"OG43","Hymenoptera","Euglossa_dodsoni","Gongora_armeniaca","pollen_transport","pollen",55,"old-growth forest","Understory","old-growth forest"
"OG43","Hymenoptera","Euglossa_flammea-chalybeata_gr","Gongora_armeniaca","pollen_transport","pollen",55,"old-growth forest","Understory","old-growth forest"
"OG43","Hymenoptera","Euglossa_tridentata","Gongora_armeniaca","pollen_transport","pollen",55,"old-growth forest","Canopy","old-growth forest"
"OG45","Hymenoptera","Eufriesea_chrysopyga","Gongora_armeniaca","pollen_transport","pollen",55,"old-growth forest","Understory","old-growth forest"
"OG45","Hymenoptera","Eufriesea_lucida","Gongora_armeniaca","pollen_transport","pollen",55,"old-growth forest","Understory","old-growth forest"
"OG45","Hymenoptera","Euglossa_tridentata","Gongora_armeniaca","pollen_transport","pollen",55,"old-growth forest","Understory","old-growth forest"
"OG46","Hymenoptera","Eufriesea_chrysopyga","Gongora_armeniaca","pollen_transport","pollen",55,"old-growth forest","Understory","old-growth forest"
"OG46","Hymenoptera","Eufriesea_lucida","Gongora_armeniaca","pollen_transport","pollen",55,"old-growth forest","Understory","old-growth forest"
"OG48","Hymenoptera","Euglossa_asarophora","Gongora_armeniaca","pollen_transport","pollen",55,"old-growth forest","Understory","old-growth forest"
"OG50","Hymenoptera","Euglossa_asarophora","Gongora_armeniaca","pollen_transport","pollen",55,"old-growth forest","Understory","old-growth forest"
"OG50","Hymenoptera","Euglossa_tridentata","Gongora_armeniaca","pollen_transport","pollen",55,"old-growth forest","Canopy","old-growth forest"
"PA58","Hymenoptera","Euglossa_tridentata","Gongora_armeniaca","pollen_transport","pollen",0,"active pasture","Understory","regeneration early"
"PR26","Hymenoptera","Eufriesea_chrysopyga","Gongora_armeniaca","pollen_transport","pollen",28,"pasture regeneration late","Understory","regeneration late"
"PR27","Hymenoptera","Euglossa_asarophora","Gongora_armeniaca","pollen_transport","pollen",27,"pasture regeneration late","Understory","regeneration late"
"PR27","Hymenoptera","Euglossa_tridentata","Gongora_armeniaca","pollen_transport","pollen",27,"pasture regeneration late","Understory","regeneration late"
"OG28","Hymenoptera","Euglossa_tridentata","Gongora_armeniaca","pollen_transport","pollen",55,"old-growth forest","Understory","old-growth forest"
"PR30","Hymenoptera","Euglossa_asarophora","Gongora_armeniaca","pollen_transport","pollen",15,"pasture regeneration late","Understory","regeneration late"
"PR31","Hymenoptera","Euglossa_asarophora","Gongora_armeniaca","pollen_transport","pollen",16,"pasture regeneration late","Understory","regeneration late"
"PR31","Hymenoptera","Exaerete_smaragdina","Gongora_armeniaca","pollen_transport","pollen",16,"pasture regeneration late","Understory","regeneration late"
"CA61","Hymenoptera","Euglossa_tridentata","Gongora_gratulabunda","pollen_transport","pollen",0,"active cacao","Understory","regeneration early"
"CA63","Hymenoptera","Exaerete_smaragdina","Gongora_gratulabunda","pollen_transport","pollen",0,"active cacao","Understory","regeneration early"
"CR03","Hymenoptera","Euglossa_tridentata","Gongora_gratulabunda","pollen_transport","pollen",5,"cacao regeneration early","Understory","regeneration early"
"CR05","Hymenoptera","Exaerete_smaragdina","Gongora_gratulabunda","pollen_transport","pollen",12,"cacao regeneration early","Understory","regeneration early"
"CR06","Hymenoptera","Eufriesea_chrysopyga","Gongora_gratulabunda","pollen_transport","pollen",33,"cacao regeneration late","Understory","regeneration late"
"CR08","Hymenoptera","Euglossa_asarophora","Gongora_gratulabunda","pollen_transport","pollen",27,"cacao regeneration late","Understory","regeneration late"
"CR09","Hymenoptera","Euglossa_flammea-chalybeata_gr","Gongora_gratulabunda","pollen_transport","pollen",6,"cacao regeneration early","Understory","regeneration early"
"CR13","Hymenoptera","Eufriesea_chrysopyga","Gongora_gratulabunda","pollen_transport","pollen",1,"cacao regeneration early","Understory","regeneration early"
"CR13","Hymenoptera","Exaerete_smaragdina","Gongora_gratulabunda","pollen_transport","pollen",1,"cacao regeneration early","Understory","regeneration early"
"CR14","Hymenoptera","Euglossa_flammea-chalybeata_gr","Gongora_gratulabunda","pollen_transport","pollen",38,"cacao regeneration late","Understory","regeneration late"
"OG37","Hymenoptera","Euglossa_tridentata","Gongora_gratulabunda","pollen_transport","pollen",55,"old-growth forest","Canopy","old-growth forest"
"OG38","Hymenoptera","Euglossa_flammea-chalybeata_gr","Gongora_gratulabunda","pollen_transport","pollen",55,"old-growth forest","Canopy","old-growth forest"
"OG39","Hymenoptera","Euglossa_flammea-chalybeata_gr","Gongora_gratulabunda","pollen_transport","pollen",55,"old-growth forest","Understory","old-growth forest"
"OG41","Hymenoptera","Euglossa_flammea-chalybeata_gr","Gongora_gratulabunda","pollen_transport","pollen",55,"old-growth forest","Understory","old-growth forest"
"OG43","Hymenoptera","Euglossa_asarophora","Gongora_gratulabunda","pollen_transport","pollen",55,"old-growth forest","Understory","old-growth forest"
"OG43","Hymenoptera","Euglossa_dodsoni","Gongora_gratulabunda","pollen_transport","pollen",55,"old-growth forest","Understory","old-growth forest"
"OG43","Hymenoptera","Euglossa_flammea-chalybeata_gr","Gongora_gratulabunda","pollen_transport","pollen",55,"old-growth forest","Understory","old-growth forest"
"OG43","Hymenoptera","Euglossa_tridentata","Gongora_gratulabunda","pollen_transport","pollen",55,"old-growth forest","Canopy","old-growth forest"
"OG44","Hymenoptera","Euglossa_asarophora","Gongora_gratulabunda","pollen_transport","pollen",55,"old-growth forest","Understory","old-growth forest"
"OG45","Hymenoptera","Eufriesea_chrysopyga","Gongora_gratulabunda","pollen_transport","pollen",55,"old-growth forest","Understory","old-growth forest"
"OG46","Hymenoptera","Eufriesea_chrysopyga","Gongora_gratulabunda","pollen_transport","pollen",55,"old-growth forest","Understory","old-growth forest"
"OG46","Hymenoptera","Eufriesea_lucida","Gongora_gratulabunda","pollen_transport","pollen",55,"old-growth forest","Understory","old-growth forest"
"OG48","Hymenoptera","Euglossa_asarophora","Gongora_gratulabunda","pollen_transport","pollen",55,"old-growth forest","Understory","old-growth forest"
"OG50","Hymenoptera","Euglossa_asarophora","Gongora_gratulabunda","pollen_transport","pollen",55,"old-growth forest","Understory","old-growth forest"
"OG50","Hymenoptera","Euglossa_tridentata","Gongora_gratulabunda","pollen_transport","pollen",55,"old-growth forest","Canopy","old-growth forest"
"PA58","Hymenoptera","Euglossa_tridentata","Gongora_gratulabunda","pollen_transport","pollen",0,"active pasture","Understory","regeneration early"
"PR27","Hymenoptera","Euglossa_asarophora","Gongora_gratulabunda","pollen_transport","pollen",27,"pasture regeneration late","Understory","regeneration late"
"PR27","Hymenoptera","Euglossa_tridentata","Gongora_gratulabunda","pollen_transport","pollen",27,"pasture regeneration late","Understory","regeneration late"
"PR30","Hymenoptera","Euglossa_asarophora","Gongora_gratulabunda","pollen_transport","pollen",15,"pasture regeneration late","Understory","regeneration late"
"PR31","Hymenoptera","Euglossa_asarophora","Gongora_gratulabunda","pollen_transport","pollen",16,"pasture regeneration late","Understory","regeneration late"
"PR31","Hymenoptera","Exaerete_smaragdina","Gongora_gratulabunda","pollen_transport","pollen",16,"pasture regeneration late","Understory","regeneration late"
"CA61","Hymenoptera","Euglossa_tridentata","Gongora_spc","pollen_transport","pollen",0,"active cacao","Understory","regeneration early"
"CR03","Hymenoptera","Euglossa_tridentata","Gongora_spc","pollen_transport","pollen",5,"cacao regeneration early","Understory","regeneration early"
"CR05","Hymenoptera","Exaerete_smaragdina","Gongora_spc","pollen_transport","pollen",12,"cacao regeneration early","Understory","regeneration early"
"CR08","Hymenoptera","Euglossa_asarophora","Gongora_spc","pollen_transport","pollen",27,"cacao regeneration late","Understory","regeneration late"
"CR09","Hymenoptera","Euglossa_flammea-chalybeata_gr","Gongora_spc","pollen_transport","pollen",6,"cacao regeneration early","Understory","regeneration early"
"CR09","Hymenoptera","Exaerete_smaragdina","Gongora_spc","pollen_transport","pollen",6,"cacao regeneration early","Understory","regeneration early"
"CR13","Hymenoptera","Eufriesea_chrysopyga","Gongora_spc","pollen_transport","pollen",1,"cacao regeneration early","Understory","regeneration early"
"CR13","Hymenoptera","Exaerete_smaragdina","Gongora_spc","pollen_transport","pollen",1,"cacao regeneration early","Understory","regeneration early"
"CR14","Hymenoptera","Euglossa_flammea-chalybeata_gr","Gongora_spc","pollen_transport","pollen",38,"cacao regeneration late","Understory","regeneration late"
"OG37","Hymenoptera","Euglossa_tridentata","Gongora_spc","pollen_transport","pollen",55,"old-growth forest","Canopy","old-growth forest"
"OG38","Hymenoptera","Euglossa_flammea-chalybeata_gr","Gongora_spc","pollen_transport","pollen",55,"old-growth forest","Understory","old-growth forest"
"OG39","Hymenoptera","Eufriesea_chrysopyga","Gongora_spc","pollen_transport","pollen",55,"old-growth forest","Understory","old-growth forest"
"OG39","Hymenoptera","Euglossa_asarophora","Gongora_spc","pollen_transport","pollen",55,"old-growth forest","Understory","old-growth forest"
"OG41","Hymenoptera","Euglossa_flammea-chalybeata_gr","Gongora_spc","pollen_transport","pollen",55,"old-growth forest","Understory","old-growth forest"
"OG43","Hymenoptera","Euglossa_asarophora","Gongora_spc","pollen_transport","pollen",55,"old-growth forest","Understory","old-growth forest"
"OG43","Hymenoptera","Euglossa_dodsoni","Gongora_spc","pollen_transport","pollen",55,"old-growth forest","Understory","old-growth forest"
"OG43","Hymenoptera","Euglossa_flammea-chalybeata_gr","Gongora_spc","pollen_transport","pollen",55,"old-growth forest","Understory","old-growth forest"
"OG43","Hymenoptera","Euglossa_tridentata","Gongora_spc","pollen_transport","pollen",55,"old-growth forest","Canopy","old-growth forest"
"OG46","Hymenoptera","Eufriesea_chrysopyga","Gongora_spc","pollen_transport","pollen",55,"old-growth forest","Understory","old-growth forest"
"OG48","Hymenoptera","Euglossa_asarophora","Gongora_spc","pollen_transport","pollen",55,"old-growth forest","Understory","old-growth forest"
"OG50","Hymenoptera","Euglossa_tridentata","Gongora_spc","pollen_transport","pollen",55,"old-growth forest","Canopy","old-growth forest"
"PA58","Hymenoptera","Euglossa_tridentata","Gongora_spc","pollen_transport","pollen",0,"active pasture","Understory","regeneration early"
"PR27","Hymenoptera","Euglossa_asarophora","Gongora_spc","pollen_transport","pollen",27,"pasture regeneration late","Understory","regeneration late"
"PR27","Hymenoptera","Euglossa_tridentata","Gongora_spc","pollen_transport","pollen",27,"pasture regeneration late","Understory","regeneration late"
"PR30","Hymenoptera","Euglossa_asarophora","Gongora_spc","pollen_transport","pollen",15,"pasture regeneration late","Understory","regeneration late"
"PR31","Hymenoptera","Euglossa_asarophora","Gongora_spc","pollen_transport","pollen",16,"pasture regeneration late","Understory","regeneration late"
"PR31","Hymenoptera","Exaerete_smaragdina","Gongora_spc","pollen_transport","pollen",16,"pasture regeneration late","Understory","regeneration late"
"CA61","Hymenoptera","Euglossa_tridentata","Gongora_sphaerica","pollen_transport","pollen",0,"active cacao","Understory","regeneration early"
"CA63","Hymenoptera","Exaerete_smaragdina","Gongora_sphaerica","pollen_transport","pollen",0,"active cacao","Understory","regeneration early"
"CR03","Hymenoptera","Euglossa_tridentata","Gongora_sphaerica","pollen_transport","pollen",5,"cacao regeneration early","Understory","regeneration early"
"CR05","Hymenoptera","Exaerete_smaragdina","Gongora_sphaerica","pollen_transport","pollen",12,"cacao regeneration early","Understory","regeneration early"
"CR06","Hymenoptera","Eufriesea_chrysopyga","Gongora_sphaerica","pollen_transport","pollen",33,"cacao regeneration late","Understory","regeneration late"
"CR08","Hymenoptera","Euglossa_asarophora","Gongora_sphaerica","pollen_transport","pollen",27,"cacao regeneration late","Understory","regeneration late"
"CR09","Hymenoptera","Euglossa_flammea-chalybeata_gr","Gongora_sphaerica","pollen_transport","pollen",6,"cacao regeneration early","Understory","regeneration early"
"CR13","Hymenoptera","Eufriesea_chrysopyga","Gongora_sphaerica","pollen_transport","pollen",1,"cacao regeneration early","Understory","regeneration early"
"CR13","Hymenoptera","Exaerete_smaragdina","Gongora_sphaerica","pollen_transport","pollen",1,"cacao regeneration early","Understory","regeneration early"
"CR14","Hymenoptera","Euglossa_flammea-chalybeata_gr","Gongora_sphaerica","pollen_transport","pollen",38,"cacao regeneration late","Understory","regeneration late"
"OG37","Hymenoptera","Euglossa_tridentata","Gongora_sphaerica","pollen_transport","pollen",55,"old-growth forest","Canopy","old-growth forest"
"OG38","Hymenoptera","Euglossa_flammea-chalybeata_gr","Gongora_sphaerica","pollen_transport","pollen",55,"old-growth forest","Canopy","old-growth forest"
"OG41","Hymenoptera","Euglossa_flammea-chalybeata_gr","Gongora_sphaerica","pollen_transport","pollen",55,"old-growth forest","Understory","old-growth forest"
"OG43","Hymenoptera","Euglossa_asarophora","Gongora_sphaerica","pollen_transport","pollen",55,"old-growth forest","Understory","old-growth forest"
"OG43","Hymenoptera","Euglossa_dodsoni","Gongora_sphaerica","pollen_transport","pollen",55,"old-growth forest","Understory","old-growth forest"
"OG43","Hymenoptera","Euglossa_flammea-chalybeata_gr","Gongora_sphaerica","pollen_transport","pollen",55,"old-growth forest","Understory","old-growth forest"
"OG43","Hymenoptera","Euglossa_tridentata","Gongora_sphaerica","pollen_transport","pollen",55,"old-growth forest","Canopy","old-growth forest"
"OG46","Hymenoptera","Eufriesea_chrysopyga","Gongora_sphaerica","pollen_transport","pollen",55,"old-growth forest","Understory","old-growth forest"
"OG46","Hymenoptera","Eufriesea_lucida","Gongora_sphaerica","pollen_transport","pollen",55,"old-growth forest","Understory","old-growth forest"
"OG48","Hymenoptera","Euglossa_asarophora","Gongora_sphaerica","pollen_transport","pollen",55,"old-growth forest","Understory","old-growth forest"
"OG50","Hymenoptera","Euglossa_asarophora","Gongora_sphaerica","pollen_transport","pollen",55,"old-growth forest","Understory","old-growth forest"
"OG50","Hymenoptera","Euglossa_tridentata","Gongora_sphaerica","pollen_transport","pollen",55,"old-growth forest","Canopy","old-growth forest"
"PA58","Hymenoptera","Euglossa_tridentata","Gongora_sphaerica","pollen_transport","pollen",0,"active pasture","Understory","regeneration early"
"PR27","Hymenoptera","Euglossa_asarophora","Gongora_sphaerica","pollen_transport","pollen",27,"pasture regeneration late","Understory","regeneration late"
"PR27","Hymenoptera","Euglossa_tridentata","Gongora_sphaerica","pollen_transport","pollen",27,"pasture regeneration late","Understory","regeneration late"
"PR30","Hymenoptera","Euglossa_asarophora","Gongora_sphaerica","pollen_transport","pollen",15,"pasture regeneration late","Understory","regeneration late"
"PR31","Hymenoptera","Euglossa_asarophora","Gongora_sphaerica","pollen_transport","pollen",16,"pasture regeneration late","Understory","regeneration late"
"PR31","Hymenoptera","Exaerete_smaragdina","Gongora_sphaerica","pollen_transport","pollen",16,"pasture regeneration late","Understory","regeneration late"
"OG38","Hymenoptera","Eulaema_cingulata","Guarea_guentheri","pollen_transport","pollen",55,"old-growth forest","Understory","old-growth forest"
"OG41","Hymenoptera","Euglossa_tridentata","Guarea_guentheri","pollen_transport","pollen",55,"old-growth forest","Canopy","old-growth forest"
"OG46","Hymenoptera","Exaerete_smaragdina","Guarea_guentheri","pollen_transport","pollen",55,"old-growth forest","Understory","old-growth forest"
"OG38","Hymenoptera","Eulaema_cingulata","Hieronyma_alchorneoides","pollen_transport","pollen",55,"old-growth forest","Understory","old-growth forest"
"OG46","Hymenoptera","Exaerete_smaragdina","Hieronyma_alchorneoides","pollen_transport","pollen",55,"old-growth forest","Understory","old-growth forest"
"OG41","Hymenoptera","Eulaema_meriana","Huntleya_wallisii","pollen_transport","pollen",55,"old-growth forest","Understory","old-growth forest"
"PR21","Hymenoptera","Euglossa_imperialis","Kefersteinia_maculosa","pollen_transport","pollen",36,"pasture regeneration late","Understory","regeneration late"
"OG45","Hymenoptera","Euglossa_dodsoni","Lamiales_spc","pollen_transport","pollen",55,"old-growth forest","Understory","old-growth forest"
"OG41","Hymenoptera","Eulaema_cingulata","Lantana_camara","pollen_transport","pollen",55,"old-growth forest","Canopy","old-growth forest"
"CR14","Hymenoptera","Eulaema_cingulata","Magnoliopsida_spc","pollen_transport","pollen",38,"cacao regeneration late","Canopy","regeneration late"
"OG45","Hymenoptera","Euglossa_allosticta","Magnoliopsida_spc","pollen_transport","pollen",55,"old-growth forest","Understory","old-growth forest"
"PA55","Hymenoptera","Eulaema_cingulata","Magnoliopsida_spc","pollen_transport","pollen",0,"active pasture","Understory","regeneration early"
"OG52","Hymenoptera","Eulaema_sp-female","Mandevilla_spc","pollen_transport","pollen",55,"old-growth forest","Understory","old-growth forest"
"OG39","Hymenoptera","Euglossa_allosticta","Meliosma_herbertii","pollen_transport","pollen",55,"old-growth forest","Understory","old-growth forest"
"PA56","Hymenoptera","Euglossa_allosticta","Miconia_multiplicata","pollen_transport","pollen",0,"active pasture","Understory","regeneration early"
"CR11","Hymenoptera","Eufriesea_chrysopyga","Miconia_sp.1","pollen_transport","pollen",23,"cacao regeneration late","Understory","regeneration late"
"OG42","Hymenoptera","Eulaema_meriana","Miconia_sp.1","pollen_transport","pollen",55,"old-growth forest","Understory","old-growth forest"
"OG45","Hymenoptera","Eufriesea_chrysopyga","Miconia_sp.1","pollen_transport","pollen",55,"old-growth forest","Understory","old-growth forest"
"OG45","Hymenoptera","Eufriesea_lucida","Miconia_sp.1","pollen_transport","pollen",55,"old-growth forest","Understory","old-growth forest"
"PA53","Hymenoptera","Euglossa_hansoni","Miconia_sp.1","pollen_transport","pollen",0,"active pasture","Understory","regeneration early"
"PR24","Hymenoptera","Euglossa_gorgonensis","Mormodes_punctata","pollen_transport","pollen",21,"pasture regeneration late","Understory","regeneration late"
"OG41","Hymenoptera","Eufriesea_chrysopyga","Myrcia_aliena","pollen_transport","pollen",55,"old-growth forest","Understory","old-growth forest"
"PR26","Hymenoptera","Euglossa_tridentata","Myrcia_aliena","pollen_transport","pollen",28,"pasture regeneration late","Understory","regeneration late"
"CA62","Hymenoptera","Euglossa_deceptrix","Orchidaceae_spc","pollen_transport","pollen",0,"active cacao","Understory","regeneration early"
"CA62","Hymenoptera","Euglossa_tridentata","Orchidaceae_spc","pollen_transport","pollen",0,"active cacao","Understory","regeneration early"
"CR06","Hymenoptera","Euglossa_tridentata","Orchidaceae_spc","pollen_transport","pollen",33,"cacao regeneration late","Understory","regeneration late"
"CR09","Hymenoptera","Euglossa_tridentata","Orchidaceae_spc","pollen_transport","pollen",6,"cacao regeneration early","Understory","regeneration early"
"CR10","Hymenoptera","Euglossa_tridentata","Orchidaceae_spc","pollen_transport","pollen",24,"cacao regeneration late","Understory","regeneration late"
"CR13","Hymenoptera","Euglossa_deceptrix","Orchidaceae_spc","pollen_transport","pollen",1,"cacao regeneration early","Understory","regeneration early"
"OG37","Hymenoptera","Euglossa_flammea-chalybeata_gr","Orchidaceae_spc","pollen_transport","pollen",55,"old-growth forest","Canopy","old-growth forest"
"OG39","Hymenoptera","Euglossa_chlorina","Orchidaceae_spc","pollen_transport","pollen",55,"old-growth forest","Canopy","old-growth forest"
"OG39","Hymenoptera","Euglossa_laevicincta","Orchidaceae_spc","pollen_transport","pollen",55,"old-growth forest","Understory","old-growth forest"
"OG39","Hymenoptera","Euglossa_tridentata","Orchidaceae_spc","pollen_transport","pollen",55,"old-growth forest","Canopy","old-growth forest"
"OG41","Hymenoptera","Euglossa_tridentata","Orchidaceae_spc","pollen_transport","pollen",55,"old-growth forest","Understory","old-growth forest"
"OG42","Hymenoptera","Euglossa_allosticta","Orchidaceae_spc","pollen_transport","pollen",55,"old-growth forest","Understory","old-growth forest"
"OG42","Hymenoptera","Euglossa_deceptrix","Orchidaceae_spc","pollen_transport","pollen",55,"old-growth forest","Canopy","old-growth forest"
"OG45","Hymenoptera","Euglossa_tridentata","Orchidaceae_spc","pollen_transport","pollen",55,"old-growth forest","Understory","old-growth forest"
"OG46","Hymenoptera","Euglossa_flammea-chalybeata_gr","Orchidaceae_spc","pollen_transport","pollen",55,"old-growth forest","Understory","old-growth forest"
"OG46","Hymenoptera","Euglossa_tridentata","Orchidaceae_spc","pollen_transport","pollen",55,"old-growth forest","Understory","old-growth forest"
"OG47","Hymenoptera","Euglossa_townsendi","Orchidaceae_spc","pollen_transport","pollen",55,"old-growth forest","Canopy","old-growth forest"
"OG49","Hymenoptera","Euglossa_deceptrix","Orchidaceae_spc","pollen_transport","pollen",55,"old-growth forest","Understory","old-growth forest"
"OG49","Hymenoptera","Euglossa_flammea-chalybeata_gr","Orchidaceae_spc","pollen_transport","pollen",55,"old-growth forest","Understory","old-growth forest"
"OG49","Hymenoptera","Euglossa_tridentata","Orchidaceae_spc","pollen_transport","pollen",55,"old-growth forest","Understory","old-growth forest"
"OG52","Hymenoptera","Euglossa_allosticta","Orchidaceae_spc","pollen_transport","pollen",55,"old-growth forest","Canopy","old-growth forest"
"PA54","Hymenoptera","Eulaema_cingulata","Orchidaceae_spc","pollen_transport","pollen",0,"active pasture","Understory","regeneration early"
"PA56","Hymenoptera","Euglossa_tridentata","Orchidaceae_spc","pollen_transport","pollen",0,"active pasture","Understory","regeneration early"
"PA57","Hymenoptera","Euglossa_flammea-chalybeata_gr","Orchidaceae_spc","pollen_transport","pollen",0,"active pasture","Understory","regeneration early"
"PR21","Hymenoptera","Euglossa_flammea-chalybeata_gr","Orchidaceae_spc","pollen_transport","pollen",36,"pasture regeneration late","Understory","regeneration late"
"PR22","Hymenoptera","Euglossa_allosticta","Orchidaceae_spc","pollen_transport","pollen",12,"pasture regeneration early","Understory","regeneration early"
"PR22","Hymenoptera","Euglossa_heterosticta","Orchidaceae_spc","pollen_transport","pollen",12,"pasture regeneration early","Understory","regeneration early"
"PR26","Hymenoptera","Euglossa_igniventris-dissimula_gr","Orchidaceae_spc","pollen_transport","pollen",28,"pasture regeneration late","Understory","regeneration late"
"PR26","Hymenoptera","Euglossa_tridentata","Orchidaceae_spc","pollen_transport","pollen",28,"pasture regeneration late","Understory","regeneration late"
"PR30","Hymenoptera","Euglossa_despecta","Orchidaceae_spc","pollen_transport","pollen",15,"pasture regeneration late","Understory","regeneration late"
"PR31","Hymenoptera","Euglossa_flammea-chalybeata_gr","Orchidaceae_spc","pollen_transport","pollen",16,"pasture regeneration late","Understory","regeneration late"
"PR31","Hymenoptera","Euglossa_tridentata","Orchidaceae_spc","pollen_transport","pollen",16,"pasture regeneration late","Understory","regeneration late"
"PR33","Hymenoptera","Euglossa_tridentata","Orchidaceae_spc","pollen_transport","pollen",1,"pasture regeneration early","Understory","regeneration early"
"PR36","Hymenoptera","Euglossa_allosticta","Orchidaceae_spc","pollen_transport","pollen",9,"pasture regeneration early","Understory","regeneration early"
"OG46","Hymenoptera","Exaerete_smaragdina","Parkia_multijuga","pollen_transport","pollen",55,"old-growth forest","Understory","old-growth forest"
"CA60","Hymenoptera","Euglossa_flammea-chalybeata_gr","Paullinia_clathrata","pollen_transport","pollen",0,"active cacao","Understory","regeneration early"
"CA63","Hymenoptera","Eulaema_meriana","Paullinia_clathrata","pollen_transport","pollen",0,"active cacao","Understory","regeneration early"
"CR03","Hymenoptera","Euglossa_tridentata","Paullinia_clathrata","pollen_transport","pollen",5,"cacao regeneration early","Understory","regeneration early"
"CR09","Hymenoptera","Eulaema_meriana","Paullinia_clathrata","pollen_transport","pollen",6,"cacao regeneration early","Understory","regeneration early"
"CR12","Hymenoptera","Euglossa_deceptrix","Paullinia_clathrata","pollen_transport","pollen",15,"cacao regeneration late","Understory","regeneration late"
"OG41","Hymenoptera","Euglossa_tridentata","Paullinia_clathrata","pollen_transport","pollen",55,"old-growth forest","Canopy","old-growth forest"
"OG42","Hymenoptera","Eulaema_bombiformis","Paullinia_clathrata","pollen_transport","pollen",55,"old-growth forest","Understory","old-growth forest"
"OG43","Hymenoptera","Euglossa_flammea-chalybeata_gr","Paullinia_clathrata","pollen_transport","pollen",55,"old-growth forest","Understory","old-growth forest"
"OG43","Hymenoptera","Euglossa_laevicincta","Paullinia_clathrata","pollen_transport","pollen",55,"old-growth forest","Understory","old-growth forest"
"OG43","Hymenoptera","Euglossa_tridentata","Paullinia_clathrata","pollen_transport","pollen",55,"old-growth forest","Understory","old-growth forest"
"PR21","Hymenoptera","Eulaema_meriana","Paullinia_clathrata","pollen_transport","pollen",36,"pasture regeneration late","Understory","regeneration late"
"PR30","Hymenoptera","Euglossa_asarophora","Paullinia_clathrata","pollen_transport","pollen",15,"pasture regeneration late","Understory","regeneration late"
"PR34","Hymenoptera","Euglossa_dodsoni","Pilopogon_laevis","pollen_transport","pollen",38,"pasture regeneration late","Understory","regeneration late"
"PR30","Hymenoptera","Euglossa_flammea-chalybeata_gr","Piper_cavendishioides","pollen_transport","pollen",15,"pasture regeneration late","Understory","regeneration late"
"OG41","Hymenoptera","Euglossa_tridentata","Piper_flagellicuspe","pollen_transport","pollen",55,"old-growth forest","Understory","old-growth forest"
"OG49","Hymenoptera","Euglossa_laevicincta","Piper_hispidum","pollen_transport","pollen",55,"old-growth forest","Canopy","old-growth forest"
"PR26","Hymenoptera","Eulaema_cingulata","Piper_hispidum","pollen_transport","pollen",28,"pasture regeneration late","Understory","regeneration late"
"OG45","Hymenoptera","Euglossa_flammea-chalybeata_gr","Piper_ottoniifolium","pollen_transport","pollen",55,"old-growth forest","Understory","old-growth forest"
"OG45","Hymenoptera","Eulaema_meriana","Polycycnis_ornata","pollen_transport","pollen",55,"old-growth forest","Understory","old-growth forest"
"PR34","Hymenoptera","Euglossa_dodsoni","Polycycnis_ornata","pollen_transport","pollen",38,"pasture regeneration late","Understory","regeneration late"
"OG51","Hymenoptera","Euglossa_tridentata","Primulaceae_spc","pollen_transport","pollen",55,"old-growth forest","Understory","old-growth forest"
"PA53","Hymenoptera","Euglossa_hansoni","Saurauia_herthae","pollen_transport","pollen",0,"active pasture","Understory","regeneration early"
"PA53","Hymenoptera","Euglossa_hansoni","Sauvagesia_erecta","pollen_transport","pollen",0,"active pasture","Understory","regeneration early"
"CA63","Hymenoptera","Eulaema_bombiformis","Sida_acuta","pollen_transport","pollen",0,"active cacao","Understory","regeneration early"
"CA63","Hymenoptera","Eulaema_meriana","Sida_acuta","pollen_transport","pollen",0,"active cacao","Understory","regeneration early"
"CA60","Hymenoptera","Euglossa_flammea-chalybeata_gr","Sievekingia_rhonhofiae","pollen_transport","pollen",0,"active cacao","Understory","regeneration early"
"CA60","Hymenoptera","Euglossa_tridentata","Sievekingia_rhonhofiae","pollen_transport","pollen",0,"active cacao","Understory","regeneration early"
"CA62","Hymenoptera","Euglossa_deceptrix","Sievekingia_rhonhofiae","pollen_transport","pollen",0,"active cacao","Understory","regeneration early"
"CA62","Hymenoptera","Euglossa_tridentata","Sievekingia_rhonhofiae","pollen_transport","pollen",0,"active cacao","Understory","regeneration early"
"CR07","Hymenoptera","Euglossa_tridentata","Sievekingia_rhonhofiae","pollen_transport","pollen",23,"cacao regeneration late","Understory","regeneration late"
"CR08","Hymenoptera","Euglossa_tridentata","Sievekingia_rhonhofiae","pollen_transport","pollen",27,"cacao regeneration late","Understory","regeneration late"
"CR09","Hymenoptera","Euglossa_flammea-chalybeata_gr","Sievekingia_rhonhofiae","pollen_transport","pollen",6,"cacao regeneration early","Understory","regeneration early"
"CR09","Hymenoptera","Euglossa_tridentata","Sievekingia_rhonhofiae","pollen_transport","pollen",6,"cacao regeneration early","Understory","regeneration early"
"CR10","Hymenoptera","Euglossa_tridentata","Sievekingia_rhonhofiae","pollen_transport","pollen",24,"cacao regeneration late","Canopy","regeneration late"
"CR12","Hymenoptera","Euglossa_deceptrix","Sievekingia_rhonhofiae","pollen_transport","pollen",15,"cacao regeneration late","Understory","regeneration late"
"CR13","Hymenoptera","Euglossa_deceptrix","Sievekingia_rhonhofiae","pollen_transport","pollen",1,"cacao regeneration early","Understory","regeneration early"
"OG37","Hymenoptera","Euglossa_flammea-chalybeata_gr","Sievekingia_rhonhofiae","pollen_transport","pollen",55,"old-growth forest","Canopy","old-growth forest"
"OG37","Hymenoptera","Euglossa_tridentata","Sievekingia_rhonhofiae","pollen_transport","pollen",55,"old-growth forest","Understory","old-growth forest"
"OG39","Hymenoptera","Euglossa_chlorina","Sievekingia_rhonhofiae","pollen_transport","pollen",55,"old-growth forest","Canopy","old-growth forest"
"OG40","Hymenoptera","Euglossa_tridentata","Sievekingia_rhonhofiae","pollen_transport","pollen",55,"old-growth forest","Understory","old-growth forest"
"OG41","Hymenoptera","Euglossa_tridentata","Sievekingia_rhonhofiae","pollen_transport","pollen",55,"old-growth forest","Understory","old-growth forest"
"OG42","Hymenoptera","Euglossa_allosticta","Sievekingia_rhonhofiae","pollen_transport","pollen",55,"old-growth forest","Understory","old-growth forest"
"OG42","Hymenoptera","Euglossa_deceptrix","Sievekingia_rhonhofiae","pollen_transport","pollen",55,"old-growth forest","Canopy","old-growth forest"
"OG44","Hymenoptera","Euglossa_asarophora","Sievekingia_rhonhofiae","pollen_transport","pollen",55,"old-growth forest","Understory","old-growth forest"
"OG44","Hymenoptera","Euglossa_tridentata","Sievekingia_rhonhofiae","pollen_transport","pollen",55,"old-growth forest","Understory","old-growth forest"
"OG45","Hymenoptera","Euglossa_tridentata","Sievekingia_rhonhofiae","pollen_transport","pollen",55,"old-growth forest","Understory","old-growth forest"
"OG46","Hymenoptera","Euglossa_flammea-chalybeata_gr","Sievekingia_rhonhofiae","pollen_transport","pollen",55,"old-growth forest","Understory","old-growth forest"
"OG46","Hymenoptera","Euglossa_tridentata","Sievekingia_rhonhofiae","pollen_transport","pollen",55,"old-growth forest","Understory","old-growth forest"
"OG47","Hymenoptera","Euglossa_tridentata","Sievekingia_rhonhofiae","pollen_transport","pollen",55,"old-growth forest","Understory","old-growth forest"
"OG48","Hymenoptera","Euglossa_tridentata","Sievekingia_rhonhofiae","pollen_transport","pollen",55,"old-growth forest","Canopy","old-growth forest"
"OG49","Hymenoptera","Euglossa_deceptrix","Sievekingia_rhonhofiae","pollen_transport","pollen",55,"old-growth forest","Understory","old-growth forest"
"OG49","Hymenoptera","Euglossa_flammea-chalybeata_gr","Sievekingia_rhonhofiae","pollen_transport","pollen",55,"old-growth forest","Understory","old-growth forest"
"OG49","Hymenoptera","Euglossa_tridentata","Sievekingia_rhonhofiae","pollen_transport","pollen",55,"old-growth forest","Understory","old-growth forest"
"OG51","Hymenoptera","Euglossa_tridentata","Sievekingia_rhonhofiae","pollen_transport","pollen",55,"old-growth forest","Understory","old-growth forest"
"OG52","Hymenoptera","Euglossa_allosticta","Sievekingia_rhonhofiae","pollen_transport","pollen",55,"old-growth forest","Canopy","old-growth forest"
"OG52","Hymenoptera","Euglossa_tridentata","Sievekingia_rhonhofiae","pollen_transport","pollen",55,"old-growth forest","Canopy","old-growth forest"
"PA54","Hymenoptera","Eulaema_cingulata","Sievekingia_rhonhofiae","pollen_transport","pollen",0,"active pasture","Understory","regeneration early"
"PA56","Hymenoptera","Euglossa_allosticta","Sievekingia_rhonhofiae","pollen_transport","pollen",0,"active pasture","Understory","regeneration early"
"PA56","Hymenoptera","Euglossa_tridentata","Sievekingia_rhonhofiae","pollen_transport","pollen",0,"active pasture","Understory","regeneration early"
"PA57","Hymenoptera","Euglossa_flammea-chalybeata_gr","Sievekingia_rhonhofiae","pollen_transport","pollen",0,"active pasture","Understory","regeneration early"
"PR21","Hymenoptera","Euglossa_flammea-chalybeata_gr","Sievekingia_rhonhofiae","pollen_transport","pollen",36,"pasture regeneration late","Understory","regeneration late"
"PR22","Hymenoptera","Euglossa_allosticta","Sievekingia_rhonhofiae","pollen_transport","pollen",12,"pasture regeneration early","Understory","regeneration early"
"PR22","Hymenoptera","Euglossa_heterosticta","Sievekingia_rhonhofiae","pollen_transport","pollen",12,"pasture regeneration early","Understory","regeneration early"
"PR24","Hymenoptera","Euglossa_deceptrix","Sievekingia_rhonhofiae","pollen_transport","pollen",21,"pasture regeneration late","Canopy","regeneration late"
"PR24","Hymenoptera","Euglossa_hansoni","Sievekingia_rhonhofiae","pollen_transport","pollen",21,"pasture regeneration late","Understory","regeneration late"
"PR24","Hymenoptera","Euglossa_tridentata","Sievekingia_rhonhofiae","pollen_transport","pollen",21,"pasture regeneration late","Understory","regeneration late"
"PR25","Hymenoptera","Euglossa_tridentata","Sievekingia_rhonhofiae","pollen_transport","pollen",6,"pasture regeneration early","Understory","regeneration early"
"PR26","Hymenoptera","Euglossa_igniventris-dissimula_gr","Sievekingia_rhonhofiae","pollen_transport","pollen",28,"pasture regeneration late","Understory","regeneration late"
"PR29","Hymenoptera","Euglossa_tridentata","Sievekingia_rhonhofiae","pollen_transport","pollen",6,"pasture regeneration early","Understory","regeneration early"
"PR30","Hymenoptera","Euglossa_despecta","Sievekingia_rhonhofiae","pollen_transport","pollen",15,"pasture regeneration late","Understory","regeneration late"
"PR31","Hymenoptera","Euglossa_tridentata","Sievekingia_rhonhofiae","pollen_transport","pollen",16,"pasture regeneration late","Understory","regeneration late"
"PR32","Hymenoptera","Euglossa_tridentata","Sievekingia_rhonhofiae","pollen_transport","pollen",16,"pasture regeneration late","Understory","regeneration late"
"PR36","Hymenoptera","Euglossa_allosticta","Sievekingia_rhonhofiae","pollen_transport","pollen",9,"pasture regeneration early","Understory","regeneration early"
"CA60","Hymenoptera","Euglossa_tridentata","Sievekingia_spc","pollen_transport","pollen",0,"active cacao","Understory","regeneration early"
"CA62","Hymenoptera","Euglossa_deceptrix","Sievekingia_spc","pollen_transport","pollen",0,"active cacao","Understory","regeneration early"
"CA62","Hymenoptera","Euglossa_tridentata","Sievekingia_spc","pollen_transport","pollen",0,"active cacao","Understory","regeneration early"
"CR06","Hymenoptera","Euglossa_tridentata","Sievekingia_spc","pollen_transport","pollen",33,"cacao regeneration late","Understory","regeneration late"
"CR09","Hymenoptera","Euglossa_tridentata","Sievekingia_spc","pollen_transport","pollen",6,"cacao regeneration early","Understory","regeneration early"
"CR10","Hymenoptera","Euglossa_tridentata","Sievekingia_spc","pollen_transport","pollen",24,"cacao regeneration late","Canopy","regeneration late"
"CR13","Hymenoptera","Euglossa_deceptrix","Sievekingia_spc","pollen_transport","pollen",1,"cacao regeneration early","Understory","regeneration early"
"OG37","Hymenoptera","Euglossa_flammea-chalybeata_gr","Sievekingia_spc","pollen_transport","pollen",55,"old-growth forest","Canopy","old-growth forest"
"OG39","Hymenoptera","Euglossa_chlorina","Sievekingia_spc","pollen_transport","pollen",55,"old-growth forest","Canopy","old-growth forest"
"OG39","Hymenoptera","Euglossa_tridentata","Sievekingia_spc","pollen_transport","pollen",55,"old-growth forest","Canopy","old-growth forest"
"OG42","Hymenoptera","Euglossa_allosticta","Sievekingia_spc","pollen_transport","pollen",55,"old-growth forest","Understory","old-growth forest"
"OG45","Hymenoptera","Euglossa_tridentata","Sievekingia_spc","pollen_transport","pollen",55,"old-growth forest","Understory","old-growth forest"
"OG47","Hymenoptera","Euglossa_tridentata","Sievekingia_spc","pollen_transport","pollen",55,"old-growth forest","Canopy","old-growth forest"
"OG49","Hymenoptera","Euglossa_deceptrix","Sievekingia_spc","pollen_transport","pollen",55,"old-growth forest","Understory","old-growth forest"
"OG49","Hymenoptera","Euglossa_flammea-chalybeata_gr","Sievekingia_spc","pollen_transport","pollen",55,"old-growth forest","Understory","old-growth forest"
"OG49","Hymenoptera","Euglossa_tridentata","Sievekingia_spc","pollen_transport","pollen",55,"old-growth forest","Understory","old-growth forest"
"OG52","Hymenoptera","Euglossa_allosticta","Sievekingia_spc","pollen_transport","pollen",55,"old-growth forest","Canopy","old-growth forest"
"PA54","Hymenoptera","Eulaema_cingulata","Sievekingia_spc","pollen_transport","pollen",0,"active pasture","Understory","regeneration early"
"PA56","Hymenoptera","Euglossa_tridentata","Sievekingia_spc","pollen_transport","pollen",0,"active pasture","Understory","regeneration early"
"PA57","Hymenoptera","Euglossa_flammea-chalybeata_gr","Sievekingia_spc","pollen_transport","pollen",0,"active pasture","Understory","regeneration early"
"PR21","Hymenoptera","Euglossa_flammea-chalybeata_gr","Sievekingia_spc","pollen_transport","pollen",36,"pasture regeneration late","Understory","regeneration late"
"PR22","Hymenoptera","Euglossa_allosticta","Sievekingia_spc","pollen_transport","pollen",12,"pasture regeneration early","Understory","regeneration early"
"PR22","Hymenoptera","Euglossa_heterosticta","Sievekingia_spc","pollen_transport","pollen",12,"pasture regeneration early","Understory","regeneration early"
"PR26","Hymenoptera","Euglossa_igniventris-dissimula_gr","Sievekingia_spc","pollen_transport","pollen",28,"pasture regeneration late","Understory","regeneration late"
"PR26","Hymenoptera","Euglossa_tridentata","Sievekingia_spc","pollen_transport","pollen",28,"pasture regeneration late","Understory","regeneration late"
"PR30","Hymenoptera","Euglossa_despecta","Sievekingia_spc","pollen_transport","pollen",15,"pasture regeneration late","Understory","regeneration late"
"PR31","Hymenoptera","Euglossa_tridentata","Sievekingia_spc","pollen_transport","pollen",16,"pasture regeneration late","Understory","regeneration late"
"PR33","Hymenoptera","Euglossa_tridentata","Sievekingia_spc","pollen_transport","pollen",1,"pasture regeneration early","Understory","regeneration early"
"PR36","Hymenoptera","Euglossa_allosticta","Sievekingia_spc","pollen_transport","pollen",9,"pasture regeneration early","Understory","regeneration early"
"CR17","Hymenoptera","Euglossa_tridentata","Sobralia_bimaculata","pollen_transport","pollen",9,"cacao regeneration early","Understory","regeneration early"
"OG38","Hymenoptera","Eulaema_cingulata","Sobralia_ecuadorana","pollen_transport","pollen",55,"old-growth forest","Understory","old-growth forest"
"OG46","Hymenoptera","Euglossa_gorgonensis","Sorocea_jaramilloi","pollen_transport","pollen",55,"old-growth forest","Understory","old-growth forest"
"CA60","Hymenoptera","Eulaema_meriana","Stanhopea_pulla","pollen_transport","pollen",0,"active cacao","Understory","regeneration early"
"CA63","Hymenoptera","Eulaema_bombiformis","Stanhopea_pulla","pollen_transport","pollen",0,"active cacao","Understory","regeneration early"
"CR04","Hymenoptera","Euglossa_imperialis","Stanhopea_pulla","pollen_transport","pollen",21,"cacao regeneration late","Understory","regeneration late"
"CR06","Hymenoptera","Eulaema_meriana","Stanhopea_pulla","pollen_transport","pollen",33,"cacao regeneration late","Understory","regeneration late"
"CR09","Hymenoptera","Eulaema_meriana","Stanhopea_pulla","pollen_transport","pollen",6,"cacao regeneration early","Understory","regeneration early"
"CR11","Hymenoptera","Euglossa_flammea-chalybeata_gr","Stanhopea_pulla","pollen_transport","pollen",23,"cacao regeneration late","Understory","regeneration late"
"CR13","Hymenoptera","Eulaema_meriana","Stanhopea_pulla","pollen_transport","pollen",1,"cacao regeneration early","Understory","regeneration early"
"CR17","Hymenoptera","Euglossa_tridentata","Stanhopea_pulla","pollen_transport","pollen",9,"cacao regeneration early","Understory","regeneration early"
"OG38","Hymenoptera","Eulaema_meriana","Stanhopea_pulla","pollen_transport","pollen",55,"old-growth forest","Understory","old-growth forest"
"OG41","Hymenoptera","Eulaema_bombiformis","Stanhopea_pulla","pollen_transport","pollen",55,"old-growth forest","Understory","old-growth forest"
"OG42","Hymenoptera","Eulaema_bombiformis","Stanhopea_pulla","pollen_transport","pollen",55,"old-growth forest","Understory","old-growth forest"
"OG46","Hymenoptera","Eulaema_meriana","Stanhopea_pulla","pollen_transport","pollen",55,"old-growth forest","Understory","old-growth forest"
"PA56","Hymenoptera","Eulaema_meriana","Stanhopea_pulla","pollen_transport","pollen",0,"active pasture","Understory","regeneration early"
"PR21","Hymenoptera","Eulaema_meriana","Stanhopea_pulla","pollen_transport","pollen",36,"pasture regeneration late","Understory","regeneration late"
"PR30","Hymenoptera","Eulaema_meriana","Stanhopea_pulla","pollen_transport","pollen",15,"pasture regeneration late","Understory","regeneration late"
"CA60","Hymenoptera","Eulaema_meriana","Stanhopea_spc","pollen_transport","pollen",0,"active cacao","Understory","regeneration early"
"CA63","Hymenoptera","Eulaema_bombiformis","Stanhopea_spc","pollen_transport","pollen",0,"active cacao","Understory","regeneration early"
"CA63","Hymenoptera","Eulaema_meriana","Stanhopea_spc","pollen_transport","pollen",0,"active cacao","Understory","regeneration early"
"CR02","Hymenoptera","Eulaema_meriana","Stanhopea_spc","pollen_transport","pollen",8,"cacao regeneration early","Understory","regeneration early"
"CR04","Hymenoptera","Euglossa_imperialis","Stanhopea_spc","pollen_transport","pollen",21,"cacao regeneration late","Understory","regeneration late"
"CR05","Hymenoptera","Eulaema_meriana","Stanhopea_spc","pollen_transport","pollen",12,"cacao regeneration early","Understory","regeneration early"
"CR06","Hymenoptera","Eulaema_meriana","Stanhopea_spc","pollen_transport","pollen",33,"cacao regeneration late","Understory","regeneration late"
"CR09","Hymenoptera","Eulaema_meriana","Stanhopea_spc","pollen_transport","pollen",6,"cacao regeneration early","Understory","regeneration early"
"CR11","Hymenoptera","Euglossa_flammea-chalybeata_gr","Stanhopea_spc","pollen_transport","pollen",23,"cacao regeneration late","Understory","regeneration late"
"CR11","Hymenoptera","Eulaema_chocoana","Stanhopea_spc","pollen_transport","pollen",23,"cacao regeneration late","Understory","regeneration late"
"CR11","Hymenoptera","Eulaema_meriana","Stanhopea_spc","pollen_transport","pollen",23,"cacao regeneration late","Understory","regeneration late"
"CR13","Hymenoptera","Eulaema_flavescens","Stanhopea_spc","pollen_transport","pollen",1,"cacao regeneration early","Understory","regeneration early"
"CR13","Hymenoptera","Eulaema_meriana","Stanhopea_spc","pollen_transport","pollen",1,"cacao regeneration early","Understory","regeneration early"
"OG38","Hymenoptera","Eulaema_meriana","Stanhopea_spc","pollen_transport","pollen",55,"old-growth forest","Understory","old-growth forest"
"OG39","Hymenoptera","Eulaema_meriana","Stanhopea_spc","pollen_transport","pollen",55,"old-growth forest","Understory","old-growth forest"
"OG42","Hymenoptera","Eulaema_bombiformis","Stanhopea_spc","pollen_transport","pollen",55,"old-growth forest","Understory","old-growth forest"
"OG42","Hymenoptera","Eulaema_meriana","Stanhopea_spc","pollen_transport","pollen",55,"old-growth forest","Understory","old-growth forest"
"OG46","Hymenoptera","Eulaema_meriana","Stanhopea_spc","pollen_transport","pollen",55,"old-growth forest","Understory","old-growth forest"
"OG49","Hymenoptera","Euglossa_imperialis","Stanhopea_spc","pollen_transport","pollen",55,"old-growth forest","Canopy","old-growth forest"
"OG52","Hymenoptera","Eulaema_sp-female","Stanhopea_spc","pollen_transport","pollen",55,"old-growth forest","Understory","old-growth forest"
"PA56","Hymenoptera","Eulaema_meriana","Stanhopea_spc","pollen_transport","pollen",0,"active pasture","Understory","regeneration early"
"PR21","Hymenoptera","Eulaema_meriana","Stanhopea_spc","pollen_transport","pollen",36,"pasture regeneration late","Understory","regeneration late"
"PR26","Hymenoptera","Eufriesea_chrysopyga","Stanhopea_spc","pollen_transport","pollen",28,"pasture regeneration late","Understory","regeneration late"
"PR26","Hymenoptera","Eulaema_meriana","Stanhopea_spc","pollen_transport","pollen",28,"pasture regeneration late","Understory","regeneration late"
"PR30","Hymenoptera","Eulaema_meriana","Stanhopea_spc","pollen_transport","pollen",15,"pasture regeneration late","Understory","regeneration late"
"PR31","Hymenoptera","Eulaema_chocoana","Stanhopea_spc","pollen_transport","pollen",16,"pasture regeneration late","Understory","regeneration late"
"PR26","Hymenoptera","Eulaema_cingulata","Stellaria_spc","pollen_transport","pollen",28,"pasture regeneration late","Understory","regeneration late"
"OG42","Hymenoptera","Eulaema_bombiformis","Swartzia_haughthii","pollen_transport","pollen",55,"old-growth forest","Understory","old-growth forest"
"CA60","Hymenoptera","Euglossa_flammea-chalybeata_gr","Thymelaeaceae_spc","pollen_transport","pollen",0,"active cacao","Understory","regeneration early"
"CR13","Hymenoptera","Euglossa_deceptrix","Thymelaeaceae_spc","pollen_transport","pollen",1,"cacao regeneration early","Understory","regeneration early"
"CA63","Hymenoptera","Euglossa_flammea-chalybeata_gr","Tournefortia_hirsutissima","pollen_transport","pollen",0,"active cacao","Understory","regeneration early"
"OG45","Hymenoptera","Euglossa_dodsoni","Tovomita_spc","pollen_transport","pollen",55,"old-growth forest","Understory","old-growth forest"
"OG45","Hymenoptera","Euglossa_heterosticta","Tovomita_spc","pollen_transport","pollen",55,"old-growth forest","Understory","old-growth forest"
"OG49","Hymenoptera","Eulaema_cingulata","Tropaeolum_repandum","pollen_transport","pollen",55,"old-growth forest","Canopy","old-growth forest"
"CA60","Hymenoptera","Tetragona_perangulata","Acalypha_diversifolia","pollen_transport","pollen",0,"active cacao","Understory","regeneration early"
"OG50","Hymenoptera","Ptilotrigona_occidentalis","Acalypha_spc","pollen_transport","pollen",55,"old-growth forest","Understory","old-growth forest"
"OG39","Hymenoptera","Trigona_nigerrima","Arecaceae_spc","pollen_transport","pollen",55,"old-growth forest","Understory","old-growth forest"
"CA61","Hymenoptera","Trigona_silvestriana","Artocarpus_altilis","pollen_transport","pollen",0,"active cacao","Understory","regeneration early"
"PR30","Hymenoptera","Trigona_guianae","Artocarpus_altilis","pollen_transport","pollen",15,"pasture regeneration late","Understory","regeneration late"
"PR30","Hymenoptera","Trigona_silvestriana","Artocarpus_altilis","pollen_transport","pollen",15,"pasture regeneration late","Understory","regeneration late"
"OG44","Hymenoptera","Trigona_silvestriana","Aspidosperma_myristicifolium","pollen_transport","pollen",55,"old-growth forest","Understory","old-growth forest"
"OG48","Hymenoptera","Trigona_silvestriana","Aspidosperma_spruceanum","pollen_transport","pollen",55,"old-growth forest","Understory","old-growth forest"
"CA62","Hymenoptera","Tetragona_perangulata","Asteraceae_spc","pollen_transport","pollen",0,"active cacao","Understory","regeneration early"
"OG49","Hymenoptera","Trigonisca_cf_pediculana","Asteraceae_spc","pollen_transport","pollen",55,"old-growth forest","Canopy","old-growth forest"
"OG47","Hymenoptera","Ptilotrigona_occidentalis","Baccharis_sp._Pennington_1090","pollen_transport","pollen",55,"old-growth forest","Understory","old-growth forest"
"CR01","Hymenoptera","Paratrigona_opaca","Baltimora_recta","pollen_transport","pollen",6,"cacao regeneration early","Understory","regeneration early"
"CR04","Hymenoptera","Partamona_nr_peckolti","Baltimora_recta","pollen_transport","pollen",21,"cacao regeneration late","Understory","regeneration late"
"CR05","Hymenoptera","Tetragona_ziegleri","Baltimora_recta","pollen_transport","pollen",12,"cacao regeneration early","Understory","regeneration early"
"PR24","Hymenoptera","Partamona_aequatoriana","Baltimora_recta","pollen_transport","pollen",21,"pasture regeneration late","Understory","regeneration late"
"PA56","Hymenoptera","Trigona_ferricauda","Begonia_fischeri","pollen_transport","pollen",0,"active pasture","Understory","regeneration early"
"OG47","Hymenoptera","Ptilotrigona_occidentalis","Bidens_pilosa","pollen_transport","pollen",55,"old-growth forest","Understory","old-growth forest"
"OG51","Hymenoptera","Partamona_aequatoriana","Bidens_pilosa","pollen_transport","pollen",55,"old-growth forest","Understory","old-growth forest"
"OG41","Hymenoptera","Partamona_nr_peckolti","Blakea_subconnata","pollen_transport","pollen",55,"old-growth forest","Canopy","old-growth forest"
"CR04","Hymenoptera","Partamona_aequatoriana","Brosimum_spc","pollen_transport","pollen",21,"cacao regeneration late","Understory","regeneration late"
"CR16","Hymenoptera","Trigonisca_cf_pediculana","Brosimum_spc","pollen_transport","pollen",8,"cacao regeneration early","Understory","regeneration early"
"PR23","Hymenoptera","Trigona_cilipes","Byrsonima_ligustrifolia","pollen_transport","pollen",1,"pasture regeneration early","Canopy","regeneration early"
"CA59","Hymenoptera","Trigona_corvina","Cajanus_cajan","pollen_transport","pollen",0,"active cacao","Understory","regeneration early"
"CA59","Hymenoptera","Trigona_silvestriana","Cajanus_cajan","pollen_transport","pollen",0,"active cacao","Understory","regeneration early"
"PA57","Hymenoptera","Trigona_cilipes","Cantinoa_mutabilis","pollen_transport","pollen",0,"active pasture","Understory","regeneration early"
"OG50","Hymenoptera","Partamona_sp","Carludovica_palmata","pollen_transport","pollen",55,"old-growth forest","Canopy","old-growth forest"
"OG50","Hymenoptera","Partamona_sp","Carludovica_spc","pollen_transport","pollen",55,"old-growth forest","Canopy","old-growth forest"
"OG39","Hymenoptera","Partamona_aequatoriana","Caryophyllaceae_spc","pollen_transport","pollen",55,"old-growth forest","Understory","old-growth forest"
"PR26","Hymenoptera","Trigonisca_cf_pediculana","Catasetum_expansum","pollen_transport","pollen",28,"pasture regeneration late","Understory","regeneration late"
"CR10","Hymenoptera","Trigona_ferricauda","Cavendishia_grandifolia","pollen_transport","pollen",24,"cacao regeneration late","Understory","regeneration late"
"CR11","Hymenoptera","Trigona_ferricauda","Cavendishia_grandifolia","pollen_transport","pollen",23,"cacao regeneration late","Understory","regeneration late"
"OG45","Hymenoptera","Trigona_ferricauda","Cavendishia_grandifolia","pollen_transport","pollen",55,"old-growth forest","Understory","old-growth forest"
"OG47","Hymenoptera","Trigonisca_atomaria","Cavendishia_grandifolia","pollen_transport","pollen",55,"old-growth forest","Canopy","old-growth forest"
"CR02","Hymenoptera","Trigona_silvestriana","Cayaponia_amazonica","pollen_transport","pollen",8,"cacao regeneration early","Understory","regeneration early"
"CR10","Hymenoptera","Trigona_silvestriana","Cayaponia_amazonica","pollen_transport","pollen",24,"cacao regeneration late","Understory","regeneration late"
"CR11","Hymenoptera","Trigona_silvestriana","Cayaponia_amazonica","pollen_transport","pollen",23,"cacao regeneration late","Understory","regeneration late"
"CR14","Hymenoptera","Trigona_silvestriana","Cayaponia_amazonica","pollen_transport","pollen",38,"cacao regeneration late","Understory","regeneration late"
"OG45","Hymenoptera","Partamona_aequatoriana","Cayaponia_amazonica","pollen_transport","pollen",55,"old-growth forest","Understory","old-growth forest"
"CR03","Hymenoptera","Partamona_aequatoriana","Cayaponia_citrullifolia","pollen_transport","pollen",5,"cacao regeneration early","Understory","regeneration early"
"CR05","Hymenoptera","Trigona_silvestriana","Cayaponia_pilosa","pollen_transport","pollen",12,"cacao regeneration early","Understory","regeneration early"
"CR10","Hymenoptera","Trigona_silvestriana","Cayaponia_pilosa","pollen_transport","pollen",24,"cacao regeneration late","Understory","regeneration late"
"CR14","Hymenoptera","Trigona_silvestriana","Cayaponia_pilosa","pollen_transport","pollen",38,"cacao regeneration late","Understory","regeneration late"
"OG41","Hymenoptera","Trigona_silvestriana","Cayaponia_pilosa","pollen_transport","pollen",55,"old-growth forest","Understory","old-growth forest"
"OG46","Hymenoptera","Trigona_silvestriana","Cayaponia_pilosa","pollen_transport","pollen",55,"old-growth forest","Understory","old-growth forest"
"CA63","Hymenoptera","Trigona_silvestriana","Cecropia_garciae","pollen_transport","pollen",0,"active cacao","Understory","regeneration early"
"CR04","Hymenoptera","Trigonisca_cf_buyssoni","Cecropia_garciae","pollen_transport","pollen",21,"cacao regeneration late","Canopy","regeneration late"
"CR10","Hymenoptera","Dolichotrigona_schulthessi","Cecropia_garciae","pollen_transport","pollen",24,"cacao regeneration late","Understory","regeneration late"
"CR12","Hymenoptera","Partamona_aequatoriana","Cecropia_garciae","pollen_transport","pollen",15,"cacao regeneration late","Understory","regeneration late"
"CR16","Hymenoptera","Trigonisca_cf_pediculana","Cecropia_garciae","pollen_transport","pollen",8,"cacao regeneration early","Understory","regeneration early"
"OG37","Hymenoptera","Nogueirapis_mirandula","Cecropia_garciae","pollen_transport","pollen",55,"old-growth forest","Understory","old-growth forest"
"OG42","Hymenoptera","Trigonisca_cf_buyssoni","Cecropia_garciae","pollen_transport","pollen",55,"old-growth forest","Canopy","old-growth forest"
"OG47","Hymenoptera","Trigona_fulviventris","Cecropia_garciae","pollen_transport","pollen",55,"old-growth forest","Understory","old-growth forest"
"OG48","Hymenoptera","Partamona_aequatoriana","Cecropia_garciae","pollen_transport","pollen",55,"old-growth forest","Canopy","old-growth forest"
"OG49","Hymenoptera","Partamona_nr_peckolti","Cecropia_garciae","pollen_transport","pollen",55,"old-growth forest","Canopy","old-growth forest"
"OG50","Hymenoptera","Nogueirapis_mirandula","Cecropia_garciae","pollen_transport","pollen",55,"old-growth forest","Understory","old-growth forest"
"OG50","Hymenoptera","Partamona_nr_peckolti","Cecropia_garciae","pollen_transport","pollen",55,"old-growth forest","Understory","old-growth forest"
"OG51","Hymenoptera","Nogueirapis_mirandula","Cecropia_garciae","pollen_transport","pollen",55,"old-growth forest","Understory","old-growth forest"
"OG51","Hymenoptera","Partamona_aequatoriana","Cecropia_garciae","pollen_transport","pollen",55,"old-growth forest","Understory","old-growth forest"
"PA56","Hymenoptera","Partamona_aequatoriana","Cecropia_garciae","pollen_transport","pollen",0,"active pasture","Understory","regeneration early"
"PA56","Hymenoptera","Trigonisca_cf_buyssoni","Cecropia_garciae","pollen_transport","pollen",0,"active pasture","Understory","regeneration early"
"PA57","Hymenoptera","Partamona_aequatoriana","Cecropia_garciae","pollen_transport","pollen",0,"active pasture","Understory","regeneration early"
"PA58","Hymenoptera","Trigona_silvestriana","Cecropia_garciae","pollen_transport","pollen",0,"active pasture","Understory","regeneration early"
"PR20","Hymenoptera","Tetragonisca_buchwaldi","Cecropia_garciae","pollen_transport","pollen",4,"pasture regeneration early","Understory","regeneration early"
"PR24","Hymenoptera","Trigona_ferricauda","Cecropia_garciae","pollen_transport","pollen",21,"pasture regeneration late","Understory","regeneration late"
"PR25","Hymenoptera","Tetragonisca_angustula","Cecropia_garciae","pollen_transport","pollen",6,"pasture regeneration early","Understory","regeneration early"
"PR25","Hymenoptera","Trigona_nigerrima","Cecropia_garciae","pollen_transport","pollen",6,"pasture regeneration early","Understory","regeneration early"
"PR30","Hymenoptera","Partamona_nr_peckolti","Cecropia_garciae","pollen_transport","pollen",15,"pasture regeneration late","Understory","regeneration late"
"CA61","Hymenoptera","Partamona_aequatoriana","Cecropia_insignis","pollen_transport","pollen",0,"active cacao","Understory","regeneration early"
"CA62","Hymenoptera","Tetragona_ziegleri","Cecropia_insignis","pollen_transport","pollen",0,"active cacao","Understory","regeneration early"
"CA64","Hymenoptera","Trigona_ferricauda","Cecropia_insignis","pollen_transport","pollen",0,"active cacao","Understory","regeneration early"
"CR03","Hymenoptera","Trigona_ferricauda","Cecropia_insignis","pollen_transport","pollen",5,"cacao regeneration early","Understory","regeneration early"
"CR03","Hymenoptera","Trigona_guianae","Cecropia_insignis","pollen_transport","pollen",5,"cacao regeneration early","Understory","regeneration early"
"CR03","Hymenoptera","Trigonisca_cf_pediculana","Cecropia_insignis","pollen_transport","pollen",5,"cacao regeneration early","Understory","regeneration early"
"CR04","Hymenoptera","Nogueirapis_mirandula","Cecropia_insignis","pollen_transport","pollen",21,"cacao regeneration late","Understory","regeneration late"
"CR04","Hymenoptera","Partamona_aequatoriana","Cecropia_insignis","pollen_transport","pollen",21,"cacao regeneration late","Understory","regeneration late"
"CR08","Hymenoptera","Trigona_silvestriana","Cecropia_insignis","pollen_transport","pollen",27,"cacao regeneration late","Understory","regeneration late"
"CR09","Hymenoptera","Trigona_ferricauda","Cecropia_insignis","pollen_transport","pollen",6,"cacao regeneration early","Understory","regeneration early"
"CR14","Hymenoptera","Partamona_aequatoriana","Cecropia_insignis","pollen_transport","pollen",38,"cacao regeneration late","Canopy","regeneration late"
"CR14","Hymenoptera","Trigonisca_atomaria","Cecropia_insignis","pollen_transport","pollen",38,"cacao regeneration late","Canopy","regeneration late"
"CR14","Hymenoptera","Trigonisca_cf_pediculana","Cecropia_insignis","pollen_transport","pollen",38,"cacao regeneration late","Canopy","regeneration late"
"OG37","Hymenoptera","Partamona_aequatoriana","Cecropia_insignis","pollen_transport","pollen",55,"old-growth forest","Understory","old-growth forest"
"OG38","Hymenoptera","Partamona_aequatoriana","Cecropia_insignis","pollen_transport","pollen",55,"old-growth forest","Understory","old-growth forest"
"OG40","Hymenoptera","Trigonisca_atomaria","Cecropia_insignis","pollen_transport","pollen",55,"old-growth forest","Canopy","old-growth forest"
"OG40","Hymenoptera","Trigonisca_cf_buyssoni","Cecropia_insignis","pollen_transport","pollen",55,"old-growth forest","Canopy","old-growth forest"
"OG41","Hymenoptera","Trigonisca_atomaria","Cecropia_insignis","pollen_transport","pollen",55,"old-growth forest","Canopy","old-growth forest"
"OG41","Hymenoptera","Trigonisca_cf_buyssoni","Cecropia_insignis","pollen_transport","pollen",55,"old-growth forest","Canopy","old-growth forest"
"OG42","Hymenoptera","Partamona_aequatoriana","Cecropia_insignis","pollen_transport","pollen",55,"old-growth forest","Understory","old-growth forest"
"OG42","Hymenoptera","Partamona_nr_peckolti","Cecropia_insignis","pollen_transport","pollen",55,"old-growth forest","Canopy","old-growth forest"
"OG42","Hymenoptera","Trigonisca_atomaria","Cecropia_insignis","pollen_transport","pollen",55,"old-growth forest","Canopy","old-growth forest"
"OG48","Hymenoptera","Partamona_aequatoriana","Cecropia_insignis","pollen_transport","pollen",55,"old-growth forest","Canopy","old-growth forest"
"OG49","Hymenoptera","Partamona_nr_peckolti","Cecropia_insignis","pollen_transport","pollen",55,"old-growth forest","Understory","old-growth forest"
"OG49","Hymenoptera","Trigonisca_atomaria","Cecropia_insignis","pollen_transport","pollen",55,"old-growth forest","Canopy","old-growth forest"
"OG50","Hymenoptera","Partamona_aequatoriana","Cecropia_insignis","pollen_transport","pollen",55,"old-growth forest","Canopy","old-growth forest"
"OG50","Hymenoptera","Partamona_sp","Cecropia_insignis","pollen_transport","pollen",55,"old-growth forest","Canopy","old-growth forest"
"OG51","Hymenoptera","Nogueirapis_mirandula","Cecropia_insignis","pollen_transport","pollen",55,"old-growth forest","Understory","old-growth forest"
"OG52","Hymenoptera","Trigonisca_cf_buyssoni","Cecropia_insignis","pollen_transport","pollen",55,"old-growth forest","Canopy","old-growth forest"
"PA53","Hymenoptera","Trigonisca_atomaria","Cecropia_insignis","pollen_transport","pollen",0,"active pasture","Understory","regeneration early"
"PA54","Hymenoptera","Trigona_ferricauda","Cecropia_insignis","pollen_transport","pollen",0,"active pasture","Understory","regeneration early"
"PA57","Hymenoptera","Partamona_aequatoriana","Cecropia_insignis","pollen_transport","pollen",0,"active pasture","Understory","regeneration early"
"PA57","Hymenoptera","Tetragona_perangulata","Cecropia_insignis","pollen_transport","pollen",0,"active pasture","Understory","regeneration early"
"PR19","Hymenoptera","Trigonisca_cf_buyssoni","Cecropia_insignis","pollen_transport","pollen",6,"pasture regeneration early","Understory","regeneration early"
"PR20","Hymenoptera","Tetragonisca_angustula","Cecropia_insignis","pollen_transport","pollen",4,"pasture regeneration early","Understory","regeneration early"
"PR20","Hymenoptera","Trigona_nigerrima","Cecropia_insignis","pollen_transport","pollen",4,"pasture regeneration early","Understory","regeneration early"
"PR22","Hymenoptera","Trigonisca_atomaria","Cecropia_insignis","pollen_transport","pollen",12,"pasture regeneration early","Understory","regeneration early"
"PR23","Hymenoptera","Partamona_nr_peckolti","Cecropia_insignis","pollen_transport","pollen",1,"pasture regeneration early","Canopy","regeneration early"
"PR26","Hymenoptera","Partamona_nr_peckolti","Cecropia_insignis","pollen_transport","pollen",28,"pasture regeneration late","Understory","regeneration late"
"PR27","Hymenoptera","Partamona_nr_peckolti","Cecropia_insignis","pollen_transport","pollen",27,"pasture regeneration late","Understory","regeneration late"
"PR30","Hymenoptera","Oxytrigona_isthmina","Cecropia_insignis","pollen_transport","pollen",15,"pasture regeneration late","Understory","regeneration late"
"PR30","Hymenoptera","Trigonisca_atomaria","Cecropia_insignis","pollen_transport","pollen",15,"pasture regeneration late","Understory","regeneration late"
"CR03","Hymenoptera","Trigonisca_cf_buyssoni","Cecropia_reticulata","pollen_transport","pollen",5,"cacao regeneration early","Understory","regeneration early"
"OG37","Hymenoptera","Paratrigona_lophocoryphe","Cecropia_reticulata","pollen_transport","pollen",55,"old-growth forest","Understory","old-growth forest"
"OG40","Hymenoptera","Trigonisca_atomaria","Cecropia_reticulata","pollen_transport","pollen",55,"old-growth forest","Canopy","old-growth forest"
"OG41","Hymenoptera","Trigonisca_atomaria","Cecropia_reticulata","pollen_transport","pollen",55,"old-growth forest","Canopy","old-growth forest"
"PA53","Hymenoptera","Partamona_aequatoriana","Cecropia_reticulata","pollen_transport","pollen",0,"active pasture","Understory","regeneration early"
"PA53","Hymenoptera","Trigonisca_atomaria","Cecropia_reticulata","pollen_transport","pollen",0,"active pasture","Understory","regeneration early"
"PA56","Hymenoptera","Partamona_aequatoriana","Cecropia_reticulata","pollen_transport","pollen",0,"active pasture","Understory","regeneration early"
"PA56","Hymenoptera","Trigonisca_cf_buyssoni","Cecropia_reticulata","pollen_transport","pollen",0,"active pasture","Understory","regeneration early"
"CA61","Hymenoptera","Partamona_aequatoriana","Cecropia_spc","pollen_transport","pollen",0,"active cacao","Understory","regeneration early"
"CR03","Hymenoptera","Partamona_nr_peckolti","Cecropia_spc","pollen_transport","pollen",5,"cacao regeneration early","Understory","regeneration early"
"CR03","Hymenoptera","Trigona_ferricauda","Cecropia_spc","pollen_transport","pollen",5,"cacao regeneration early","Understory","regeneration early"
"CR03","Hymenoptera","Trigona_guianae","Cecropia_spc","pollen_transport","pollen",5,"cacao regeneration early","Understory","regeneration early"
"CR03","Hymenoptera","Trigona_silvestriana","Cecropia_spc","pollen_transport","pollen",5,"cacao regeneration early","Understory","regeneration early"
"CR03","Hymenoptera","Trigonisca_cf_buyssoni","Cecropia_spc","pollen_transport","pollen",5,"cacao regeneration early","Understory","regeneration early"
"CR03","Hymenoptera","Trigonisca_cf_pediculana","Cecropia_spc","pollen_transport","pollen",5,"cacao regeneration early","Understory","regeneration early"
"CR04","Hymenoptera","Trigonisca_cf_buyssoni","Cecropia_spc","pollen_transport","pollen",21,"cacao regeneration late","Canopy","regeneration late"
"CR12","Hymenoptera","Partamona_aequatoriana","Cecropia_spc","pollen_transport","pollen",15,"cacao regeneration late","Understory","regeneration late"
"CR14","Hymenoptera","Partamona_aequatoriana","Cecropia_spc","pollen_transport","pollen",38,"cacao regeneration late","Canopy","regeneration late"
"CR16","Hymenoptera","Trigonisca_cf_pediculana","Cecropia_spc","pollen_transport","pollen",8,"cacao regeneration early","Understory","regeneration early"
"OG37","Hymenoptera","Nogueirapis_mirandula","Cecropia_spc","pollen_transport","pollen",55,"old-growth forest","Understory","old-growth forest"
"OG37","Hymenoptera","Paratrigona_lophocoryphe","Cecropia_spc","pollen_transport","pollen",55,"old-growth forest","Understory","old-growth forest"
"OG37","Hymenoptera","Partamona_aequatoriana","Cecropia_spc","pollen_transport","pollen",55,"old-growth forest","Understory","old-growth forest"
"OG38","Hymenoptera","Nogueirapis_mirandula","Cecropia_spc","pollen_transport","pollen",55,"old-growth forest","Understory","old-growth forest"
"OG40","Hymenoptera","Trigonisca_atomaria","Cecropia_spc","pollen_transport","pollen",55,"old-growth forest","Canopy","old-growth forest"
"OG41","Hymenoptera","Trigonisca_atomaria","Cecropia_spc","pollen_transport","pollen",55,"old-growth forest","Canopy","old-growth forest"
"OG42","Hymenoptera","Partamona_nr_peckolti","Cecropia_spc","pollen_transport","pollen",55,"old-growth forest","Canopy","old-growth forest"
"OG42","Hymenoptera","Trigonisca_atomaria","Cecropia_spc","pollen_transport","pollen",55,"old-growth forest","Canopy","old-growth forest"
"OG42","Hymenoptera","Trigonisca_cf_buyssoni","Cecropia_spc","pollen_transport","pollen",55,"old-growth forest","Canopy","old-growth forest"
"OG49","Hymenoptera","Partamona_nr_peckolti","Cecropia_spc","pollen_transport","pollen",55,"old-growth forest","Canopy","old-growth forest"
"OG49","Hymenoptera","Partamona_sp","Cecropia_spc","pollen_transport","pollen",55,"old-growth forest","Canopy","old-growth forest"
"OG50","Hymenoptera","Nogueirapis_mirandula","Cecropia_spc","pollen_transport","pollen",55,"old-growth forest","Understory","old-growth forest"
"OG50","Hymenoptera","Partamona_nr_peckolti","Cecropia_spc","pollen_transport","pollen",55,"old-growth forest","Understory","old-growth forest"
"OG51","Hymenoptera","Nogueirapis_mirandula","Cecropia_spc","pollen_transport","pollen",55,"old-growth forest","Understory","old-growth forest"
"OG51","Hymenoptera","Partamona_aequatoriana","Cecropia_spc","pollen_transport","pollen",55,"old-growth forest","Understory","old-growth forest"
"OG52","Hymenoptera","Trigonisca_cf_buyssoni","Cecropia_spc","pollen_transport","pollen",55,"old-growth forest","Canopy","old-growth forest"
"PA53","Hymenoptera","Partamona_aequatoriana","Cecropia_spc","pollen_transport","pollen",0,"active pasture","Understory","regeneration early"
"PA53","Hymenoptera","Trigonisca_atomaria","Cecropia_spc","pollen_transport","pollen",0,"active pasture","Understory","regeneration early"
"PA56","Hymenoptera","Partamona_aequatoriana","Cecropia_spc","pollen_transport","pollen",0,"active pasture","Understory","regeneration early"
"PA56","Hymenoptera","Trigonisca_cf_buyssoni","Cecropia_spc","pollen_transport","pollen",0,"active pasture","Understory","regeneration early"
"PA58","Hymenoptera","Partamona_aequatoriana","Cecropia_spc","pollen_transport","pollen",0,"active pasture","Understory","regeneration early"
"PA58","Hymenoptera","Trigona_silvestriana","Cecropia_spc","pollen_transport","pollen",0,"active pasture","Understory","regeneration early"
"PR19","Hymenoptera","Trigonisca_cf_buyssoni","Cecropia_spc","pollen_transport","pollen",6,"pasture regeneration early","Understory","regeneration early"
"PR20","Hymenoptera","Tetragonisca_angustula","Cecropia_spc","pollen_transport","pollen",4,"pasture regeneration early","Understory","regeneration early"
"PR20","Hymenoptera","Tetragonisca_buchwaldi","Cecropia_spc","pollen_transport","pollen",4,"pasture regeneration early","Understory","regeneration early"
"PR20","Hymenoptera","Trigona_nigerrima","Cecropia_spc","pollen_transport","pollen",4,"pasture regeneration early","Understory","regeneration early"
"PR23","Hymenoptera","Partamona_nr_peckolti","Cecropia_spc","pollen_transport","pollen",1,"pasture regeneration early","Canopy","regeneration early"
"PR24","Hymenoptera","Trigona_ferricauda","Cecropia_spc","pollen_transport","pollen",21,"pasture regeneration late","Understory","regeneration late"
"PR25","Hymenoptera","Tetragonisca_angustula","Cecropia_spc","pollen_transport","pollen",6,"pasture regeneration early","Understory","regeneration early"
"PR25","Hymenoptera","Trigona_nigerrima","Cecropia_spc","pollen_transport","pollen",6,"pasture regeneration early","Understory","regeneration early"
"PR30","Hymenoptera","Oxytrigona_isthmina","Cecropia_spc","pollen_transport","pollen",15,"pasture regeneration late","Understory","regeneration late"
"PR30","Hymenoptera","Partamona_nr_peckolti","Cecropia_spc","pollen_transport","pollen",15,"pasture regeneration late","Understory","regeneration late"
"CA60","Hymenoptera","Trigona_ferricauda","Cenchrus_incertus","pollen_transport","pollen",0,"active cacao","Understory","regeneration early"
"OG41","Hymenoptera","Trigonisca_cf_buyssoni","Cestrum_schlechtendalii","pollen_transport","pollen",55,"old-growth forest","Canopy","old-growth forest"
"OG42","Hymenoptera","Trigona_muzoensis","Cestrum_schlechtendalii","pollen_transport","pollen",55,"old-growth forest","Understory","old-growth forest"
"OG42","Hymenoptera","Trigonisca_cf_buyssoni","Cestrum_schlechtendalii","pollen_transport","pollen",55,"old-growth forest","Canopy","old-growth forest"
"OG49","Hymenoptera","Trigonisca_cf_pediculana","Cestrum_schlechtendalii","pollen_transport","pollen",55,"old-growth forest","Canopy","old-growth forest"
"OG51","Hymenoptera","Nogueirapis_mirandula","Cestrum_schlechtendalii","pollen_transport","pollen",55,"old-growth forest","Understory","old-growth forest"
"OG28","Hymenoptera","Oxytrigona_obscura","Cestrum_schlechtendalii","pollen_transport","pollen",55,"old-growth forest","Understory","old-growth forest"
"PA56","Hymenoptera","Trigona_nigerrima","Chelonanthus_acutangulus","pollen_transport","pollen",0,"active pasture","Understory","regeneration early"
"PA56","Hymenoptera","Trigona_silvestriana","Chelonanthus_acutangulus","pollen_transport","pollen",0,"active pasture","Understory","regeneration early"
"OG38","Hymenoptera","Scaptotrigona_(Scaptotrigona)_sp","Chrysobalanaceae_spc","pollen_transport","pollen",55,"old-growth forest","Understory","old-growth forest"
"OG38","Hymenoptera","Scaptotrigona_postica_group_b","Chrysobalanaceae_spc","pollen_transport","pollen",55,"old-growth forest","Understory","old-growth forest"
"OG38","Hymenoptera","Partamona_aequatoriana","Chrysochlamys_allenii","pollen_transport","pollen",55,"old-growth forest","Understory","old-growth forest"
"OG40","Hymenoptera","Partamona_aequatoriana","Chrysochlamys_allenii","pollen_transport","pollen",55,"old-growth forest","Understory","old-growth forest"
"OG41","Hymenoptera","Partamona_aequatoriana","Chrysochlamys_allenii","pollen_transport","pollen",55,"old-growth forest","Understory","old-growth forest"
"OG49","Hymenoptera","Partamona_nr_peckolti","Chrysochlamys_allenii","pollen_transport","pollen",55,"old-growth forest","Understory","old-growth forest"
"OG49","Hymenoptera","Partamona_sp","Chrysochlamys_allenii","pollen_transport","pollen",55,"old-growth forest","Canopy","old-growth forest"
"PA58","Hymenoptera","Partamona_aequatoriana","Chrysochlamys_allenii","pollen_transport","pollen",0,"active pasture","Understory","regeneration early"
"PR36","Hymenoptera","Partamona_aequatoriana","Chrysochlamys_allenii","pollen_transport","pollen",9,"pasture regeneration early","Understory","regeneration early"
"OG39","Hymenoptera","Partamona_aequatoriana","Clarisia_biflora","pollen_transport","pollen",55,"old-growth forest","Understory","old-growth forest"
"OG39","Hymenoptera","Trigona_nigerrima","Clarisia_biflora","pollen_transport","pollen",55,"old-growth forest","Understory","old-growth forest"
"PR26","Hymenoptera","Trigona_guianae","Clarisia_biflora","pollen_transport","pollen",28,"pasture regeneration late","Understory","regeneration late"
"CR04","Hymenoptera","Partamona_nr_peckolti","Clibadium_grandifolium","pollen_transport","pollen",21,"cacao regeneration late","Understory","regeneration late"
"CR05","Hymenoptera","Tetragona_ziegleri","Clibadium_grandifolium","pollen_transport","pollen",12,"cacao regeneration early","Understory","regeneration early"
"PA57","Hymenoptera","Tetragona_ziegleri","Clibadium_grandifolium","pollen_transport","pollen",0,"active pasture","Understory","regeneration early"
"PR20","Hymenoptera","Trigona_ferricauda","Clibadium_grandifolium","pollen_transport","pollen",4,"pasture regeneration early","Understory","regeneration early"
"PR23","Hymenoptera","Tetragona_perangulata","Clibadium_grandifolium","pollen_transport","pollen",1,"pasture regeneration early","Understory","regeneration early"
"PR23","Hymenoptera","Tetragona_ziegleri","Clibadium_grandifolium","pollen_transport","pollen",1,"pasture regeneration early","Understory","regeneration early"
"PR24","Hymenoptera","Partamona_aequatoriana","Clibadium_grandifolium","pollen_transport","pollen",21,"pasture regeneration late","Understory","regeneration late"
"CR01","Hymenoptera","Ptilotrigona_occidentalis","Clusia_divaricata","pollen_transport","pollen",6,"cacao regeneration early","Understory","regeneration early"
"CR12","Hymenoptera","Trigona_fulviventris","Clusia_divaricata","pollen_transport","pollen",15,"cacao regeneration late","Understory","regeneration late"
"CR16","Hymenoptera","Trigona_ferricauda","Clusia_divaricata","pollen_transport","pollen",8,"cacao regeneration early","Understory","regeneration early"
"CR16","Hymenoptera","Trigona_silvestriana","Clusia_divaricata","pollen_transport","pollen",8,"cacao regeneration early","Understory","regeneration early"
"OG37","Hymenoptera","Partamona_sp","Clusia_divaricata","pollen_transport","pollen",55,"old-growth forest","Understory","old-growth forest"
"OG37","Hymenoptera","Trigona_nigerrima","Clusia_divaricata","pollen_transport","pollen",55,"old-growth forest","Understory","old-growth forest"
"OG37","Hymenoptera","Trigona_silvestriana","Clusia_divaricata","pollen_transport","pollen",55,"old-growth forest","Understory","old-growth forest"
"OG39","Hymenoptera","Trigona_silvestriana","Clusia_divaricata","pollen_transport","pollen",55,"old-growth forest","Understory","old-growth forest"
"OG40","Hymenoptera","Trigona_ferricauda","Clusia_divaricata","pollen_transport","pollen",55,"old-growth forest","Understory","old-growth forest"
"OG40","Hymenoptera","Trigona_silvestriana","Clusia_divaricata","pollen_transport","pollen",55,"old-growth forest","Understory","old-growth forest"
"OG43","Hymenoptera","Nogueirapis_mirandula","Clusia_divaricata","pollen_transport","pollen",55,"old-growth forest","Understory","old-growth forest"
"OG47","Hymenoptera","Trigona_fulviventris","Clusia_divaricata","pollen_transport","pollen",55,"old-growth forest","Understory","old-growth forest"
"OG47","Hymenoptera","Trigona_silvestriana","Clusia_divaricata","pollen_transport","pollen",55,"old-growth forest","Understory","old-growth forest"
"OG48","Hymenoptera","Trigona_fulviventris","Clusia_divaricata","pollen_transport","pollen",55,"old-growth forest","Understory","old-growth forest"
"OG50","Hymenoptera","Trigona_fulviventris","Clusia_divaricata","pollen_transport","pollen",55,"old-growth forest","Understory","old-growth forest"
"PA53","Hymenoptera","Tetragona_perangulata","Clusia_divaricata","pollen_transport","pollen",0,"active pasture","Understory","regeneration early"
"PA53","Hymenoptera","Trigona_silvestriana","Clusia_divaricata","pollen_transport","pollen",0,"active pasture","Understory","regeneration early"
"PA58","Hymenoptera","Trigona_silvestriana","Clusia_divaricata","pollen_transport","pollen",0,"active pasture","Understory","regeneration early"
"PR20","Hymenoptera","Trigona_ferricauda","Clusia_divaricata","pollen_transport","pollen",4,"pasture regeneration early","Understory","regeneration early"
"PR24","Hymenoptera","Trigona_ferricauda","Clusia_divaricata","pollen_transport","pollen",21,"pasture regeneration late","Understory","regeneration late"
"PR24","Hymenoptera","Trigona_fulviventris","Clusia_divaricata","pollen_transport","pollen",21,"pasture regeneration late","Understory","regeneration late"
"PR25","Hymenoptera","Trigona_silvestriana","Clusia_divaricata","pollen_transport","pollen",6,"pasture regeneration early","Understory","regeneration early"
"PR30","Hymenoptera","Ptilotrigona_occidentalis","Clusia_divaricata","pollen_transport","pollen",15,"pasture regeneration late","Understory","regeneration late"
"PR32","Hymenoptera","Trigona_muzoensis","Clusia_divaricata","pollen_transport","pollen",16,"pasture regeneration late","Understory","regeneration late"
"PR19","Hymenoptera","Trigona_guianae","Clusia_flavida","pollen_transport","pollen",6,"pasture regeneration early","Understory","regeneration early"
"PR27","Hymenoptera","Ptilotrigona_occidentalis","Clusia_flavida","pollen_transport","pollen",27,"pasture regeneration late","Understory","regeneration late"
"CA63","Hymenoptera","Trigona_guianae","Clusia_fructiangusta","pollen_transport","pollen",0,"active cacao","Understory","regeneration early"
"CA63","Hymenoptera","Trigona_silvestriana","Clusia_fructiangusta","pollen_transport","pollen",0,"active cacao","Understory","regeneration early"
"CA64","Hymenoptera","Trigona_corvina","Clusia_fructiangusta","pollen_transport","pollen",0,"active cacao","Understory","regeneration early"
"CR01","Hymenoptera","Paratrigona_opaca","Clusia_fructiangusta","pollen_transport","pollen",6,"cacao regeneration early","Understory","regeneration early"
"CR09","Hymenoptera","Trigona_silvestriana","Clusia_fructiangusta","pollen_transport","pollen",6,"cacao regeneration early","Understory","regeneration early"
"CR17","Hymenoptera","Trigona_nigerrima","Clusia_fructiangusta","pollen_transport","pollen",9,"cacao regeneration early","Understory","regeneration early"
"CR18","Hymenoptera","Trigona_silvestriana","Clusia_fructiangusta","pollen_transport","pollen",10,"cacao regeneration early","Understory","regeneration early"
"OG40","Hymenoptera","Partamona_aequatoriana","Clusia_fructiangusta","pollen_transport","pollen",55,"old-growth forest","Understory","old-growth forest"
"OG43","Hymenoptera","Trigonisca_atomaria","Clusia_fructiangusta","pollen_transport","pollen",55,"old-growth forest","Canopy","old-growth forest"
"OG47","Hymenoptera","Trigona_guianae","Clusia_fructiangusta","pollen_transport","pollen",55,"old-growth forest","Understory","old-growth forest"
"OG48","Hymenoptera","Trigona_guianae","Clusia_fructiangusta","pollen_transport","pollen",55,"old-growth forest","Understory","old-growth forest"
"OG52","Hymenoptera","Trigona_guianae","Clusia_fructiangusta","pollen_transport","pollen",55,"old-growth forest","Understory","old-growth forest"
"PA54","Hymenoptera","Trigona_silvestriana","Clusia_fructiangusta","pollen_transport","pollen",0,"active pasture","Understory","regeneration early"
"PA57","Hymenoptera","Trigona_fulviventris","Clusia_fructiangusta","pollen_transport","pollen",0,"active pasture","Understory","regeneration early"
"PR26","Hymenoptera","Trigona_fulviventris","Clusia_fructiangusta","pollen_transport","pollen",28,"pasture regeneration late","Understory","regeneration late"
"PR26","Hymenoptera","Trigona_silvestriana","Clusia_fructiangusta","pollen_transport","pollen",28,"pasture regeneration late","Understory","regeneration late"
"PR29","Hymenoptera","Trigona_guianae","Clusia_fructiangusta","pollen_transport","pollen",6,"pasture regeneration early","Understory","regeneration early"
"CA64","Hymenoptera","Trigona_ferricauda","Clusia_lineata","pollen_transport","pollen",0,"active cacao","Understory","regeneration early"
"CR02","Hymenoptera","Trigona_silvestriana","Clusia_lineata","pollen_transport","pollen",8,"cacao regeneration early","Understory","regeneration early"
"CR04","Hymenoptera","Trigona_silvestriana","Clusia_lineata","pollen_transport","pollen",21,"cacao regeneration late","Understory","regeneration late"
"CR09","Hymenoptera","Trigona_ferricauda","Clusia_lineata","pollen_transport","pollen",6,"cacao regeneration early","Understory","regeneration early"
"CR10","Hymenoptera","Trigona_ferricauda","Clusia_lineata","pollen_transport","pollen",24,"cacao regeneration late","Understory","regeneration late"
"CR11","Hymenoptera","Trigona_ferricauda","Clusia_lineata","pollen_transport","pollen",23,"cacao regeneration late","Understory","regeneration late"
"CR11","Hymenoptera","Trigona_silvestriana","Clusia_lineata","pollen_transport","pollen",23,"cacao regeneration late","Understory","regeneration late"
"CR13","Hymenoptera","Tetragona_ziegleri","Clusia_lineata","pollen_transport","pollen",1,"cacao regeneration early","Understory","regeneration early"
"CR13","Hymenoptera","Trigona_ferricauda","Clusia_lineata","pollen_transport","pollen",1,"cacao regeneration early","Understory","regeneration early"
"CR13","Hymenoptera","Trigona_silvestriana","Clusia_lineata","pollen_transport","pollen",1,"cacao regeneration early","Understory","regeneration early"
"CR14","Hymenoptera","Partamona_aequatoriana","Clusia_lineata","pollen_transport","pollen",38,"cacao regeneration late","Understory","regeneration late"
"CR14","Hymenoptera","Trigona_fulviventris","Clusia_lineata","pollen_transport","pollen",38,"cacao regeneration late","Understory","regeneration late"
"CR14","Hymenoptera","Trigona_silvestriana","Clusia_lineata","pollen_transport","pollen",38,"cacao regeneration late","Understory","regeneration late"
"OG38","Hymenoptera","Trigona_nigerrima","Clusia_lineata","pollen_transport","pollen",55,"old-growth forest","Understory","old-growth forest"
"OG38","Hymenoptera","Trigona_silvestriana","Clusia_lineata","pollen_transport","pollen",55,"old-growth forest","Understory","old-growth forest"
"OG41","Hymenoptera","Partamona_nr_peckolti","Clusia_lineata","pollen_transport","pollen",55,"old-growth forest","Canopy","old-growth forest"
"OG41","Hymenoptera","Trigona_ferricauda","Clusia_lineata","pollen_transport","pollen",55,"old-growth forest","Understory","old-growth forest"
"OG41","Hymenoptera","Trigona_guianae","Clusia_lineata","pollen_transport","pollen",55,"old-growth forest","Understory","old-growth forest"
"OG42","Hymenoptera","Tetragona_perangulata","Clusia_lineata","pollen_transport","pollen",55,"old-growth forest","Understory","old-growth forest"
"OG45","Hymenoptera","Trigona_ferricauda","Clusia_lineata","pollen_transport","pollen",55,"old-growth forest","Understory","old-growth forest"
"OG45","Hymenoptera","Trigona_silvestriana","Clusia_lineata","pollen_transport","pollen",55,"old-growth forest","Understory","old-growth forest"
"OG46","Hymenoptera","Partamona_sp","Clusia_lineata","pollen_transport","pollen",55,"old-growth forest","Understory","old-growth forest"
"OG46","Hymenoptera","Trigona_silvestriana","Clusia_lineata","pollen_transport","pollen",55,"old-growth forest","Understory","old-growth forest"
"OG49","Hymenoptera","Partamona_nr_peckolti","Clusia_lineata","pollen_transport","pollen",55,"old-growth forest","Understory","old-growth forest"
"OG49","Hymenoptera","Trigona_nigerrima","Clusia_lineata","pollen_transport","pollen",55,"old-growth forest","Understory","old-growth forest"
"PA53","Hymenoptera","Trigona_silvestriana","Clusia_lineata","pollen_transport","pollen",0,"active pasture","Understory","regeneration early"
"PA55","Hymenoptera","Trigona_silvestriana","Clusia_lineata","pollen_transport","pollen",0,"active pasture","Understory","regeneration early"
"PR21","Hymenoptera","Trigona_silvestriana","Clusia_lineata","pollen_transport","pollen",36,"pasture regeneration late","Understory","regeneration late"
"PR22","Hymenoptera","Trigona_ferricauda","Clusia_lineata","pollen_transport","pollen",12,"pasture regeneration early","Understory","regeneration early"
"PR22","Hymenoptera","Trigona_guianae","Clusia_lineata","pollen_transport","pollen",12,"pasture regeneration early","Understory","regeneration early"
"PR23","Hymenoptera","Ptilotrigona_occidentalis","Clusia_lineata","pollen_transport","pollen",1,"pasture regeneration early","Understory","regeneration early"
"PR23","Hymenoptera","Tetragona_ziegleri","Clusia_lineata","pollen_transport","pollen",1,"pasture regeneration early","Understory","regeneration early"
"PR23","Hymenoptera","Trigona_ferricauda","Clusia_lineata","pollen_transport","pollen",1,"pasture regeneration early","Understory","regeneration early"
"PR23","Hymenoptera","Trigona_nigerrima","Clusia_lineata","pollen_transport","pollen",1,"pasture regeneration early","Understory","regeneration early"
"PR23","Hymenoptera","Trigona_silvestriana","Clusia_lineata","pollen_transport","pollen",1,"pasture regeneration early","Understory","regeneration early"
"PR26","Hymenoptera","Trigona_ferricauda","Clusia_lineata","pollen_transport","pollen",28,"pasture regeneration late","Understory","regeneration late"
"PR31","Hymenoptera","Trigona_silvestriana","Clusia_lineata","pollen_transport","pollen",16,"pasture regeneration late","Understory","regeneration late"
"PR32","Hymenoptera","Trigona_silvestriana","Clusia_lineata","pollen_transport","pollen",16,"pasture regeneration late","Understory","regeneration late"
"PR33","Hymenoptera","Trigona_ferricauda","Clusia_lineata","pollen_transport","pollen",1,"pasture regeneration early","Understory","regeneration early"
"PR33","Hymenoptera","Trigona_silvestriana","Clusia_lineata","pollen_transport","pollen",1,"pasture regeneration early","Understory","regeneration early"
"PR34","Hymenoptera","Trigona_ferricauda","Clusia_lineata","pollen_transport","pollen",38,"pasture regeneration late","Understory","regeneration late"
"PR34","Hymenoptera","Trigona_silvestriana","Clusia_lineata","pollen_transport","pollen",38,"pasture regeneration late","Understory","regeneration late"
"CA60","Hymenoptera","Cephalotrigona_sp","Clusia_magnoliiflora","pollen_transport","pollen",0,"active cacao","Understory","regeneration early"
"CR01","Hymenoptera","Paratrigona_opaca","Clusia_magnoliiflora","pollen_transport","pollen",6,"cacao regeneration early","Understory","regeneration early"
"CR17","Hymenoptera","Trigona_nigerrima","Clusia_magnoliiflora","pollen_transport","pollen",9,"cacao regeneration early","Understory","regeneration early"
"OG40","Hymenoptera","Partamona_aequatoriana","Clusia_magnoliiflora","pollen_transport","pollen",55,"old-growth forest","Understory","old-growth forest"
"OG40","Hymenoptera","Trigona_ferricauda","Clusia_magnoliiflora","pollen_transport","pollen",55,"old-growth forest","Understory","old-growth forest"
"OG41","Hymenoptera","Trigona_ferricauda","Clusia_magnoliiflora","pollen_transport","pollen",55,"old-growth forest","Understory","old-growth forest"
"OG48","Hymenoptera","Trigona_ferricauda","Clusia_magnoliiflora","pollen_transport","pollen",55,"old-growth forest","Understory","old-growth forest"
"OG48","Hymenoptera","Trigona_guianae","Clusia_magnoliiflora","pollen_transport","pollen",55,"old-growth forest","Understory","old-growth forest"
"OG50","Hymenoptera","Trigona_corvina","Clusia_magnoliiflora","pollen_transport","pollen",55,"old-growth forest","Understory","old-growth forest"
"OG50","Hymenoptera","Trigona_fulviventris","Clusia_magnoliiflora","pollen_transport","pollen",55,"old-growth forest","Understory","old-growth forest"
"OG51","Hymenoptera","Trigona_ferricauda","Clusia_magnoliiflora","pollen_transport","pollen",55,"old-growth forest","Understory","old-growth forest"
"OG51","Hymenoptera","Trigona_guianae","Clusia_magnoliiflora","pollen_transport","pollen",55,"old-growth forest","Understory","old-growth forest"
"OG52","Hymenoptera","Trigona_ferricauda","Clusia_magnoliiflora","pollen_transport","pollen",55,"old-growth forest","Understory","old-growth forest"
"CR01","Hymenoptera","Paratrigona_opaca","Clusia_nemorosa","pollen_transport","pollen",6,"cacao regeneration early","Understory","regeneration early"
"CR14","Hymenoptera","Trigonisca_cf_pediculana","Clusia_nemorosa","pollen_transport","pollen",38,"cacao regeneration late","Canopy","regeneration late"
"PR25","Hymenoptera","Trigona_nigerrima","Clusia_nemorosa","pollen_transport","pollen",6,"pasture regeneration early","Understory","regeneration early"
"OG28","Hymenoptera","Dolichotrigona_schulthessi","Clusia_nemorosa","pollen_transport","pollen",55,"old-growth forest","Canopy","old-growth forest"
"OG28","Hymenoptera","Trigonisca_atomaria","Clusia_nemorosa","pollen_transport","pollen",55,"old-growth forest","Canopy","old-growth forest"
"CA61","Hymenoptera","Trigona_silvestriana","Clusia_rigida","pollen_transport","pollen",0,"active cacao","Understory","regeneration early"
"CR02","Hymenoptera","Ptilotrigona_occidentalis","Clusia_rigida","pollen_transport","pollen",8,"cacao regeneration early","Understory","regeneration early"
"CR03","Hymenoptera","Trigona_fulviventris","Clusia_rigida","pollen_transport","pollen",5,"cacao regeneration early","Understory","regeneration early"
"CR07","Hymenoptera","Trigona_silvestriana","Clusia_rigida","pollen_transport","pollen",23,"cacao regeneration late","Understory","regeneration late"
"OG45","Hymenoptera","Trigona_silvestriana","Clusia_rigida","pollen_transport","pollen",55,"old-growth forest","Understory","old-growth forest"
"OG46","Hymenoptera","Partamona_sp","Clusia_rigida","pollen_transport","pollen",55,"old-growth forest","Understory","old-growth forest"
"OG47","Hymenoptera","Trigona_guianae","Clusia_rigida","pollen_transport","pollen",55,"old-growth forest","Understory","old-growth forest"
"PA58","Hymenoptera","Trigona_cilipes","Clusia_rigida","pollen_transport","pollen",0,"active pasture","Understory","regeneration early"
"PR23","Hymenoptera","Trigona_cilipes","Clusia_rigida","pollen_transport","pollen",1,"pasture regeneration early","Canopy","regeneration early"
"CR02","Hymenoptera","Ptilotrigona_occidentalis","Clusia_sp._JA_3854","pollen_transport","pollen",8,"cacao regeneration early","Understory","regeneration early"
"OG37","Hymenoptera","Partamona_aequatoriana","Clusia_sp._JA_3854","pollen_transport","pollen",55,"old-growth forest","Understory","old-growth forest"
"CR01","Hymenoptera","Paratrigona_opaca","Clusia_spc","pollen_transport","pollen",6,"cacao regeneration early","Understory","regeneration early"
"CR01","Hymenoptera","Ptilotrigona_occidentalis","Clusia_spc","pollen_transport","pollen",6,"cacao regeneration early","Understory","regeneration early"
"CR01","Hymenoptera","Trigona_silvestriana","Clusia_spc","pollen_transport","pollen",6,"cacao regeneration early","Understory","regeneration early"
"CR04","Hymenoptera","Partamona_aequatoriana","Clusia_spc","pollen_transport","pollen",21,"cacao regeneration late","Understory","regeneration late"
"CR04","Hymenoptera","Trigona_silvestriana","Clusia_spc","pollen_transport","pollen",21,"cacao regeneration late","Understory","regeneration late"
"CR06","Hymenoptera","Tetragona_perangulata","Clusia_spc","pollen_transport","pollen",33,"cacao regeneration late","Understory","regeneration late"
"CR12","Hymenoptera","Trigona_fulviventris","Clusia_spc","pollen_transport","pollen",15,"cacao regeneration late","Understory","regeneration late"
"CR14","Hymenoptera","Partamona_aequatoriana","Clusia_spc","pollen_transport","pollen",38,"cacao regeneration late","Understory","regeneration late"
"OG37","Hymenoptera","Partamona_aequatoriana","Clusia_spc","pollen_transport","pollen",55,"old-growth forest","Understory","old-growth forest"
"OG37","Hymenoptera","Partamona_sp","Clusia_spc","pollen_transport","pollen",55,"old-growth forest","Understory","old-growth forest"
"OG37","Hymenoptera","Trigona_nigerrima","Clusia_spc","pollen_transport","pollen",55,"old-growth forest","Understory","old-growth forest"
"OG37","Hymenoptera","Trigona_silvestriana","Clusia_spc","pollen_transport","pollen",55,"old-growth forest","Understory","old-growth forest"
"OG38","Hymenoptera","Partamona_aequatoriana","Clusia_spc","pollen_transport","pollen",55,"old-growth forest","Canopy","old-growth forest"
"OG39","Hymenoptera","Trigona_silvestriana","Clusia_spc","pollen_transport","pollen",55,"old-growth forest","Understory","old-growth forest"
"OG40","Hymenoptera","Trigona_ferricauda","Clusia_spc","pollen_transport","pollen",55,"old-growth forest","Understory","old-growth forest"
"OG41","Hymenoptera","Partamona_nr_peckolti","Clusia_spc","pollen_transport","pollen",55,"old-growth forest","Canopy","old-growth forest"
"OG42","Hymenoptera","Partamona_nr_peckolti","Clusia_spc","pollen_transport","pollen",55,"old-growth forest","Canopy","old-growth forest"
"OG45","Hymenoptera","Partamona_aequatoriana","Clusia_spc","pollen_transport","pollen",55,"old-growth forest","Understory","old-growth forest"
"OG46","Hymenoptera","Partamona_aequatoriana","Clusia_spc","pollen_transport","pollen",55,"old-growth forest","Understory","old-growth forest"
"OG46","Hymenoptera","Trigona_ferricauda","Clusia_spc","pollen_transport","pollen",55,"old-growth forest","Understory","old-growth forest"
"OG46","Hymenoptera","Trigona_guianae","Clusia_spc","pollen_transport","pollen",55,"old-growth forest","Understory","old-growth forest"
"OG47","Hymenoptera","Trigona_fulviventris","Clusia_spc","pollen_transport","pollen",55,"old-growth forest","Understory","old-growth forest"
"OG47","Hymenoptera","Trigona_silvestriana","Clusia_spc","pollen_transport","pollen",55,"old-growth forest","Understory","old-growth forest"
"OG48","Hymenoptera","Trigona_fulviventris","Clusia_spc","pollen_transport","pollen",55,"old-growth forest","Understory","old-growth forest"
"OG49","Hymenoptera","Trigona_nigerrima","Clusia_spc","pollen_transport","pollen",55,"old-growth forest","Understory","old-growth forest"
"PA53","Hymenoptera","Tetragona_perangulata","Clusia_spc","pollen_transport","pollen",0,"active pasture","Understory","regeneration early"
"PA53","Hymenoptera","Trigona_silvestriana","Clusia_spc","pollen_transport","pollen",0,"active pasture","Understory","regeneration early"
"PA58","Hymenoptera","Trigona_silvestriana","Clusia_spc","pollen_transport","pollen",0,"active pasture","Understory","regeneration early"
"PR20","Hymenoptera","Trigona_ferricauda","Clusia_spc","pollen_transport","pollen",4,"pasture regeneration early","Understory","regeneration early"
"PR25","Hymenoptera","Trigona_silvestriana","Clusia_spc","pollen_transport","pollen",6,"pasture regeneration early","Understory","regeneration early"
"PR32","Hymenoptera","Trigona_muzoensis","Clusia_spc","pollen_transport","pollen",16,"pasture regeneration late","Understory","regeneration late"
"OG38","Hymenoptera","Trigona_silvestriana","Clusia_valerioi","pollen_transport","pollen",55,"old-growth forest","Understory","old-growth forest"
"PR31","Hymenoptera","Trigona_silvestriana","Clusia_valerioi","pollen_transport","pollen",16,"pasture regeneration late","Understory","regeneration late"
"OG48","Hymenoptera","Trigona_silvestriana","Clusiaceae_spc","pollen_transport","pollen",55,"old-growth forest","Understory","old-growth forest"
"OG47","Hymenoptera","Trigona_guianae","Columnea_colombiana","pollen_transport","pollen",55,"old-growth forest","Understory","old-growth forest"
"CR01","Hymenoptera","Trigona_fulviventris","Columnea_rubriacuta","pollen_transport","pollen",6,"cacao regeneration early","Understory","regeneration early"
"PR20","Hymenoptera","Trigona_ferricauda","Columnea_rubriacuta","pollen_transport","pollen",4,"pasture regeneration early","Understory","regeneration early"
"PA58","Hymenoptera","Trigona_cilipes","Condea_verticillata","pollen_transport","pollen",0,"active pasture","Understory","regeneration early"
"OG42","Hymenoptera","Melipona_(Michmelia)_solani","Conostegia_cuatrecasasii","pollen_transport","pollen",55,"old-growth forest","Understory","old-growth forest"
"OG43","Hymenoptera","Tetragonisca_angustula","Conostegia_sp.1","pollen_transport","pollen",55,"old-growth forest","Canopy","old-growth forest"
"CR01","Hymenoptera","Trigona_silvestriana","Cordia_alliodora","pollen_transport","pollen",6,"cacao regeneration early","Understory","regeneration early"
"OG41","Hymenoptera","Oxytrigona_isthmina","Coussapoa_villosa","pollen_transport","pollen",55,"old-growth forest","Understory","old-growth forest"
"OG43","Hymenoptera","Trigonisca_cf_buyssoni","Coussapoa_villosa","pollen_transport","pollen",55,"old-growth forest","Canopy","old-growth forest"
"OG50","Hymenoptera","Trigona_guianae","Coussapoa_villosa","pollen_transport","pollen",55,"old-growth forest","Understory","old-growth forest"
"OG28","Hymenoptera","Trigonisca_cf_pediculana","Coussapoa_villosa","pollen_transport","pollen",55,"old-growth forest","Understory","old-growth forest"
"CR04","Hymenoptera","Trigonisca_cf_buyssoni","Croton_tessmannii","pollen_transport","pollen",21,"cacao regeneration late","Canopy","regeneration late"
"OG50","Hymenoptera","Trigona_silvestriana","Cybianthus_kayapii","pollen_transport","pollen",55,"old-growth forest","Understory","old-growth forest"
"PR34","Hymenoptera","Partamona_aequatoriana","Cybianthus_kayapii","pollen_transport","pollen",38,"pasture regeneration late","Understory","regeneration late"
"PR36","Hymenoptera","Partamona_aequatoriana","Cybianthus_kayapii","pollen_transport","pollen",9,"pasture regeneration early","Understory","regeneration early"
"CA60","Hymenoptera","Tetragona_ziegleri","Dacryodes_cupularis","pollen_transport","pollen",0,"active cacao","Understory","regeneration early"
"CR02","Hymenoptera","Trigona_fulviventris","Dacryodes_cupularis","pollen_transport","pollen",8,"cacao regeneration early","Understory","regeneration early"
"CR03","Hymenoptera","Trigona_fulviventris","Dacryodes_cupularis","pollen_transport","pollen",5,"cacao regeneration early","Understory","regeneration early"
"CR06","Hymenoptera","Trigona_guianae","Dacryodes_cupularis","pollen_transport","pollen",33,"cacao regeneration late","Understory","regeneration late"
"OG39","Hymenoptera","Trigona_ferricauda","Dacryodes_cupularis","pollen_transport","pollen",55,"old-growth forest","Understory","old-growth forest"
"OG52","Hymenoptera","Trigona_guianae","Dacryodes_cupularis","pollen_transport","pollen",55,"old-growth forest","Understory","old-growth forest"
"PA55","Hymenoptera","Trigona_fulviventris","Dacryodes_cupularis","pollen_transport","pollen",0,"active pasture","Understory","regeneration early"
"PR24","Hymenoptera","Trigona_fulviventris","Dacryodes_cupularis","pollen_transport","pollen",21,"pasture regeneration late","Understory","regeneration late"
"PR26","Hymenoptera","Trigona_fulviventris","Dacryodes_cupularis","pollen_transport","pollen",28,"pasture regeneration late","Understory","regeneration late"
"CR11","Hymenoptera","Scaptotrigona_postica_group_b","Dalbergia_spc","pollen_transport","pollen",23,"cacao regeneration late","Understory","regeneration late"
"OG38","Hymenoptera","Scaptotrigona_(Scaptotrigona)_sp","Dendropanax_macrophyllum","pollen_transport","pollen",55,"old-growth forest","Understory","old-growth forest"
"CA62","Hymenoptera","Tetragona_perangulata","Digitaria_sanguinalis","pollen_transport","pollen",0,"active cacao","Understory","regeneration early"
"OG50","Hymenoptera","Trigona_corvina","Elephantopus_mollis","pollen_transport","pollen",55,"old-growth forest","Understory","old-growth forest"
"CA60","Hymenoptera","Cephalotrigona_sp","Emilia_sonchifolia","pollen_transport","pollen",0,"active cacao","Understory","regeneration early"
"CA60","Hymenoptera","Partamona_aequatoriana","Emilia_sonchifolia","pollen_transport","pollen",0,"active cacao","Understory","regeneration early"
"CA60","Hymenoptera","Partamona_nr_peckolti","Emilia_sonchifolia","pollen_transport","pollen",0,"active cacao","Understory","regeneration early"
"CA60","Hymenoptera","Partamona_sp","Emilia_sonchifolia","pollen_transport","pollen",0,"active cacao","Understory","regeneration early"
"CA60","Hymenoptera","Tetragonisca_buchwaldi","Emilia_sonchifolia","pollen_transport","pollen",0,"active cacao","Understory","regeneration early"
"PA56","Hymenoptera","Trigona_ferricauda","Emilia_sonchifolia","pollen_transport","pollen",0,"active pasture","Understory","regeneration early"
"PR33","Hymenoptera","Tetragona_ziegleri","Emilia_sonchifolia","pollen_transport","pollen",1,"pasture regeneration early","Understory","regeneration early"
"CA60","Hymenoptera","Cephalotrigona_sp","Emilia_spc","pollen_transport","pollen",0,"active cacao","Understory","regeneration early"
"CA60","Hymenoptera","Partamona_aequatoriana","Emilia_spc","pollen_transport","pollen",0,"active cacao","Understory","regeneration early"
"CA60","Hymenoptera","Partamona_nr_peckolti","Emilia_spc","pollen_transport","pollen",0,"active cacao","Understory","regeneration early"
"CA60","Hymenoptera","Partamona_sp","Emilia_spc","pollen_transport","pollen",0,"active cacao","Understory","regeneration early"
"CA60","Hymenoptera","Tetragona_perangulata","Emilia_spc","pollen_transport","pollen",0,"active cacao","Understory","regeneration early"
"CA60","Hymenoptera","Tetragonisca_buchwaldi","Emilia_spc","pollen_transport","pollen",0,"active cacao","Understory","regeneration early"
"CA62","Hymenoptera","Tetragonisca_angustula","Emilia_spc","pollen_transport","pollen",0,"active cacao","Understory","regeneration early"
"PA56","Hymenoptera","Trigona_ferricauda","Emilia_spc","pollen_transport","pollen",0,"active pasture","Understory","regeneration early"
"PR33","Hymenoptera","Tetragona_ziegleri","Emilia_spc","pollen_transport","pollen",1,"pasture regeneration early","Understory","regeneration early"
"CR02","Hymenoptera","Ptilotrigona_occidentalis","Eschweilera_rimbachii","pollen_transport","pollen",8,"cacao regeneration early","Understory","regeneration early"
"OG45","Hymenoptera","Partamona_sp","Eschweilera_rimbachii","pollen_transport","pollen",55,"old-growth forest","Understory","old-growth forest"
"PR19","Hymenoptera","Scaptotrigona_(Gymnotrigona)_sp","Eschweilera_rimbachii","pollen_transport","pollen",6,"pasture regeneration early","Understory","regeneration early"
"PR33","Hymenoptera","Partamona_aequatoriana","Eschweilera_rimbachii","pollen_transport","pollen",1,"pasture regeneration early","Understory","regeneration early"
"PA55","Hymenoptera","Tetragona_perangulata","Eugenia_crassimarginata","pollen_transport","pollen",0,"active pasture","Understory","regeneration early"
"CA62","Hymenoptera","Tetragonisca_angustula","Eugenia_multirimosa","pollen_transport","pollen",0,"active cacao","Understory","regeneration early"
"OG41","Hymenoptera","Trigona_silvestriana","Eugenia_oerstediana","pollen_transport","pollen",55,"old-growth forest","Understory","old-growth forest"
"CR04","Hymenoptera","Partamona_aequatoriana","Exarata_chocoensis","pollen_transport","pollen",21,"cacao regeneration late","Understory","regeneration late"
"OG37","Hymenoptera","Trigona_nigerrima","Ficus_maxima","pollen_transport","pollen",55,"old-growth forest","Understory","old-growth forest"
"OG37","Hymenoptera","Trigona_silvestriana","Ficus_maxima","pollen_transport","pollen",55,"old-growth forest","Understory","old-growth forest"
"OG40","Hymenoptera","Partamona_aequatoriana","Ficus_maxima","pollen_transport","pollen",55,"old-growth forest","Understory","old-growth forest"
"OG45","Hymenoptera","Trigona_silvestriana","Ficus_maxima","pollen_transport","pollen",55,"old-growth forest","Understory","old-growth forest"
"PA55","Hymenoptera","Trigona_silvestriana","Ficus_maxima","pollen_transport","pollen",0,"active pasture","Understory","regeneration early"
"CR01","Hymenoptera","Trigona_silvestriana","Ficus_pertusa","pollen_transport","pollen",6,"cacao regeneration early","Understory","regeneration early"
"CR03","Hymenoptera","Trigona_silvestriana","Ficus_pertusa","pollen_transport","pollen",5,"cacao regeneration early","Understory","regeneration early"
"CR09","Hymenoptera","Trigona_silvestriana","Ficus_pertusa","pollen_transport","pollen",6,"cacao regeneration early","Understory","regeneration early"
"OG41","Hymenoptera","Partamona_nr_peckolti","Fleischmannia_pycnocephala","pollen_transport","pollen",55,"old-growth forest","Canopy","old-growth forest"
"OG42","Hymenoptera","Tetragona_ziegleri","Fleischmannia_pycnocephala","pollen_transport","pollen",55,"old-growth forest","Understory","old-growth forest"
"CA60","Hymenoptera","Tetragona_ziegleri","Garcinia_madruno","pollen_transport","pollen",0,"active cacao","Understory","regeneration early"
"CA62","Hymenoptera","Tetragonisca_angustula","Garcinia_madruno","pollen_transport","pollen",0,"active cacao","Understory","regeneration early"
"CA63","Hymenoptera","Tetragonisca_angustula","Garcinia_madruno","pollen_transport","pollen",0,"active cacao","Understory","regeneration early"
"CR05","Hymenoptera","Tetragona_ziegleri","Garcinia_madruno","pollen_transport","pollen",12,"cacao regeneration early","Understory","regeneration early"
"OG38","Hymenoptera","Trigona_silvestriana","Garcinia_madruno","pollen_transport","pollen",55,"old-growth forest","Canopy","old-growth forest"
"OG40","Hymenoptera","Trigonisca_cf_buyssoni","Garcinia_madruno","pollen_transport","pollen",55,"old-growth forest","Canopy","old-growth forest"
"OG41","Hymenoptera","Tetragona_ziegleri","Garcinia_madruno","pollen_transport","pollen",55,"old-growth forest","Understory","old-growth forest"
"OG42","Hymenoptera","Partamona_aequatoriana","Garcinia_madruno","pollen_transport","pollen",55,"old-growth forest","Understory","old-growth forest"
"OG43","Hymenoptera","Trigona_silvestriana","Garcinia_madruno","pollen_transport","pollen",55,"old-growth forest","Understory","old-growth forest"
"PA57","Hymenoptera","Tetragona_ziegleri","Garcinia_madruno","pollen_transport","pollen",0,"active pasture","Understory","regeneration early"
"PR19","Hymenoptera","Trigona_guianae","Garcinia_madruno","pollen_transport","pollen",6,"pasture regeneration early","Understory","regeneration early"
"PR32","Hymenoptera","Trigona_silvestriana","Garcinia_madruno","pollen_transport","pollen",16,"pasture regeneration late","Understory","regeneration late"
"PR29","Hymenoptera","Trigona_guianae","Gasteranthus_calcaratus","pollen_transport","pollen",6,"pasture regeneration early","Understory","regeneration early"
"PR30","Hymenoptera","Trigona_ferricauda","Gasteranthus_calcaratus","pollen_transport","pollen",15,"pasture regeneration late","Understory","regeneration late"
"PR30","Hymenoptera","Trigona_ferricauda","Gasteranthus_villosus","pollen_transport","pollen",15,"pasture regeneration late","Understory","regeneration late"
"CR14","Hymenoptera","Trigona_fulviventris","Grias_colombiana","pollen_transport","pollen",38,"cacao regeneration late","Understory","regeneration late"
"CA61","Hymenoptera","Trigona_guianae","Guarea_guentheri","pollen_transport","pollen",0,"active cacao","Understory","regeneration early"
"CR03","Hymenoptera","Partamona_aequatoriana","Guarea_guentheri","pollen_transport","pollen",5,"cacao regeneration early","Understory","regeneration early"
"CR17","Hymenoptera","Trigona_silvestriana","Guarea_guentheri","pollen_transport","pollen",9,"cacao regeneration early","Understory","regeneration early"
"OG38","Hymenoptera","Partamona_aequatoriana","Guarea_guentheri","pollen_transport","pollen",55,"old-growth forest","Understory","old-growth forest"
"OG41","Hymenoptera","Trigonisca_cf_buyssoni","Guarea_guentheri","pollen_transport","pollen",55,"old-growth forest","Canopy","old-growth forest"
"OG46","Hymenoptera","Trigonisca_cf_buyssoni","Guarea_guentheri","pollen_transport","pollen",55,"old-growth forest","Understory","old-growth forest"
"OG47","Hymenoptera","Nogueirapis_mirandula","Guarea_guentheri","pollen_transport","pollen",55,"old-growth forest","Understory","old-growth forest"
"OG47","Hymenoptera","Trigona_guianae","Guarea_guentheri","pollen_transport","pollen",55,"old-growth forest","Understory","old-growth forest"
"OG49","Hymenoptera","Partamona_nr_peckolti","Guarea_guentheri","pollen_transport","pollen",55,"old-growth forest","Understory","old-growth forest"
"OG51","Hymenoptera","Trigonisca_atomaria","Guarea_guentheri","pollen_transport","pollen",55,"old-growth forest","Canopy","old-growth forest"
"OG52","Hymenoptera","Tetragonisca_buchwaldi","Guarea_guentheri","pollen_transport","pollen",55,"old-growth forest","Canopy","old-growth forest"
"OG52","Hymenoptera","Trigonisca_atomaria","Guarea_guentheri","pollen_transport","pollen",55,"old-growth forest","Canopy","old-growth forest"
"PR36","Hymenoptera","Tetragonisca_buchwaldi","Guarea_guentheri","pollen_transport","pollen",9,"pasture regeneration early","Understory","regeneration early"
"OG47","Hymenoptera","Trigonisca_atomaria","Heisteria_concinna","pollen_transport","pollen",55,"old-growth forest","Canopy","old-growth forest"
"OG45","Hymenoptera","Partamona_sp","Henriettella_odorata","pollen_transport","pollen",55,"old-growth forest","Understory","old-growth forest"
"CA62","Hymenoptera","Partamona_nr_peckolti","Hieronyma_alchorneoides","pollen_transport","pollen",0,"active cacao","Understory","regeneration early"
"CR17","Hymenoptera","Trigona_silvestriana","Hieronyma_alchorneoides","pollen_transport","pollen",9,"cacao regeneration early","Understory","regeneration early"
"OG46","Hymenoptera","Scaptotrigona_postica_group_b","Hieronyma_alchorneoides","pollen_transport","pollen",55,"old-growth forest","Understory","old-growth forest"
"OG47","Hymenoptera","Nogueirapis_mirandula","Hieronyma_alchorneoides","pollen_transport","pollen",55,"old-growth forest","Understory","old-growth forest"
"OG49","Hymenoptera","Partamona_nr_peckolti","Hieronyma_alchorneoides","pollen_transport","pollen",55,"old-growth forest","Canopy","old-growth forest"
"OG51","Hymenoptera","Trigonisca_atomaria","Hieronyma_alchorneoides","pollen_transport","pollen",55,"old-growth forest","Canopy","old-growth forest"
"CR14","Hymenoptera","Trigona_fulviventris","Hoffmannia_nicotianifolia","pollen_transport","pollen",38,"cacao regeneration late","Understory","regeneration late"
"OG38","Hymenoptera","Trigona_silvestriana","Huberodendron_patinoi","pollen_transport","pollen",55,"old-growth forest","Canopy","old-growth forest"
"CA63","Hymenoptera","Tetragonisca_angustula","Hydrocotyle_spc","pollen_transport","pollen",0,"active cacao","Understory","regeneration early"
"CA60","Hymenoptera","Cephalotrigona_sp","Hyptis_atrorubens","pollen_transport","pollen",0,"active cacao","Understory","regeneration early"
"CA60","Hymenoptera","Partamona_sp","Hyptis_atrorubens","pollen_transport","pollen",0,"active cacao","Understory","regeneration early"
"CA60","Hymenoptera","Scaptotrigona_postica_group_b","Hyptis_atrorubens","pollen_transport","pollen",0,"active cacao","Understory","regeneration early"
"CA61","Hymenoptera","Tetragona_perangulata","Hyptis_atrorubens","pollen_transport","pollen",0,"active cacao","Understory","regeneration early"
"PR22","Hymenoptera","Scaptotrigona_(Gymnotrigona)_sp","Hyptis_atrorubens","pollen_transport","pollen",12,"pasture regeneration early","Understory","regeneration early"
"PR33","Hymenoptera","Trigona_ferricauda","Hyptis_atrorubens","pollen_transport","pollen",1,"pasture regeneration early","Understory","regeneration early"
"CA63","Hymenoptera","Tetragonisca_angustula","Hyptis_lappulacea","pollen_transport","pollen",0,"active cacao","Understory","regeneration early"
"CA63","Hymenoptera","Trigona_guianae","Hyptis_lappulacea","pollen_transport","pollen",0,"active cacao","Understory","regeneration early"
"PA53","Hymenoptera","Tetragona_perangulata","Hyptis_ramosa","pollen_transport","pollen",0,"active pasture","Understory","regeneration early"
"PA58","Hymenoptera","Trigona_cilipes","Hyptis_ramosa","pollen_transport","pollen",0,"active pasture","Understory","regeneration early"
"PR34","Hymenoptera","Trigona_silvestriana","Lamiales_spc","pollen_transport","pollen",38,"pasture regeneration late","Understory","regeneration late"
"OG42","Hymenoptera","Dolichotrigona_schulthessi","Lantana_achyranthifolia","pollen_transport","pollen",55,"old-growth forest","Canopy","old-growth forest"
"OG38","Hymenoptera","Partamona_aequatoriana","Lantana_trifolia","pollen_transport","pollen",55,"old-growth forest","Canopy","old-growth forest"
"OG42","Hymenoptera","Dolichotrigona_schulthessi","Lantana_trifolia","pollen_transport","pollen",55,"old-growth forest","Canopy","old-growth forest"
"CA63","Hymenoptera","Trigona_corvina","Laportea_aestuans","pollen_transport","pollen",0,"active cacao","Understory","regeneration early"
"CA64","Hymenoptera","Trigona_nigerrima","Loranthaceae_spc","pollen_transport","pollen",0,"active cacao","Understory","regeneration early"
"CR04","Hymenoptera","Nogueirapis_mirandula","Loranthaceae_spc","pollen_transport","pollen",21,"cacao regeneration late","Understory","regeneration late"
"CR04","Hymenoptera","Trigona_silvestriana","Loranthaceae_spc","pollen_transport","pollen",21,"cacao regeneration late","Understory","regeneration late"
"OG37","Hymenoptera","Partamona_sp","Loranthaceae_spc","pollen_transport","pollen",55,"old-growth forest","Understory","old-growth forest"
"OG37","Hymenoptera","Trigona_nigerrima","Loranthaceae_spc","pollen_transport","pollen",55,"old-growth forest","Understory","old-growth forest"
"OG39","Hymenoptera","Trigona_nigerrima","Loranthaceae_spc","pollen_transport","pollen",55,"old-growth forest","Understory","old-growth forest"
"OG47","Hymenoptera","Trigona_nigerrima","Loranthaceae_spc","pollen_transport","pollen",55,"old-growth forest","Understory","old-growth forest"
"PR20","Hymenoptera","Tetragonisca_buchwaldi","Loranthaceae_spc","pollen_transport","pollen",4,"pasture regeneration early","Understory","regeneration early"
"PR20","Hymenoptera","Trigona_nigerrima","Loranthaceae_spc","pollen_transport","pollen",4,"pasture regeneration early","Understory","regeneration early"
"PR25","Hymenoptera","Tetragonisca_angustula","Loranthaceae_spc","pollen_transport","pollen",6,"pasture regeneration early","Understory","regeneration early"
"PR25","Hymenoptera","Trigona_nigerrima","Loranthaceae_spc","pollen_transport","pollen",6,"pasture regeneration early","Understory","regeneration early"
"PR26","Hymenoptera","Trigona_fulviventris","Loranthaceae_spc","pollen_transport","pollen",28,"pasture regeneration late","Understory","regeneration late"
"PR26","Hymenoptera","Trigona_guianae","Loranthaceae_spc","pollen_transport","pollen",28,"pasture regeneration late","Understory","regeneration late"
"OG41","Hymenoptera","Trigona_ferricauda","Ludwigia_erecta","pollen_transport","pollen",55,"old-growth forest","Understory","old-growth forest"
"PA54","Hymenoptera","Trigona_guianae","Ludwigia_erecta","pollen_transport","pollen",0,"active pasture","Understory","regeneration early"
"PR26","Hymenoptera","Trigona_guianae","Ludwigia_erecta","pollen_transport","pollen",28,"pasture regeneration late","Understory","regeneration late"
"CA61","Hymenoptera","Scaptotrigona_postica_group_b","Magnoliopsida_spc","pollen_transport","pollen",0,"active cacao","Understory","regeneration early"
"CA62","Hymenoptera","Trigona_ferricauda","Magnoliopsida_spc","pollen_transport","pollen",0,"active cacao","Understory","regeneration early"
"CA64","Hymenoptera","Trigona_nigerrima","Magnoliopsida_spc","pollen_transport","pollen",0,"active cacao","Understory","regeneration early"
"CR02","Hymenoptera","Trigona_silvestriana","Magnoliopsida_spc","pollen_transport","pollen",8,"cacao regeneration early","Understory","regeneration early"
"CR05","Hymenoptera","Trigona_silvestriana","Magnoliopsida_spc","pollen_transport","pollen",12,"cacao regeneration early","Understory","regeneration early"
"CR06","Hymenoptera","Partamona_aequatoriana","Magnoliopsida_spc","pollen_transport","pollen",33,"cacao regeneration late","Understory","regeneration late"
"CR12","Hymenoptera","Trigona_silvestriana","Magnoliopsida_spc","pollen_transport","pollen",15,"cacao regeneration late","Understory","regeneration late"
"OG38","Hymenoptera","Partamona_aequatoriana","Magnoliopsida_spc","pollen_transport","pollen",55,"old-growth forest","Understory","old-growth forest"
"OG41","Hymenoptera","Partamona_aequatoriana","Magnoliopsida_spc","pollen_transport","pollen",55,"old-growth forest","Understory","old-growth forest"
"OG45","Hymenoptera","Trigona_silvestriana","Magnoliopsida_spc","pollen_transport","pollen",55,"old-growth forest","Understory","old-growth forest"
"OG50","Hymenoptera","Trigona_guianae","Magnoliopsida_spc","pollen_transport","pollen",55,"old-growth forest","Understory","old-growth forest"
"PA53","Hymenoptera","Scaptotrigona_postica_group_b","Magnoliopsida_spc","pollen_transport","pollen",0,"active pasture","Understory","regeneration early"
"PA53","Hymenoptera","Trigona_silvestriana","Magnoliopsida_spc","pollen_transport","pollen",0,"active pasture","Understory","regeneration early"
"PA57","Hymenoptera","Trigona_cilipes","Magnoliopsida_spc","pollen_transport","pollen",0,"active pasture","Understory","regeneration early"
"PR22","Hymenoptera","Trigonisca_atomaria","Magnoliopsida_spc","pollen_transport","pollen",12,"pasture regeneration early","Understory","regeneration early"
"PR26","Hymenoptera","Trigonisca_cf_buyssoni","Magnoliopsida_spc","pollen_transport","pollen",28,"pasture regeneration late","Canopy","regeneration late"
"PR27","Hymenoptera","Partamona_nr_peckolti","Magnoliopsida_spc","pollen_transport","pollen",27,"pasture regeneration late","Understory","regeneration late"
"PR31","Hymenoptera","Trigona_silvestriana","Magnoliopsida_spc","pollen_transport","pollen",16,"pasture regeneration late","Understory","regeneration late"
"CA64","Hymenoptera","Trigona_ferricauda","Malpighiaceae_spc","pollen_transport","pollen",0,"active cacao","Understory","regeneration early"
"PR32","Hymenoptera","Trigona_muzoensis","Malpighiaceae_spc","pollen_transport","pollen",16,"pasture regeneration late","Understory","regeneration late"
"OG49","Hymenoptera","Trigona_nigerrima","Malpighiales_spc","pollen_transport","pollen",55,"old-growth forest","Canopy","old-growth forest"
"CR14","Hymenoptera","Trigonisca_atomaria","Manekia_naranjoana","pollen_transport","pollen",38,"cacao regeneration late","Canopy","regeneration late"
"CR14","Hymenoptera","Trigonisca_cf_buyssoni","Manekia_naranjoana","pollen_transport","pollen",38,"cacao regeneration late","Canopy","regeneration late"
"CR14","Hymenoptera","Trigonisca_cf_pediculana","Manekia_naranjoana","pollen_transport","pollen",38,"cacao regeneration late","Canopy","regeneration late"
"CA59","Hymenoptera","Tetragona_perangulata","Manihot_esculenta","pollen_transport","pollen",0,"active cacao","Understory","regeneration early"
"CR16","Hymenoptera","Trigonisca_cf_pediculana","Manihot_esculenta","pollen_transport","pollen",8,"cacao regeneration early","Understory","regeneration early"
"CA64","Hymenoptera","Trigona_nigerrima","Marila_alternifolia","pollen_transport","pollen",0,"active cacao","Understory","regeneration early"
"PR26","Hymenoptera","Trigona_silvestriana","Marila_alternifolia","pollen_transport","pollen",28,"pasture regeneration late","Understory","regeneration late"
"PR26","Hymenoptera","Trigona_silvestriana","Marila_laxiflora","pollen_transport","pollen",28,"pasture regeneration late","Understory","regeneration late"
"CR11","Hymenoptera","Scaptotrigona_postica_group_b","Matayba_scrobiculata","pollen_transport","pollen",23,"cacao regeneration late","Understory","regeneration late"
"CR13","Hymenoptera","Scaptotrigona_postica_group_b","Matayba_scrobiculata","pollen_transport","pollen",1,"cacao regeneration early","Understory","regeneration early"
"PR19","Hymenoptera","Trigona_ferricauda","Melothria_pendula","pollen_transport","pollen",6,"pasture regeneration early","Understory","regeneration early"
"PR19","Hymenoptera","Trigona_ferricauda","Melothria_scabra","pollen_transport","pollen",6,"pasture regeneration early","Understory","regeneration early"
"CR18","Hymenoptera","Trigona_silvestriana","Meriania_subumbellata","pollen_transport","pollen",10,"cacao regeneration early","Understory","regeneration early"
"CR02","Hymenoptera","Trigonisca_atomaria","Miconia_affinis","pollen_transport","pollen",8,"cacao regeneration early","Understory","regeneration early"
"CR02","Hymenoptera","Trigonisca_cf_pediculana","Miconia_affinis","pollen_transport","pollen",8,"cacao regeneration early","Understory","regeneration early"
"OG37","Hymenoptera","Partamona_sp","Miconia_affinis","pollen_transport","pollen",55,"old-growth forest","Understory","old-growth forest"
"PA58","Hymenoptera","Trigona_cilipes","Miconia_affinis","pollen_transport","pollen",0,"active pasture","Understory","regeneration early"
"PR30","Hymenoptera","Ptilotrigona_occidentalis","Miconia_affinis","pollen_transport","pollen",15,"pasture regeneration late","Understory","regeneration late"
"PR34","Hymenoptera","Trigona_ferricauda","Miconia_affinis","pollen_transport","pollen",38,"pasture regeneration late","Understory","regeneration late"
"OG45","Hymenoptera","Scaptotrigona_(Gymnotrigona)_sp","Miconia_conocentronioides","pollen_transport","pollen",55,"old-growth forest","Understory","old-growth forest"
"CR01","Hymenoptera","Melipona_cf_fasciata","Miconia_cooperi","pollen_transport","pollen",6,"cacao regeneration early","Understory","regeneration early"
"OG48","Hymenoptera","Trigona_ferricauda","Miconia_cooperi","pollen_transport","pollen",55,"old-growth forest","Understory","old-growth forest"
"OG48","Hymenoptera","Trigona_guianae","Miconia_cooperi","pollen_transport","pollen",55,"old-growth forest","Understory","old-growth forest"
"OG48","Hymenoptera","Trigona_muzoensis","Miconia_cooperi","pollen_transport","pollen",55,"old-growth forest","Understory","old-growth forest"
"OG50","Hymenoptera","Partamona_aequatoriana","Miconia_cooperi","pollen_transport","pollen",55,"old-growth forest","Understory","old-growth forest"
"CR10","Hymenoptera","Dolichotrigona_schulthessi","Miconia_elata","pollen_transport","pollen",24,"cacao regeneration late","Understory","regeneration late"
"OG46","Hymenoptera","Trigona_ferricauda","Miconia_elata","pollen_transport","pollen",55,"old-growth forest","Understory","old-growth forest"
"CR14","Hymenoptera","Ptilotrigona_occidentalis","Miconia_laxivenula","pollen_transport","pollen",38,"cacao regeneration late","Understory","regeneration late"
"OG37","Hymenoptera","Nogueirapis_mirandula","Miconia_laxivenula","pollen_transport","pollen",55,"old-growth forest","Understory","old-growth forest"
"OG46","Hymenoptera","Trigona_ferricauda","Miconia_laxivenula","pollen_transport","pollen",55,"old-growth forest","Understory","old-growth forest"
"CA60","Hymenoptera","Partamona_nr_peckolti","Miconia_multiplicata","pollen_transport","pollen",0,"active cacao","Understory","regeneration early"
"OG38","Hymenoptera","Nogueirapis_mirandula","Miconia_multiplicata","pollen_transport","pollen",55,"old-growth forest","Understory","old-growth forest"
"OG38","Hymenoptera","Partamona_aequatoriana","Miconia_multiplicata","pollen_transport","pollen",55,"old-growth forest","Understory","old-growth forest"
"PR30","Hymenoptera","Trigonisca_atomaria","Miconia_multiplicata","pollen_transport","pollen",15,"pasture regeneration late","Understory","regeneration late"
"CR02","Hymenoptera","Trigona_ferricauda","Miconia_sp.1","pollen_transport","pollen",8,"cacao regeneration early","Understory","regeneration early"
"CR06","Hymenoptera","Trigona_guianae","Miconia_sp.1","pollen_transport","pollen",33,"cacao regeneration late","Understory","regeneration late"
"OG38","Hymenoptera","Partamona_aequatoriana","Miconia_sp.1","pollen_transport","pollen",55,"old-growth forest","Understory","old-growth forest"
"PA58","Hymenoptera","Trigona_cilipes","Miconia_sp.1","pollen_transport","pollen",0,"active pasture","Understory","regeneration early"
"PR22","Hymenoptera","Trigona_ferricauda","Miconia_sp.1","pollen_transport","pollen",12,"pasture regeneration early","Understory","regeneration early"
"PR23","Hymenoptera","Ptilotrigona_occidentalis","Miconia_sp.1","pollen_transport","pollen",1,"pasture regeneration early","Understory","regeneration early"
"PR23","Hymenoptera","Trigona_ferricauda","Miconia_sp.1","pollen_transport","pollen",1,"pasture regeneration early","Understory","regeneration early"
"PR23","Hymenoptera","Trigona_silvestriana","Miconia_sp.1","pollen_transport","pollen",1,"pasture regeneration early","Understory","regeneration early"
"PR24","Hymenoptera","Partamona_aequatoriana","Miconia_sp.1","pollen_transport","pollen",21,"pasture regeneration late","Understory","regeneration late"
"PR26","Hymenoptera","Trigona_cilipes","Mikania_cordifolia","pollen_transport","pollen",28,"pasture regeneration late","Understory","regeneration late"
"CA62","Hymenoptera","Partamona_nr_peckolti","Mikania_laevigata","pollen_transport","pollen",0,"active cacao","Understory","regeneration early"
"PR22","Hymenoptera","Scaptotrigona_(Gymnotrigona)_sp","Mikania_laevigata","pollen_transport","pollen",12,"pasture regeneration early","Understory","regeneration early"
"PR23","Hymenoptera","Tetragonisca_angustula","Mikania_micrantha","pollen_transport","pollen",1,"pasture regeneration early","Understory","regeneration early"
"PR26","Hymenoptera","Scaptotrigona_postica_group_b","Mikania_micrantha","pollen_transport","pollen",28,"pasture regeneration late","Understory","regeneration late"
"PR26","Hymenoptera","Trigona_cilipes","Mikania_micrantha","pollen_transport","pollen",28,"pasture regeneration late","Understory","regeneration late"
"PR26","Hymenoptera","Trigona_ferricauda","Mikania_micrantha","pollen_transport","pollen",28,"pasture regeneration late","Understory","regeneration late"
"PR36","Hymenoptera","Scaptotrigona_postica_group_b","Mikania_spc","pollen_transport","pollen",9,"pasture regeneration early","Understory","regeneration early"
"PR36","Hymenoptera","Tetragonisca_buchwaldi","Mikania_spc","pollen_transport","pollen",9,"pasture regeneration early","Understory","regeneration early"
"PA57","Hymenoptera","Tetragona_perangulata","Mikania_vitifolia","pollen_transport","pollen",0,"active pasture","Understory","regeneration early"
"PR22","Hymenoptera","Scaptotrigona_(Gymnotrigona)_sp","Mikania_vitifolia","pollen_transport","pollen",12,"pasture regeneration early","Understory","regeneration early"
"PR22","Hymenoptera","Tetragona_ziegleri","Mikania_vitifolia","pollen_transport","pollen",12,"pasture regeneration early","Understory","regeneration early"
"CR02","Hymenoptera","Ptilotrigona_occidentalis","Monopyle_macrocarpa","pollen_transport","pollen",8,"cacao regeneration early","Understory","regeneration early"
"CR02","Hymenoptera","Trigona_ferricauda","Monopyle_macrocarpa","pollen_transport","pollen",8,"cacao regeneration early","Understory","regeneration early"
"CR02","Hymenoptera","Trigona_fulviventris","Monopyle_macrocarpa","pollen_transport","pollen",8,"cacao regeneration early","Understory","regeneration early"
"CR02","Hymenoptera","Trigona_guianae","Monopyle_macrocarpa","pollen_transport","pollen",8,"cacao regeneration early","Understory","regeneration early"
"CR13","Hymenoptera","Trigona_ferricauda","Monopyle_macrocarpa","pollen_transport","pollen",1,"cacao regeneration early","Understory","regeneration early"
"CR16","Hymenoptera","Trigona_ferricauda","Monopyle_macrocarpa","pollen_transport","pollen",8,"cacao regeneration early","Understory","regeneration early"
"PA55","Hymenoptera","Trigona_fulviventris","Monopyle_macrocarpa","pollen_transport","pollen",0,"active pasture","Understory","regeneration early"
"PR32","Hymenoptera","Trigona_fulviventris","Monopyle_macrocarpa","pollen_transport","pollen",16,"pasture regeneration late","Understory","regeneration late"
"PR32","Hymenoptera","Trigona_guianae","Monopyle_macrocarpa","pollen_transport","pollen",16,"pasture regeneration late","Understory","regeneration late"
"CA63","Hymenoptera","Trigona_corvina","Moraceae_spc","pollen_transport","pollen",0,"active cacao","Understory","regeneration early"
"CR03","Hymenoptera","Trigona_silvestriana","Moraceae_spc","pollen_transport","pollen",5,"cacao regeneration early","Understory","regeneration early"
"OG39","Hymenoptera","Trigona_silvestriana","Moraceae_spc","pollen_transport","pollen",55,"old-growth forest","Understory","old-growth forest"
"OG41","Hymenoptera","Trigona_ferricauda","Moraceae_spc","pollen_transport","pollen",55,"old-growth forest","Understory","old-growth forest"
"OG43","Hymenoptera","Trigonisca_atomaria","Moraceae_spc","pollen_transport","pollen",55,"old-growth forest","Understory","old-growth forest"
"OG48","Hymenoptera","Trigona_silvestriana","Moraceae_spc","pollen_transport","pollen",55,"old-growth forest","Understory","old-growth forest"
"OG49","Hymenoptera","Trigonisca_atomaria","Moraceae_spc","pollen_transport","pollen",55,"old-growth forest","Canopy","old-growth forest"
"OG51","Hymenoptera","Trigona_silvestriana","Moraceae_spc","pollen_transport","pollen",55,"old-growth forest","Understory","old-growth forest"
"PR22","Hymenoptera","Trigona_silvestriana","Moraceae_spc","pollen_transport","pollen",12,"pasture regeneration early","Understory","regeneration early"
"OG28","Hymenoptera","Dolichotrigona_schulthessi","Moraceae_spc","pollen_transport","pollen",55,"old-growth forest","Canopy","old-growth forest"
"PR22","Hymenoptera","Trigonisca_atomaria","Musa_acuminata","pollen_transport","pollen",12,"pasture regeneration early","Understory","regeneration early"
"OG43","Hymenoptera","Trigona_silvestriana","Myrcia_aliena","pollen_transport","pollen",55,"old-growth forest","Understory","old-growth forest"
"PR33","Hymenoptera","Partamona_aequatoriana","Myrcia_fallax","pollen_transport","pollen",1,"pasture regeneration early","Understory","regeneration early"
"OG45","Hymenoptera","Partamona_sp","Myrcia_palustris","pollen_transport","pollen",55,"old-growth forest","Understory","old-growth forest"
"PR34","Hymenoptera","Partamona_aequatoriana","Myrcia_splendens","pollen_transport","pollen",38,"pasture regeneration late","Understory","regeneration late"
"OG52","Hymenoptera","Dolichotrigona_schulthessi","Myriocarpa_cordifolia","pollen_transport","pollen",55,"old-growth forest","Understory","old-growth forest"
"OG42","Hymenoptera","Partamona_aequatoriana","Neea_CR11-16","pollen_transport","pollen",55,"old-growth forest","Understory","old-growth forest"
"OG42","Hymenoptera","Partamona_aequatoriana","Neea_parviflora","pollen_transport","pollen",55,"old-growth forest","Understory","old-growth forest"
"PA57","Hymenoptera","Trigona_cilipes","Neurolaena_lobata","pollen_transport","pollen",0,"active pasture","Understory","regeneration early"
"CR04","Hymenoptera","Nogueirapis_mirandula","Neustanthus_phaseoloides","pollen_transport","pollen",21,"cacao regeneration late","Understory","regeneration late"
"CR05","Hymenoptera","Trigona_corvina","Neustanthus_phaseoloides","pollen_transport","pollen",12,"cacao regeneration early","Understory","regeneration early"
"PR23","Hymenoptera","Trigona_guianae","Neustanthus_phaseoloides","pollen_transport","pollen",1,"pasture regeneration early","Understory","regeneration early"
"OG51","Hymenoptera","Trigona_nigerrima","Norantea_guianensis","pollen_transport","pollen",55,"old-growth forest","Understory","old-growth forest"
"CA61","Hymenoptera","Tetragona_perangulata","Ochroma_pyramidale","pollen_transport","pollen",0,"active cacao","Understory","regeneration early"
"CA61","Hymenoptera","Trigona_silvestriana","Ochroma_pyramidale","pollen_transport","pollen",0,"active cacao","Understory","regeneration early"
"CA62","Hymenoptera","Tetragona_ziegleri","Ossaea_quadrisulca","pollen_transport","pollen",0,"active cacao","Understory","regeneration early"
"OG38","Hymenoptera","Trigona_nigerrima","Palicourea_allenii","pollen_transport","pollen",55,"old-growth forest","Understory","old-growth forest"
"CA63","Hymenoptera","Trigona_guianae","Palicourea_chignul","pollen_transport","pollen",0,"active cacao","Understory","regeneration early"
"CR08","Hymenoptera","Trigona_silvestriana","Palicourea_chignul","pollen_transport","pollen",27,"cacao regeneration late","Understory","regeneration late"
"OG50","Hymenoptera","Trigona_corvina","Palicourea_chignul","pollen_transport","pollen",55,"old-growth forest","Understory","old-growth forest"
"PR27","Hymenoptera","Partamona_nr_peckolti","Palicourea_chignul","pollen_transport","pollen",27,"pasture regeneration late","Understory","regeneration late"
"OG46","Hymenoptera","Partamona_aequatoriana","Palicourea_timbiquensis","pollen_transport","pollen",55,"old-growth forest","Understory","old-growth forest"
"PR24","Hymenoptera","Partamona_aequatoriana","Palicourea_timbiquensis","pollen_transport","pollen",21,"pasture regeneration late","Understory","regeneration late"
"CR17","Hymenoptera","Trigona_silvestriana","Parkia_multijuga","pollen_transport","pollen",9,"cacao regeneration early","Understory","regeneration early"
"PR23","Hymenoptera","Tetragona_perangulata","Paspalum_conjugatum","pollen_transport","pollen",1,"pasture regeneration early","Understory","regeneration early"
"CA59","Hymenoptera","Trigona_corvina","Paspalum_dilatatum","pollen_transport","pollen",0,"active cacao","Understory","regeneration early"
"CA60","Hymenoptera","Partamona_aequatoriana","Paspalum_juergensii","pollen_transport","pollen",0,"active cacao","Understory","regeneration early"
"CA59","Hymenoptera","Trigona_corvina","Passovia_pyrifolia","pollen_transport","pollen",0,"active cacao","Understory","regeneration early"
"CA63","Hymenoptera","Trigona_corvina","Passovia_pyrifolia","pollen_transport","pollen",0,"active cacao","Understory","regeneration early"
"CR04","Hymenoptera","Nogueirapis_mirandula","Passovia_pyrifolia","pollen_transport","pollen",21,"cacao regeneration late","Understory","regeneration late"
"CR05","Hymenoptera","Trigona_corvina","Passovia_pyrifolia","pollen_transport","pollen",12,"cacao regeneration early","Understory","regeneration early"
"CR09","Hymenoptera","Trigona_guianae","Passovia_pyrifolia","pollen_transport","pollen",6,"cacao regeneration early","Understory","regeneration early"
"OG52","Hymenoptera","Tetragonisca_buchwaldi","Passovia_pyrifolia","pollen_transport","pollen",55,"old-growth forest","Canopy","old-growth forest"
"PA54","Hymenoptera","Trigona_silvestriana","Passovia_pyrifolia","pollen_transport","pollen",0,"active pasture","Understory","regeneration early"
"PA57","Hymenoptera","Trigona_cilipes","Passovia_pyrifolia","pollen_transport","pollen",0,"active pasture","Understory","regeneration early"
"PA58","Hymenoptera","Trigona_silvestriana","Passovia_pyrifolia","pollen_transport","pollen",0,"active pasture","Understory","regeneration early"
"PR23","Hymenoptera","Tetragonisca_angustula","Passovia_pyrifolia","pollen_transport","pollen",1,"pasture regeneration early","Understory","regeneration early"
"PR24","Hymenoptera","Trigona_ferricauda","Passovia_pyrifolia","pollen_transport","pollen",21,"pasture regeneration late","Understory","regeneration late"
"PR24","Hymenoptera","Trigona_fulviventris","Passovia_pyrifolia","pollen_transport","pollen",21,"pasture regeneration late","Understory","regeneration late"
"PR26","Hymenoptera","Trigona_cilipes","Passovia_pyrifolia","pollen_transport","pollen",28,"pasture regeneration late","Understory","regeneration late"
"CA61","Hymenoptera","Trigona_corvina","Paullinia_clathrata","pollen_transport","pollen",0,"active cacao","Understory","regeneration early"
"CR01","Hymenoptera","Melipona_cf_fasciata","Paullinia_clathrata","pollen_transport","pollen",6,"cacao regeneration early","Understory","regeneration early"
"CR01","Hymenoptera","Ptilotrigona_occidentalis","Paullinia_clathrata","pollen_transport","pollen",6,"cacao regeneration early","Understory","regeneration early"
"CR03","Hymenoptera","Trigona_silvestriana","Paullinia_clathrata","pollen_transport","pollen",5,"cacao regeneration early","Understory","regeneration early"
"CR04","Hymenoptera","Nogueirapis_mirandula","Paullinia_clathrata","pollen_transport","pollen",21,"cacao regeneration late","Understory","regeneration late"
"CR06","Hymenoptera","Partamona_nr_peckolti","Paullinia_clathrata","pollen_transport","pollen",33,"cacao regeneration late","Understory","regeneration late"
"CR06","Hymenoptera","Tetragona_perangulata","Paullinia_clathrata","pollen_transport","pollen",33,"cacao regeneration late","Understory","regeneration late"
"CR06","Hymenoptera","Trigona_guianae","Paullinia_clathrata","pollen_transport","pollen",33,"cacao regeneration late","Understory","regeneration late"
"CR07","Hymenoptera","Trigona_silvestriana","Paullinia_clathrata","pollen_transport","pollen",23,"cacao regeneration late","Understory","regeneration late"
"CR08","Hymenoptera","Trigona_guianae","Paullinia_clathrata","pollen_transport","pollen",27,"cacao regeneration late","Understory","regeneration late"
"CR12","Hymenoptera","Trigona_silvestriana","Paullinia_clathrata","pollen_transport","pollen",15,"cacao regeneration late","Understory","regeneration late"
"CR16","Hymenoptera","Trigona_silvestriana","Paullinia_clathrata","pollen_transport","pollen",8,"cacao regeneration early","Understory","regeneration early"
"CR17","Hymenoptera","Trigona_nigerrima","Paullinia_clathrata","pollen_transport","pollen",9,"cacao regeneration early","Understory","regeneration early"
"OG37","Hymenoptera","Nogueirapis_mirandula","Paullinia_clathrata","pollen_transport","pollen",55,"old-growth forest","Understory","old-growth forest"
"OG38","Hymenoptera","Nogueirapis_mirandula","Paullinia_clathrata","pollen_transport","pollen",55,"old-growth forest","Understory","old-growth forest"
"OG39","Hymenoptera","Trigonisca_cf_pediculana","Paullinia_clathrata","pollen_transport","pollen",55,"old-growth forest","Canopy","old-growth forest"
"OG40","Hymenoptera","Trigona_silvestriana","Paullinia_clathrata","pollen_transport","pollen",55,"old-growth forest","Understory","old-growth forest"
"OG41","Hymenoptera","Trigonisca_cf_buyssoni","Paullinia_clathrata","pollen_transport","pollen",55,"old-growth forest","Canopy","old-growth forest"
"OG42","Hymenoptera","Partamona_aequatoriana","Paullinia_clathrata","pollen_transport","pollen",55,"old-growth forest","Understory","old-growth forest"
"OG43","Hymenoptera","Oxytrigona_obscura","Paullinia_clathrata","pollen_transport","pollen",55,"old-growth forest","Understory","old-growth forest"
"OG47","Hymenoptera","Nogueirapis_mirandula","Paullinia_clathrata","pollen_transport","pollen",55,"old-growth forest","Understory","old-growth forest"
"OG47","Hymenoptera","Trigona_guianae","Paullinia_clathrata","pollen_transport","pollen",55,"old-growth forest","Understory","old-growth forest"
"OG47","Hymenoptera","Trigona_nigerrima","Paullinia_clathrata","pollen_transport","pollen",55,"old-growth forest","Understory","old-growth forest"
"OG47","Hymenoptera","Trigona_silvestriana","Paullinia_clathrata","pollen_transport","pollen",55,"old-growth forest","Understory","old-growth forest"
"OG48","Hymenoptera","Trigona_fulviventris","Paullinia_clathrata","pollen_transport","pollen",55,"old-growth forest","Understory","old-growth forest"
"OG48","Hymenoptera","Trigona_silvestriana","Paullinia_clathrata","pollen_transport","pollen",55,"old-growth forest","Understory","old-growth forest"
"OG49","Hymenoptera","Partamona_nr_peckolti","Paullinia_clathrata","pollen_transport","pollen",55,"old-growth forest","Understory","old-growth forest"
"OG50","Hymenoptera","Nogueirapis_mirandula","Paullinia_clathrata","pollen_transport","pollen",55,"old-growth forest","Understory","old-growth forest"
"OG50","Hymenoptera","Partamona_nr_peckolti","Paullinia_clathrata","pollen_transport","pollen",55,"old-growth forest","Understory","old-growth forest"
"OG50","Hymenoptera","Ptilotrigona_occidentalis","Paullinia_clathrata","pollen_transport","pollen",55,"old-growth forest","Understory","old-growth forest"
"OG52","Hymenoptera","Tetragonisca_buchwaldi","Paullinia_clathrata","pollen_transport","pollen",55,"old-growth forest","Canopy","old-growth forest"
"OG52","Hymenoptera","Trigonisca_atomaria","Paullinia_clathrata","pollen_transport","pollen",55,"old-growth forest","Canopy","old-growth forest"
"PA53","Hymenoptera","Tetragona_perangulata","Paullinia_clathrata","pollen_transport","pollen",0,"active pasture","Understory","regeneration early"
"PA53","Hymenoptera","Trigonisca_atomaria","Paullinia_clathrata","pollen_transport","pollen",0,"active pasture","Understory","regeneration early"
"PA58","Hymenoptera","Trigona_cilipes","Paullinia_clathrata","pollen_transport","pollen",0,"active pasture","Understory","regeneration early"
"PR20","Hymenoptera","Tetragonisca_angustula","Paullinia_clathrata","pollen_transport","pollen",4,"pasture regeneration early","Understory","regeneration early"
"PR24","Hymenoptera","Partamona_aequatoriana","Paullinia_clathrata","pollen_transport","pollen",21,"pasture regeneration late","Understory","regeneration late"
"PR24","Hymenoptera","Tetragona_perangulata","Paullinia_clathrata","pollen_transport","pollen",21,"pasture regeneration late","Understory","regeneration late"
"PR25","Hymenoptera","Tetragonisca_angustula","Paullinia_clathrata","pollen_transport","pollen",6,"pasture regeneration early","Understory","regeneration early"
"PR25","Hymenoptera","Trigona_silvestriana","Paullinia_clathrata","pollen_transport","pollen",6,"pasture regeneration early","Understory","regeneration early"
"PR26","Hymenoptera","Partamona_nr_peckolti","Paullinia_clathrata","pollen_transport","pollen",28,"pasture regeneration late","Understory","regeneration late"
"OG28","Hymenoptera","Oxytrigona_obscura","Paullinia_clathrata","pollen_transport","pollen",55,"old-growth forest","Understory","old-growth forest"
"PR29","Hymenoptera","Trigona_silvestriana","Paullinia_clathrata","pollen_transport","pollen",6,"pasture regeneration early","Understory","regeneration early"
"PR30","Hymenoptera","Trigona_guianae","Paullinia_clathrata","pollen_transport","pollen",15,"pasture regeneration late","Understory","regeneration late"
"PR32","Hymenoptera","Trigona_fulviventris","Paullinia_clathrata","pollen_transport","pollen",16,"pasture regeneration late","Understory","regeneration late"
"PR32","Hymenoptera","Trigona_muzoensis","Paullinia_clathrata","pollen_transport","pollen",16,"pasture regeneration late","Understory","regeneration late"
"PR36","Hymenoptera","Partamona_aequatoriana","Paullinia_clathrata","pollen_transport","pollen",9,"pasture regeneration early","Understory","regeneration early"
"OG39","Hymenoptera","Trigona_silvestriana","Pentagonia_macrophylla","pollen_transport","pollen",55,"old-growth forest","Understory","old-growth forest"
"OG39","Hymenoptera","Trigonisca_cf_pediculana","Peperomia_spc","pollen_transport","pollen",55,"old-growth forest","Canopy","old-growth forest"
"OG50","Hymenoptera","Trigona_fulviventris","Perebea_spc","pollen_transport","pollen",55,"old-growth forest","Understory","old-growth forest"
"PR33","Hymenoptera","Tetragonisca_angustula","Phyllanthus_spc","pollen_transport","pollen",1,"pasture regeneration early","Understory","regeneration early"
"PR33","Hymenoptera","Tetragonisca_angustula","Phyllanthus_stipulatus","pollen_transport","pollen",1,"pasture regeneration early","Understory","regeneration early"
"CR05","Hymenoptera","Ptilotrigona_occidentalis","Piper_appendiculatum","pollen_transport","pollen",12,"cacao regeneration early","Understory","regeneration early"
"OG50","Hymenoptera","Ptilotrigona_occidentalis","Piper_appendiculatum","pollen_transport","pollen",55,"old-growth forest","Understory","old-growth forest"
"PR32","Hymenoptera","Ptilotrigona_occidentalis","Piper_appendiculatum","pollen_transport","pollen",16,"pasture regeneration late","Understory","regeneration late"
"CR02","Hymenoptera","Trigona_ferricauda","Piper_arcteacuminatum","pollen_transport","pollen",8,"cacao regeneration early","Understory","regeneration early"
"CR13","Hymenoptera","Trigona_ferricauda","Piper_brachypodon","pollen_transport","pollen",1,"cacao regeneration early","Understory","regeneration early"
"OG42","Hymenoptera","Tetragona_perangulata","Piper_brachypodon","pollen_transport","pollen",55,"old-growth forest","Understory","old-growth forest"
"OG39","Hymenoptera","Trigona_ferricauda","Piper_cavendishioides","pollen_transport","pollen",55,"old-growth forest","Understory","old-growth forest"
"PR26","Hymenoptera","Trigona_fulviventris","Piper_cavendishioides","pollen_transport","pollen",28,"pasture regeneration late","Understory","regeneration late"
"PR32","Hymenoptera","Ptilotrigona_occidentalis","Piper_flagellicuspe","pollen_transport","pollen",16,"pasture regeneration late","Understory","regeneration late"
"CR13","Hymenoptera","Tetragona_ziegleri","Piper_grande","pollen_transport","pollen",1,"cacao regeneration early","Understory","regeneration early"
"PR23","Hymenoptera","Trigona_nigerrima","Piper_grande","pollen_transport","pollen",1,"pasture regeneration early","Understory","regeneration early"
"CR05","Hymenoptera","Ptilotrigona_occidentalis","Piper_hispidum","pollen_transport","pollen",12,"cacao regeneration early","Understory","regeneration early"
"CR05","Hymenoptera","Tetragona_ziegleri","Piper_hispidum","pollen_transport","pollen",12,"cacao regeneration early","Understory","regeneration early"
"CR10","Hymenoptera","Ptilotrigona_occidentalis","Piper_hispidum","pollen_transport","pollen",24,"cacao regeneration late","Understory","regeneration late"
"CR10","Hymenoptera","Tetragona_ziegleri","Piper_hispidum","pollen_transport","pollen",24,"cacao regeneration late","Understory","regeneration late"
"OG50","Hymenoptera","Ptilotrigona_occidentalis","Piper_hispidum","pollen_transport","pollen",55,"old-growth forest","Understory","old-growth forest"
"PA57","Hymenoptera","Partamona_aequatoriana","Piper_hispidum","pollen_transport","pollen",0,"active pasture","Understory","regeneration early"
"PR29","Hymenoptera","Trigona_fulviventris","Piper_hispidum","pollen_transport","pollen",6,"pasture regeneration early","Understory","regeneration early"
"PR30","Hymenoptera","Partamona_nr_peckolti","Piper_hispidum","pollen_transport","pollen",15,"pasture regeneration late","Understory","regeneration late"
"PR30","Hymenoptera","Ptilotrigona_occidentalis","Piper_hispidum","pollen_transport","pollen",15,"pasture regeneration late","Understory","regeneration late"
"CR08","Hymenoptera","Tetragona_ziegleri","Piper_longifolium","pollen_transport","pollen",27,"cacao regeneration late","Understory","regeneration late"
"CR08","Hymenoptera","Trigona_ferricauda","Piper_longifolium","pollen_transport","pollen",27,"cacao regeneration late","Understory","regeneration late"
"CR08","Hymenoptera","Trigona_muzoensis","Piper_longifolium","pollen_transport","pollen",27,"cacao regeneration late","Understory","regeneration late"
"CR12","Hymenoptera","Trigona_fulviventris","Piper_longifolium","pollen_transport","pollen",15,"cacao regeneration late","Understory","regeneration late"
"PR29","Hymenoptera","Trigona_fulviventris","Piper_longifolium","pollen_transport","pollen",6,"pasture regeneration early","Understory","regeneration early"
"PR29","Hymenoptera","Trigona_silvestriana","Piper_longifolium","pollen_transport","pollen",6,"pasture regeneration early","Understory","regeneration early"
"CR02","Hymenoptera","Trigonisca_cf_pediculana","Piper_multiplinervium","pollen_transport","pollen",8,"cacao regeneration early","Understory","regeneration early"
"CR05","Hymenoptera","Tetragona_ziegleri","Piper_multiplinervium","pollen_transport","pollen",12,"cacao regeneration early","Understory","regeneration early"
"CR10","Hymenoptera","Tetragona_perangulata","Piper_multiplinervium","pollen_transport","pollen",24,"cacao regeneration late","Understory","regeneration late"
"CR10","Hymenoptera","Trigona_ferricauda","Piper_multiplinervium","pollen_transport","pollen",24,"cacao regeneration late","Understory","regeneration late"
"OG41","Hymenoptera","Trigona_silvestriana","Piper_multiplinervium","pollen_transport","pollen",55,"old-growth forest","Understory","old-growth forest"
"OG42","Hymenoptera","Melipona_(Michmelia)_solani","Piper_multiplinervium","pollen_transport","pollen",55,"old-growth forest","Understory","old-growth forest"
"PA55","Hymenoptera","Tetragona_perangulata","Piper_multiplinervium","pollen_transport","pollen",0,"active pasture","Understory","regeneration early"
"PR22","Hymenoptera","Tetragona_ziegleri","Piper_multiplinervium","pollen_transport","pollen",12,"pasture regeneration early","Understory","regeneration early"
"PR24","Hymenoptera","Tetragona_perangulata","Piper_multiplinervium","pollen_transport","pollen",21,"pasture regeneration late","Understory","regeneration late"
"PR30","Hymenoptera","Trigonisca_atomaria","Piper_ottoniifolium","pollen_transport","pollen",15,"pasture regeneration late","Understory","regeneration late"
"OG51","Hymenoptera","Trigona_ferricauda","Piper_oxystachyum","pollen_transport","pollen",55,"old-growth forest","Understory","old-growth forest"
"PR32","Hymenoptera","Ptilotrigona_occidentalis","Piper_oxystachyum","pollen_transport","pollen",16,"pasture regeneration late","Understory","regeneration late"
"PA58","Hymenoptera","Tetragona_ziegleri","Piper_peltatum","pollen_transport","pollen",0,"active pasture","Understory","regeneration early"
"PA53","Hymenoptera","Trigonisca_atomaria","Piper_pequeina","pollen_transport","pollen",0,"active pasture","Understory","regeneration early"
"PR22","Hymenoptera","Tetragona_ziegleri","Piper_pequeina","pollen_transport","pollen",12,"pasture regeneration early","Understory","regeneration early"
"PR27","Hymenoptera","Ptilotrigona_occidentalis","Piper_pequeina","pollen_transport","pollen",27,"pasture regeneration late","Understory","regeneration late"
"PR29","Hymenoptera","Trigona_fulviventris","Piper_spc","pollen_transport","pollen",6,"pasture regeneration early","Understory","regeneration early"
"CR13","Hymenoptera","Tetragona_ziegleri","Piper_umbellatum","pollen_transport","pollen",1,"cacao regeneration early","Understory","regeneration early"
"CR03","Hymenoptera","Trigona_ferricauda","Piper_xanthostachyum","pollen_transport","pollen",5,"cacao regeneration early","Understory","regeneration early"
"CR03","Hymenoptera","Trigona_fulviventris","Piper_xanthostachyum","pollen_transport","pollen",5,"cacao regeneration early","Understory","regeneration early"
"CR06","Hymenoptera","Tetragona_perangulata","Piper_xanthostachyum","pollen_transport","pollen",33,"cacao regeneration late","Understory","regeneration late"
"CR10","Hymenoptera","Tetragona_perangulata","Piper_xanthostachyum","pollen_transport","pollen",24,"cacao regeneration late","Understory","regeneration late"
"OG51","Hymenoptera","Trigona_ferricauda","Piper_xanthostachyum","pollen_transport","pollen",55,"old-growth forest","Understory","old-growth forest"
"OG46","Hymenoptera","Trigona_silvestriana","Pleurothyrium_sp.1","pollen_transport","pollen",55,"old-growth forest","Understory","old-growth forest"
"OG42","Hymenoptera","Trigona_muzoensis","Poaceae_spc","pollen_transport","pollen",55,"old-growth forest","Understory","old-growth forest"
"OG41","Hymenoptera","Tetragona_ziegleri","Podandrogyne_macrophylla","pollen_transport","pollen",55,"old-growth forest","Understory","old-growth forest"
"PA58","Hymenoptera","Trigona_cilipes","Poulsenia_armata","pollen_transport","pollen",0,"active pasture","Understory","regeneration early"
"OG37","Hymenoptera","Trigonisca_atomaria","Pourouma_minor","pollen_transport","pollen",55,"old-growth forest","Canopy","old-growth forest"
"OG39","Hymenoptera","Trigonisca_cf_pediculana","Pourouma_minor","pollen_transport","pollen",55,"old-growth forest","Canopy","old-growth forest"
"OG42","Hymenoptera","Tetragona_ziegleri","Pourouma_minor","pollen_transport","pollen",55,"old-growth forest","Understory","old-growth forest"
"PR23","Hymenoptera","Trigonisca_atomaria","Pourouma_minor","pollen_transport","pollen",1,"pasture regeneration early","Canopy","regeneration early"
"OG38","Hymenoptera","Partamona_aequatoriana","Pouteria_reticulata","pollen_transport","pollen",55,"old-growth forest","Canopy","old-growth forest"
"OG49","Hymenoptera","Partamona_nr_peckolti","Protium_altissimum","pollen_transport","pollen",55,"old-growth forest","Understory","old-growth forest"
"OG38","Hymenoptera","Partamona_aequatoriana","Protium_colombianum","pollen_transport","pollen",55,"old-growth forest","Understory","old-growth forest"
"OG49","Hymenoptera","Partamona_nr_peckolti","Protium_colombianum","pollen_transport","pollen",55,"old-growth forest","Understory","old-growth forest"
"PR29","Hymenoptera","Trigona_guianae","Pseudelephantopus_spc","pollen_transport","pollen",6,"pasture regeneration early","Understory","regeneration early"
"CA62","Hymenoptera","Partamona_aequatoriana","Psidium_guajava","pollen_transport","pollen",0,"active cacao","Understory","regeneration early"
"PR22","Hymenoptera","Trigona_ferricauda","Psidium_guajava","pollen_transport","pollen",12,"pasture regeneration early","Understory","regeneration early"
"CA63","Hymenoptera","Trigona_guianae","Psychotria_marginata","pollen_transport","pollen",0,"active cacao","Understory","regeneration early"
"CA64","Hymenoptera","Trigona_corvina","Psychotria_marginata","pollen_transport","pollen",0,"active cacao","Understory","regeneration early"
"CR05","Hymenoptera","Trigona_corvina","Psychotria_marginata","pollen_transport","pollen",12,"cacao regeneration early","Understory","regeneration early"
"CR06","Hymenoptera","Trigona_guianae","Psychotria_marginata","pollen_transport","pollen",33,"cacao regeneration late","Understory","regeneration late"
"CR09","Hymenoptera","Trigona_guianae","Psychotria_marginata","pollen_transport","pollen",6,"cacao regeneration early","Understory","regeneration early"
"OG41","Hymenoptera","Trigona_guianae","Psychotria_marginata","pollen_transport","pollen",55,"old-growth forest","Understory","old-growth forest"
"OG45","Hymenoptera","Trigona_guianae","Psychotria_marginata","pollen_transport","pollen",55,"old-growth forest","Understory","old-growth forest"
"OG46","Hymenoptera","Trigona_guianae","Psychotria_marginata","pollen_transport","pollen",55,"old-growth forest","Understory","old-growth forest"
"OG52","Hymenoptera","Trigona_guianae","Psychotria_marginata","pollen_transport","pollen",55,"old-growth forest","Understory","old-growth forest"
"PR22","Hymenoptera","Trigona_guianae","Psychotria_marginata","pollen_transport","pollen",12,"pasture regeneration early","Understory","regeneration early"
"PR23","Hymenoptera","Trigona_guianae","Psychotria_marginata","pollen_transport","pollen",1,"pasture regeneration early","Understory","regeneration early"
"PR26","Hymenoptera","Trigona_guianae","Psychotria_marginata","pollen_transport","pollen",28,"pasture regeneration late","Understory","regeneration late"
"CR02","Hymenoptera","Trigona_guianae","Psychotria_nubiphila","pollen_transport","pollen",8,"cacao regeneration early","Understory","regeneration early"
"CA64","Hymenoptera","Trigona_corvina","Psychotria_spc","pollen_transport","pollen",0,"active cacao","Understory","regeneration early"
"CR06","Hymenoptera","Trigona_guianae","Psychotria_spc","pollen_transport","pollen",33,"cacao regeneration late","Understory","regeneration late"
"CR10","Hymenoptera","Dolichotrigona_schulthessi","Rhexia_nashii","pollen_transport","pollen",24,"cacao regeneration late","Understory","regeneration late"
"CR10","Hymenoptera","Tetragona_perangulata","Rhexia_nashii","pollen_transport","pollen",24,"cacao regeneration late","Understory","regeneration late"
"CR10","Hymenoptera","Tetragona_ziegleri","Rhexia_nashii","pollen_transport","pollen",24,"cacao regeneration late","Understory","regeneration late"
"CR10","Hymenoptera","Dolichotrigona_schulthessi","Rhexia_spc","pollen_transport","pollen",24,"cacao regeneration late","Understory","regeneration late"
"CR10","Hymenoptera","Ptilotrigona_occidentalis","Rhexia_spc","pollen_transport","pollen",24,"cacao regeneration late","Understory","regeneration late"
"CR10","Hymenoptera","Tetragona_perangulata","Rhexia_spc","pollen_transport","pollen",24,"cacao regeneration late","Understory","regeneration late"
"CR10","Hymenoptera","Tetragona_ziegleri","Rhexia_spc","pollen_transport","pollen",24,"cacao regeneration late","Understory","regeneration late"
"CR13","Hymenoptera","Scaptotrigona_postica_group_b","Rhexia_spc","pollen_transport","pollen",1,"cacao regeneration early","Understory","regeneration early"
"OG45","Hymenoptera","Trigona_ferricauda","Rhexia_spc","pollen_transport","pollen",55,"old-growth forest","Understory","old-growth forest"
"OG45","Hymenoptera","Trigona_guianae","Rhexia_spc","pollen_transport","pollen",55,"old-growth forest","Understory","old-growth forest"
"OG46","Hymenoptera","Trigonisca_cf_buyssoni","Rhexia_spc","pollen_transport","pollen",55,"old-growth forest","Understory","old-growth forest"
"PR33","Hymenoptera","Tetragonisca_angustula","Rhexia_spc","pollen_transport","pollen",1,"pasture regeneration early","Understory","regeneration early"
"PR33","Hymenoptera","Trigona_silvestriana","Rhexia_spc","pollen_transport","pollen",1,"pasture regeneration early","Understory","regeneration early"
"CR04","Hymenoptera","Partamona_nr_peckolti","Rubiaceae_PR21-2_spc","pollen_transport","pollen",21,"cacao regeneration late","Canopy","regeneration late"
"CR04","Hymenoptera","Trigonisca_cf_buyssoni","Rubiaceae_PR21-2_spc","pollen_transport","pollen",21,"cacao regeneration late","Canopy","regeneration late"
"CA60","Hymenoptera","Trigona_ferricauda","Sabicea_villosa","pollen_transport","pollen",0,"active cacao","Understory","regeneration early"
"CA62","Hymenoptera","Trigona_ferricauda","Sabicea_villosa","pollen_transport","pollen",0,"active cacao","Understory","regeneration early"
"CA61","Hymenoptera","Trigona_corvina","Sapium_glandulosum","pollen_transport","pollen",0,"active cacao","Understory","regeneration early"
"CA63","Hymenoptera","Trigona_silvestriana","Sapium_glandulosum","pollen_transport","pollen",0,"active cacao","Understory","regeneration early"
"CR06","Hymenoptera","Partamona_aequatoriana","Sapium_glandulosum","pollen_transport","pollen",33,"cacao regeneration late","Understory","regeneration late"
"CR06","Hymenoptera","Scaptotrigona_postica_group_b","Sapium_glandulosum","pollen_transport","pollen",33,"cacao regeneration late","Understory","regeneration late"
"CR06","Hymenoptera","Trigona_guianae","Sapium_glandulosum","pollen_transport","pollen",33,"cacao regeneration late","Understory","regeneration late"
"CR08","Hymenoptera","Trigona_silvestriana","Sapium_glandulosum","pollen_transport","pollen",27,"cacao regeneration late","Understory","regeneration late"
"CR11","Hymenoptera","Trigona_silvestriana","Sapium_glandulosum","pollen_transport","pollen",23,"cacao regeneration late","Understory","regeneration late"
"OG38","Hymenoptera","Scaptotrigona_postica_group_b","Sapium_glandulosum","pollen_transport","pollen",55,"old-growth forest","Understory","old-growth forest"
"OG39","Hymenoptera","Trigona_silvestriana","Sapium_glandulosum","pollen_transport","pollen",55,"old-growth forest","Understory","old-growth forest"
"OG45","Hymenoptera","Trigona_silvestriana","Sapium_glandulosum","pollen_transport","pollen",55,"old-growth forest","Understory","old-growth forest"
"OG49","Hymenoptera","Trigona_nigerrima","Sapium_glandulosum","pollen_transport","pollen",55,"old-growth forest","Canopy","old-growth forest"
"OG52","Hymenoptera","Trigona_ferricauda","Sapium_glandulosum","pollen_transport","pollen",55,"old-growth forest","Understory","old-growth forest"
"PA54","Hymenoptera","Trigona_ferricauda","Sapium_glandulosum","pollen_transport","pollen",0,"active pasture","Understory","regeneration early"
"PA57","Hymenoptera","Tetragona_perangulata","Sapium_glandulosum","pollen_transport","pollen",0,"active pasture","Understory","regeneration early"
"PR19","Hymenoptera","Trigona_guianae","Sapium_glandulosum","pollen_transport","pollen",6,"pasture regeneration early","Understory","regeneration early"
"PR26","Hymenoptera","Trigona_cilipes","Sapium_glandulosum","pollen_transport","pollen",28,"pasture regeneration late","Understory","regeneration late"
"PR26","Hymenoptera","Trigona_ferricauda","Sapium_glandulosum","pollen_transport","pollen",28,"pasture regeneration late","Understory","regeneration late"
"PR34","Hymenoptera","Trigona_silvestriana","Sapium_glandulosum","pollen_transport","pollen",38,"pasture regeneration late","Understory","regeneration late"
"PR36","Hymenoptera","Trigonisca_cf_buyssoni","Sapium_glandulosum","pollen_transport","pollen",9,"pasture regeneration early","Understory","regeneration early"
"OG38","Hymenoptera","Scaptotrigona_(Scaptotrigona)_sp","Saurauia_herthae","pollen_transport","pollen",55,"old-growth forest","Understory","old-growth forest"
"OG38","Hymenoptera","Scaptotrigona_postica_group_b","Saurauia_herthae","pollen_transport","pollen",55,"old-growth forest","Understory","old-growth forest"
"PR30","Hymenoptera","Ptilotrigona_occidentalis","Saurauia_herthae","pollen_transport","pollen",15,"pasture regeneration late","Understory","regeneration late"
"PA53","Hymenoptera","Scaptotrigona_postica_group_b","Sauvagesia_erecta","pollen_transport","pollen",0,"active pasture","Understory","regeneration early"
"PA53","Hymenoptera","Tetragona_perangulata","Sauvagesia_erecta","pollen_transport","pollen",0,"active pasture","Understory","regeneration early"
"PR23","Hymenoptera","Trigona_ferricauda","Sauvagesia_erecta","pollen_transport","pollen",1,"pasture regeneration early","Understory","regeneration early"
"CR04","Hymenoptera","Trigona_silvestriana","Sciodaphyllum_pedicillatum","pollen_transport","pollen",21,"cacao regeneration late","Understory","regeneration late"
"OG38","Hymenoptera","Trigona_silvestriana","Sciodaphyllum_pedicillatum","pollen_transport","pollen",55,"old-growth forest","Canopy","old-growth forest"
"OG48","Hymenoptera","Partamona_aequatoriana","Sciodaphyllum_pedicillatum","pollen_transport","pollen",55,"old-growth forest","Canopy","old-growth forest"
"PR23","Hymenoptera","Trigona_nigerrima","Sciodaphyllum_pedicillatum","pollen_transport","pollen",1,"pasture regeneration early","Understory","regeneration early"
"CR17","Hymenoptera","Trigona_nigerrima","Senna_spc","pollen_transport","pollen",9,"cacao regeneration early","Understory","regeneration early"
"PR30","Hymenoptera","Trigona_silvestriana","Senna_spc","pollen_transport","pollen",15,"pasture regeneration late","Understory","regeneration late"
"OG42","Hymenoptera","Partamona_nr_peckolti","Sievekingia_rhonhofiae","pollen_transport","pollen",55,"old-growth forest","Understory","old-growth forest"
"CR04","Hymenoptera","Partamona_aequatoriana","Simarouba_amara","pollen_transport","pollen",21,"cacao regeneration late","Understory","regeneration late"
"OG42","Hymenoptera","Partamona_aequatoriana","Sloanea_spc","pollen_transport","pollen",55,"old-growth forest","Understory","old-growth forest"
"OG37","Hymenoptera","Trigonisca_atomaria","Sorocea_jaramilloi","pollen_transport","pollen",55,"old-growth forest","Canopy","old-growth forest"
"OG45","Hymenoptera","Trigona_silvestriana","Sorocea_jaramilloi","pollen_transport","pollen",55,"old-growth forest","Understory","old-growth forest"
"OG51","Hymenoptera","Trigona_ferricauda","Souroubea_guianensis","pollen_transport","pollen",55,"old-growth forest","Understory","old-growth forest"
"OG51","Hymenoptera","Trigona_nigerrima","Souroubea_guianensis","pollen_transport","pollen",55,"old-growth forest","Understory","old-growth forest"
"CA62","Hymenoptera","Partamona_aequatoriana","Spermacoce_alata","pollen_transport","pollen",0,"active cacao","Understory","regeneration early"
"CA62","Hymenoptera","Partamona_nr_peckolti","Spermacoce_alata","pollen_transport","pollen",0,"active cacao","Understory","regeneration early"
"CA62","Hymenoptera","Trigona_ferricauda","Spermacoce_alata","pollen_transport","pollen",0,"active cacao","Understory","regeneration early"
"CA62","Hymenoptera","Tetragona_perangulata","Steinchisma_laxum","pollen_transport","pollen",0,"active cacao","Understory","regeneration early"
"CA64","Hymenoptera","Partamona_aequatoriana","Stellaria_media","pollen_transport","pollen",0,"active cacao","Understory","regeneration early"
"CR04","Hymenoptera","Trigona_silvestriana","Stellaria_media","pollen_transport","pollen",21,"cacao regeneration late","Understory","regeneration late"
"OG41","Hymenoptera","Partamona_nr_peckolti","Stellaria_media","pollen_transport","pollen",55,"old-growth forest","Canopy","old-growth forest"
"OG42","Hymenoptera","Trigona_muzoensis","Stellaria_media","pollen_transport","pollen",55,"old-growth forest","Understory","old-growth forest"
"OG43","Hymenoptera","Tetragonisca_angustula","Stellaria_media","pollen_transport","pollen",55,"old-growth forest","Canopy","old-growth forest"
"OG46","Hymenoptera","Trigonisca_cf_buyssoni","Stellaria_media","pollen_transport","pollen",55,"old-growth forest","Understory","old-growth forest"
"OG49","Hymenoptera","Partamona_nr_peckolti","Stellaria_media","pollen_transport","pollen",55,"old-growth forest","Understory","old-growth forest"
"PR22","Hymenoptera","Trigona_silvestriana","Stellaria_media","pollen_transport","pollen",12,"pasture regeneration early","Understory","regeneration early"
"OG28","Hymenoptera","Trigonisca_cf_buyssoni","Stellaria_media","pollen_transport","pollen",55,"old-growth forest","Understory","old-growth forest"
"PR32","Hymenoptera","Ptilotrigona_occidentalis","Stellaria_media","pollen_transport","pollen",16,"pasture regeneration late","Understory","regeneration late"
"PR36","Hymenoptera","Scaptotrigona_postica_group_b","Stellaria_media","pollen_transport","pollen",9,"pasture regeneration early","Understory","regeneration early"
"OG38","Hymenoptera","Partamona_aequatoriana","Stellaria_spc","pollen_transport","pollen",55,"old-growth forest","Canopy","old-growth forest"
"OG39","Hymenoptera","Partamona_aequatoriana","Stellaria_spc","pollen_transport","pollen",55,"old-growth forest","Understory","old-growth forest"
"OG48","Hymenoptera","Trigona_silvestriana","Tabernaemontana_amygdalifolia","pollen_transport","pollen",55,"old-growth forest","Understory","old-growth forest"
"CR16","Hymenoptera","Trigona_silvestriana","Tabernaemontana_columbiensis","pollen_transport","pollen",8,"cacao regeneration early","Understory","regeneration early"
"OG52","Hymenoptera","Trigona_silvestriana","Tabernaemontana_columbiensis","pollen_transport","pollen",55,"old-growth forest","Understory","old-growth forest"
"PR26","Hymenoptera","Trigona_ferricauda","Tabernaemontana_elegans","pollen_transport","pollen",28,"pasture regeneration late","Understory","regeneration late"
"CR01","Hymenoptera","Trigona_fulviventris","Talisia_spc","pollen_transport","pollen",6,"cacao regeneration early","Understory","regeneration early"
"CR03","Hymenoptera","Partamona_aequatoriana","Tapirira_guianensis","pollen_transport","pollen",5,"cacao regeneration early","Understory","regeneration early"
"CR09","Hymenoptera","Scaptotrigona_postica_group_b","Tapirira_guianensis","pollen_transport","pollen",6,"cacao regeneration early","Understory","regeneration early"
"OG43","Hymenoptera","Trigonisca_cf_buyssoni","Tapirira_guianensis","pollen_transport","pollen",55,"old-growth forest","Canopy","old-growth forest"
"OG46","Hymenoptera","Partamona_aequatoriana","Tapirira_guianensis","pollen_transport","pollen",55,"old-growth forest","Understory","old-growth forest"
"OG52","Hymenoptera","Dolichotrigona_schulthessi","Tapirira_guianensis","pollen_transport","pollen",55,"old-growth forest","Understory","old-growth forest"
"CR06","Hymenoptera","Partamona_nr_peckolti","Thymelaeaceae_spc","pollen_transport","pollen",33,"cacao regeneration late","Understory","regeneration late"
"OG43","Hymenoptera","Tetragonisca_angustula","Tovomita_spc","pollen_transport","pollen",55,"old-growth forest","Canopy","old-growth forest"
"OG48","Hymenoptera","Trigona_silvestriana","Tovomita_spc","pollen_transport","pollen",55,"old-growth forest","Understory","old-growth forest"
"OG40","Hymenoptera","Partamona_aequatoriana","Tovomita_weddelliana","pollen_transport","pollen",55,"old-growth forest","Understory","old-growth forest"
"PR22","Hymenoptera","Trigona_ferricauda","Tovomita_weddelliana","pollen_transport","pollen",12,"pasture regeneration early","Understory","regeneration early"
"OG38","Hymenoptera","Partamona_aequatoriana","Trattinnickia_aspera","pollen_transport","pollen",55,"old-growth forest","Understory","old-growth forest"
"CA61","Hymenoptera","Scaptotrigona_postica_group_b","Trema_integerrima","pollen_transport","pollen",0,"active cacao","Understory","regeneration early"
"OG40","Hymenoptera","Trigonisca_atomaria","Trema_integerrima","pollen_transport","pollen",55,"old-growth forest","Canopy","old-growth forest"
"OG42","Hymenoptera","Melipona_(Michmelia)_solani","Trema_integerrima","pollen_transport","pollen",55,"old-growth forest","Understory","old-growth forest"
"PA55","Hymenoptera","Tetragona_perangulata","Trema_integerrima","pollen_transport","pollen",0,"active pasture","Understory","regeneration early"
"OG43","Hymenoptera","Trigonisca_atomaria","Trema_micrantha","pollen_transport","pollen",55,"old-growth forest","Understory","old-growth forest"
"PA58","Hymenoptera","Trigona_silvestriana","Trichilia_rubra","pollen_transport","pollen",0,"active pasture","Understory","regeneration early"
"PR33","Hymenoptera","Partamona_aequatoriana","Trichilia_septentrionalis","pollen_transport","pollen",1,"pasture regeneration early","Understory","regeneration early"
"CR13","Hymenoptera","Trigona_ferricauda","Triolena_pileoides","pollen_transport","pollen",1,"cacao regeneration early","Understory","regeneration early"
"PA55","Hymenoptera","Trigona_silvestriana","Urochloa_comata","pollen_transport","pollen",0,"active pasture","Understory","regeneration early"
"PA56","Hymenoptera","Tetragona_ziegleri","Urochloa_comata","pollen_transport","pollen",0,"active pasture","Understory","regeneration early"
"PA56","Hymenoptera","Trigona_ferricauda","Urochloa_comata","pollen_transport","pollen",0,"active pasture","Understory","regeneration early"
"PA56","Hymenoptera","Trigona_nigerrima","Urochloa_comata","pollen_transport","pollen",0,"active pasture","Understory","regeneration early"
"PR19","Hymenoptera","Trigona_ferricauda","Urochloa_comata","pollen_transport","pollen",6,"pasture regeneration early","Understory","regeneration early"
"PR33","Hymenoptera","Tetragona_ziegleri","Urochloa_comata","pollen_transport","pollen",1,"pasture regeneration early","Understory","regeneration early"
"PR33","Hymenoptera","Trigona_ferricauda","Urochloa_comata","pollen_transport","pollen",1,"pasture regeneration early","Understory","regeneration early"
"PA56","Hymenoptera","Tetragona_ziegleri","Urochloa_ruziziensis","pollen_transport","pollen",0,"active pasture","Understory","regeneration early"
"PA56","Hymenoptera","Trigona_ferricauda","Urochloa_ruziziensis","pollen_transport","pollen",0,"active pasture","Understory","regeneration early"
"PA56","Hymenoptera","Trigona_nigerrima","Urochloa_ruziziensis","pollen_transport","pollen",0,"active pasture","Understory","regeneration early"
"PR19","Hymenoptera","Trigona_ferricauda","Urochloa_ruziziensis","pollen_transport","pollen",6,"pasture regeneration early","Understory","regeneration early"
"PR33","Hymenoptera","Tetragona_ziegleri","Urochloa_ruziziensis","pollen_transport","pollen",1,"pasture regeneration early","Understory","regeneration early"
"PR33","Hymenoptera","Trigona_ferricauda","Urochloa_ruziziensis","pollen_transport","pollen",1,"pasture regeneration early","Understory","regeneration early"
"CA59","Hymenoptera","Tetragona_perangulata","Vernonanthura_patens","pollen_transport","pollen",0,"active cacao","Understory","regeneration early"
"CA61","Hymenoptera","Partamona_aequatoriana","Vernonanthura_patens","pollen_transport","pollen",0,"active cacao","Understory","regeneration early"
"CA64","Hymenoptera","Partamona_aequatoriana","Vernonanthura_patens","pollen_transport","pollen",0,"active cacao","Understory","regeneration early"
"CR03","Hymenoptera","Partamona_nr_peckolti","Vernonanthura_patens","pollen_transport","pollen",5,"cacao regeneration early","Understory","regeneration early"
"OG43","Hymenoptera","Trigonisca_atomaria","Vicia_sativa","pollen_transport","pollen",55,"old-growth forest","Understory","old-growth forest"
"OG28","Hymenoptera","Trigonisca_atomaria","Vicia_sativa","pollen_transport","pollen",55,"old-growth forest","Understory","old-growth forest"
"OG28","Hymenoptera","Trigonisca_cf_buyssoni","Vicia_sativa","pollen_transport","pollen",55,"old-growth forest","Understory","old-growth forest"
"OG28","Hymenoptera","Trigonisca_cf_pediculana","Vicia_sativa","pollen_transport","pollen",55,"old-growth forest","Understory","old-growth forest"
"OG38","Hymenoptera","Partamona_aequatoriana","Vismia_baccifera","pollen_transport","pollen",55,"old-growth forest","Understory","old-growth forest"
"CR05","Hymenoptera","Trigona_silvestriana","Vismia_cayennensis","pollen_transport","pollen",12,"cacao regeneration early","Understory","regeneration early"
"CR09","Hymenoptera","Trigona_silvestriana","Vismia_cayennensis","pollen_transport","pollen",6,"cacao regeneration early","Understory","regeneration early"
"CR13","Hymenoptera","Trigona_silvestriana","Vismia_cayennensis","pollen_transport","pollen",1,"cacao regeneration early","Understory","regeneration early"
"PA54","Hymenoptera","Trigona_silvestriana","Vismia_cayennensis","pollen_transport","pollen",0,"active pasture","Understory","regeneration early"
"PR23","Hymenoptera","Trigona_silvestriana","Vismia_cayennensis","pollen_transport","pollen",1,"pasture regeneration early","Understory","regeneration early"
"PR24","Hymenoptera","Trigona_silvestriana","Vismia_cayennensis","pollen_transport","pollen",21,"pasture regeneration late","Understory","regeneration late"
"CR09","Hymenoptera","Scaptotrigona_postica_group_b","Zanthoxylum_kellermanii","pollen_transport","pollen",6,"cacao regeneration early","Understory","regeneration early"
"CR04","Hymenoptera","Nogueirapis_mirandula","Miconia_cooperi","pollen_transport","pollen",21,"cacao regeneration late","Understory","regeneration late"
"CR04","Hymenoptera","Nogueirapis_mirandula","Palicourea_acanthacea","pollen_transport","pollen",21,"cacao regeneration late","Understory","regeneration late"
"CR04","Hymenoptera","Nogueirapis_mirandula","Palicourea_timbiquensis","pollen_transport","pollen",21,"cacao regeneration late","Understory","regeneration late"
"CA64","Hymenoptera","Phyllostomus_discolor","Moringa_oleifera","pollen_transport","pollen",0,"active cacao","Understory","regeneration early"
"CA64","Hymenoptera","Phyllostomus_discolor","Moringa_spc","pollen_transport","pollen",0,"active cacao","Understory","regeneration early"
"OG43","Hymenoptera","Phyllostomus_discolor","Ochroma_pyramidale","pollen_transport","pollen",55,"old-growth forest","Understory","old-growth forest"
"OG43","Hymenoptera","Phyllostomus_discolor","Piper_augustum","pollen_transport","pollen",55,"old-growth forest","Understory","old-growth forest"
"CA64","Hymenoptera","Phyllostomus_discolor","Stellaria_media","pollen_transport","pollen",0,"active cacao","Understory","regeneration early"
"CA62","Hymenoptera","Phyllostomus_elongatus","Ochroma_pyramidale","pollen_transport","pollen",0,"active cacao","Understory","regeneration early"
"CA62","Hymenoptera","Phyllostomus_elongatus","Stellaria_media","pollen_transport","pollen",0,"active cacao","Understory","regeneration early"
"CA62","Hymenoptera","Phyllostomus_elongatus","Tournefortia_hirsutissima","pollen_transport","pollen",0,"active cacao","Understory","regeneration early"
"OG41","Hymenoptera","Plebeia_(Nanoplebeia)_cf_asthenes","Acalypha_diversifolia","pollen_transport","pollen",55,"old-growth forest","Canopy","old-growth forest"
"OG41","Hymenoptera","Plebeia_(Nanoplebeia)_cf_asthenes","Magnoliopsida_spc","pollen_transport","pollen",55,"old-growth forest","Canopy","old-growth forest"
"OG41","Hymenoptera","Plebeia_(Nanoplebeia)_cf_asthenes","Stellaria_media","pollen_transport","pollen",55,"old-growth forest","Canopy","old-growth forest"
"CR09","Hymenoptera","Plebeia_(Nanoplebeia)_minima","Guarea_guentheri","pollen_transport","pollen",6,"cacao regeneration early","Understory","regeneration early"
"PR29","Hymenoptera","Plebeia_(Nanoplebeia)_minima","Guarea_guentheri","pollen_transport","pollen",6,"pasture regeneration early","Understory","regeneration early"
"CR09","Hymenoptera","Plebeia_(Nanoplebeia)_minima","Hieronyma_alchorneoides","pollen_transport","pollen",6,"cacao regeneration early","Understory","regeneration early"
"PR29","Hymenoptera","Plebeia_(Nanoplebeia)_minima","Norantea_guianensis","pollen_transport","pollen",6,"pasture regeneration early","Understory","regeneration early"
"CR09","Hymenoptera","Plebeia_(Nanoplebeia)_minima","Passovia_pyrifolia","pollen_transport","pollen",6,"cacao regeneration early","Understory","regeneration early"
"CR09","Hymenoptera","Plebeia_(Nanoplebeia)_minima","Piper_ottoniifolium","pollen_transport","pollen",6,"cacao regeneration early","Understory","regeneration early"
"OG41","Hymenoptera","Plebeia_(Nanoplebeia)_minima","Stellaria_media","pollen_transport","pollen",55,"old-growth forest","Canopy","old-growth forest"
"OG42","Hymenoptera","Plebeia_frontalis","Asteraceae_spc","pollen_transport","pollen",55,"old-growth forest","Understory","old-growth forest"
"OG46","Hymenoptera","Plebeia_frontalis","Baccharis_sp._Pennington_1090","pollen_transport","pollen",55,"old-growth forest","Understory","old-growth forest"
"PA56","Hymenoptera","Plebeia_frontalis","Begonia_fischeri","pollen_transport","pollen",0,"active pasture","Understory","regeneration early"
"OG40","Hymenoptera","Plebeia_frontalis","Bidens_pilosa","pollen_transport","pollen",55,"old-growth forest","Canopy","old-growth forest"
"OG46","Hymenoptera","Plebeia_frontalis","Bidens_pilosa","pollen_transport","pollen",55,"old-growth forest","Understory","old-growth forest"
"OG37","Hymenoptera","Plebeia_frontalis","Cecropia_garciae","pollen_transport","pollen",55,"old-growth forest","Understory","old-growth forest"
"PR22","Hymenoptera","Plebeia_frontalis","Cecropia_garciae","pollen_transport","pollen",12,"pasture regeneration early","Understory","regeneration early"
"CR13","Hymenoptera","Plebeia_frontalis","Cecropia_insignis","pollen_transport","pollen",1,"cacao regeneration early","Understory","regeneration early"
"OG40","Hymenoptera","Plebeia_frontalis","Cecropia_insignis","pollen_transport","pollen",55,"old-growth forest","Understory","old-growth forest"
"PR22","Hymenoptera","Plebeia_frontalis","Cecropia_insignis","pollen_transport","pollen",12,"pasture regeneration early","Understory","regeneration early"
"OG28","Hymenoptera","Plebeia_frontalis","Cecropia_insignis","pollen_transport","pollen",55,"old-growth forest","Understory","old-growth forest"
"PR36","Hymenoptera","Plebeia_frontalis","Cecropia_insignis","pollen_transport","pollen",9,"pasture regeneration early","Understory","regeneration early"
"CR13","Hymenoptera","Plebeia_frontalis","Cecropia_reticulata","pollen_transport","pollen",1,"cacao regeneration early","Understory","regeneration early"
"OG37","Hymenoptera","Plebeia_frontalis","Cecropia_reticulata","pollen_transport","pollen",55,"old-growth forest","Understory","old-growth forest"
"CR13","Hymenoptera","Plebeia_frontalis","Cecropia_spc","pollen_transport","pollen",1,"cacao regeneration early","Understory","regeneration early"
"OG37","Hymenoptera","Plebeia_frontalis","Cecropia_spc","pollen_transport","pollen",55,"old-growth forest","Understory","old-growth forest"
"OG40","Hymenoptera","Plebeia_frontalis","Cecropia_spc","pollen_transport","pollen",55,"old-growth forest","Understory","old-growth forest"
"OG46","Hymenoptera","Plebeia_frontalis","Cecropia_spc","pollen_transport","pollen",55,"old-growth forest","Understory","old-growth forest"
"CR02","Hymenoptera","Plebeia_frontalis","Cestrum_schlechtendalii","pollen_transport","pollen",8,"cacao regeneration early","Understory","regeneration early"
"OG50","Hymenoptera","Plebeia_frontalis","Clusia_magnoliiflora","pollen_transport","pollen",55,"old-growth forest","Understory","old-growth forest"
"CR10","Hymenoptera","Plebeia_frontalis","Conostegia_cuatrecasasii","pollen_transport","pollen",24,"cacao regeneration late","Canopy","regeneration late"
"CR02","Hymenoptera","Plebeia_frontalis","Guarea_guentheri","pollen_transport","pollen",8,"cacao regeneration early","Understory","regeneration early"
"CR13","Hymenoptera","Plebeia_frontalis","Guarea_guentheri","pollen_transport","pollen",1,"cacao regeneration early","Understory","regeneration early"
"OG46","Hymenoptera","Plebeia_frontalis","Guarea_guentheri","pollen_transport","pollen",55,"old-growth forest","Understory","old-growth forest"
"OG42","Hymenoptera","Plebeia_frontalis","Gurania_sp._MAG-2009","pollen_transport","pollen",55,"old-growth forest","Understory","old-growth forest"
"OG46","Hymenoptera","Plebeia_frontalis","Hieronyma_alchorneoides","pollen_transport","pollen",55,"old-growth forest","Understory","old-growth forest"
"OG40","Hymenoptera","Plebeia_frontalis","Magnoliopsida_spc","pollen_transport","pollen",55,"old-growth forest","Understory","old-growth forest"
"CR02","Hymenoptera","Plebeia_frontalis","Malpighiaceae_spc","pollen_transport","pollen",8,"cacao regeneration early","Understory","regeneration early"
"OG46","Hymenoptera","Plebeia_frontalis","Miconia_laxivenula","pollen_transport","pollen",55,"old-growth forest","Understory","old-growth forest"
"OG46","Hymenoptera","Plebeia_frontalis","Mikania_spc","pollen_transport","pollen",55,"old-growth forest","Understory","old-growth forest"
"OG28","Hymenoptera","Plebeia_frontalis","Napeanthus_sp._Clark_7604","pollen_transport","pollen",55,"old-growth forest","Understory","old-growth forest"
"OG40","Hymenoptera","Plebeia_frontalis","Paullinia_clathrata","pollen_transport","pollen",55,"old-growth forest","Canopy","old-growth forest"
"OG46","Hymenoptera","Plebeia_frontalis","Paullinia_clathrata","pollen_transport","pollen",55,"old-growth forest","Understory","old-growth forest"
"OG50","Hymenoptera","Plebeia_frontalis","Paullinia_clathrata","pollen_transport","pollen",55,"old-growth forest","Understory","old-growth forest"
"PA56","Hymenoptera","Plebeia_frontalis","Paullinia_clathrata","pollen_transport","pollen",0,"active pasture","Understory","regeneration early"
"OG28","Hymenoptera","Plebeia_frontalis","Paullinia_clathrata","pollen_transport","pollen",55,"old-growth forest","Understory","old-growth forest"
"CR03","Hymenoptera","Plebeia_frontalis","Perebea_spc","pollen_transport","pollen",5,"cacao regeneration early","Understory","regeneration early"
"CR03","Hymenoptera","Plebeia_frontalis","Perebea_xanthochyma","pollen_transport","pollen",5,"cacao regeneration early","Understory","regeneration early"
"CR02","Hymenoptera","Plebeia_frontalis","Piper_cavendishioides","pollen_transport","pollen",8,"cacao regeneration early","Understory","regeneration early"
"CR05","Hymenoptera","Plebeia_frontalis","Piper_hispidum","pollen_transport","pollen",12,"cacao regeneration early","Understory","regeneration early"
"CR17","Hymenoptera","Plebeia_frontalis","Piper_hispidum","pollen_transport","pollen",9,"cacao regeneration early","Understory","regeneration early"
"PR22","Hymenoptera","Plebeia_frontalis","Piper_hispidum","pollen_transport","pollen",12,"pasture regeneration early","Understory","regeneration early"
"CR10","Hymenoptera","Plebeia_frontalis","Piper_multiplinervium","pollen_transport","pollen",24,"cacao regeneration late","Understory","regeneration late"
"CR13","Hymenoptera","Plebeia_frontalis","Piper_pseudogaragaranum","pollen_transport","pollen",1,"cacao regeneration early","Understory","regeneration early"
"OG41","Hymenoptera","Plebeia_frontalis","Piper_spc","pollen_transport","pollen",55,"old-growth forest","Understory","old-growth forest"
"OG40","Hymenoptera","Plebeia_frontalis","Pourouma_minor","pollen_transport","pollen",55,"old-growth forest","Understory","old-growth forest"
"OG50","Hymenoptera","Plebeia_frontalis","Pseudelephantopus_spc","pollen_transport","pollen",55,"old-growth forest","Understory","old-growth forest"
"CR10","Hymenoptera","Plebeia_frontalis","Rhexia_nashii","pollen_transport","pollen",24,"cacao regeneration late","Understory","regeneration late"
"CR10","Hymenoptera","Plebeia_frontalis","Rhexia_spc","pollen_transport","pollen",24,"cacao regeneration late","Understory","regeneration late"
"CR13","Hymenoptera","Plebeia_frontalis","Rhexia_spc","pollen_transport","pollen",1,"cacao regeneration early","Understory","regeneration early"
"OG46","Hymenoptera","Plebeia_frontalis","Rhexia_spc","pollen_transport","pollen",55,"old-growth forest","Understory","old-growth forest"
"CR11","Hymenoptera","Plebeia_frontalis","Sauvagesia_erecta","pollen_transport","pollen",23,"cacao regeneration late","Understory","regeneration late"
"CR03","Hymenoptera","Plebeia_frontalis","Tabernaemontana_elegans","pollen_transport","pollen",5,"cacao regeneration early","Understory","regeneration early"
"CR10","Hymenoptera","Plebeia_frontalis","Trema_integerrima","pollen_transport","pollen",24,"cacao regeneration late","Canopy","regeneration late"
"OG49","Hymenoptera","Plebeia_sp","Baltimora_recta","pollen_transport","pollen",55,"old-growth forest","Understory","old-growth forest"
"OG50","Hymenoptera","Plebeia_sp","Cecropia_garciae","pollen_transport","pollen",55,"old-growth forest","Understory","old-growth forest"
"OG49","Hymenoptera","Plebeia_sp","Cecropia_insignis","pollen_transport","pollen",55,"old-growth forest","Understory","old-growth forest"
"OG37","Hymenoptera","Plebeia_sp","Cecropia_reticulata","pollen_transport","pollen",55,"old-growth forest","Understory","old-growth forest"
"OG37","Hymenoptera","Plebeia_sp","Cecropia_spc","pollen_transport","pollen",55,"old-growth forest","Understory","old-growth forest"
"OG50","Hymenoptera","Plebeia_sp","Cecropia_spc","pollen_transport","pollen",55,"old-growth forest","Understory","old-growth forest"
"PA58","Hymenoptera","Plebeia_sp","Cecropia_spc","pollen_transport","pollen",0,"active pasture","Understory","regeneration early"
"PR30","Hymenoptera","Plebeia_sp","Cecropia_spc","pollen_transport","pollen",15,"pasture regeneration late","Understory","regeneration late"
"OG45","Hymenoptera","Plebeia_sp","Clusia_rigida","pollen_transport","pollen",55,"old-growth forest","Understory","old-growth forest"
"PA58","Hymenoptera","Plebeia_sp","Loranthaceae_spc","pollen_transport","pollen",0,"active pasture","Understory","regeneration early"
"PR30","Hymenoptera","Plebeia_sp","Magnoliopsida_spc","pollen_transport","pollen",15,"pasture regeneration late","Understory","regeneration late"
"OG51","Hymenoptera","Plebeia_sp","Paullinia_clathrata","pollen_transport","pollen",55,"old-growth forest","Understory","old-growth forest"
"CR09","Hymenoptera","Plebeia_sp","Piper_multiplinervium","pollen_transport","pollen",6,"cacao regeneration early","Understory","regeneration early"
"OG45","Hymenoptera","Plebeia_sp","Piper_oxystachyum","pollen_transport","pollen",55,"old-growth forest","Understory","old-growth forest"
"PA58","Hymenoptera","Plebeia_sp","Urena_lobata","pollen_transport","pollen",0,"active pasture","Understory","regeneration early"
"OG28","Hymenoptera","Plebeia_sp","Vicia_sativa","pollen_transport","pollen",55,"old-growth forest","Understory","old-growth forest"
"PR19","Hymenoptera","Paratetrapedia_sp","Arachis_pintoi","pollen_transport","pollen",6,"pasture regeneration early","Understory","regeneration early"
"CR18","Hymenoptera","Paratetrapedia_sp","Guarea_guentheri","pollen_transport","pollen",10,"cacao regeneration early","Understory","regeneration early"
"CR18","Hymenoptera","Paratetrapedia_sp","Paullinia_clathrata","pollen_transport","pollen",10,"cacao regeneration early","Understory","regeneration early"
"CR18","Hymenoptera","Paratetrapedia_sp","Sabicea_villosa","pollen_transport","pollen",10,"cacao regeneration early","Understory","regeneration early"
"PA53","Hymenoptera","Paratetrapedia_sp","Sabicea_villosa","pollen_transport","pollen",0,"active pasture","Understory","regeneration early"
"PR19","Hymenoptera","Paratetrapedia_sp","Sabicea_villosa","pollen_transport","pollen",6,"pasture regeneration early","Understory","regeneration early"
"PA53","Hymenoptera","Paratetrapedia_sp","Sauvagesia_erecta","pollen_transport","pollen",0,"active pasture","Understory","regeneration early"
"CA59","Hymenoptera","Centris_dichrootricha","Ipomoea_philomega","pollen_transport","pollen",0,"active cacao","Understory","regeneration early"
"PA55","Hymenoptera","Augochloropsis_sp2","Acalypha_diversifolia","pollen_transport","pollen",0,"active pasture","Understory","regeneration early"
"PA57","Hymenoptera","Augochlora_sp4","Baltimora_recta","pollen_transport","pollen",0,"active pasture","Understory","regeneration early"
"PA57","Hymenoptera","Augochlora_sp9_/_(Oxystoglossella)","Baltimora_recta","pollen_transport","pollen",0,"active pasture","Understory","regeneration early"
"PA56","Hymenoptera","Augochlora_sp15","Begonia_fischeri","pollen_transport","pollen",0,"active pasture","Understory","regeneration early"
"CA62","Hymenoptera","Augochloropsis_sp2","Cecropia_insignis","pollen_transport","pollen",0,"active cacao","Understory","regeneration early"
"PA57","Hymenoptera","Corynura_(Corynura)_sp2","Cestrum_schlechtendalii","pollen_transport","pollen",0,"active pasture","Understory","regeneration early"
"PA57","Hymenoptera","Augochlora_sp4","Clibadium_grandifolium","pollen_transport","pollen",0,"active pasture","Understory","regeneration early"
"PA57","Hymenoptera","Augochlora_sp9_/_(Oxystoglossella)","Clibadium_grandifolium","pollen_transport","pollen",0,"active pasture","Understory","regeneration early"
"CA62","Hymenoptera","Augochloropsis_sp5","Clidemia_dentata","pollen_transport","pollen",0,"active cacao","Understory","regeneration early"
"CA64","Hymenoptera","Augochloropsis_sp1","Clidemia_dentata","pollen_transport","pollen",0,"active cacao","Understory","regeneration early"
"PA57","Hymenoptera","Augochloropsis_sp2","Clusia_lineata","pollen_transport","pollen",0,"active pasture","Understory","regeneration early"
"CA63","Hymenoptera","Corynura_(Corynura)_sp2","Cyathula_prostrata","pollen_transport","pollen",0,"active cacao","Understory","regeneration early"
"PR23","Hymenoptera","Augochlora_sp9_/_(Oxystoglossella)","Cybianthus_kayapii","pollen_transport","pollen",1,"pasture regeneration early","Understory","regeneration early"
"PA57","Hymenoptera","Augochloropsis_sp2","Cyperus_spc","pollen_transport","pollen",0,"active pasture","Understory","regeneration early"
"PA53","Hymenoptera","Halictus_sp","Digitaria_ischaemum","pollen_transport","pollen",0,"active pasture","Understory","regeneration early"
"PA53","Hymenoptera","Augochlora_sp8","Elephantopus_mollis","pollen_transport","pollen",0,"active pasture","Understory","regeneration early"
"PA53","Hymenoptera","Halictus_sp","Elephantopus_mollis","pollen_transport","pollen",0,"active pasture","Understory","regeneration early"
"CA62","Hymenoptera","Corynura_(Corynura)_sp2","Emilia_sonchifolia","pollen_transport","pollen",0,"active cacao","Understory","regeneration early"
"CA62","Hymenoptera","Corynura_(Corynura)_sp2","Emilia_spc","pollen_transport","pollen",0,"active cacao","Understory","regeneration early"
"CA60","Hymenoptera","Augochlorella_sp3","Guarea_guentheri","pollen_transport","pollen",0,"active cacao","Understory","regeneration early"
"CA62","Hymenoptera","Augochloropsis_sp2","Guarea_guentheri","pollen_transport","pollen",0,"active cacao","Understory","regeneration early"
"PA55","Hymenoptera","Augochloropsis_sp2","Henriettella_lawrancei","pollen_transport","pollen",0,"active pasture","Understory","regeneration early"
"PA57","Hymenoptera","Corynura_(Corynura)_sp2","Hidalgoa_spc","pollen_transport","pollen",0,"active pasture","Understory","regeneration early"
"CA63","Hymenoptera","Augochlora_sp15","Hydrocotyle_spc","pollen_transport","pollen",0,"active cacao","Understory","regeneration early"
"CA63","Hymenoptera","Augochlorella_sp2","Hydrocotyle_spc","pollen_transport","pollen",0,"active cacao","Understory","regeneration early"
"CA63","Hymenoptera","Corynura_(Corynura)_sp2","Hydrocotyle_spc","pollen_transport","pollen",0,"active cacao","Understory","regeneration early"
"CA63","Hymenoptera","Augochlorella_sp2","Hyptis_atrorubens","pollen_transport","pollen",0,"active cacao","Understory","regeneration early"
"PA57","Hymenoptera","Augochloropsis_sp2","Hyptis_atrorubens","pollen_transport","pollen",0,"active pasture","Understory","regeneration early"
"PA57","Hymenoptera","Corynura_(Corynura)_sp2","Hyptis_atrorubens","pollen_transport","pollen",0,"active pasture","Understory","regeneration early"
"PR33","Hymenoptera","Corynura_(Corynura)_sp2","Hyptis_atrorubens","pollen_transport","pollen",1,"pasture regeneration early","Understory","regeneration early"
"CA63","Hymenoptera","Augochlorella_sp2","Hyptis_lappulacea","pollen_transport","pollen",0,"active cacao","Understory","regeneration early"
"CA59","Hymenoptera","Augochlorella_cf_tredecim","Inga_manabiensis","pollen_transport","pollen",0,"active cacao","Understory","regeneration early"
"PA54","Hymenoptera","Augochlorella_sp2","Ludwigia_hyssopifolia","pollen_transport","pollen",0,"active pasture","Understory","regeneration early"
"CA60","Hymenoptera","Augochloropsis_sp","Magnoliopsida_spc","pollen_transport","pollen",0,"active cacao","Understory","regeneration early"
"PA53","Hymenoptera","Augochlora_sp7","Magnoliopsida_spc","pollen_transport","pollen",0,"active pasture","Understory","regeneration early"
"PA56","Hymenoptera","Augochloropsis_sp4","Magnoliopsida_spc","pollen_transport","pollen",0,"active pasture","Understory","regeneration early"
"PR26","Hymenoptera","Augochlora_sp9_/_(Oxystoglossella)","Melanthera_nivea","pollen_transport","pollen",28,"pasture regeneration late","Understory","regeneration late"
"PA55","Hymenoptera","Augochloropsis_sp2","Moraceae_spc","pollen_transport","pollen",0,"active pasture","Understory","regeneration early"
"PA53","Hymenoptera","Augochlora_sp11","Nepsera_aquatica","pollen_transport","pollen",0,"active pasture","Understory","regeneration early"
"CA62","Hymenoptera","Augochloropsis_sp5","Ossaea_quadrisulca","pollen_transport","pollen",0,"active cacao","Understory","regeneration early"
"PR23","Hymenoptera","Augochlora_sp9_/_(Oxystoglossella)","Ossaea_quadrisulca","pollen_transport","pollen",1,"pasture regeneration early","Understory","regeneration early"
"CA62","Hymenoptera","Corynura_(Corynura)_sp2","Passovia_pyrifolia","pollen_transport","pollen",0,"active cacao","Understory","regeneration early"
"CA60","Hymenoptera","Augochlorella_sp3","Paullinia_clathrata","pollen_transport","pollen",0,"active cacao","Understory","regeneration early"
"OG51","Hymenoptera","Augochlora_sp9_/_(Oxystoglossella)","Paullinia_clathrata","pollen_transport","pollen",55,"old-growth forest","Understory","old-growth forest"
"CA61","Hymenoptera","Neocorynura_sp2","Piper_grande","pollen_transport","pollen",0,"active cacao","Understory","regeneration early"
"CA64","Hymenoptera","Corynura_(Corynura)_sp2","Piper_hispidum","pollen_transport","pollen",0,"active cacao","Understory","regeneration early"
"PR33","Hymenoptera","Corynura_(Corynura)_sp2","Piper_marginatum","pollen_transport","pollen",1,"pasture regeneration early","Understory","regeneration early"
"CR05","Hymenoptera","Augochloropsis_sp4","Piper_multiplinervium","pollen_transport","pollen",12,"cacao regeneration early","Understory","regeneration early"
"PR27","Hymenoptera","Neocorynura_sp2","Piper_multiplinervium","pollen_transport","pollen",27,"pasture regeneration late","Understory","regeneration late"
"PA53","Hymenoptera","Augochlora_sp7","Piper_pequeina","pollen_transport","pollen",0,"active pasture","Understory","regeneration early"
"PR33","Hymenoptera","Augochloropsis_sp2","Rhexia_spc","pollen_transport","pollen",1,"pasture regeneration early","Understory","regeneration early"
"PA53","Hymenoptera","Augochlora_sp8","Sabicea_villosa","pollen_transport","pollen",0,"active pasture","Understory","regeneration early"
"PR27","Hymenoptera","Neocorynura_sp2","Sapium_glandulosum","pollen_transport","pollen",27,"pasture regeneration late","Understory","regeneration late"
"CA61","Hymenoptera","Neocorynura_sp2","Saurauia_herthae","pollen_transport","pollen",0,"active cacao","Understory","regeneration early"
"CA60","Hymenoptera","Augochloropsis_sp","Sauvagesia_erecta","pollen_transport","pollen",0,"active cacao","Understory","regeneration early"
"PA53","Hymenoptera","Augochlora_sp11","Sauvagesia_erecta","pollen_transport","pollen",0,"active pasture","Understory","regeneration early"
"PA53","Hymenoptera","Augochlora_sp7","Sauvagesia_erecta","pollen_transport","pollen",0,"active pasture","Understory","regeneration early"
"PA53","Hymenoptera","Halictus_sp","Sauvagesia_erecta","pollen_transport","pollen",0,"active pasture","Understory","regeneration early"
"PA56","Hymenoptera","Augochloropsis_sp4","Sauvagesia_erecta","pollen_transport","pollen",0,"active pasture","Understory","regeneration early"
"PR33","Hymenoptera","Augochloropsis_sp2","Sauvagesia_erecta","pollen_transport","pollen",1,"pasture regeneration early","Understory","regeneration early"
"CA64","Hymenoptera","Augochloropsis_sp1","Solanum_schlechtendalianum","pollen_transport","pollen",0,"active cacao","Understory","regeneration early"
"CA64","Hymenoptera","Corynura_(Corynura)_sp2","Solanum_schlechtendalianum","pollen_transport","pollen",0,"active cacao","Understory","regeneration early"
"CA64","Hymenoptera","Augochloropsis_sp7","Solanum_spc","pollen_transport","pollen",0,"active cacao","Understory","regeneration early"
"CA62","Hymenoptera","Augochloropsis_sp5","Spermacoce_alata","pollen_transport","pollen",0,"active cacao","Understory","regeneration early"
"PA54","Hymenoptera","Augochlorella_sp2","Spermacoce_remota","pollen_transport","pollen",0,"active pasture","Understory","regeneration early"
"PA55","Hymenoptera","Augochloropsis_sp2","Sphyrospermum_microphyllum","pollen_transport","pollen",0,"active pasture","Understory","regeneration early"
"CA59","Hymenoptera","Augochlorella_cf_tredecim","Stellaria_media","pollen_transport","pollen",0,"active cacao","Understory","regeneration early"
"CR10","Hymenoptera","Augochlora_sp3","Stellaria_media","pollen_transport","pollen",24,"cacao regeneration late","Understory","regeneration late"
"PR33","Hymenoptera","Corynura_(Corynura)_sp2","Stellaria_media","pollen_transport","pollen",1,"pasture regeneration early","Understory","regeneration early"
"OG51","Hymenoptera","Augochlora_sp9_/_(Oxystoglossella)","Triplaris_cumingiana","pollen_transport","pollen",55,"old-growth forest","Understory","old-growth forest"
"PA56","Hymenoptera","Augochloropsis_sp4","Urochloa_comata","pollen_transport","pollen",0,"active pasture","Understory","regeneration early"
"PA56","Hymenoptera","Augochloropsis_sp4","Urochloa_ruziziensis","pollen_transport","pollen",0,"active pasture","Understory","regeneration early"
"PR27","Hymenoptera","Neocorynura_sp2","Virola_aff._Reidii","pollen_transport","pollen",27,"pasture regeneration late","Understory","regeneration late"
"CR09","Hymenoptera","Hylaeus_sp","Piper_multiplinervium","pollen_transport","pollen",6,"cacao regeneration early","Understory","regeneration early"
"CR09","Hymenoptera","Hylaeus_sp","Virola_aff._Reidii","pollen_transport","pollen",6,"cacao regeneration early","Understory","regeneration early"
"CR16","Hymenoptera","Megalopta_genalis_gr","Acalypha_diversifolia","pollen_transport","pollen",8,"cacao regeneration early","Understory","regeneration early"
"CR12","Hymenoptera","Megalopta_genalis_gr_sp2","Bunchosia_cornifolia","pollen_transport","pollen",15,"cacao regeneration late","Understory","regeneration late"
"OG38","Hymenoptera","Megalopta_genalis_gr","Bunchosia_cornifolia","pollen_transport","pollen",55,"old-growth forest","Canopy","old-growth forest"
"CA62","Hymenoptera","Megalopta_genalis_gr","Cecropia_insignis","pollen_transport","pollen",0,"active cacao","Understory","regeneration early"
"CR05","Hymenoptera","Megalopta_genalis_gr","Cecropia_insignis","pollen_transport","pollen",12,"cacao regeneration early","Understory","regeneration early"
"CR10","Hymenoptera","Megalopta_genalis_gr_sp2","Cecropia_insignis","pollen_transport","pollen",24,"cacao regeneration late","Understory","regeneration late"
"CR16","Hymenoptera","Megalopta_genalis_gr","Cecropia_insignis","pollen_transport","pollen",8,"cacao regeneration early","Understory","regeneration early"
"OG42","Hymenoptera","Megalopta_genalis_gr","Cecropia_insignis","pollen_transport","pollen",55,"old-growth forest","Canopy","old-growth forest"
"OG44","Hymenoptera","Megalopta_genalis_gr","Cecropia_insignis","pollen_transport","pollen",55,"old-growth forest","Understory","old-growth forest"
"OG48","Hymenoptera","Megalopta_genalis_gr","Cecropia_insignis","pollen_transport","pollen",55,"old-growth forest","Canopy","old-growth forest"
"PR26","Hymenoptera","Megalopta_genalis_gr","Cecropia_insignis","pollen_transport","pollen",28,"pasture regeneration late","Understory","regeneration late"
"CR10","Hymenoptera","Megalopta_genalis_gr_sp2","Cecropia_spc","pollen_transport","pollen",24,"cacao regeneration late","Understory","regeneration late"
"CR01","Hymenoptera","Megalopta_genalis_gr","Clusia_nemorosa","pollen_transport","pollen",6,"cacao regeneration early","Understory","regeneration early"
"OG37","Hymenoptera","Megalopta_genalis_gr","Clusia_nemorosa","pollen_transport","pollen",55,"old-growth forest","Canopy","old-growth forest"
"OG38","Hymenoptera","Megalopta_genalis_gr_sp2","Clusia_nemorosa","pollen_transport","pollen",55,"old-growth forest","Canopy","old-growth forest"
"OG42","Hymenoptera","Megalopta_genalis_gr","Clusia_nemorosa","pollen_transport","pollen",55,"old-growth forest","Canopy","old-growth forest"
"OG43","Hymenoptera","Megalopta_genalis_gr","Clusia_nemorosa","pollen_transport","pollen",55,"old-growth forest","Understory","old-growth forest"
"OG44","Hymenoptera","Megalopta_genalis_gr","Clusia_nemorosa","pollen_transport","pollen",55,"old-growth forest","Understory","old-growth forest"
"PR22","Hymenoptera","Megalopta_genalis_gr","Clusia_nemorosa","pollen_transport","pollen",12,"pasture regeneration early","Understory","regeneration early"
"PR26","Hymenoptera","Megalopta_genalis_gr","Clusia_nemorosa","pollen_transport","pollen",28,"pasture regeneration late","Understory","regeneration late"
"OG28","Hymenoptera","Megalopta_genalis_gr","Clusia_nemorosa","pollen_transport","pollen",55,"old-growth forest","Canopy","old-growth forest"
"PR31","Hymenoptera","Megalopta_genalis_gr","Clusia_nemorosa","pollen_transport","pollen",16,"pasture regeneration late","Canopy","regeneration late"
"OG49","Hymenoptera","Megalopta_genalis_gr","Conceveiba_martiana","pollen_transport","pollen",55,"old-growth forest","Canopy","old-growth forest"
"OG44","Hymenoptera","Megalopta_genalis_gr","Ficus_sp._Clement_184","pollen_transport","pollen",55,"old-growth forest","Canopy","old-growth forest"
"CR01","Hymenoptera","Megalopta_genalis_gr","Guettarda_crispiflora","pollen_transport","pollen",6,"cacao regeneration early","Understory","regeneration early"
"CA63","Hymenoptera","Megalopta_amoena","Hieronyma_alchorneoides","pollen_transport","pollen",0,"active cacao","Understory","regeneration early"
"OG38","Hymenoptera","Megalopta_genalis_gr_sp2","Huberodendron_patinoi","pollen_transport","pollen",55,"old-growth forest","Canopy","old-growth forest"
"OG28","Hymenoptera","Megalopta_genalis_gr","Huberodendron_patinoi","pollen_transport","pollen",55,"old-growth forest","Canopy","old-growth forest"
"CR05","Hymenoptera","Megalopta_genalis_gr","Magnoliopsida_spc","pollen_transport","pollen",12,"cacao regeneration early","Understory","regeneration early"
"OG38","Hymenoptera","Megalopta_genalis_gr","Magnoliopsida_spc","pollen_transport","pollen",55,"old-growth forest","Canopy","old-growth forest"
"OG48","Hymenoptera","Megalopta_genalis_gr_sp2","Magnoliopsida_spc","pollen_transport","pollen",55,"old-growth forest","Canopy","old-growth forest"
"OG28","Hymenoptera","Megalopta_amoena","Magnoliopsida_spc","pollen_transport","pollen",55,"old-growth forest","Canopy","old-growth forest"
"OG48","Hymenoptera","Megalopta_genalis_gr","Manekia_naranjoana","pollen_transport","pollen",55,"old-growth forest","Canopy","old-growth forest"
"OG48","Hymenoptera","Megalopta_genalis_gr_sp2","Manekia_naranjoana","pollen_transport","pollen",55,"old-growth forest","Canopy","old-growth forest"
"OG49","Hymenoptera","Megalopta_genalis_gr","Manekia_naranjoana","pollen_transport","pollen",55,"old-growth forest","Canopy","old-growth forest"
"CR10","Hymenoptera","Megalopta_genalis_gr_sp2","Marcgravia_umbellata","pollen_transport","pollen",24,"cacao regeneration late","Understory","regeneration late"
"PR25","Hymenoptera","Megalopta_genalis_gr","Marcgravia_umbellata","pollen_transport","pollen",6,"pasture regeneration early","Understory","regeneration early"
"CA63","Hymenoptera","Megalopta_amoena","Miconia_affinis","pollen_transport","pollen",0,"active cacao","Understory","regeneration early"
"CR12","Hymenoptera","Megalopta_genalis_gr_sp2","Miconia_laxivenula","pollen_transport","pollen",15,"cacao regeneration late","Understory","regeneration late"
"OG38","Hymenoptera","Megalopta_genalis_gr","Solanaceae_spc","pollen_transport","pollen",55,"old-growth forest","Canopy","old-growth forest"
"OG44","Hymenoptera","Megalopta_genalis_gr","Sorocea_jaramilloi","pollen_transport","pollen",55,"old-growth forest","Understory","old-growth forest"
"CA62","Hymenoptera","Megalopta_genalis_gr","Stellaria_media","pollen_transport","pollen",0,"active cacao","Understory","regeneration early"
"OG49","Hymenoptera","Megalopta_genalis_gr","Stellaria_media","pollen_transport","pollen",55,"old-growth forest","Canopy","old-growth forest"
