"Plot_ID","taxon","animal_species","plant_species","type","unit","RegTime","Treatment2","method","Treatment3"
"PR26","Lepidoptera","Hypanthidioides_sp","Vitex_orinocensis","pollen_transport","pollen",28,"pasture regeneration late","Canopy","regeneration late"
"PR26","Lepidoptera","Megachile_cf_amparo","Eugenia_crassimarginata","pollen_transport","pollen",28,"pasture regeneration late","Canopy","regeneration late"
"CR18","Lepidoptera","Aclytia_heber_773","Adenostemma_spc","pollen_transport","pollen",10,"cacao regeneration early","Canopy","regeneration early"
"PA58","Lepidoptera","Aclytia_heber_773","Cecropia_garciae","pollen_transport","pollen",0,"active pasture","Understory","regeneration early"
"PR33","Lepidoptera","Aclytia_heber_773","Heliotropiaceae_spc","pollen_transport","pollen",1,"pasture regeneration early","Understory","regeneration early"
"CR18","Lepidoptera","Aclytia_heber_773","Hieronyma_alchorneoides","pollen_transport","pollen",10,"cacao regeneration early","Canopy","regeneration early"
"PA58","Lepidoptera","Aclytia_heber_773","Magnoliopsida_spc","pollen_transport","pollen",0,"active pasture","Understory","regeneration early"
"PR33","Lepidoptera","Aclytia_heber_773","Magnoliopsida_spc","pollen_transport","pollen",1,"pasture regeneration early","Understory","regeneration early"
"OG43","Lepidoptera","Aclytia_heber_773","Tapirira_guianensis","pollen_transport","pollen",55,"old-growth forest","Understory","old-growth forest"
"CA60","Lepidoptera","Aclytia_nr_heber_2017","Cecropia_insignis","pollen_transport","pollen",0,"active cacao","Understory","regeneration early"
"PR33","Lepidoptera","Aclytia_nr_heber_2017","Cecropia_spc","pollen_transport","pollen",1,"pasture regeneration early","Understory","regeneration early"
"PR33","Lepidoptera","Aclytia_nr_heber_2017","Cestrum_schlechtendalii","pollen_transport","pollen",1,"pasture regeneration early","Understory","regeneration early"
"CA60","Lepidoptera","Aclytia_nr_heber_2017","Inga_spc","pollen_transport","pollen",0,"active cacao","Understory","regeneration early"
"CR13","Lepidoptera","Aclytia_nr_heber_2017","Lantana_camara","pollen_transport","pollen",1,"cacao regeneration early","Understory","regeneration early"
"OG49","Lepidoptera","Agylla_cf_zucarina_853","Bidens_pilosa","pollen_transport","pollen",55,"old-growth forest","Canopy","old-growth forest"
"OG50","Lepidoptera","Agylla_cf_zucarina_853","Caryophyllaceae_spc","pollen_transport","pollen",55,"old-growth forest","Canopy","old-growth forest"
"CR18","Lepidoptera","Agylla_cf_zucarina_853","Cecropia_insignis","pollen_transport","pollen",10,"cacao regeneration early","Understory","regeneration early"
"OG37","Lepidoptera","Agylla_cf_zucarina_853","Cestrum_schlechtendalii","pollen_transport","pollen",55,"old-growth forest","Canopy","old-growth forest"
"OG50","Lepidoptera","Agylla_cf_zucarina_853","Cestrum_schlechtendalii","pollen_transport","pollen",55,"old-growth forest","Canopy","old-growth forest"
"PA53","Lepidoptera","Agylla_cf_zucarina_853","Clusia_magnoliiflora","pollen_transport","pollen",0,"active pasture","Understory","regeneration early"
"PA53","Lepidoptera","Agylla_cf_zucarina_853","Clusia_spc","pollen_transport","pollen",0,"active pasture","Understory","regeneration early"
"OG42","Lepidoptera","Agylla_cf_zucarina_853","Guarea_gentryi","pollen_transport","pollen",55,"old-growth forest","Canopy","old-growth forest"
"CR04","Lepidoptera","Agylla_cf_zucarina_853","Heliotropiaceae_spc","pollen_transport","pollen",21,"cacao regeneration late","Canopy","regeneration late"
"OG38","Lepidoptera","Agylla_cf_zucarina_853","Heliotropiaceae_spc","pollen_transport","pollen",55,"old-growth forest","Understory","old-growth forest"
"CR18","Lepidoptera","Agylla_cf_zucarina_853","Hieronyma_alchorneoides","pollen_transport","pollen",10,"cacao regeneration early","Understory","regeneration early"
"OG51","Lepidoptera","Agylla_cf_zucarina_853","Hieronyma_alchorneoides","pollen_transport","pollen",55,"old-growth forest","Canopy","old-growth forest"
"PA53","Lepidoptera","Agylla_cf_zucarina_853","Magnoliopsida_spc","pollen_transport","pollen",0,"active pasture","Understory","regeneration early"
"OG28","Lepidoptera","Agylla_cf_zucarina_853","Magnoliopsida_spc","pollen_transport","pollen",55,"old-growth forest","Canopy","old-growth forest"
"OG49","Lepidoptera","Agylla_cf_zucarina_853","Meliaceae_spc","pollen_transport","pollen",55,"old-growth forest","Canopy","old-growth forest"
"CR18","Lepidoptera","Agylla_cf_zucarina_853","Parkia_multijuga","pollen_transport","pollen",10,"cacao regeneration early","Understory","regeneration early"
"OG51","Lepidoptera","Agylla_cf_zucarina_853","Parkia_multijuga","pollen_transport","pollen",55,"old-growth forest","Canopy","old-growth forest"
"OG51","Lepidoptera","Agylla_cf_zucarina_853","Pouteria_spc","pollen_transport","pollen",55,"old-growth forest","Canopy","old-growth forest"
"CR18","Lepidoptera","Agylla_cf_zucarina_853","Ruagea_glabra","pollen_transport","pollen",10,"cacao regeneration early","Canopy","regeneration early"
"OG28","Lepidoptera","Agylla_cf_zucarina_853","Sapotaceae_sp_JSA315_spc","pollen_transport","pollen",55,"old-growth forest","Canopy","old-growth forest"
"OG50","Lepidoptera","Agylla_cf_zucarina_853","Stellaria_spc","pollen_transport","pollen",55,"old-growth forest","Canopy","old-growth forest"
"OG43","Lepidoptera","Agylla_cf_zucarina_853","Tapirira_guianensis","pollen_transport","pollen",55,"old-growth forest","Canopy","old-growth forest"
"OG28","Lepidoptera","Agylla_cf_zucarina_853","Trichilia_pallida","pollen_transport","pollen",55,"old-growth forest","Canopy","old-growth forest"
"OG50","Lepidoptera","Agylla_nr_argentifera_1154","Caryophyllaceae_spc","pollen_transport","pollen",55,"old-growth forest","Canopy","old-growth forest"
"CR18","Lepidoptera","Agylla_nr_argentifera_1154","Cecropia_insignis","pollen_transport","pollen",10,"cacao regeneration early","Canopy","regeneration early"
"PR31","Lepidoptera","Agylla_nr_argentifera_1154","Cecropia_insignis","pollen_transport","pollen",16,"pasture regeneration late","Canopy","regeneration late"
"CA59","Lepidoptera","Agylla_nr_argentifera_1154","Cestrum_schlechtendalii","pollen_transport","pollen",0,"active cacao","Understory","regeneration early"
"CA61","Lepidoptera","Agylla_nr_argentifera_1154","Cestrum_schlechtendalii","pollen_transport","pollen",0,"active cacao","Understory","regeneration early"
"CA61","Lepidoptera","Agylla_nr_argentifera_1154","Guarea_cartaguenya","pollen_transport","pollen",0,"active cacao","Understory","regeneration early"
"OG41","Lepidoptera","Agylla_nr_argentifera_1154","Guarea_cartaguenya","pollen_transport","pollen",55,"old-growth forest","Canopy","old-growth forest"
"PR26","Lepidoptera","Agylla_nr_argentifera_1154","Guarea_cartaguenya","pollen_transport","pollen",28,"pasture regeneration late","Canopy","regeneration late"
"OG40","Lepidoptera","Agylla_nr_argentifera_1154","Guarea_kunthiana","pollen_transport","pollen",55,"old-growth forest","Canopy","old-growth forest"
"PR26","Lepidoptera","Agylla_nr_argentifera_1154","Guarea_kunthiana","pollen_transport","pollen",28,"pasture regeneration late","Canopy","regeneration late"
"CA61","Lepidoptera","Agylla_nr_argentifera_1154","Guarea_spc","pollen_transport","pollen",0,"active cacao","Understory","regeneration early"
"PR26","Lepidoptera","Agylla_nr_argentifera_1154","Guarea_spc","pollen_transport","pollen",28,"pasture regeneration late","Canopy","regeneration late"
"PA53","Lepidoptera","Agylla_nr_argentifera_1154","Guettarda_crispiflora","pollen_transport","pollen",0,"active pasture","Understory","regeneration early"
"OG40","Lepidoptera","Agylla_nr_argentifera_1154","Gurania_acuminata","pollen_transport","pollen",55,"old-growth forest","Canopy","old-growth forest"
"CR18","Lepidoptera","Agylla_nr_argentifera_1154","Hieronyma_alchorneoides","pollen_transport","pollen",10,"cacao regeneration early","Canopy","regeneration early"
"CA59","Lepidoptera","Agylla_nr_argentifera_1154","Marcgravia_umbellata","pollen_transport","pollen",0,"active cacao","Understory","regeneration early"
"OG49","Lepidoptera","Agylla_nr_argentifera_1154","Marcgravia_umbellata","pollen_transport","pollen",55,"old-growth forest","Understory","old-growth forest"
"OG50","Lepidoptera","Agylla_nr_argentifera_1154","Marcgravia_umbellata","pollen_transport","pollen",55,"old-growth forest","Canopy","old-growth forest"
"PA58","Lepidoptera","Agylla_nr_argentifera_1154","Marcgravia_umbellata","pollen_transport","pollen",0,"active pasture","Understory","regeneration early"
"CR18","Lepidoptera","Agylla_nr_argentifera_1154","Parkia_multijuga","pollen_transport","pollen",10,"cacao regeneration early","Canopy","regeneration early"
"PA53","Lepidoptera","Agylla_nr_argentifera_1154","Paullinia_clathrata","pollen_transport","pollen",0,"active pasture","Understory","regeneration early"
"PR24","Lepidoptera","Agylla_nr_argentifera_1154","Pouteria_torta","pollen_transport","pollen",21,"pasture regeneration late","Canopy","regeneration late"
"OG39","Lepidoptera","Agylla_nr_argentifera_1154","Sloanea_spc","pollen_transport","pollen",55,"old-growth forest","Understory","old-growth forest"
"OG39","Lepidoptera","Agylla_nr_argentifera_1154","Solanum_lycopersicum","pollen_transport","pollen",55,"old-growth forest","Understory","old-growth forest"
"OG50","Lepidoptera","Agylla_nr_argentifera_1154","Souroubea_guianensis","pollen_transport","pollen",55,"old-growth forest","Canopy","old-growth forest"
"OG50","Lepidoptera","Agylla_nr_argentifera_1154","Stellaria_spc","pollen_transport","pollen",55,"old-growth forest","Canopy","old-growth forest"
"CR06","Lepidoptera","Agylla_nr_nivea_347","Acalypha_diversifolia","pollen_transport","pollen",33,"cacao regeneration late","Canopy","regeneration late"
"OG41","Lepidoptera","Agylla_nr_nivea_347","Cecropia_spc","pollen_transport","pollen",55,"old-growth forest","Canopy","old-growth forest"
"PR33","Lepidoptera","Agylla_nr_nivea_347","Cecropia_spc","pollen_transport","pollen",1,"pasture regeneration early","Understory","regeneration early"
"CR14","Lepidoptera","Agylla_nr_nivea_347","Cestrum_schlechtendalii","pollen_transport","pollen",38,"cacao regeneration late","Understory","regeneration late"
"PR36","Lepidoptera","Agylla_nr_nivea_347","Cestrum_schlechtendalii","pollen_transport","pollen",9,"pasture regeneration early","Understory","regeneration early"
"PA53","Lepidoptera","Agylla_nr_nivea_347","Cestrum_spc","pollen_transport","pollen",0,"active pasture","Understory","regeneration early"
"OG37","Lepidoptera","Agylla_nr_nivea_347","Citharexylum_spc","pollen_transport","pollen",55,"old-growth forest","Canopy","old-growth forest"
"CR10","Lepidoptera","Agylla_nr_nivea_347","Clusia_nemorosa","pollen_transport","pollen",24,"cacao regeneration late","Canopy","regeneration late"
"CR14","Lepidoptera","Agylla_nr_nivea_347","Clusia_nemorosa","pollen_transport","pollen",38,"cacao regeneration late","Canopy","regeneration late"
"OG45","Lepidoptera","Agylla_nr_nivea_347","Clusia_nemorosa","pollen_transport","pollen",55,"old-growth forest","Understory","old-growth forest"
"PR21","Lepidoptera","Agylla_nr_nivea_347","Clusia_nemorosa","pollen_transport","pollen",36,"pasture regeneration late","Canopy","regeneration late"
"PR36","Lepidoptera","Agylla_nr_nivea_347","Clusia_nemorosa","pollen_transport","pollen",9,"pasture regeneration early","Understory","regeneration early"
"OG41","Lepidoptera","Agylla_nr_nivea_347","Guarea_cartaguenya","pollen_transport","pollen",55,"old-growth forest","Understory","old-growth forest"
"PR24","Lepidoptera","Agylla_nr_nivea_347","Guarea_cartaguenya","pollen_transport","pollen",21,"pasture regeneration late","Canopy","regeneration late"
"CR04","Lepidoptera","Agylla_nr_nivea_347","Guarea_kunthiana","pollen_transport","pollen",21,"cacao regeneration late","Understory","regeneration late"
"OG43","Lepidoptera","Agylla_nr_nivea_347","Guarea_kunthiana","pollen_transport","pollen",55,"old-growth forest","Canopy","old-growth forest"
"OG41","Lepidoptera","Agylla_nr_nivea_347","Guarea_spc","pollen_transport","pollen",55,"old-growth forest","Understory","old-growth forest"
"OG41","Lepidoptera","Agylla_nr_nivea_347","Magnoliopsida_spc","pollen_transport","pollen",55,"old-growth forest","Understory","old-growth forest"
"CR10","Lepidoptera","Agylla_nr_nivea_347","Marcgravia_umbellata","pollen_transport","pollen",24,"cacao regeneration late","Canopy","regeneration late"
"PR26","Lepidoptera","Agylla_nr_nivea_347","Pouteria_lucumifolia","pollen_transport","pollen",28,"pasture regeneration late","Canopy","regeneration late"
"CR06","Lepidoptera","Agylla_nr_nivea_347","Pouteria_torta","pollen_transport","pollen",33,"cacao regeneration late","Canopy","regeneration late"
"OG38","Lepidoptera","Agylla_nr_nivea_347","Pouteria_torta","pollen_transport","pollen",55,"old-growth forest","Understory","old-growth forest"
"PR33","Lepidoptera","Agylla_nr_nivea_347","Pouteria_torta","pollen_transport","pollen",1,"pasture regeneration early","Understory","regeneration early"
"CR04","Lepidoptera","Agylla_nr_nivea_347","Sloanea_spc","pollen_transport","pollen",21,"cacao regeneration late","Understory","regeneration late"
"CR10","Lepidoptera","Agylla_nr_nivea_347","Stellaria_media","pollen_transport","pollen",24,"cacao regeneration late","Canopy","regeneration late"
"OG43","Lepidoptera","Agylla_nr_nivea_347","Tapirira_guianensis","pollen_transport","pollen",55,"old-growth forest","Canopy","old-growth forest"
"OG43","Lepidoptera","Agylla_nr_nivea_347","Trichilia_pallida","pollen_transport","pollen",55,"old-growth forest","Canopy","old-growth forest"
"CR14","Lepidoptera","Agylla_sp_1185","Cecropia_insignis","pollen_transport","pollen",38,"cacao regeneration late","Understory","regeneration late"
"CR18","Lepidoptera","Agylla_sp_1185","Cecropia_insignis","pollen_transport","pollen",10,"cacao regeneration early","Canopy","regeneration early"
"OG51","Lepidoptera","Agylla_sp_1185","Cecropia_insignis","pollen_transport","pollen",55,"old-growth forest","Understory","old-growth forest"
"CR14","Lepidoptera","Agylla_sp_1185","Cestrum_schlechtendalii","pollen_transport","pollen",38,"cacao regeneration late","Canopy","regeneration late"
"CR14","Lepidoptera","Agylla_sp_1185","Clusia_nemorosa","pollen_transport","pollen",38,"cacao regeneration late","Canopy","regeneration late"
"OG42","Lepidoptera","Agylla_sp_1185","Clusia_nemorosa","pollen_transport","pollen",55,"old-growth forest","Canopy","old-growth forest"
"PR20","Lepidoptera","Agylla_sp_1185","Clusia_nemorosa","pollen_transport","pollen",4,"pasture regeneration early","Understory","regeneration early"
"OG38","Lepidoptera","Agylla_sp_1185","Guarea_cartaguenya","pollen_transport","pollen",55,"old-growth forest","Canopy","old-growth forest"
"CR18","Lepidoptera","Agylla_sp_1185","Hieronyma_alchorneoides","pollen_transport","pollen",10,"cacao regeneration early","Canopy","regeneration early"
"CR18","Lepidoptera","Agylla_sp_1185","Parkia_multijuga","pollen_transport","pollen",10,"cacao regeneration early","Canopy","regeneration early"
"CR18","Lepidoptera","Agylla_sp_1185","Pouteria_caimito","pollen_transport","pollen",10,"cacao regeneration early","Canopy","regeneration early"
"CR04","Lepidoptera","Agylla_sp_1185","Pouteria_torta","pollen_transport","pollen",21,"cacao regeneration late","Canopy","regeneration late"
"CR06","Lepidoptera","Agylla_sp_1185","Pouteria_torta","pollen_transport","pollen",33,"cacao regeneration late","Understory","regeneration late"
"PR24","Lepidoptera","Agylla_sp_854","Cecropia_insignis","pollen_transport","pollen",21,"pasture regeneration late","Canopy","regeneration late"
"PR31","Lepidoptera","Agylla_sp_854","Cecropia_insignis","pollen_transport","pollen",16,"pasture regeneration late","Canopy","regeneration late"
"OG43","Lepidoptera","Agylla_sp_854","Chrysophyllum_eximium","pollen_transport","pollen",55,"old-growth forest","Canopy","old-growth forest"
"OG51","Lepidoptera","Agylla_sp_854","Guarea_gentryi","pollen_transport","pollen",55,"old-growth forest","Canopy","old-growth forest"
"PR24","Lepidoptera","Agylla_sp_854","Guarea_macrophylla","pollen_transport","pollen",21,"pasture regeneration late","Canopy","regeneration late"
"CR04","Lepidoptera","Agylla_sp_854","Heliotropiaceae_spc","pollen_transport","pollen",21,"cacao regeneration late","Canopy","regeneration late"
"PA53","Lepidoptera","Agylla_sp_854","Heliotropiaceae_spc","pollen_transport","pollen",0,"active pasture","Understory","regeneration early"
"PR24","Lepidoptera","Agylla_sp_854","Heliotropiaceae_spc","pollen_transport","pollen",21,"pasture regeneration late","Canopy","regeneration late"
"CR18","Lepidoptera","Agylla_sp_854","Hieronyma_alchorneoides","pollen_transport","pollen",10,"cacao regeneration early","Canopy","regeneration early"
"CA59","Lepidoptera","Agylla_sp_854","Marcgravia_umbellata","pollen_transport","pollen",0,"active cacao","Understory","regeneration early"
"PR31","Lepidoptera","Agylla_sp_854","Marcgravia_umbellata","pollen_transport","pollen",16,"pasture regeneration late","Canopy","regeneration late"
"CR18","Lepidoptera","Agylla_sp_854","Parkia_multijuga","pollen_transport","pollen",10,"cacao regeneration early","Canopy","regeneration early"
"OG40","Lepidoptera","Agylla_sp_854","Parkia_multijuga","pollen_transport","pollen",55,"old-growth forest","Canopy","old-growth forest"
"PR24","Lepidoptera","Agylla_sp_854","Pouteria_caimito","pollen_transport","pollen",21,"pasture regeneration late","Canopy","regeneration late"
"PR26","Lepidoptera","Agylla_sp_854","Pouteria_lucumifolia","pollen_transport","pollen",28,"pasture regeneration late","Canopy","regeneration late"
"CR18","Lepidoptera","Agylla_sp_854","Ruagea_glabra","pollen_transport","pollen",10,"cacao regeneration early","Understory","regeneration early"
"PR24","Lepidoptera","Agylla_sp_854","Ruagea_glabra","pollen_transport","pollen",21,"pasture regeneration late","Canopy","regeneration late"
"CR18","Lepidoptera","Agylla_sp_854","Sapotaceae_sp_JSA315_spc","pollen_transport","pollen",10,"cacao regeneration early","Understory","regeneration early"
"CR10","Lepidoptera","Agylla_sp_855","Acalypha_diversifolia","pollen_transport","pollen",24,"cacao regeneration late","Canopy","regeneration late"
"CR10","Lepidoptera","Agylla_sp_855","Cecropia_insignis","pollen_transport","pollen",24,"cacao regeneration late","Canopy","regeneration late"
"PA53","Lepidoptera","Agylla_sp_855","Cecropia_spc","pollen_transport","pollen",0,"active pasture","Understory","regeneration early"
"CR14","Lepidoptera","Agylla_sp_855","Cestrum_schlechtendalii","pollen_transport","pollen",38,"cacao regeneration late","Canopy","regeneration late"
"CR10","Lepidoptera","Agylla_sp_855","Clusia_nemorosa","pollen_transport","pollen",24,"cacao regeneration late","Canopy","regeneration late"
"CR14","Lepidoptera","Agylla_sp_855","Clusia_nemorosa","pollen_transport","pollen",38,"cacao regeneration late","Understory","regeneration late"
"PR20","Lepidoptera","Agylla_sp_855","Guarea_cartaguenya","pollen_transport","pollen",4,"pasture regeneration early","Understory","regeneration early"
"PA53","Lepidoptera","Agylla_sp_855","Heliotropiaceae_spc","pollen_transport","pollen",0,"active pasture","Understory","regeneration early"
"PR20","Lepidoptera","Agylla_sp_855","Heliotropiaceae_spc","pollen_transport","pollen",4,"pasture regeneration early","Understory","regeneration early"
"PR25","Lepidoptera","Agylla_sp_855","Heliotropiaceae_spc","pollen_transport","pollen",6,"pasture regeneration early","Understory","regeneration early"
"CR10","Lepidoptera","Agylla_sp_855","Marcgravia_umbellata","pollen_transport","pollen",24,"cacao regeneration late","Canopy","regeneration late"
"PA53","Lepidoptera","Agylla_sp_855","Parkia_multijuga","pollen_transport","pollen",0,"active pasture","Understory","regeneration early"
"CR14","Lepidoptera","Agylla_sp_855","Ruagea_glabra","pollen_transport","pollen",38,"cacao regeneration late","Understory","regeneration late"
"OG39","Lepidoptera","Agylla_sp_855","Sapotaceae_sp_JSA315_spc","pollen_transport","pollen",55,"old-growth forest","Canopy","old-growth forest"
"OG39","Lepidoptera","Agylla_sp_855","Sapotaceae_spc","pollen_transport","pollen",55,"old-growth forest","Canopy","old-growth forest"
"OG41","Lepidoptera","Agylla_sp_858","Citharexylum_spc","pollen_transport","pollen",55,"old-growth forest","Canopy","old-growth forest"
"OG41","Lepidoptera","Agylla_sp_858","Guarea_spc","pollen_transport","pollen",55,"old-growth forest","Canopy","old-growth forest"
"OG39","Lepidoptera","Agylla_sp_858","Heliotropiaceae_spc","pollen_transport","pollen",55,"old-growth forest","Canopy","old-growth forest"
"PR19","Lepidoptera","Agylla_sp_858","Magnoliopsida_spc","pollen_transport","pollen",6,"pasture regeneration early","Understory","regeneration early"
"OG52","Lepidoptera","Agylla_sp_859","Bidens_pilosa","pollen_transport","pollen",55,"old-growth forest","Canopy","old-growth forest"
"PR33","Lepidoptera","Agylla_sp_859","Bidens_pilosa","pollen_transport","pollen",1,"pasture regeneration early","Understory","regeneration early"
"PA53","Lepidoptera","Agylla_sp_859","Cecropia_spc","pollen_transport","pollen",0,"active pasture","Understory","regeneration early"
"OG52","Lepidoptera","Agylla_sp_859","Cestrum_schlechtendalii","pollen_transport","pollen",55,"old-growth forest","Canopy","old-growth forest"
"PA53","Lepidoptera","Agylla_sp_859","Guarea_spc","pollen_transport","pollen",0,"active pasture","Understory","regeneration early"
"OG37","Lepidoptera","Agylla_sp_859","Heliotropiaceae_spc","pollen_transport","pollen",55,"old-growth forest","Canopy","old-growth forest"
"OG37","Lepidoptera","Agylla_sp_859","Magnoliopsida_spc","pollen_transport","pollen",55,"old-growth forest","Canopy","old-growth forest"
"PA53","Lepidoptera","Agylla_sp_859","Meliaceae_spc","pollen_transport","pollen",0,"active pasture","Understory","regeneration early"
"OG52","Lepidoptera","Agylla_sp_859","Parkia_multijuga","pollen_transport","pollen",55,"old-growth forest","Canopy","old-growth forest"
"PR33","Lepidoptera","Agylla_sp_859","Parkia_multijuga","pollen_transport","pollen",1,"pasture regeneration early","Understory","regeneration early"
"PR33","Lepidoptera","Agylla_sp_859","Pouteria_torta","pollen_transport","pollen",1,"pasture regeneration early","Understory","regeneration early"
"PA53","Lepidoptera","Agylla_sp_859","Ruagea_glabra","pollen_transport","pollen",0,"active pasture","Understory","regeneration early"
"PA58","Lepidoptera","Agylla_sp_860","Heisteria_concinna","pollen_transport","pollen",0,"active pasture","Understory","regeneration early"
"PR25","Lepidoptera","Agylla_sp_860","Vernonanthura_patens","pollen_transport","pollen",6,"pasture regeneration early","Understory","regeneration early"
"OG40","Lepidoptera","Agylla_zucarina_gr_856","Bidens_pilosa","pollen_transport","pollen",55,"old-growth forest","Understory","old-growth forest"
"OG37","Lepidoptera","Agylla_zucarina_gr_856","Cestrum_schlechtendalii","pollen_transport","pollen",55,"old-growth forest","Canopy","old-growth forest"
"OG45","Lepidoptera","Agylla_zucarina_gr_856","Clusia_nemorosa","pollen_transport","pollen",55,"old-growth forest","Understory","old-growth forest"
"OG40","Lepidoptera","Agylla_zucarina_gr_856","Guarea_cartaguenya","pollen_transport","pollen",55,"old-growth forest","Understory","old-growth forest"
"CA61","Lepidoptera","Agylla_zucarina_gr_856","Guarea_kunthiana","pollen_transport","pollen",0,"active cacao","Understory","regeneration early"
"OG42","Lepidoptera","Agylla_zucarina_gr_856","Guarea_macrophylla","pollen_transport","pollen",55,"old-growth forest","Canopy","old-growth forest"
"OG40","Lepidoptera","Agylla_zucarina_gr_856","Guarea_spc","pollen_transport","pollen",55,"old-growth forest","Understory","old-growth forest"
"OG37","Lepidoptera","Agylla_zucarina_gr_856","Heliotropiaceae_spc","pollen_transport","pollen",55,"old-growth forest","Canopy","old-growth forest"
"OG39","Lepidoptera","Agylla_zucarina_gr_856","Heliotropiaceae_spc","pollen_transport","pollen",55,"old-growth forest","Understory","old-growth forest"
"PR33","Lepidoptera","Agylla_zucarina_gr_856","Heliotropiaceae_spc","pollen_transport","pollen",1,"pasture regeneration early","Understory","regeneration early"
"CR18","Lepidoptera","Agylla_zucarina_gr_856","Hieronyma_alchorneoides","pollen_transport","pollen",10,"cacao regeneration early","Canopy","regeneration early"
"OG37","Lepidoptera","Agylla_zucarina_gr_856","Magnoliopsida_spc","pollen_transport","pollen",55,"old-growth forest","Canopy","old-growth forest"
"OG37","Lepidoptera","Agylla_zucarina_gr_856","Marcgravia_umbellata","pollen_transport","pollen",55,"old-growth forest","Canopy","old-growth forest"
"OG42","Lepidoptera","Agylla_zucarina_gr_856","Pouteria_caimito","pollen_transport","pollen",55,"old-growth forest","Canopy","old-growth forest"
"PR33","Lepidoptera","Agylla_zucarina_gr_856","Pouteria_torta","pollen_transport","pollen",1,"pasture regeneration early","Understory","regeneration early"
"OG37","Lepidoptera","Agylla_zucarina_gr_856","Souroubea_guianensis","pollen_transport","pollen",55,"old-growth forest","Canopy","old-growth forest"
"PR33","Lepidoptera","Agylla_zucarina_gr_856","Trichilia_pallida","pollen_transport","pollen",1,"pasture regeneration early","Understory","regeneration early"
"OG28","Lepidoptera","Amaxia_cf_lepida_913","Cecropia_insignis","pollen_transport","pollen",55,"old-growth forest","Canopy","old-growth forest"
"OG49","Lepidoptera","Amaxia_pandama_912","Caryophyllaceae_spc","pollen_transport","pollen",55,"old-growth forest","Canopy","old-growth forest"
"CA60","Lepidoptera","Amaxia_pandama_912","Cecropia_insignis","pollen_transport","pollen",0,"active cacao","Understory","regeneration early"
"OG43","Lepidoptera","Amaxia_pandama_912","Cecropia_insignis","pollen_transport","pollen",55,"old-growth forest","Understory","old-growth forest"
"CA60","Lepidoptera","Amaxia_pandama_912","Chelonanthus_acutangulus","pollen_transport","pollen",0,"active cacao","Understory","regeneration early"
"CR02","Lepidoptera","Amaxia_pandama_912","Guarea_kunthiana","pollen_transport","pollen",8,"cacao regeneration early","Understory","regeneration early"
"OG43","Lepidoptera","Amaxia_pandama_912","Meliaceae_spc","pollen_transport","pollen",55,"old-growth forest","Understory","old-growth forest"
"PA55","Lepidoptera","Amaxia_pandama_912","Meliaceae_spc","pollen_transport","pollen",0,"active pasture","Understory","regeneration early"
"PR26","Lepidoptera","Amaxia_pandama_912","Parkia_multijuga","pollen_transport","pollen",28,"pasture regeneration late","Understory","regeneration late"
"OG28","Lepidoptera","Amaxia_pandama_912","Parkia_multijuga","pollen_transport","pollen",55,"old-growth forest","Canopy","old-growth forest"
"CR02","Lepidoptera","Amaxia_pandama_912","Pouteria_caimito","pollen_transport","pollen",8,"cacao regeneration early","Understory","regeneration early"
"PA55","Lepidoptera","Amaxia_pandama_912","Pouteria_reticulata","pollen_transport","pollen",0,"active pasture","Understory","regeneration early"
"CR14","Lepidoptera","Amaxia_pandama_912","Sorocea_jaramilloi","pollen_transport","pollen",38,"cacao regeneration late","Canopy","regeneration late"
"OG49","Lepidoptera","Amaxia_pandama_912","Stellaria_media","pollen_transport","pollen",55,"old-growth forest","Canopy","old-growth forest"
"OG49","Lepidoptera","Amaxia_pandama_912","Stellaria_spc","pollen_transport","pollen",55,"old-growth forest","Canopy","old-growth forest"
"OG43","Lepidoptera","Amaxia_pandama_912","Tapirira_guianensis","pollen_transport","pollen",55,"old-growth forest","Canopy","old-growth forest"
"OG43","Lepidoptera","Amaxia_pandama_912","Trichilia_pallida","pollen_transport","pollen",55,"old-growth forest","Understory","old-growth forest"
"PA55","Lepidoptera","Amaxia_pandama_912","Trichilia_pallida","pollen_transport","pollen",0,"active pasture","Understory","regeneration early"
"PR26","Lepidoptera","Amaxia_pandama_912","Vismia_baccifera","pollen_transport","pollen",28,"pasture regeneration late","Understory","regeneration late"
"OG39","Lepidoptera","Amaxia_pardalis_1285","Clusia_nemorosa","pollen_transport","pollen",55,"old-growth forest","Understory","old-growth forest"
"PR25","Lepidoptera","Amphelarctia_priscilla_gr_1181","Magnoliopsida_spc","pollen_transport","pollen",6,"pasture regeneration early","Understory","regeneration early"
"PR25","Lepidoptera","Amphelarctia_priscilla_gr_1181","Pourouma_minor","pollen_transport","pollen",6,"pasture regeneration early","Understory","regeneration early"
"CR02","Lepidoptera","Amphelarctia_priscilla_gr_1181","Pouteria_torta","pollen_transport","pollen",8,"cacao regeneration early","Understory","regeneration early"
"OG51","Lepidoptera","Antona_sp_852","Cecropia_garciae","pollen_transport","pollen",55,"old-growth forest","Understory","old-growth forest"
"OG51","Lepidoptera","Antona_sp_852","Gustavia_hexapetala","pollen_transport","pollen",55,"old-growth forest","Understory","old-growth forest"
"CR10","Lepidoptera","Aptilosia_crocea_gr_866","Cecropia_insignis","pollen_transport","pollen",24,"cacao regeneration late","Understory","regeneration late"
"PA53","Lepidoptera","Aptilosia_crocea_gr_866","Cecropia_spc","pollen_transport","pollen",0,"active pasture","Understory","regeneration early"
"PA58","Lepidoptera","Aptilosia_crocea_gr_866","Cestrum_schlechtendalii","pollen_transport","pollen",0,"active pasture","Understory","regeneration early"
"CR10","Lepidoptera","Aptilosia_crocea_gr_866","Chrysophyllum_eximium","pollen_transport","pollen",24,"cacao regeneration late","Understory","regeneration late"
"CR10","Lepidoptera","Aptilosia_crocea_gr_866","Heliotropiaceae_spc","pollen_transport","pollen",24,"cacao regeneration late","Understory","regeneration late"
"OG39","Lepidoptera","Aptilosia_crocea_gr_866","Heliotropiaceae_spc","pollen_transport","pollen",55,"old-growth forest","Understory","old-growth forest"
"PR20","Lepidoptera","Aptilosia_crocea_gr_866","Heliotropiaceae_spc","pollen_transport","pollen",4,"pasture regeneration early","Understory","regeneration early"
"CR10","Lepidoptera","Aptilosia_crocea_gr_866","Marcgravia_umbellata","pollen_transport","pollen",24,"cacao regeneration late","Understory","regeneration late"
"PA53","Lepidoptera","Aptilosia_crocea_gr_866","Marcgravia_umbellata","pollen_transport","pollen",0,"active pasture","Understory","regeneration early"
"PA58","Lepidoptera","Aptilosia_crocea_gr_866","Marcgravia_umbellata","pollen_transport","pollen",0,"active pasture","Understory","regeneration early"
"PR20","Lepidoptera","Aptilosia_crocea_gr_866","Marcgravia_umbellata","pollen_transport","pollen",4,"pasture regeneration early","Understory","regeneration early"
"PR27","Lepidoptera","Aptilosia_crocea_gr_866","Marcgravia_umbellata","pollen_transport","pollen",27,"pasture regeneration late","Understory","regeneration late"
"OG38","Lepidoptera","Aptilosia_crocea_gr_866","Pouteria_lucumifolia","pollen_transport","pollen",55,"old-growth forest","Understory","old-growth forest"
"OG38","Lepidoptera","Aptilosia_crocea_gr_866","Sapotaceae_spc","pollen_transport","pollen",55,"old-growth forest","Understory","old-growth forest"
"PA53","Lepidoptera","Aptilosia_crocea_gr_866","Souroubea_guianensis","pollen_transport","pollen",0,"active pasture","Understory","regeneration early"
"OG41","Lepidoptera","Apyre_separata_911","Cestrum_schlechtendalii","pollen_transport","pollen",55,"old-growth forest","Canopy","old-growth forest"
"PA53","Lepidoptera","Araeomolis_cf_rhodographa_1079","Cecropia_spc","pollen_transport","pollen",0,"active pasture","Understory","regeneration early"
"CR14","Lepidoptera","Araeomolis_cf_rhodographa_1079","Clusia_nemorosa","pollen_transport","pollen",38,"cacao regeneration late","Canopy","regeneration late"
"PA53","Lepidoptera","Araeomolis_cf_rhodographa_1079","Guarea_macrophylla","pollen_transport","pollen",0,"active pasture","Understory","regeneration early"
"PA53","Lepidoptera","Araeomolis_cf_rhodographa_1079","Guarea_spc","pollen_transport","pollen",0,"active pasture","Understory","regeneration early"
"CR14","Lepidoptera","Araeomolis_cf_rhodographa_1079","Ruagea_glabra","pollen_transport","pollen",38,"cacao regeneration late","Understory","regeneration late"
"OG41","Lepidoptera","Arctiarpia_melanopasta_916","Blakea_subconnata","pollen_transport","pollen",55,"old-growth forest","Understory","old-growth forest"
"PA55","Lepidoptera","Arctiarpia_melanopasta_916","Guarea_macrophylla","pollen_transport","pollen",0,"active pasture","Understory","regeneration early"
"OG41","Lepidoptera","Arctiarpia_melanopasta_916","Guarea_spc","pollen_transport","pollen",55,"old-growth forest","Understory","old-growth forest"
"OG41","Lepidoptera","Arctiarpia_melanopasta_916","Meliaceae_spc","pollen_transport","pollen",55,"old-growth forest","Understory","old-growth forest"
"OG51","Lepidoptera","Arctiarpia_melanopasta_916","Parkia_multijuga","pollen_transport","pollen",55,"old-growth forest","Understory","old-growth forest"
"PA55","Lepidoptera","Arctiarpia_melanopasta_916","Pouteria_reticulata","pollen_transport","pollen",0,"active pasture","Understory","regeneration early"
"PA55","Lepidoptera","Arctiarpia_melanopasta_916","Pouteria_spc","pollen_transport","pollen",0,"active pasture","Understory","regeneration early"
"PR26","Lepidoptera","Areva_nr_trigemmis_868","Chrysophyllum_argenteum","pollen_transport","pollen",28,"pasture regeneration late","Canopy","regeneration late"
"OG42","Lepidoptera","Areva_nr_trigemmis_868","Garcinia_madruno","pollen_transport","pollen",55,"old-growth forest","Understory","old-growth forest"
"PR21","Lepidoptera","Areva_nr_trigemmis_868","Magnoliopsida_spc","pollen_transport","pollen",36,"pasture regeneration late","Canopy","regeneration late"
"PR29","Lepidoptera","Areva_nr_trigemmis_868","Magnoliopsida_spc","pollen_transport","pollen",6,"pasture regeneration early","Understory","regeneration early"
"PR26","Lepidoptera","Atyphopsis_nr_modesta_772","Hieronyma_alchorneoides","pollen_transport","pollen",28,"pasture regeneration late","Understory","regeneration late"
"PR26","Lepidoptera","Atyphopsis_nr_modesta_772","Magnoliopsida_spc","pollen_transport","pollen",28,"pasture regeneration late","Understory","regeneration late"
"PR26","Lepidoptera","Atyphopsis_nr_modesta_772","Myriopus_spc","pollen_transport","pollen",28,"pasture regeneration late","Understory","regeneration late"
"CA60","Lepidoptera","Atyphopsis_nr_modesta_772","Parkia_multijuga","pollen_transport","pollen",0,"active cacao","Understory","regeneration early"
"CA60","Lepidoptera","Atyphopsis_nr_modesta_772","Pouteria_torta","pollen_transport","pollen",0,"active cacao","Understory","regeneration early"
"CA60","Lepidoptera","Atyphopsis_nr_modesta_772","Trichilia_pallida","pollen_transport","pollen",0,"active cacao","Understory","regeneration early"
"OG52","Lepidoptera","Balbura_cf_dorsigiana_894","Baccharis_sp._Pennington_1090","pollen_transport","pollen",55,"old-growth forest","Understory","old-growth forest"
"OG52","Lepidoptera","Balbura_cf_dorsigiana_894","Bidens_pilosa","pollen_transport","pollen",55,"old-growth forest","Understory","old-growth forest"
"OG41","Lepidoptera","Balbura_cf_dorsigiana_894","Cecropia_spc","pollen_transport","pollen",55,"old-growth forest","Canopy","old-growth forest"
"OG48","Lepidoptera","Balbura_cf_dorsigiana_894","Cestrum_schlechtendalii","pollen_transport","pollen",55,"old-growth forest","Understory","old-growth forest"
"CR10","Lepidoptera","Balbura_cf_dorsigiana_894","Clusia_nemorosa","pollen_transport","pollen",24,"cacao regeneration late","Understory","regeneration late"
"OG41","Lepidoptera","Balbura_cf_dorsigiana_894","Guarea_macrophylla","pollen_transport","pollen",55,"old-growth forest","Canopy","old-growth forest"
"PA54","Lepidoptera","Balbura_cf_dorsigiana_894","Guarea_macrophylla","pollen_transport","pollen",0,"active pasture","Understory","regeneration early"
"PA56","Lepidoptera","Balbura_cf_dorsigiana_894","Heliotropiaceae_spc","pollen_transport","pollen",0,"active pasture","Understory","regeneration early"
"CR18","Lepidoptera","Balbura_cf_dorsigiana_894","Hieronyma_alchorneoides","pollen_transport","pollen",10,"cacao regeneration early","Understory","regeneration early"
"OG46","Lepidoptera","Balbura_cf_dorsigiana_894","Marcgravia_umbellata","pollen_transport","pollen",55,"old-growth forest","Understory","old-growth forest"
"OG48","Lepidoptera","Balbura_cf_dorsigiana_894","Marcgravia_umbellata","pollen_transport","pollen",55,"old-growth forest","Understory","old-growth forest"
"OG49","Lepidoptera","Balbura_cf_dorsigiana_894","Marcgravia_umbellata","pollen_transport","pollen",55,"old-growth forest","Understory","old-growth forest"
"PA56","Lepidoptera","Balbura_cf_dorsigiana_894","Myriopus_spc","pollen_transport","pollen",0,"active pasture","Understory","regeneration early"
"PA57","Lepidoptera","Balbura_cf_dorsigiana_894","Ochroma_pyramidale","pollen_transport","pollen",0,"active pasture","Understory","regeneration early"
"PA57","Lepidoptera","Balbura_cf_dorsigiana_894","Parkia_multijuga","pollen_transport","pollen",0,"active pasture","Understory","regeneration early"
"PA54","Lepidoptera","Balbura_cf_dorsigiana_894","Pouteria_caimito","pollen_transport","pollen",0,"active pasture","Understory","regeneration early"
"PA56","Lepidoptera","Balbura_cf_dorsigiana_894","Ruagea_glabra","pollen_transport","pollen",0,"active pasture","Understory","regeneration early"
"CR03","Lepidoptera","Balbura_cf_dorsigiana_894","Sapotaceae_sp_JSA315_spc","pollen_transport","pollen",5,"cacao regeneration early","Understory","regeneration early"
"OG42","Lepidoptera","Balbura_cf_dorsigiana_894","Sapotaceae_sp_JSA315_spc","pollen_transport","pollen",55,"old-growth forest","Canopy","old-growth forest"
"OG51","Lepidoptera","Balbura_cf_dorsigiana_894","Sapotaceae_sp_JSA315_spc","pollen_transport","pollen",55,"old-growth forest","Canopy","old-growth forest"
"PA54","Lepidoptera","Balbura_cf_dorsigiana_894","Sapotaceae_sp_JSA315_spc","pollen_transport","pollen",0,"active pasture","Understory","regeneration early"
"PR26","Lepidoptera","Balbura_cf_dorsigiana_894","Sapotaceae_sp_JSA315_spc","pollen_transport","pollen",28,"pasture regeneration late","Canopy","regeneration late"
"CR03","Lepidoptera","Balbura_cf_dorsigiana_894","Sapotaceae_spc","pollen_transport","pollen",5,"cacao regeneration early","Understory","regeneration early"
"CR18","Lepidoptera","Balbura_cf_dorsigiana_894","Sapotaceae_spc","pollen_transport","pollen",10,"cacao regeneration early","Understory","regeneration early"
"OG51","Lepidoptera","Balbura_cf_dorsigiana_894","Sapotaceae_spc","pollen_transport","pollen",55,"old-growth forest","Canopy","old-growth forest"
"OG43","Lepidoptera","Balbura_cf_dorsigiana_894","Stellaria_media","pollen_transport","pollen",55,"old-growth forest","Understory","old-growth forest"
"OG43","Lepidoptera","Balbura_cf_dorsigiana_894","Tapirira_guianensis","pollen_transport","pollen",55,"old-growth forest","Understory","old-growth forest"
"OG50","Lepidoptera","Balbura_intervenata_1227","Caryophyllaceae_spc","pollen_transport","pollen",55,"old-growth forest","Canopy","old-growth forest"
"OG51","Lepidoptera","Balbura_intervenata_1227","Caryophyllaceae_spc","pollen_transport","pollen",55,"old-growth forest","Canopy","old-growth forest"
"OG42","Lepidoptera","Balbura_intervenata_1227","Cecropia_insignis","pollen_transport","pollen",55,"old-growth forest","Canopy","old-growth forest"
"OG50","Lepidoptera","Balbura_intervenata_1227","Cestrum_schlechtendalii","pollen_transport","pollen",55,"old-growth forest","Canopy","old-growth forest"
"CR11","Lepidoptera","Balbura_intervenata_1227","Clusia_nemorosa","pollen_transport","pollen",23,"cacao regeneration late","Understory","regeneration late"
"CR18","Lepidoptera","Balbura_intervenata_1227","Guarea_spc","pollen_transport","pollen",10,"cacao regeneration early","Understory","regeneration early"
"CR04","Lepidoptera","Balbura_intervenata_1227","Heliotropiaceae_spc","pollen_transport","pollen",21,"cacao regeneration late","Canopy","regeneration late"
"OG42","Lepidoptera","Balbura_intervenata_1227","Hieronyma_alchorneoides","pollen_transport","pollen",55,"old-growth forest","Canopy","old-growth forest"
"PR26","Lepidoptera","Balbura_intervenata_1227","Hieronyma_alchorneoides","pollen_transport","pollen",28,"pasture regeneration late","Understory","regeneration late"
"CR18","Lepidoptera","Balbura_intervenata_1227","Meliaceae_spc","pollen_transport","pollen",10,"cacao regeneration early","Understory","regeneration early"
"PR29","Lepidoptera","Balbura_intervenata_1227","Meliaceae_spc","pollen_transport","pollen",6,"pasture regeneration early","Understory","regeneration early"
"CR18","Lepidoptera","Balbura_intervenata_1227","Parkia_multijuga","pollen_transport","pollen",10,"cacao regeneration early","Understory","regeneration early"
"PR26","Lepidoptera","Balbura_intervenata_1227","Parkia_multijuga","pollen_transport","pollen",28,"pasture regeneration late","Understory","regeneration late"
"PR24","Lepidoptera","Balbura_intervenata_1227","Paullinia_spc","pollen_transport","pollen",21,"pasture regeneration late","Canopy","regeneration late"
"CR18","Lepidoptera","Balbura_intervenata_1227","Ruagea_glabra","pollen_transport","pollen",10,"cacao regeneration early","Understory","regeneration early"
"OG38","Lepidoptera","Balbura_intervenata_1227","Ruagea_glabra","pollen_transport","pollen",55,"old-growth forest","Understory","old-growth forest"
"OG28","Lepidoptera","Balbura_intervenata_1227","Sapotaceae_sp_JSA315_spc","pollen_transport","pollen",55,"old-growth forest","Understory","old-growth forest"
"OG43","Lepidoptera","Balbura_intervenata_1227","Stellaria_media","pollen_transport","pollen",55,"old-growth forest","Canopy","old-growth forest"
"OG51","Lepidoptera","Balbura_intervenata_1227","Stellaria_spc","pollen_transport","pollen",55,"old-growth forest","Canopy","old-growth forest"
"OG43","Lepidoptera","Balbura_intervenata_1227","Trichilia_pallida","pollen_transport","pollen",55,"old-growth forest","Canopy","old-growth forest"
"PR29","Lepidoptera","Balbura_intervenata_1227","Trichilia_pallida","pollen_transport","pollen",6,"pasture regeneration early","Understory","regeneration early"
"OG38","Lepidoptera","Baritius_(cf)_cf_grandis_918","Chrysophyllum_eximium","pollen_transport","pollen",55,"old-growth forest","Canopy","old-growth forest"
"OG51","Lepidoptera","Baritius_(cf)_cf_grandis_918","Guarea_gentryi","pollen_transport","pollen",55,"old-growth forest","Canopy","old-growth forest"
"OG38","Lepidoptera","Baritius_(cf)_cf_grandis_918","Sapotaceae_spc","pollen_transport","pollen",55,"old-growth forest","Canopy","old-growth forest"
"CR04","Lepidoptera","Baritius_nr_eleuthera_917","Pouteria_torta","pollen_transport","pollen",21,"cacao regeneration late","Canopy","regeneration late"
"CA60","Lepidoptera","Bertholdia_sp_920","Cecropia_insignis","pollen_transport","pollen",0,"active cacao","Understory","regeneration early"
"PR26","Lepidoptera","Bertholdia_sp_920","Cecropia_insignis","pollen_transport","pollen",28,"pasture regeneration late","Understory","regeneration late"
"PA58","Lepidoptera","Bertholdia_sp_920","Cestrum_schlechtendalii","pollen_transport","pollen",0,"active pasture","Understory","regeneration early"
"PR25","Lepidoptera","Bertholdia_sp_920","Clusia_nemorosa","pollen_transport","pollen",6,"pasture regeneration early","Understory","regeneration early"
"CA60","Lepidoptera","Bertholdia_sp_920","Parkia_multijuga","pollen_transport","pollen",0,"active cacao","Understory","regeneration early"
"PR26","Lepidoptera","Bertholdia_sp_920","Parkia_multijuga","pollen_transport","pollen",28,"pasture regeneration late","Understory","regeneration late"
"CA60","Lepidoptera","Bertholdia_sp_920","Vernonanthura_patens","pollen_transport","pollen",0,"active cacao","Understory","regeneration early"
"PA58","Lepidoptera","Bertholdia_specularis_919","Cestrum_schlechtendalii","pollen_transport","pollen",0,"active pasture","Understory","regeneration early"
"PA57","Lepidoptera","Bertholdia_specularis_919","Parkia_multijuga","pollen_transport","pollen",0,"active pasture","Understory","regeneration early"
"PA58","Lepidoptera","Bertholdia_specularis_919","Souroubea_guianensis","pollen_transport","pollen",0,"active pasture","Understory","regeneration early"
"PA53","Lepidoptera","Brachyglene_cf_schausi","Cecropia_spc","pollen_transport","pollen",0,"active pasture","Understory","regeneration early"
"OG45","Lepidoptera","Brachyglene_cf_schausi","Cestrum_schlechtendalii","pollen_transport","pollen",55,"old-growth forest","Canopy","old-growth forest"
"OG45","Lepidoptera","Brachyglene_cf_schausi","Cestrum_spc","pollen_transport","pollen",55,"old-growth forest","Canopy","old-growth forest"
"PA53","Lepidoptera","Brachyglene_cf_schausi","Myriopus_spc","pollen_transport","pollen",0,"active pasture","Understory","regeneration early"
"OG45","Lepidoptera","Brachyglene_cf_schausi","Pouteria_lucumifolia","pollen_transport","pollen",55,"old-growth forest","Canopy","old-growth forest"
"CR02","Lepidoptera","Cacostatia_nr_germana_1131","Cecropia_insignis","pollen_transport","pollen",8,"cacao regeneration early","Understory","regeneration early"
"PA55","Lepidoptera","Cacostatia_nr_germana_1131","Hieronyma_alchorneoides","pollen_transport","pollen",0,"active pasture","Understory","regeneration early"
"PA55","Lepidoptera","Cacostatia_nr_germana_1131","Orchidaceae_spc","pollen_transport","pollen",0,"active pasture","Understory","regeneration early"
"PA55","Lepidoptera","Cacostatia_nr_germana_1131","Sapotaceae_spc","pollen_transport","pollen",0,"active pasture","Understory","regeneration early"
"OG28","Lepidoptera","Chetone_cf_ithrana_897","Alchorneopsis_floribunda","pollen_transport","pollen",55,"old-growth forest","Understory","old-growth forest"
"PR33","Lepidoptera","Chetone_cf_ithrana_897","Cecropia_insignis","pollen_transport","pollen",1,"pasture regeneration early","Understory","regeneration early"
"PR33","Lepidoptera","Chetone_cf_ithrana_897","Cecropia_spc","pollen_transport","pollen",1,"pasture regeneration early","Understory","regeneration early"
"PR33","Lepidoptera","Chetone_cf_ithrana_897","Cestrum_schlechtendalii","pollen_transport","pollen",1,"pasture regeneration early","Understory","regeneration early"
"OG28","Lepidoptera","Chetone_cf_ithrana_897","Guarea_macrophylla","pollen_transport","pollen",55,"old-growth forest","Understory","old-growth forest"
"CR18","Lepidoptera","Chrostosoma_nr_schausi_776","Hieronyma_alchorneoides","pollen_transport","pollen",10,"cacao regeneration early","Canopy","regeneration early"
"CR18","Lepidoptera","Chrostosoma_nr_schausi_776","Pouteria_caimito","pollen_transport","pollen",10,"cacao regeneration early","Canopy","regeneration early"
"OG44","Lepidoptera","Cisthene_sp_870","Acalypha_diversifolia","pollen_transport","pollen",55,"old-growth forest","Understory","old-growth forest"
"OG44","Lepidoptera","Cisthene_sp_870","Cecropia_garciae","pollen_transport","pollen",55,"old-growth forest","Understory","old-growth forest"
"CA60","Lepidoptera","Cisthene_sp_870","Cecropia_insignis","pollen_transport","pollen",0,"active cacao","Understory","regeneration early"
"PR36","Lepidoptera","Cisthene_sp_870","Cecropia_insignis","pollen_transport","pollen",9,"pasture regeneration early","Understory","regeneration early"
"PR36","Lepidoptera","Cisthene_sp_870","Cecropia_spc","pollen_transport","pollen",9,"pasture regeneration early","Understory","regeneration early"
"OG45","Lepidoptera","Cisthene_sp_870","Fabaceae_spc","pollen_transport","pollen",55,"old-growth forest","Understory","old-growth forest"
"OG48","Lepidoptera","Cisthene_sp_870","Heisteria_concinna","pollen_transport","pollen",55,"old-growth forest","Understory","old-growth forest"
"OG49","Lepidoptera","Cisthene_sp_870","Heisteria_concinna","pollen_transport","pollen",55,"old-growth forest","Understory","old-growth forest"
"CR18","Lepidoptera","Cisthene_sp_870","Hieronyma_alchorneoides","pollen_transport","pollen",10,"cacao regeneration early","Canopy","regeneration early"
"OG44","Lepidoptera","Cisthene_sp_870","Magnoliopsida_spc","pollen_transport","pollen",55,"old-growth forest","Understory","old-growth forest"
"PR27","Lepidoptera","Cisthene_sp_870","Magnoliopsida_spc","pollen_transport","pollen",27,"pasture regeneration late","Understory","regeneration late"
"PR36","Lepidoptera","Cisthene_sp_870","Magnoliopsida_spc","pollen_transport","pollen",9,"pasture regeneration early","Understory","regeneration early"
"CR10","Lepidoptera","Cisthene_sp_870","Marcgravia_umbellata","pollen_transport","pollen",24,"cacao regeneration late","Canopy","regeneration late"
"PA54","Lepidoptera","Cisthene_sp_870","Pouteria_caimito","pollen_transport","pollen",0,"active pasture","Understory","regeneration early"
"CR10","Lepidoptera","Cisthene_sp_870","Sapotaceae_sp_JSA315_spc","pollen_transport","pollen",24,"cacao regeneration late","Canopy","regeneration late"
"PR21","Lepidoptera","Cisthene_sp_870","Sloanea_spc","pollen_transport","pollen",36,"pasture regeneration late","Canopy","regeneration late"
"OG52","Lepidoptera","Cloesia_nr_digna_1189","Allophylus_dodsonii","pollen_transport","pollen",55,"old-growth forest","Canopy","old-growth forest"
"PR21","Lepidoptera","Cloesia_nr_digna_1189","Cecropia_garciae","pollen_transport","pollen",36,"pasture regeneration late","Canopy","regeneration late"
"PR21","Lepidoptera","Cloesia_nr_digna_1189","Cecropia_insignis","pollen_transport","pollen",36,"pasture regeneration late","Canopy","regeneration late"
"PR33","Lepidoptera","Cloesia_nr_digna_1189","Cecropia_insignis","pollen_transport","pollen",1,"pasture regeneration early","Understory","regeneration early"
"PR33","Lepidoptera","Cloesia_nr_digna_1189","Cecropia_spc","pollen_transport","pollen",1,"pasture regeneration early","Understory","regeneration early"
"OG52","Lepidoptera","Cloesia_nr_digna_1189","Cestrum_schlechtendalii","pollen_transport","pollen",55,"old-growth forest","Canopy","old-growth forest"
"PR21","Lepidoptera","Cloesia_nr_digna_1189","Cordia_alliodora","pollen_transport","pollen",36,"pasture regeneration late","Canopy","regeneration late"
"PR21","Lepidoptera","Cloesia_nr_digna_1189","Croton_tessmannii","pollen_transport","pollen",36,"pasture regeneration late","Canopy","regeneration late"
"CR04","Lepidoptera","Cloesia_nr_digna_1189","Garcinia_madruno","pollen_transport","pollen",21,"cacao regeneration late","Canopy","regeneration late"
"OG51","Lepidoptera","Cloesia_nr_digna_1189","Guarea_gentryi","pollen_transport","pollen",55,"old-growth forest","Canopy","old-growth forest"
"OG52","Lepidoptera","Cloesia_nr_digna_1189","Guarea_gentryi","pollen_transport","pollen",55,"old-growth forest","Canopy","old-growth forest"
"PR33","Lepidoptera","Cloesia_nr_digna_1189","Guarea_gentryi","pollen_transport","pollen",1,"pasture regeneration early","Understory","regeneration early"
"OG42","Lepidoptera","Cloesia_nr_digna_1189","Hieronyma_alchorneoides","pollen_transport","pollen",55,"old-growth forest","Canopy","old-growth forest"
"CR04","Lepidoptera","Cloesia_nr_digna_1189","Hortia_brasiliana","pollen_transport","pollen",21,"cacao regeneration late","Canopy","regeneration late"
"CR04","Lepidoptera","Cloesia_nr_digna_1189","Lamiales_spc","pollen_transport","pollen",21,"cacao regeneration late","Canopy","regeneration late"
"OG42","Lepidoptera","Cloesia_nr_digna_1189","Loranthaceae_spc","pollen_transport","pollen",55,"old-growth forest","Canopy","old-growth forest"
"OG42","Lepidoptera","Cloesia_nr_digna_1189","Myriopus_spc","pollen_transport","pollen",55,"old-growth forest","Canopy","old-growth forest"
"OG48","Lepidoptera","Cloesia_nr_digna_1189","Palicourea_allenii","pollen_transport","pollen",55,"old-growth forest","Canopy","old-growth forest"
"OG51","Lepidoptera","Cloesia_nr_digna_1189","Parkia_multijuga","pollen_transport","pollen",55,"old-growth forest","Canopy","old-growth forest"
"OG48","Lepidoptera","Cloesia_nr_digna_1189","Piper_hispidum","pollen_transport","pollen",55,"old-growth forest","Canopy","old-growth forest"
"CR06","Lepidoptera","Cloesia_nr_digna_1189","Pouteria_torta","pollen_transport","pollen",33,"cacao regeneration late","Canopy","regeneration late"
"PR36","Lepidoptera","Correbidia_calopteridia_2004","Cecropia_insignis","pollen_transport","pollen",9,"pasture regeneration early","Understory","regeneration early"
"PR36","Lepidoptera","Correbidia_calopteridia_2004","Cestrum_schlechtendalii","pollen_transport","pollen",9,"pasture regeneration early","Understory","regeneration early"
"PR23","Lepidoptera","Correbidia_calopteridia_2004","Pouteria_caimito","pollen_transport","pollen",1,"pasture regeneration early","Understory","regeneration early"
"PR23","Lepidoptera","Correbidia_calopteridia_2004","Pouteria_spc","pollen_transport","pollen",1,"pasture regeneration early","Understory","regeneration early"
"OG37","Lepidoptera","Correbidia_germana_1274","Heliotropiaceae_spc","pollen_transport","pollen",55,"old-growth forest","Canopy","old-growth forest"
"OG37","Lepidoptera","Correbidia_germana_1274","Magnoliopsida_spc","pollen_transport","pollen",55,"old-growth forest","Canopy","old-growth forest"
"PR23","Lepidoptera","Correbidia_germana_1274","Pouteria_reticulata","pollen_transport","pollen",1,"pasture regeneration early","Understory","regeneration early"
"PR23","Lepidoptera","Correbidia_germana_1274","Pouteria_spc","pollen_transport","pollen",1,"pasture regeneration early","Understory","regeneration early"
"OG37","Lepidoptera","Correbidia_germana_1274","Souroubea_guianensis","pollen_transport","pollen",55,"old-growth forest","Canopy","old-growth forest"
"OG52","Lepidoptera","Correbidia_sp_779","Cestrum_schlechtendalii","pollen_transport","pollen",55,"old-growth forest","Understory","old-growth forest"
"OG52","Lepidoptera","Correbidia_sp_779","Heisteria_concinna","pollen_transport","pollen",55,"old-growth forest","Understory","old-growth forest"
"OG52","Lepidoptera","Correbidia_sp_779","Souroubea_guianensis","pollen_transport","pollen",55,"old-growth forest","Understory","old-growth forest"
"OG42","Lepidoptera","Cosmosoma_(cf)_nr_xanthostictum_793","Acalypha_diversifolia","pollen_transport","pollen",55,"old-growth forest","Understory","old-growth forest"
"CA62","Lepidoptera","Cosmosoma_(cf)_nr_xanthostictum_793","Cecropia_insignis","pollen_transport","pollen",0,"active cacao","Understory","regeneration early"
"CR08","Lepidoptera","Cosmosoma_(cf)_nr_xanthostictum_793","Cecropia_insignis","pollen_transport","pollen",27,"cacao regeneration late","Understory","regeneration late"
"OG42","Lepidoptera","Cosmosoma_(cf)_nr_xanthostictum_793","Cecropia_insignis","pollen_transport","pollen",55,"old-growth forest","Understory","old-growth forest"
"OG47","Lepidoptera","Cosmosoma_(cf)_nr_xanthostictum_793","Cecropia_insignis","pollen_transport","pollen",55,"old-growth forest","Canopy","old-growth forest"
"OG28","Lepidoptera","Cosmosoma_(cf)_nr_xanthostictum_793","Cecropia_insignis","pollen_transport","pollen",55,"old-growth forest","Understory","old-growth forest"
"PR23","Lepidoptera","Cosmosoma_(cf)_nr_xanthostictum_793","Cecropia_spc","pollen_transport","pollen",1,"pasture regeneration early","Understory","regeneration early"
"OG43","Lepidoptera","Cosmosoma_(cf)_nr_xanthostictum_793","Combretum_spc","pollen_transport","pollen",55,"old-growth forest","Canopy","old-growth forest"
"OG42","Lepidoptera","Cosmosoma_(cf)_nr_xanthostictum_793","Fabaceae_spc","pollen_transport","pollen",55,"old-growth forest","Canopy","old-growth forest"
"OG28","Lepidoptera","Cosmosoma_(cf)_nr_xanthostictum_793","Guarea_macrophylla","pollen_transport","pollen",55,"old-growth forest","Canopy","old-growth forest"
"CA62","Lepidoptera","Cosmosoma_(cf)_nr_xanthostictum_793","Hieronyma_alchorneoides","pollen_transport","pollen",0,"active cacao","Understory","regeneration early"
"OG42","Lepidoptera","Cosmosoma_(cf)_nr_xanthostictum_793","Hieronyma_alchorneoides","pollen_transport","pollen",55,"old-growth forest","Canopy","old-growth forest"
"PR26","Lepidoptera","Cosmosoma_(cf)_nr_xanthostictum_793","Hieronyma_alchorneoides","pollen_transport","pollen",28,"pasture regeneration late","Understory","regeneration late"
"OG47","Lepidoptera","Cosmosoma_(cf)_nr_xanthostictum_793","Lucuma_domingensis","pollen_transport","pollen",55,"old-growth forest","Canopy","old-growth forest"
"PR26","Lepidoptera","Cosmosoma_(cf)_nr_xanthostictum_793","Matayba_sp.1","pollen_transport","pollen",28,"pasture regeneration late","Understory","regeneration late"
"CR02","Lepidoptera","Cosmosoma_(cf)_nr_xanthostictum_793","Pouteria_caimito","pollen_transport","pollen",8,"cacao regeneration early","Understory","regeneration early"
"OG28","Lepidoptera","Cosmosoma_(cf)_nr_xanthostictum_793","Pouteria_caimito","pollen_transport","pollen",55,"old-growth forest","Canopy","old-growth forest"
"PR23","Lepidoptera","Cosmosoma_(cf)_nr_xanthostictum_793","Pouteria_reticulata","pollen_transport","pollen",1,"pasture regeneration early","Understory","regeneration early"
"PA55","Lepidoptera","Cosmosoma_(cf)_nr_xanthostictum_793","Pouteria_spc","pollen_transport","pollen",0,"active pasture","Understory","regeneration early"
"CR08","Lepidoptera","Cosmosoma_(cf)_nr_xanthostictum_793","Sapium_glandulosum","pollen_transport","pollen",27,"cacao regeneration late","Understory","regeneration late"
"OG42","Lepidoptera","Cosmosoma_(cf)_nr_xanthostictum_793","Sloanea_spc","pollen_transport","pollen",55,"old-growth forest","Understory","old-growth forest"
"CA62","Lepidoptera","Cosmosoma_(cf)_nr_xanthostictum_793","Stellaria_media","pollen_transport","pollen",0,"active cacao","Understory","regeneration early"
"OG43","Lepidoptera","Cosmosoma_(cf)_nr_xanthostictum_793","Tapirira_guianensis","pollen_transport","pollen",55,"old-growth forest","Canopy","old-growth forest"
"OG28","Lepidoptera","Cosmosoma_(cf)_nr_xanthostictum_793","Tapirira_guianensis","pollen_transport","pollen",55,"old-growth forest","Canopy","old-growth forest"
"OG47","Lepidoptera","Cosmosoma_(cf)_nr_xanthostictum_793","Trema_micrantha","pollen_transport","pollen",55,"old-growth forest","Canopy","old-growth forest"
"PR27","Lepidoptera","Cosmosoma_(cf)_nr_xanthostictum_793","Triplaris_cumingiana","pollen_transport","pollen",27,"pasture regeneration late","Understory","regeneration late"
"PA55","Lepidoptera","Cosmosoma_(cf)_nr_xanthostictum_793","Vernonanthura_patens","pollen_transport","pollen",0,"active pasture","Understory","regeneration early"
"OG28","Lepidoptera","Cosmosoma_(cf)_nr_xanthostictum_793","Vicia_sativa","pollen_transport","pollen",55,"old-growth forest","Understory","old-growth forest"
"OG28","Lepidoptera","Cosmosoma_(cf)_nr_xanthostictum_793","Vicia_villosa","pollen_transport","pollen",55,"old-growth forest","Understory","old-growth forest"
"PR27","Lepidoptera","Cosmosoma_(cf)_nr_xanthostictum_793","Virola_aff._Reidii","pollen_transport","pollen",27,"pasture regeneration late","Understory","regeneration late"
"CR14","Lepidoptera","Cosmosoma_klagesi_310","Acalypha_diversifolia","pollen_transport","pollen",38,"cacao regeneration late","Canopy","regeneration late"
"PR27","Lepidoptera","Cosmosoma_klagesi_310","Acalypha_diversifolia","pollen_transport","pollen",27,"pasture regeneration late","Understory","regeneration late"
"CA60","Lepidoptera","Cosmosoma_klagesi_310","Cecropia_insignis","pollen_transport","pollen",0,"active cacao","Understory","regeneration early"
"OG42","Lepidoptera","Cosmosoma_klagesi_310","Cecropia_insignis","pollen_transport","pollen",55,"old-growth forest","Canopy","old-growth forest"
"OG48","Lepidoptera","Cosmosoma_klagesi_310","Cecropia_insignis","pollen_transport","pollen",55,"old-growth forest","Canopy","old-growth forest"
"OG49","Lepidoptera","Cosmosoma_klagesi_310","Cecropia_insignis","pollen_transport","pollen",55,"old-growth forest","Understory","old-growth forest"
"PR27","Lepidoptera","Cosmosoma_klagesi_310","Cecropia_insignis","pollen_transport","pollen",27,"pasture regeneration late","Understory","regeneration late"
"PR31","Lepidoptera","Cosmosoma_klagesi_310","Cecropia_insignis","pollen_transport","pollen",16,"pasture regeneration late","Canopy","regeneration late"
"OG48","Lepidoptera","Cosmosoma_klagesi_310","Cecropia_spc","pollen_transport","pollen",55,"old-growth forest","Canopy","old-growth forest"
"PR27","Lepidoptera","Cosmosoma_klagesi_310","Cecropia_spc","pollen_transport","pollen",27,"pasture regeneration late","Understory","regeneration late"
"CR14","Lepidoptera","Cosmosoma_klagesi_310","Cestrum_schlechtendalii","pollen_transport","pollen",38,"cacao regeneration late","Canopy","regeneration late"
"OG50","Lepidoptera","Cosmosoma_klagesi_310","Cestrum_schlechtendalii","pollen_transport","pollen",55,"old-growth forest","Canopy","old-growth forest"
"OG52","Lepidoptera","Cosmosoma_klagesi_310","Cestrum_schlechtendalii","pollen_transport","pollen",55,"old-growth forest","Canopy","old-growth forest"
"PA58","Lepidoptera","Cosmosoma_klagesi_310","Cestrum_schlechtendalii","pollen_transport","pollen",0,"active pasture","Understory","regeneration early"
"PR34","Lepidoptera","Cosmosoma_klagesi_310","Cestrum_schlechtendalii","pollen_transport","pollen",38,"pasture regeneration late","Canopy","regeneration late"
"PR33","Lepidoptera","Cosmosoma_klagesi_310","Croton_lechleri","pollen_transport","pollen",1,"pasture regeneration early","Understory","regeneration early"
"OG38","Lepidoptera","Cosmosoma_klagesi_310","Fimbristylis_spc","pollen_transport","pollen",55,"old-growth forest","Canopy","old-growth forest"
"PA58","Lepidoptera","Cosmosoma_klagesi_310","Heliotropiaceae_spc","pollen_transport","pollen",0,"active pasture","Understory","regeneration early"
"PR20","Lepidoptera","Cosmosoma_klagesi_310","Heliotropiaceae_spc","pollen_transport","pollen",4,"pasture regeneration early","Understory","regeneration early"
"OG50","Lepidoptera","Cosmosoma_klagesi_310","Heliotropium_arborescens","pollen_transport","pollen",55,"old-growth forest","Canopy","old-growth forest"
"CR18","Lepidoptera","Cosmosoma_klagesi_310","Hieronyma_alchorneoides","pollen_transport","pollen",10,"cacao regeneration early","Canopy","regeneration early"
"PR33","Lepidoptera","Cosmosoma_klagesi_310","Isertia_laevis","pollen_transport","pollen",1,"pasture regeneration early","Understory","regeneration early"
"PR33","Lepidoptera","Cosmosoma_klagesi_310","Isertia_spc","pollen_transport","pollen",1,"pasture regeneration early","Understory","regeneration early"
"OG50","Lepidoptera","Cosmosoma_klagesi_310","Magnoliopsida_spc","pollen_transport","pollen",55,"old-growth forest","Canopy","old-growth forest"
"OG49","Lepidoptera","Cosmosoma_klagesi_310","Marcgravia_umbellata","pollen_transport","pollen",55,"old-growth forest","Understory","old-growth forest"
"PR27","Lepidoptera","Cosmosoma_klagesi_310","Marcgravia_umbellata","pollen_transport","pollen",27,"pasture regeneration late","Understory","regeneration late"
"OG51","Lepidoptera","Cosmosoma_klagesi_310","Matayba_sp.1","pollen_transport","pollen",55,"old-growth forest","Canopy","old-growth forest"
"PR27","Lepidoptera","Cosmosoma_klagesi_310","Mikania_cordifolia","pollen_transport","pollen",27,"pasture regeneration late","Understory","regeneration late"
"CA60","Lepidoptera","Cosmosoma_klagesi_310","Parkia_multijuga","pollen_transport","pollen",0,"active cacao","Understory","regeneration early"
"OG51","Lepidoptera","Cosmosoma_klagesi_310","Parkia_multijuga","pollen_transport","pollen",55,"old-growth forest","Canopy","old-growth forest"
"OG52","Lepidoptera","Cosmosoma_klagesi_310","Parkia_multijuga","pollen_transport","pollen",55,"old-growth forest","Canopy","old-growth forest"
"CR18","Lepidoptera","Cosmosoma_klagesi_310","Pouteria_lucumifolia","pollen_transport","pollen",10,"cacao regeneration early","Understory","regeneration early"
"PR31","Lepidoptera","Cosmosoma_klagesi_310","Ruagea_glabra","pollen_transport","pollen",16,"pasture regeneration late","Canopy","regeneration late"
"CR18","Lepidoptera","Cosmosoma_klagesi_310","Sapotaceae_sp_JSA315_spc","pollen_transport","pollen",10,"cacao regeneration early","Canopy","regeneration early"
"CR04","Lepidoptera","Cosmosoma_klagesi_310","Sloanea_spc","pollen_transport","pollen",21,"cacao regeneration late","Canopy","regeneration late"
"OG42","Lepidoptera","Cosmosoma_klagesi_310","Sloanea_spc","pollen_transport","pollen",55,"old-growth forest","Canopy","old-growth forest"
"CA60","Lepidoptera","Cosmosoma_klagesi_310","Stellaria_media","pollen_transport","pollen",0,"active cacao","Understory","regeneration early"
"OG49","Lepidoptera","Cosmosoma_klagesi_310","Stellaria_media","pollen_transport","pollen",55,"old-growth forest","Understory","old-growth forest"
"CR08","Lepidoptera","Cosmosoma_klagesi_310","Triplaris_cumingiana","pollen_transport","pollen",27,"cacao regeneration late","Understory","regeneration late"
"CA60","Lepidoptera","Cosmosoma_klagesi_310","Vernonanthura_patens","pollen_transport","pollen",0,"active cacao","Understory","regeneration early"
"OG49","Lepidoptera","Cosmosoma_klagesi_310","Vernonanthura_patens","pollen_transport","pollen",55,"old-growth forest","Understory","old-growth forest"
"PR31","Lepidoptera","Cosmosoma_klagesi_310","Vernonanthura_patens","pollen_transport","pollen",16,"pasture regeneration late","Canopy","regeneration late"
"OG38","Lepidoptera","Cosmosoma_klagesi_310","Vicia_sativa","pollen_transport","pollen",55,"old-growth forest","Canopy","old-growth forest"
"CR14","Lepidoptera","Cosmosoma_nr_angustimargo_2002","Cecropia_insignis","pollen_transport","pollen",38,"cacao regeneration late","Canopy","regeneration late"
"CR18","Lepidoptera","Cosmosoma_nr_angustimargo_2002","Cecropia_insignis","pollen_transport","pollen",10,"cacao regeneration early","Canopy","regeneration early"
"OG43","Lepidoptera","Cosmosoma_nr_angustimargo_2002","Cecropia_insignis","pollen_transport","pollen",55,"old-growth forest","Understory","old-growth forest"
"PR36","Lepidoptera","Cosmosoma_nr_angustimargo_2002","Cecropia_insignis","pollen_transport","pollen",9,"pasture regeneration early","Understory","regeneration early"
"OG45","Lepidoptera","Cosmosoma_nr_angustimargo_2002","Cecropia_spc","pollen_transport","pollen",55,"old-growth forest","Canopy","old-growth forest"
"PR36","Lepidoptera","Cosmosoma_nr_angustimargo_2002","Cestrum_schlechtendalii","pollen_transport","pollen",9,"pasture regeneration early","Understory","regeneration early"
"PR20","Lepidoptera","Cosmosoma_nr_angustimargo_2002","Clusia_nemorosa","pollen_transport","pollen",4,"pasture regeneration early","Understory","regeneration early"
"OG45","Lepidoptera","Cosmosoma_nr_angustimargo_2002","Coussapoa_villosa","pollen_transport","pollen",55,"old-growth forest","Canopy","old-growth forest"
"CR04","Lepidoptera","Cosmosoma_nr_angustimargo_2002","Heliotropiaceae_spc","pollen_transport","pollen",21,"cacao regeneration late","Canopy","regeneration late"
"PR20","Lepidoptera","Cosmosoma_nr_angustimargo_2002","Heliotropiaceae_spc","pollen_transport","pollen",4,"pasture regeneration early","Understory","regeneration early"
"PR21","Lepidoptera","Cosmosoma_nr_angustimargo_2002","Heliotropiaceae_spc","pollen_transport","pollen",36,"pasture regeneration late","Canopy","regeneration late"
"CR18","Lepidoptera","Cosmosoma_nr_angustimargo_2002","Hieronyma_alchorneoides","pollen_transport","pollen",10,"cacao regeneration early","Canopy","regeneration early"
"OG45","Lepidoptera","Cosmosoma_nr_angustimargo_2002","Magnoliopsida_spc","pollen_transport","pollen",55,"old-growth forest","Canopy","old-growth forest"
"CR14","Lepidoptera","Cosmosoma_nr_angustimargo_2002","Parkia_multijuga","pollen_transport","pollen",38,"cacao regeneration late","Canopy","regeneration late"
"CR18","Lepidoptera","Cosmosoma_nr_angustimargo_2002","Parkia_multijuga","pollen_transport","pollen",10,"cacao regeneration early","Canopy","regeneration early"
"OG43","Lepidoptera","Cosmosoma_nr_angustimargo_2002","Parkia_multijuga","pollen_transport","pollen",55,"old-growth forest","Understory","old-growth forest"
"OG43","Lepidoptera","Cosmosoma_nr_angustimargo_2002","Sloanea_spc","pollen_transport","pollen",55,"old-growth forest","Understory","old-growth forest"
"OG45","Lepidoptera","Cosmosoma_parambae_787","Cecropia_insignis","pollen_transport","pollen",55,"old-growth forest","Canopy","old-growth forest"
"OG47","Lepidoptera","Cosmosoma_parambae_787","Cecropia_insignis","pollen_transport","pollen",55,"old-growth forest","Canopy","old-growth forest"
"PR31","Lepidoptera","Cosmosoma_parambae_787","Cecropia_insignis","pollen_transport","pollen",16,"pasture regeneration late","Canopy","regeneration late"
"PR33","Lepidoptera","Cosmosoma_parambae_787","Cecropia_insignis","pollen_transport","pollen",1,"pasture regeneration early","Understory","regeneration early"
"OG45","Lepidoptera","Cosmosoma_parambae_787","Cecropia_spc","pollen_transport","pollen",55,"old-growth forest","Canopy","old-growth forest"
"CR14","Lepidoptera","Cosmosoma_parambae_787","Cestrum_schlechtendalii","pollen_transport","pollen",38,"cacao regeneration late","Canopy","regeneration late"
"PA55","Lepidoptera","Cosmosoma_parambae_787","Cestrum_schlechtendalii","pollen_transport","pollen",0,"active pasture","Understory","regeneration early"
"OG51","Lepidoptera","Cosmosoma_parambae_787","Euphorbiaceae_spc","pollen_transport","pollen",55,"old-growth forest","Canopy","old-growth forest"
"CR18","Lepidoptera","Cosmosoma_parambae_787","Hieronyma_alchorneoides","pollen_transport","pollen",10,"cacao regeneration early","Canopy","regeneration early"
"CR14","Lepidoptera","Cosmosoma_parambae_787","Marcgravia_umbellata","pollen_transport","pollen",38,"cacao regeneration late","Canopy","regeneration late"
"PR31","Lepidoptera","Cosmosoma_parambae_787","Parkia_multijuga","pollen_transport","pollen",16,"pasture regeneration late","Canopy","regeneration late"
"CR14","Lepidoptera","Cosmosoma_parambae_787","Ruagea_glabra","pollen_transport","pollen",38,"cacao regeneration late","Canopy","regeneration late"
"OG47","Lepidoptera","Cosmosoma_parambae_787","Triplaris_cumingiana","pollen_transport","pollen",55,"old-growth forest","Canopy","old-growth forest"
"OG45","Lepidoptera","Cosmosoma_parambae_787","Vernonanthura_patens","pollen_transport","pollen",55,"old-growth forest","Canopy","old-growth forest"
"OG47","Lepidoptera","Cosmosoma_parambae_787","Vernonanthura_patens","pollen_transport","pollen",55,"old-growth forest","Canopy","old-growth forest"
"PR26","Lepidoptera","Cosmosoma_saron_1124","Cecropia_insignis","pollen_transport","pollen",28,"pasture regeneration late","Understory","regeneration late"
"OG42","Lepidoptera","Cosmosoma_saron_1124","Discophora_guianensis","pollen_transport","pollen",55,"old-growth forest","Canopy","old-growth forest"
"CR06","Lepidoptera","Cosmosoma_sp_786","Acalypha_diversifolia","pollen_transport","pollen",33,"cacao regeneration late","Canopy","regeneration late"
"CR06","Lepidoptera","Cosmosoma_sp_786","Cecropia_insignis","pollen_transport","pollen",33,"cacao regeneration late","Canopy","regeneration late"
"OG43","Lepidoptera","Cosmosoma_sp_792","Cecropia_insignis","pollen_transport","pollen",55,"old-growth forest","Understory","old-growth forest"
"CR18","Lepidoptera","Cosmosoma_sp_792","Cecropia_spc","pollen_transport","pollen",10,"cacao regeneration early","Understory","regeneration early"
"CR18","Lepidoptera","Cosmosoma_sp_792","Cestrum_schlechtendalii","pollen_transport","pollen",10,"cacao regeneration early","Understory","regeneration early"
"OG42","Lepidoptera","Cosmosoma_sp_792","Hieronyma_alchorneoides","pollen_transport","pollen",55,"old-growth forest","Canopy","old-growth forest"
"OG28","Lepidoptera","Cosmosoma_sp_792","Hieronyma_alchorneoides","pollen_transport","pollen",55,"old-growth forest","Canopy","old-growth forest"
"OG28","Lepidoptera","Cosmosoma_sp_792","Magnoliopsida_spc","pollen_transport","pollen",55,"old-growth forest","Canopy","old-growth forest"
"OG43","Lepidoptera","Cosmosoma_sp_792","Tapirira_guianensis","pollen_transport","pollen",55,"old-growth forest","Understory","old-growth forest"
"PA53","Lepidoptera","Cratoplastis_diluta_gr_682","Cecropia_insignis","pollen_transport","pollen",0,"active pasture","Understory","regeneration early"
"PA53","Lepidoptera","Cratoplastis_diluta_gr_682","Cecropia_spc","pollen_transport","pollen",0,"active pasture","Understory","regeneration early"
"CR14","Lepidoptera","Cratoplastis_diluta_gr_682","Hortia_brasiliana","pollen_transport","pollen",38,"cacao regeneration late","Canopy","regeneration late"
"CR02","Lepidoptera","Cratoplastis_diluta_gr_682","Loranthaceae_spc","pollen_transport","pollen",8,"cacao regeneration early","Understory","regeneration early"
"CA60","Lepidoptera","Cratoplastis_diluta_gr_682","Marcgravia_umbellata","pollen_transport","pollen",0,"active cacao","Understory","regeneration early"
"PA55","Lepidoptera","Cratoplastis_diluta_gr_682","Meliaceae_spc","pollen_transport","pollen",0,"active pasture","Understory","regeneration early"
"CR02","Lepidoptera","Cratoplastis_diluta_gr_682","Passiflora_macrophylla","pollen_transport","pollen",8,"cacao regeneration early","Understory","regeneration early"
"CR02","Lepidoptera","Cratoplastis_diluta_gr_682","Sorocea_jaramilloi","pollen_transport","pollen",8,"cacao regeneration early","Understory","regeneration early"
"PA55","Lepidoptera","Cratoplastis_diluta_gr_682","Trichilia_pallida","pollen_transport","pollen",0,"active pasture","Understory","regeneration early"
"PA53","Lepidoptera","Cratoplastis_diluta_gr_682","Triplaris_cumingiana","pollen_transport","pollen",0,"active pasture","Understory","regeneration early"
"CR18","Lepidoptera","Delphyre_nr_flaviceps_1268","Matayba_sp.1","pollen_transport","pollen",10,"cacao regeneration early","Understory","regeneration early"
"CR18","Lepidoptera","Delphyre_nr_flaviceps_1268","Tournefortia_hirsutissima","pollen_transport","pollen",10,"cacao regeneration early","Understory","regeneration early"
"OG51","Lepidoptera","Druceius_nr_gigantea_799","Cayaponia_amazonica","pollen_transport","pollen",55,"old-growth forest","Canopy","old-growth forest"
"OG49","Lepidoptera","Druceius_nr_gigantea_799","Cecropia_insignis","pollen_transport","pollen",55,"old-growth forest","Understory","old-growth forest"
"OG52","Lepidoptera","Druceius_nr_gigantea_799","Cestrum_schlechtendalii","pollen_transport","pollen",55,"old-growth forest","Canopy","old-growth forest"
"CR18","Lepidoptera","Druceius_nr_gigantea_799","Hieronyma_alchorneoides","pollen_transport","pollen",10,"cacao regeneration early","Understory","regeneration early"
"OG52","Lepidoptera","Druceius_nr_gigantea_799","Hieronyma_alchorneoides","pollen_transport","pollen",55,"old-growth forest","Canopy","old-growth forest"
"OG52","Lepidoptera","Druceius_nr_gigantea_799","Magnoliopsida_spc","pollen_transport","pollen",55,"old-growth forest","Canopy","old-growth forest"
"OG49","Lepidoptera","Druceius_nr_gigantea_799","Parkia_multijuga","pollen_transport","pollen",55,"old-growth forest","Understory","old-growth forest"
"OG51","Lepidoptera","Druceius_nr_gigantea_799","Parkia_multijuga","pollen_transport","pollen",55,"old-growth forest","Canopy","old-growth forest"
"OG52","Lepidoptera","Druceius_nr_gigantea_799","Parkia_multijuga","pollen_transport","pollen",55,"old-growth forest","Canopy","old-growth forest"
"PR26","Lepidoptera","Druceius_nr_gigantea_799","Parkia_multijuga","pollen_transport","pollen",28,"pasture regeneration late","Understory","regeneration late"
"OG49","Lepidoptera","Druceius_nr_gigantea_799","Plukenetia_lehmanniana","pollen_transport","pollen",55,"old-growth forest","Understory","old-growth forest"
"CA59","Lepidoptera","Dycladia_sp_794","Acalypha_diversifolia","pollen_transport","pollen",0,"active cacao","Understory","regeneration early"
"CA59","Lepidoptera","Dycladia_sp_794","Cecropia_insignis","pollen_transport","pollen",0,"active cacao","Understory","regeneration early"
"CA59","Lepidoptera","Dycladia_sp_794","Triplaris_cumingiana","pollen_transport","pollen",0,"active cacao","Understory","regeneration early"
"CR04","Lepidoptera","Dysschema_cf_leda_1361","Tournefortia_hirsutissima","pollen_transport","pollen",21,"cacao regeneration late","Canopy","regeneration late"
"CR02","Lepidoptera","Dysschema_viuda_900","Cecropia_insignis","pollen_transport","pollen",8,"cacao regeneration early","Understory","regeneration early"
"CR08","Lepidoptera","Dysschema_viuda_900","Cecropia_insignis","pollen_transport","pollen",27,"cacao regeneration late","Understory","regeneration late"
"CR08","Lepidoptera","Dysschema_viuda_900","Guarea_bullata","pollen_transport","pollen",27,"cacao regeneration late","Understory","regeneration late"
"CR08","Lepidoptera","Dysschema_viuda_900","Guarea_macrophylla","pollen_transport","pollen",27,"cacao regeneration late","Understory","regeneration late"
"CR08","Lepidoptera","Dysschema_viuda_900","Virola_elongata","pollen_transport","pollen",27,"cacao regeneration late","Understory","regeneration late"
"OG49","Lepidoptera","Ecdemus_obscuratum_1111","Heisteria_concinna","pollen_transport","pollen",55,"old-growth forest","Understory","old-growth forest"
"CR18","Lepidoptera","Ecdemus_obscuratum_1111","Hieronyma_alchorneoides","pollen_transport","pollen",10,"cacao regeneration early","Canopy","regeneration early"
"OG51","Lepidoptera","Ecdemus_obscuratum_1111","Pouteria_caimito","pollen_transport","pollen",55,"old-growth forest","Canopy","old-growth forest"
"PR29","Lepidoptera","Echeta_sp_922","Guarea_kunthiana","pollen_transport","pollen",6,"pasture regeneration early","Understory","regeneration early"
"PR29","Lepidoptera","Echeta_sp_922","Trichilia_pallida","pollen_transport","pollen",6,"pasture regeneration early","Understory","regeneration early"
"CR14","Lepidoptera","Elysius_nr_pyrosticta_923","Cestrum_schlechtendalii","pollen_transport","pollen",38,"cacao regeneration late","Understory","regeneration late"
"CR17","Lepidoptera","Elysius_nr_pyrosticta_923","Cestrum_schlechtendalii","pollen_transport","pollen",9,"cacao regeneration early","Understory","regeneration early"
"CR14","Lepidoptera","Elysius_nr_pyrosticta_923","Clusia_nemorosa","pollen_transport","pollen",38,"cacao regeneration late","Understory","regeneration late"
"CR02","Lepidoptera","Elysius_nr_pyrosticta_923","Guarea_cartaguenya","pollen_transport","pollen",8,"cacao regeneration early","Understory","regeneration early"
"CR13","Lepidoptera","Elysius_nr_pyrosticta_923","Pouteria_torta","pollen_transport","pollen",1,"cacao regeneration early","Understory","regeneration early"
"CR17","Lepidoptera","Elysius_nr_pyrosticta_923","Stellaria_media","pollen_transport","pollen",9,"cacao regeneration early","Understory","regeneration early"
"CR04","Lepidoptera","Emurena_sp_924","Pouteria_torta","pollen_transport","pollen",21,"cacao regeneration late","Canopy","regeneration late"
"CR04","Lepidoptera","Emurena_sp_924","Sloanea_spc","pollen_transport","pollen",21,"cacao regeneration late","Canopy","regeneration late"
"PR31","Lepidoptera","Epeiromulona_nr_phelina_1057","Baltimora_recta","pollen_transport","pollen",16,"pasture regeneration late","Canopy","regeneration late"
"CA60","Lepidoptera","Epeiromulona_nr_phelina_1057","Cecropia_insignis","pollen_transport","pollen",0,"active cacao","Understory","regeneration early"
"PR27","Lepidoptera","Epeiromulona_nr_phelina_1057","Cecropia_insignis","pollen_transport","pollen",27,"pasture regeneration late","Understory","regeneration late"
"PR31","Lepidoptera","Epeiromulona_nr_phelina_1057","Cecropia_insignis","pollen_transport","pollen",16,"pasture regeneration late","Canopy","regeneration late"
"PR31","Lepidoptera","Epeiromulona_nr_phelina_1057","Cestrum_schlechtendalii","pollen_transport","pollen",16,"pasture regeneration late","Canopy","regeneration late"
"PR31","Lepidoptera","Epeiromulona_nr_phelina_1057","Guarea_macrophylla","pollen_transport","pollen",16,"pasture regeneration late","Canopy","regeneration late"
"PR27","Lepidoptera","Epeiromulona_nr_phelina_1057","Heisteria_concinna","pollen_transport","pollen",27,"pasture regeneration late","Understory","regeneration late"
"PR26","Lepidoptera","Epeiromulona_nr_phelina_1057","Magnoliopsida_spc","pollen_transport","pollen",28,"pasture regeneration late","Canopy","regeneration late"
"OG45","Lepidoptera","Epeiromulona_nr_phelina_1057","Trema_integerrima","pollen_transport","pollen",55,"old-growth forest","Understory","old-growth forest"
"CR04","Lepidoptera","Episcepsis_demonis_1133","Bauhinia_pichinchensis","pollen_transport","pollen",21,"cacao regeneration late","Canopy","regeneration late"
"CA62","Lepidoptera","Episcepsis_demonis_1133","Cecropia_insignis","pollen_transport","pollen",0,"active cacao","Understory","regeneration early"
"OG42","Lepidoptera","Episcepsis_demonis_1133","Cecropia_insignis","pollen_transport","pollen",55,"old-growth forest","Understory","old-growth forest"
"OG43","Lepidoptera","Episcepsis_demonis_1133","Cecropia_insignis","pollen_transport","pollen",55,"old-growth forest","Understory","old-growth forest"
"OG42","Lepidoptera","Episcepsis_demonis_1133","Cecropia_spc","pollen_transport","pollen",55,"old-growth forest","Understory","old-growth forest"
"PR31","Lepidoptera","Episcepsis_demonis_1133","Cestrum_schlechtendalii","pollen_transport","pollen",16,"pasture regeneration late","Canopy","regeneration late"
"PR26","Lepidoptera","Episcepsis_demonis_1133","Clarisia_biflora","pollen_transport","pollen",28,"pasture regeneration late","Canopy","regeneration late"
"CR04","Lepidoptera","Episcepsis_demonis_1133","Clusia_nemorosa","pollen_transport","pollen",21,"cacao regeneration late","Canopy","regeneration late"
"PA54","Lepidoptera","Episcepsis_demonis_1133","Clusia_nemorosa","pollen_transport","pollen",0,"active pasture","Understory","regeneration early"
"PR31","Lepidoptera","Episcepsis_demonis_1133","Clusia_nemorosa","pollen_transport","pollen",16,"pasture regeneration late","Canopy","regeneration late"
"CA62","Lepidoptera","Episcepsis_demonis_1133","Guarea_macrophylla","pollen_transport","pollen",0,"active cacao","Understory","regeneration early"
"OG43","Lepidoptera","Episcepsis_demonis_1133","Guarea_macrophylla","pollen_transport","pollen",55,"old-growth forest","Understory","old-growth forest"
"PA54","Lepidoptera","Episcepsis_demonis_1133","Guarea_macrophylla","pollen_transport","pollen",0,"active pasture","Understory","regeneration early"
"PR22","Lepidoptera","Episcepsis_demonis_1133","Guarea_macrophylla","pollen_transport","pollen",12,"pasture regeneration early","Understory","regeneration early"
"PR26","Lepidoptera","Episcepsis_demonis_1133","Macleania_smithiana","pollen_transport","pollen",28,"pasture regeneration late","Canopy","regeneration late"
"OG48","Lepidoptera","Episcepsis_demonis_1133","Marcgravia_umbellata","pollen_transport","pollen",55,"old-growth forest","Understory","old-growth forest"
"PR31","Lepidoptera","Episcepsis_demonis_1133","Marcgravia_umbellata","pollen_transport","pollen",16,"pasture regeneration late","Canopy","regeneration late"
"PR26","Lepidoptera","Episcepsis_demonis_1133","Parkia_multijuga","pollen_transport","pollen",28,"pasture regeneration late","Canopy","regeneration late"
"CR04","Lepidoptera","Episcepsis_demonis_1133","Pleurothyrium_sp.1","pollen_transport","pollen",21,"cacao regeneration late","Canopy","regeneration late"
"PR23","Lepidoptera","Episcepsis_demonis_1133","Pouteria_reticulata","pollen_transport","pollen",1,"pasture regeneration early","Understory","regeneration early"
"CR06","Lepidoptera","Episcepsis_demonis_1133","Pouteria_torta","pollen_transport","pollen",33,"cacao regeneration late","Canopy","regeneration late"
"OG42","Lepidoptera","Episcepsis_demonis_1133","Prestonia_ipomaeifolia","pollen_transport","pollen",55,"old-growth forest","Understory","old-growth forest"
"PR21","Lepidoptera","Episcepsis_demonis_1133","Sapotaceae_sp_JSA315_spc","pollen_transport","pollen",36,"pasture regeneration late","Understory","regeneration late"
"PR26","Lepidoptera","Episcepsis_demonis_1133","Sapotaceae_sp_JSA315_spc","pollen_transport","pollen",28,"pasture regeneration late","Understory","regeneration late"
"PR21","Lepidoptera","Episcepsis_demonis_1133","Sapotaceae_spc","pollen_transport","pollen",36,"pasture regeneration late","Understory","regeneration late"
"CR06","Lepidoptera","Episcepsis_demonis_1133","Sciodaphyllum_pedicillatum","pollen_transport","pollen",33,"cacao regeneration late","Canopy","regeneration late"
"CR04","Lepidoptera","Episcepsis_demonis_1133","Stellaria_media","pollen_transport","pollen",21,"cacao regeneration late","Canopy","regeneration late"
"PR22","Lepidoptera","Episcepsis_demonis_1133","Stellaria_media","pollen_transport","pollen",12,"pasture regeneration early","Understory","regeneration early"
"PR33","Lepidoptera","Episcepsis_hypoleuca_gr_803","Pouteria_reticulata","pollen_transport","pollen",1,"pasture regeneration early","Understory","regeneration early"
"PR26","Lepidoptera","Episcepsis_hypoleuca_gr_804","Guarea_gentryi","pollen_transport","pollen",28,"pasture regeneration late","Understory","regeneration late"
"PA53","Lepidoptera","Episcepsis_hypoleuca_gr_804","Paullinia_clathrata","pollen_transport","pollen",0,"active pasture","Understory","regeneration early"
"PR26","Lepidoptera","Episcepsis_hypoleuca_gr_804","Pouteria_caimito","pollen_transport","pollen",28,"pasture regeneration late","Understory","regeneration late"
"PR23","Lepidoptera","Episcepsis_hypoleuca_gr_804","Pouteria_reticulata","pollen_transport","pollen",1,"pasture regeneration early","Understory","regeneration early"
"PR23","Lepidoptera","Episcepsis_hypoleuca_gr_804","Pouteria_spc","pollen_transport","pollen",1,"pasture regeneration early","Understory","regeneration early"
"OG28","Lepidoptera","Episcepsis_hypoleuca_gr_804","Tapirira_guianensis","pollen_transport","pollen",55,"old-growth forest","Canopy","old-growth forest"
"PA58","Lepidoptera","Episcepsis_luctuosa_802","Cestrum_schlechtendalii","pollen_transport","pollen",0,"active pasture","Understory","regeneration early"
"PA58","Lepidoptera","Episcepsis_luctuosa_802","Heliotropiaceae_spc","pollen_transport","pollen",0,"active pasture","Understory","regeneration early"
"PA58","Lepidoptera","Episcepsis_luctuosa_802","Magnoliopsida_spc","pollen_transport","pollen",0,"active pasture","Understory","regeneration early"
"PA58","Lepidoptera","Episcepsis_luctuosa_802","Sciodaphyllum_pedicillatum","pollen_transport","pollen",0,"active pasture","Understory","regeneration early"
"OG48","Lepidoptera","Episcepsis_sp_850","Marcgravia_umbellata","pollen_transport","pollen",55,"old-growth forest","Understory","old-growth forest"
"OG28","Lepidoptera","Eucereon_cf_rosa_811","Guarea_macrophylla","pollen_transport","pollen",55,"old-growth forest","Understory","old-growth forest"
"CR04","Lepidoptera","Eucereon_nr_tarona_616","Myriopus_spc","pollen_transport","pollen",21,"cacao regeneration late","Understory","regeneration late"
"OG39","Lepidoptera","Eucereon_nr_tarona_616","Pouteria_torta","pollen_transport","pollen",55,"old-growth forest","Understory","old-growth forest"
"PR25","Lepidoptera","Eucereon_nr_tarona_616","Sapindales_spc","pollen_transport","pollen",6,"pasture regeneration early","Understory","regeneration early"
"CR04","Lepidoptera","Eucereon_nr_tarona_616","Sloanea_spc","pollen_transport","pollen",21,"cacao regeneration late","Understory","regeneration late"
"OG39","Lepidoptera","Eucereon_nr_tarona_616","Sloanea_spc","pollen_transport","pollen",55,"old-growth forest","Understory","old-growth forest"
"OG39","Lepidoptera","Eucereon_nr_tarona_616","Vicia_sativa","pollen_transport","pollen",55,"old-growth forest","Understory","old-growth forest"
"PR25","Lepidoptera","Eucereon_nr_tarona_616","Vicia_sativa","pollen_transport","pollen",6,"pasture regeneration early","Understory","regeneration early"
"CR18","Lepidoptera","Eucereon_nr_tarona_808","Cecropia_insignis","pollen_transport","pollen",10,"cacao regeneration early","Canopy","regeneration early"
"OG42","Lepidoptera","Eucereon_nr_tarona_808","Cecropia_insignis","pollen_transport","pollen",55,"old-growth forest","Canopy","old-growth forest"
"OG43","Lepidoptera","Eucereon_nr_tarona_808","Cecropia_insignis","pollen_transport","pollen",55,"old-growth forest","Canopy","old-growth forest"
"OG42","Lepidoptera","Eucereon_nr_tarona_808","Hieronyma_alchorneoides","pollen_transport","pollen",55,"old-growth forest","Canopy","old-growth forest"
"OG42","Lepidoptera","Eucereon_nr_tarona_808","Huberodendron_patinoi","pollen_transport","pollen",55,"old-growth forest","Canopy","old-growth forest"
"CR18","Lepidoptera","Eucereon_nr_tarona_808","Parkia_multijuga","pollen_transport","pollen",10,"cacao regeneration early","Canopy","regeneration early"
"PR30","Lepidoptera","Eucereon_nr_tarona_808","Parkia_multijuga","pollen_transport","pollen",15,"pasture regeneration late","Understory","regeneration late"
"CR18","Lepidoptera","Eucereon_nr_tarona_808","Pouteria_caimito","pollen_transport","pollen",10,"cacao regeneration early","Canopy","regeneration early"
"OG43","Lepidoptera","Eucereon_nr_tarona_808","Tapirira_guianensis","pollen_transport","pollen",55,"old-growth forest","Canopy","old-growth forest"
"OG43","Lepidoptera","Eucereon_nr_tarona_808","Vernonanthura_patens","pollen_transport","pollen",55,"old-growth forest","Canopy","old-growth forest"
"OG52","Lepidoptera","Eucereon_sp_812","Cestrum_schlechtendalii","pollen_transport","pollen",55,"old-growth forest","Understory","old-growth forest"
"OG52","Lepidoptera","Eucereon_sp_812","Parkia_multijuga","pollen_transport","pollen",55,"old-growth forest","Understory","old-growth forest"
"OG51","Lepidoptera","Eucereon_sp_812","Pouteria_caimito","pollen_transport","pollen",55,"old-growth forest","Understory","old-growth forest"
"PR21","Lepidoptera","Eucereon_sp_813","Chrysophyllum_eximium","pollen_transport","pollen",36,"pasture regeneration late","Understory","regeneration late"
"PR21","Lepidoptera","Eucereon_sp_813","Sapotaceae_spc","pollen_transport","pollen",36,"pasture regeneration late","Understory","regeneration late"
"CA61","Lepidoptera","Eucereon_sp_815","Cestrum_schlechtendalii","pollen_transport","pollen",0,"active cacao","Understory","regeneration early"
"CA61","Lepidoptera","Eucereon_sp_815","Cestrum_spc","pollen_transport","pollen",0,"active cacao","Understory","regeneration early"
"PA57","Lepidoptera","Eucereon_sp_815","Guarea_macrophylla","pollen_transport","pollen",0,"active pasture","Understory","regeneration early"
"CA61","Lepidoptera","Eucereon_sp_815","Heliotropiaceae_spc","pollen_transport","pollen",0,"active cacao","Understory","regeneration early"
"PA53","Lepidoptera","Eudoliche_nr_longa_874","Guarea_spc","pollen_transport","pollen",0,"active pasture","Understory","regeneration early"
"PA53","Lepidoptera","Eudoliche_nr_longa_874","Meliaceae_spc","pollen_transport","pollen",0,"active pasture","Understory","regeneration early"
"PA53","Lepidoptera","Eudoliche_nr_longa_874","Parkia_multijuga","pollen_transport","pollen",0,"active pasture","Understory","regeneration early"
"PR33","Lepidoptera","Eupseudosoma_(Idalus)_nr_involuta_935","Cestrum_schlechtendalii","pollen_transport","pollen",1,"pasture regeneration early","Understory","regeneration early"
"CR02","Lepidoptera","Eupseudosoma_(Idalus)_nr_involuta_935","Guarea_kunthiana","pollen_transport","pollen",8,"cacao regeneration early","Understory","regeneration early"
"OG43","Lepidoptera","Eupseudosoma_(Idalus)_nr_involuta_935","Guarea_macrophylla","pollen_transport","pollen",55,"old-growth forest","Canopy","old-growth forest"
"PR21","Lepidoptera","Eupseudosoma_(Idalus)_nr_involuta_935","Heliotropiaceae_spc","pollen_transport","pollen",36,"pasture regeneration late","Canopy","regeneration late"
"OG51","Lepidoptera","Eupseudosoma_(Idalus)_nr_involuta_935","Hieronyma_alchorneoides","pollen_transport","pollen",55,"old-growth forest","Canopy","old-growth forest"
"PR33","Lepidoptera","Eupseudosoma_(Idalus)_nr_involuta_935","Lantana_achyranthifolia","pollen_transport","pollen",1,"pasture regeneration early","Understory","regeneration early"
"PA55","Lepidoptera","Eupseudosoma_(Idalus)_nr_involuta_935","Meliaceae_spc","pollen_transport","pollen",0,"active pasture","Understory","regeneration early"
"OG51","Lepidoptera","Eupseudosoma_(Idalus)_nr_involuta_935","Parkia_multijuga","pollen_transport","pollen",55,"old-growth forest","Canopy","old-growth forest"
"OG52","Lepidoptera","Eupseudosoma_(Idalus)_nr_involuta_935","Pouteria_torta","pollen_transport","pollen",55,"old-growth forest","Canopy","old-growth forest"
"PR33","Lepidoptera","Eupseudosoma_(Idalus)_nr_involuta_935","Pouteria_torta","pollen_transport","pollen",1,"pasture regeneration early","Understory","regeneration early"
"PA55","Lepidoptera","Eupseudosoma_(Idalus)_nr_involuta_935","Sapindales_spc","pollen_transport","pollen",0,"active pasture","Understory","regeneration early"
"CR02","Lepidoptera","Eupseudosoma_(Idalus)_nr_involuta_935","Trichilia_pallida","pollen_transport","pollen",8,"cacao regeneration early","Understory","regeneration early"
"PA55","Lepidoptera","Eupseudosoma_(Idalus)_nr_involuta_935","Trichilia_pallida","pollen_transport","pollen",0,"active pasture","Understory","regeneration early"
"OG48","Lepidoptera","Euthyone_cf_simplex_877","Bidens_pilosa","pollen_transport","pollen",55,"old-growth forest","Canopy","old-growth forest"
"OG49","Lepidoptera","Euthyone_cf_simplex_877","Cecropia_insignis","pollen_transport","pollen",55,"old-growth forest","Canopy","old-growth forest"
"OG49","Lepidoptera","Euthyone_cf_simplex_877","Cecropia_spc","pollen_transport","pollen",55,"old-growth forest","Canopy","old-growth forest"
"OG37","Lepidoptera","Euthyone_cf_simplex_877","Clusia_nemorosa","pollen_transport","pollen",55,"old-growth forest","Understory","old-growth forest"
"OG44","Lepidoptera","Euthyone_cf_simplex_877","Clusia_nemorosa","pollen_transport","pollen",55,"old-growth forest","Understory","old-growth forest"
"OG48","Lepidoptera","Euthyone_cf_simplex_877","Ficus_maxima","pollen_transport","pollen",55,"old-growth forest","Canopy","old-growth forest"
"OG48","Lepidoptera","Euthyone_cf_simplex_877","Piper_cavendishioides","pollen_transport","pollen",55,"old-growth forest","Canopy","old-growth forest"
"OG42","Lepidoptera","Euthyone_sp_876","Pouteria_caimito","pollen_transport","pollen",55,"old-growth forest","Canopy","old-growth forest"
"PA53","Lepidoptera","Evius_hippia_926","Cecropia_spc","pollen_transport","pollen",0,"active pasture","Understory","regeneration early"
"PA53","Lepidoptera","Evius_hippia_926","Parkia_multijuga","pollen_transport","pollen",0,"active pasture","Understory","regeneration early"
"PR20","Lepidoptera","Evius_sp_927","Cecropia_garciae","pollen_transport","pollen",4,"pasture regeneration early","Understory","regeneration early"
"PR20","Lepidoptera","Evius_sp_927","Cecropia_insignis","pollen_transport","pollen",4,"pasture regeneration early","Understory","regeneration early"
"CR14","Lepidoptera","Evius_sp_927","Clusia_nemorosa","pollen_transport","pollen",38,"cacao regeneration late","Canopy","regeneration late"
"PR20","Lepidoptera","Evius_sp_927","Moraceae_spc","pollen_transport","pollen",4,"pasture regeneration early","Understory","regeneration early"
"CR18","Lepidoptera","Gardinia_nr_magnifica_878","Cecropia_insignis","pollen_transport","pollen",10,"cacao regeneration early","Canopy","regeneration early"
"CR18","Lepidoptera","Gardinia_nr_magnifica_878","Stellaria_media","pollen_transport","pollen",10,"cacao regeneration early","Canopy","regeneration early"
"CR14","Lepidoptera","Gorgonidia_buckleyi_928","Acalypha_diversifolia","pollen_transport","pollen",38,"cacao regeneration late","Canopy","regeneration late"
"CR14","Lepidoptera","Gorgonidia_buckleyi_928","Marcgravia_umbellata","pollen_transport","pollen",38,"cacao regeneration late","Canopy","regeneration late"
"CR18","Lepidoptera","Gymnelia_(cf)_sp_827","Hieronyma_alchorneoides","pollen_transport","pollen",10,"cacao regeneration early","Understory","regeneration early"
"OG40","Lepidoptera","Gymnelia_(cf)_sp_827","Magnoliopsida_spc","pollen_transport","pollen",55,"old-growth forest","Canopy","old-growth forest"
"CR18","Lepidoptera","Gymnelia_sp_826","Cecropia_insignis","pollen_transport","pollen",10,"cacao regeneration early","Canopy","regeneration early"
"OG28","Lepidoptera","Gymnelia_sp_826","Combretum_spc","pollen_transport","pollen",55,"old-growth forest","Canopy","old-growth forest"
"OG49","Lepidoptera","Gymnelia_sp_826","Heisteria_concinna","pollen_transport","pollen",55,"old-growth forest","Understory","old-growth forest"
"CR18","Lepidoptera","Gymnelia_sp_826","Hieronyma_alchorneoides","pollen_transport","pollen",10,"cacao regeneration early","Canopy","regeneration early"
"OG28","Lepidoptera","Gymnelia_sp_826","Plantaginaceae_spc","pollen_transport","pollen",55,"old-growth forest","Canopy","old-growth forest"
"PR34","Lepidoptera","Gymnelia_sp_826","Ruagea_glabra","pollen_transport","pollen",38,"pasture regeneration late","Canopy","regeneration late"
"OG28","Lepidoptera","Gymnelia_sp_826","Stellaria_media","pollen_transport","pollen",55,"old-growth forest","Canopy","old-growth forest"
"CR06","Lepidoptera","Halysidota_schausi_929","Cecropia_insignis","pollen_transport","pollen",33,"cacao regeneration late","Canopy","regeneration late"
"CR06","Lepidoptera","Halysidota_schausi_929","Guarea_cartaguenya","pollen_transport","pollen",33,"cacao regeneration late","Canopy","regeneration late"
"PR27","Lepidoptera","Halysidota_schausi_929","Jacaratia_spinosa","pollen_transport","pollen",27,"pasture regeneration late","Understory","regeneration late"
"PR27","Lepidoptera","Halysidota_schausi_929","Marcgravia_umbellata","pollen_transport","pollen",27,"pasture regeneration late","Understory","regeneration late"
"PR29","Lepidoptera","Halysidota_schausi_929","Sloanea_spc","pollen_transport","pollen",6,"pasture regeneration early","Understory","regeneration early"
"PR23","Lepidoptera","Halysidota_sp_930","Caryophyllaceae_spc","pollen_transport","pollen",1,"pasture regeneration early","Understory","regeneration early"
"PA55","Lepidoptera","Halysidota_sp_930","Cestrum_schlechtendalii","pollen_transport","pollen",0,"active pasture","Understory","regeneration early"
"PR23","Lepidoptera","Halysidota_sp_930","Epidendrum_rigidum","pollen_transport","pollen",1,"pasture regeneration early","Understory","regeneration early"
"OG41","Lepidoptera","Halysidota_sp_930","Guarea_cartaguenya","pollen_transport","pollen",55,"old-growth forest","Canopy","old-growth forest"
"OG41","Lepidoptera","Halysidota_sp_930","Guarea_spc","pollen_transport","pollen",55,"old-growth forest","Canopy","old-growth forest"
"PR23","Lepidoptera","Halysidota_sp_930","Stellaria_spc","pollen_transport","pollen",1,"pasture regeneration early","Understory","regeneration early"
"PA53","Lepidoptera","Halysidota_sp_931","Cecropia_spc","pollen_transport","pollen",0,"active pasture","Understory","regeneration early"
"PA53","Lepidoptera","Halysidota_sp_931","Cestrum_spc","pollen_transport","pollen",0,"active pasture","Understory","regeneration early"
"CR01","Lepidoptera","Heliactinidia_sitia_901","Magnoliopsida_spc","pollen_transport","pollen",6,"cacao regeneration early","Understory","regeneration early"
"CA60","Lepidoptera","Heliura_nr_zonata_829","Asteraceae_spc","pollen_transport","pollen",0,"active cacao","Understory","regeneration early"
"CA60","Lepidoptera","Heliura_nr_zonata_829","Begonia_glabra","pollen_transport","pollen",0,"active cacao","Understory","regeneration early"
"OG38","Lepidoptera","Heliura_nr_zonata_829","Cecropia_garciae","pollen_transport","pollen",55,"old-growth forest","Understory","old-growth forest"
"CA60","Lepidoptera","Heliura_nr_zonata_829","Cecropia_insignis","pollen_transport","pollen",0,"active cacao","Understory","regeneration early"
"OG38","Lepidoptera","Heliura_nr_zonata_829","Croton_tessmannii","pollen_transport","pollen",55,"old-growth forest","Understory","old-growth forest"
"CA60","Lepidoptera","Heliura_nr_zonata_829","Magnoliopsida_spc","pollen_transport","pollen",0,"active cacao","Understory","regeneration early"
"OG38","Lepidoptera","Heliura_nr_zonata_829","Magnoliopsida_spc","pollen_transport","pollen",55,"old-growth forest","Understory","old-growth forest"
"CR18","Lepidoptera","Heliura_sp_828","Cecropia_spc","pollen_transport","pollen",10,"cacao regeneration early","Understory","regeneration early"
"OG52","Lepidoptera","Heliura_sp_828","Cestrum_schlechtendalii","pollen_transport","pollen",55,"old-growth forest","Canopy","old-growth forest"
"PR21","Lepidoptera","Heliura_sp_828","Fabaceae_spc","pollen_transport","pollen",36,"pasture regeneration late","Canopy","regeneration late"
"CR18","Lepidoptera","Heliura_sp_828","Hieronyma_alchorneoides","pollen_transport","pollen",10,"cacao regeneration early","Understory","regeneration early"
"OG52","Lepidoptera","Heliura_sp_828","Ipomoea_philomega","pollen_transport","pollen",55,"old-growth forest","Canopy","old-growth forest"
"PR21","Lepidoptera","Heliura_sp_828","Magnoliopsida_spc","pollen_transport","pollen",36,"pasture regeneration late","Canopy","regeneration late"
"OG52","Lepidoptera","Heliura_sp_828","Parkia_multijuga","pollen_transport","pollen",55,"old-growth forest","Canopy","old-growth forest"
"PR21","Lepidoptera","Heliura_sp_828","Ruagea_glabra","pollen_transport","pollen",36,"pasture regeneration late","Canopy","regeneration late"
"OG52","Lepidoptera","Heliura_sp_828","Solanum_uncinellum","pollen_transport","pollen",55,"old-growth forest","Canopy","old-growth forest"
"OG39","Lepidoptera","Hypocrita_nr_chalybea_903","Asteraceae_spc","pollen_transport","pollen",55,"old-growth forest","Understory","old-growth forest"
"OG52","Lepidoptera","Hypocrita_nr_chalybea_903","Cecropia_spc","pollen_transport","pollen",55,"old-growth forest","Canopy","old-growth forest"
"OG52","Lepidoptera","Hypocrita_nr_chalybea_903","Cestrum_schlechtendalii","pollen_transport","pollen",55,"old-growth forest","Canopy","old-growth forest"
"OG39","Lepidoptera","Hypocrita_nr_chalybea_903","Clusia_nemorosa","pollen_transport","pollen",55,"old-growth forest","Understory","old-growth forest"
"PR21","Lepidoptera","Hypocrita_nr_chalybea_903","Clusia_nemorosa","pollen_transport","pollen",36,"pasture regeneration late","Canopy","regeneration late"
"PR23","Lepidoptera","Hypocrita_nr_chalybea_903","Cosmibuena_grandiflora","pollen_transport","pollen",1,"pasture regeneration early","Understory","regeneration early"
"PA55","Lepidoptera","Hypocrita_nr_chalybea_903","Inga_spc","pollen_transport","pollen",0,"active pasture","Understory","regeneration early"
"PA55","Lepidoptera","Hypocrita_nr_chalybea_903","Magnoliopsida_spc","pollen_transport","pollen",0,"active pasture","Understory","regeneration early"
"PA55","Lepidoptera","Hypocrita_nr_chalybea_903","Melastomataceae_spc","pollen_transport","pollen",0,"active pasture","Understory","regeneration early"
"OG39","Lepidoptera","Hypocrita_nr_chalybea_903","Pouteria_torta","pollen_transport","pollen",55,"old-growth forest","Canopy","old-growth forest"
"OG39","Lepidoptera","Hypocrita_nr_chalybea_903","Sloanea_spc","pollen_transport","pollen",55,"old-growth forest","Canopy","old-growth forest"
"OG52","Lepidoptera","Hypocrita_nr_chalybea_903","Souroubea_guianensis","pollen_transport","pollen",55,"old-growth forest","Canopy","old-growth forest"
"PR23","Lepidoptera","Hypocrita_nr_chalybea_903","Stellaria_graminea","pollen_transport","pollen",1,"pasture regeneration early","Understory","regeneration early"
"CA60","Lepidoptera","Hypocrita_phanoptoides_904","Cecropia_insignis","pollen_transport","pollen",0,"active cacao","Understory","regeneration early"
"PR34","Lepidoptera","Hypocrita_phanoptoides_904","Palicourea_allenii","pollen_transport","pollen",38,"pasture regeneration late","Canopy","regeneration late"
"CA60","Lepidoptera","Hypocrita_phanoptoides_904","Parkia_multijuga","pollen_transport","pollen",0,"active cacao","Understory","regeneration early"
"OG38","Lepidoptera","Hypocrita_sp_905","Asteraceae_spc","pollen_transport","pollen",55,"old-growth forest","Canopy","old-growth forest"
"OG38","Lepidoptera","Hypocrita_sp_905","Cecropia_insignis","pollen_transport","pollen",55,"old-growth forest","Canopy","old-growth forest"
"OG42","Lepidoptera","Idalus_carinosa_933","Pouteria_silvestris","pollen_transport","pollen",55,"old-growth forest","Canopy","old-growth forest"
"PR24","Lepidoptera","Idalus_carinosa_933","Pouteria_torta","pollen_transport","pollen",21,"pasture regeneration late","Canopy","regeneration late"
"OG42","Lepidoptera","Idalus_cf_aleteria_932","Guarea_gentryi","pollen_transport","pollen",55,"old-growth forest","Canopy","old-growth forest"
"CR14","Lepidoptera","Idalus_nr_sublineata_936","Cecropia_insignis","pollen_transport","pollen",38,"cacao regeneration late","Understory","regeneration late"
"CR14","Lepidoptera","Idalus_nr_sublineata_936","Cecropia_spc","pollen_transport","pollen",38,"cacao regeneration late","Understory","regeneration late"
"PA58","Lepidoptera","Idalus_nr_sublineata_936","Cestrum_schlechtendalii","pollen_transport","pollen",0,"active pasture","Understory","regeneration early"
"OG45","Lepidoptera","Idalus_nr_sublineata_936","Morella_pubescens","pollen_transport","pollen",55,"old-growth forest","Canopy","old-growth forest"
"OG45","Lepidoptera","Idalus_nr_sublineata_936","Sapotaceae_sp_JSA315_spc","pollen_transport","pollen",55,"old-growth forest","Canopy","old-growth forest"
"PA55","Lepidoptera","Idalus_nr_sublineata_936","Sapotaceae_sp_JSA315_spc","pollen_transport","pollen",0,"active pasture","Understory","regeneration early"
"OG45","Lepidoptera","Idalus_nr_sublineata_936","Sapotaceae_spc","pollen_transport","pollen",55,"old-growth forest","Canopy","old-growth forest"
"PA55","Lepidoptera","Idalus_nr_sublineata_936","Sapotaceae_spc","pollen_transport","pollen",0,"active pasture","Understory","regeneration early"
"OG38","Lepidoptera","Idalus_tybris_937","Cestrum_schlechtendalii","pollen_transport","pollen",55,"old-growth forest","Canopy","old-growth forest"
"OG38","Lepidoptera","Idalus_tybris_937","Chrysophyllum_eximium","pollen_transport","pollen",55,"old-growth forest","Canopy","old-growth forest"
"OG38","Lepidoptera","Idalus_tybris_937","Guarea_cartaguenya","pollen_transport","pollen",55,"old-growth forest","Canopy","old-growth forest"
"PR33","Lepidoptera","Isanthrene_meridensis_831","Cecropia_spc","pollen_transport","pollen",1,"pasture regeneration early","Understory","regeneration early"
"PR33","Lepidoptera","Isanthrene_meridensis_831","Cestrum_schlechtendalii","pollen_transport","pollen",1,"pasture regeneration early","Understory","regeneration early"
"CR18","Lepidoptera","Isanthrene_meridensis_831","Discophora_guianensis","pollen_transport","pollen",10,"cacao regeneration early","Canopy","regeneration early"
"PR33","Lepidoptera","Isanthrene_meridensis_831","Guarea_macrophylla","pollen_transport","pollen",1,"pasture regeneration early","Understory","regeneration early"
"PR33","Lepidoptera","Isanthrene_meridensis_831","Guarea_spc","pollen_transport","pollen",1,"pasture regeneration early","Understory","regeneration early"
"CR06","Lepidoptera","Isanthrene_meridensis_831","Ruagea_glabra","pollen_transport","pollen",33,"cacao regeneration late","Canopy","regeneration late"
"PR33","Lepidoptera","Isanthrene_meridensis_831","Tapirira_guianensis","pollen_transport","pollen",1,"pasture regeneration early","Understory","regeneration early"
"PR29","Lepidoptera","Isanthrene_sp_832","Clusia_nemorosa","pollen_transport","pollen",6,"pasture regeneration early","Understory","regeneration early"
"PR29","Lepidoptera","Isanthrene_sp_832","Garcinia_madruno","pollen_transport","pollen",6,"pasture regeneration early","Understory","regeneration early"
"CR18","Lepidoptera","Isanthrene_sp_832","Hieronyma_alchorneoides","pollen_transport","pollen",10,"cacao regeneration early","Canopy","regeneration early"
"OG51","Lepidoptera","Isanthrene_sp_832","Hieronyma_alchorneoides","pollen_transport","pollen",55,"old-growth forest","Canopy","old-growth forest"
"OG49","Lepidoptera","Kirrostola_metaxantha_gr_940/941","Cestrum_schlechtendalii","pollen_transport","pollen",55,"old-growth forest","Understory","old-growth forest"
"PA57","Lepidoptera","Kirrostola_sp_nr_940","Guarea_bullata","pollen_transport","pollen",0,"active pasture","Understory","regeneration early"
"PA57","Lepidoptera","Kirrostola_sp_nr_940","Guarea_macrophylla","pollen_transport","pollen",0,"active pasture","Understory","regeneration early"
"OG28","Lepidoptera","Kirrostola_sp_nr_940","Guarea_macrophylla","pollen_transport","pollen",55,"old-growth forest","Understory","old-growth forest"
"OG28","Lepidoptera","Kirrostola_sp_nr_940","Tapirira_guianensis","pollen_transport","pollen",55,"old-growth forest","Understory","old-growth forest"
"PA57","Lepidoptera","Kirrostola_sp_nr_940","Virola_elongata","pollen_transport","pollen",0,"active pasture","Understory","regeneration early"
"PR23","Lepidoptera","Lophocampa_sp_943","Asteraceae_spc","pollen_transport","pollen",1,"pasture regeneration early","Understory","regeneration early"
"OG51","Lepidoptera","Lophocampa_sp_943","Cecropia_insignis","pollen_transport","pollen",55,"old-growth forest","Canopy","old-growth forest"
"PR27","Lepidoptera","Lophocampa_sp_943","Cecropia_insignis","pollen_transport","pollen",27,"pasture regeneration late","Understory","regeneration late"
"PR23","Lepidoptera","Lophocampa_sp_943","Cecropia_spc","pollen_transport","pollen",1,"pasture regeneration early","Understory","regeneration early"
"PR22","Lepidoptera","Lophocampa_sp_943","Clusia_nemorosa","pollen_transport","pollen",12,"pasture regeneration early","Understory","regeneration early"
"OG51","Lepidoptera","Lophocampa_sp_943","Hieronyma_alchorneoides","pollen_transport","pollen",55,"old-growth forest","Understory","old-growth forest"
"PR23","Lepidoptera","Lophocampa_sp_943","Magnoliopsida_spc","pollen_transport","pollen",1,"pasture regeneration early","Understory","regeneration early"
"PR27","Lepidoptera","Lophocampa_sp_943","Marcgravia_umbellata","pollen_transport","pollen",27,"pasture regeneration late","Understory","regeneration late"
"OG51","Lepidoptera","Lophocampa_sp_943","Parkia_multijuga","pollen_transport","pollen",55,"old-growth forest","Canopy","old-growth forest"
"PR29","Lepidoptera","Lophocampa_sp_943","Pouteria_caimito","pollen_transport","pollen",6,"pasture regeneration early","Understory","regeneration early"
"PR23","Lepidoptera","Lophocampa_sp_943","Solanum_dulcamara","pollen_transport","pollen",1,"pasture regeneration early","Understory","regeneration early"
"OG51","Lepidoptera","Lophocampa_sp_943","Stellaria_media","pollen_transport","pollen",55,"old-growth forest","Canopy","old-growth forest"
"PR22","Lepidoptera","Lophocampa_sp_943","Stellaria_media","pollen_transport","pollen",12,"pasture regeneration early","Understory","regeneration early"
"PR29","Lepidoptera","Lophocampa_sp_943","Stellaria_media","pollen_transport","pollen",6,"pasture regeneration early","Understory","regeneration early"
"CR18","Lepidoptera","Lophocampa_sp_944","Cecropia_insignis","pollen_transport","pollen",10,"cacao regeneration early","Understory","regeneration early"
"CR18","Lepidoptera","Lophocampa_sp_944","Cecropia_spc","pollen_transport","pollen",10,"cacao regeneration early","Understory","regeneration early"
"CR18","Lepidoptera","Loxophlebia_sp_1272","Cecropia_insignis","pollen_transport","pollen",10,"cacao regeneration early","Canopy","regeneration early"
"OG39","Lepidoptera","Loxophlebia_sp_1272","Magnoliopsida_spc","pollen_transport","pollen",55,"old-growth forest","Canopy","old-growth forest"
"CA60","Lepidoptera","Loxophlebia_sp_1272","Parkia_multijuga","pollen_transport","pollen",0,"active cacao","Understory","regeneration early"
"CR18","Lepidoptera","Loxophlebia_sp_1272","Parkia_multijuga","pollen_transport","pollen",10,"cacao regeneration early","Canopy","regeneration early"
"OG39","Lepidoptera","Loxophlebia_sp_1272","Stellaria_spc","pollen_transport","pollen",55,"old-growth forest","Canopy","old-growth forest"
"OG42","Lepidoptera","Lycomorphodes_correbiodes_gr_2096","Pouteria_caimito","pollen_transport","pollen",55,"old-growth forest","Canopy","old-growth forest"
"OG38","Lepidoptera","Macrocneme_semiviridis_219","Alchorneopsis_floribunda","pollen_transport","pollen",55,"old-growth forest","Canopy","old-growth forest"
"CR04","Lepidoptera","Macrocneme_semiviridis_219","Cecropia_insignis","pollen_transport","pollen",21,"cacao regeneration late","Canopy","regeneration late"
"CR06","Lepidoptera","Macrocneme_semiviridis_219","Cecropia_insignis","pollen_transport","pollen",33,"cacao regeneration late","Canopy","regeneration late"
"OG37","Lepidoptera","Macrocneme_semiviridis_219","Cecropia_spc","pollen_transport","pollen",55,"old-growth forest","Canopy","old-growth forest"
"OG49","Lepidoptera","Macrocneme_semiviridis_219","Cecropia_spc","pollen_transport","pollen",55,"old-growth forest","Canopy","old-growth forest"
"OG50","Lepidoptera","Macrocneme_semiviridis_219","Cecropia_spc","pollen_transport","pollen",55,"old-growth forest","Canopy","old-growth forest"
"OG50","Lepidoptera","Macrocneme_semiviridis_219","Cestrum_schlechtendalii","pollen_transport","pollen",55,"old-growth forest","Canopy","old-growth forest"
"OG52","Lepidoptera","Macrocneme_semiviridis_219","Cestrum_schlechtendalii","pollen_transport","pollen",55,"old-growth forest","Understory","old-growth forest"
"OG38","Lepidoptera","Macrocneme_semiviridis_219","Clusia_lineata","pollen_transport","pollen",55,"old-growth forest","Canopy","old-growth forest"
"CR04","Lepidoptera","Macrocneme_semiviridis_219","Coussapoa_villosa","pollen_transport","pollen",21,"cacao regeneration late","Canopy","regeneration late"
"OG51","Lepidoptera","Macrocneme_semiviridis_219","Guarea_guentheri","pollen_transport","pollen",55,"old-growth forest","Canopy","old-growth forest"
"OG37","Lepidoptera","Macrocneme_semiviridis_219","Guarea_macrophylla","pollen_transport","pollen",55,"old-growth forest","Canopy","old-growth forest"
"CR18","Lepidoptera","Macrocneme_semiviridis_219","Hieronyma_alchorneoides","pollen_transport","pollen",10,"cacao regeneration early","Understory","regeneration early"
"OG51","Lepidoptera","Macrocneme_semiviridis_219","Hieronyma_alchorneoides","pollen_transport","pollen",55,"old-growth forest","Understory","old-growth forest"
"CR04","Lepidoptera","Macrocneme_semiviridis_219","Magnoliopsida_spc","pollen_transport","pollen",21,"cacao regeneration late","Canopy","regeneration late"
"OG49","Lepidoptera","Macrocneme_semiviridis_219","Mikania_cordifolia","pollen_transport","pollen",55,"old-growth forest","Canopy","old-growth forest"
"OG43","Lepidoptera","Macrocneme_semiviridis_219","Protium_colombianum","pollen_transport","pollen",55,"old-growth forest","Canopy","old-growth forest"
"OG51","Lepidoptera","Macrocneme_semiviridis_219","Protium_colombianum","pollen_transport","pollen",55,"old-growth forest","Canopy","old-growth forest"
"OG38","Lepidoptera","Macrocneme_semiviridis_219","Saurauia_herthae","pollen_transport","pollen",55,"old-growth forest","Canopy","old-growth forest"
"CR04","Lepidoptera","Macrocneme_semiviridis_219","Stellaria_media","pollen_transport","pollen",21,"cacao regeneration late","Canopy","regeneration late"
"OG42","Lepidoptera","Macrocneme_semiviridis_219","Stellaria_media","pollen_transport","pollen",55,"old-growth forest","Canopy","old-growth forest"
"OG51","Lepidoptera","Macrocneme_semiviridis_219","Triplaris_cumingiana","pollen_transport","pollen",55,"old-growth forest","Understory","old-growth forest"
"CR18","Lepidoptera","Macrocneme_semiviridis_219","Vicia_sativa","pollen_transport","pollen",10,"cacao regeneration early","Understory","regeneration early"
"CR18","Lepidoptera","Macrocneme_semiviridis_219","Vicia_villosa","pollen_transport","pollen",10,"cacao regeneration early","Understory","regeneration early"
"PA53","Lepidoptera","Macrocneme_sp_833","Cecropia_spc","pollen_transport","pollen",0,"active pasture","Understory","regeneration early"
"CR16","Lepidoptera","Macroptila_sp_857","Aegiphila_alba","pollen_transport","pollen",8,"cacao regeneration early","Understory","regeneration early"
"OG39","Lepidoptera","Macroptila_sp_857","Caryophyllaceae_spc","pollen_transport","pollen",55,"old-growth forest","Canopy","old-growth forest"
"OG28","Lepidoptera","Macroptila_sp_857","Castilla_tunu","pollen_transport","pollen",55,"old-growth forest","Canopy","old-growth forest"
"CR18","Lepidoptera","Macroptila_sp_857","Cecropia_insignis","pollen_transport","pollen",10,"cacao regeneration early","Canopy","regeneration early"
"PR20","Lepidoptera","Macroptila_sp_857","Cecropia_insignis","pollen_transport","pollen",4,"pasture regeneration early","Understory","regeneration early"
"CR18","Lepidoptera","Macroptila_sp_857","Cecropia_spc","pollen_transport","pollen",10,"cacao regeneration early","Understory","regeneration early"
"PR21","Lepidoptera","Macroptila_sp_857","Cecropia_spc","pollen_transport","pollen",36,"pasture regeneration late","Understory","regeneration late"
"CR04","Lepidoptera","Macroptila_sp_857","Clusia_nemorosa","pollen_transport","pollen",21,"cacao regeneration late","Understory","regeneration late"
"PR25","Lepidoptera","Macroptila_sp_857","Clusia_nemorosa","pollen_transport","pollen",6,"pasture regeneration early","Understory","regeneration early"
"CR14","Lepidoptera","Macroptila_sp_857","Coussarea_latifolia","pollen_transport","pollen",38,"cacao regeneration late","Canopy","regeneration late"
"CR04","Lepidoptera","Macroptila_sp_857","Cucurbita_pepo","pollen_transport","pollen",21,"cacao regeneration late","Understory","regeneration late"
"PR25","Lepidoptera","Macroptila_sp_857","Guarea_cartaguenya","pollen_transport","pollen",6,"pasture regeneration early","Understory","regeneration early"
"OG42","Lepidoptera","Macroptila_sp_857","Guarea_gentryi","pollen_transport","pollen",55,"old-growth forest","Canopy","old-growth forest"
"OG42","Lepidoptera","Macroptila_sp_857","Guarea_kunthiana","pollen_transport","pollen",55,"old-growth forest","Canopy","old-growth forest"
"CR04","Lepidoptera","Macroptila_sp_857","Heliotropiaceae_spc","pollen_transport","pollen",21,"cacao regeneration late","Canopy","regeneration late"
"CR06","Lepidoptera","Macroptila_sp_857","Heliotropiaceae_spc","pollen_transport","pollen",33,"cacao regeneration late","Canopy","regeneration late"
"OG37","Lepidoptera","Macroptila_sp_857","Heliotropiaceae_spc","pollen_transport","pollen",55,"old-growth forest","Understory","old-growth forest"
"OG39","Lepidoptera","Macroptila_sp_857","Heliotropiaceae_spc","pollen_transport","pollen",55,"old-growth forest","Canopy","old-growth forest"
"PR20","Lepidoptera","Macroptila_sp_857","Heliotropiaceae_spc","pollen_transport","pollen",4,"pasture regeneration early","Understory","regeneration early"
"PR21","Lepidoptera","Macroptila_sp_857","Heliotropiaceae_spc","pollen_transport","pollen",36,"pasture regeneration late","Understory","regeneration late"
"CR18","Lepidoptera","Macroptila_sp_857","Hieronyma_alchorneoides","pollen_transport","pollen",10,"cacao regeneration early","Understory","regeneration early"
"OG39","Lepidoptera","Macroptila_sp_857","Magnoliopsida_spc","pollen_transport","pollen",55,"old-growth forest","Canopy","old-growth forest"
"PR21","Lepidoptera","Macroptila_sp_857","Magnoliopsida_spc","pollen_transport","pollen",36,"pasture regeneration late","Understory","regeneration late"
"OG48","Lepidoptera","Macroptila_sp_857","Marcgravia_umbellata","pollen_transport","pollen",55,"old-growth forest","Canopy","old-growth forest"
"PR25","Lepidoptera","Macroptila_sp_857","Marcgravia_umbellata","pollen_transport","pollen",6,"pasture regeneration early","Understory","regeneration early"
"CR06","Lepidoptera","Macroptila_sp_857","Myriopus_spc","pollen_transport","pollen",33,"cacao regeneration late","Canopy","regeneration late"
"CR16","Lepidoptera","Macroptila_sp_857","Ochroma_pyramidale","pollen_transport","pollen",8,"cacao regeneration early","Understory","regeneration early"
"CA60","Lepidoptera","Macroptila_sp_857","Parkia_multijuga","pollen_transport","pollen",0,"active cacao","Understory","regeneration early"
"CR18","Lepidoptera","Macroptila_sp_857","Parkia_multijuga","pollen_transport","pollen",10,"cacao regeneration early","Understory","regeneration early"
"OG28","Lepidoptera","Macroptila_sp_857","Parkia_multijuga","pollen_transport","pollen",55,"old-growth forest","Canopy","old-growth forest"
"OG48","Lepidoptera","Macroptila_sp_857","Piper_cavendishioides","pollen_transport","pollen",55,"old-growth forest","Canopy","old-growth forest"
"OG38","Lepidoptera","Macroptila_sp_857","Pouteria_torta","pollen_transport","pollen",55,"old-growth forest","Understory","old-growth forest"
"CR06","Lepidoptera","Macroptila_sp_857","Ruagea_glabra","pollen_transport","pollen",33,"cacao regeneration late","Canopy","regeneration late"
"OG48","Lepidoptera","Macroptila_sp_857","Solanum_tuberosum","pollen_transport","pollen",55,"old-growth forest","Canopy","old-growth forest"
"PR25","Lepidoptera","Macroptila_sp_857","Sorocea_jaramilloi","pollen_transport","pollen",6,"pasture regeneration early","Understory","regeneration early"
"OG48","Lepidoptera","Macroptila_sp_857","Souroubea_guianensis","pollen_transport","pollen",55,"old-growth forest","Canopy","old-growth forest"
"CR16","Lepidoptera","Macroptila_sp_857","Stellaria_media","pollen_transport","pollen",8,"cacao regeneration early","Understory","regeneration early"
"OG42","Lepidoptera","Macroptila_sp_857","Stellaria_media","pollen_transport","pollen",55,"old-growth forest","Canopy","old-growth forest"
"OG39","Lepidoptera","Macroptila_sp_857","Stellaria_spc","pollen_transport","pollen",55,"old-growth forest","Canopy","old-growth forest"
"CR16","Lepidoptera","Melese_cf_asana_1041","Acalypha_diversifolia","pollen_transport","pollen",8,"cacao regeneration early","Understory","regeneration early"
"PR30","Lepidoptera","Melese_cf_asana_1041","Cecropia_garciae","pollen_transport","pollen",15,"pasture regeneration late","Understory","regeneration late"
"CA60","Lepidoptera","Melese_cf_asana_1041","Cecropia_insignis","pollen_transport","pollen",0,"active cacao","Understory","regeneration early"
"CR10","Lepidoptera","Melese_cf_asana_1041","Cecropia_insignis","pollen_transport","pollen",24,"cacao regeneration late","Understory","regeneration late"
"CR18","Lepidoptera","Melese_cf_asana_1041","Cecropia_insignis","pollen_transport","pollen",10,"cacao regeneration early","Canopy","regeneration early"
"OG42","Lepidoptera","Melese_cf_asana_1041","Cecropia_insignis","pollen_transport","pollen",55,"old-growth forest","Understory","old-growth forest"
"OG43","Lepidoptera","Melese_cf_asana_1041","Cecropia_insignis","pollen_transport","pollen",55,"old-growth forest","Understory","old-growth forest"
"OG47","Lepidoptera","Melese_cf_asana_1041","Cecropia_insignis","pollen_transport","pollen",55,"old-growth forest","Understory","old-growth forest"
"OG48","Lepidoptera","Melese_cf_asana_1041","Cecropia_insignis","pollen_transport","pollen",55,"old-growth forest","Understory","old-growth forest"
"PA58","Lepidoptera","Melese_cf_asana_1041","Cecropia_insignis","pollen_transport","pollen",0,"active pasture","Understory","regeneration early"
"OG28","Lepidoptera","Melese_cf_asana_1041","Cecropia_insignis","pollen_transport","pollen",55,"old-growth forest","Understory","old-growth forest"
"CR10","Lepidoptera","Melese_cf_asana_1041","Cecropia_spc","pollen_transport","pollen",24,"cacao regeneration late","Understory","regeneration late"
"CR18","Lepidoptera","Melese_cf_asana_1041","Cecropia_spc","pollen_transport","pollen",10,"cacao regeneration early","Understory","regeneration early"
"OG49","Lepidoptera","Melese_cf_asana_1041","Cecropia_spc","pollen_transport","pollen",55,"old-growth forest","Canopy","old-growth forest"
"OG52","Lepidoptera","Melese_cf_asana_1041","Cecropia_spc","pollen_transport","pollen",55,"old-growth forest","Canopy","old-growth forest"
"PA58","Lepidoptera","Melese_cf_asana_1041","Cecropia_spc","pollen_transport","pollen",0,"active pasture","Understory","regeneration early"
"CR16","Lepidoptera","Melese_cf_asana_1041","Cestrum_schlechtendalii","pollen_transport","pollen",8,"cacao regeneration early","Understory","regeneration early"
"OG48","Lepidoptera","Melese_cf_asana_1041","Cestrum_schlechtendalii","pollen_transport","pollen",55,"old-growth forest","Understory","old-growth forest"
"OG49","Lepidoptera","Melese_cf_asana_1041","Cestrum_schlechtendalii","pollen_transport","pollen",55,"old-growth forest","Canopy","old-growth forest"
"PR36","Lepidoptera","Melese_cf_asana_1041","Cestrum_schlechtendalii","pollen_transport","pollen",9,"pasture regeneration early","Understory","regeneration early"
"PR19","Lepidoptera","Melese_cf_asana_1041","Cestrum_spc","pollen_transport","pollen",6,"pasture regeneration early","Understory","regeneration early"
"OG37","Lepidoptera","Melese_cf_asana_1041","Clusia_nemorosa","pollen_transport","pollen",55,"old-growth forest","Understory","old-growth forest"
"OG52","Lepidoptera","Melese_cf_asana_1041","Clusia_spc","pollen_transport","pollen",55,"old-growth forest","Canopy","old-growth forest"
"OG51","Lepidoptera","Melese_cf_asana_1041","Codonanthopsis_crassifolia","pollen_transport","pollen",55,"old-growth forest","Understory","old-growth forest"
"CA60","Lepidoptera","Melese_cf_asana_1041","Coussapoa_villosa","pollen_transport","pollen",0,"active cacao","Understory","regeneration early"
"OG42","Lepidoptera","Melese_cf_asana_1041","Guarea_gentryi","pollen_transport","pollen",55,"old-growth forest","Canopy","old-growth forest"
"CR02","Lepidoptera","Melese_cf_asana_1041","Guarea_kunthiana","pollen_transport","pollen",8,"cacao regeneration early","Understory","regeneration early"
"CR02","Lepidoptera","Melese_cf_asana_1041","Guarea_macrophylla","pollen_transport","pollen",8,"cacao regeneration early","Understory","regeneration early"
"CR06","Lepidoptera","Melese_cf_asana_1041","Guarea_macrophylla","pollen_transport","pollen",33,"cacao regeneration late","Understory","regeneration late"
"OG51","Lepidoptera","Melese_cf_asana_1041","Guarea_macrophylla","pollen_transport","pollen",55,"old-growth forest","Understory","old-growth forest"
"PR22","Lepidoptera","Melese_cf_asana_1041","Guarea_macrophylla","pollen_transport","pollen",12,"pasture regeneration early","Understory","regeneration early"
"OG49","Lepidoptera","Melese_cf_asana_1041","Heisteria_concinna","pollen_transport","pollen",55,"old-growth forest","Canopy","old-growth forest"
"CR18","Lepidoptera","Melese_cf_asana_1041","Heliotropiaceae_spc","pollen_transport","pollen",10,"cacao regeneration early","Understory","regeneration early"
"PR19","Lepidoptera","Melese_cf_asana_1041","Heliotropiaceae_spc","pollen_transport","pollen",6,"pasture regeneration early","Understory","regeneration early"
"CR18","Lepidoptera","Melese_cf_asana_1041","Hieronyma_alchorneoides","pollen_transport","pollen",10,"cacao regeneration early","Canopy","regeneration early"
"OG47","Lepidoptera","Melese_cf_asana_1041","Lamiales_spc","pollen_transport","pollen",55,"old-growth forest","Canopy","old-growth forest"
"CR18","Lepidoptera","Melese_cf_asana_1041","Magnoliopsida_spc","pollen_transport","pollen",10,"cacao regeneration early","Canopy","regeneration early"
"OG37","Lepidoptera","Melese_cf_asana_1041","Magnoliopsida_spc","pollen_transport","pollen",55,"old-growth forest","Understory","old-growth forest"
"OG52","Lepidoptera","Melese_cf_asana_1041","Magnoliopsida_spc","pollen_transport","pollen",55,"old-growth forest","Canopy","old-growth forest"
"CR01","Lepidoptera","Melese_cf_asana_1041","Marcgravia_umbellata","pollen_transport","pollen",6,"cacao regeneration early","Understory","regeneration early"
"CR08","Lepidoptera","Melese_cf_asana_1041","Marcgravia_umbellata","pollen_transport","pollen",27,"cacao regeneration late","Understory","regeneration late"
"OG48","Lepidoptera","Melese_cf_asana_1041","Marcgravia_umbellata","pollen_transport","pollen",55,"old-growth forest","Understory","old-growth forest"
"PR27","Lepidoptera","Melese_cf_asana_1041","Marcgravia_umbellata","pollen_transport","pollen",27,"pasture regeneration late","Understory","regeneration late"
"PR31","Lepidoptera","Melese_cf_asana_1041","Marcgravia_umbellata","pollen_transport","pollen",16,"pasture regeneration late","Understory","regeneration late"
"OG42","Lepidoptera","Melese_cf_asana_1041","Mikania_spc","pollen_transport","pollen",55,"old-growth forest","Canopy","old-growth forest"
"CR02","Lepidoptera","Melese_cf_asana_1041","Parkia_multijuga","pollen_transport","pollen",8,"cacao regeneration early","Understory","regeneration early"
"CR18","Lepidoptera","Melese_cf_asana_1041","Parkia_multijuga","pollen_transport","pollen",10,"cacao regeneration early","Canopy","regeneration early"
"OG42","Lepidoptera","Melese_cf_asana_1041","Parkia_multijuga","pollen_transport","pollen",55,"old-growth forest","Canopy","old-growth forest"
"OG43","Lepidoptera","Melese_cf_asana_1041","Parkia_multijuga","pollen_transport","pollen",55,"old-growth forest","Canopy","old-growth forest"
"OG51","Lepidoptera","Melese_cf_asana_1041","Parkia_multijuga","pollen_transport","pollen",55,"old-growth forest","Understory","old-growth forest"
"PR30","Lepidoptera","Melese_cf_asana_1041","Parkia_multijuga","pollen_transport","pollen",15,"pasture regeneration late","Understory","regeneration late"
"OG43","Lepidoptera","Melese_cf_asana_1041","Peperomia_spc","pollen_transport","pollen",55,"old-growth forest","Canopy","old-growth forest"
"OG51","Lepidoptera","Melese_cf_asana_1041","Pouteria_caimito","pollen_transport","pollen",55,"old-growth forest","Understory","old-growth forest"
"PR22","Lepidoptera","Melese_cf_asana_1041","Pouteria_caimito","pollen_transport","pollen",12,"pasture regeneration early","Understory","regeneration early"
"PR26","Lepidoptera","Melese_cf_asana_1041","Pouteria_caimito","pollen_transport","pollen",28,"pasture regeneration late","Understory","regeneration late"
"CR06","Lepidoptera","Melese_cf_asana_1041","Pouteria_torta","pollen_transport","pollen",33,"cacao regeneration late","Understory","regeneration late"
"CR06","Lepidoptera","Melese_cf_asana_1041","Ruagea_glabra","pollen_transport","pollen",33,"cacao regeneration late","Understory","regeneration late"
"OG42","Lepidoptera","Melese_cf_asana_1041","Ruagea_glabra","pollen_transport","pollen",55,"old-growth forest","Understory","old-growth forest"
"OG44","Lepidoptera","Melese_cf_asana_1041","Sapotaceae_sp_JSA315_spc","pollen_transport","pollen",55,"old-growth forest","Understory","old-growth forest"
"PR22","Lepidoptera","Melese_cf_asana_1041","Sapotaceae_sp_JSA315_spc","pollen_transport","pollen",12,"pasture regeneration early","Understory","regeneration early"
"OG42","Lepidoptera","Melese_cf_asana_1041","Sloanea_spc","pollen_transport","pollen",55,"old-growth forest","Canopy","old-growth forest"
"OG43","Lepidoptera","Melese_cf_asana_1041","Sloanea_spc","pollen_transport","pollen",55,"old-growth forest","Understory","old-growth forest"
"OG51","Lepidoptera","Melese_cf_asana_1041","Sloanea_spc","pollen_transport","pollen",55,"old-growth forest","Understory","old-growth forest"
"OG49","Lepidoptera","Melese_cf_asana_1041","Souroubea_guianensis","pollen_transport","pollen",55,"old-growth forest","Canopy","old-growth forest"
"CA60","Lepidoptera","Melese_cf_asana_1041","Stellaria_media","pollen_transport","pollen",0,"active cacao","Understory","regeneration early"
"CR01","Lepidoptera","Melese_cf_asana_1041","Stellaria_media","pollen_transport","pollen",6,"cacao regeneration early","Understory","regeneration early"
"CR10","Lepidoptera","Melese_cf_asana_1041","Stellaria_media","pollen_transport","pollen",24,"cacao regeneration late","Understory","regeneration late"
"CR12","Lepidoptera","Melese_cf_asana_1041","Stellaria_media","pollen_transport","pollen",15,"cacao regeneration late","Understory","regeneration late"
"CR18","Lepidoptera","Melese_cf_asana_1041","Stellaria_media","pollen_transport","pollen",10,"cacao regeneration early","Canopy","regeneration early"
"PR26","Lepidoptera","Melese_cf_asana_1041","Stellaria_media","pollen_transport","pollen",28,"pasture regeneration late","Understory","regeneration late"
"OG47","Lepidoptera","Melese_cf_asana_1041","Tapirira_guianensis","pollen_transport","pollen",55,"old-growth forest","Canopy","old-growth forest"
"OG28","Lepidoptera","Melese_cf_asana_1041","Tapirira_guianensis","pollen_transport","pollen",55,"old-growth forest","Understory","old-growth forest"
"CR02","Lepidoptera","Melese_cf_asana_1041","Trichilia_pallida","pollen_transport","pollen",8,"cacao regeneration early","Understory","regeneration early"
"CR08","Lepidoptera","Melese_cf_asana_1041","Triplaris_cumingiana","pollen_transport","pollen",27,"cacao regeneration late","Understory","regeneration late"
"OG42","Lepidoptera","Melese_cf_incertus_1044","Cecropia_insignis","pollen_transport","pollen",55,"old-growth forest","Canopy","old-growth forest"
"PR30","Lepidoptera","Melese_cf_incertus_1044","Cecropia_insignis","pollen_transport","pollen",15,"pasture regeneration late","Understory","regeneration late"
"PR21","Lepidoptera","Melese_cf_incertus_1044","Heliotropiaceae_spc","pollen_transport","pollen",36,"pasture regeneration late","Understory","regeneration late"
"CR18","Lepidoptera","Melese_cf_incertus_1044","Hieronyma_alchorneoides","pollen_transport","pollen",10,"cacao regeneration early","Canopy","regeneration early"
"OG48","Lepidoptera","Melese_cf_incertus_1044","Magnoliopsida_spc","pollen_transport","pollen",55,"old-growth forest","Canopy","old-growth forest"
"PR21","Lepidoptera","Melese_cf_incertus_1044","Magnoliopsida_spc","pollen_transport","pollen",36,"pasture regeneration late","Understory","regeneration late"
"PR30","Lepidoptera","Melese_cf_incertus_1044","Magnoliopsida_spc","pollen_transport","pollen",15,"pasture regeneration late","Understory","regeneration late"
"CA59","Lepidoptera","Melese_cf_incertus_1044","Marcgravia_umbellata","pollen_transport","pollen",0,"active cacao","Understory","regeneration early"
"OG48","Lepidoptera","Melese_cf_incertus_1044","Marcgravia_umbellata","pollen_transport","pollen",55,"old-growth forest","Canopy","old-growth forest"
"OG42","Lepidoptera","Melese_cf_incertus_1044","Matayba_sp.1","pollen_transport","pollen",55,"old-growth forest","Canopy","old-growth forest"
"CR18","Lepidoptera","Melese_cf_incertus_1044","Parkia_multijuga","pollen_transport","pollen",10,"cacao regeneration early","Canopy","regeneration early"
"PA55","Lepidoptera","Melese_cf_incertus_1044","Pouteria_reticulata","pollen_transport","pollen",0,"active pasture","Understory","regeneration early"
"PR23","Lepidoptera","Melese_cf_incertus_1044","Pouteria_reticulata","pollen_transport","pollen",1,"pasture regeneration early","Understory","regeneration early"
"PR23","Lepidoptera","Melese_cf_incertus_1044","Pouteria_spc","pollen_transport","pollen",1,"pasture regeneration early","Understory","regeneration early"
"CR02","Lepidoptera","Melese_cf_incertus_1044","Pouteria_torta","pollen_transport","pollen",8,"cacao regeneration early","Understory","regeneration early"
"CR06","Lepidoptera","Melese_cf_incertus_1044","Pouteria_torta","pollen_transport","pollen",33,"cacao regeneration late","Canopy","regeneration late"
"CR14","Lepidoptera","Melese_cf_incertus_1044","Ruagea_glabra","pollen_transport","pollen",38,"cacao regeneration late","Canopy","regeneration late"
"CR02","Lepidoptera","Melese_cf_incertus_1044","Sapotaceae_sp_JSA315_spc","pollen_transport","pollen",8,"cacao regeneration early","Understory","regeneration early"
"OG44","Lepidoptera","Melese_cf_incertus_1044","Sapotaceae_sp_JSA315_spc","pollen_transport","pollen",55,"old-growth forest","Canopy","old-growth forest"
"PR26","Lepidoptera","Melese_cf_incertus_1044","Sapotaceae_sp_JSA315_spc","pollen_transport","pollen",28,"pasture regeneration late","Understory","regeneration late"
"OG44","Lepidoptera","Melese_cf_incertus_1044","Sapotaceae_spc","pollen_transport","pollen",55,"old-growth forest","Canopy","old-growth forest"
"OG48","Lepidoptera","Melese_cf_incertus_1044","Solanum_tuberosum","pollen_transport","pollen",55,"old-growth forest","Canopy","old-growth forest"
"PR30","Lepidoptera","Melese_cf_incertus_1044","Trema_integerrima","pollen_transport","pollen",15,"pasture regeneration late","Understory","regeneration late"
"CR18","Lepidoptera","Melese_nr_intensa_948","Cecropia_spc","pollen_transport","pollen",10,"cacao regeneration early","Understory","regeneration early"
"OG37","Lepidoptera","Melese_nr_intensa_948","Cecropia_spc","pollen_transport","pollen",55,"old-growth forest","Canopy","old-growth forest"
"OG40","Lepidoptera","Melese_nr_intensa_948","Cecropia_spc","pollen_transport","pollen",55,"old-growth forest","Understory","old-growth forest"
"PA53","Lepidoptera","Melese_nr_intensa_948","Cecropia_spc","pollen_transport","pollen",0,"active pasture","Understory","regeneration early"
"OG39","Lepidoptera","Melese_nr_intensa_948","Cestrum_schlechtendalii","pollen_transport","pollen",55,"old-growth forest","Canopy","old-growth forest"
"CR04","Lepidoptera","Melese_nr_intensa_948","Clusia_nemorosa","pollen_transport","pollen",21,"cacao regeneration late","Canopy","regeneration late"
"CR14","Lepidoptera","Melese_nr_intensa_948","Clusia_nemorosa","pollen_transport","pollen",38,"cacao regeneration late","Canopy","regeneration late"
"PR34","Lepidoptera","Melese_nr_intensa_948","Clusia_nemorosa","pollen_transport","pollen",38,"pasture regeneration late","Canopy","regeneration late"
"OG51","Lepidoptera","Melese_nr_intensa_948","Guarea_gentryi","pollen_transport","pollen",55,"old-growth forest","Canopy","old-growth forest"
"PA57","Lepidoptera","Melese_nr_intensa_948","Guarea_macrophylla","pollen_transport","pollen",0,"active pasture","Understory","regeneration early"
"OG41","Lepidoptera","Melese_nr_intensa_948","Heliotropiaceae_spc","pollen_transport","pollen",55,"old-growth forest","Canopy","old-growth forest"
"CR18","Lepidoptera","Melese_nr_intensa_948","Hieronyma_alchorneoides","pollen_transport","pollen",10,"cacao regeneration early","Canopy","regeneration early"
"OG51","Lepidoptera","Melese_nr_intensa_948","Hieronyma_alchorneoides","pollen_transport","pollen",55,"old-growth forest","Canopy","old-growth forest"
"OG37","Lepidoptera","Melese_nr_intensa_948","Magnoliopsida_spc","pollen_transport","pollen",55,"old-growth forest","Canopy","old-growth forest"
"OG41","Lepidoptera","Melese_nr_intensa_948","Magnoliopsida_spc","pollen_transport","pollen",55,"old-growth forest","Canopy","old-growth forest"
"PA53","Lepidoptera","Melese_nr_intensa_948","Magnoliopsida_spc","pollen_transport","pollen",0,"active pasture","Understory","regeneration early"
"CR18","Lepidoptera","Melese_nr_intensa_948","Matayba_sp.1","pollen_transport","pollen",10,"cacao regeneration early","Understory","regeneration early"
"CR04","Lepidoptera","Melese_nr_intensa_948","Palicourea_timbiquensis","pollen_transport","pollen",21,"cacao regeneration late","Understory","regeneration late"
"CR18","Lepidoptera","Melese_nr_intensa_948","Parkia_multijuga","pollen_transport","pollen",10,"cacao regeneration early","Canopy","regeneration early"
"PR26","Lepidoptera","Melese_nr_intensa_948","Parkia_multijuga","pollen_transport","pollen",28,"pasture regeneration late","Understory","regeneration late"
"CR18","Lepidoptera","Melese_nr_intensa_948","Pouteria_reticulata","pollen_transport","pollen",10,"cacao regeneration early","Canopy","regeneration early"
"CR04","Lepidoptera","Melese_nr_intensa_948","Pouteria_torta","pollen_transport","pollen",21,"cacao regeneration late","Understory","regeneration late"
"OG39","Lepidoptera","Melese_nr_intensa_948","Pouteria_torta","pollen_transport","pollen",55,"old-growth forest","Canopy","old-growth forest"
"PA57","Lepidoptera","Melese_nr_intensa_948","Pouteria_torta","pollen_transport","pollen",0,"active pasture","Understory","regeneration early"
"PR24","Lepidoptera","Melese_nr_intensa_948","Pouteria_torta","pollen_transport","pollen",21,"pasture regeneration late","Understory","regeneration late"
"CR04","Lepidoptera","Melese_nr_intensa_948","Sloanea_spc","pollen_transport","pollen",21,"cacao regeneration late","Canopy","regeneration late"
"CR06","Lepidoptera","Melese_nr_intensa_948","Sloanea_spc","pollen_transport","pollen",33,"cacao regeneration late","Canopy","regeneration late"
"OG39","Lepidoptera","Melese_nr_intensa_948","Sloanea_spc","pollen_transport","pollen",55,"old-growth forest","Canopy","old-growth forest"
"OG37","Lepidoptera","Melese_nr_intensa_948","Solanum_tuberosum","pollen_transport","pollen",55,"old-growth forest","Canopy","old-growth forest"
"CR14","Lepidoptera","Melese_nr_intensa_948","Sorocea_jaramilloi","pollen_transport","pollen",38,"cacao regeneration late","Canopy","regeneration late"
"CR04","Lepidoptera","Melese_nr_intensa_948","Strychnos_cogens","pollen_transport","pollen",21,"cacao regeneration late","Canopy","regeneration late"
"CR06","Lepidoptera","Melese_nr_intensa_948","Strychnos_cogens","pollen_transport","pollen",33,"cacao regeneration late","Canopy","regeneration late"
"PR24","Lepidoptera","Melese_nr_intensa_948","Strychnos_cogens","pollen_transport","pollen",21,"pasture regeneration late","Canopy","regeneration late"
"PR24","Lepidoptera","Melese_nr_intensa_948","Trichilia_pallida","pollen_transport","pollen",21,"pasture regeneration late","Canopy","regeneration late"
"PR19","Lepidoptera","Melese_nr_laodamia_947","Sapotaceae_sp_JSA315_spc","pollen_transport","pollen",6,"pasture regeneration early","Understory","regeneration early"
"PR19","Lepidoptera","Melese_nr_laodamia_947","Sapotaceae_spc","pollen_transport","pollen",6,"pasture regeneration early","Understory","regeneration early"
"PA54","Lepidoptera","Melese_nr_laodamia_947","Stellaria_media","pollen_transport","pollen",0,"active pasture","Understory","regeneration early"
"CR02","Lepidoptera","Melese_sp_1023","Asteraceae_spc","pollen_transport","pollen",8,"cacao regeneration early","Understory","regeneration early"
"PA53","Lepidoptera","Melese_sp_1023","Caryophyllaceae_spc","pollen_transport","pollen",0,"active pasture","Understory","regeneration early"
"PA54","Lepidoptera","Melese_sp_1023","Cayaponia_citrullifolia","pollen_transport","pollen",0,"active pasture","Understory","regeneration early"
"PR26","Lepidoptera","Melese_sp_1023","Cayaponia_pilosa","pollen_transport","pollen",28,"pasture regeneration late","Understory","regeneration late"
"PA53","Lepidoptera","Melese_sp_1023","Cecropia_spc","pollen_transport","pollen",0,"active pasture","Understory","regeneration early"
"CA60","Lepidoptera","Melese_sp_1023","Cestrum_schlechtendalii","pollen_transport","pollen",0,"active cacao","Understory","regeneration early"
"CR10","Lepidoptera","Melese_sp_1023","Cestrum_schlechtendalii","pollen_transport","pollen",24,"cacao regeneration late","Understory","regeneration late"
"PR19","Lepidoptera","Melese_sp_1023","Cestrum_spc","pollen_transport","pollen",6,"pasture regeneration early","Understory","regeneration early"
"CR10","Lepidoptera","Melese_sp_1023","Clusia_nemorosa","pollen_transport","pollen",24,"cacao regeneration late","Understory","regeneration late"
"CR11","Lepidoptera","Melese_sp_1023","Clusia_nemorosa","pollen_transport","pollen",23,"cacao regeneration late","Understory","regeneration late"
"OG45","Lepidoptera","Melese_sp_1023","Clusia_nemorosa","pollen_transport","pollen",55,"old-growth forest","Understory","old-growth forest"
"CR02","Lepidoptera","Melese_sp_1023","Guarea_macrophylla","pollen_transport","pollen",8,"cacao regeneration early","Understory","regeneration early"
"PR19","Lepidoptera","Melese_sp_1023","Heliotropiaceae_spc","pollen_transport","pollen",6,"pasture regeneration early","Understory","regeneration early"
"CR18","Lepidoptera","Melese_sp_1023","Hieronyma_alchorneoides","pollen_transport","pollen",10,"cacao regeneration early","Canopy","regeneration early"
"OG51","Lepidoptera","Melese_sp_1023","Ipomoea_philomega","pollen_transport","pollen",55,"old-growth forest","Canopy","old-growth forest"
"PR32","Lepidoptera","Melese_sp_1023","Lamiales_spc","pollen_transport","pollen",16,"pasture regeneration late","Understory","regeneration late"
"OG39","Lepidoptera","Melese_sp_1023","Magnoliopsida_spc","pollen_transport","pollen",55,"old-growth forest","Understory","old-growth forest"
"CR07","Lepidoptera","Melese_sp_1023","Marcgravia_umbellata","pollen_transport","pollen",23,"cacao regeneration late","Understory","regeneration late"
"CR08","Lepidoptera","Melese_sp_1023","Marcgravia_umbellata","pollen_transport","pollen",27,"cacao regeneration late","Understory","regeneration late"
"OG47","Lepidoptera","Melese_sp_1023","Miconia_laxivenula","pollen_transport","pollen",55,"old-growth forest","Understory","old-growth forest"
"CA60","Lepidoptera","Melese_sp_1023","Parkia_multijuga","pollen_transport","pollen",0,"active cacao","Understory","regeneration early"
"CR02","Lepidoptera","Melese_sp_1023","Parkia_multijuga","pollen_transport","pollen",8,"cacao regeneration early","Understory","regeneration early"
"CR18","Lepidoptera","Melese_sp_1023","Parkia_multijuga","pollen_transport","pollen",10,"cacao regeneration early","Understory","regeneration early"
"OG51","Lepidoptera","Melese_sp_1023","Parkia_multijuga","pollen_transport","pollen",55,"old-growth forest","Understory","old-growth forest"
"PR22","Lepidoptera","Melese_sp_1023","Parkia_multijuga","pollen_transport","pollen",12,"pasture regeneration early","Understory","regeneration early"
"PR26","Lepidoptera","Melese_sp_1023","Parkia_multijuga","pollen_transport","pollen",28,"pasture regeneration late","Understory","regeneration late"
"OG42","Lepidoptera","Melese_sp_1023","Pouteria_caimito","pollen_transport","pollen",55,"old-growth forest","Understory","old-growth forest"
"PA57","Lepidoptera","Melese_sp_1023","Pouteria_caimito","pollen_transport","pollen",0,"active pasture","Understory","regeneration early"
"PR23","Lepidoptera","Melese_sp_1023","Pouteria_reticulata","pollen_transport","pollen",1,"pasture regeneration early","Understory","regeneration early"
"CR18","Lepidoptera","Melese_sp_1023","Pouteria_spc","pollen_transport","pollen",10,"cacao regeneration early","Understory","regeneration early"
"OG39","Lepidoptera","Melese_sp_1023","Pouteria_torta","pollen_transport","pollen",55,"old-growth forest","Understory","old-growth forest"
"PR24","Lepidoptera","Melese_sp_1023","Ruagea_glabra","pollen_transport","pollen",21,"pasture regeneration late","Canopy","regeneration late"
"PR23","Lepidoptera","Melese_sp_1023","Sapotaceae_spc","pollen_transport","pollen",1,"pasture regeneration early","Understory","regeneration early"
"CR11","Lepidoptera","Melese_sp_1023","Sorocea_jaramilloi","pollen_transport","pollen",23,"cacao regeneration late","Understory","regeneration late"
"CR07","Lepidoptera","Melese_sp_1023","Souroubea_guianensis","pollen_transport","pollen",23,"cacao regeneration late","Understory","regeneration late"
"PA53","Lepidoptera","Melese_sp_1023","Stellaria_spc","pollen_transport","pollen",0,"active pasture","Understory","regeneration early"
"CR02","Lepidoptera","Melese_sp_1023","Trichilia_pallida","pollen_transport","pollen",8,"cacao regeneration early","Understory","regeneration early"
"CR06","Lepidoptera","Melese_sp_1023","Trichilia_pallida","pollen_transport","pollen",33,"cacao regeneration late","Canopy","regeneration late"
"OG28","Lepidoptera","Melese_sp_1023","Trichilia_pallida","pollen_transport","pollen",55,"old-growth forest","Understory","old-growth forest"
"OG47","Lepidoptera","Melese_sp_1023","Vernonanthura_patens","pollen_transport","pollen",55,"old-growth forest","Understory","old-growth forest"
"CR01","Lepidoptera","Melese_sp_946","Cecropia_insignis","pollen_transport","pollen",6,"cacao regeneration early","Understory","regeneration early"
"CR14","Lepidoptera","Melese_sp_946","Cestrum_schlechtendalii","pollen_transport","pollen",38,"cacao regeneration late","Understory","regeneration late"
"CR01","Lepidoptera","Melese_sp_946","Citharexylum_spc","pollen_transport","pollen",6,"cacao regeneration early","Understory","regeneration early"
"OG38","Lepidoptera","Melese_sp_946","Parkia_multijuga","pollen_transport","pollen",55,"old-growth forest","Canopy","old-growth forest"
"OG49","Lepidoptera","Melese_sp_949","Cestrum_schlechtendalii","pollen_transport","pollen",55,"old-growth forest","Canopy","old-growth forest"
"OG50","Lepidoptera","Melese_sp_949","Cestrum_schlechtendalii","pollen_transport","pollen",55,"old-growth forest","Canopy","old-growth forest"
"OG50","Lepidoptera","Melese_sp_949","Chromolaena_horminoides","pollen_transport","pollen",55,"old-growth forest","Canopy","old-growth forest"
"OG50","Lepidoptera","Melese_sp_949","Magnoliopsida_spc","pollen_transport","pollen",55,"old-growth forest","Canopy","old-growth forest"
"OG49","Lepidoptera","Melese_sp_949","Stellaria_spc","pollen_transport","pollen",55,"old-growth forest","Canopy","old-growth forest"
"OG50","Lepidoptera","Melese_sp_949","Stellaria_spc","pollen_transport","pollen",55,"old-growth forest","Canopy","old-growth forest"
"PR25","Lepidoptera","Ormetica_sp_993","Cecropia_garciae","pollen_transport","pollen",6,"pasture regeneration early","Understory","regeneration early"
"PA58","Lepidoptera","Ormetica_sp_993","Cecropia_insignis","pollen_transport","pollen",0,"active pasture","Understory","regeneration early"
"PR26","Lepidoptera","Ormetica_sp_993","Cecropia_insignis","pollen_transport","pollen",28,"pasture regeneration late","Canopy","regeneration late"
"PR25","Lepidoptera","Ormetica_sp_993","Cecropia_spc","pollen_transport","pollen",6,"pasture regeneration early","Understory","regeneration early"
"PR33","Lepidoptera","Ormetica_sp_993","Cestrum_schlechtendalii","pollen_transport","pollen",1,"pasture regeneration early","Understory","regeneration early"
"PR26","Lepidoptera","Ormetica_sp_993","Erythrina_poeppigiana","pollen_transport","pollen",28,"pasture regeneration late","Canopy","regeneration late"
"PR26","Lepidoptera","Ormetica_sp_993","Fabaceae_spc","pollen_transport","pollen",28,"pasture regeneration late","Canopy","regeneration late"
"PA58","Lepidoptera","Ormetica_sp_993","Magnoliopsida_spc","pollen_transport","pollen",0,"active pasture","Understory","regeneration early"
"CR18","Lepidoptera","Ormetica_sp_993","Morella_pubescens","pollen_transport","pollen",10,"cacao regeneration early","Understory","regeneration early"
"CR18","Lepidoptera","Ormetica_sp_993","Sapotaceae_spc","pollen_transport","pollen",10,"cacao regeneration early","Understory","regeneration early"
"PA58","Lepidoptera","Ormetica_sp_993","Triplaris_cumingiana","pollen_transport","pollen",0,"active pasture","Understory","regeneration early"
"PR21","Lepidoptera","Ormetica_sypilus_2013","Bignoniaceae_spc","pollen_transport","pollen",36,"pasture regeneration late","Canopy","regeneration late"
"CR18","Lepidoptera","Ormetica_sypilus_2013","Cecropia_insignis","pollen_transport","pollen",10,"cacao regeneration early","Canopy","regeneration early"
"OG45","Lepidoptera","Ormetica_sypilus_2013","Cecropia_insignis","pollen_transport","pollen",55,"old-growth forest","Canopy","old-growth forest"
"PR21","Lepidoptera","Ormetica_sypilus_2013","Cecropia_insignis","pollen_transport","pollen",36,"pasture regeneration late","Canopy","regeneration late"
"OG45","Lepidoptera","Ormetica_sypilus_2013","Cecropia_spc","pollen_transport","pollen",55,"old-growth forest","Canopy","old-growth forest"
"PR33","Lepidoptera","Ormetica_sypilus_2013","Cecropia_spc","pollen_transport","pollen",1,"pasture regeneration early","Understory","regeneration early"
"PR33","Lepidoptera","Ormetica_sypilus_2013","Cestrum_schlechtendalii","pollen_transport","pollen",1,"pasture regeneration early","Understory","regeneration early"
"CR18","Lepidoptera","Ormetica_sypilus_2013","Clusia_spc","pollen_transport","pollen",10,"cacao regeneration early","Understory","regeneration early"
"OG43","Lepidoptera","Ormetica_sypilus_2013","Combretum_spc","pollen_transport","pollen",55,"old-growth forest","Canopy","old-growth forest"
"OG45","Lepidoptera","Ormetica_sypilus_2013","Cordia_alliodora","pollen_transport","pollen",55,"old-growth forest","Canopy","old-growth forest"
"CR18","Lepidoptera","Ormetica_sypilus_2013","Dacryodes_cupularis","pollen_transport","pollen",10,"cacao regeneration early","Canopy","regeneration early"
"CR18","Lepidoptera","Ormetica_sypilus_2013","Guarea_gentryi","pollen_transport","pollen",10,"cacao regeneration early","Canopy","regeneration early"
"OG51","Lepidoptera","Ormetica_sypilus_2013","Guarea_gentryi","pollen_transport","pollen",55,"old-growth forest","Canopy","old-growth forest"
"PR29","Lepidoptera","Ormetica_sypilus_2013","Guarea_kunthiana","pollen_transport","pollen",6,"pasture regeneration early","Understory","regeneration early"
"CR18","Lepidoptera","Ormetica_sypilus_2013","Hieronyma_alchorneoides","pollen_transport","pollen",10,"cacao regeneration early","Canopy","regeneration early"
"OG51","Lepidoptera","Ormetica_sypilus_2013","Hieronyma_alchorneoides","pollen_transport","pollen",55,"old-growth forest","Canopy","old-growth forest"
"CR18","Lepidoptera","Ormetica_sypilus_2013","Magnoliopsida_spc","pollen_transport","pollen",10,"cacao regeneration early","Understory","regeneration early"
"PR24","Lepidoptera","Ormetica_sypilus_2013","Matayba_scrobiculata","pollen_transport","pollen",21,"pasture regeneration late","Canopy","regeneration late"
"CR18","Lepidoptera","Ormetica_sypilus_2013","Matayba_sp.1","pollen_transport","pollen",10,"cacao regeneration early","Canopy","regeneration early"
"PA55","Lepidoptera","Ormetica_sypilus_2013","Meliaceae_spc","pollen_transport","pollen",0,"active pasture","Understory","regeneration early"
"PR33","Lepidoptera","Ormetica_sypilus_2013","Myriopus_spc","pollen_transport","pollen",1,"pasture regeneration early","Understory","regeneration early"
"PR24","Lepidoptera","Ormetica_sypilus_2013","Ochroma_pyramidale","pollen_transport","pollen",21,"pasture regeneration late","Canopy","regeneration late"
"CR18","Lepidoptera","Ormetica_sypilus_2013","Parkia_multijuga","pollen_transport","pollen",10,"cacao regeneration early","Canopy","regeneration early"
"PR24","Lepidoptera","Ormetica_sypilus_2013","Pouteria_caimito","pollen_transport","pollen",21,"pasture regeneration late","Canopy","regeneration late"
"OG39","Lepidoptera","Ormetica_sypilus_2013","Pouteria_torta","pollen_transport","pollen",55,"old-growth forest","Canopy","old-growth forest"
"OG39","Lepidoptera","Ormetica_sypilus_2013","Ruagea_glabra","pollen_transport","pollen",55,"old-growth forest","Canopy","old-growth forest"
"PA55","Lepidoptera","Ormetica_sypilus_2013","Sapindales_spc","pollen_transport","pollen",0,"active pasture","Understory","regeneration early"
"PR29","Lepidoptera","Ormetica_sypilus_2013","Sloanea_spc","pollen_transport","pollen",6,"pasture regeneration early","Understory","regeneration early"
"PA55","Lepidoptera","Ormetica_sypilus_2013","Trichilia_pallida","pollen_transport","pollen",0,"active pasture","Understory","regeneration early"
"PR29","Lepidoptera","Ormetica_sypilus_2013","Trichilia_pallida","pollen_transport","pollen",6,"pasture regeneration early","Understory","regeneration early"
"CR11","Lepidoptera","Pelochyta_amyeaderae_1067","Cecropia_insignis","pollen_transport","pollen",23,"cacao regeneration late","Understory","regeneration late"
"PR30","Lepidoptera","Pelochyta_amyeaderae_1067","Cecropia_insignis","pollen_transport","pollen",15,"pasture regeneration late","Understory","regeneration late"
"PR33","Lepidoptera","Pelochyta_amyeaderae_1067","Cecropia_spc","pollen_transport","pollen",1,"pasture regeneration early","Understory","regeneration early"
"OG37","Lepidoptera","Pelochyta_amyeaderae_1067","Clusia_nemorosa","pollen_transport","pollen",55,"old-growth forest","Understory","old-growth forest"
"PR33","Lepidoptera","Pelochyta_amyeaderae_1067","Guarea_bullata","pollen_transport","pollen",1,"pasture regeneration early","Understory","regeneration early"
"CA62","Lepidoptera","Pelochyta_amyeaderae_1067","Guarea_macrophylla","pollen_transport","pollen",0,"active cacao","Understory","regeneration early"
"PR26","Lepidoptera","Pelochyta_amyeaderae_1067","Huberodendron_patinoi","pollen_transport","pollen",28,"pasture regeneration late","Understory","regeneration late"
"CR11","Lepidoptera","Pelochyta_amyeaderae_1067","Ochroma_pyramidale","pollen_transport","pollen",23,"cacao regeneration late","Understory","regeneration late"
"PR30","Lepidoptera","Pelochyta_amyeaderae_1067","Ochroma_pyramidale","pollen_transport","pollen",15,"pasture regeneration late","Understory","regeneration late"
"CA62","Lepidoptera","Pelochyta_amyeaderae_1067","Phacelia_tanacetifolia","pollen_transport","pollen",0,"active cacao","Understory","regeneration early"
"OG39","Lepidoptera","Pelochyta_amyeaderae_1067","Pouteria_torta","pollen_transport","pollen",55,"old-growth forest","Canopy","old-growth forest"
"CR11","Lepidoptera","Pelochyta_amyeaderae_1067","Sorocea_jaramilloi","pollen_transport","pollen",23,"cacao regeneration late","Understory","regeneration late"
"PR30","Lepidoptera","Pelochyta_amyeaderae_1067","Stellaria_media","pollen_transport","pollen",15,"pasture regeneration late","Understory","regeneration late"
"CA62","Lepidoptera","Pelochyta_amyeaderae_1067","Trichilia_pallida","pollen_transport","pollen",0,"active cacao","Understory","regeneration early"
"PR33","Lepidoptera","Pelochyta_amyeaderae_1067","Virola_elongata","pollen_transport","pollen",1,"pasture regeneration early","Understory","regeneration early"
"PA57","Lepidoptera","Pelochyta_sp_1350","Guarea_macrophylla","pollen_transport","pollen",0,"active pasture","Understory","regeneration early"
"CR02","Lepidoptera","Phaeomolis_nr_polystria_956","Guarea_kunthiana","pollen_transport","pollen",8,"cacao regeneration early","Understory","regeneration early"
"CR02","Lepidoptera","Phaeomolis_nr_polystria_956","Parkia_multijuga","pollen_transport","pollen",8,"cacao regeneration early","Understory","regeneration early"
"CR02","Lepidoptera","Phaeomolis_nr_polystria_956","Trichilia_pallida","pollen_transport","pollen",8,"cacao regeneration early","Understory","regeneration early"
"OG45","Lepidoptera","Poecilosoma_sp_785","Caryophyllaceae_spc","pollen_transport","pollen",55,"old-growth forest","Canopy","old-growth forest"
"OG49","Lepidoptera","Poecilosoma_sp_785","Caryophyllaceae_spc","pollen_transport","pollen",55,"old-growth forest","Canopy","old-growth forest"
"CA60","Lepidoptera","Poecilosoma_sp_785","Cecropia_insignis","pollen_transport","pollen",0,"active cacao","Understory","regeneration early"
"OG42","Lepidoptera","Poecilosoma_sp_785","Cecropia_insignis","pollen_transport","pollen",55,"old-growth forest","Canopy","old-growth forest"
"PR36","Lepidoptera","Poecilosoma_sp_785","Cecropia_insignis","pollen_transport","pollen",9,"pasture regeneration early","Understory","regeneration early"
"CA60","Lepidoptera","Poecilosoma_sp_785","Cecropia_spc","pollen_transport","pollen",0,"active cacao","Understory","regeneration early"
"CA61","Lepidoptera","Poecilosoma_sp_785","Cecropia_spc","pollen_transport","pollen",0,"active cacao","Understory","regeneration early"
"OG52","Lepidoptera","Poecilosoma_sp_785","Cecropia_spc","pollen_transport","pollen",55,"old-growth forest","Canopy","old-growth forest"
"CA61","Lepidoptera","Poecilosoma_sp_785","Cestrum_schlechtendalii","pollen_transport","pollen",0,"active cacao","Understory","regeneration early"
"OG49","Lepidoptera","Poecilosoma_sp_785","Cestrum_schlechtendalii","pollen_transport","pollen",55,"old-growth forest","Canopy","old-growth forest"
"OG52","Lepidoptera","Poecilosoma_sp_785","Cestrum_schlechtendalii","pollen_transport","pollen",55,"old-growth forest","Canopy","old-growth forest"
"PA58","Lepidoptera","Poecilosoma_sp_785","Cestrum_schlechtendalii","pollen_transport","pollen",0,"active pasture","Understory","regeneration early"
"PR36","Lepidoptera","Poecilosoma_sp_785","Cestrum_schlechtendalii","pollen_transport","pollen",9,"pasture regeneration early","Understory","regeneration early"
"PR31","Lepidoptera","Poecilosoma_sp_785","Clusia_nemorosa","pollen_transport","pollen",16,"pasture regeneration late","Canopy","regeneration late"
"CA60","Lepidoptera","Poecilosoma_sp_785","Coussapoa_villosa","pollen_transport","pollen",0,"active cacao","Understory","regeneration early"
"OG37","Lepidoptera","Poecilosoma_sp_785","Guarea_cartaguenya","pollen_transport","pollen",55,"old-growth forest","Canopy","old-growth forest"
"OG37","Lepidoptera","Poecilosoma_sp_785","Guarea_spc","pollen_transport","pollen",55,"old-growth forest","Canopy","old-growth forest"
"OG49","Lepidoptera","Poecilosoma_sp_785","Lantana_camara","pollen_transport","pollen",55,"old-growth forest","Canopy","old-growth forest"
"CA61","Lepidoptera","Poecilosoma_sp_785","Lantana_trifolia","pollen_transport","pollen",0,"active cacao","Understory","regeneration early"
"OG37","Lepidoptera","Poecilosoma_sp_785","Magnoliopsida_spc","pollen_transport","pollen",55,"old-growth forest","Canopy","old-growth forest"
"OG45","Lepidoptera","Poecilosoma_sp_785","Magnoliopsida_spc","pollen_transport","pollen",55,"old-growth forest","Canopy","old-growth forest"
"PR27","Lepidoptera","Poecilosoma_sp_785","Marcgravia_umbellata","pollen_transport","pollen",27,"pasture regeneration late","Understory","regeneration late"
"CA60","Lepidoptera","Poecilosoma_sp_785","Parkia_multijuga","pollen_transport","pollen",0,"active cacao","Understory","regeneration early"
"CA61","Lepidoptera","Poecilosoma_sp_785","Parkia_multijuga","pollen_transport","pollen",0,"active cacao","Understory","regeneration early"
"OG42","Lepidoptera","Poecilosoma_sp_785","Parkia_multijuga","pollen_transport","pollen",55,"old-growth forest","Canopy","old-growth forest"
"OG51","Lepidoptera","Poecilosoma_sp_785","Parkia_multijuga","pollen_transport","pollen",55,"old-growth forest","Canopy","old-growth forest"
"OG52","Lepidoptera","Poecilosoma_sp_785","Parkia_multijuga","pollen_transport","pollen",55,"old-growth forest","Canopy","old-growth forest"
"OG47","Lepidoptera","Poecilosoma_sp_785","Stellaria_media","pollen_transport","pollen",55,"old-growth forest","Understory","old-growth forest"
"OG45","Lepidoptera","Poecilosoma_sp_785","Stellaria_spc","pollen_transport","pollen",55,"old-growth forest","Canopy","old-growth forest"
"PR24","Lepidoptera","Poecilosoma_sp_785","Strychnos_cogens","pollen_transport","pollen",21,"pasture regeneration late","Canopy","regeneration late"
"CA59","Lepidoptera","Poliopastea_sp_835","Acalypha_diversifolia","pollen_transport","pollen",0,"active cacao","Understory","regeneration early"
"CR18","Lepidoptera","Poliopastea_sp_835","Cecropia_insignis","pollen_transport","pollen",10,"cacao regeneration early","Canopy","regeneration early"
"PR29","Lepidoptera","Poliopastea_sp_835","Cecropia_insignis","pollen_transport","pollen",6,"pasture regeneration early","Understory","regeneration early"
"OG43","Lepidoptera","Poliopastea_sp_835","Dalbergia_spc","pollen_transport","pollen",55,"old-growth forest","Canopy","old-growth forest"
"CA62","Lepidoptera","Poliopastea_sp_835","Guarea_macrophylla","pollen_transport","pollen",0,"active cacao","Understory","regeneration early"
"OG28","Lepidoptera","Poliopastea_sp_835","Guarea_macrophylla","pollen_transport","pollen",55,"old-growth forest","Canopy","old-growth forest"
"OG28","Lepidoptera","Poliopastea_sp_835","Hieronyma_alchorneoides","pollen_transport","pollen",55,"old-growth forest","Canopy","old-growth forest"
"CA59","Lepidoptera","Poliopastea_sp_835","Mikania_cordifolia","pollen_transport","pollen",0,"active cacao","Understory","regeneration early"
"OG43","Lepidoptera","Poliopastea_sp_835","Tapirira_guianensis","pollen_transport","pollen",55,"old-growth forest","Canopy","old-growth forest"
"OG49","Lepidoptera","Prepiella_pexicera_1326","Cecropia_insignis","pollen_transport","pollen",55,"old-growth forest","Understory","old-growth forest"
"OG49","Lepidoptera","Prepiella_pexicera_1326","Magnoliopsida_spc","pollen_transport","pollen",55,"old-growth forest","Canopy","old-growth forest"
"OG49","Lepidoptera","Prepiella_pexicera_1326","Mikania_spc","pollen_transport","pollen",55,"old-growth forest","Understory","old-growth forest"
"OG28","Lepidoptera","Pseudepimolis_sp_959","Cecropia_reticulata","pollen_transport","pollen",55,"old-growth forest","Canopy","old-growth forest"
"OG28","Lepidoptera","Pseudepimolis_sp_959","Cecropia_spc","pollen_transport","pollen",55,"old-growth forest","Canopy","old-growth forest"
"CR18","Lepidoptera","Pseudosphenoptera_nr_cocho_838","Cecropia_insignis","pollen_transport","pollen",10,"cacao regeneration early","Canopy","regeneration early"
"CR18","Lepidoptera","Pseudosphenoptera_nr_cocho_838","Cecropia_spc","pollen_transport","pollen",10,"cacao regeneration early","Understory","regeneration early"
"OG38","Lepidoptera","Pseudosphenoptera_nr_cocho_838","Garcinia_madruno","pollen_transport","pollen",55,"old-growth forest","Understory","old-growth forest"
"OG42","Lepidoptera","Pseudosphenoptera_nr_cocho_838","Guarea_gentryi","pollen_transport","pollen",55,"old-growth forest","Canopy","old-growth forest"
"OG28","Lepidoptera","Pseudosphenoptera_nr_cocho_838","Guarea_macrophylla","pollen_transport","pollen",55,"old-growth forest","Understory","old-growth forest"
"CR04","Lepidoptera","Pseudosphenoptera_nr_cocho_838","Lamiales_spc","pollen_transport","pollen",21,"cacao regeneration late","Canopy","regeneration late"
"PA55","Lepidoptera","Pseudosphenoptera_nr_cocho_838","Meliaceae_spc","pollen_transport","pollen",0,"active pasture","Understory","regeneration early"
"CR18","Lepidoptera","Pseudosphenoptera_nr_cocho_838","Parkia_multijuga","pollen_transport","pollen",10,"cacao regeneration early","Canopy","regeneration early"
"OG42","Lepidoptera","Pseudosphenoptera_nr_cocho_838","Ruagea_glabra","pollen_transport","pollen",55,"old-growth forest","Canopy","old-growth forest"
"PA55","Lepidoptera","Pseudosphenoptera_nr_cocho_838","Sapindales_spc","pollen_transport","pollen",0,"active pasture","Understory","regeneration early"
"CR02","Lepidoptera","Pseudosphenoptera_nr_cocho_838","Stellaria_media","pollen_transport","pollen",8,"cacao regeneration early","Understory","regeneration early"
"PA55","Lepidoptera","Pseudosphenoptera_nr_cocho_838","Trichilia_pallida","pollen_transport","pollen",0,"active pasture","Understory","regeneration early"
"CR18","Lepidoptera","Pseudosphenoptera_nr_cocho_838","Vernonanthura_patens","pollen_transport","pollen",10,"cacao regeneration early","Understory","regeneration early"
"PR26","Lepidoptera","Rhabdatomis_sp_1055","Pouteria_lucumifolia","pollen_transport","pollen",28,"pasture regeneration late","Canopy","regeneration late"
"CR14","Lepidoptera","Robinsonia_deiopea_962","Cestrum_schlechtendalii","pollen_transport","pollen",38,"cacao regeneration late","Canopy","regeneration late"
"CR04","Lepidoptera","Robinsonia_deiopea_962","Sloanea_spc","pollen_transport","pollen",21,"cacao regeneration late","Canopy","regeneration late"
"OG43","Lepidoptera","Saurita_(Valvaminor)_nr_temenus_1125","Adenostemma_spc","pollen_transport","pollen",55,"old-growth forest","Canopy","old-growth forest"
"CR18","Lepidoptera","Saurita_cf_tipulina_1145","Adenostemma_spc","pollen_transport","pollen",10,"cacao regeneration early","Canopy","regeneration early"
"CA60","Lepidoptera","Saurita_cf_tipulina_1145","Cecropia_insignis","pollen_transport","pollen",0,"active cacao","Understory","regeneration early"
"CA60","Lepidoptera","Saurita_cf_tipulina_1145","Cecropia_pachystachya","pollen_transport","pollen",0,"active cacao","Understory","regeneration early"
"CA60","Lepidoptera","Saurita_cf_tipulina_1145","Cecropia_utcubambana","pollen_transport","pollen",0,"active cacao","Understory","regeneration early"
"CR18","Lepidoptera","Saurita_cf_tipulina_1145","Hieronyma_alchorneoides","pollen_transport","pollen",10,"cacao regeneration early","Canopy","regeneration early"
"PR23","Lepidoptera","Saurita_cf_tipulina_1145","Magnoliopsida_spc","pollen_transport","pollen",1,"pasture regeneration early","Understory","regeneration early"
"CR18","Lepidoptera","Saurita_cf_tipulina_1145","Mikania_micrantha","pollen_transport","pollen",10,"cacao regeneration early","Canopy","regeneration early"
"PR23","Lepidoptera","Saurita_cf_tipulina_1145","Pouteria_reticulata","pollen_transport","pollen",1,"pasture regeneration early","Understory","regeneration early"
"PR23","Lepidoptera","Saurita_cf_tipulina_1145","Pouteria_spc","pollen_transport","pollen",1,"pasture regeneration early","Understory","regeneration early"
"CR18","Lepidoptera","Saurita_cf_tipulina_1145","Stellaria_media","pollen_transport","pollen",10,"cacao regeneration early","Canopy","regeneration early"
"CR18","Lepidoptera","Scaptius_nr_vinasia_965","Cecropia_insignis","pollen_transport","pollen",10,"cacao regeneration early","Canopy","regeneration early"
"OG51","Lepidoptera","Scaptius_nr_vinasia_965","Guarea_gentryi","pollen_transport","pollen",55,"old-growth forest","Understory","old-growth forest"
"CR02","Lepidoptera","Scaptius_nr_vinasia_965","Guarea_kunthiana","pollen_transport","pollen",8,"cacao regeneration early","Understory","regeneration early"
"CR02","Lepidoptera","Scaptius_nr_vinasia_965","Hieronyma_alchorneoides","pollen_transport","pollen",8,"cacao regeneration early","Understory","regeneration early"
"CR18","Lepidoptera","Scaptius_nr_vinasia_965","Parkia_multijuga","pollen_transport","pollen",10,"cacao regeneration early","Canopy","regeneration early"
"OG51","Lepidoptera","Scaptius_nr_vinasia_965","Parkia_multijuga","pollen_transport","pollen",55,"old-growth forest","Canopy","old-growth forest"
"OG49","Lepidoptera","Scaptius_nr_vinasia_965","Piper_hispidum","pollen_transport","pollen",55,"old-growth forest","Canopy","old-growth forest"
"CR06","Lepidoptera","Scaptius_nr_vinasia_965","Pouteria_torta","pollen_transport","pollen",33,"cacao regeneration late","Understory","regeneration late"
"OG51","Lepidoptera","Scaptius_nr_vinasia_965","Sapotaceae_sp_JSA315_spc","pollen_transport","pollen",55,"old-growth forest","Canopy","old-growth forest"
"OG49","Lepidoptera","Scaptius_nr_vinasia_965","Stellaria_spc","pollen_transport","pollen",55,"old-growth forest","Canopy","old-growth forest"
"CR02","Lepidoptera","Scaptius_nr_vinasia_965","Trichilia_pallida","pollen_transport","pollen",8,"cacao regeneration early","Understory","regeneration early"
"CA60","Lepidoptera","Sciopsyche_nr_tropica_2009","Asteraceae_spc","pollen_transport","pollen",0,"active cacao","Understory","regeneration early"
"CR06","Lepidoptera","Sychesia_naias_966","Stellaria_media","pollen_transport","pollen",33,"cacao regeneration late","Canopy","regeneration late"
"OG28","Lepidoptera","Symphlebia_tessellata_1260","Ficus_pertusa","pollen_transport","pollen",55,"old-growth forest","Understory","old-growth forest"
"OG41","Lepidoptera","Symphlebia_tessellata_1260","Guarea_cartaguenya","pollen_transport","pollen",55,"old-growth forest","Understory","old-growth forest"
"CR02","Lepidoptera","Symphlebia_tessellata_1260","Guarea_kunthiana","pollen_transport","pollen",8,"cacao regeneration early","Understory","regeneration early"
"OG28","Lepidoptera","Symphlebia_tessellata_1260","Guarea_macrophylla","pollen_transport","pollen",55,"old-growth forest","Understory","old-growth forest"
"OG41","Lepidoptera","Symphlebia_tessellata_1260","Guarea_spc","pollen_transport","pollen",55,"old-growth forest","Understory","old-growth forest"
"OG41","Lepidoptera","Symphlebia_tessellata_1260","Magnoliopsida_spc","pollen_transport","pollen",55,"old-growth forest","Understory","old-growth forest"
"PA55","Lepidoptera","Symphlebia_tessellata_1260","Meliaceae_spc","pollen_transport","pollen",0,"active pasture","Understory","regeneration early"
"OG51","Lepidoptera","Symphlebia_tessellata_1260","Pouteria_caimito","pollen_transport","pollen",55,"old-growth forest","Understory","old-growth forest"
"PR26","Lepidoptera","Symphlebia_tessellata_1260","Sapotaceae_sp_JSA315_spc","pollen_transport","pollen",28,"pasture regeneration late","Understory","regeneration late"
"PA55","Lepidoptera","Symphlebia_tessellata_1260","Sapotaceae_spc","pollen_transport","pollen",0,"active pasture","Understory","regeneration early"
"CR02","Lepidoptera","Symphlebia_tessellata_1260","Trichilia_pallida","pollen_transport","pollen",8,"cacao regeneration early","Understory","regeneration early"
"OG28","Lepidoptera","Symphlebia_tessellata_1260","Virola_elongata","pollen_transport","pollen",55,"old-growth forest","Understory","old-growth forest"
"PA53","Lepidoptera","Talara_cf_minynthadia_1336","Fabaceae_spc","pollen_transport","pollen",0,"active pasture","Understory","regeneration early"
"OG37","Lepidoptera","Talara_cf_minynthadia_1336","Magnoliopsida_spc","pollen_transport","pollen",55,"old-growth forest","Canopy","old-growth forest"
"PA53","Lepidoptera","Talara_cf_minynthadia_1336","Paullinia_clathrata","pollen_transport","pollen",0,"active pasture","Understory","regeneration early"
"CR18","Lepidoptera","Talara_cf_minynthadia_1336","Pouteria_reticulata","pollen_transport","pollen",10,"cacao regeneration early","Canopy","regeneration early"
"OG49","Lepidoptera","Talara_semiflava_882","Cecropia_insignis","pollen_transport","pollen",55,"old-growth forest","Understory","old-growth forest"
"OG49","Lepidoptera","Talara_semiflava_882","Heisteria_concinna","pollen_transport","pollen",55,"old-growth forest","Understory","old-growth forest"
"CR18","Lepidoptera","Telioneura_nr_glaucopis_843","Hieronyma_alchorneoides","pollen_transport","pollen",10,"cacao regeneration early","Understory","regeneration early"
"CR18","Lepidoptera","Theages_decorum_1278","Cecropia_insignis","pollen_transport","pollen",10,"cacao regeneration early","Canopy","regeneration early"
"CA61","Lepidoptera","Theages_decorum_1278","Cestrum_schlechtendalii","pollen_transport","pollen",0,"active cacao","Understory","regeneration early"
"CR04","Lepidoptera","Theages_decorum_1278","Garcinia_madruno","pollen_transport","pollen",21,"cacao regeneration late","Understory","regeneration late"
"OG40","Lepidoptera","Theages_decorum_1278","Guarea_spc","pollen_transport","pollen",55,"old-growth forest","Canopy","old-growth forest"
"CR04","Lepidoptera","Theages_decorum_1278","Heliotropiaceae_spc","pollen_transport","pollen",21,"cacao regeneration late","Understory","regeneration late"
"CR18","Lepidoptera","Theages_decorum_1278","Hieronyma_alchorneoides","pollen_transport","pollen",10,"cacao regeneration early","Canopy","regeneration early"
"CR18","Lepidoptera","Theages_decorum_1278","Hyeronima_alchorneoides","pollen_transport","pollen",10,"cacao regeneration early","Canopy","regeneration early"
"OG41","Lepidoptera","Theages_decorum_1278","Magnoliopsida_spc","pollen_transport","pollen",55,"old-growth forest","Understory","old-growth forest"
"PR27","Lepidoptera","Theages_decorum_1278","Marcgravia_umbellata","pollen_transport","pollen",27,"pasture regeneration late","Understory","regeneration late"
"OG40","Lepidoptera","Theages_decorum_1278","Meliaceae_spc","pollen_transport","pollen",55,"old-growth forest","Canopy","old-growth forest"
"CR18","Lepidoptera","Theages_decorum_1278","Orchidaceae_spc","pollen_transport","pollen",10,"cacao regeneration early","Understory","regeneration early"
"CR18","Lepidoptera","Theages_decorum_1278","Parkia_multijuga","pollen_transport","pollen",10,"cacao regeneration early","Canopy","regeneration early"
"CR18","Lepidoptera","Theages_decorum_1278","Piper_marginatum","pollen_transport","pollen",10,"cacao regeneration early","Canopy","regeneration early"
"OG39","Lepidoptera","Theages_decorum_1278","Pouteria_torta","pollen_transport","pollen",55,"old-growth forest","Understory","old-growth forest"
"PR24","Lepidoptera","Theages_decorum_1278","Pouteria_torta","pollen_transport","pollen",21,"pasture regeneration late","Understory","regeneration late"
"OG40","Lepidoptera","Theages_decorum_1278","Ruagea_glabra","pollen_transport","pollen",55,"old-growth forest","Canopy","old-growth forest"
"CR18","Lepidoptera","Theages_decorum_1278","Sievekingia_rhonhofiae","pollen_transport","pollen",10,"cacao regeneration early","Understory","regeneration early"
"CR18","Lepidoptera","Theages_decorum_1278","Sievekingia_spc","pollen_transport","pollen",10,"cacao regeneration early","Understory","regeneration early"
"OG28","Lepidoptera","Trichromia_cardinalis_gr_974","Cecropia_insignis","pollen_transport","pollen",55,"old-growth forest","Canopy","old-growth forest"
"OG28","Lepidoptera","Trichromia_cardinalis_gr_974","Mikania_cordifolia","pollen_transport","pollen",55,"old-growth forest","Canopy","old-growth forest"
"OG51","Lepidoptera","Trichromia_cardinalis_gr_974","Parkia_multijuga","pollen_transport","pollen",55,"old-growth forest","Canopy","old-growth forest"
"OG28","Lepidoptera","Trichromia_cardinalis_gr_974","Trichilia_pallida","pollen_transport","pollen",55,"old-growth forest","Canopy","old-growth forest"
"CR04","Lepidoptera","Trichromia_cf_atta_970","Chrysophyllum_eximium","pollen_transport","pollen",21,"cacao regeneration late","Canopy","regeneration late"
"PR33","Lepidoptera","Trichromia_nr_discophora_973","Cecropia_insignis","pollen_transport","pollen",1,"pasture regeneration early","Understory","regeneration early"
"PR33","Lepidoptera","Trichromia_nr_discophora_973","Cecropia_spc","pollen_transport","pollen",1,"pasture regeneration early","Understory","regeneration early"
"PR33","Lepidoptera","Trichromia_nr_discophora_973","Heliotropiaceae_spc","pollen_transport","pollen",1,"pasture regeneration early","Understory","regeneration early"
"PR33","Lepidoptera","Trichromia_nr_discophora_973","Magnoliopsida_spc","pollen_transport","pollen",1,"pasture regeneration early","Understory","regeneration early"
"PR33","Lepidoptera","Trichromia_nr_discophora_973","Sapotaceae_spc","pollen_transport","pollen",1,"pasture regeneration early","Understory","regeneration early"
"OG39","Lepidoptera","Trichromia_nr_discophora_973","Strychnos_cogens","pollen_transport","pollen",55,"old-growth forest","Canopy","old-growth forest"
"CA62","Lepidoptera","Trichromia_nr_rhodocraspis_971","Guarea_macrophylla","pollen_transport","pollen",0,"active cacao","Understory","regeneration early"
"PR36","Lepidoptera","Trichromia_sp_969","Cestrum_schlechtendalii","pollen_transport","pollen",9,"pasture regeneration early","Understory","regeneration early"
"OG47","Lepidoptera","Trichromia_sp_972","Cestrum_schlechtendalii","pollen_transport","pollen",55,"old-growth forest","Canopy","old-growth forest"
"OG43","Lepidoptera","Trichromia_sp_972","Clusia_nemorosa","pollen_transport","pollen",55,"old-growth forest","Understory","old-growth forest"
"OG47","Lepidoptera","Trichromia_sp_972","Clusia_nemorosa","pollen_transport","pollen",55,"old-growth forest","Canopy","old-growth forest"
"OG43","Lepidoptera","Trichromia_sp_972","Tapirira_guianensis","pollen_transport","pollen",55,"old-growth forest","Understory","old-growth forest"
"OG49","Lepidoptera","Trichromia_sp_976","Caryophyllaceae_spc","pollen_transport","pollen",55,"old-growth forest","Canopy","old-growth forest"
"OG49","Lepidoptera","Trichromia_sp_976","Cestrum_schlechtendalii","pollen_transport","pollen",55,"old-growth forest","Canopy","old-growth forest"
"OG49","Lepidoptera","Trichromia_sp_976","Magnoliopsida_spc","pollen_transport","pollen",55,"old-growth forest","Canopy","old-growth forest"
"PA53","Lepidoptera","Watsonidia_reimonan_982","Cecropia_spc","pollen_transport","pollen",0,"active pasture","Understory","regeneration early"
"PA53","Lepidoptera","Watsonidia_reimonan_982","Clusia_spc","pollen_transport","pollen",0,"active pasture","Understory","regeneration early"
"PA53","Lepidoptera","Watsonidia_reimonan_982","Croton_lechleri","pollen_transport","pollen",0,"active pasture","Understory","regeneration early"
"PA53","Lepidoptera","Watsonidia_reimonan_982","Magnoliopsida_spc","pollen_transport","pollen",0,"active pasture","Understory","regeneration early"
"OG39","Lepidoptera","Watsonidia_reimonan_982","Pouteria_torta","pollen_transport","pollen",55,"old-growth forest","Understory","old-growth forest"
"OG39","Lepidoptera","Watsonidia_reimonan_982","Sloanea_spc","pollen_transport","pollen",55,"old-growth forest","Canopy","old-growth forest"
"CR18","Lepidoptera","Xylophanes_thyelia_117","Acalypha_diversifolia","pollen_transport","pollen",10,"cacao regeneration early","Canopy","regeneration early"
"PR20","Lepidoptera","Manduca_florestan_112","Acalypha_diversifolia","pollen_transport","pollen",4,"pasture regeneration early","Understory","regeneration early"
"PR20","Lepidoptera","Xylophanes_corpus_124","Acalypha_diversifolia","pollen_transport","pollen",4,"pasture regeneration early","Understory","regeneration early"
"PA57","Lepidoptera","Manduca_peggyae_108","Alchorneopsis_floribunda","pollen_transport","pollen",0,"active pasture","Understory","regeneration early"
"CA62","Lepidoptera","Callionima_pan_pan_102","Apocynaceae_spc","pollen_transport","pollen",0,"active cacao","Understory","regeneration early"
"PR36","Lepidoptera","Xylophanes_sp_118","Bauhinia_pichinchensis","pollen_transport","pollen",9,"pasture regeneration early","Understory","regeneration early"
"PR23","Lepidoptera","Xylophanes_corpus_124","Brownea_multijuga","pollen_transport","pollen",1,"pasture regeneration early","Understory","regeneration early"
"PA54","Lepidoptera","Adhemarius_daphne_101","Carica_papaya","pollen_transport","pollen",0,"active pasture","Understory","regeneration early"
"PA56","Lepidoptera","Xylophanes_sp_123","Carica_papaya","pollen_transport","pollen",0,"active pasture","Understory","regeneration early"
"PA53","Lepidoptera","Xylophanes_corpus_124","Caryophyllaceae_spc","pollen_transport","pollen",0,"active pasture","Understory","regeneration early"
"PA57","Lepidoptera","Manduca_peggyae_108","Caryophyllaceae_spc","pollen_transport","pollen",0,"active pasture","Understory","regeneration early"
"OG44","Lepidoptera","Callionima_pan_pan_102","Castilla_tunu","pollen_transport","pollen",55,"old-growth forest","Canopy","old-growth forest"
"PA56","Lepidoptera","Xylophanes_sp_123","Cayaponia_austin-smithii","pollen_transport","pollen",0,"active pasture","Understory","regeneration early"
"OG39","Lepidoptera","Adhemarius_daphne_101","Cayaponia_pilosa","pollen_transport","pollen",55,"old-growth forest","Canopy","old-growth forest"
"CR03","Lepidoptera","Adhemarius_daphne_101","Cecropia_insignis","pollen_transport","pollen",5,"cacao regeneration early","Understory","regeneration early"
"CR04","Lepidoptera","Protambulyx_eurycles_115","Cecropia_insignis","pollen_transport","pollen",21,"cacao regeneration late","Understory","regeneration late"
"CR14","Lepidoptera","Xylophanes_sp_139","Cecropia_insignis","pollen_transport","pollen",38,"cacao regeneration late","Canopy","regeneration late"
"CR18","Lepidoptera","Xylophanes_thyelia_117","Cecropia_insignis","pollen_transport","pollen",10,"cacao regeneration early","Canopy","regeneration early"
"OG38","Lepidoptera","Xylophanes_thyelia_117","Cecropia_insignis","pollen_transport","pollen",55,"old-growth forest","Understory","old-growth forest"
"PA56","Lepidoptera","Xylophanes_sp_123","Cecropia_insignis","pollen_transport","pollen",0,"active pasture","Understory","regeneration early"
"PA57","Lepidoptera","Callionima_pan_pan_102","Cecropia_insignis","pollen_transport","pollen",0,"active pasture","Understory","regeneration early"
"PR23","Lepidoptera","Manduca_florestan_112","Cecropia_insignis","pollen_transport","pollen",1,"pasture regeneration early","Understory","regeneration early"
"PR33","Lepidoptera","Cocytius_duponchel_109","Cecropia_insignis","pollen_transport","pollen",1,"pasture regeneration early","Understory","regeneration early"
"PR33","Lepidoptera","Xylophanes_corpus_124","Cecropia_insignis","pollen_transport","pollen",1,"pasture regeneration early","Understory","regeneration early"
"PR36","Lepidoptera","Xylophanes_sp_118","Cecropia_insignis","pollen_transport","pollen",9,"pasture regeneration early","Understory","regeneration early"
"PA53","Lepidoptera","Cocytius_duponchel_109","Cecropia_spc","pollen_transport","pollen",0,"active pasture","Understory","regeneration early"
"PA53","Lepidoptera","Xylophanes_corpus_124","Cecropia_spc","pollen_transport","pollen",0,"active pasture","Understory","regeneration early"
"OG38","Lepidoptera","Pachylia_darceta_113","Clusia_magnoliiflora","pollen_transport","pollen",55,"old-growth forest","Canopy","old-growth forest"
"CR04","Lepidoptera","Protambulyx_eurycles_115","Clusia_nemorosa","pollen_transport","pollen",21,"cacao regeneration late","Understory","regeneration late"
"OG38","Lepidoptera","Callionima_pan_pan_102","Clusia_nemorosa","pollen_transport","pollen",55,"old-growth forest","Canopy","old-growth forest"
"OG38","Lepidoptera","Pachylia_darceta_113","Clusia_nemorosa","pollen_transport","pollen",55,"old-growth forest","Canopy","old-growth forest"
"OG38","Lepidoptera","Xylophanes_loelia_121","Clusia_nemorosa","pollen_transport","pollen",55,"old-growth forest","Understory","old-growth forest"
"OG38","Lepidoptera","Xylophanes_titana_120","Clusia_nemorosa","pollen_transport","pollen",55,"old-growth forest","Canopy","old-growth forest"
"OG39","Lepidoptera","Callionima_pan_pan_102","Clusia_nemorosa","pollen_transport","pollen",55,"old-growth forest","Canopy","old-growth forest"
"OG39","Lepidoptera","Protambulyx_eurycles_115","Clusia_nemorosa","pollen_transport","pollen",55,"old-growth forest","Canopy","old-growth forest"
"OG39","Lepidoptera","Xylophanes_titana_120","Clusia_nemorosa","pollen_transport","pollen",55,"old-growth forest","Understory","old-growth forest"
"OG43","Lepidoptera","Xylophanes_corpus_124","Clusia_nemorosa","pollen_transport","pollen",55,"old-growth forest","Canopy","old-growth forest"
"PA57","Lepidoptera","Adhemarius_daphne_101","Clusia_nemorosa","pollen_transport","pollen",0,"active pasture","Understory","regeneration early"
"PA58","Lepidoptera","Xylophanes_corpus_124","Clusia_nemorosa","pollen_transport","pollen",0,"active pasture","Understory","regeneration early"
"PR20","Lepidoptera","Manduca_florestan_112","Clusia_nemorosa","pollen_transport","pollen",4,"pasture regeneration early","Understory","regeneration early"
"PR20","Lepidoptera","Xylophanes_corpus_124","Clusia_nemorosa","pollen_transport","pollen",4,"pasture regeneration early","Understory","regeneration early"
"PR25","Lepidoptera","Callionima_pan_pan_102","Clusia_nemorosa","pollen_transport","pollen",6,"pasture regeneration early","Understory","regeneration early"
"PR34","Lepidoptera","Xylophanes_thyelia_117","Clusia_nemorosa","pollen_transport","pollen",38,"pasture regeneration late","Canopy","regeneration late"
"OG38","Lepidoptera","Callionima_pan_pan_102","Clusia_spc","pollen_transport","pollen",55,"old-growth forest","Canopy","old-growth forest"
"PA53","Lepidoptera","Protambulyx_eurycles_115","Clusia_spc","pollen_transport","pollen",0,"active pasture","Understory","regeneration early"
"PA57","Lepidoptera","Adhemarius_daphne_101","Clusia_spc","pollen_transport","pollen",0,"active pasture","Understory","regeneration early"
"OG48","Lepidoptera","Manduca_dalica_107","Compsoneura_mutisii","pollen_transport","pollen",55,"old-growth forest","Canopy","old-growth forest"
"PR23","Lepidoptera","Manduca_florestan_112","Compsoneura_mutisii","pollen_transport","pollen",1,"pasture regeneration early","Understory","regeneration early"
"CR04","Lepidoptera","Manduca_florestan_112","Cosmibuena_grandiflora","pollen_transport","pollen",21,"cacao regeneration late","Canopy","regeneration late"
"CR08","Lepidoptera","Manduca_sp_142","Cosmibuena_grandiflora","pollen_transport","pollen",27,"cacao regeneration late","Understory","regeneration late"
"OG39","Lepidoptera","Manduca_florestan_112","Cosmibuena_grandiflora","pollen_transport","pollen",55,"old-growth forest","Canopy","old-growth forest"
"PR23","Lepidoptera","Manduca_florestan_112","Cosmibuena_grandiflora","pollen_transport","pollen",1,"pasture regeneration early","Understory","regeneration early"
"PR33","Lepidoptera","Manduca_florestan_112","Cosmibuena_grandiflora","pollen_transport","pollen",1,"pasture regeneration early","Understory","regeneration early"
"PR33","Lepidoptera","Pachylia_darceta_113","Cosmibuena_grandiflora","pollen_transport","pollen",1,"pasture regeneration early","Understory","regeneration early"
"OG38","Lepidoptera","Xylophanes_sp_118","Cosmibuena_valerioi","pollen_transport","pollen",55,"old-growth forest","Understory","old-growth forest"
"PR34","Lepidoptera","Xylophanes_corpus_124","Coussarea_latifolia","pollen_transport","pollen",38,"pasture regeneration late","Canopy","regeneration late"
"PA57","Lepidoptera","Callionima_pan_pan_102","Dussia_lehmannii","pollen_transport","pollen",0,"active pasture","Understory","regeneration early"
"PR23","Lepidoptera","Xylophanes_thyelia_117","Guarea_cartaguenya","pollen_transport","pollen",1,"pasture regeneration early","Understory","regeneration early"
"PA57","Lepidoptera","Adhemarius_daphne_101","Ipomoea_philomega","pollen_transport","pollen",0,"active pasture","Understory","regeneration early"
"PR33","Lepidoptera","Cocytius_duponchel_109","Ipomoea_philomega","pollen_transport","pollen",1,"pasture regeneration early","Understory","regeneration early"
"CR04","Lepidoptera","Manduca_florestan_112","Isertia_laevis","pollen_transport","pollen",21,"cacao regeneration late","Canopy","regeneration late"
"CR14","Lepidoptera","Xylophanes_sp_139","Isertia_laevis","pollen_transport","pollen",38,"cacao regeneration late","Canopy","regeneration late"
"PA53","Lepidoptera","Cocytius_duponchel_109","Isertia_laevis","pollen_transport","pollen",0,"active pasture","Understory","regeneration early"
"PR23","Lepidoptera","Manduca_florestan_112","Isertia_laevis","pollen_transport","pollen",1,"pasture regeneration early","Understory","regeneration early"
"CR04","Lepidoptera","Manduca_florestan_112","Isertia_spc","pollen_transport","pollen",21,"cacao regeneration late","Canopy","regeneration late"
"CR14","Lepidoptera","Xylophanes_sp_139","Isertia_spc","pollen_transport","pollen",38,"cacao regeneration late","Canopy","regeneration late"
"OG48","Lepidoptera","Manduca_dalica_107","Isertia_spc","pollen_transport","pollen",55,"old-growth forest","Canopy","old-growth forest"
"PA53","Lepidoptera","Cocytius_duponchel_109","Isertia_spc","pollen_transport","pollen",0,"active pasture","Understory","regeneration early"
"CR18","Lepidoptera","Xylophanes_thyelia_117","Jacaratia_spinosa","pollen_transport","pollen",10,"cacao regeneration early","Canopy","regeneration early"
"OG38","Lepidoptera","Xylophanes_thyelia_117","Jacaratia_spinosa","pollen_transport","pollen",55,"old-growth forest","Understory","old-growth forest"
"CR04","Lepidoptera","Manduca_florestan_112","Magnoliopsida_spc","pollen_transport","pollen",21,"cacao regeneration late","Canopy","regeneration late"
"OG38","Lepidoptera","Xylophanes_thyelia_117","Magnoliopsida_spc","pollen_transport","pollen",55,"old-growth forest","Understory","old-growth forest"
"OG44","Lepidoptera","Callionima_pan_pan_102","Magnoliopsida_spc","pollen_transport","pollen",55,"old-growth forest","Canopy","old-growth forest"
"PA53","Lepidoptera","Protambulyx_eurycles_115","Magnoliopsida_spc","pollen_transport","pollen",0,"active pasture","Understory","regeneration early"
"CA60","Lepidoptera","Protambulyx_sp_116","Ochroma_pyramidale","pollen_transport","pollen",0,"active cacao","Understory","regeneration early"
"CR08","Lepidoptera","Manduca_sp_142","Ochroma_pyramidale","pollen_transport","pollen",27,"cacao regeneration late","Understory","regeneration late"
"PR36","Lepidoptera","Xylophanes_sp_118","Phanera_spc","pollen_transport","pollen",9,"pasture regeneration early","Understory","regeneration early"
"PR23","Lepidoptera","Oryba_kadeni_127","Piper_appendiculatum","pollen_transport","pollen",1,"pasture regeneration early","Understory","regeneration early"
"PR23","Lepidoptera","Manduca_florestan_112","Piper_xanthostachyum","pollen_transport","pollen",1,"pasture regeneration early","Understory","regeneration early"
"CA60","Lepidoptera","Protambulyx_sp_116","Plukenetia_lehmanniana","pollen_transport","pollen",0,"active cacao","Understory","regeneration early"
"OG38","Lepidoptera","Xylophanes_zurcheri_122","Pulmonaria_collina","pollen_transport","pollen",55,"old-growth forest","Understory","old-growth forest"
"CA62","Lepidoptera","Callionima_pan_pan_102","Quararibea_spc","pollen_transport","pollen",0,"active cacao","Understory","regeneration early"
"PA57","Lepidoptera","Callionima_pan_pan_102","Quararibea_spc","pollen_transport","pollen",0,"active pasture","Understory","regeneration early"
"CR04","Lepidoptera","Manduca_florestan_112","Rubiaceae_spc","pollen_transport","pollen",21,"cacao regeneration late","Canopy","regeneration late"
"OG37","Lepidoptera","Manduca_dalica_107","Rubiaceae_spc","pollen_transport","pollen",55,"old-growth forest","Canopy","old-growth forest"
"PA57","Lepidoptera","Manduca_sp_141","Schultesianthus_coriaceus","pollen_transport","pollen",0,"active pasture","Understory","regeneration early"
"OG39","Lepidoptera","Protambulyx_eurycles_115","Sloanea_spc","pollen_transport","pollen",55,"old-growth forest","Canopy","old-growth forest"
"PR33","Lepidoptera","Cocytius_duponchel_109","Solanum_uncinellum","pollen_transport","pollen",1,"pasture regeneration early","Understory","regeneration early"
"CR03","Lepidoptera","Adhemarius_daphne_101","Souroubea_guianensis","pollen_transport","pollen",5,"cacao regeneration early","Understory","regeneration early"
"OG38","Lepidoptera","Pachylia_darceta_113","Souroubea_guianensis","pollen_transport","pollen",55,"old-growth forest","Canopy","old-growth forest"
"OG43","Lepidoptera","Xylophanes_corpus_124","Souroubea_guianensis","pollen_transport","pollen",55,"old-growth forest","Canopy","old-growth forest"
"OG52","Lepidoptera","Xylophanes_loelia_121","Souroubea_guianensis","pollen_transport","pollen",55,"old-growth forest","Canopy","old-growth forest"
"PR23","Lepidoptera","Xylophanes_corpus_124","Souroubea_guianensis","pollen_transport","pollen",1,"pasture regeneration early","Understory","regeneration early"
"PR23","Lepidoptera","Xylophanes_thyelia_117","Souroubea_guianensis","pollen_transport","pollen",1,"pasture regeneration early","Understory","regeneration early"
"OG39","Lepidoptera","Callionima_pan_pan_102","Stellaria_media","pollen_transport","pollen",55,"old-growth forest","Canopy","old-growth forest"
"PA53","Lepidoptera","Xylophanes_corpus_124","Stellaria_spc","pollen_transport","pollen",0,"active pasture","Understory","regeneration early"
"PA57","Lepidoptera","Manduca_peggyae_108","Stellaria_spc","pollen_transport","pollen",0,"active pasture","Understory","regeneration early"
"OG44","Lepidoptera","Callionima_pan_pan_102","Trema_micrantha","pollen_transport","pollen",55,"old-growth forest","Canopy","old-growth forest"
"PA54","Lepidoptera","Adhemarius_daphne_101","Urena_lobata","pollen_transport","pollen",0,"active pasture","Understory","regeneration early"
"OG38","Lepidoptera","Xylophanes_zurcheri_122","Vicia_sativa","pollen_transport","pollen",55,"old-growth forest","Understory","old-growth forest"
"OG38","Lepidoptera","Xylophanes_zurcheri_122","Vicia_sepium","pollen_transport","pollen",55,"old-growth forest","Understory","old-growth forest"
"CA62","Lepidoptera","Callionima_pan_pan_102","Vismia_cayennensis","pollen_transport","pollen",0,"active cacao","Understory","regeneration early"
