"Census","Plot","Treatment","Date","Morphotype","Total","Genus","plant_species","Source","DispersalSyndrome","DS_level","DS_source"
1,"CR06","C","07/07/22","M11",2,"Hieronyma","Hieronyma_macrocarpa","blast.sebas.class","zoochory","genus","field_observation/fruit_morphology"
1,"CR06","C","07/07/22","M12",2,NA,NA,"vsearch.viri.class",NA,NA,NA
1,"CR06","C","07/07/22","M13",7,"Coussapoa","Coussapoa_contorta","blast.sebas.class","","",""
1,"CR06","C","07/07/22","M14",4,NA,NA,"vsearch.viri.class",NA,NA,NA
1,"CR06","C","07/07/22","M15",1,"Ficus","Ficus_tonduzii","blast.sebas.class","zoochory","genus","field_observation/fruit_morphology"
1,"CR06","C","07/07/22","M16",1,"Saurauia","Saurauia_herthae","blast.sebas.class","zoochory","genus","Pool 1998"
1,"CR06","C","07/07/22","M16",1,"Saurauia","Saurauia_herthae","blast.sebas.class","zoochory","genus","Pool 1999"
1,"CR06","C","07/07/22","M16",1,"Saurauia","Saurauia_herthae","blast.sebas.class","zoochory","genus","Pool 2000"
1,"CR06","CF","07/07/22","M3",1,"Nectandra","Nectandra_paucinervia","blast.sebas.class","zoochory","genus","field_observation"
1,"CR06","CF","07/07/22","M10",1,"Naucleopsis","Naucleopsis_naga","blast.sebas.class","","",""
1,"CR06","CF","07/07/22","M11",1,"Hieronyma","Hieronyma_macrocarpa","blast.sebas.class","zoochory","genus","field_observation/fruit_morphology"
1,"CR06","D","07/07/22","M3",1,"Nectandra","Nectandra_paucinervia","blast.sebas.class","zoochory","genus","field_observation"
1,"CR06","D","07/07/22","M7",2,"Cordia","Cordia_dwyeri","blast.sebas.class","zoochory","species","Tesis Gustavo Delgado Martínez"
1,"CR06","D","07/07/22","M12",19,NA,NA,"vsearch.viri.class",NA,NA,NA
1,"CR06","FD","07/07/22","M7",1,"Cordia","Cordia_dwyeri","blast.sebas.class","zoochory","species","Tesis Gustavo Delgado Martínez"
1,"CR06","FD","07/07/22","M9",1,"Banara","Banara_guianensis","blast.sebas.class","zoochory","species","field_observation"
1,"PR23","C","07/07/22","M2",1,"Piper","Piper_pequeina","blast.sebas.class","zoochory","species","field_observation"
1,"PR23","C","07/07/22","M3",5,"Nectandra","Nectandra_paucinervia","blast.sebas.class","zoochory","genus","field_observation"
1,"PR23","C","07/07/22","M4",6,"Piper","Piper_pequeina","blast.sebas.class","zoochory","species","field_observation"
1,"PR23","C","07/07/22","M5",8,"Cecropia","Cecropia_insignis","blast.sebas.class","zoochory","species","field_observation"
1,"PR23","C","07/07/22","M6",2,"Piptocoma","Piptocoma_discolor","blast.sebas.class","anemochory","species","TRY"
1,"PR23","CF","07/07/22","M1",9,"Piper","Piper_pequeina","blast.sebas.class","zoochory","species","field_observation"
1,"PR23","D","07/07/22","M4",1,"Piper","Piper_pequeina","blast.sebas.class","zoochory","species","field_observation"
1,"PR23","D","07/07/22","M7",6,"Cordia","Cordia_dwyeri","blast.sebas.class","zoochory","species","Tesis Gustavo Delgado Martínez"
1,"PR23","D","07/07/22","M8",5,"Quararibea","Quararibea_casasecae","blast.sebas.class","","",""
1,"PR23","D","07/07/22","M9",5,"Banara","Banara_guianensis","blast.sebas.class","zoochory","species","field_observation"
1,"PR23","FD","07/07/22","M1",13,"Piper","Piper_pequeina","blast.sebas.class","zoochory","species","field_observation"
1,"PR23","FD","07/07/22","M2",3,"Piper","Piper_pequeina","blast.sebas.class","zoochory","species","field_observation"
1,"PR26","CF","07/07/22","M1",13,"Piper","Piper_pequeina","blast.sebas.class","zoochory","species","field_observation"
1,"PR26","CF","07/07/22","M7",11,"Cordia","Cordia_dwyeri","blast.sebas.class","zoochory","species","Tesis Gustavo Delgado Martínez"
1,"PR26","CF","07/07/22","M12",1,NA,NA,"vsearch.viri.class",NA,NA,NA
1,"PR26","CF","07/07/22","M14",1,NA,NA,"vsearch.viri.class",NA,NA,NA
1,"PR26","CF","07/07/22","M18",1,"Piptocoma","Piptocoma_discolor","blast.sebas.class","anemochory","species","TRY"
1,"PR26","FD","07/07/22","M1",36,"Piper","Piper_pequeina","blast.sebas.class","zoochory","species","field_observation"
1,"PR26","FD","07/07/22","M7",1,"Cordia","Cordia_dwyeri","blast.sebas.class","zoochory","species","Tesis Gustavo Delgado Martínez"
1,"PR26","FD","07/07/22","M14",1,NA,NA,"vsearch.viri.class",NA,NA,NA
1,"PR26","FD","07/07/22","M17",3,"Pouteria","Pouteria_caimito","blast.sebas.class","zoochory","species","TRY"
1,"CR04","C","08/07/22","M21",3,"Wettinia","Wettinia_quinaria","blast.sebas.class","zoochory","species","TRY"
1,"CR04","D","08/07/22","M12",2,NA,NA,"vsearch.viri.class",NA,NA,NA
1,"CR04","D","08/07/22","M13",1,"Coussapoa","Coussapoa_contorta","blast.sebas.class","","",""
1,"CR04","FD","08/07/22","M19",1,"Saurauia","Saurauia_herthae","blast.sebas.class","zoochory","genus","Pool 1998"
1,"CR04","FD","08/07/22","M19",1,"Saurauia","Saurauia_herthae","blast.sebas.class","zoochory","genus","Pool 1999"
1,"CR04","FD","08/07/22","M19",1,"Saurauia","Saurauia_herthae","blast.sebas.class","zoochory","genus","Pool 2000"
1,"CR04","FD","08/07/22","M20",1,"Piptocoma","Piptocoma_discolor","blast.sebas.class","anemochory","species","TRY"
1,"OG38","D","08/07/22","M7",1,"Cordia","Cordia_dwyeri","blast.sebas.class","zoochory","species","Tesis Gustavo Delgado Martínez"
1,"OG38","D","08/07/22","M17",3,"Pouteria","Pouteria_caimito","blast.sebas.class","zoochory","species","TRY"
1,"OG38","D","08/07/22","M21",3,"Wettinia","Wettinia_quinaria","blast.sebas.class","zoochory","species","TRY"
1,"OG38","FD","08/07/22","M22",1,"Ficus","Ficus_pertusa","blast.sebas.class","zoochory","species","field_observation"
1,"OG39","C","08/07/22","M13",9,"Coussapoa","Coussapoa_contorta","blast.sebas.class","","",""
1,"OG39","C","08/07/22","M26",2,"Cecropia","Cecropia_garciae","blast.sebas.class","zoochory","species","field_observation"
1,"OG39","C","08/07/22","M27",2,"Nectandra","Nectandra_paucinervia","blast.sebas.class","zoochory","genus","field_observation"
1,"OG39","D","08/07/22","M21",2,"Wettinia","Wettinia_quinaria","blast.sebas.class","zoochory","species","TRY"
1,"OG39","D","08/07/22","M25",2,"Piper","Piper_grande","blast.sebas.class","zoochory","genus","field_observation"
1,"OG39","D","08/07/22","M25",2,"Piper","Piper_grande","blast.sebas.class","zoochory","species","field_observation"
1,"OG39","FD","08/07/22","M12",1,NA,NA,"vsearch.viri.class",NA,NA,NA
1,"PR21","C","08/07/22","M21",2,"Wettinia","Wettinia_quinaria","blast.sebas.class","zoochory","species","TRY"
1,"PR21","C","08/07/22","M28",1,"Miconia","Miconia_affinis","blast.sebas.class","zoochory","species","TRY"
1,"PR21","CF","08/07/22","M21",1,"Wettinia","Wettinia_quinaria","blast.sebas.class","zoochory","species","TRY"
1,"PR21","D","08/07/22","M27",4,"Nectandra","Nectandra_paucinervia","blast.sebas.class","zoochory","genus","field_observation"
1,"PR21","FD","08/07/22","M28",2,"Miconia","Miconia_affinis","blast.sebas.class","zoochory","species","TRY"
1,"CA62","C","11/07/22","M15",1,"Ficus","Ficus_tonduzii","blast.sebas.class","zoochory","genus","field_observation/fruit_morphology"
1,"CA62","C","11/07/22","M30",1,NA,NA,"vsearch.viri.class",NA,NA,NA
1,"CA62","C","11/07/22","M32",45,"Dendropanax","Dendropanax_macrophyllum","blast.sebas.class","zoochory","genus","Figueroa-Esquivel"
1,"CA62","CF","11/07/22","M15",15,"Ficus","Ficus_tonduzii","blast.sebas.class","zoochory","genus","field_observation/fruit_morphology"
1,"CA62","CF","11/07/22","M30",8,NA,NA,"vsearch.viri.class",NA,NA,NA
1,"CA62","CF","11/07/22","M33",1,"Cecropia","Cecropia_insignis","blast.sebas.class","zoochory","species","field_observation"
1,"CA62","D","11/07/22","M15",16,"Ficus","Ficus_tonduzii","blast.sebas.class","zoochory","genus","field_observation/fruit_morphology"
1,"CA62","D","11/07/22","M30",4,NA,NA,"vsearch.viri.class",NA,NA,NA
1,"CA62","FD","11/07/22","M15",4,"Ficus","Ficus_tonduzii","blast.sebas.class","zoochory","genus","field_observation/fruit_morphology"
1,"CA62","FD","11/07/22","M31",6,"Cordia","Cordia_dwyeri","blast.sebas.class","zoochory","species","Tesis Gustavo Delgado Martínez"
1,"CA62","FD","11/07/22","M32",2,"Dendropanax","Dendropanax_macrophyllum","blast.sebas.class","zoochory","genus","Figueroa-Esquivel"
1,"CR05","C","11/07/22","M3",17,"Nectandra","Nectandra_paucinervia","blast.sebas.class","zoochory","genus","field_observation"
1,"CR05","C","11/07/22","M24",26,"Vismia","Vismia_baccifera","blast.sebas.class","zoochory","species","field_observation"
1,"CR05","CF","11/07/22","M3",6,"Nectandra","Nectandra_paucinervia","blast.sebas.class","zoochory","genus","field_observation"
1,"CR05","D","11/07/22","M3",23,"Nectandra","Nectandra_paucinervia","blast.sebas.class","zoochory","genus","field_observation"
1,"CR05","D","11/07/22","M7",1,"Cordia","Cordia_dwyeri","blast.sebas.class","zoochory","species","Tesis Gustavo Delgado Martínez"
1,"CR05","D","11/07/22","M24",27,"Vismia","Vismia_baccifera","blast.sebas.class","zoochory","species","field_observation"
1,"CR05","FD","11/07/22","M3",4,"Nectandra","Nectandra_paucinervia","blast.sebas.class","zoochory","genus","field_observation"
1,"CR05","FD","11/07/22","M24",4,"Vismia","Vismia_baccifera","blast.sebas.class","zoochory","species","field_observation"
1,"CR05","FD","11/07/22","M29",8,"Annona","Annona_papilionella","blast.sebas.class","zoochory","species","TRY"
1,"PA57","C","11/07/22","M15",6,"Ficus","Ficus_tonduzii","blast.sebas.class","zoochory","genus","field_observation/fruit_morphology"
1,"PA57","CF","11/07/22","M30",4,NA,NA,"vsearch.viri.class",NA,NA,NA
1,"PA57","D","11/07/22","M7",1,"Cordia","Cordia_dwyeri","blast.sebas.class","zoochory","species","Tesis Gustavo Delgado Martínez"
1,"PA57","D","11/07/22","M30",2,NA,NA,"vsearch.viri.class",NA,NA,NA
1,"PA57","FD","11/07/22","M15",5,"Ficus","Ficus_tonduzii","blast.sebas.class","zoochory","genus","field_observation/fruit_morphology"
1,"PA57","FD","11/07/22","M29",3,"Annona","Annona_papilionella","blast.sebas.class","zoochory","species","TRY"
1,"PR22","C","11/07/22","M15",1,"Ficus","Ficus_tonduzii","blast.sebas.class","zoochory","genus","field_observation/fruit_morphology"
1,"PR22","C","11/07/22","M24",33,"Vismia","Vismia_baccifera","blast.sebas.class","zoochory","species","field_observation"
1,"PR22","C","11/07/22","M36",1,"Piper","Piper_pequeina","blast.sebas.class","zoochory","species","field_observation"
1,"PR22","CF","11/07/22","M1",10,"Piper","Piper_pequeina","blast.sebas.class","zoochory","species","field_observation"
1,"PR22","CF","11/07/22","M3",9,"Nectandra","Nectandra_paucinervia","blast.sebas.class","zoochory","genus","field_observation"
1,"PR22","CF","11/07/22","M34",2,"Ficus","Ficus_brevibracteata","blast.sebas.class","zoochory","species","field_observation"
1,"PR22","CF","11/07/22","M35",1,"Sapium","Sapium_laurifolium","blast.sebas.class","zoochory","genus","TRY/fruit_morphology"
1,"PR22","D","11/07/22","M1",5,"Piper","Piper_pequeina","blast.sebas.class","zoochory","species","field_observation"
1,"PR22","D","11/07/22","M3",3,"Nectandra","Nectandra_paucinervia","blast.sebas.class","zoochory","genus","field_observation"
1,"PR22","D","11/07/22","M8",1,"Quararibea","Quararibea_casasecae","blast.sebas.class","","",""
1,"PR22","D","11/07/22","M15",1,"Ficus","Ficus_tonduzii","blast.sebas.class","zoochory","genus","field_observation/fruit_morphology"
1,"PR22","D","11/07/22","M29",8,"Annona","Annona_papilionella","blast.sebas.class","zoochory","species","TRY"
1,"PR22","D","11/07/22","M35",1,"Sapium","Sapium_laurifolium","blast.sebas.class","zoochory","genus","TRY/fruit_morphology"
1,"PR22","FD","11/07/22","M1",7,"Piper","Piper_pequeina","blast.sebas.class","zoochory","species","field_observation"
1,"PR22","FD","11/07/22","M3",4,"Nectandra","Nectandra_paucinervia","blast.sebas.class","zoochory","genus","field_observation"
1,"PR22","FD","11/07/22","M13",7,"Coussapoa","Coussapoa_contorta","blast.sebas.class","","",""
1,"PR22","FD","11/07/22","M15",8,"Ficus","Ficus_tonduzii","blast.sebas.class","zoochory","genus","field_observation/fruit_morphology"
1,"PR22","FD","11/07/22","M29",1,"Annona","Annona_papilionella","blast.sebas.class","zoochory","species","TRY"
1,"CR10","CF","12/07/22","M39",4,"Ficus","Ficus_tonduzii","blast.sebas.class","zoochory","genus","field_observation/fruit_morphology"
1,"CR10","CF","12/07/22","M40",1,"Miconia","Miconia_affinis","blast.sebas.class","zoochory","species","TRY"
1,"CR11","C","12/07/22","M37",2,"Pouteria","Pouteria_caimito","blast.sebas.class","zoochory","species","TRY"
1,"CR11","CF","12/07/22","M37",5,"Pouteria","Pouteria_caimito","blast.sebas.class","zoochory","species","TRY"
1,"CR11","D","12/07/22","M12",12,NA,NA,"vsearch.viri.class",NA,NA,NA
1,"CR11","D","12/07/22","M21",1,"Wettinia","Wettinia_quinaria","blast.sebas.class","zoochory","species","TRY"
1,"CR11","FD","12/07/22","M37",2,"Pouteria","Pouteria_caimito","blast.sebas.class","zoochory","species","TRY"
1,"OG45","C","12/07/22","M48",4,"Dendropanax","Dendropanax_macrophyllum","blast.sebas.class","zoochory","genus","Figueroa-Esquivel"
1,"OG45","CF","12/07/22","M37",1,"Pouteria","Pouteria_caimito","blast.sebas.class","zoochory","species","TRY"
1,"OG45","D","12/07/22","M11",2,"Hieronyma","Hieronyma_macrocarpa","blast.sebas.class","zoochory","genus","field_observation/fruit_morphology"
1,"OG46","CF","12/07/22","M47",1,"Rhynchospora","Rhynchospora_velutina","vsearch.viri.class",NA,NA,NA
1,"OG46","CF","12/07/22","M48",1,"Dendropanax","Dendropanax_macrophyllum","blast.sebas.class","zoochory","genus","Figueroa-Esquivel"
1,"OG46","D","12/07/22","M45",2,"Billia","Billia_columbiana","blast.sebas.class","","",""
1,"OG46","D","12/07/22","M46",1,"Sciodaphyllum","Sciodaphyllum_pedicillatum","blast.sebas.class","","",""
1,"PR31","C","12/07/22","M4",4,"Piper","Piper_pequeina","blast.sebas.class","zoochory","species","field_observation"
1,"PR31","CF","12/07/22","M4",1,"Piper","Piper_pequeina","blast.sebas.class","zoochory","species","field_observation"
1,"PR31","CF","12/07/22","M37",11,"Pouteria","Pouteria_caimito","blast.sebas.class","zoochory","species","TRY"
1,"PR31","FD","12/07/22","M4",2,"Piper","Piper_pequeina","blast.sebas.class","zoochory","species","field_observation"
1,"CR09","C","13/07/22","M43",6,"Banara","Banara_guianensis","blast.sebas.class","zoochory","species","field_observation"
1,"CR09","C","13/07/22","M44",1,"Piper","Piper_grande","blast.sebas.class","zoochory","genus","field_observation"
1,"CR09","C","13/07/22","M44",1,"Piper","Piper_grande","blast.sebas.class","zoochory","species","field_observation"
1,"CR09","CF","13/07/22","M1",4,"Piper","Piper_pequeina","blast.sebas.class","zoochory","species","field_observation"
1,"CR09","CF","13/07/22","M41",1,NA,NA,"vsearch.viri.class",NA,NA,NA
1,"CR09","CF","13/07/22","M42",1,"Coussapoa","Coussapoa_contorta","blast.sebas.class","","",""
1,"CR09","D","13/07/22","M1",1,"Piper","Piper_pequeina","blast.sebas.class","zoochory","species","field_observation"
1,"CR09","D","13/07/22","M26",1,"Cecropia","Cecropia_garciae","blast.sebas.class","zoochory","species","field_observation"
1,"CR09","D","13/07/22","M41",1,NA,NA,"vsearch.viri.class",NA,NA,NA
1,"CR09","FD","13/07/22","M1",9,"Piper","Piper_pequeina","blast.sebas.class","zoochory","species","field_observation"
1,"CR09","FD","13/07/22","M31",2,"Cordia","Cordia_dwyeri","blast.sebas.class","zoochory","species","Tesis Gustavo Delgado Martínez"
1,"CR09","FD","13/07/22","M43",10,"Banara","Banara_guianensis","blast.sebas.class","zoochory","species","field_observation"
1,"CA63","D","18/07/22","M15",1,"Ficus","Ficus_tonduzii","blast.sebas.class","zoochory","genus","field_observation/fruit_morphology"
1,"CA64","C","18/07/22","M15",1,"Ficus","Ficus_tonduzii","blast.sebas.class","zoochory","genus","field_observation/fruit_morphology"
1,"CA64","C","18/07/22","M43",6,"Banara","Banara_guianensis","blast.sebas.class","zoochory","species","field_observation"
1,"CA64","CF","18/07/22","M15",8,"Ficus","Ficus_tonduzii","blast.sebas.class","zoochory","genus","field_observation/fruit_morphology"
1,"CA64","CF","18/07/22","M50",25,"Cecropia","Cecropia_insignis","blast.sebas.class","zoochory","species","field_observation"
1,"CA64","D","18/07/22","M17",1,"Pouteria","Pouteria_caimito","blast.sebas.class","zoochory","species","TRY"
1,"CA64","D","18/07/22","M43",1,"Banara","Banara_guianensis","blast.sebas.class","zoochory","species","field_observation"
1,"CA64","D","18/07/22","M50",1,"Cecropia","Cecropia_insignis","blast.sebas.class","zoochory","species","field_observation"
1,"CA64","FD","18/07/22","M15",8,"Ficus","Ficus_tonduzii","blast.sebas.class","zoochory","genus","field_observation/fruit_morphology"
1,"CA64","FD","18/07/22","M17",1,"Pouteria","Pouteria_caimito","blast.sebas.class","zoochory","species","TRY"
1,"CA64","FD","18/07/22","M50",4,"Cecropia","Cecropia_insignis","blast.sebas.class","zoochory","species","field_observation"
1,"OG52","CF","18/07/22","M49",1,"Ficus","Ficus_pertusa","blast.sebas.class","zoochory","species","field_observation"
1,"CR14","C","19/07/22","M53",1,"Miconia","Miconia_multiplicata","blast.sebas.class","zoochory","species","field_observation"
1,"CR14","C","19/07/22","M54",1,"Licania","Licania_sp.1","blast.sebas.class","zoochory","genus","field_observation"
1,"CR14","CF","19/07/22","M51",6,"Cecropia","Cecropia_utcubambana","vsearch.viri.class","zoochory","genus","field_observation/fruit morphology"
1,"CR14","D","19/07/22","M17",1,"Pouteria","Pouteria_caimito","blast.sebas.class","zoochory","species","TRY"
1,"CR14","D","19/07/22","M27",3,"Nectandra","Nectandra_paucinervia","blast.sebas.class","zoochory","genus","field_observation"
1,"CR14","D","19/07/22","M51",15,"Cecropia","Cecropia_utcubambana","vsearch.viri.class","zoochory","genus","field_observation/fruit morphology"
1,"CR14","FD","19/07/22","M7",1,"Cordia","Cordia_dwyeri","blast.sebas.class","zoochory","species","Tesis Gustavo Delgado Martínez"
1,"CR14","FD","19/07/22","M17",2,"Pouteria","Pouteria_caimito","blast.sebas.class","zoochory","species","TRY"
1,"CR14","FD","19/07/22","M51",1,"Cecropia","Cecropia_utcubambana","vsearch.viri.class","zoochory","genus","field_observation/fruit morphology"
1,"CR14","FD","19/07/22","M52",6,"Trema","Trema_integerrima","blast.sebas.class","zoochory","genus","field_observation/fruit_morphology"
1,"PR34","C","19/07/22","M43",7,"Banara","Banara_guianensis","blast.sebas.class","zoochory","species","field_observation"
1,"PR34","CF","19/07/22","M43",1,"Banara","Banara_guianensis","blast.sebas.class","zoochory","species","field_observation"
1,"PR34","CF","19/07/22","M51",1,"Cecropia","Cecropia_utcubambana","vsearch.viri.class","zoochory","genus","field_observation/fruit morphology"
1,"PR34","D","19/07/22","M43",1,"Banara","Banara_guianensis","blast.sebas.class","zoochory","species","field_observation"
1,"PR34","D","19/07/22","M48",10,"Dendropanax","Dendropanax_macrophyllum","blast.sebas.class","zoochory","genus","Figueroa-Esquivel"
1,"PR36","C","19/07/22","M55",4,"Inga","Inga_ruiziana","blast.sebas.class","zoochory","species","field_observation"
1,"PR36","CF","19/07/22","M55",5,"Inga","Inga_ruiziana","blast.sebas.class","zoochory","species","field_observation"
1,"PR36","D","19/07/22","M7",1,"Cordia","Cordia_dwyeri","blast.sebas.class","zoochory","species","Tesis Gustavo Delgado Martínez"
1,"PR36","D","19/07/22","M43",10,"Banara","Banara_guianensis","blast.sebas.class","zoochory","species","field_observation"
1,"PR36","FD","19/07/22","M43",22,"Banara","Banara_guianensis","blast.sebas.class","zoochory","species","field_observation"
1,"OG49","C","20/07/22","M56",1,"Cecropia","Cecropia_insignis","blast.sebas.class","zoochory","species","field_observation"
1,"OG49","CF","20/07/22","M1",11,"Piper","Piper_pequeina","blast.sebas.class","zoochory","species","field_observation"
1,"OG41","CF","25/07/22","M18",1,"Piptocoma","Piptocoma_discolor","blast.sebas.class","anemochory","species","TRY"
1,"OG41","CF","25/07/22","M43",1,"Banara","Banara_guianensis","blast.sebas.class","zoochory","species","field_observation"
1,"OG41","CF","25/07/22","M48",1,"Dendropanax","Dendropanax_macrophyllum","blast.sebas.class","zoochory","genus","Figueroa-Esquivel"
1,"OG41","FD","25/07/22","M31",1,"Cordia","Cordia_dwyeri","blast.sebas.class","zoochory","species","Tesis Gustavo Delgado Martínez"
1,"PA54","FD","25/07/22","M48",1,"Dendropanax","Dendropanax_macrophyllum","blast.sebas.class","zoochory","genus","Figueroa-Esquivel"
1,"OG42","C","26/07/22","M49",1,"Ficus","Ficus_pertusa","blast.sebas.class","zoochory","species","field_observation"
1,"OG42","D","26/07/22","M7",2,"Cordia","Cordia_dwyeri","blast.sebas.class","zoochory","species","Tesis Gustavo Delgado Martínez"
1,"OG42","D","26/07/22","M51",3,"Cecropia","Cecropia_utcubambana","vsearch.viri.class","zoochory","genus","field_observation/fruit morphology"
1,"OG42","FD","26/07/22","M7",7,"Cordia","Cordia_dwyeri","blast.sebas.class","zoochory","species","Tesis Gustavo Delgado Martínez"
1,"OG42","FD","26/07/22","M43",1,"Banara","Banara_guianensis","blast.sebas.class","zoochory","species","field_observation"
1,"PR19","C","26/07/22","M43",5,"Banara","Banara_guianensis","blast.sebas.class","zoochory","species","field_observation"
1,"PR19","D","26/07/22","M1",37,"Piper","Piper_pequeina","blast.sebas.class","zoochory","species","field_observation"
1,"PR19","FD","26/07/22","M43",1,"Banara","Banara_guianensis","blast.sebas.class","zoochory","species","field_observation"
1,"CR02","C","27/07/22","M1",6,"Piper","Piper_pequeina","blast.sebas.class","zoochory","species","field_observation"
1,"CR02","C","27/07/22","M7",1,"Cordia","Cordia_dwyeri","blast.sebas.class","zoochory","species","Tesis Gustavo Delgado Martínez"
1,"CR02","C","27/07/22","M43",5,"Banara","Banara_guianensis","blast.sebas.class","zoochory","species","field_observation"
1,"CR02","CF","27/07/22","M11",1,"Hieronyma","Hieronyma_macrocarpa","blast.sebas.class","zoochory","genus","field_observation/fruit_morphology"
1,"CR02","CF","27/07/22","M43",2,"Banara","Banara_guianensis","blast.sebas.class","zoochory","species","field_observation"
1,"CR02","FD","27/07/22","M1",3,"Piper","Piper_pequeina","blast.sebas.class","zoochory","species","field_observation"
1,"CR13","C","27/07/22","M7",14,"Cordia","Cordia_dwyeri","blast.sebas.class","zoochory","species","Tesis Gustavo Delgado Martínez"
1,"CR13","C","27/07/22","M11",4,"Hieronyma","Hieronyma_macrocarpa","blast.sebas.class","zoochory","genus","field_observation/fruit_morphology"
1,"CR13","C","27/07/22","M31",1,"Cordia","Cordia_dwyeri","blast.sebas.class","zoochory","species","Tesis Gustavo Delgado Martínez"
1,"CR13","CF","27/07/22","M31",13,"Cordia","Cordia_dwyeri","blast.sebas.class","zoochory","species","Tesis Gustavo Delgado Martínez"
1,"CR13","CF","27/07/22","M51",2,"Cecropia","Cecropia_utcubambana","vsearch.viri.class","zoochory","genus","field_observation/fruit morphology"
1,"CR13","D","27/07/22","M12",1,NA,NA,"vsearch.viri.class",NA,NA,NA
1,"CR13","D","27/07/22","M15",1,"Ficus","Ficus_tonduzii","blast.sebas.class","zoochory","genus","field_observation/fruit_morphology"
1,"CR13","D","27/07/22","M29",1,"Annona","Annona_papilionella","blast.sebas.class","zoochory","species","TRY"
1,"CR13","D","27/07/22","M32",9,"Dendropanax","Dendropanax_macrophyllum","blast.sebas.class","zoochory","genus","Figueroa-Esquivel"
1,"CR13","FD","27/07/22","M15",1,"Ficus","Ficus_tonduzii","blast.sebas.class","zoochory","genus","field_observation/fruit_morphology"
1,"CR13","FD","27/07/22","M29",1,"Annona","Annona_papilionella","blast.sebas.class","zoochory","species","TRY"
1,"PA55","C","27/07/22","M57",1,"","","vsearch.viri.class","","",""
1,"PA55","CF","27/07/22","M58",1,"Endlicheria","Endlicheria_sp.1","blast.sebas.class","","",""
1,"PA55","D","27/07/22","M33",3,"Cecropia","Cecropia_insignis","blast.sebas.class","zoochory","species","field_observation"
1,"PA55","FD","27/07/22","M57",15,"","","vsearch.viri.class","","",""
1,"PR33","CF","27/07/22","M60",2,"","","vsearch.viri.class","","",""
1,"PR33","D","27/07/22","M61",3,"Cordia","Cordia_dwyeri","blast.sebas.class","zoochory","species","Tesis Gustavo Delgado Martínez"
1,"PR33","FD","27/07/22","M61",3,"Cordia","Cordia_dwyeri","blast.sebas.class","zoochory","species","Tesis Gustavo Delgado Martínez"
2,"CR06","C","29/07/22","M62",1,"Salacia","Salacia_juruana","blast.sebas.class","","",""
2,"CR06","CF","29/07/22","M7",1,"Cordia","Cordia_dwyeri","blast.sebas.class","zoochory","species","Tesis Gustavo Delgado Martínez"
2,"CR06","CF","29/07/22","M11",1,"Hieronyma","Hieronyma_macrocarpa","blast.sebas.class","zoochory","genus","field_observation/fruit_morphology"
2,"CR06","CF","29/07/22","M51",6,"Cecropia","Cecropia_utcubambana","vsearch.viri.class","zoochory","genus","field_observation/fruit morphology"
2,"CR06","CF","29/07/22","M59",1,"Cecropia","Cecropia_garciae","blast.sebas.class","zoochory","species","field_observation"
2,"CR06","D","29/07/22","M43",1,"Banara","Banara_guianensis","blast.sebas.class","zoochory","species","field_observation"
2,"CR06","D","29/07/22","M59",1,"Cecropia","Cecropia_garciae","blast.sebas.class","zoochory","species","field_observation"
2,"CR06","FD","29/07/22","M7",4,"Cordia","Cordia_dwyeri","blast.sebas.class","zoochory","species","Tesis Gustavo Delgado Martínez"
2,"CR06","FD","29/07/22","M10",1,"Naucleopsis","Naucleopsis_naga","blast.sebas.class","","",""
2,"CR06","FD","29/07/22","M11",1,"Hieronyma","Hieronyma_macrocarpa","blast.sebas.class","zoochory","genus","field_observation/fruit_morphology"
2,"CR06","FD","29/07/22","M12",1,NA,NA,"vsearch.viri.class",NA,NA,NA
2,"CR06","FD","29/07/22","M13",1,"Coussapoa","Coussapoa_contorta","blast.sebas.class","","",""
2,"PR23","C","29/07/22","M29",1,"Annona","Annona_papilionella","blast.sebas.class","zoochory","species","TRY"
2,"PR23","C","29/07/22","M55",1,"Inga","Inga_ruiziana","blast.sebas.class","zoochory","species","field_observation"
2,"PR23","CF","29/07/22","M11",3,"Hieronyma","Hieronyma_macrocarpa","blast.sebas.class","zoochory","genus","field_observation/fruit_morphology"
2,"PR23","CF","29/07/22","M31",7,"Cordia","Cordia_dwyeri","blast.sebas.class","zoochory","species","Tesis Gustavo Delgado Martínez"
2,"PR23","CF","29/07/22","M64",2,"Compsoneura","Compsoneura_mutisii","blast.sebas.class","zoochory","genus","genus/fruit morphology"
2,"PR23","D","29/07/22","M1",1,"Piper","Piper_pequeina","blast.sebas.class","zoochory","species","field_observation"
2,"PR23","D","29/07/22","M7",7,"Cordia","Cordia_dwyeri","blast.sebas.class","zoochory","species","Tesis Gustavo Delgado Martínez"
2,"PR23","D","29/07/22","M9",4,"Banara","Banara_guianensis","blast.sebas.class","zoochory","species","field_observation"
2,"PR23","D","29/07/22","M11",1,"Hieronyma","Hieronyma_macrocarpa","blast.sebas.class","zoochory","genus","field_observation/fruit_morphology"
2,"PR23","D","29/07/22","M29",1,"Annona","Annona_papilionella","blast.sebas.class","zoochory","species","TRY"
2,"PR23","FD","29/07/22","M55",1,"Inga","Inga_ruiziana","blast.sebas.class","zoochory","species","field_observation"
2,"PR23","FD","29/07/22","M60",6,"","","vsearch.viri.class","","",""
2,"PR26","C","29/07/22","M1",1,"Piper","Piper_pequeina","blast.sebas.class","zoochory","species","field_observation"
2,"PR26","C","29/07/22","M63",1,"Ficus","Ficus_pertusa","blast.sebas.class","zoochory","species","field_observation"
2,"PR26","CF","29/07/22","M7",6,"Cordia","Cordia_dwyeri","blast.sebas.class","zoochory","species","Tesis Gustavo Delgado Martínez"
2,"PR26","CF","29/07/22","M11",2,"Hieronyma","Hieronyma_macrocarpa","blast.sebas.class","zoochory","genus","field_observation/fruit_morphology"
2,"PR26","FD","29/07/22","M26",47,"Cecropia","Cecropia_garciae","blast.sebas.class","zoochory","species","field_observation"
2,"CR04","FD","01/08/22","M8",1,"Quararibea","Quararibea_casasecae","blast.sebas.class","","",""
2,"CR04","FD","01/08/22","M37",1,"Pouteria","Pouteria_caimito","blast.sebas.class","zoochory","species","TRY"
2,"OG38","CF","01/08/22","M10",2,"Naucleopsis","Naucleopsis_naga","blast.sebas.class","","",""
2,"OG38","CF","01/08/22","M46",1,"Sciodaphyllum","Sciodaphyllum_pedicillatum","blast.sebas.class","","",""
2,"OG39","C","01/08/22","M43",1,"Banara","Banara_guianensis","blast.sebas.class","zoochory","species","field_observation"
2,"OG39","CF","01/08/22","M17",1,"Pouteria","Pouteria_caimito","blast.sebas.class","zoochory","species","TRY"
2,"OG39","CF","01/08/22","M27",1,"Nectandra","Nectandra_paucinervia","blast.sebas.class","zoochory","genus","field_observation"
2,"OG39","D","01/08/22","M65",2,"Compsoneura","Compsoneura_mutisii","blast.sebas.class","zoochory","genus","genus/fruit morphology"
2,"OG39","FD","01/08/22","M65",2,"Compsoneura","Compsoneura_mutisii","blast.sebas.class","zoochory","genus","genus/fruit morphology"
2,"PR21","CF","01/08/22","M65",1,"Compsoneura","Compsoneura_mutisii","blast.sebas.class","zoochory","genus","genus/fruit morphology"
2,"PR21","FD","01/08/22","M51",9,"Cecropia","Cecropia_utcubambana","vsearch.viri.class","zoochory","genus","field_observation/fruit morphology"
2,"CA62","C","02/08/22","M29",3,"Annona","Annona_papilionella","blast.sebas.class","zoochory","species","TRY"
2,"CA62","C","02/08/22","M32",8,"Dendropanax","Dendropanax_macrophyllum","blast.sebas.class","zoochory","genus","Figueroa-Esquivel"
2,"CA62","CF","02/08/22","M30",7,NA,NA,"vsearch.viri.class",NA,NA,NA
2,"CA62","FD","02/08/22","M7",1,"Cordia","Cordia_dwyeri","blast.sebas.class","zoochory","species","Tesis Gustavo Delgado Martínez"
2,"CA62","FD","02/08/22","M31",1,"Cordia","Cordia_dwyeri","blast.sebas.class","zoochory","species","Tesis Gustavo Delgado Martínez"
2,"CA62","FD","02/08/22","M32",1,"Dendropanax","Dendropanax_macrophyllum","blast.sebas.class","zoochory","genus","Figueroa-Esquivel"
2,"CR05","C","02/08/22","M3",27,"Nectandra","Nectandra_paucinervia","blast.sebas.class","zoochory","genus","field_observation"
2,"CR05","C","02/08/22","M7",1,"Cordia","Cordia_dwyeri","blast.sebas.class","zoochory","species","Tesis Gustavo Delgado Martínez"
2,"CR05","C","02/08/22","M29",4,"Annona","Annona_papilionella","blast.sebas.class","zoochory","species","TRY"
2,"CR05","CF","02/08/22","M3",1,"Nectandra","Nectandra_paucinervia","blast.sebas.class","zoochory","genus","field_observation"
2,"CR05","CF","02/08/22","M29",19,"Annona","Annona_papilionella","blast.sebas.class","zoochory","species","TRY"
2,"CR05","D","02/08/22","M3",5,"Nectandra","Nectandra_paucinervia","blast.sebas.class","zoochory","genus","field_observation"
2,"CR05","D","02/08/22","M66",2,"Sciodaphyllum","Sciodaphyllum_pedicillatum","blast.sebas.class","","",""
2,"CR05","FD","02/08/22","M3",8,"Nectandra","Nectandra_paucinervia","blast.sebas.class","zoochory","genus","field_observation"
2,"CR05","FD","02/08/22","M7",1,"Cordia","Cordia_dwyeri","blast.sebas.class","zoochory","species","Tesis Gustavo Delgado Martínez"
2,"CR05","FD","02/08/22","M29",37,"Annona","Annona_papilionella","blast.sebas.class","zoochory","species","TRY"
2,"CR05","FD","02/08/22","M43",3,"Banara","Banara_guianensis","blast.sebas.class","zoochory","species","field_observation"
2,"CR05","FD","02/08/22","M46",1,"Sciodaphyllum","Sciodaphyllum_pedicillatum","blast.sebas.class","","",""
2,"PR22","C","02/08/22","M26",2,"Cecropia","Cecropia_garciae","blast.sebas.class","zoochory","species","field_observation"
2,"PR22","C","02/08/22","M29",11,"Annona","Annona_papilionella","blast.sebas.class","zoochory","species","TRY"
2,"PR22","C","02/08/22","M43",2,"Banara","Banara_guianensis","blast.sebas.class","zoochory","species","field_observation"
2,"PR22","CF","02/08/22","M1",21,"Piper","Piper_pequeina","blast.sebas.class","zoochory","species","field_observation"
2,"PR22","CF","02/08/22","M26",1,"Cecropia","Cecropia_garciae","blast.sebas.class","zoochory","species","field_observation"
2,"PR22","CF","02/08/22","M29",1,"Annona","Annona_papilionella","blast.sebas.class","zoochory","species","TRY"
2,"PR22","CF","02/08/22","M37",1,"Pouteria","Pouteria_caimito","blast.sebas.class","zoochory","species","TRY"
2,"PR22","D","02/08/22","M26",14,"Cecropia","Cecropia_garciae","blast.sebas.class","zoochory","species","field_observation"
2,"PR22","D","02/08/22","M29",1,"Annona","Annona_papilionella","blast.sebas.class","zoochory","species","TRY"
2,"PR22","D","02/08/22","M38",1,"Piper","Piper_grande","blast.sebas.class","zoochory","genus","field_observation"
2,"PR22","D","02/08/22","M38",1,"Piper","Piper_grande","blast.sebas.class","zoochory","species","field_observation"
2,"PR22","D","02/08/22","M43",3,"Banara","Banara_guianensis","blast.sebas.class","zoochory","species","field_observation"
2,"PR22","FD","02/08/22","M1",13,"Piper","Piper_pequeina","blast.sebas.class","zoochory","species","field_observation"
2,"PR22","FD","02/08/22","M26",3,"Cecropia","Cecropia_garciae","blast.sebas.class","zoochory","species","field_observation"
2,"PR22","FD","02/08/22","M29",1,"Annona","Annona_papilionella","blast.sebas.class","zoochory","species","TRY"
2,"CR10","CF","04/08/22","M3",1,"Nectandra","Nectandra_paucinervia","blast.sebas.class","zoochory","genus","field_observation"
2,"CR10","CF","04/08/22","M12",13,NA,NA,"vsearch.viri.class",NA,NA,NA
2,"CR10","D","04/08/22","M12",15,NA,NA,"vsearch.viri.class",NA,NA,NA
2,"CR10","FD","04/08/22","M12",10,NA,NA,"vsearch.viri.class",NA,NA,NA
2,"CR11","C","04/08/22","M37",10,"Pouteria","Pouteria_caimito","blast.sebas.class","zoochory","species","TRY"
2,"CR11","CF","04/08/22","M37",11,"Pouteria","Pouteria_caimito","blast.sebas.class","zoochory","species","TRY"
2,"CR11","D","04/08/22","M12",12,NA,NA,"vsearch.viri.class",NA,NA,NA
2,"CR11","D","04/08/22","M37",4,"Pouteria","Pouteria_caimito","blast.sebas.class","zoochory","species","TRY"
2,"CR11","D","04/08/22","M59",2,"Cecropia","Cecropia_garciae","blast.sebas.class","zoochory","species","field_observation"
2,"CR11","FD","04/08/22","M7",1,"Cordia","Cordia_dwyeri","blast.sebas.class","zoochory","species","Tesis Gustavo Delgado Martínez"
2,"CR11","FD","04/08/22","M12",2,NA,NA,"vsearch.viri.class",NA,NA,NA
2,"CR11","FD","04/08/22","M37",2,"Pouteria","Pouteria_caimito","blast.sebas.class","zoochory","species","TRY"
2,"PR31","CF","04/08/22","M37",6,"Pouteria","Pouteria_caimito","blast.sebas.class","zoochory","species","TRY"
2,"PR31","CF","04/08/22","M55",1,"Inga","Inga_ruiziana","blast.sebas.class","zoochory","species","field_observation"
2,"CR09","C","05/08/22","M3",14,"Nectandra","Nectandra_paucinervia","blast.sebas.class","zoochory","genus","field_observation"
2,"CR09","CF","05/08/22","M1",2,"Piper","Piper_pequeina","blast.sebas.class","zoochory","species","field_observation"
2,"CR09","CF","05/08/22","M3",5,"Nectandra","Nectandra_paucinervia","blast.sebas.class","zoochory","genus","field_observation"
2,"CR09","D","05/08/22","M1",15,"Piper","Piper_pequeina","blast.sebas.class","zoochory","species","field_observation"
2,"CR09","D","05/08/22","M3",2,"Nectandra","Nectandra_paucinervia","blast.sebas.class","zoochory","genus","field_observation"
2,"CR09","D","05/08/22","M7",1,"Cordia","Cordia_dwyeri","blast.sebas.class","zoochory","species","Tesis Gustavo Delgado Martínez"
2,"CR09","FD","05/08/22","M1",2,"Piper","Piper_pequeina","blast.sebas.class","zoochory","species","field_observation"
2,"CR09","FD","05/08/22","M3",12,"Nectandra","Nectandra_paucinervia","blast.sebas.class","zoochory","genus","field_observation"
2,"CR09","FD","05/08/22","M7",1,"Cordia","Cordia_dwyeri","blast.sebas.class","zoochory","species","Tesis Gustavo Delgado Martínez"
2,"CA63","CF","08/08/22","M3",2,"Nectandra","Nectandra_paucinervia","blast.sebas.class","zoochory","genus","field_observation"
2,"CA63","CF","08/08/22","M31",1,"Cordia","Cordia_dwyeri","blast.sebas.class","zoochory","species","Tesis Gustavo Delgado Martínez"
2,"CA63","CF","08/08/22","M37",2,"Pouteria","Pouteria_caimito","blast.sebas.class","zoochory","species","TRY"
2,"CA63","CF","08/08/22","M48",1,"Dendropanax","Dendropanax_macrophyllum","blast.sebas.class","zoochory","genus","Figueroa-Esquivel"
2,"CA63","FD","08/08/22","M49",1,"Ficus","Ficus_pertusa","blast.sebas.class","zoochory","species","field_observation"
2,"CA64","C","08/08/22","M3",5,"Nectandra","Nectandra_paucinervia","blast.sebas.class","zoochory","genus","field_observation"
2,"CA64","C","08/08/22","M15",11,"Ficus","Ficus_tonduzii","blast.sebas.class","zoochory","genus","field_observation/fruit_morphology"
2,"CA64","CF","08/08/22","M3",1,"Nectandra","Nectandra_paucinervia","blast.sebas.class","zoochory","genus","field_observation"
2,"CA64","CF","08/08/22","M50",50,"Cecropia","Cecropia_insignis","blast.sebas.class","zoochory","species","field_observation"
2,"CA64","D","08/08/22","M15",22,"Ficus","Ficus_tonduzii","blast.sebas.class","zoochory","genus","field_observation/fruit_morphology"
2,"CA64","FD","08/08/22","M7",1,"Cordia","Cordia_dwyeri","blast.sebas.class","zoochory","species","Tesis Gustavo Delgado Martínez"
2,"CA64","FD","08/08/22","M15",3,"Ficus","Ficus_tonduzii","blast.sebas.class","zoochory","genus","field_observation/fruit_morphology"
2,"CA64","FD","08/08/22","M50",7,"Cecropia","Cecropia_insignis","blast.sebas.class","zoochory","species","field_observation"
2,"OG52","FD","08/08/22","M26",2,"Cecropia","Cecropia_garciae","blast.sebas.class","zoochory","species","field_observation"
2,"CR14","CF","09/08/22","M51",7,"Cecropia","Cecropia_utcubambana","vsearch.viri.class","zoochory","genus","field_observation/fruit morphology"
2,"CR14","CF","09/08/22","M52",5,"Trema","Trema_integerrima","blast.sebas.class","zoochory","genus","field_observation/fruit_morphology"
2,"CR14","D","09/08/22","M51",13,"Cecropia","Cecropia_utcubambana","vsearch.viri.class","zoochory","genus","field_observation/fruit morphology"
2,"CR14","FD","09/08/22","M51",10,"Cecropia","Cecropia_utcubambana","vsearch.viri.class","zoochory","genus","field_observation/fruit morphology"
2,"CR14","FD","09/08/22","M52",3,"Trema","Trema_integerrima","blast.sebas.class","zoochory","genus","field_observation/fruit_morphology"
2,"PR34","C","09/08/22","M3",9,"Nectandra","Nectandra_paucinervia","blast.sebas.class","zoochory","genus","field_observation"
2,"PR34","CF","09/08/22","M21",1,"Wettinia","Wettinia_quinaria","blast.sebas.class","zoochory","species","TRY"
2,"PR34","D","09/08/22","M48",7,"Dendropanax","Dendropanax_macrophyllum","blast.sebas.class","zoochory","genus","Figueroa-Esquivel"
2,"PR36","C","09/08/22","M3",1,"Nectandra","Nectandra_paucinervia","blast.sebas.class","zoochory","genus","field_observation"
2,"PR36","C","09/08/22","M4",2,"Piper","Piper_pequeina","blast.sebas.class","zoochory","species","field_observation"
2,"PR36","CF","09/08/22","M3",2,"Nectandra","Nectandra_paucinervia","blast.sebas.class","zoochory","genus","field_observation"
2,"PR36","CF","09/08/22","M4",1,"Piper","Piper_pequeina","blast.sebas.class","zoochory","species","field_observation"
2,"PR36","FD","09/08/22","M3",6,"Nectandra","Nectandra_paucinervia","blast.sebas.class","zoochory","genus","field_observation"
2,"OG42","C","15/08/22","M49",1,"Ficus","Ficus_pertusa","blast.sebas.class","zoochory","species","field_observation"
2,"OG42","CF","15/08/22","M3",7,"Nectandra","Nectandra_paucinervia","blast.sebas.class","zoochory","genus","field_observation"
2,"OG42","FD","15/08/22","M7",7,"Cordia","Cordia_dwyeri","blast.sebas.class","zoochory","species","Tesis Gustavo Delgado Martínez"
2,"OG42","FD","15/08/22","M39",1,"Ficus","Ficus_tonduzii","blast.sebas.class","zoochory","genus","field_observation/fruit_morphology"
2,"OG42","FD","15/08/22","M51",2,"Cecropia","Cecropia_utcubambana","vsearch.viri.class","zoochory","genus","field_observation/fruit morphology"
2,"PR19","CF","15/08/22","M61",4,"Cordia","Cordia_dwyeri","blast.sebas.class","zoochory","species","Tesis Gustavo Delgado Martínez"
2,"PR19","D","15/08/22","M1",6,"Piper","Piper_pequeina","blast.sebas.class","zoochory","species","field_observation"
2,"PR19","D","15/08/22","M3",5,"Nectandra","Nectandra_paucinervia","blast.sebas.class","zoochory","genus","field_observation"
2,"PR19","D","15/08/22","M7",1,"Cordia","Cordia_dwyeri","blast.sebas.class","zoochory","species","Tesis Gustavo Delgado Martínez"
2,"PR19","FD","15/08/22","M60",1,"","","vsearch.viri.class","","",""
2,"PR19","FD","15/08/22","M68",7,"Margaritaria","Margaritaria_nobilis","blast.sebas.class","zoochory","species","TRY"
2,"PR19","FD","15/08/22","M69",4,"","","vsearch.viri.class","","",""
2,"OG41","C","16/08/22","M48",2,"Dendropanax","Dendropanax_macrophyllum","blast.sebas.class","zoochory","genus","Figueroa-Esquivel"
2,"OG41","C","16/08/22","M68",2,"Margaritaria","Margaritaria_nobilis","blast.sebas.class","zoochory","species","TRY"
2,"OG41","CF","16/08/22","M48",1,"Dendropanax","Dendropanax_macrophyllum","blast.sebas.class","zoochory","genus","Figueroa-Esquivel"
2,"OG41","D","16/08/22","M48",13,"Dendropanax","Dendropanax_macrophyllum","blast.sebas.class","zoochory","genus","Figueroa-Esquivel"
3,"CR06","CF","19/08/22","M51",9,"Cecropia","Cecropia_utcubambana","vsearch.viri.class","zoochory","genus","field_observation/fruit morphology"
3,"CR06","D","19/08/22","M29",1,"Annona","Annona_papilionella","blast.sebas.class","zoochory","species","TRY"
3,"CR06","FD","19/08/22","M51",1,"Cecropia","Cecropia_utcubambana","vsearch.viri.class","zoochory","genus","field_observation/fruit morphology"
3,"PR23","D","19/08/22","M7",11,"Cordia","Cordia_dwyeri","blast.sebas.class","zoochory","species","Tesis Gustavo Delgado Martínez"
3,"PR23","D","19/08/22","M9",3,"Banara","Banara_guianensis","blast.sebas.class","zoochory","species","field_observation"
3,"PR23","D","19/08/22","M29",2,"Annona","Annona_papilionella","blast.sebas.class","zoochory","species","TRY"
3,"PR23","FD","19/08/22","M61",4,"Cordia","Cordia_dwyeri","blast.sebas.class","zoochory","species","Tesis Gustavo Delgado Martínez"
3,"PR26","C","19/08/22","M70",1,"Coussapoa","Coussapoa_villosa","blast.sebas.class","","",""
3,"PR26","CF","19/08/22","M1",40,"Piper","Piper_pequeina","blast.sebas.class","zoochory","species","field_observation"
3,"PR26","D","19/08/22","M1",50,"Piper","Piper_pequeina","blast.sebas.class","zoochory","species","field_observation"
3,"PR26","D","19/08/22","M29",1,"Annona","Annona_papilionella","blast.sebas.class","zoochory","species","TRY"
3,"PR26","FD","19/08/22","M25",1,"Piper","Piper_grande","blast.sebas.class","zoochory","genus","field_observation"
3,"PR26","FD","19/08/22","M25",1,"Piper","Piper_grande","blast.sebas.class","zoochory","species","field_observation"
3,"CR04","C","22/08/22","M21",1,"Wettinia","Wettinia_quinaria","blast.sebas.class","zoochory","species","TRY"
3,"CR04","D","22/08/22","M72",2,"Byrsonima","Byrsonima_putumayensis","blast.sebas.class","zoochory","genus","Pereira et al. 2022"
3,"CR04","FD","22/08/22","M3",1,"Nectandra","Nectandra_paucinervia","blast.sebas.class","zoochory","genus","field_observation"
3,"OG38","CF","22/08/22","M12",1,NA,NA,"vsearch.viri.class",NA,NA,NA
3,"OG38","D","22/08/22","M21",1,"Wettinia","Wettinia_quinaria","blast.sebas.class","zoochory","species","TRY"
3,"OG38","D","22/08/22","M27",1,"Nectandra","Nectandra_paucinervia","blast.sebas.class","zoochory","genus","field_observation"
3,"OG38","FD","22/08/22","M71",2,"Ocotea","Ocotea_insularis","blast.sebas.class","zoochory","species","TRY"
3,"OG39","C","22/08/22","M52",3,"Trema","Trema_integerrima","blast.sebas.class","zoochory","genus","field_observation/fruit_morphology"
3,"OG39","CF","22/08/22","M3",2,"Nectandra","Nectandra_paucinervia","blast.sebas.class","zoochory","genus","field_observation"
3,"OG39","D","22/08/22","M68",6,"Margaritaria","Margaritaria_nobilis","blast.sebas.class","zoochory","species","TRY"
3,"OG39","FD","22/08/22","M3",1,"Nectandra","Nectandra_paucinervia","blast.sebas.class","zoochory","genus","field_observation"
3,"PR21","CF","22/08/22","M11",2,"Hieronyma","Hieronyma_macrocarpa","blast.sebas.class","zoochory","genus","field_observation/fruit_morphology"
3,"PR21","CF","22/08/22","M73",1,"Compsoneura","Compsoneura_mutisii","blast.sebas.class","zoochory","genus","genus/fruit morphology"
3,"PR21","D","22/08/22","M51",7,"Cecropia","Cecropia_utcubambana","vsearch.viri.class","zoochory","genus","field_observation/fruit morphology"
3,"PR21","FD","22/08/22","M51",2,"Cecropia","Cecropia_utcubambana","vsearch.viri.class","zoochory","genus","field_observation/fruit morphology"
3,"CA62","FD","23/08/22","M32",13,"Dendropanax","Dendropanax_macrophyllum","blast.sebas.class","zoochory","genus","Figueroa-Esquivel"
3,"CR05","C","23/08/22","M43",12,"Banara","Banara_guianensis","blast.sebas.class","zoochory","species","field_observation"
3,"CR05","CF","23/08/22","M3",4,"Nectandra","Nectandra_paucinervia","blast.sebas.class","zoochory","genus","field_observation"
3,"CR05","CF","23/08/22","M7",1,"Cordia","Cordia_dwyeri","blast.sebas.class","zoochory","species","Tesis Gustavo Delgado Martínez"
3,"CR05","CF","23/08/22","M29",5,"Annona","Annona_papilionella","blast.sebas.class","zoochory","species","TRY"
3,"CR05","D","23/08/22","M3",5,"Nectandra","Nectandra_paucinervia","blast.sebas.class","zoochory","genus","field_observation"
3,"CR05","D","23/08/22","M29",8,"Annona","Annona_papilionella","blast.sebas.class","zoochory","species","TRY"
3,"CR05","D","23/08/22","M75",1,NA,NA,"vsearch.viri.class",NA,NA,NA
3,"CR05","FD","23/08/22","M3",10,"Nectandra","Nectandra_paucinervia","blast.sebas.class","zoochory","genus","field_observation"
3,"PA57","C","23/08/22","M15",8,"Ficus","Ficus_tonduzii","blast.sebas.class","zoochory","genus","field_observation/fruit_morphology"
3,"PA57","C","23/08/22","M29",3,"Annona","Annona_papilionella","blast.sebas.class","zoochory","species","TRY"
3,"PA57","C","23/08/22","M32",45,"Dendropanax","Dendropanax_macrophyllum","blast.sebas.class","zoochory","genus","Figueroa-Esquivel"
3,"PA57","D","23/08/22","M15",4,"Ficus","Ficus_tonduzii","blast.sebas.class","zoochory","genus","field_observation/fruit_morphology"
3,"PA57","FD","23/08/22","M29",1,"Annona","Annona_papilionella","blast.sebas.class","zoochory","species","TRY"
3,"PR22","C","23/08/22","M3",5,"Nectandra","Nectandra_paucinervia","blast.sebas.class","zoochory","genus","field_observation"
3,"PR22","C","23/08/22","M29",18,"Annona","Annona_papilionella","blast.sebas.class","zoochory","species","TRY"
3,"PR22","CF","23/08/22","M1",9,"Piper","Piper_pequeina","blast.sebas.class","zoochory","species","field_observation"
3,"PR22","CF","23/08/22","M3",8,"Nectandra","Nectandra_paucinervia","blast.sebas.class","zoochory","genus","field_observation"
3,"PR22","D","23/08/22","M3",11,"Nectandra","Nectandra_paucinervia","blast.sebas.class","zoochory","genus","field_observation"
3,"PR22","D","23/08/22","M7",1,"Cordia","Cordia_dwyeri","blast.sebas.class","zoochory","species","Tesis Gustavo Delgado Martínez"
3,"PR22","D","23/08/22","M26",1,"Cecropia","Cecropia_garciae","blast.sebas.class","zoochory","species","field_observation"
3,"PR22","D","23/08/22","M29",1,"Annona","Annona_papilionella","blast.sebas.class","zoochory","species","TRY"
3,"PR22","FD","23/08/22","M3",8,"Nectandra","Nectandra_paucinervia","blast.sebas.class","zoochory","genus","field_observation"
3,"PR22","FD","23/08/22","M26",7,"Cecropia","Cecropia_garciae","blast.sebas.class","zoochory","species","field_observation"
3,"PR22","FD","23/08/22","M29",1,"Annona","Annona_papilionella","blast.sebas.class","zoochory","species","TRY"
3,"CR10","C","25/08/22","M26",4,"Cecropia","Cecropia_garciae","blast.sebas.class","zoochory","species","field_observation"
3,"CR10","CF","25/08/22","M26",2,"Cecropia","Cecropia_garciae","blast.sebas.class","zoochory","species","field_observation"
3,"CR10","CF","25/08/22","M51",1,"Cecropia","Cecropia_utcubambana","vsearch.viri.class","zoochory","genus","field_observation/fruit morphology"
3,"CR10","D","25/08/22","M26",11,"Cecropia","Cecropia_garciae","blast.sebas.class","zoochory","species","field_observation"
3,"CR10","FD","25/08/22","M26",17,"Cecropia","Cecropia_garciae","blast.sebas.class","zoochory","species","field_observation"
3,"CR11","C","25/08/22","M37",31,"Pouteria","Pouteria_caimito","blast.sebas.class","zoochory","species","TRY"
3,"CR11","CF","25/08/22","M11",1,"Hieronyma","Hieronyma_macrocarpa","blast.sebas.class","zoochory","genus","field_observation/fruit_morphology"
3,"CR11","CF","25/08/22","M37",28,"Pouteria","Pouteria_caimito","blast.sebas.class","zoochory","species","TRY"
3,"CR11","CF","25/08/22","M55",1,"Inga","Inga_ruiziana","blast.sebas.class","zoochory","species","field_observation"
3,"CR11","D","25/08/22","M37",26,"Pouteria","Pouteria_caimito","blast.sebas.class","zoochory","species","TRY"
3,"CR11","FD","25/08/22","M37",13,"Pouteria","Pouteria_caimito","blast.sebas.class","zoochory","species","TRY"
3,"OG45","C","25/08/22","M11",1,"Hieronyma","Hieronyma_macrocarpa","blast.sebas.class","zoochory","genus","field_observation/fruit_morphology"
3,"OG45","C","25/08/22","M76",1,"Aegiphila","Aegiphila_alba","blast.sebas.class","zoochory","genus","Moura et al. 2011 "
3,"OG45","C","25/08/22","M76",1,"Aegiphila","Aegiphila_alba","blast.sebas.class","zoochory","genus","Moura et al. 2012"
3,"OG45","C","25/08/22","M76",1,"Aegiphila","Aegiphila_alba","blast.sebas.class","zoochory","genus","Moura et al. 2013"
3,"OG45","FD","25/08/22","M77",15,"Ficus","Ficus_pertusa","blast.sebas.class","zoochory","species","field_observation"
3,"OG46","C","25/08/22","M11",1,"Hieronyma","Hieronyma_macrocarpa","blast.sebas.class","zoochory","genus","field_observation/fruit_morphology"
3,"OG46","D","25/08/22","M7",1,"Cordia","Cordia_dwyeri","blast.sebas.class","zoochory","species","Tesis Gustavo Delgado Martínez"
3,"PR31","C","25/08/22","M37",14,"Pouteria","Pouteria_caimito","blast.sebas.class","zoochory","species","TRY"
3,"PR31","CF","25/08/22","M37",22,"Pouteria","Pouteria_caimito","blast.sebas.class","zoochory","species","TRY"
3,"PR31","D","25/08/22","M11",1,"Hieronyma","Hieronyma_macrocarpa","blast.sebas.class","zoochory","genus","field_observation/fruit_morphology"
3,"PR31","FD","25/08/22","M55",3,"Inga","Inga_ruiziana","blast.sebas.class","zoochory","species","field_observation"
3,"CR09","C","26/08/22","M3",3,"Nectandra","Nectandra_paucinervia","blast.sebas.class","zoochory","genus","field_observation"
3,"CR09","C","26/08/22","M79",7,"","","vsearch.viri.class","","",""
3,"CR09","CF","26/08/22","M3",20,"Nectandra","Nectandra_paucinervia","blast.sebas.class","zoochory","genus","field_observation"
3,"CR09","CF","26/08/22","M11",6,"Hieronyma","Hieronyma_macrocarpa","blast.sebas.class","zoochory","genus","field_observation/fruit_morphology"
3,"CR09","CF","26/08/22","M44",2,"Piper","Piper_grande","blast.sebas.class","zoochory","genus","field_observation"
3,"CR09","CF","26/08/22","M44",2,"Piper","Piper_grande","blast.sebas.class","zoochory","species","field_observation"
3,"CR09","D","26/08/22","M3",6,"Nectandra","Nectandra_paucinervia","blast.sebas.class","zoochory","genus","field_observation"
3,"CR09","D","26/08/22","M19",5,"Saurauia","Saurauia_herthae","blast.sebas.class","zoochory","genus","Pool 1998"
3,"CR09","D","26/08/22","M19",5,"Saurauia","Saurauia_herthae","blast.sebas.class","zoochory","genus","Pool 1999"
3,"CR09","D","26/08/22","M19",5,"Saurauia","Saurauia_herthae","blast.sebas.class","zoochory","genus","Pool 2000"
3,"CR09","FD","26/08/22","M1",48,"Piper","Piper_pequeina","blast.sebas.class","zoochory","species","field_observation"
3,"CR09","FD","26/08/22","M3",27,"Nectandra","Nectandra_paucinervia","blast.sebas.class","zoochory","genus","field_observation"
3,"CR09","FD","26/08/22","M59",15,"Cecropia","Cecropia_garciae","blast.sebas.class","zoochory","species","field_observation"
3,"CR09","FD","26/08/22","M74",2,"Aegiphila","Aegiphila_alba","blast.sebas.class","zoochory","genus","Moura et al. 2011 "
3,"CR09","FD","26/08/22","M74",2,"Aegiphila","Aegiphila_alba","blast.sebas.class","zoochory","genus","Moura et al. 2012"
3,"CR09","FD","26/08/22","M74",2,"Aegiphila","Aegiphila_alba","blast.sebas.class","zoochory","genus","Moura et al. 2013"
3,"CA63","C","29/08/22","M3",7,"Nectandra","Nectandra_paucinervia","blast.sebas.class","zoochory","genus","field_observation"
3,"CA63","C","29/08/22","M26",8,"Cecropia","Cecropia_garciae","blast.sebas.class","zoochory","species","field_observation"
3,"CA63","CF","29/08/22","M3",3,"Nectandra","Nectandra_paucinervia","blast.sebas.class","zoochory","genus","field_observation"
3,"CA63","CF","29/08/22","M15",1,"Ficus","Ficus_tonduzii","blast.sebas.class","zoochory","genus","field_observation/fruit_morphology"
3,"CA63","CF","29/08/22","M26",5,"Cecropia","Cecropia_garciae","blast.sebas.class","zoochory","species","field_observation"
3,"CA63","CF","29/08/22","M31",14,"Cordia","Cordia_dwyeri","blast.sebas.class","zoochory","species","Tesis Gustavo Delgado Martínez"
3,"CA63","D","29/08/22","M3",2,"Nectandra","Nectandra_paucinervia","blast.sebas.class","zoochory","genus","field_observation"
3,"CA63","D","29/08/22","M11",1,"Hieronyma","Hieronyma_macrocarpa","blast.sebas.class","zoochory","genus","field_observation/fruit_morphology"
3,"CA63","D","29/08/22","M26",12,"Cecropia","Cecropia_garciae","blast.sebas.class","zoochory","species","field_observation"
3,"CA63","D","29/08/22","M37",4,"Pouteria","Pouteria_caimito","blast.sebas.class","zoochory","species","TRY"
3,"CA63","FD","29/08/22","M3",3,"Nectandra","Nectandra_paucinervia","blast.sebas.class","zoochory","genus","field_observation"
3,"CA63","FD","29/08/22","M26",1,"Cecropia","Cecropia_garciae","blast.sebas.class","zoochory","species","field_observation"
3,"CA64","C","29/08/22","M15",19,"Ficus","Ficus_tonduzii","blast.sebas.class","zoochory","genus","field_observation/fruit_morphology"
3,"CA64","C","29/08/22","M26",1,"Cecropia","Cecropia_garciae","blast.sebas.class","zoochory","species","field_observation"
3,"CA64","CF","29/08/22","M3",4,"Nectandra","Nectandra_paucinervia","blast.sebas.class","zoochory","genus","field_observation"
3,"CA64","CF","29/08/22","M12",1,NA,NA,"vsearch.viri.class",NA,NA,NA
3,"CA64","CF","29/08/22","M15",15,"Ficus","Ficus_tonduzii","blast.sebas.class","zoochory","genus","field_observation/fruit_morphology"
3,"CA64","CF","29/08/22","M50",19,"Cecropia","Cecropia_insignis","blast.sebas.class","zoochory","species","field_observation"
3,"CA64","D","29/08/22","M3",24,"Nectandra","Nectandra_paucinervia","blast.sebas.class","zoochory","genus","field_observation"
3,"CA64","D","29/08/22","M11",1,"Hieronyma","Hieronyma_macrocarpa","blast.sebas.class","zoochory","genus","field_observation/fruit_morphology"
3,"CA64","D","29/08/22","M15",35,"Ficus","Ficus_tonduzii","blast.sebas.class","zoochory","genus","field_observation/fruit_morphology"
3,"CA64","D","29/08/22","M26",1,"Cecropia","Cecropia_garciae","blast.sebas.class","zoochory","species","field_observation"
3,"CA64","D","29/08/22","M50",7,"Cecropia","Cecropia_insignis","blast.sebas.class","zoochory","species","field_observation"
3,"CA64","D","29/08/22","M80",24,"Banara","Banara_guianensis","blast.sebas.class","zoochory","species","field_observation"
3,"CA64","FD","29/08/22","M3",2,"Nectandra","Nectandra_paucinervia","blast.sebas.class","zoochory","genus","field_observation"
3,"CA64","FD","29/08/22","M11",1,"Hieronyma","Hieronyma_macrocarpa","blast.sebas.class","zoochory","genus","field_observation/fruit_morphology"
3,"CA64","FD","29/08/22","M15",11,"Ficus","Ficus_tonduzii","blast.sebas.class","zoochory","genus","field_observation/fruit_morphology"
3,"CA64","FD","29/08/22","M39",2,"Ficus","Ficus_tonduzii","blast.sebas.class","zoochory","genus","field_observation/fruit_morphology"
3,"CA64","FD","29/08/22","M50",7,"Cecropia","Cecropia_insignis","blast.sebas.class","zoochory","species","field_observation"
3,"CA64","FD","29/08/22","M78",1,"Chrysophyllum","Chrysophyllum_venezuelanense","blast.sebas.class","zoochory","species","Brewer 2002"
3,"OG52","C","29/08/22","M56",1,"Cecropia","Cecropia_insignis","blast.sebas.class","zoochory","species","field_observation"
3,"OG52","D","29/08/22","M26",1,"Cecropia","Cecropia_garciae","blast.sebas.class","zoochory","species","field_observation"
3,"OG52","D","29/08/22","M55",1,"Inga","Inga_ruiziana","blast.sebas.class","zoochory","species","field_observation"
3,"OG52","FD","29/08/22","M56",4,"Cecropia","Cecropia_insignis","blast.sebas.class","zoochory","species","field_observation"
3,"OG52","FD","29/08/22","M70",7,"Coussapoa","Coussapoa_villosa","blast.sebas.class","","",""
3,"CR14","C","30/08/22","M37",2,"Pouteria","Pouteria_caimito","blast.sebas.class","zoochory","species","TRY"
3,"CR14","C","30/08/22","M59",1,"Cecropia","Cecropia_garciae","blast.sebas.class","zoochory","species","field_observation"
3,"CR14","CF","30/08/22","M51",3,"Cecropia","Cecropia_utcubambana","vsearch.viri.class","zoochory","genus","field_observation/fruit morphology"
3,"CR14","D","30/08/22","M51",16,"Cecropia","Cecropia_utcubambana","vsearch.viri.class","zoochory","genus","field_observation/fruit morphology"
3,"CR14","FD","30/08/22","M7",8,"Cordia","Cordia_dwyeri","blast.sebas.class","zoochory","species","Tesis Gustavo Delgado Martínez"
3,"CR14","FD","30/08/22","M51",14,"Cecropia","Cecropia_utcubambana","vsearch.viri.class","zoochory","genus","field_observation/fruit morphology"
3,"CR14","FD","30/08/22","M52",1,"Trema","Trema_integerrima","blast.sebas.class","zoochory","genus","field_observation/fruit_morphology"
3,"PR34","C","30/08/22","M3",7,"Nectandra","Nectandra_paucinervia","blast.sebas.class","zoochory","genus","field_observation"
3,"PR34","C","30/08/22","M24",6,"Vismia","Vismia_baccifera","blast.sebas.class","zoochory","species","field_observation"
3,"PR34","C","30/08/22","M59",3,"Cecropia","Cecropia_garciae","blast.sebas.class","zoochory","species","field_observation"
3,"PR34","CF","30/08/22","M36",9,"Piper","Piper_pequeina","blast.sebas.class","zoochory","species","field_observation"
3,"PR34","CF","30/08/22","M52",3,"Trema","Trema_integerrima","blast.sebas.class","zoochory","genus","field_observation/fruit_morphology"
3,"PR34","CF","30/08/22","M67",2,"Compsoneura","Compsoneura_mutisii","blast.sebas.class","zoochory","genus","genus/fruit morphology"
3,"PR34","D","30/08/22","M77",6,"Ficus","Ficus_pertusa","blast.sebas.class","zoochory","species","field_observation"
3,"PR34","FD","30/08/22","M29",1,"Annona","Annona_papilionella","blast.sebas.class","zoochory","species","TRY"
3,"PR36","C","30/08/22","M3",4,"Nectandra","Nectandra_paucinervia","blast.sebas.class","zoochory","genus","field_observation"
3,"PR36","C","30/08/22","M55",8,"Inga","Inga_ruiziana","blast.sebas.class","zoochory","species","field_observation"
3,"PR36","CF","30/08/22","M3",11,"Nectandra","Nectandra_paucinervia","blast.sebas.class","zoochory","genus","field_observation"
3,"PR36","CF","30/08/22","M15",2,"Ficus","Ficus_tonduzii","blast.sebas.class","zoochory","genus","field_observation/fruit_morphology"
3,"PR36","D","30/08/22","M3",10,"Nectandra","Nectandra_paucinervia","blast.sebas.class","zoochory","genus","field_observation"
3,"PR36","D","30/08/22","M21",1,"Wettinia","Wettinia_quinaria","blast.sebas.class","zoochory","species","TRY"
3,"PR36","D","30/08/22","M27",1,"Nectandra","Nectandra_paucinervia","blast.sebas.class","zoochory","genus","field_observation"
3,"PR36","FD","30/08/22","M3",10,"Nectandra","Nectandra_paucinervia","blast.sebas.class","zoochory","genus","field_observation"
3,"PR36","FD","30/08/22","M11",1,"Hieronyma","Hieronyma_macrocarpa","blast.sebas.class","zoochory","genus","field_observation/fruit_morphology"
3,"OG49","C","31/08/22","M7",4,"Cordia","Cordia_dwyeri","blast.sebas.class","zoochory","species","Tesis Gustavo Delgado Martínez"
3,"OG49","C","31/08/22","M11",1,"Hieronyma","Hieronyma_macrocarpa","blast.sebas.class","zoochory","genus","field_observation/fruit_morphology"
3,"OG49","C","31/08/22","M78",1,"Chrysophyllum","Chrysophyllum_venezuelanense","blast.sebas.class","zoochory","species","Brewer 2002"
3,"OG49","CF","31/08/22","M11",3,"Hieronyma","Hieronyma_macrocarpa","blast.sebas.class","zoochory","genus","field_observation/fruit_morphology"
3,"OG49","CF","31/08/22","M17",3,"Pouteria","Pouteria_caimito","blast.sebas.class","zoochory","species","TRY"
3,"OG49","D","31/08/22","M70",4,"Coussapoa","Coussapoa_villosa","blast.sebas.class","","",""
3,"OG49","FD","31/08/22","M7",3,"Cordia","Cordia_dwyeri","blast.sebas.class","zoochory","species","Tesis Gustavo Delgado Martínez"
3,"OG49","FD","31/08/22","M13",1,"Coussapoa","Coussapoa_contorta","blast.sebas.class","","",""
3,"OG49","FD","31/08/22","M68",3,"Margaritaria","Margaritaria_nobilis","blast.sebas.class","zoochory","species","TRY"
3,"OG42","CF","05/09/22","M3",5,"Nectandra","Nectandra_paucinervia","blast.sebas.class","zoochory","genus","field_observation"
3,"OG42","D","05/09/22","M3",1,"Nectandra","Nectandra_paucinervia","blast.sebas.class","zoochory","genus","field_observation"
3,"OG42","D","05/09/22","M7",20,"Cordia","Cordia_dwyeri","blast.sebas.class","zoochory","species","Tesis Gustavo Delgado Martínez"
3,"OG42","D","05/09/22","M11",1,"Hieronyma","Hieronyma_macrocarpa","blast.sebas.class","zoochory","genus","field_observation/fruit_morphology"
3,"OG42","FD","05/09/22","M3",3,"Nectandra","Nectandra_paucinervia","blast.sebas.class","zoochory","genus","field_observation"
3,"OG42","FD","05/09/22","M7",6,"Cordia","Cordia_dwyeri","blast.sebas.class","zoochory","species","Tesis Gustavo Delgado Martínez"
3,"OG42","FD","05/09/22","M11",1,"Hieronyma","Hieronyma_macrocarpa","blast.sebas.class","zoochory","genus","field_observation/fruit_morphology"
3,"PR19","D","05/09/22","M7",1,"Cordia","Cordia_dwyeri","blast.sebas.class","zoochory","species","Tesis Gustavo Delgado Martínez"
3,"PR19","D","05/09/22","M68",6,"Margaritaria","Margaritaria_nobilis","blast.sebas.class","zoochory","species","TRY"
3,"PR19","FD","05/09/22","M3",1,"Nectandra","Nectandra_paucinervia","blast.sebas.class","zoochory","genus","field_observation"
3,"PR19","FD","05/09/22","M13",4,"Coussapoa","Coussapoa_contorta","blast.sebas.class","","",""
3,"PR19","FD","05/09/22","M69",10,"","","vsearch.viri.class","","",""
3,"OG41","D","06/09/22","M70",8,"Coussapoa","Coussapoa_villosa","blast.sebas.class","","",""
3,"OG41","FD","06/09/22","M71",3,"Ocotea","Ocotea_insularis","blast.sebas.class","zoochory","species","TRY"
3,"PA54","C","06/09/22","M64",1,"Compsoneura","Compsoneura_mutisii","blast.sebas.class","zoochory","genus","genus/fruit morphology"
3,"CR02","C","07/09/22","M3",1,"Nectandra","Nectandra_paucinervia","blast.sebas.class","zoochory","genus","field_observation"
3,"CR02","CF","07/09/22","M3",1,"Nectandra","Nectandra_paucinervia","blast.sebas.class","zoochory","genus","field_observation"
3,"CR02","CF","07/09/22","M11",1,"Hieronyma","Hieronyma_macrocarpa","blast.sebas.class","zoochory","genus","field_observation/fruit_morphology"
3,"CR02","D","07/09/22","M3",2,"Nectandra","Nectandra_paucinervia","blast.sebas.class","zoochory","genus","field_observation"
3,"CR02","D","07/09/22","M31",10,"Cordia","Cordia_dwyeri","blast.sebas.class","zoochory","species","Tesis Gustavo Delgado Martínez"
3,"CR13","C","07/09/22","M15",1,"Ficus","Ficus_tonduzii","blast.sebas.class","zoochory","genus","field_observation/fruit_morphology"
3,"CR13","C","07/09/22","M68",1,"Margaritaria","Margaritaria_nobilis","blast.sebas.class","zoochory","species","TRY"
3,"CR13","CF","07/09/22","M7",1,"Cordia","Cordia_dwyeri","blast.sebas.class","zoochory","species","Tesis Gustavo Delgado Martínez"
3,"CR13","CF","07/09/22","M11",2,"Hieronyma","Hieronyma_macrocarpa","blast.sebas.class","zoochory","genus","field_observation/fruit_morphology"
3,"CR13","CF","07/09/22","M69",2,"","","vsearch.viri.class","","",""
3,"CR13","D","07/09/22","M11",1,"Hieronyma","Hieronyma_macrocarpa","blast.sebas.class","zoochory","genus","field_observation/fruit_morphology"
3,"CR13","D","07/09/22","M31",1,"Cordia","Cordia_dwyeri","blast.sebas.class","zoochory","species","Tesis Gustavo Delgado Martínez"
3,"PA55","C","07/09/22","M33",3,"Cecropia","Cecropia_insignis","blast.sebas.class","zoochory","species","field_observation"
3,"PA55","D","07/09/22","M58",1,"Endlicheria","Endlicheria_sp.1","blast.sebas.class","","",""
3,"PA55","FD","07/09/22","M33",1,"Cecropia","Cecropia_insignis","blast.sebas.class","zoochory","species","field_observation"
3,"PR33","C","07/09/22","M61",5,"Cordia","Cordia_dwyeri","blast.sebas.class","zoochory","species","Tesis Gustavo Delgado Martínez"
3,"PR33","CF","07/09/22","M11",4,"Hieronyma","Hieronyma_macrocarpa","blast.sebas.class","zoochory","genus","field_observation/fruit_morphology"
3,"PR33","CF","07/09/22","M31",1,"Cordia","Cordia_dwyeri","blast.sebas.class","zoochory","species","Tesis Gustavo Delgado Martínez"
3,"PR33","CF","07/09/22","M60",1,"","","vsearch.viri.class","","",""
4,"CR06","C","09/01/23","M7",1,"Cordia","Cordia_dwyeri","blast.sebas.class","zoochory","species","Tesis Gustavo Delgado Martínez"
4,"CR06","C","09/01/23","M48",2,"Dendropanax","Dendropanax_macrophyllum","blast.sebas.class","zoochory","genus","Figueroa-Esquivel"
4,"CR06","C","09/01/23","M69",33,"","","vsearch.viri.class","","",""
4,"CR06","CF","09/01/23","M56",12,"Cecropia","Cecropia_insignis","blast.sebas.class","zoochory","species","field_observation"
4,"CR06","CF","09/01/23","M84",22,"Piptocoma","Piptocoma_discolor","blast.sebas.class","anemochory","species","TRY"
4,"CR06","D","09/01/23","M48",1,"Dendropanax","Dendropanax_macrophyllum","blast.sebas.class","zoochory","genus","Figueroa-Esquivel"
4,"CR06","FD","09/01/23","M7",41,"Cordia","Cordia_dwyeri","blast.sebas.class","zoochory","species","Tesis Gustavo Delgado Martínez"
4,"CR06","FD","09/01/23","M70",3,"Coussapoa","Coussapoa_villosa","blast.sebas.class","","",""
4,"PR23","D","09/01/23","M60",1,"","","vsearch.viri.class","","",""
4,"CR04","C","10/01/23","M13",44,"Coussapoa","Coussapoa_contorta","blast.sebas.class","","",""
4,"CR04","C","10/01/23","M37",1,"Pouteria","Pouteria_caimito","blast.sebas.class","zoochory","species","TRY"
4,"CR04","C","10/01/23","M57",1,"","","vsearch.viri.class","","",""
4,"CR04","D","10/01/23","M62",5,"Salacia","Salacia_juruana","blast.sebas.class","","",""
4,"OG38","CF","10/01/23","M3",1,"Nectandra","Nectandra_paucinervia","blast.sebas.class","zoochory","genus","field_observation"
4,"OG38","D","10/01/23","M3",1,"Nectandra","Nectandra_paucinervia","blast.sebas.class","zoochory","genus","field_observation"
4,"PR21","CF","10/01/23","M51",5,"Cecropia","Cecropia_utcubambana","vsearch.viri.class","zoochory","genus","field_observation/fruit morphology"
4,"PR21","CF","10/01/23","M85",1,"","","vsearch.viri.class","","",""
4,"PR21","D","10/01/23","M27",4,"Nectandra","Nectandra_paucinervia","blast.sebas.class","zoochory","genus","field_observation"
4,"PR21","D","10/01/23","M51",6,"Cecropia","Cecropia_utcubambana","vsearch.viri.class","zoochory","genus","field_observation/fruit morphology"
4,"PR21","FD","10/01/23","M51",20,"Cecropia","Cecropia_utcubambana","vsearch.viri.class","zoochory","genus","field_observation/fruit morphology"
4,"CA62","C","11/01/23","M15",10,"Ficus","Ficus_tonduzii","blast.sebas.class","zoochory","genus","field_observation/fruit_morphology"
4,"CA62","CF","11/01/23","M15",10,"Ficus","Ficus_tonduzii","blast.sebas.class","zoochory","genus","field_observation/fruit_morphology"
4,"CA62","D","11/01/23","M15",13,"Ficus","Ficus_tonduzii","blast.sebas.class","zoochory","genus","field_observation/fruit_morphology"
4,"CA62","FD","11/01/23","M15",6,"Ficus","Ficus_tonduzii","blast.sebas.class","zoochory","genus","field_observation/fruit_morphology"
4,"CR05","C","11/01/23","M3",16,"Nectandra","Nectandra_paucinervia","blast.sebas.class","zoochory","genus","field_observation"
4,"CR05","C","11/01/23","M15",1,"Ficus","Ficus_tonduzii","blast.sebas.class","zoochory","genus","field_observation/fruit_morphology"
4,"CR05","CF","11/01/23","M72",1,"Byrsonima","Byrsonima_putumayensis","blast.sebas.class","zoochory","genus","Pereira et al. 2022"
4,"CR05","D","11/01/23","M3",1,"Nectandra","Nectandra_paucinervia","blast.sebas.class","zoochory","genus","field_observation"
4,"CR05","D","11/01/23","M29",1,"Annona","Annona_papilionella","blast.sebas.class","zoochory","species","TRY"
4,"CR05","D","11/01/23","M77",1,"Ficus","Ficus_pertusa","blast.sebas.class","zoochory","species","field_observation"
4,"CR05","FD","11/01/23","M3",17,"Nectandra","Nectandra_paucinervia","blast.sebas.class","zoochory","genus","field_observation"
4,"CR05","FD","11/01/23","M7",1,"Cordia","Cordia_dwyeri","blast.sebas.class","zoochory","species","Tesis Gustavo Delgado Martínez"
4,"PA57","D","11/01/23","M60",1,"","","vsearch.viri.class","","",""
4,"PA57","FD","11/01/23","M15",18,"Ficus","Ficus_tonduzii","blast.sebas.class","zoochory","genus","field_observation/fruit_morphology"
4,"PA57","FD","11/01/23","M82",3,"Licania","Licania_longicuspidata","blast.sebas.class","zoochory","genus","field_observation"
4,"PR22","D","11/01/23","M37",29,"Pouteria","Pouteria_caimito","blast.sebas.class","zoochory","species","TRY"
4,"CR10","D","12/01/23","M7",1,"Cordia","Cordia_dwyeri","blast.sebas.class","zoochory","species","Tesis Gustavo Delgado Martínez"
4,"CR11","C","12/01/23","M37",42,"Pouteria","Pouteria_caimito","blast.sebas.class","zoochory","species","TRY"
4,"CR11","CF","12/01/23","M37",14,"Pouteria","Pouteria_caimito","blast.sebas.class","zoochory","species","TRY"
4,"CR11","CF","12/01/23","M80",2,"Banara","Banara_guianensis","blast.sebas.class","zoochory","species","field_observation"
4,"CR11","D","12/01/23","M37",23,"Pouteria","Pouteria_caimito","blast.sebas.class","zoochory","species","TRY"
4,"CR11","FD","12/01/23","M37",13,"Pouteria","Pouteria_caimito","blast.sebas.class","zoochory","species","TRY"
4,"CR11","FD","12/01/23","M80",3,"Banara","Banara_guianensis","blast.sebas.class","zoochory","species","field_observation"
4,"OG45","C","12/01/23","M82",2,"Licania","Licania_longicuspidata","blast.sebas.class","zoochory","genus","field_observation"
4,"OG45","CF","12/01/23","M37",6,"Pouteria","Pouteria_caimito","blast.sebas.class","zoochory","species","TRY"
4,"OG45","D","12/01/23","M20",16,"Piptocoma","Piptocoma_discolor","blast.sebas.class","anemochory","species","TRY"
4,"OG45","FD","12/01/23","M37",1,"Pouteria","Pouteria_caimito","blast.sebas.class","zoochory","species","TRY"
4,"OG46","C","12/01/23","M7",2,"Cordia","Cordia_dwyeri","blast.sebas.class","zoochory","species","Tesis Gustavo Delgado Martínez"
4,"OG46","FD","12/01/23","M3",2,"Nectandra","Nectandra_paucinervia","blast.sebas.class","zoochory","genus","field_observation"
4,"OG46","FD","12/01/23","M7",3,"Cordia","Cordia_dwyeri","blast.sebas.class","zoochory","species","Tesis Gustavo Delgado Martínez"
4,"PR31","C","12/01/23","M37",1,"Pouteria","Pouteria_caimito","blast.sebas.class","zoochory","species","TRY"
4,"PR31","C","12/01/23","M79",1,"","","vsearch.viri.class","","",""
4,"PR31","CF","12/01/23","M37",1,"Pouteria","Pouteria_caimito","blast.sebas.class","zoochory","species","TRY"
4,"PR31","D","12/01/23","M37",1,"Pouteria","Pouteria_caimito","blast.sebas.class","zoochory","species","TRY"
4,"PR31","D","12/01/23","M52",1,"Trema","Trema_integerrima","blast.sebas.class","zoochory","genus","field_observation/fruit_morphology"
4,"PR31","D","12/01/23","M84",1,"Piptocoma","Piptocoma_discolor","blast.sebas.class","anemochory","species","TRY"
4,"PR31","FD","12/01/23","M37",1,"Pouteria","Pouteria_caimito","blast.sebas.class","zoochory","species","TRY"
4,"CR09","C","13/01/23","M3",17,"Nectandra","Nectandra_paucinervia","blast.sebas.class","zoochory","genus","field_observation"
4,"CR09","C","13/01/23","M7",6,"Cordia","Cordia_dwyeri","blast.sebas.class","zoochory","species","Tesis Gustavo Delgado Martínez"
4,"CR09","CF","13/01/23","M3",3,"Nectandra","Nectandra_paucinervia","blast.sebas.class","zoochory","genus","field_observation"
4,"CR09","CF","13/01/23","M7",1,"Cordia","Cordia_dwyeri","blast.sebas.class","zoochory","species","Tesis Gustavo Delgado Martínez"
4,"CR09","D","13/01/23","M86",2,"Theobroma","Theobroma_cacao","blast.sebas.class","zoochory","species","field_observation"
4,"CR09","FD","13/01/23","M3",6,"Nectandra","Nectandra_paucinervia","blast.sebas.class","zoochory","genus","field_observation"
4,"CR09","FD","13/01/23","M7",10,"Cordia","Cordia_dwyeri","blast.sebas.class","zoochory","species","Tesis Gustavo Delgado Martínez"
4,"CA63","D","16/01/23","M3",5,"Nectandra","Nectandra_paucinervia","blast.sebas.class","zoochory","genus","field_observation"
4,"CA64","C","16/01/23","M3",2,"Nectandra","Nectandra_paucinervia","blast.sebas.class","zoochory","genus","field_observation"
4,"CA64","C","16/01/23","M15",4,"Ficus","Ficus_tonduzii","blast.sebas.class","zoochory","genus","field_observation/fruit_morphology"
4,"CA64","CF","16/01/23","M15",23,"Ficus","Ficus_tonduzii","blast.sebas.class","zoochory","genus","field_observation/fruit_morphology"
4,"CA64","CF","16/01/23","M50",12,"Cecropia","Cecropia_insignis","blast.sebas.class","zoochory","species","field_observation"
4,"CA64","D","16/01/23","M15",16,"Ficus","Ficus_tonduzii","blast.sebas.class","zoochory","genus","field_observation/fruit_morphology"
4,"CA64","FD","16/01/23","M50",8,"Cecropia","Cecropia_insignis","blast.sebas.class","zoochory","species","field_observation"
4,"CR14","C","17/01/23","M3",1,"Nectandra","Nectandra_paucinervia","blast.sebas.class","zoochory","genus","field_observation"
4,"CR14","C","17/01/23","M7",3,"Cordia","Cordia_dwyeri","blast.sebas.class","zoochory","species","Tesis Gustavo Delgado Martínez"
4,"CR14","C","17/01/23","M37",1,"Pouteria","Pouteria_caimito","blast.sebas.class","zoochory","species","TRY"
4,"CR14","CF","17/01/23","M51",8,"Cecropia","Cecropia_utcubambana","vsearch.viri.class","zoochory","genus","field_observation/fruit morphology"
4,"CR14","D","17/01/23","M7",1,"Cordia","Cordia_dwyeri","blast.sebas.class","zoochory","species","Tesis Gustavo Delgado Martínez"
4,"CR14","D","17/01/23","M51",2,"Cecropia","Cecropia_utcubambana","vsearch.viri.class","zoochory","genus","field_observation/fruit morphology"
4,"CR14","FD","17/01/23","M7",3,"Cordia","Cordia_dwyeri","blast.sebas.class","zoochory","species","Tesis Gustavo Delgado Martínez"
4,"CR14","FD","17/01/23","M37",2,"Pouteria","Pouteria_caimito","blast.sebas.class","zoochory","species","TRY"
4,"PR34","C","17/01/23","M3",8,"Nectandra","Nectandra_paucinervia","blast.sebas.class","zoochory","genus","field_observation"
4,"PR36","C","17/01/23","M3",1,"Nectandra","Nectandra_paucinervia","blast.sebas.class","zoochory","genus","field_observation"
4,"PR36","CF","17/01/23","M15",1,"Ficus","Ficus_tonduzii","blast.sebas.class","zoochory","genus","field_observation/fruit_morphology"
4,"PR36","D","17/01/23","M3",7,"Nectandra","Nectandra_paucinervia","blast.sebas.class","zoochory","genus","field_observation"
4,"PR36","D","17/01/23","M55",1,"Inga","Inga_ruiziana","blast.sebas.class","zoochory","species","field_observation"
4,"PR36","FD","17/01/23","M3",22,"Nectandra","Nectandra_paucinervia","blast.sebas.class","zoochory","genus","field_observation"
4,"OG49","C","18/01/23","M87",5,NA,NA,"vsearch.viri.class",NA,NA,NA
4,"OG49","CF","18/01/23","M51",1,"Cecropia","Cecropia_utcubambana","vsearch.viri.class","zoochory","genus","field_observation/fruit morphology"
4,"OG49","CF","18/01/23","M81",6,"Pouteria","Pouteria_sapota","blast.sebas.class","zoochory","genus","field_observation/fruit_morphology"
4,"OG49","CF","18/01/23","M87",1,NA,NA,"vsearch.viri.class",NA,NA,NA
4,"OG42","CF","23/01/23","M43",1,"Banara","Banara_guianensis","blast.sebas.class","zoochory","species","field_observation"
4,"OG42","D","23/01/23","M56",3,"Cecropia","Cecropia_insignis","blast.sebas.class","zoochory","species","field_observation"
4,"OG42","FD","23/01/23","M51",3,"Cecropia","Cecropia_utcubambana","vsearch.viri.class","zoochory","genus","field_observation/fruit morphology"
4,"OG42","FD","23/01/23","M56",3,"Cecropia","Cecropia_insignis","blast.sebas.class","zoochory","species","field_observation"
4,"OG42","FD","23/01/23","M88",3,"Sciodaphyllum","Sciodaphyllum_pedicillatum","blast.sebas.class","","",""
4,"OG42","FD","23/01/23","M89",3,"Casearia","Casearia_arborea","blast.sebas.class","zoochory","species","TRY"
4,"PR19","CF","23/01/23","M61",2,"Cordia","Cordia_dwyeri","blast.sebas.class","zoochory","species","Tesis Gustavo Delgado Martínez"
4,"PR19","D","23/01/23","M1",23,"Piper","Piper_pequeina","blast.sebas.class","zoochory","species","field_observation"
4,"PR19","FD","23/01/23","M3",5,"Nectandra","Nectandra_paucinervia","blast.sebas.class","zoochory","genus","field_observation"
4,"PR19","FD","23/01/23","M7",3,"Cordia","Cordia_dwyeri","blast.sebas.class","zoochory","species","Tesis Gustavo Delgado Martínez"
4,"OG41","CF","24/01/23","M91",1,"Guarea","Guarea_macrophylla","blast.sebas.class","zoochory","species","TRY"
4,"OG41","D","24/01/23","M90",1,NA,NA,"vsearch.viri.class",NA,NA,NA
4,"CR02","C","25/01/23","M3",1,"Nectandra","Nectandra_paucinervia","blast.sebas.class","zoochory","genus","field_observation"
4,"CR02","C","25/01/23","M13",1,"Coussapoa","Coussapoa_contorta","blast.sebas.class","","",""
4,"CR02","CF","25/01/23","M7",2,"Cordia","Cordia_dwyeri","blast.sebas.class","zoochory","species","Tesis Gustavo Delgado Martínez"
4,"CR02","D","25/01/23","M7",1,"Cordia","Cordia_dwyeri","blast.sebas.class","zoochory","species","Tesis Gustavo Delgado Martínez"
4,"CR13","C","25/01/23","M15",2,"Ficus","Ficus_tonduzii","blast.sebas.class","zoochory","genus","field_observation/fruit_morphology"
4,"CR13","C","25/01/23","M31",8,"Cordia","Cordia_dwyeri","blast.sebas.class","zoochory","species","Tesis Gustavo Delgado Martínez"
4,"CR13","C","25/01/23","M80",2,"Banara","Banara_guianensis","blast.sebas.class","zoochory","species","field_observation"
4,"CR13","D","25/01/23","M15",1,"Ficus","Ficus_tonduzii","blast.sebas.class","zoochory","genus","field_observation/fruit_morphology"
4,"CR13","D","25/01/23","M80",1,"Banara","Banara_guianensis","blast.sebas.class","zoochory","species","field_observation"
4,"CR13","FD","25/01/23","M15",1,"Ficus","Ficus_tonduzii","blast.sebas.class","zoochory","genus","field_observation/fruit_morphology"
4,"CR13","FD","25/01/23","M80",3,"Banara","Banara_guianensis","blast.sebas.class","zoochory","species","field_observation"
4,"PA55","C","25/01/23","M37",12,"Pouteria","Pouteria_caimito","blast.sebas.class","zoochory","species","TRY"
5,"CR06","C","30/01/23","M7",13,"Cordia","Cordia_dwyeri","blast.sebas.class","zoochory","species","Tesis Gustavo Delgado Martínez"
5,"CR06","CF","30/01/23","M7",7,"Cordia","Cordia_dwyeri","blast.sebas.class","zoochory","species","Tesis Gustavo Delgado Martínez"
5,"CR06","D","30/01/23","M3",1,"Nectandra","Nectandra_paucinervia","blast.sebas.class","zoochory","genus","field_observation"
5,"CR06","D","30/01/23","M7",1,"Cordia","Cordia_dwyeri","blast.sebas.class","zoochory","species","Tesis Gustavo Delgado Martínez"
5,"CR06","FD","30/01/23","M7",7,"Cordia","Cordia_dwyeri","blast.sebas.class","zoochory","species","Tesis Gustavo Delgado Martínez"
5,"PR23","C","30/01/23","M55",1,"Inga","Inga_ruiziana","blast.sebas.class","zoochory","species","field_observation"
5,"PR23","D","30/01/23","M7",9,"Cordia","Cordia_dwyeri","blast.sebas.class","zoochory","species","Tesis Gustavo Delgado Martínez"
5,"PR23","FD","30/01/23","M92",1,NA,NA,"vsearch.viri.class",NA,NA,NA
5,"PR26","C","30/01/23","M1",1,"Piper","Piper_pequeina","blast.sebas.class","zoochory","species","field_observation"
5,"PR26","C","30/01/23","M7",2,"Cordia","Cordia_dwyeri","blast.sebas.class","zoochory","species","Tesis Gustavo Delgado Martínez"
5,"PR26","CF","30/01/23","M7",15,"Cordia","Cordia_dwyeri","blast.sebas.class","zoochory","species","Tesis Gustavo Delgado Martínez"
5,"PR26","D","30/01/23","M3",4,"Nectandra","Nectandra_paucinervia","blast.sebas.class","zoochory","genus","field_observation"
5,"PR26","D","30/01/23","M7",3,"Cordia","Cordia_dwyeri","blast.sebas.class","zoochory","species","Tesis Gustavo Delgado Martínez"
5,"PR26","FD","30/01/23","M3",2,"Nectandra","Nectandra_paucinervia","blast.sebas.class","zoochory","genus","field_observation"
5,"PR26","FD","30/01/23","M7",3,"Cordia","Cordia_dwyeri","blast.sebas.class","zoochory","species","Tesis Gustavo Delgado Martínez"
5,"PR26","FD","30/01/23","M46",1,"Sciodaphyllum","Sciodaphyllum_pedicillatum","blast.sebas.class","","",""
5,"OG38","D","31/01/23","M93",1,NA,NA,"vsearch.viri.class",NA,NA,NA
5,"OG39","CF","31/01/23","M21",1,"Wettinia","Wettinia_quinaria","blast.sebas.class","zoochory","species","TRY"
5,"OG39","CF","31/01/23","M37",1,"Pouteria","Pouteria_caimito","blast.sebas.class","zoochory","species","TRY"
5,"OG39","FD","31/01/23","M85",1,"","","vsearch.viri.class","","",""
5,"PR21","FD","31/01/23","M3",1,"Nectandra","Nectandra_paucinervia","blast.sebas.class","zoochory","genus","field_observation"
5,"CR05","C","01/02/23","M3",6,"Nectandra","Nectandra_paucinervia","blast.sebas.class","zoochory","genus","field_observation"
5,"CR05","C","01/02/23","M7",2,"Cordia","Cordia_dwyeri","blast.sebas.class","zoochory","species","Tesis Gustavo Delgado Martínez"
5,"CR05","CF","01/02/23","M3",1,"Nectandra","Nectandra_paucinervia","blast.sebas.class","zoochory","genus","field_observation"
5,"CR05","D","01/02/23","M3",6,"Nectandra","Nectandra_paucinervia","blast.sebas.class","zoochory","genus","field_observation"
5,"CR05","D","01/02/23","M7",2,"Cordia","Cordia_dwyeri","blast.sebas.class","zoochory","species","Tesis Gustavo Delgado Martínez"
5,"CR05","D","01/02/23","M29",1,"Annona","Annona_papilionella","blast.sebas.class","zoochory","species","TRY"
5,"CR05","FD","01/02/23","M3",16,"Nectandra","Nectandra_paucinervia","blast.sebas.class","zoochory","genus","field_observation"
5,"PA57","C","01/02/23","M15",2,"Ficus","Ficus_tonduzii","blast.sebas.class","zoochory","genus","field_observation/fruit_morphology"
5,"PA57","CF","01/02/23","M15",16,"Ficus","Ficus_tonduzii","blast.sebas.class","zoochory","genus","field_observation/fruit_morphology"
5,"PA57","FD","01/02/23","M15",1,"Ficus","Ficus_tonduzii","blast.sebas.class","zoochory","genus","field_observation/fruit_morphology"
5,"PR22","C","01/02/23","M3",3,"Nectandra","Nectandra_paucinervia","blast.sebas.class","zoochory","genus","field_observation"
5,"PR22","C","01/02/23","M7",1,"Cordia","Cordia_dwyeri","blast.sebas.class","zoochory","species","Tesis Gustavo Delgado Martínez"
5,"PR22","C","01/02/23","M15",1,"Ficus","Ficus_tonduzii","blast.sebas.class","zoochory","genus","field_observation/fruit_morphology"
5,"PR22","D","01/02/23","M7",12,"Cordia","Cordia_dwyeri","blast.sebas.class","zoochory","species","Tesis Gustavo Delgado Martínez"
5,"PR22","D","01/02/23","M36",10,"Piper","Piper_pequeina","blast.sebas.class","zoochory","species","field_observation"
5,"PR22","FD","01/02/23","M37",17,"Pouteria","Pouteria_caimito","blast.sebas.class","zoochory","species","TRY"
5,"CR10","CF","02/02/23","M7",2,"Cordia","Cordia_dwyeri","blast.sebas.class","zoochory","species","Tesis Gustavo Delgado Martínez"
5,"CR10","FD","02/02/23","M7",8,"Cordia","Cordia_dwyeri","blast.sebas.class","zoochory","species","Tesis Gustavo Delgado Martínez"
5,"CR11","C","02/02/23","M37",10,"Pouteria","Pouteria_caimito","blast.sebas.class","zoochory","species","TRY"
5,"CR11","CF","02/02/23","M7",7,"Cordia","Cordia_dwyeri","blast.sebas.class","zoochory","species","Tesis Gustavo Delgado Martínez"
5,"CR11","CF","02/02/23","M37",3,"Pouteria","Pouteria_caimito","blast.sebas.class","zoochory","species","TRY"
5,"CR11","D","02/02/23","M37",4,"Pouteria","Pouteria_caimito","blast.sebas.class","zoochory","species","TRY"
5,"CR11","D","02/02/23","M68",2,"Margaritaria","Margaritaria_nobilis","blast.sebas.class","zoochory","species","TRY"
5,"CR11","FD","02/02/23","M94",4,"Tetrorchidium","Tetrorchidium_andinum","blast.sebas.class","zoochory","species","field_observation"
5,"OG45","C","02/02/23","M83",2,"Urena","Urena_lobata","vsearch.viri.class",NA,NA,NA
5,"OG45","CF","02/02/23","M95",1,"Margaritaria","Margaritaria_nobilis","blast.sebas.class","zoochory","species","TRY"
5,"OG46","CF","02/02/23","M7",3,"Cordia","Cordia_dwyeri","blast.sebas.class","zoochory","species","Tesis Gustavo Delgado Martínez"
5,"OG46","CF","02/02/23","M83",1,"Urena","Urena_lobata","vsearch.viri.class",NA,NA,NA
5,"OG46","FD","02/02/23","M7",1,"Cordia","Cordia_dwyeri","blast.sebas.class","zoochory","species","Tesis Gustavo Delgado Martínez"
5,"CR09","C","03/02/23","M3",12,"Nectandra","Nectandra_paucinervia","blast.sebas.class","zoochory","genus","field_observation"
5,"CR09","C","03/02/23","M7",2,"Cordia","Cordia_dwyeri","blast.sebas.class","zoochory","species","Tesis Gustavo Delgado Martínez"
5,"CR09","C","03/02/23","M80",16,"Banara","Banara_guianensis","blast.sebas.class","zoochory","species","field_observation"
5,"CR09","CF","03/02/23","M3",6,"Nectandra","Nectandra_paucinervia","blast.sebas.class","zoochory","genus","field_observation"
5,"CR09","CF","03/02/23","M7",3,"Cordia","Cordia_dwyeri","blast.sebas.class","zoochory","species","Tesis Gustavo Delgado Martínez"
5,"CR09","FD","03/02/23","M3",5,"Nectandra","Nectandra_paucinervia","blast.sebas.class","zoochory","genus","field_observation"
5,"CR09","FD","03/02/23","M7",7,"Cordia","Cordia_dwyeri","blast.sebas.class","zoochory","species","Tesis Gustavo Delgado Martínez"
5,"CA63","C","06/02/23","M3",3,"Nectandra","Nectandra_paucinervia","blast.sebas.class","zoochory","genus","field_observation"
5,"CA63","CF","06/02/23","M70",1,"Coussapoa","Coussapoa_villosa","blast.sebas.class","","",""
5,"CA63","D","06/02/23","M3",2,"Nectandra","Nectandra_paucinervia","blast.sebas.class","zoochory","genus","field_observation"
5,"CA63","FD","06/02/23","M3",2,"Nectandra","Nectandra_paucinervia","blast.sebas.class","zoochory","genus","field_observation"
5,"CA64","C","06/02/23","M3",5,"Nectandra","Nectandra_paucinervia","blast.sebas.class","zoochory","genus","field_observation"
5,"CA64","C","06/02/23","M15",4,"Ficus","Ficus_tonduzii","blast.sebas.class","zoochory","genus","field_observation/fruit_morphology"
5,"CA64","CF","06/02/23","M15",21,"Ficus","Ficus_tonduzii","blast.sebas.class","zoochory","genus","field_observation/fruit_morphology"
5,"CA64","CF","06/02/23","M50",5,"Cecropia","Cecropia_insignis","blast.sebas.class","zoochory","species","field_observation"
5,"CA64","D","06/02/23","M3",9,"Nectandra","Nectandra_paucinervia","blast.sebas.class","zoochory","genus","field_observation"
5,"CA64","D","06/02/23","M7",1,"Cordia","Cordia_dwyeri","blast.sebas.class","zoochory","species","Tesis Gustavo Delgado Martínez"
5,"CA64","D","06/02/23","M15",5,"Ficus","Ficus_tonduzii","blast.sebas.class","zoochory","genus","field_observation/fruit_morphology"
5,"CA64","D","06/02/23","M50",1,"Cecropia","Cecropia_insignis","blast.sebas.class","zoochory","species","field_observation"
5,"CA64","FD","06/02/23","M50",4,"Cecropia","Cecropia_insignis","blast.sebas.class","zoochory","species","field_observation"
5,"CR14","C","07/02/23","M3",3,"Nectandra","Nectandra_paucinervia","blast.sebas.class","zoochory","genus","field_observation"
5,"CR14","C","07/02/23","M96",2,"Sapium","Sapium_glandulosum","blast.sebas.class","zoochory","species","TRY"
5,"CR14","CF","07/02/23","M3",1,"Nectandra","Nectandra_paucinervia","blast.sebas.class","zoochory","genus","field_observation"
5,"PR34","C","07/02/23","M7",5,"Cordia","Cordia_dwyeri","blast.sebas.class","zoochory","species","Tesis Gustavo Delgado Martínez"
5,"PR34","C","07/02/23","M97",2,"Coussarea","Coussarea_latifolia","blast.sebas.class","zoochory","species","field_observation"
5,"PR34","CF","07/02/23","M51",3,"Cecropia","Cecropia_utcubambana","vsearch.viri.class","zoochory","genus","field_observation/fruit morphology"
5,"PR34","D","07/02/23","M7",3,"Cordia","Cordia_dwyeri","blast.sebas.class","zoochory","species","Tesis Gustavo Delgado Martínez"
5,"PR34","FD","07/02/23","M7",2,"Cordia","Cordia_dwyeri","blast.sebas.class","zoochory","species","Tesis Gustavo Delgado Martínez"
5,"PR36","CF","07/02/23","M3",13,"Nectandra","Nectandra_paucinervia","blast.sebas.class","zoochory","genus","field_observation"
5,"PR36","D","07/02/23","M3",15,"Nectandra","Nectandra_paucinervia","blast.sebas.class","zoochory","genus","field_observation"
5,"PR36","D","07/02/23","M7",1,"Cordia","Cordia_dwyeri","blast.sebas.class","zoochory","species","Tesis Gustavo Delgado Martínez"
5,"PR36","FD","07/02/23","M3",8,"Nectandra","Nectandra_paucinervia","blast.sebas.class","zoochory","genus","field_observation"
5,"PR36","FD","07/02/23","M7",3,"Cordia","Cordia_dwyeri","blast.sebas.class","zoochory","species","Tesis Gustavo Delgado Martínez"
5,"OG49","C","08/02/23","M87",1,NA,NA,"vsearch.viri.class",NA,NA,NA
5,"OG49","CF","08/02/23","M87",3,NA,NA,"vsearch.viri.class",NA,NA,NA
5,"OG49","D","08/02/23","M3",1,"Nectandra","Nectandra_paucinervia","blast.sebas.class","zoochory","genus","field_observation"
5,"OG49","D","08/02/23","M7",5,"Cordia","Cordia_dwyeri","blast.sebas.class","zoochory","species","Tesis Gustavo Delgado Martínez"
5,"OG49","FD","08/02/23","M7",2,"Cordia","Cordia_dwyeri","blast.sebas.class","zoochory","species","Tesis Gustavo Delgado Martínez"
5,"OG49","FD","08/02/23","M17",1,"Pouteria","Pouteria_caimito","blast.sebas.class","zoochory","species","TRY"
5,"OG42","C","13/02/23","M56",1,"Cecropia","Cecropia_insignis","blast.sebas.class","zoochory","species","field_observation"
5,"OG42","CF","13/02/23","M3",2,"Nectandra","Nectandra_paucinervia","blast.sebas.class","zoochory","genus","field_observation"
5,"OG42","CF","13/02/23","M7",2,"Cordia","Cordia_dwyeri","blast.sebas.class","zoochory","species","Tesis Gustavo Delgado Martínez"
5,"OG42","CF","13/02/23","M37",1,"Pouteria","Pouteria_caimito","blast.sebas.class","zoochory","species","TRY"
5,"OG42","FD","13/02/23","M3",1,"Nectandra","Nectandra_paucinervia","blast.sebas.class","zoochory","genus","field_observation"
5,"OG42","FD","13/02/23","M7",5,"Cordia","Cordia_dwyeri","blast.sebas.class","zoochory","species","Tesis Gustavo Delgado Martínez"
5,"PR19","D","13/02/23","M3",1,"Nectandra","Nectandra_paucinervia","blast.sebas.class","zoochory","genus","field_observation"
5,"PR19","D","13/02/23","M7",2,"Cordia","Cordia_dwyeri","blast.sebas.class","zoochory","species","Tesis Gustavo Delgado Martínez"
5,"PR19","FD","13/02/23","M3",1,"Nectandra","Nectandra_paucinervia","blast.sebas.class","zoochory","genus","field_observation"
5,"OG41","D","14/02/23","M7",1,"Cordia","Cordia_dwyeri","blast.sebas.class","zoochory","species","Tesis Gustavo Delgado Martínez"
5,"OG41","D","14/02/23","M70",6,"Coussapoa","Coussapoa_villosa","blast.sebas.class","","",""
5,"OG41","FD","14/02/23","M91",6,"Guarea","Guarea_macrophylla","blast.sebas.class","zoochory","species","TRY"
5,"CR02","C","15/02/23","M3",1,"Nectandra","Nectandra_paucinervia","blast.sebas.class","zoochory","genus","field_observation"
5,"CR02","C","15/02/23","M98",1,"Vismia","Vismia_baccifera","blast.sebas.class","zoochory","species","field_observation"
5,"CR02","CF","15/02/23","M7",3,"Cordia","Cordia_dwyeri","blast.sebas.class","zoochory","species","Tesis Gustavo Delgado Martínez"
5,"CR02","D","15/02/23","M3",3,"Nectandra","Nectandra_paucinervia","blast.sebas.class","zoochory","genus","field_observation"
5,"CR13","C","15/02/23","M99",14,"Cordia","Cordia_alliodora","blast.sebas.class","anemochory","species","TRY"
5,"CR13","CF","15/02/23","M15",5,"Ficus","Ficus_tonduzii","blast.sebas.class","zoochory","genus","field_observation/fruit_morphology"
5,"CR13","CF","15/02/23","M99",6,"Cordia","Cordia_alliodora","blast.sebas.class","anemochory","species","TRY"
5,"CR13","D","15/02/23","M3",2,"Nectandra","Nectandra_paucinervia","blast.sebas.class","zoochory","genus","field_observation"
5,"CR13","D","15/02/23","M99",2,"Cordia","Cordia_alliodora","blast.sebas.class","anemochory","species","TRY"
5,"PA55","CF","15/02/23","M94",1,"Tetrorchidium","Tetrorchidium_andinum","blast.sebas.class","zoochory","species","field_observation"
5,"PR33","C","15/02/23","M4",1,"Piper","Piper_pequeina","blast.sebas.class","zoochory","species","field_observation"
5,"PR33","C","15/02/23","M60",5,"","","vsearch.viri.class","","",""
5,"PR33","CF","15/02/23","M99",2,"Cordia","Cordia_alliodora","blast.sebas.class","anemochory","species","TRY"
6,"CR06","C","20/02/23","M7",1,"Cordia","Cordia_dwyeri","blast.sebas.class","zoochory","species","Tesis Gustavo Delgado Martínez"
6,"CR06","C","20/02/23","M17",1,"Pouteria","Pouteria_caimito","blast.sebas.class","zoochory","species","TRY"
6,"CR06","FD","20/02/23","M3",1,"Nectandra","Nectandra_paucinervia","blast.sebas.class","zoochory","genus","field_observation"
6,"CR06","FD","20/02/23","M46",1,"Sciodaphyllum","Sciodaphyllum_pedicillatum","blast.sebas.class","","",""
6,"PR23","CF","20/02/23","M7",3,"Cordia","Cordia_dwyeri","blast.sebas.class","zoochory","species","Tesis Gustavo Delgado Martínez"
6,"PR23","D","20/02/23","M7",3,"Cordia","Cordia_dwyeri","blast.sebas.class","zoochory","species","Tesis Gustavo Delgado Martínez"
6,"PR26","C","20/02/23","M100",8,"Palicourea","Palicourea_chignul","blast.sebas.class","zoochory","species","Taylor 1997"
6,"PR26","C","20/02/23","M100",8,"Palicourea","Palicourea_chignul","blast.sebas.class","zoochory","species","Taylor 1998"
6,"PR26","C","20/02/23","M100",8,"Palicourea","Palicourea_chignul","blast.sebas.class","zoochory","species","Taylor 1999"
6,"PR26","CF","20/02/23","M70",4,"Coussapoa","Coussapoa_villosa","blast.sebas.class","","",""
6,"PR26","D","20/02/23","M100",4,"Palicourea","Palicourea_chignul","blast.sebas.class","zoochory","species","Taylor 1997"
6,"PR26","D","20/02/23","M100",4,"Palicourea","Palicourea_chignul","blast.sebas.class","zoochory","species","Taylor 1998"
6,"PR26","D","20/02/23","M100",4,"Palicourea","Palicourea_chignul","blast.sebas.class","zoochory","species","Taylor 1999"
6,"PR26","FD","20/02/23","M84",7,"Piptocoma","Piptocoma_discolor","blast.sebas.class","anemochory","species","TRY"
6,"OG39","C","22/02/23","M70",1,"Coussapoa","Coussapoa_villosa","blast.sebas.class","","",""
6,"PR21","CF","22/02/23","M15",1,"Ficus","Ficus_tonduzii","blast.sebas.class","zoochory","genus","field_observation/fruit_morphology"
6,"PR21","FD","22/02/23","M94",13,"Tetrorchidium","Tetrorchidium_andinum","blast.sebas.class","zoochory","species","field_observation"
6,"CA62","CF","23/02/23","M15",18,"Ficus","Ficus_tonduzii","blast.sebas.class","zoochory","genus","field_observation/fruit_morphology"
6,"CR05","C","23/02/23","M3",10,"Nectandra","Nectandra_paucinervia","blast.sebas.class","zoochory","genus","field_observation"
6,"CR05","C","23/02/23","M7",1,"Cordia","Cordia_dwyeri","blast.sebas.class","zoochory","species","Tesis Gustavo Delgado Martínez"
6,"CR05","CF","23/02/23","M4",5,"Piper","Piper_pequeina","blast.sebas.class","zoochory","species","field_observation"
6,"CR05","D","23/02/23","M3",3,"Nectandra","Nectandra_paucinervia","blast.sebas.class","zoochory","genus","field_observation"
6,"CR05","FD","23/02/23","M3",21,"Nectandra","Nectandra_paucinervia","blast.sebas.class","zoochory","genus","field_observation"
6,"PA57","C","23/02/23","M15",7,"Ficus","Ficus_tonduzii","blast.sebas.class","zoochory","genus","field_observation/fruit_morphology"
6,"PA57","D","23/02/23","M3",1,"Nectandra","Nectandra_paucinervia","blast.sebas.class","zoochory","genus","field_observation"
6,"PA57","D","23/02/23","M59",16,"Cecropia","Cecropia_garciae","blast.sebas.class","zoochory","species","field_observation"
6,"PA57","D","23/02/23","M69",1,"","","vsearch.viri.class","","",""
6,"PA57","FD","23/02/23","M15",2,"Ficus","Ficus_tonduzii","blast.sebas.class","zoochory","genus","field_observation/fruit_morphology"
6,"PR22","C","23/02/23","M3",1,"Nectandra","Nectandra_paucinervia","blast.sebas.class","zoochory","genus","field_observation"
6,"PR22","C","23/02/23","M7",1,"Cordia","Cordia_dwyeri","blast.sebas.class","zoochory","species","Tesis Gustavo Delgado Martínez"
6,"PR22","CF","23/02/23","M3",2,"Nectandra","Nectandra_paucinervia","blast.sebas.class","zoochory","genus","field_observation"
6,"PR22","CF","23/02/23","M59",2,"Cecropia","Cecropia_garciae","blast.sebas.class","zoochory","species","field_observation"
6,"PR22","FD","23/02/23","M1",44,"Piper","Piper_pequeina","blast.sebas.class","zoochory","species","field_observation"
6,"OG42","CF","24/02/23","M3",1,"Nectandra","Nectandra_paucinervia","blast.sebas.class","zoochory","genus","field_observation"
6,"OG42","CF","24/02/23","M15",2,"Ficus","Ficus_tonduzii","blast.sebas.class","zoochory","genus","field_observation/fruit_morphology"
6,"OG42","FD","24/02/23","M56",2,"Cecropia","Cecropia_insignis","blast.sebas.class","zoochory","species","field_observation"
6,"PR19","D","24/02/23","M3",1,"Nectandra","Nectandra_paucinervia","blast.sebas.class","zoochory","genus","field_observation"
6,"CR02","C","28/02/23","M80",122,"Banara","Banara_guianensis","blast.sebas.class","zoochory","species","field_observation"
6,"CR02","D","28/02/23","M3",1,"Nectandra","Nectandra_paucinervia","blast.sebas.class","zoochory","genus","field_observation"
6,"CR02","FD","28/02/23","M101",9,"Aegiphila","Aegiphila_alba","blast.sebas.class","zoochory","genus","Moura et al. 2011 "
6,"CR02","FD","28/02/23","M101",9,"Aegiphila","Aegiphila_alba","blast.sebas.class","zoochory","genus","Moura et al. 2012"
6,"CR02","FD","28/02/23","M101",9,"Aegiphila","Aegiphila_alba","blast.sebas.class","zoochory","genus","Moura et al. 2013"
6,"CR13","C","28/02/23","M99",4,"Cordia","Cordia_alliodora","blast.sebas.class","anemochory","species","TRY"
6,"CR13","CF","28/02/23","M15",1,"Ficus","Ficus_tonduzii","blast.sebas.class","zoochory","genus","field_observation/fruit_morphology"
6,"CR13","D","28/02/23","M15",3,"Ficus","Ficus_tonduzii","blast.sebas.class","zoochory","genus","field_observation/fruit_morphology"
2,"CR13","FD","28/02/23","M15",1,"Ficus","Ficus_tonduzii","blast.sebas.class","zoochory","genus","field_observation/fruit_morphology"
6,"PR33","C","28/02/23","M60",5,"","","vsearch.viri.class","","",""
6,"PR33","C","28/02/23","M64",5,"Compsoneura","Compsoneura_mutisii","blast.sebas.class","zoochory","genus","genus/fruit morphology"
6,"PR33","D","28/02/23","M64",2,"Compsoneura","Compsoneura_mutisii","blast.sebas.class","zoochory","genus","genus/fruit morphology"
6,"PR33","FD","28/02/23","M7",1,"Cordia","Cordia_dwyeri","blast.sebas.class","zoochory","species","Tesis Gustavo Delgado Martínez"
6,"PR33","FD","28/02/23","M15",1,"Ficus","Ficus_tonduzii","blast.sebas.class","zoochory","genus","field_observation/fruit_morphology"
6,"CR10","CF","01/03/23","M100",1,"Palicourea","Palicourea_chignul","blast.sebas.class","zoochory","species","Taylor 1997"
6,"CR10","CF","01/03/23","M100",1,"Palicourea","Palicourea_chignul","blast.sebas.class","zoochory","species","Taylor 1998"
6,"CR10","CF","01/03/23","M100",1,"Palicourea","Palicourea_chignul","blast.sebas.class","zoochory","species","Taylor 1999"
6,"CR10","D","01/03/23","M7",1,"Cordia","Cordia_dwyeri","blast.sebas.class","zoochory","species","Tesis Gustavo Delgado Martínez"
6,"CR11","C","01/03/23","M7",3,"Cordia","Cordia_dwyeri","blast.sebas.class","zoochory","species","Tesis Gustavo Delgado Martínez"
6,"CR11","CF","01/03/23","M102",1,"Caryodaphnopsis","Caryodaphnopsis_theobromifolia","blast.sebas.class","","",""
6,"CR11","D","01/03/23","M37",14,"Pouteria","Pouteria_caimito","blast.sebas.class","zoochory","species","TRY"
6,"OG45","CF","01/03/23","M88",1,"Sciodaphyllum","Sciodaphyllum_pedicillatum","blast.sebas.class","","",""
6,"OG45","CF","01/03/23","M94",1,"Tetrorchidium","Tetrorchidium_andinum","blast.sebas.class","zoochory","species","field_observation"
6,"PR31","D","01/03/23","M63",6,"Ficus","Ficus_pertusa","blast.sebas.class","zoochory","species","field_observation"
6,"CA64","C","06/03/23","M23",4,"Trema","Trema_micrantha","blast.sebas.class","zoochory","species","field_observation"
6,"CA64","C","06/03/23","M50",2,"Cecropia","Cecropia_insignis","blast.sebas.class","zoochory","species","field_observation"
6,"CA64","C","06/03/23","M100",1,"Palicourea","Palicourea_chignul","blast.sebas.class","zoochory","species","Taylor 1997"
6,"CA64","C","06/03/23","M100",1,"Palicourea","Palicourea_chignul","blast.sebas.class","zoochory","species","Taylor 1998"
6,"CA64","C","06/03/23","M100",1,"Palicourea","Palicourea_chignul","blast.sebas.class","zoochory","species","Taylor 1999"
6,"CA64","CF","06/03/23","M3",1,"Nectandra","Nectandra_paucinervia","blast.sebas.class","zoochory","genus","field_observation"
6,"CA64","CF","06/03/23","M50",12,"Cecropia","Cecropia_insignis","blast.sebas.class","zoochory","species","field_observation"
6,"CA64","CF","06/03/23","M59",1,"Cecropia","Cecropia_garciae","blast.sebas.class","zoochory","species","field_observation"
6,"CA64","D","06/03/23","M3",5,"Nectandra","Nectandra_paucinervia","blast.sebas.class","zoochory","genus","field_observation"
6,"CA64","D","06/03/23","M7",1,"Cordia","Cordia_dwyeri","blast.sebas.class","zoochory","species","Tesis Gustavo Delgado Martínez"
6,"CA64","D","06/03/23","M23",2,"Trema","Trema_micrantha","blast.sebas.class","zoochory","species","field_observation"
6,"CA64","D","06/03/23","M50",2,"Cecropia","Cecropia_insignis","blast.sebas.class","zoochory","species","field_observation"
6,"CA64","D","06/03/23","M51",1,"Cecropia","Cecropia_utcubambana","vsearch.viri.class","zoochory","genus","field_observation/fruit morphology"
6,"CA64","D","06/03/23","M94",6,"Tetrorchidium","Tetrorchidium_andinum","blast.sebas.class","zoochory","species","field_observation"
6,"CA64","FD","06/03/23","M3",2,"Nectandra","Nectandra_paucinervia","blast.sebas.class","zoochory","genus","field_observation"
6,"CA64","FD","06/03/23","M23",1,"Trema","Trema_micrantha","blast.sebas.class","zoochory","species","field_observation"
6,"CA64","FD","06/03/23","M50",16,"Cecropia","Cecropia_insignis","blast.sebas.class","zoochory","species","field_observation"
6,"CR14","C","07/03/23","M59",10,"Cecropia","Cecropia_garciae","blast.sebas.class","zoochory","species","field_observation"
6,"CR14","D","07/03/23","M7",8,"Cordia","Cordia_dwyeri","blast.sebas.class","zoochory","species","Tesis Gustavo Delgado Martínez"
6,"OG49","D","07/03/23","M21",1,"Wettinia","Wettinia_quinaria","blast.sebas.class","zoochory","species","TRY"
6,"OG49","FD","07/03/23","M7",1,"Cordia","Cordia_dwyeri","blast.sebas.class","zoochory","species","Tesis Gustavo Delgado Martínez"
6,"OG49","FD","07/03/23","M81",1,"Pouteria","Pouteria_sapota","blast.sebas.class","zoochory","genus","field_observation/fruit_morphology"
6,"OG49","FD","07/03/23","M83",1,"Urena","Urena_lobata","vsearch.viri.class",NA,NA,NA
6,"PR34","C","07/03/23","M3",5,"Nectandra","Nectandra_paucinervia","blast.sebas.class","zoochory","genus","field_observation"
6,"PR34","CF","07/03/23","M3",1,"Nectandra","Nectandra_paucinervia","blast.sebas.class","zoochory","genus","field_observation"
6,"PR34","CF","07/03/23","M59",1,"Cecropia","Cecropia_garciae","blast.sebas.class","zoochory","species","field_observation"
6,"PR36","C","07/03/23","M3",14,"Nectandra","Nectandra_paucinervia","blast.sebas.class","zoochory","genus","field_observation"
6,"PR36","C","07/03/23","M7",1,"Cordia","Cordia_dwyeri","blast.sebas.class","zoochory","species","Tesis Gustavo Delgado Martínez"
6,"PR36","CF","07/03/23","M3",3,"Nectandra","Nectandra_paucinervia","blast.sebas.class","zoochory","genus","field_observation"
6,"PR36","D","07/03/23","M3",5,"Nectandra","Nectandra_paucinervia","blast.sebas.class","zoochory","genus","field_observation"
6,"PR36","FD","07/03/23","M1",1,"Piper","Piper_pequeina","blast.sebas.class","zoochory","species","field_observation"
6,"PR36","FD","07/03/23","M3",4,"Nectandra","Nectandra_paucinervia","blast.sebas.class","zoochory","genus","field_observation"
6,"CA63","C","08/03/23","M3",3,"Nectandra","Nectandra_paucinervia","blast.sebas.class","zoochory","genus","field_observation"
6,"CA63","CF","08/03/23","M3",7,"Nectandra","Nectandra_paucinervia","blast.sebas.class","zoochory","genus","field_observation"
6,"CA63","FD","08/03/23","M3",1,"Nectandra","Nectandra_paucinervia","blast.sebas.class","zoochory","genus","field_observation"
6,"OG52","FD","08/03/23","M21",2,"Wettinia","Wettinia_quinaria","blast.sebas.class","zoochory","species","TRY"
