"","Plot_ID","observation_ID","timeStart","timeEnd","taxon","species","note","individual_ID","PREX","Matrix","Latitude","Longitude","Elevation","Treatment","Treatment2","Regeneration_year","RegTime","method","Legacy","trait","mean_value_numeric"
"1","CA59","SP04-ARL_230411_CA59_0223","02:21","02:29","Didelphimorphia","Didelphis_marsupialis","","SP04-ARL_230411_CA59_0223-r0157",NA,NA,0.55730998,-79.179868,165,"active cacao","active cacao",NA,0,"camera_trap","cacao","BodyMass",1091.16
"2","CA59","SP04-ARL_230411_CA59_0223","02:21","02:29","Didelphimorphia","Didelphis_marsupialis","","SP04-ARL_230411_CA59_0223-r0157",NA,NA,0.55730998,-79.179868,165,"active cacao","active cacao",NA,0,"camera_trap","cacao","Sex",NA
"3","CA59","SP04-ARL_230411_CA59_0223","02:21","02:29","Didelphimorphia","Didelphis_marsupialis","","SP04-ARL_230411_CA59_0223-r0157",NA,NA,0.55730998,-79.179868,165,"active cacao","active cacao",NA,0,"camera_trap","cacao","acrossincisortipsBreadth",5.53846153846154
"4","CA59","SP04-ARL_230411_CA59_0223","02:21","02:29","Didelphimorphia","Didelphis_marsupialis","","SP04-ARL_230411_CA59_0223-r0157",NA,NA,0.55730998,-79.179868,165,"active cacao","active cacao",NA,0,"camera_trap","cacao","condylobasalLength",81.8276923076923
"5","CA59","SP04-ARL_230411_CA59_0223","02:21","02:29","Didelphimorphia","Didelphis_marsupialis","","SP04-ARL_230411_CA59_0223-r0157",NA,NA,0.55730998,-79.179868,165,"active cacao","active cacao",NA,0,"camera_trap","cacao","earLength",30.9033333333333
"6","CA59","SP04-ARL_230411_CA59_0223","02:21","02:29","Didelphimorphia","Didelphis_marsupialis","","SP04-ARL_230411_CA59_0223-r0157",NA,NA,0.55730998,-79.179868,165,"active cacao","active cacao",NA,0,"camera_trap","cacao","forefootLength",34.285
"7","CA59","SP04-ARL_230411_CA59_0223","02:21","02:29","Didelphimorphia","Didelphis_marsupialis","","SP04-ARL_230411_CA59_0223-r0157",NA,NA,0.55730998,-79.179868,165,"active cacao","active cacao",NA,0,"camera_trap","cacao","forefootWidth",18.5875
"8","CA59","SP04-ARL_230411_CA59_0223","02:21","02:29","Didelphimorphia","Didelphis_marsupialis","","SP04-ARL_230411_CA59_0223-r0157",NA,NA,0.55730998,-79.179868,165,"active cacao","active cacao",NA,0,"camera_trap","cacao","forefootclawLength",6.93
"9","CA59","SP04-ARL_230411_CA59_0223","02:21","02:29","Didelphimorphia","Didelphis_marsupialis","","SP04-ARL_230411_CA59_0223-r0157",NA,NA,0.55730998,-79.179868,165,"active cacao","active cacao",NA,0,"camera_trap","cacao","headandbodyLength",420.31
"10","CA59","SP04-ARL_230411_CA59_0223","02:21","02:29","Didelphimorphia","Didelphis_marsupialis","","SP04-ARL_230411_CA59_0223-r0157",NA,NA,0.55730998,-79.179868,165,"active cacao","active cacao",NA,0,"camera_trap","cacao","hindfootLength",50.59
"11","CA59","SP04-ARL_230411_CA59_0223","02:21","02:29","Didelphimorphia","Didelphis_marsupialis","","SP04-ARL_230411_CA59_0223-r0157",NA,NA,0.55730998,-79.179868,165,"active cacao","active cacao",NA,0,"camera_trap","cacao","hindfootWidth",21.2525
"12","CA59","SP04-ARL_230411_CA59_0223","02:21","02:29","Didelphimorphia","Didelphis_marsupialis","","SP04-ARL_230411_CA59_0223-r0157",NA,NA,0.55730998,-79.179868,165,"active cacao","active cacao",NA,0,"camera_trap","cacao","mandibleDiagonal",56.2
"13","CA59","SP04-ARL_230411_CA59_0223","02:21","02:29","Didelphimorphia","Didelphis_marsupialis","","SP04-ARL_230411_CA59_0223-r0157",NA,NA,0.55730998,-79.179868,165,"active cacao","active cacao",NA,0,"camera_trap","cacao","mandibleLength",66.079
"14","CA59","SP04-ARL_230411_CA59_0223","02:21","02:29","Didelphimorphia","Didelphis_marsupialis","","SP04-ARL_230411_CA59_0223-r0157",NA,NA,0.55730998,-79.179868,165,"active cacao","active cacao",NA,0,"camera_trap","cacao","mandibleWidth",31.816
"15","CA59","SP04-ARL_230411_CA59_0223","02:21","02:29","Didelphimorphia","Didelphis_marsupialis","","SP04-ARL_230411_CA59_0223-r0157",NA,NA,0.55730998,-79.179868,165,"active cacao","active cacao",NA,0,"camera_trap","cacao","mandibularcorpusHeight",13.089
"16","CA59","SP04-ARL_230411_CA59_0223","02:21","02:29","Didelphimorphia","Didelphis_marsupialis","","SP04-ARL_230411_CA59_0223-r0157",NA,NA,0.55730998,-79.179868,165,"active cacao","active cacao",NA,0,"camera_trap","cacao","maxillarytoothrowAlveolarlength",24.7376923076923
"17","CA59","SP04-ARL_230411_CA59_0223","02:21","02:29","Didelphimorphia","Didelphis_marsupialis","","SP04-ARL_230411_CA59_0223-r0157",NA,NA,0.55730998,-79.179868,165,"active cacao","active cacao",NA,0,"camera_trap","cacao","rostrumLength",43.9715384615385
"18","CA59","SP04-ARL_230411_CA59_0223","02:21","02:29","Didelphimorphia","Didelphis_marsupialis","","SP04-ARL_230411_CA59_0223-r0157",NA,NA,0.55730998,-79.179868,165,"active cacao","active cacao",NA,0,"camera_trap","cacao","tailLength",360.74
"19","CA59","SP04-ARL_230411_CA59_0223","02:21","02:29","Didelphimorphia","Didelphis_marsupialis","","SP04-ARL_230411_CA59_0223-r0157",NA,NA,0.55730998,-79.179868,165,"active cacao","active cacao",NA,0,"camera_trap","cacao","vibrissaeLength",59.2575
"20","CA59","SP04-ARL_230411_CA59_0223","02:21","02:29","Didelphimorphia","Didelphis_marsupialis","","SP04-ARL_230411_CA59_0223-r0157",NA,NA,0.55730998,-79.179868,165,"active cacao","active cacao",NA,0,"camera_trap","cacao","zygomaticBreadth",45.3041666666667
"21","CA59","SP04-ARL_230411_CA59_0223","02:37","02:38","Didelphimorphia","Didelphis_marsupialis","","SP04-ARL_230411_CA59_0223-r0158",NA,NA,0.55730998,-79.179868,165,"active cacao","active cacao",NA,0,"camera_trap","cacao","BodyMass",1091.16
"22","CA59","SP04-ARL_230411_CA59_0223","02:37","02:38","Didelphimorphia","Didelphis_marsupialis","","SP04-ARL_230411_CA59_0223-r0158",NA,NA,0.55730998,-79.179868,165,"active cacao","active cacao",NA,0,"camera_trap","cacao","Sex",NA
"23","CA59","SP04-ARL_230411_CA59_0223","02:37","02:38","Didelphimorphia","Didelphis_marsupialis","","SP04-ARL_230411_CA59_0223-r0158",NA,NA,0.55730998,-79.179868,165,"active cacao","active cacao",NA,0,"camera_trap","cacao","acrossincisortipsBreadth",5.53846153846154
"24","CA59","SP04-ARL_230411_CA59_0223","02:37","02:38","Didelphimorphia","Didelphis_marsupialis","","SP04-ARL_230411_CA59_0223-r0158",NA,NA,0.55730998,-79.179868,165,"active cacao","active cacao",NA,0,"camera_trap","cacao","condylobasalLength",81.8276923076923
"25","CA59","SP04-ARL_230411_CA59_0223","02:37","02:38","Didelphimorphia","Didelphis_marsupialis","","SP04-ARL_230411_CA59_0223-r0158",NA,NA,0.55730998,-79.179868,165,"active cacao","active cacao",NA,0,"camera_trap","cacao","earLength",30.9033333333333
"26","CA59","SP04-ARL_230411_CA59_0223","02:37","02:38","Didelphimorphia","Didelphis_marsupialis","","SP04-ARL_230411_CA59_0223-r0158",NA,NA,0.55730998,-79.179868,165,"active cacao","active cacao",NA,0,"camera_trap","cacao","forefootLength",34.285
"27","CA59","SP04-ARL_230411_CA59_0223","02:37","02:38","Didelphimorphia","Didelphis_marsupialis","","SP04-ARL_230411_CA59_0223-r0158",NA,NA,0.55730998,-79.179868,165,"active cacao","active cacao",NA,0,"camera_trap","cacao","forefootWidth",18.5875
"28","CA59","SP04-ARL_230411_CA59_0223","02:37","02:38","Didelphimorphia","Didelphis_marsupialis","","SP04-ARL_230411_CA59_0223-r0158",NA,NA,0.55730998,-79.179868,165,"active cacao","active cacao",NA,0,"camera_trap","cacao","forefootclawLength",6.93
"29","CA59","SP04-ARL_230411_CA59_0223","02:37","02:38","Didelphimorphia","Didelphis_marsupialis","","SP04-ARL_230411_CA59_0223-r0158",NA,NA,0.55730998,-79.179868,165,"active cacao","active cacao",NA,0,"camera_trap","cacao","headandbodyLength",420.31
"30","CA59","SP04-ARL_230411_CA59_0223","02:37","02:38","Didelphimorphia","Didelphis_marsupialis","","SP04-ARL_230411_CA59_0223-r0158",NA,NA,0.55730998,-79.179868,165,"active cacao","active cacao",NA,0,"camera_trap","cacao","hindfootLength",50.59
"31","CA59","SP04-ARL_230411_CA59_0223","02:37","02:38","Didelphimorphia","Didelphis_marsupialis","","SP04-ARL_230411_CA59_0223-r0158",NA,NA,0.55730998,-79.179868,165,"active cacao","active cacao",NA,0,"camera_trap","cacao","hindfootWidth",21.2525
"32","CA59","SP04-ARL_230411_CA59_0223","02:37","02:38","Didelphimorphia","Didelphis_marsupialis","","SP04-ARL_230411_CA59_0223-r0158",NA,NA,0.55730998,-79.179868,165,"active cacao","active cacao",NA,0,"camera_trap","cacao","mandibleDiagonal",56.2
"33","CA59","SP04-ARL_230411_CA59_0223","02:37","02:38","Didelphimorphia","Didelphis_marsupialis","","SP04-ARL_230411_CA59_0223-r0158",NA,NA,0.55730998,-79.179868,165,"active cacao","active cacao",NA,0,"camera_trap","cacao","mandibleLength",66.079
"34","CA59","SP04-ARL_230411_CA59_0223","02:37","02:38","Didelphimorphia","Didelphis_marsupialis","","SP04-ARL_230411_CA59_0223-r0158",NA,NA,0.55730998,-79.179868,165,"active cacao","active cacao",NA,0,"camera_trap","cacao","mandibleWidth",31.816
"35","CA59","SP04-ARL_230411_CA59_0223","02:37","02:38","Didelphimorphia","Didelphis_marsupialis","","SP04-ARL_230411_CA59_0223-r0158",NA,NA,0.55730998,-79.179868,165,"active cacao","active cacao",NA,0,"camera_trap","cacao","mandibularcorpusHeight",13.089
"36","CA59","SP04-ARL_230411_CA59_0223","02:37","02:38","Didelphimorphia","Didelphis_marsupialis","","SP04-ARL_230411_CA59_0223-r0158",NA,NA,0.55730998,-79.179868,165,"active cacao","active cacao",NA,0,"camera_trap","cacao","maxillarytoothrowAlveolarlength",24.7376923076923
"37","CA59","SP04-ARL_230411_CA59_0223","02:37","02:38","Didelphimorphia","Didelphis_marsupialis","","SP04-ARL_230411_CA59_0223-r0158",NA,NA,0.55730998,-79.179868,165,"active cacao","active cacao",NA,0,"camera_trap","cacao","rostrumLength",43.9715384615385
"38","CA59","SP04-ARL_230411_CA59_0223","02:37","02:38","Didelphimorphia","Didelphis_marsupialis","","SP04-ARL_230411_CA59_0223-r0158",NA,NA,0.55730998,-79.179868,165,"active cacao","active cacao",NA,0,"camera_trap","cacao","tailLength",360.74
"39","CA59","SP04-ARL_230411_CA59_0223","02:37","02:38","Didelphimorphia","Didelphis_marsupialis","","SP04-ARL_230411_CA59_0223-r0158",NA,NA,0.55730998,-79.179868,165,"active cacao","active cacao",NA,0,"camera_trap","cacao","vibrissaeLength",59.2575
"40","CA59","SP04-ARL_230411_CA59_0223","02:37","02:38","Didelphimorphia","Didelphis_marsupialis","","SP04-ARL_230411_CA59_0223-r0158",NA,NA,0.55730998,-79.179868,165,"active cacao","active cacao",NA,0,"camera_trap","cacao","zygomaticBreadth",45.3041666666667
"41","CA59","SP04-ARL_230412_CA59_0224","00:48","00:52","Didelphimorphia","Didelphis_marsupialis","","SP04-ARL_230412_CA59_0224-r0159",NA,NA,0.55730998,-79.179868,165,"active cacao","active cacao",NA,0,"camera_trap","cacao","BodyMass",1091.16
"42","CA59","SP04-ARL_230412_CA59_0224","00:48","00:52","Didelphimorphia","Didelphis_marsupialis","","SP04-ARL_230412_CA59_0224-r0159",NA,NA,0.55730998,-79.179868,165,"active cacao","active cacao",NA,0,"camera_trap","cacao","Sex",NA
"43","CA59","SP04-ARL_230412_CA59_0224","00:48","00:52","Didelphimorphia","Didelphis_marsupialis","","SP04-ARL_230412_CA59_0224-r0159",NA,NA,0.55730998,-79.179868,165,"active cacao","active cacao",NA,0,"camera_trap","cacao","acrossincisortipsBreadth",5.53846153846154
"44","CA59","SP04-ARL_230412_CA59_0224","00:48","00:52","Didelphimorphia","Didelphis_marsupialis","","SP04-ARL_230412_CA59_0224-r0159",NA,NA,0.55730998,-79.179868,165,"active cacao","active cacao",NA,0,"camera_trap","cacao","condylobasalLength",81.8276923076923
"45","CA59","SP04-ARL_230412_CA59_0224","00:48","00:52","Didelphimorphia","Didelphis_marsupialis","","SP04-ARL_230412_CA59_0224-r0159",NA,NA,0.55730998,-79.179868,165,"active cacao","active cacao",NA,0,"camera_trap","cacao","earLength",30.9033333333333
"46","CA59","SP04-ARL_230412_CA59_0224","00:48","00:52","Didelphimorphia","Didelphis_marsupialis","","SP04-ARL_230412_CA59_0224-r0159",NA,NA,0.55730998,-79.179868,165,"active cacao","active cacao",NA,0,"camera_trap","cacao","forefootLength",34.285
"47","CA59","SP04-ARL_230412_CA59_0224","00:48","00:52","Didelphimorphia","Didelphis_marsupialis","","SP04-ARL_230412_CA59_0224-r0159",NA,NA,0.55730998,-79.179868,165,"active cacao","active cacao",NA,0,"camera_trap","cacao","forefootWidth",18.5875
"48","CA59","SP04-ARL_230412_CA59_0224","00:48","00:52","Didelphimorphia","Didelphis_marsupialis","","SP04-ARL_230412_CA59_0224-r0159",NA,NA,0.55730998,-79.179868,165,"active cacao","active cacao",NA,0,"camera_trap","cacao","forefootclawLength",6.93
"49","CA59","SP04-ARL_230412_CA59_0224","00:48","00:52","Didelphimorphia","Didelphis_marsupialis","","SP04-ARL_230412_CA59_0224-r0159",NA,NA,0.55730998,-79.179868,165,"active cacao","active cacao",NA,0,"camera_trap","cacao","headandbodyLength",420.31
"50","CA59","SP04-ARL_230412_CA59_0224","00:48","00:52","Didelphimorphia","Didelphis_marsupialis","","SP04-ARL_230412_CA59_0224-r0159",NA,NA,0.55730998,-79.179868,165,"active cacao","active cacao",NA,0,"camera_trap","cacao","hindfootLength",50.59
"51","CA59","SP04-ARL_230412_CA59_0224","00:48","00:52","Didelphimorphia","Didelphis_marsupialis","","SP04-ARL_230412_CA59_0224-r0159",NA,NA,0.55730998,-79.179868,165,"active cacao","active cacao",NA,0,"camera_trap","cacao","hindfootWidth",21.2525
"52","CA59","SP04-ARL_230412_CA59_0224","00:48","00:52","Didelphimorphia","Didelphis_marsupialis","","SP04-ARL_230412_CA59_0224-r0159",NA,NA,0.55730998,-79.179868,165,"active cacao","active cacao",NA,0,"camera_trap","cacao","mandibleDiagonal",56.2
"53","CA59","SP04-ARL_230412_CA59_0224","00:48","00:52","Didelphimorphia","Didelphis_marsupialis","","SP04-ARL_230412_CA59_0224-r0159",NA,NA,0.55730998,-79.179868,165,"active cacao","active cacao",NA,0,"camera_trap","cacao","mandibleLength",66.079
"54","CA59","SP04-ARL_230412_CA59_0224","00:48","00:52","Didelphimorphia","Didelphis_marsupialis","","SP04-ARL_230412_CA59_0224-r0159",NA,NA,0.55730998,-79.179868,165,"active cacao","active cacao",NA,0,"camera_trap","cacao","mandibleWidth",31.816
"55","CA59","SP04-ARL_230412_CA59_0224","00:48","00:52","Didelphimorphia","Didelphis_marsupialis","","SP04-ARL_230412_CA59_0224-r0159",NA,NA,0.55730998,-79.179868,165,"active cacao","active cacao",NA,0,"camera_trap","cacao","mandibularcorpusHeight",13.089
"56","CA59","SP04-ARL_230412_CA59_0224","00:48","00:52","Didelphimorphia","Didelphis_marsupialis","","SP04-ARL_230412_CA59_0224-r0159",NA,NA,0.55730998,-79.179868,165,"active cacao","active cacao",NA,0,"camera_trap","cacao","maxillarytoothrowAlveolarlength",24.7376923076923
"57","CA59","SP04-ARL_230412_CA59_0224","00:48","00:52","Didelphimorphia","Didelphis_marsupialis","","SP04-ARL_230412_CA59_0224-r0159",NA,NA,0.55730998,-79.179868,165,"active cacao","active cacao",NA,0,"camera_trap","cacao","rostrumLength",43.9715384615385
"58","CA59","SP04-ARL_230412_CA59_0224","00:48","00:52","Didelphimorphia","Didelphis_marsupialis","","SP04-ARL_230412_CA59_0224-r0159",NA,NA,0.55730998,-79.179868,165,"active cacao","active cacao",NA,0,"camera_trap","cacao","tailLength",360.74
"59","CA59","SP04-ARL_230412_CA59_0224","00:48","00:52","Didelphimorphia","Didelphis_marsupialis","","SP04-ARL_230412_CA59_0224-r0159",NA,NA,0.55730998,-79.179868,165,"active cacao","active cacao",NA,0,"camera_trap","cacao","vibrissaeLength",59.2575
"60","CA59","SP04-ARL_230412_CA59_0224","00:48","00:52","Didelphimorphia","Didelphis_marsupialis","","SP04-ARL_230412_CA59_0224-r0159",NA,NA,0.55730998,-79.179868,165,"active cacao","active cacao",NA,0,"camera_trap","cacao","zygomaticBreadth",45.3041666666667
"61","CA59","SP04-ARL_230412_CA59_0224","01:01","01:02","Didelphimorphia","Didelphis_marsupialis","","SP04-ARL_230412_CA59_0224-r0160",NA,NA,0.55730998,-79.179868,165,"active cacao","active cacao",NA,0,"camera_trap","cacao","BodyMass",1091.16
"62","CA59","SP04-ARL_230412_CA59_0224","01:01","01:02","Didelphimorphia","Didelphis_marsupialis","","SP04-ARL_230412_CA59_0224-r0160",NA,NA,0.55730998,-79.179868,165,"active cacao","active cacao",NA,0,"camera_trap","cacao","Sex",NA
"63","CA59","SP04-ARL_230412_CA59_0224","01:01","01:02","Didelphimorphia","Didelphis_marsupialis","","SP04-ARL_230412_CA59_0224-r0160",NA,NA,0.55730998,-79.179868,165,"active cacao","active cacao",NA,0,"camera_trap","cacao","acrossincisortipsBreadth",5.53846153846154
"64","CA59","SP04-ARL_230412_CA59_0224","01:01","01:02","Didelphimorphia","Didelphis_marsupialis","","SP04-ARL_230412_CA59_0224-r0160",NA,NA,0.55730998,-79.179868,165,"active cacao","active cacao",NA,0,"camera_trap","cacao","condylobasalLength",81.8276923076923
"65","CA59","SP04-ARL_230412_CA59_0224","01:01","01:02","Didelphimorphia","Didelphis_marsupialis","","SP04-ARL_230412_CA59_0224-r0160",NA,NA,0.55730998,-79.179868,165,"active cacao","active cacao",NA,0,"camera_trap","cacao","earLength",30.9033333333333
"66","CA59","SP04-ARL_230412_CA59_0224","01:01","01:02","Didelphimorphia","Didelphis_marsupialis","","SP04-ARL_230412_CA59_0224-r0160",NA,NA,0.55730998,-79.179868,165,"active cacao","active cacao",NA,0,"camera_trap","cacao","forefootLength",34.285
"67","CA59","SP04-ARL_230412_CA59_0224","01:01","01:02","Didelphimorphia","Didelphis_marsupialis","","SP04-ARL_230412_CA59_0224-r0160",NA,NA,0.55730998,-79.179868,165,"active cacao","active cacao",NA,0,"camera_trap","cacao","forefootWidth",18.5875
"68","CA59","SP04-ARL_230412_CA59_0224","01:01","01:02","Didelphimorphia","Didelphis_marsupialis","","SP04-ARL_230412_CA59_0224-r0160",NA,NA,0.55730998,-79.179868,165,"active cacao","active cacao",NA,0,"camera_trap","cacao","forefootclawLength",6.93
"69","CA59","SP04-ARL_230412_CA59_0224","01:01","01:02","Didelphimorphia","Didelphis_marsupialis","","SP04-ARL_230412_CA59_0224-r0160",NA,NA,0.55730998,-79.179868,165,"active cacao","active cacao",NA,0,"camera_trap","cacao","headandbodyLength",420.31
"70","CA59","SP04-ARL_230412_CA59_0224","01:01","01:02","Didelphimorphia","Didelphis_marsupialis","","SP04-ARL_230412_CA59_0224-r0160",NA,NA,0.55730998,-79.179868,165,"active cacao","active cacao",NA,0,"camera_trap","cacao","hindfootLength",50.59
"71","CA59","SP04-ARL_230412_CA59_0224","01:01","01:02","Didelphimorphia","Didelphis_marsupialis","","SP04-ARL_230412_CA59_0224-r0160",NA,NA,0.55730998,-79.179868,165,"active cacao","active cacao",NA,0,"camera_trap","cacao","hindfootWidth",21.2525
"72","CA59","SP04-ARL_230412_CA59_0224","01:01","01:02","Didelphimorphia","Didelphis_marsupialis","","SP04-ARL_230412_CA59_0224-r0160",NA,NA,0.55730998,-79.179868,165,"active cacao","active cacao",NA,0,"camera_trap","cacao","mandibleDiagonal",56.2
"73","CA59","SP04-ARL_230412_CA59_0224","01:01","01:02","Didelphimorphia","Didelphis_marsupialis","","SP04-ARL_230412_CA59_0224-r0160",NA,NA,0.55730998,-79.179868,165,"active cacao","active cacao",NA,0,"camera_trap","cacao","mandibleLength",66.079
"74","CA59","SP04-ARL_230412_CA59_0224","01:01","01:02","Didelphimorphia","Didelphis_marsupialis","","SP04-ARL_230412_CA59_0224-r0160",NA,NA,0.55730998,-79.179868,165,"active cacao","active cacao",NA,0,"camera_trap","cacao","mandibleWidth",31.816
"75","CA59","SP04-ARL_230412_CA59_0224","01:01","01:02","Didelphimorphia","Didelphis_marsupialis","","SP04-ARL_230412_CA59_0224-r0160",NA,NA,0.55730998,-79.179868,165,"active cacao","active cacao",NA,0,"camera_trap","cacao","mandibularcorpusHeight",13.089
"76","CA59","SP04-ARL_230412_CA59_0224","01:01","01:02","Didelphimorphia","Didelphis_marsupialis","","SP04-ARL_230412_CA59_0224-r0160",NA,NA,0.55730998,-79.179868,165,"active cacao","active cacao",NA,0,"camera_trap","cacao","maxillarytoothrowAlveolarlength",24.7376923076923
"77","CA59","SP04-ARL_230412_CA59_0224","01:01","01:02","Didelphimorphia","Didelphis_marsupialis","","SP04-ARL_230412_CA59_0224-r0160",NA,NA,0.55730998,-79.179868,165,"active cacao","active cacao",NA,0,"camera_trap","cacao","rostrumLength",43.9715384615385
"78","CA59","SP04-ARL_230412_CA59_0224","01:01","01:02","Didelphimorphia","Didelphis_marsupialis","","SP04-ARL_230412_CA59_0224-r0160",NA,NA,0.55730998,-79.179868,165,"active cacao","active cacao",NA,0,"camera_trap","cacao","tailLength",360.74
"79","CA59","SP04-ARL_230412_CA59_0224","01:01","01:02","Didelphimorphia","Didelphis_marsupialis","","SP04-ARL_230412_CA59_0224-r0160",NA,NA,0.55730998,-79.179868,165,"active cacao","active cacao",NA,0,"camera_trap","cacao","vibrissaeLength",59.2575
"80","CA59","SP04-ARL_230412_CA59_0224","01:01","01:02","Didelphimorphia","Didelphis_marsupialis","","SP04-ARL_230412_CA59_0224-r0160",NA,NA,0.55730998,-79.179868,165,"active cacao","active cacao",NA,0,"camera_trap","cacao","zygomaticBreadth",45.3041666666667
"81","CA61","SP04-ARL_221012_CA61_0106","01:57","01:58","Didelphimorphia","Didelphis_marsupialis","","SP04-ARL_221012_CA61_0106-r0072",NA,NA,0.53400099,-79.18769603,324,"active cacao","active cacao",NA,0,"camera_trap","cacao","BodyMass",1091.16
"82","CA61","SP04-ARL_221012_CA61_0106","01:57","01:58","Didelphimorphia","Didelphis_marsupialis","","SP04-ARL_221012_CA61_0106-r0072",NA,NA,0.53400099,-79.18769603,324,"active cacao","active cacao",NA,0,"camera_trap","cacao","Sex",NA
"83","CA61","SP04-ARL_221012_CA61_0106","01:57","01:58","Didelphimorphia","Didelphis_marsupialis","","SP04-ARL_221012_CA61_0106-r0072",NA,NA,0.53400099,-79.18769603,324,"active cacao","active cacao",NA,0,"camera_trap","cacao","acrossincisortipsBreadth",5.53846153846154
"84","CA61","SP04-ARL_221012_CA61_0106","01:57","01:58","Didelphimorphia","Didelphis_marsupialis","","SP04-ARL_221012_CA61_0106-r0072",NA,NA,0.53400099,-79.18769603,324,"active cacao","active cacao",NA,0,"camera_trap","cacao","condylobasalLength",81.8276923076923
"85","CA61","SP04-ARL_221012_CA61_0106","01:57","01:58","Didelphimorphia","Didelphis_marsupialis","","SP04-ARL_221012_CA61_0106-r0072",NA,NA,0.53400099,-79.18769603,324,"active cacao","active cacao",NA,0,"camera_trap","cacao","earLength",30.9033333333333
"86","CA61","SP04-ARL_221012_CA61_0106","01:57","01:58","Didelphimorphia","Didelphis_marsupialis","","SP04-ARL_221012_CA61_0106-r0072",NA,NA,0.53400099,-79.18769603,324,"active cacao","active cacao",NA,0,"camera_trap","cacao","forefootLength",34.285
"87","CA61","SP04-ARL_221012_CA61_0106","01:57","01:58","Didelphimorphia","Didelphis_marsupialis","","SP04-ARL_221012_CA61_0106-r0072",NA,NA,0.53400099,-79.18769603,324,"active cacao","active cacao",NA,0,"camera_trap","cacao","forefootWidth",18.5875
"88","CA61","SP04-ARL_221012_CA61_0106","01:57","01:58","Didelphimorphia","Didelphis_marsupialis","","SP04-ARL_221012_CA61_0106-r0072",NA,NA,0.53400099,-79.18769603,324,"active cacao","active cacao",NA,0,"camera_trap","cacao","forefootclawLength",6.93
"89","CA61","SP04-ARL_221012_CA61_0106","01:57","01:58","Didelphimorphia","Didelphis_marsupialis","","SP04-ARL_221012_CA61_0106-r0072",NA,NA,0.53400099,-79.18769603,324,"active cacao","active cacao",NA,0,"camera_trap","cacao","headandbodyLength",420.31
"90","CA61","SP04-ARL_221012_CA61_0106","01:57","01:58","Didelphimorphia","Didelphis_marsupialis","","SP04-ARL_221012_CA61_0106-r0072",NA,NA,0.53400099,-79.18769603,324,"active cacao","active cacao",NA,0,"camera_trap","cacao","hindfootLength",50.59
"91","CA61","SP04-ARL_221012_CA61_0106","01:57","01:58","Didelphimorphia","Didelphis_marsupialis","","SP04-ARL_221012_CA61_0106-r0072",NA,NA,0.53400099,-79.18769603,324,"active cacao","active cacao",NA,0,"camera_trap","cacao","hindfootWidth",21.2525
"92","CA61","SP04-ARL_221012_CA61_0106","01:57","01:58","Didelphimorphia","Didelphis_marsupialis","","SP04-ARL_221012_CA61_0106-r0072",NA,NA,0.53400099,-79.18769603,324,"active cacao","active cacao",NA,0,"camera_trap","cacao","mandibleDiagonal",56.2
"93","CA61","SP04-ARL_221012_CA61_0106","01:57","01:58","Didelphimorphia","Didelphis_marsupialis","","SP04-ARL_221012_CA61_0106-r0072",NA,NA,0.53400099,-79.18769603,324,"active cacao","active cacao",NA,0,"camera_trap","cacao","mandibleLength",66.079
"94","CA61","SP04-ARL_221012_CA61_0106","01:57","01:58","Didelphimorphia","Didelphis_marsupialis","","SP04-ARL_221012_CA61_0106-r0072",NA,NA,0.53400099,-79.18769603,324,"active cacao","active cacao",NA,0,"camera_trap","cacao","mandibleWidth",31.816
"95","CA61","SP04-ARL_221012_CA61_0106","01:57","01:58","Didelphimorphia","Didelphis_marsupialis","","SP04-ARL_221012_CA61_0106-r0072",NA,NA,0.53400099,-79.18769603,324,"active cacao","active cacao",NA,0,"camera_trap","cacao","mandibularcorpusHeight",13.089
"96","CA61","SP04-ARL_221012_CA61_0106","01:57","01:58","Didelphimorphia","Didelphis_marsupialis","","SP04-ARL_221012_CA61_0106-r0072",NA,NA,0.53400099,-79.18769603,324,"active cacao","active cacao",NA,0,"camera_trap","cacao","maxillarytoothrowAlveolarlength",24.7376923076923
"97","CA61","SP04-ARL_221012_CA61_0106","01:57","01:58","Didelphimorphia","Didelphis_marsupialis","","SP04-ARL_221012_CA61_0106-r0072",NA,NA,0.53400099,-79.18769603,324,"active cacao","active cacao",NA,0,"camera_trap","cacao","rostrumLength",43.9715384615385
"98","CA61","SP04-ARL_221012_CA61_0106","01:57","01:58","Didelphimorphia","Didelphis_marsupialis","","SP04-ARL_221012_CA61_0106-r0072",NA,NA,0.53400099,-79.18769603,324,"active cacao","active cacao",NA,0,"camera_trap","cacao","tailLength",360.74
"99","CA61","SP04-ARL_221012_CA61_0106","01:57","01:58","Didelphimorphia","Didelphis_marsupialis","","SP04-ARL_221012_CA61_0106-r0072",NA,NA,0.53400099,-79.18769603,324,"active cacao","active cacao",NA,0,"camera_trap","cacao","vibrissaeLength",59.2575
"100","CA61","SP04-ARL_221012_CA61_0106","01:57","01:58","Didelphimorphia","Didelphis_marsupialis","","SP04-ARL_221012_CA61_0106-r0072",NA,NA,0.53400099,-79.18769603,324,"active cacao","active cacao",NA,0,"camera_trap","cacao","zygomaticBreadth",45.3041666666667
"101","CA61","SP04-ARL_000100_CA61_0106","03:12","03:14","Didelphimorphia","Didelphis_marsupialis","","SP04-ARL_000100_CA61_0106-r0073",NA,NA,0.53400099,-79.18769603,324,"active cacao","active cacao",NA,0,"camera_trap","cacao","BodyMass",1091.16
"102","CA61","SP04-ARL_000100_CA61_0106","03:12","03:14","Didelphimorphia","Didelphis_marsupialis","","SP04-ARL_000100_CA61_0106-r0073",NA,NA,0.53400099,-79.18769603,324,"active cacao","active cacao",NA,0,"camera_trap","cacao","Sex",NA
"103","CA61","SP04-ARL_000100_CA61_0106","03:12","03:14","Didelphimorphia","Didelphis_marsupialis","","SP04-ARL_000100_CA61_0106-r0073",NA,NA,0.53400099,-79.18769603,324,"active cacao","active cacao",NA,0,"camera_trap","cacao","acrossincisortipsBreadth",5.53846153846154
"104","CA61","SP04-ARL_000100_CA61_0106","03:12","03:14","Didelphimorphia","Didelphis_marsupialis","","SP04-ARL_000100_CA61_0106-r0073",NA,NA,0.53400099,-79.18769603,324,"active cacao","active cacao",NA,0,"camera_trap","cacao","condylobasalLength",81.8276923076923
"105","CA61","SP04-ARL_000100_CA61_0106","03:12","03:14","Didelphimorphia","Didelphis_marsupialis","","SP04-ARL_000100_CA61_0106-r0073",NA,NA,0.53400099,-79.18769603,324,"active cacao","active cacao",NA,0,"camera_trap","cacao","earLength",30.9033333333333
"106","CA61","SP04-ARL_000100_CA61_0106","03:12","03:14","Didelphimorphia","Didelphis_marsupialis","","SP04-ARL_000100_CA61_0106-r0073",NA,NA,0.53400099,-79.18769603,324,"active cacao","active cacao",NA,0,"camera_trap","cacao","forefootLength",34.285
"107","CA61","SP04-ARL_000100_CA61_0106","03:12","03:14","Didelphimorphia","Didelphis_marsupialis","","SP04-ARL_000100_CA61_0106-r0073",NA,NA,0.53400099,-79.18769603,324,"active cacao","active cacao",NA,0,"camera_trap","cacao","forefootWidth",18.5875
"108","CA61","SP04-ARL_000100_CA61_0106","03:12","03:14","Didelphimorphia","Didelphis_marsupialis","","SP04-ARL_000100_CA61_0106-r0073",NA,NA,0.53400099,-79.18769603,324,"active cacao","active cacao",NA,0,"camera_trap","cacao","forefootclawLength",6.93
"109","CA61","SP04-ARL_000100_CA61_0106","03:12","03:14","Didelphimorphia","Didelphis_marsupialis","","SP04-ARL_000100_CA61_0106-r0073",NA,NA,0.53400099,-79.18769603,324,"active cacao","active cacao",NA,0,"camera_trap","cacao","headandbodyLength",420.31
"110","CA61","SP04-ARL_000100_CA61_0106","03:12","03:14","Didelphimorphia","Didelphis_marsupialis","","SP04-ARL_000100_CA61_0106-r0073",NA,NA,0.53400099,-79.18769603,324,"active cacao","active cacao",NA,0,"camera_trap","cacao","hindfootLength",50.59
"111","CA61","SP04-ARL_000100_CA61_0106","03:12","03:14","Didelphimorphia","Didelphis_marsupialis","","SP04-ARL_000100_CA61_0106-r0073",NA,NA,0.53400099,-79.18769603,324,"active cacao","active cacao",NA,0,"camera_trap","cacao","hindfootWidth",21.2525
"112","CA61","SP04-ARL_000100_CA61_0106","03:12","03:14","Didelphimorphia","Didelphis_marsupialis","","SP04-ARL_000100_CA61_0106-r0073",NA,NA,0.53400099,-79.18769603,324,"active cacao","active cacao",NA,0,"camera_trap","cacao","mandibleDiagonal",56.2
"113","CA61","SP04-ARL_000100_CA61_0106","03:12","03:14","Didelphimorphia","Didelphis_marsupialis","","SP04-ARL_000100_CA61_0106-r0073",NA,NA,0.53400099,-79.18769603,324,"active cacao","active cacao",NA,0,"camera_trap","cacao","mandibleLength",66.079
"114","CA61","SP04-ARL_000100_CA61_0106","03:12","03:14","Didelphimorphia","Didelphis_marsupialis","","SP04-ARL_000100_CA61_0106-r0073",NA,NA,0.53400099,-79.18769603,324,"active cacao","active cacao",NA,0,"camera_trap","cacao","mandibleWidth",31.816
"115","CA61","SP04-ARL_000100_CA61_0106","03:12","03:14","Didelphimorphia","Didelphis_marsupialis","","SP04-ARL_000100_CA61_0106-r0073",NA,NA,0.53400099,-79.18769603,324,"active cacao","active cacao",NA,0,"camera_trap","cacao","mandibularcorpusHeight",13.089
"116","CA61","SP04-ARL_000100_CA61_0106","03:12","03:14","Didelphimorphia","Didelphis_marsupialis","","SP04-ARL_000100_CA61_0106-r0073",NA,NA,0.53400099,-79.18769603,324,"active cacao","active cacao",NA,0,"camera_trap","cacao","maxillarytoothrowAlveolarlength",24.7376923076923
"117","CA61","SP04-ARL_000100_CA61_0106","03:12","03:14","Didelphimorphia","Didelphis_marsupialis","","SP04-ARL_000100_CA61_0106-r0073",NA,NA,0.53400099,-79.18769603,324,"active cacao","active cacao",NA,0,"camera_trap","cacao","rostrumLength",43.9715384615385
"118","CA61","SP04-ARL_000100_CA61_0106","03:12","03:14","Didelphimorphia","Didelphis_marsupialis","","SP04-ARL_000100_CA61_0106-r0073",NA,NA,0.53400099,-79.18769603,324,"active cacao","active cacao",NA,0,"camera_trap","cacao","tailLength",360.74
"119","CA61","SP04-ARL_000100_CA61_0106","03:12","03:14","Didelphimorphia","Didelphis_marsupialis","","SP04-ARL_000100_CA61_0106-r0073",NA,NA,0.53400099,-79.18769603,324,"active cacao","active cacao",NA,0,"camera_trap","cacao","vibrissaeLength",59.2575
"120","CA61","SP04-ARL_000100_CA61_0106","03:12","03:14","Didelphimorphia","Didelphis_marsupialis","","SP04-ARL_000100_CA61_0106-r0073",NA,NA,0.53400099,-79.18769603,324,"active cacao","active cacao",NA,0,"camera_trap","cacao","zygomaticBreadth",45.3041666666667
"121","CA61","SP04-ARL_000100_CA61_0106","21:38","21:40","Didelphimorphia","Didelphis_marsupialis","","SP04-ARL_000100_CA61_0106-r0074",NA,NA,0.53400099,-79.18769603,324,"active cacao","active cacao",NA,0,"camera_trap","cacao","BodyMass",1091.16
"122","CA61","SP04-ARL_000100_CA61_0106","21:38","21:40","Didelphimorphia","Didelphis_marsupialis","","SP04-ARL_000100_CA61_0106-r0074",NA,NA,0.53400099,-79.18769603,324,"active cacao","active cacao",NA,0,"camera_trap","cacao","Sex",NA
"123","CA61","SP04-ARL_000100_CA61_0106","21:38","21:40","Didelphimorphia","Didelphis_marsupialis","","SP04-ARL_000100_CA61_0106-r0074",NA,NA,0.53400099,-79.18769603,324,"active cacao","active cacao",NA,0,"camera_trap","cacao","acrossincisortipsBreadth",5.53846153846154
"124","CA61","SP04-ARL_000100_CA61_0106","21:38","21:40","Didelphimorphia","Didelphis_marsupialis","","SP04-ARL_000100_CA61_0106-r0074",NA,NA,0.53400099,-79.18769603,324,"active cacao","active cacao",NA,0,"camera_trap","cacao","condylobasalLength",81.8276923076923
"125","CA61","SP04-ARL_000100_CA61_0106","21:38","21:40","Didelphimorphia","Didelphis_marsupialis","","SP04-ARL_000100_CA61_0106-r0074",NA,NA,0.53400099,-79.18769603,324,"active cacao","active cacao",NA,0,"camera_trap","cacao","earLength",30.9033333333333
"126","CA61","SP04-ARL_000100_CA61_0106","21:38","21:40","Didelphimorphia","Didelphis_marsupialis","","SP04-ARL_000100_CA61_0106-r0074",NA,NA,0.53400099,-79.18769603,324,"active cacao","active cacao",NA,0,"camera_trap","cacao","forefootLength",34.285
"127","CA61","SP04-ARL_000100_CA61_0106","21:38","21:40","Didelphimorphia","Didelphis_marsupialis","","SP04-ARL_000100_CA61_0106-r0074",NA,NA,0.53400099,-79.18769603,324,"active cacao","active cacao",NA,0,"camera_trap","cacao","forefootWidth",18.5875
"128","CA61","SP04-ARL_000100_CA61_0106","21:38","21:40","Didelphimorphia","Didelphis_marsupialis","","SP04-ARL_000100_CA61_0106-r0074",NA,NA,0.53400099,-79.18769603,324,"active cacao","active cacao",NA,0,"camera_trap","cacao","forefootclawLength",6.93
"129","CA61","SP04-ARL_000100_CA61_0106","21:38","21:40","Didelphimorphia","Didelphis_marsupialis","","SP04-ARL_000100_CA61_0106-r0074",NA,NA,0.53400099,-79.18769603,324,"active cacao","active cacao",NA,0,"camera_trap","cacao","headandbodyLength",420.31
"130","CA61","SP04-ARL_000100_CA61_0106","21:38","21:40","Didelphimorphia","Didelphis_marsupialis","","SP04-ARL_000100_CA61_0106-r0074",NA,NA,0.53400099,-79.18769603,324,"active cacao","active cacao",NA,0,"camera_trap","cacao","hindfootLength",50.59
"131","CA61","SP04-ARL_000100_CA61_0106","21:38","21:40","Didelphimorphia","Didelphis_marsupialis","","SP04-ARL_000100_CA61_0106-r0074",NA,NA,0.53400099,-79.18769603,324,"active cacao","active cacao",NA,0,"camera_trap","cacao","hindfootWidth",21.2525
"132","CA61","SP04-ARL_000100_CA61_0106","21:38","21:40","Didelphimorphia","Didelphis_marsupialis","","SP04-ARL_000100_CA61_0106-r0074",NA,NA,0.53400099,-79.18769603,324,"active cacao","active cacao",NA,0,"camera_trap","cacao","mandibleDiagonal",56.2
"133","CA61","SP04-ARL_000100_CA61_0106","21:38","21:40","Didelphimorphia","Didelphis_marsupialis","","SP04-ARL_000100_CA61_0106-r0074",NA,NA,0.53400099,-79.18769603,324,"active cacao","active cacao",NA,0,"camera_trap","cacao","mandibleLength",66.079
"134","CA61","SP04-ARL_000100_CA61_0106","21:38","21:40","Didelphimorphia","Didelphis_marsupialis","","SP04-ARL_000100_CA61_0106-r0074",NA,NA,0.53400099,-79.18769603,324,"active cacao","active cacao",NA,0,"camera_trap","cacao","mandibleWidth",31.816
"135","CA61","SP04-ARL_000100_CA61_0106","21:38","21:40","Didelphimorphia","Didelphis_marsupialis","","SP04-ARL_000100_CA61_0106-r0074",NA,NA,0.53400099,-79.18769603,324,"active cacao","active cacao",NA,0,"camera_trap","cacao","mandibularcorpusHeight",13.089
"136","CA61","SP04-ARL_000100_CA61_0106","21:38","21:40","Didelphimorphia","Didelphis_marsupialis","","SP04-ARL_000100_CA61_0106-r0074",NA,NA,0.53400099,-79.18769603,324,"active cacao","active cacao",NA,0,"camera_trap","cacao","maxillarytoothrowAlveolarlength",24.7376923076923
"137","CA61","SP04-ARL_000100_CA61_0106","21:38","21:40","Didelphimorphia","Didelphis_marsupialis","","SP04-ARL_000100_CA61_0106-r0074",NA,NA,0.53400099,-79.18769603,324,"active cacao","active cacao",NA,0,"camera_trap","cacao","rostrumLength",43.9715384615385
"138","CA61","SP04-ARL_000100_CA61_0106","21:38","21:40","Didelphimorphia","Didelphis_marsupialis","","SP04-ARL_000100_CA61_0106-r0074",NA,NA,0.53400099,-79.18769603,324,"active cacao","active cacao",NA,0,"camera_trap","cacao","tailLength",360.74
"139","CA61","SP04-ARL_000100_CA61_0106","21:38","21:40","Didelphimorphia","Didelphis_marsupialis","","SP04-ARL_000100_CA61_0106-r0074",NA,NA,0.53400099,-79.18769603,324,"active cacao","active cacao",NA,0,"camera_trap","cacao","vibrissaeLength",59.2575
"140","CA61","SP04-ARL_000100_CA61_0106","21:38","21:40","Didelphimorphia","Didelphis_marsupialis","","SP04-ARL_000100_CA61_0106-r0074",NA,NA,0.53400099,-79.18769603,324,"active cacao","active cacao",NA,0,"camera_trap","cacao","zygomaticBreadth",45.3041666666667
"141","CA62","SP04-ARL_220410_CA62_0033","09:09","09:10","Rodentia","Proechimys_semispinosus","","SP04-ARL_220410_CA62_0033-r0006","PREX",NA,0.511049,-79.212168,372,"active cacao","active cacao",NA,0,"camera_trap","cacao","BodyMass",360.5
"142","CA62","SP04-ARL_220410_CA62_0033","09:09","09:10","Rodentia","Proechimys_semispinosus","","SP04-ARL_220410_CA62_0033-r0006","PREX",NA,0.511049,-79.212168,372,"active cacao","active cacao",NA,0,"camera_trap","cacao","Sex",NA
"143","CA62","SP04-ARL_220410_CA62_0033","09:09","09:10","Rodentia","Proechimys_semispinosus","","SP04-ARL_220410_CA62_0033-r0006","PREX",NA,0.511049,-79.212168,372,"active cacao","active cacao",NA,0,"camera_trap","cacao","acrossincisortipsBreadth",7.283
"144","CA62","SP04-ARL_220410_CA62_0033","09:09","09:10","Rodentia","Proechimys_semispinosus","","SP04-ARL_220410_CA62_0033-r0006","PREX",NA,0.511049,-79.212168,372,"active cacao","active cacao",NA,0,"camera_trap","cacao","condylobasalLength",44.546
"145","CA62","SP04-ARL_220410_CA62_0033","09:09","09:10","Rodentia","Proechimys_semispinosus","","SP04-ARL_220410_CA62_0033-r0006","PREX",NA,0.511049,-79.212168,372,"active cacao","active cacao",NA,0,"camera_trap","cacao","earLength",15.0225
"146","CA62","SP04-ARL_220410_CA62_0033","09:09","09:10","Rodentia","Proechimys_semispinosus","","SP04-ARL_220410_CA62_0033-r0006","PREX",NA,0.511049,-79.212168,372,"active cacao","active cacao",NA,0,"camera_trap","cacao","forefootLength",18.13
"147","CA62","SP04-ARL_220410_CA62_0033","09:09","09:10","Rodentia","Proechimys_semispinosus","","SP04-ARL_220410_CA62_0033-r0006","PREX",NA,0.511049,-79.212168,372,"active cacao","active cacao",NA,0,"camera_trap","cacao","forefootWidth",6.8325
"148","CA62","SP04-ARL_220410_CA62_0033","09:09","09:10","Rodentia","Proechimys_semispinosus","","SP04-ARL_220410_CA62_0033-r0006","PREX",NA,0.511049,-79.212168,372,"active cacao","active cacao",NA,0,"camera_trap","cacao","forefootclawLength",3.08
"149","CA62","SP04-ARL_220410_CA62_0033","09:09","09:10","Rodentia","Proechimys_semispinosus","","SP04-ARL_220410_CA62_0033-r0006","PREX",NA,0.511049,-79.212168,372,"active cacao","active cacao",NA,0,"camera_trap","cacao","headandbodyLength",209.8225
"150","CA62","SP04-ARL_220410_CA62_0033","09:09","09:10","Rodentia","Proechimys_semispinosus","","SP04-ARL_220410_CA62_0033-r0006","PREX",NA,0.511049,-79.212168,372,"active cacao","active cacao",NA,0,"camera_trap","cacao","hindfootLength",44.63
"151","CA62","SP04-ARL_220410_CA62_0033","09:09","09:10","Rodentia","Proechimys_semispinosus","","SP04-ARL_220410_CA62_0033-r0006","PREX",NA,0.511049,-79.212168,372,"active cacao","active cacao",NA,0,"camera_trap","cacao","hindfootWidth",9.2
"152","CA62","SP04-ARL_220410_CA62_0033","09:09","09:10","Rodentia","Proechimys_semispinosus","","SP04-ARL_220410_CA62_0033-r0006","PREX",NA,0.511049,-79.212168,372,"active cacao","active cacao",NA,0,"camera_trap","cacao","mandibleDiagonal",22.782
"153","CA62","SP04-ARL_220410_CA62_0033","09:09","09:10","Rodentia","Proechimys_semispinosus","","SP04-ARL_220410_CA62_0033-r0006","PREX",NA,0.511049,-79.212168,372,"active cacao","active cacao",NA,0,"camera_trap","cacao","mandibleLength",22.9
"154","CA62","SP04-ARL_220410_CA62_0033","09:09","09:10","Rodentia","Proechimys_semispinosus","","SP04-ARL_220410_CA62_0033-r0006","PREX",NA,0.511049,-79.212168,372,"active cacao","active cacao",NA,0,"camera_trap","cacao","mandibleWidth",26.8021428571429
"155","CA62","SP04-ARL_220410_CA62_0033","09:09","09:10","Rodentia","Proechimys_semispinosus","","SP04-ARL_220410_CA62_0033-r0006","PREX",NA,0.511049,-79.212168,372,"active cacao","active cacao",NA,0,"camera_trap","cacao","mandibularcorpusHeight",11.66
"156","CA62","SP04-ARL_220410_CA62_0033","09:09","09:10","Rodentia","Proechimys_semispinosus","","SP04-ARL_220410_CA62_0033-r0006","PREX",NA,0.511049,-79.212168,372,"active cacao","active cacao",NA,0,"camera_trap","cacao","maxillarytoothrowAlveolarlength",12.98
"157","CA62","SP04-ARL_220410_CA62_0033","09:09","09:10","Rodentia","Proechimys_semispinosus","","SP04-ARL_220410_CA62_0033-r0006","PREX",NA,0.511049,-79.212168,372,"active cacao","active cacao",NA,0,"camera_trap","cacao","rostrumLength",23.417
"158","CA62","SP04-ARL_220410_CA62_0033","09:09","09:10","Rodentia","Proechimys_semispinosus","","SP04-ARL_220410_CA62_0033-r0006","PREX",NA,0.511049,-79.212168,372,"active cacao","active cacao",NA,0,"camera_trap","cacao","tailLength",60.87
"159","CA62","SP04-ARL_220410_CA62_0033","09:09","09:10","Rodentia","Proechimys_semispinosus","","SP04-ARL_220410_CA62_0033-r0006","PREX",NA,0.511049,-79.212168,372,"active cacao","active cacao",NA,0,"camera_trap","cacao","vibrissaeLength",63.0425
"160","CA62","SP04-ARL_220410_CA62_0033","09:09","09:10","Rodentia","Proechimys_semispinosus","","SP04-ARL_220410_CA62_0033-r0006","PREX",NA,0.511049,-79.212168,372,"active cacao","active cacao",NA,0,"camera_trap","cacao","zygomaticBreadth",29.363
"161","CA62","SP04-ARL_220409_CA62_0032","06:29","06:30","Didelphimorphia","Didelphis_marsupialis","","SP04-ARL_220409_CA62_0032-r0005","PREX",NA,0.511049,-79.212168,372,"active cacao","active cacao",NA,0,"camera_trap","cacao","BodyMass",1091.16
"162","CA62","SP04-ARL_220409_CA62_0032","06:29","06:30","Didelphimorphia","Didelphis_marsupialis","","SP04-ARL_220409_CA62_0032-r0005","PREX",NA,0.511049,-79.212168,372,"active cacao","active cacao",NA,0,"camera_trap","cacao","Sex",NA
"163","CA62","SP04-ARL_220409_CA62_0032","06:29","06:30","Didelphimorphia","Didelphis_marsupialis","","SP04-ARL_220409_CA62_0032-r0005","PREX",NA,0.511049,-79.212168,372,"active cacao","active cacao",NA,0,"camera_trap","cacao","acrossincisortipsBreadth",5.53846153846154
"164","CA62","SP04-ARL_220409_CA62_0032","06:29","06:30","Didelphimorphia","Didelphis_marsupialis","","SP04-ARL_220409_CA62_0032-r0005","PREX",NA,0.511049,-79.212168,372,"active cacao","active cacao",NA,0,"camera_trap","cacao","condylobasalLength",81.8276923076923
"165","CA62","SP04-ARL_220409_CA62_0032","06:29","06:30","Didelphimorphia","Didelphis_marsupialis","","SP04-ARL_220409_CA62_0032-r0005","PREX",NA,0.511049,-79.212168,372,"active cacao","active cacao",NA,0,"camera_trap","cacao","earLength",30.9033333333333
"166","CA62","SP04-ARL_220409_CA62_0032","06:29","06:30","Didelphimorphia","Didelphis_marsupialis","","SP04-ARL_220409_CA62_0032-r0005","PREX",NA,0.511049,-79.212168,372,"active cacao","active cacao",NA,0,"camera_trap","cacao","forefootLength",34.285
"167","CA62","SP04-ARL_220409_CA62_0032","06:29","06:30","Didelphimorphia","Didelphis_marsupialis","","SP04-ARL_220409_CA62_0032-r0005","PREX",NA,0.511049,-79.212168,372,"active cacao","active cacao",NA,0,"camera_trap","cacao","forefootWidth",18.5875
"168","CA62","SP04-ARL_220409_CA62_0032","06:29","06:30","Didelphimorphia","Didelphis_marsupialis","","SP04-ARL_220409_CA62_0032-r0005","PREX",NA,0.511049,-79.212168,372,"active cacao","active cacao",NA,0,"camera_trap","cacao","forefootclawLength",6.93
"169","CA62","SP04-ARL_220409_CA62_0032","06:29","06:30","Didelphimorphia","Didelphis_marsupialis","","SP04-ARL_220409_CA62_0032-r0005","PREX",NA,0.511049,-79.212168,372,"active cacao","active cacao",NA,0,"camera_trap","cacao","headandbodyLength",420.31
"170","CA62","SP04-ARL_220409_CA62_0032","06:29","06:30","Didelphimorphia","Didelphis_marsupialis","","SP04-ARL_220409_CA62_0032-r0005","PREX",NA,0.511049,-79.212168,372,"active cacao","active cacao",NA,0,"camera_trap","cacao","hindfootLength",50.59
"171","CA62","SP04-ARL_220409_CA62_0032","06:29","06:30","Didelphimorphia","Didelphis_marsupialis","","SP04-ARL_220409_CA62_0032-r0005","PREX",NA,0.511049,-79.212168,372,"active cacao","active cacao",NA,0,"camera_trap","cacao","hindfootWidth",21.2525
"172","CA62","SP04-ARL_220409_CA62_0032","06:29","06:30","Didelphimorphia","Didelphis_marsupialis","","SP04-ARL_220409_CA62_0032-r0005","PREX",NA,0.511049,-79.212168,372,"active cacao","active cacao",NA,0,"camera_trap","cacao","mandibleDiagonal",56.2
"173","CA62","SP04-ARL_220409_CA62_0032","06:29","06:30","Didelphimorphia","Didelphis_marsupialis","","SP04-ARL_220409_CA62_0032-r0005","PREX",NA,0.511049,-79.212168,372,"active cacao","active cacao",NA,0,"camera_trap","cacao","mandibleLength",66.079
"174","CA62","SP04-ARL_220409_CA62_0032","06:29","06:30","Didelphimorphia","Didelphis_marsupialis","","SP04-ARL_220409_CA62_0032-r0005","PREX",NA,0.511049,-79.212168,372,"active cacao","active cacao",NA,0,"camera_trap","cacao","mandibleWidth",31.816
"175","CA62","SP04-ARL_220409_CA62_0032","06:29","06:30","Didelphimorphia","Didelphis_marsupialis","","SP04-ARL_220409_CA62_0032-r0005","PREX",NA,0.511049,-79.212168,372,"active cacao","active cacao",NA,0,"camera_trap","cacao","mandibularcorpusHeight",13.089
"176","CA62","SP04-ARL_220409_CA62_0032","06:29","06:30","Didelphimorphia","Didelphis_marsupialis","","SP04-ARL_220409_CA62_0032-r0005","PREX",NA,0.511049,-79.212168,372,"active cacao","active cacao",NA,0,"camera_trap","cacao","maxillarytoothrowAlveolarlength",24.7376923076923
"177","CA62","SP04-ARL_220409_CA62_0032","06:29","06:30","Didelphimorphia","Didelphis_marsupialis","","SP04-ARL_220409_CA62_0032-r0005","PREX",NA,0.511049,-79.212168,372,"active cacao","active cacao",NA,0,"camera_trap","cacao","rostrumLength",43.9715384615385
"178","CA62","SP04-ARL_220409_CA62_0032","06:29","06:30","Didelphimorphia","Didelphis_marsupialis","","SP04-ARL_220409_CA62_0032-r0005","PREX",NA,0.511049,-79.212168,372,"active cacao","active cacao",NA,0,"camera_trap","cacao","tailLength",360.74
"179","CA62","SP04-ARL_220409_CA62_0032","06:29","06:30","Didelphimorphia","Didelphis_marsupialis","","SP04-ARL_220409_CA62_0032-r0005","PREX",NA,0.511049,-79.212168,372,"active cacao","active cacao",NA,0,"camera_trap","cacao","vibrissaeLength",59.2575
"180","CA62","SP04-ARL_220409_CA62_0032","06:29","06:30","Didelphimorphia","Didelphis_marsupialis","","SP04-ARL_220409_CA62_0032-r0005","PREX",NA,0.511049,-79.212168,372,"active cacao","active cacao",NA,0,"camera_trap","cacao","zygomaticBreadth",45.3041666666667
"181","CA62","SP04-ARL_220413_CA62_0034","07:15","07:18","Rodentia","Dasyprocta_punctata","","SP04-ARL_220413_CA62_0034-r0010","PREX",NA,0.511049,-79.212168,372,"active cacao","active cacao",NA,0,"camera_trap","cacao","BodyMass",2674.98
"182","CA62","SP04-ARL_220413_CA62_0034","07:15","07:18","Rodentia","Dasyprocta_punctata","","SP04-ARL_220413_CA62_0034-r0010","PREX",NA,0.511049,-79.212168,372,"active cacao","active cacao",NA,0,"camera_trap","cacao","Sex",NA
"183","CA62","SP04-ARL_220413_CA62_0034","07:15","07:18","Rodentia","Dasyprocta_punctata","","SP04-ARL_220413_CA62_0034-r0010","PREX",NA,0.511049,-79.212168,372,"active cacao","active cacao",NA,0,"camera_trap","cacao","acrossincisortipsBreadth",8.504
"184","CA62","SP04-ARL_220413_CA62_0034","07:15","07:18","Rodentia","Dasyprocta_punctata","","SP04-ARL_220413_CA62_0034-r0010","PREX",NA,0.511049,-79.212168,372,"active cacao","active cacao",NA,0,"camera_trap","cacao","condylobasalLength",75.74
"185","CA62","SP04-ARL_220413_CA62_0034","07:15","07:18","Rodentia","Dasyprocta_punctata","","SP04-ARL_220413_CA62_0034-r0010","PREX",NA,0.511049,-79.212168,372,"active cacao","active cacao",NA,0,"camera_trap","cacao","earLength",28.585
"186","CA62","SP04-ARL_220413_CA62_0034","07:15","07:18","Rodentia","Dasyprocta_punctata","","SP04-ARL_220413_CA62_0034-r0010","PREX",NA,0.511049,-79.212168,372,"active cacao","active cacao",NA,0,"camera_trap","cacao","forefootLength",49.595
"187","CA62","SP04-ARL_220413_CA62_0034","07:15","07:18","Rodentia","Dasyprocta_punctata","","SP04-ARL_220413_CA62_0034-r0010","PREX",NA,0.511049,-79.212168,372,"active cacao","active cacao",NA,0,"camera_trap","cacao","forefootWidth",19.78
"188","CA62","SP04-ARL_220413_CA62_0034","07:15","07:18","Rodentia","Dasyprocta_punctata","","SP04-ARL_220413_CA62_0034-r0010","PREX",NA,0.511049,-79.212168,372,"active cacao","active cacao",NA,0,"camera_trap","cacao","forefootclawLength",16.905
"189","CA62","SP04-ARL_220413_CA62_0034","07:15","07:18","Rodentia","Dasyprocta_punctata","","SP04-ARL_220413_CA62_0034-r0010","PREX",NA,0.511049,-79.212168,372,"active cacao","active cacao",NA,0,"camera_trap","cacao","headandbodyLength",554.18
"190","CA62","SP04-ARL_220413_CA62_0034","07:15","07:18","Rodentia","Dasyprocta_punctata","","SP04-ARL_220413_CA62_0034-r0010","PREX",NA,0.511049,-79.212168,372,"active cacao","active cacao",NA,0,"camera_trap","cacao","hindfootLength",103.92
"191","CA62","SP04-ARL_220413_CA62_0034","07:15","07:18","Rodentia","Dasyprocta_punctata","","SP04-ARL_220413_CA62_0034-r0010","PREX",NA,0.511049,-79.212168,372,"active cacao","active cacao",NA,0,"camera_trap","cacao","hindfootWidth",19.56
"192","CA62","SP04-ARL_220413_CA62_0034","07:15","07:18","Rodentia","Dasyprocta_punctata","","SP04-ARL_220413_CA62_0034-r0010","PREX",NA,0.511049,-79.212168,372,"active cacao","active cacao",NA,0,"camera_trap","cacao","mandibleDiagonal",43.53
"193","CA62","SP04-ARL_220413_CA62_0034","07:15","07:18","Rodentia","Dasyprocta_punctata","","SP04-ARL_220413_CA62_0034-r0010","PREX",NA,0.511049,-79.212168,372,"active cacao","active cacao",NA,0,"camera_trap","cacao","mandibleLength",41.0966666666667
"194","CA62","SP04-ARL_220413_CA62_0034","07:15","07:18","Rodentia","Dasyprocta_punctata","","SP04-ARL_220413_CA62_0034-r0010","PREX",NA,0.511049,-79.212168,372,"active cacao","active cacao",NA,0,"camera_trap","cacao","mandibleWidth",37.215
"195","CA62","SP04-ARL_220413_CA62_0034","07:15","07:18","Rodentia","Dasyprocta_punctata","","SP04-ARL_220413_CA62_0034-r0010","PREX",NA,0.511049,-79.212168,372,"active cacao","active cacao",NA,0,"camera_trap","cacao","mandibularcorpusHeight",15.5533333333333
"196","CA62","SP04-ARL_220413_CA62_0034","07:15","07:18","Rodentia","Dasyprocta_punctata","","SP04-ARL_220413_CA62_0034-r0010","PREX",NA,0.511049,-79.212168,372,"active cacao","active cacao",NA,0,"camera_trap","cacao","maxillarytoothrowAlveolarlength",18.02
"197","CA62","SP04-ARL_220413_CA62_0034","07:15","07:18","Rodentia","Dasyprocta_punctata","","SP04-ARL_220413_CA62_0034-r0010","PREX",NA,0.511049,-79.212168,372,"active cacao","active cacao",NA,0,"camera_trap","cacao","rostrumLength",38.132
"198","CA62","SP04-ARL_220413_CA62_0034","07:15","07:18","Rodentia","Dasyprocta_punctata","","SP04-ARL_220413_CA62_0034-r0010","PREX",NA,0.511049,-79.212168,372,"active cacao","active cacao",NA,0,"camera_trap","cacao","tailLength",15.515
"199","CA62","SP04-ARL_220413_CA62_0034","07:15","07:18","Rodentia","Dasyprocta_punctata","","SP04-ARL_220413_CA62_0034-r0010","PREX",NA,0.511049,-79.212168,372,"active cacao","active cacao",NA,0,"camera_trap","cacao","vibrissaeLength",79.02
"200","CA62","SP04-ARL_220413_CA62_0034","07:15","07:18","Rodentia","Dasyprocta_punctata","","SP04-ARL_220413_CA62_0034-r0010","PREX",NA,0.511049,-79.212168,372,"active cacao","active cacao",NA,0,"camera_trap","cacao","zygomaticBreadth",47.4975
"201","CA62","SP04-ARL_220413_CA62_0034","06:58","06:59","Rodentia","Dasyprocta_punctata","","SP04-ARL_220413_CA62_0034-r0007","PREX",NA,0.511049,-79.212168,372,"active cacao","active cacao",NA,0,"camera_trap","cacao","BodyMass",2674.98
"202","CA62","SP04-ARL_220413_CA62_0034","06:58","06:59","Rodentia","Dasyprocta_punctata","","SP04-ARL_220413_CA62_0034-r0007","PREX",NA,0.511049,-79.212168,372,"active cacao","active cacao",NA,0,"camera_trap","cacao","Sex",NA
"203","CA62","SP04-ARL_220413_CA62_0034","06:58","06:59","Rodentia","Dasyprocta_punctata","","SP04-ARL_220413_CA62_0034-r0007","PREX",NA,0.511049,-79.212168,372,"active cacao","active cacao",NA,0,"camera_trap","cacao","acrossincisortipsBreadth",8.504
"204","CA62","SP04-ARL_220413_CA62_0034","06:58","06:59","Rodentia","Dasyprocta_punctata","","SP04-ARL_220413_CA62_0034-r0007","PREX",NA,0.511049,-79.212168,372,"active cacao","active cacao",NA,0,"camera_trap","cacao","condylobasalLength",75.74
"205","CA62","SP04-ARL_220413_CA62_0034","06:58","06:59","Rodentia","Dasyprocta_punctata","","SP04-ARL_220413_CA62_0034-r0007","PREX",NA,0.511049,-79.212168,372,"active cacao","active cacao",NA,0,"camera_trap","cacao","earLength",28.585
"206","CA62","SP04-ARL_220413_CA62_0034","06:58","06:59","Rodentia","Dasyprocta_punctata","","SP04-ARL_220413_CA62_0034-r0007","PREX",NA,0.511049,-79.212168,372,"active cacao","active cacao",NA,0,"camera_trap","cacao","forefootLength",49.595
"207","CA62","SP04-ARL_220413_CA62_0034","06:58","06:59","Rodentia","Dasyprocta_punctata","","SP04-ARL_220413_CA62_0034-r0007","PREX",NA,0.511049,-79.212168,372,"active cacao","active cacao",NA,0,"camera_trap","cacao","forefootWidth",19.78
"208","CA62","SP04-ARL_220413_CA62_0034","06:58","06:59","Rodentia","Dasyprocta_punctata","","SP04-ARL_220413_CA62_0034-r0007","PREX",NA,0.511049,-79.212168,372,"active cacao","active cacao",NA,0,"camera_trap","cacao","forefootclawLength",16.905
"209","CA62","SP04-ARL_220413_CA62_0034","06:58","06:59","Rodentia","Dasyprocta_punctata","","SP04-ARL_220413_CA62_0034-r0007","PREX",NA,0.511049,-79.212168,372,"active cacao","active cacao",NA,0,"camera_trap","cacao","headandbodyLength",554.18
"210","CA62","SP04-ARL_220413_CA62_0034","06:58","06:59","Rodentia","Dasyprocta_punctata","","SP04-ARL_220413_CA62_0034-r0007","PREX",NA,0.511049,-79.212168,372,"active cacao","active cacao",NA,0,"camera_trap","cacao","hindfootLength",103.92
"211","CA62","SP04-ARL_220413_CA62_0034","06:58","06:59","Rodentia","Dasyprocta_punctata","","SP04-ARL_220413_CA62_0034-r0007","PREX",NA,0.511049,-79.212168,372,"active cacao","active cacao",NA,0,"camera_trap","cacao","hindfootWidth",19.56
"212","CA62","SP04-ARL_220413_CA62_0034","06:58","06:59","Rodentia","Dasyprocta_punctata","","SP04-ARL_220413_CA62_0034-r0007","PREX",NA,0.511049,-79.212168,372,"active cacao","active cacao",NA,0,"camera_trap","cacao","mandibleDiagonal",43.53
"213","CA62","SP04-ARL_220413_CA62_0034","06:58","06:59","Rodentia","Dasyprocta_punctata","","SP04-ARL_220413_CA62_0034-r0007","PREX",NA,0.511049,-79.212168,372,"active cacao","active cacao",NA,0,"camera_trap","cacao","mandibleLength",41.0966666666667
"214","CA62","SP04-ARL_220413_CA62_0034","06:58","06:59","Rodentia","Dasyprocta_punctata","","SP04-ARL_220413_CA62_0034-r0007","PREX",NA,0.511049,-79.212168,372,"active cacao","active cacao",NA,0,"camera_trap","cacao","mandibleWidth",37.215
"215","CA62","SP04-ARL_220413_CA62_0034","06:58","06:59","Rodentia","Dasyprocta_punctata","","SP04-ARL_220413_CA62_0034-r0007","PREX",NA,0.511049,-79.212168,372,"active cacao","active cacao",NA,0,"camera_trap","cacao","mandibularcorpusHeight",15.5533333333333
"216","CA62","SP04-ARL_220413_CA62_0034","06:58","06:59","Rodentia","Dasyprocta_punctata","","SP04-ARL_220413_CA62_0034-r0007","PREX",NA,0.511049,-79.212168,372,"active cacao","active cacao",NA,0,"camera_trap","cacao","maxillarytoothrowAlveolarlength",18.02
"217","CA62","SP04-ARL_220413_CA62_0034","06:58","06:59","Rodentia","Dasyprocta_punctata","","SP04-ARL_220413_CA62_0034-r0007","PREX",NA,0.511049,-79.212168,372,"active cacao","active cacao",NA,0,"camera_trap","cacao","rostrumLength",38.132
"218","CA62","SP04-ARL_220413_CA62_0034","06:58","06:59","Rodentia","Dasyprocta_punctata","","SP04-ARL_220413_CA62_0034-r0007","PREX",NA,0.511049,-79.212168,372,"active cacao","active cacao",NA,0,"camera_trap","cacao","tailLength",15.515
"219","CA62","SP04-ARL_220413_CA62_0034","06:58","06:59","Rodentia","Dasyprocta_punctata","","SP04-ARL_220413_CA62_0034-r0007","PREX",NA,0.511049,-79.212168,372,"active cacao","active cacao",NA,0,"camera_trap","cacao","vibrissaeLength",79.02
"220","CA62","SP04-ARL_220413_CA62_0034","06:58","06:59","Rodentia","Dasyprocta_punctata","","SP04-ARL_220413_CA62_0034-r0007","PREX",NA,0.511049,-79.212168,372,"active cacao","active cacao",NA,0,"camera_trap","cacao","zygomaticBreadth",47.4975
"221","CA62","SP04-ARL_220413_CA62_0034","07:06","07:07","Rodentia","Dasyprocta_punctata","","SP04-ARL_220413_CA62_0034-r0008","PREX",NA,0.511049,-79.212168,372,"active cacao","active cacao",NA,0,"camera_trap","cacao","BodyMass",2674.98
"222","CA62","SP04-ARL_220413_CA62_0034","07:06","07:07","Rodentia","Dasyprocta_punctata","","SP04-ARL_220413_CA62_0034-r0008","PREX",NA,0.511049,-79.212168,372,"active cacao","active cacao",NA,0,"camera_trap","cacao","Sex",NA
"223","CA62","SP04-ARL_220413_CA62_0034","07:06","07:07","Rodentia","Dasyprocta_punctata","","SP04-ARL_220413_CA62_0034-r0008","PREX",NA,0.511049,-79.212168,372,"active cacao","active cacao",NA,0,"camera_trap","cacao","acrossincisortipsBreadth",8.504
"224","CA62","SP04-ARL_220413_CA62_0034","07:06","07:07","Rodentia","Dasyprocta_punctata","","SP04-ARL_220413_CA62_0034-r0008","PREX",NA,0.511049,-79.212168,372,"active cacao","active cacao",NA,0,"camera_trap","cacao","condylobasalLength",75.74
"225","CA62","SP04-ARL_220413_CA62_0034","07:06","07:07","Rodentia","Dasyprocta_punctata","","SP04-ARL_220413_CA62_0034-r0008","PREX",NA,0.511049,-79.212168,372,"active cacao","active cacao",NA,0,"camera_trap","cacao","earLength",28.585
"226","CA62","SP04-ARL_220413_CA62_0034","07:06","07:07","Rodentia","Dasyprocta_punctata","","SP04-ARL_220413_CA62_0034-r0008","PREX",NA,0.511049,-79.212168,372,"active cacao","active cacao",NA,0,"camera_trap","cacao","forefootLength",49.595
"227","CA62","SP04-ARL_220413_CA62_0034","07:06","07:07","Rodentia","Dasyprocta_punctata","","SP04-ARL_220413_CA62_0034-r0008","PREX",NA,0.511049,-79.212168,372,"active cacao","active cacao",NA,0,"camera_trap","cacao","forefootWidth",19.78
"228","CA62","SP04-ARL_220413_CA62_0034","07:06","07:07","Rodentia","Dasyprocta_punctata","","SP04-ARL_220413_CA62_0034-r0008","PREX",NA,0.511049,-79.212168,372,"active cacao","active cacao",NA,0,"camera_trap","cacao","forefootclawLength",16.905
"229","CA62","SP04-ARL_220413_CA62_0034","07:06","07:07","Rodentia","Dasyprocta_punctata","","SP04-ARL_220413_CA62_0034-r0008","PREX",NA,0.511049,-79.212168,372,"active cacao","active cacao",NA,0,"camera_trap","cacao","headandbodyLength",554.18
"230","CA62","SP04-ARL_220413_CA62_0034","07:06","07:07","Rodentia","Dasyprocta_punctata","","SP04-ARL_220413_CA62_0034-r0008","PREX",NA,0.511049,-79.212168,372,"active cacao","active cacao",NA,0,"camera_trap","cacao","hindfootLength",103.92
"231","CA62","SP04-ARL_220413_CA62_0034","07:06","07:07","Rodentia","Dasyprocta_punctata","","SP04-ARL_220413_CA62_0034-r0008","PREX",NA,0.511049,-79.212168,372,"active cacao","active cacao",NA,0,"camera_trap","cacao","hindfootWidth",19.56
"232","CA62","SP04-ARL_220413_CA62_0034","07:06","07:07","Rodentia","Dasyprocta_punctata","","SP04-ARL_220413_CA62_0034-r0008","PREX",NA,0.511049,-79.212168,372,"active cacao","active cacao",NA,0,"camera_trap","cacao","mandibleDiagonal",43.53
"233","CA62","SP04-ARL_220413_CA62_0034","07:06","07:07","Rodentia","Dasyprocta_punctata","","SP04-ARL_220413_CA62_0034-r0008","PREX",NA,0.511049,-79.212168,372,"active cacao","active cacao",NA,0,"camera_trap","cacao","mandibleLength",41.0966666666667
"234","CA62","SP04-ARL_220413_CA62_0034","07:06","07:07","Rodentia","Dasyprocta_punctata","","SP04-ARL_220413_CA62_0034-r0008","PREX",NA,0.511049,-79.212168,372,"active cacao","active cacao",NA,0,"camera_trap","cacao","mandibleWidth",37.215
"235","CA62","SP04-ARL_220413_CA62_0034","07:06","07:07","Rodentia","Dasyprocta_punctata","","SP04-ARL_220413_CA62_0034-r0008","PREX",NA,0.511049,-79.212168,372,"active cacao","active cacao",NA,0,"camera_trap","cacao","mandibularcorpusHeight",15.5533333333333
"236","CA62","SP04-ARL_220413_CA62_0034","07:06","07:07","Rodentia","Dasyprocta_punctata","","SP04-ARL_220413_CA62_0034-r0008","PREX",NA,0.511049,-79.212168,372,"active cacao","active cacao",NA,0,"camera_trap","cacao","maxillarytoothrowAlveolarlength",18.02
"237","CA62","SP04-ARL_220413_CA62_0034","07:06","07:07","Rodentia","Dasyprocta_punctata","","SP04-ARL_220413_CA62_0034-r0008","PREX",NA,0.511049,-79.212168,372,"active cacao","active cacao",NA,0,"camera_trap","cacao","rostrumLength",38.132
"238","CA62","SP04-ARL_220413_CA62_0034","07:06","07:07","Rodentia","Dasyprocta_punctata","","SP04-ARL_220413_CA62_0034-r0008","PREX",NA,0.511049,-79.212168,372,"active cacao","active cacao",NA,0,"camera_trap","cacao","tailLength",15.515
"239","CA62","SP04-ARL_220413_CA62_0034","07:06","07:07","Rodentia","Dasyprocta_punctata","","SP04-ARL_220413_CA62_0034-r0008","PREX",NA,0.511049,-79.212168,372,"active cacao","active cacao",NA,0,"camera_trap","cacao","vibrissaeLength",79.02
"240","CA62","SP04-ARL_220413_CA62_0034","07:06","07:07","Rodentia","Dasyprocta_punctata","","SP04-ARL_220413_CA62_0034-r0008","PREX",NA,0.511049,-79.212168,372,"active cacao","active cacao",NA,0,"camera_trap","cacao","zygomaticBreadth",47.4975
"241","CA62","SP04-ARL_220413_CA62_0034","07:13","07:13","Rodentia","Dasyprocta_punctata","","SP04-ARL_220413_CA62_0034-r0009","PREX",NA,0.511049,-79.212168,372,"active cacao","active cacao",NA,0,"camera_trap","cacao","BodyMass",2674.98
"242","CA62","SP04-ARL_220413_CA62_0034","07:13","07:13","Rodentia","Dasyprocta_punctata","","SP04-ARL_220413_CA62_0034-r0009","PREX",NA,0.511049,-79.212168,372,"active cacao","active cacao",NA,0,"camera_trap","cacao","Sex",NA
"243","CA62","SP04-ARL_220413_CA62_0034","07:13","07:13","Rodentia","Dasyprocta_punctata","","SP04-ARL_220413_CA62_0034-r0009","PREX",NA,0.511049,-79.212168,372,"active cacao","active cacao",NA,0,"camera_trap","cacao","acrossincisortipsBreadth",8.504
"244","CA62","SP04-ARL_220413_CA62_0034","07:13","07:13","Rodentia","Dasyprocta_punctata","","SP04-ARL_220413_CA62_0034-r0009","PREX",NA,0.511049,-79.212168,372,"active cacao","active cacao",NA,0,"camera_trap","cacao","condylobasalLength",75.74
"245","CA62","SP04-ARL_220413_CA62_0034","07:13","07:13","Rodentia","Dasyprocta_punctata","","SP04-ARL_220413_CA62_0034-r0009","PREX",NA,0.511049,-79.212168,372,"active cacao","active cacao",NA,0,"camera_trap","cacao","earLength",28.585
"246","CA62","SP04-ARL_220413_CA62_0034","07:13","07:13","Rodentia","Dasyprocta_punctata","","SP04-ARL_220413_CA62_0034-r0009","PREX",NA,0.511049,-79.212168,372,"active cacao","active cacao",NA,0,"camera_trap","cacao","forefootLength",49.595
"247","CA62","SP04-ARL_220413_CA62_0034","07:13","07:13","Rodentia","Dasyprocta_punctata","","SP04-ARL_220413_CA62_0034-r0009","PREX",NA,0.511049,-79.212168,372,"active cacao","active cacao",NA,0,"camera_trap","cacao","forefootWidth",19.78
"248","CA62","SP04-ARL_220413_CA62_0034","07:13","07:13","Rodentia","Dasyprocta_punctata","","SP04-ARL_220413_CA62_0034-r0009","PREX",NA,0.511049,-79.212168,372,"active cacao","active cacao",NA,0,"camera_trap","cacao","forefootclawLength",16.905
"249","CA62","SP04-ARL_220413_CA62_0034","07:13","07:13","Rodentia","Dasyprocta_punctata","","SP04-ARL_220413_CA62_0034-r0009","PREX",NA,0.511049,-79.212168,372,"active cacao","active cacao",NA,0,"camera_trap","cacao","headandbodyLength",554.18
"250","CA62","SP04-ARL_220413_CA62_0034","07:13","07:13","Rodentia","Dasyprocta_punctata","","SP04-ARL_220413_CA62_0034-r0009","PREX",NA,0.511049,-79.212168,372,"active cacao","active cacao",NA,0,"camera_trap","cacao","hindfootLength",103.92
"251","CA62","SP04-ARL_220413_CA62_0034","07:13","07:13","Rodentia","Dasyprocta_punctata","","SP04-ARL_220413_CA62_0034-r0009","PREX",NA,0.511049,-79.212168,372,"active cacao","active cacao",NA,0,"camera_trap","cacao","hindfootWidth",19.56
"252","CA62","SP04-ARL_220413_CA62_0034","07:13","07:13","Rodentia","Dasyprocta_punctata","","SP04-ARL_220413_CA62_0034-r0009","PREX",NA,0.511049,-79.212168,372,"active cacao","active cacao",NA,0,"camera_trap","cacao","mandibleDiagonal",43.53
"253","CA62","SP04-ARL_220413_CA62_0034","07:13","07:13","Rodentia","Dasyprocta_punctata","","SP04-ARL_220413_CA62_0034-r0009","PREX",NA,0.511049,-79.212168,372,"active cacao","active cacao",NA,0,"camera_trap","cacao","mandibleLength",41.0966666666667
"254","CA62","SP04-ARL_220413_CA62_0034","07:13","07:13","Rodentia","Dasyprocta_punctata","","SP04-ARL_220413_CA62_0034-r0009","PREX",NA,0.511049,-79.212168,372,"active cacao","active cacao",NA,0,"camera_trap","cacao","mandibleWidth",37.215
"255","CA62","SP04-ARL_220413_CA62_0034","07:13","07:13","Rodentia","Dasyprocta_punctata","","SP04-ARL_220413_CA62_0034-r0009","PREX",NA,0.511049,-79.212168,372,"active cacao","active cacao",NA,0,"camera_trap","cacao","mandibularcorpusHeight",15.5533333333333
"256","CA62","SP04-ARL_220413_CA62_0034","07:13","07:13","Rodentia","Dasyprocta_punctata","","SP04-ARL_220413_CA62_0034-r0009","PREX",NA,0.511049,-79.212168,372,"active cacao","active cacao",NA,0,"camera_trap","cacao","maxillarytoothrowAlveolarlength",18.02
"257","CA62","SP04-ARL_220413_CA62_0034","07:13","07:13","Rodentia","Dasyprocta_punctata","","SP04-ARL_220413_CA62_0034-r0009","PREX",NA,0.511049,-79.212168,372,"active cacao","active cacao",NA,0,"camera_trap","cacao","rostrumLength",38.132
"258","CA62","SP04-ARL_220413_CA62_0034","07:13","07:13","Rodentia","Dasyprocta_punctata","","SP04-ARL_220413_CA62_0034-r0009","PREX",NA,0.511049,-79.212168,372,"active cacao","active cacao",NA,0,"camera_trap","cacao","tailLength",15.515
"259","CA62","SP04-ARL_220413_CA62_0034","07:13","07:13","Rodentia","Dasyprocta_punctata","","SP04-ARL_220413_CA62_0034-r0009","PREX",NA,0.511049,-79.212168,372,"active cacao","active cacao",NA,0,"camera_trap","cacao","vibrissaeLength",79.02
"260","CA62","SP04-ARL_220413_CA62_0034","07:13","07:13","Rodentia","Dasyprocta_punctata","","SP04-ARL_220413_CA62_0034-r0009","PREX",NA,0.511049,-79.212168,372,"active cacao","active cacao",NA,0,"camera_trap","cacao","zygomaticBreadth",47.4975
"261","CA62","SP04-ARL_220413_CA62_0034","07:27","07:28","Rodentia","Dasyprocta_punctata","","SP04-ARL_220413_CA62_0034-r0011","PREX",NA,0.511049,-79.212168,372,"active cacao","active cacao",NA,0,"camera_trap","cacao","BodyMass",2674.98
"262","CA62","SP04-ARL_220413_CA62_0034","07:27","07:28","Rodentia","Dasyprocta_punctata","","SP04-ARL_220413_CA62_0034-r0011","PREX",NA,0.511049,-79.212168,372,"active cacao","active cacao",NA,0,"camera_trap","cacao","Sex",NA
"263","CA62","SP04-ARL_220413_CA62_0034","07:27","07:28","Rodentia","Dasyprocta_punctata","","SP04-ARL_220413_CA62_0034-r0011","PREX",NA,0.511049,-79.212168,372,"active cacao","active cacao",NA,0,"camera_trap","cacao","acrossincisortipsBreadth",8.504
"264","CA62","SP04-ARL_220413_CA62_0034","07:27","07:28","Rodentia","Dasyprocta_punctata","","SP04-ARL_220413_CA62_0034-r0011","PREX",NA,0.511049,-79.212168,372,"active cacao","active cacao",NA,0,"camera_trap","cacao","condylobasalLength",75.74
"265","CA62","SP04-ARL_220413_CA62_0034","07:27","07:28","Rodentia","Dasyprocta_punctata","","SP04-ARL_220413_CA62_0034-r0011","PREX",NA,0.511049,-79.212168,372,"active cacao","active cacao",NA,0,"camera_trap","cacao","earLength",28.585
"266","CA62","SP04-ARL_220413_CA62_0034","07:27","07:28","Rodentia","Dasyprocta_punctata","","SP04-ARL_220413_CA62_0034-r0011","PREX",NA,0.511049,-79.212168,372,"active cacao","active cacao",NA,0,"camera_trap","cacao","forefootLength",49.595
"267","CA62","SP04-ARL_220413_CA62_0034","07:27","07:28","Rodentia","Dasyprocta_punctata","","SP04-ARL_220413_CA62_0034-r0011","PREX",NA,0.511049,-79.212168,372,"active cacao","active cacao",NA,0,"camera_trap","cacao","forefootWidth",19.78
"268","CA62","SP04-ARL_220413_CA62_0034","07:27","07:28","Rodentia","Dasyprocta_punctata","","SP04-ARL_220413_CA62_0034-r0011","PREX",NA,0.511049,-79.212168,372,"active cacao","active cacao",NA,0,"camera_trap","cacao","forefootclawLength",16.905
"269","CA62","SP04-ARL_220413_CA62_0034","07:27","07:28","Rodentia","Dasyprocta_punctata","","SP04-ARL_220413_CA62_0034-r0011","PREX",NA,0.511049,-79.212168,372,"active cacao","active cacao",NA,0,"camera_trap","cacao","headandbodyLength",554.18
"270","CA62","SP04-ARL_220413_CA62_0034","07:27","07:28","Rodentia","Dasyprocta_punctata","","SP04-ARL_220413_CA62_0034-r0011","PREX",NA,0.511049,-79.212168,372,"active cacao","active cacao",NA,0,"camera_trap","cacao","hindfootLength",103.92
"271","CA62","SP04-ARL_220413_CA62_0034","07:27","07:28","Rodentia","Dasyprocta_punctata","","SP04-ARL_220413_CA62_0034-r0011","PREX",NA,0.511049,-79.212168,372,"active cacao","active cacao",NA,0,"camera_trap","cacao","hindfootWidth",19.56
"272","CA62","SP04-ARL_220413_CA62_0034","07:27","07:28","Rodentia","Dasyprocta_punctata","","SP04-ARL_220413_CA62_0034-r0011","PREX",NA,0.511049,-79.212168,372,"active cacao","active cacao",NA,0,"camera_trap","cacao","mandibleDiagonal",43.53
"273","CA62","SP04-ARL_220413_CA62_0034","07:27","07:28","Rodentia","Dasyprocta_punctata","","SP04-ARL_220413_CA62_0034-r0011","PREX",NA,0.511049,-79.212168,372,"active cacao","active cacao",NA,0,"camera_trap","cacao","mandibleLength",41.0966666666667
"274","CA62","SP04-ARL_220413_CA62_0034","07:27","07:28","Rodentia","Dasyprocta_punctata","","SP04-ARL_220413_CA62_0034-r0011","PREX",NA,0.511049,-79.212168,372,"active cacao","active cacao",NA,0,"camera_trap","cacao","mandibleWidth",37.215
"275","CA62","SP04-ARL_220413_CA62_0034","07:27","07:28","Rodentia","Dasyprocta_punctata","","SP04-ARL_220413_CA62_0034-r0011","PREX",NA,0.511049,-79.212168,372,"active cacao","active cacao",NA,0,"camera_trap","cacao","mandibularcorpusHeight",15.5533333333333
"276","CA62","SP04-ARL_220413_CA62_0034","07:27","07:28","Rodentia","Dasyprocta_punctata","","SP04-ARL_220413_CA62_0034-r0011","PREX",NA,0.511049,-79.212168,372,"active cacao","active cacao",NA,0,"camera_trap","cacao","maxillarytoothrowAlveolarlength",18.02
"277","CA62","SP04-ARL_220413_CA62_0034","07:27","07:28","Rodentia","Dasyprocta_punctata","","SP04-ARL_220413_CA62_0034-r0011","PREX",NA,0.511049,-79.212168,372,"active cacao","active cacao",NA,0,"camera_trap","cacao","rostrumLength",38.132
"278","CA62","SP04-ARL_220413_CA62_0034","07:27","07:28","Rodentia","Dasyprocta_punctata","","SP04-ARL_220413_CA62_0034-r0011","PREX",NA,0.511049,-79.212168,372,"active cacao","active cacao",NA,0,"camera_trap","cacao","tailLength",15.515
"279","CA62","SP04-ARL_220413_CA62_0034","07:27","07:28","Rodentia","Dasyprocta_punctata","","SP04-ARL_220413_CA62_0034-r0011","PREX",NA,0.511049,-79.212168,372,"active cacao","active cacao",NA,0,"camera_trap","cacao","vibrissaeLength",79.02
"280","CA62","SP04-ARL_220413_CA62_0034","07:27","07:28","Rodentia","Dasyprocta_punctata","","SP04-ARL_220413_CA62_0034-r0011","PREX",NA,0.511049,-79.212168,372,"active cacao","active cacao",NA,0,"camera_trap","cacao","zygomaticBreadth",47.4975
"281","CA62","SP04-ARL_220414_CA62_0035","08:21","08:21","Rodentia","Dasyprocta_punctata","","SP04-ARL_220414_CA62_0035-r0012","PREX",NA,0.511049,-79.212168,372,"active cacao","active cacao",NA,0,"camera_trap","cacao","BodyMass",2674.98
"282","CA62","SP04-ARL_220414_CA62_0035","08:21","08:21","Rodentia","Dasyprocta_punctata","","SP04-ARL_220414_CA62_0035-r0012","PREX",NA,0.511049,-79.212168,372,"active cacao","active cacao",NA,0,"camera_trap","cacao","Sex",NA
"283","CA62","SP04-ARL_220414_CA62_0035","08:21","08:21","Rodentia","Dasyprocta_punctata","","SP04-ARL_220414_CA62_0035-r0012","PREX",NA,0.511049,-79.212168,372,"active cacao","active cacao",NA,0,"camera_trap","cacao","acrossincisortipsBreadth",8.504
"284","CA62","SP04-ARL_220414_CA62_0035","08:21","08:21","Rodentia","Dasyprocta_punctata","","SP04-ARL_220414_CA62_0035-r0012","PREX",NA,0.511049,-79.212168,372,"active cacao","active cacao",NA,0,"camera_trap","cacao","condylobasalLength",75.74
"285","CA62","SP04-ARL_220414_CA62_0035","08:21","08:21","Rodentia","Dasyprocta_punctata","","SP04-ARL_220414_CA62_0035-r0012","PREX",NA,0.511049,-79.212168,372,"active cacao","active cacao",NA,0,"camera_trap","cacao","earLength",28.585
"286","CA62","SP04-ARL_220414_CA62_0035","08:21","08:21","Rodentia","Dasyprocta_punctata","","SP04-ARL_220414_CA62_0035-r0012","PREX",NA,0.511049,-79.212168,372,"active cacao","active cacao",NA,0,"camera_trap","cacao","forefootLength",49.595
"287","CA62","SP04-ARL_220414_CA62_0035","08:21","08:21","Rodentia","Dasyprocta_punctata","","SP04-ARL_220414_CA62_0035-r0012","PREX",NA,0.511049,-79.212168,372,"active cacao","active cacao",NA,0,"camera_trap","cacao","forefootWidth",19.78
"288","CA62","SP04-ARL_220414_CA62_0035","08:21","08:21","Rodentia","Dasyprocta_punctata","","SP04-ARL_220414_CA62_0035-r0012","PREX",NA,0.511049,-79.212168,372,"active cacao","active cacao",NA,0,"camera_trap","cacao","forefootclawLength",16.905
"289","CA62","SP04-ARL_220414_CA62_0035","08:21","08:21","Rodentia","Dasyprocta_punctata","","SP04-ARL_220414_CA62_0035-r0012","PREX",NA,0.511049,-79.212168,372,"active cacao","active cacao",NA,0,"camera_trap","cacao","headandbodyLength",554.18
"290","CA62","SP04-ARL_220414_CA62_0035","08:21","08:21","Rodentia","Dasyprocta_punctata","","SP04-ARL_220414_CA62_0035-r0012","PREX",NA,0.511049,-79.212168,372,"active cacao","active cacao",NA,0,"camera_trap","cacao","hindfootLength",103.92
"291","CA62","SP04-ARL_220414_CA62_0035","08:21","08:21","Rodentia","Dasyprocta_punctata","","SP04-ARL_220414_CA62_0035-r0012","PREX",NA,0.511049,-79.212168,372,"active cacao","active cacao",NA,0,"camera_trap","cacao","hindfootWidth",19.56
"292","CA62","SP04-ARL_220414_CA62_0035","08:21","08:21","Rodentia","Dasyprocta_punctata","","SP04-ARL_220414_CA62_0035-r0012","PREX",NA,0.511049,-79.212168,372,"active cacao","active cacao",NA,0,"camera_trap","cacao","mandibleDiagonal",43.53
"293","CA62","SP04-ARL_220414_CA62_0035","08:21","08:21","Rodentia","Dasyprocta_punctata","","SP04-ARL_220414_CA62_0035-r0012","PREX",NA,0.511049,-79.212168,372,"active cacao","active cacao",NA,0,"camera_trap","cacao","mandibleLength",41.0966666666667
"294","CA62","SP04-ARL_220414_CA62_0035","08:21","08:21","Rodentia","Dasyprocta_punctata","","SP04-ARL_220414_CA62_0035-r0012","PREX",NA,0.511049,-79.212168,372,"active cacao","active cacao",NA,0,"camera_trap","cacao","mandibleWidth",37.215
"295","CA62","SP04-ARL_220414_CA62_0035","08:21","08:21","Rodentia","Dasyprocta_punctata","","SP04-ARL_220414_CA62_0035-r0012","PREX",NA,0.511049,-79.212168,372,"active cacao","active cacao",NA,0,"camera_trap","cacao","mandibularcorpusHeight",15.5533333333333
"296","CA62","SP04-ARL_220414_CA62_0035","08:21","08:21","Rodentia","Dasyprocta_punctata","","SP04-ARL_220414_CA62_0035-r0012","PREX",NA,0.511049,-79.212168,372,"active cacao","active cacao",NA,0,"camera_trap","cacao","maxillarytoothrowAlveolarlength",18.02
"297","CA62","SP04-ARL_220414_CA62_0035","08:21","08:21","Rodentia","Dasyprocta_punctata","","SP04-ARL_220414_CA62_0035-r0012","PREX",NA,0.511049,-79.212168,372,"active cacao","active cacao",NA,0,"camera_trap","cacao","rostrumLength",38.132
"298","CA62","SP04-ARL_220414_CA62_0035","08:21","08:21","Rodentia","Dasyprocta_punctata","","SP04-ARL_220414_CA62_0035-r0012","PREX",NA,0.511049,-79.212168,372,"active cacao","active cacao",NA,0,"camera_trap","cacao","tailLength",15.515
"299","CA62","SP04-ARL_220414_CA62_0035","08:21","08:21","Rodentia","Dasyprocta_punctata","","SP04-ARL_220414_CA62_0035-r0012","PREX",NA,0.511049,-79.212168,372,"active cacao","active cacao",NA,0,"camera_trap","cacao","vibrissaeLength",79.02
"300","CA62","SP04-ARL_220414_CA62_0035","08:21","08:21","Rodentia","Dasyprocta_punctata","","SP04-ARL_220414_CA62_0035-r0012","PREX",NA,0.511049,-79.212168,372,"active cacao","active cacao",NA,0,"camera_trap","cacao","zygomaticBreadth",47.4975
"301","CA63","SP04-ARL_231009_CA63_0268","08:10","08:11","Carnivora","Eira_barbara","","SP04-ARL_231009_CA63_0268-r0184","PREX",NA,0.54401822,-79.14532595,240,"active cacao","active cacao",NA,0,"camera_trap","cacao","BodyMass",3910.03
"302","CA63","SP04-ARL_231009_CA63_0268","08:10","08:11","Carnivora","Eira_barbara","","SP04-ARL_231009_CA63_0268-r0184","PREX",NA,0.54401822,-79.14532595,240,"active cacao","active cacao",NA,0,"camera_trap","cacao","Sex",NA
"303","CA63","SP04-ARL_231009_CA63_0268","08:10","08:11","Carnivora","Eira_barbara","","SP04-ARL_231009_CA63_0268-r0184","PREX",NA,0.54401822,-79.14532595,240,"active cacao","active cacao",NA,0,"camera_trap","cacao","acrossincisortipsBreadth",5.114
"304","CA63","SP04-ARL_231009_CA63_0268","08:10","08:11","Carnivora","Eira_barbara","","SP04-ARL_231009_CA63_0268-r0184","PREX",NA,0.54401822,-79.14532595,240,"active cacao","active cacao",NA,0,"camera_trap","cacao","condylobasalLength",94.11
"305","CA63","SP04-ARL_231009_CA63_0268","08:10","08:11","Carnivora","Eira_barbara","","SP04-ARL_231009_CA63_0268-r0184","PREX",NA,0.54401822,-79.14532595,240,"active cacao","active cacao",NA,0,"camera_trap","cacao","earLength",19.6133333333333
"306","CA63","SP04-ARL_231009_CA63_0268","08:10","08:11","Carnivora","Eira_barbara","","SP04-ARL_231009_CA63_0268-r0184","PREX",NA,0.54401822,-79.14532595,240,"active cacao","active cacao",NA,0,"camera_trap","cacao","forefootLength",61.16
"307","CA63","SP04-ARL_231009_CA63_0268","08:10","08:11","Carnivora","Eira_barbara","","SP04-ARL_231009_CA63_0268-r0184","PREX",NA,0.54401822,-79.14532595,240,"active cacao","active cacao",NA,0,"camera_trap","cacao","forefootWidth",30.335
"308","CA63","SP04-ARL_231009_CA63_0268","08:10","08:11","Carnivora","Eira_barbara","","SP04-ARL_231009_CA63_0268-r0184","PREX",NA,0.54401822,-79.14532595,240,"active cacao","active cacao",NA,0,"camera_trap","cacao","forefootclawLength",13.4275
"309","CA63","SP04-ARL_231009_CA63_0268","08:10","08:11","Carnivora","Eira_barbara","","SP04-ARL_231009_CA63_0268-r0184","PREX",NA,0.54401822,-79.14532595,240,"active cacao","active cacao",NA,0,"camera_trap","cacao","headandbodyLength",577.18
"310","CA63","SP04-ARL_231009_CA63_0268","08:10","08:11","Carnivora","Eira_barbara","","SP04-ARL_231009_CA63_0268-r0184","PREX",NA,0.54401822,-79.14532595,240,"active cacao","active cacao",NA,0,"camera_trap","cacao","hindfootLength",73.9
"311","CA63","SP04-ARL_231009_CA63_0268","08:10","08:11","Carnivora","Eira_barbara","","SP04-ARL_231009_CA63_0268-r0184","PREX",NA,0.54401822,-79.14532595,240,"active cacao","active cacao",NA,0,"camera_trap","cacao","hindfootWidth",27.9725
"312","CA63","SP04-ARL_231009_CA63_0268","08:10","08:11","Carnivora","Eira_barbara","","SP04-ARL_231009_CA63_0268-r0184","PREX",NA,0.54401822,-79.14532595,240,"active cacao","active cacao",NA,0,"camera_trap","cacao","mandibleDiagonal",59.18
"313","CA63","SP04-ARL_231009_CA63_0268","08:10","08:11","Carnivora","Eira_barbara","","SP04-ARL_231009_CA63_0268-r0184","PREX",NA,0.54401822,-79.14532595,240,"active cacao","active cacao",NA,0,"camera_trap","cacao","mandibleLength",55.17
"314","CA63","SP04-ARL_231009_CA63_0268","08:10","08:11","Carnivora","Eira_barbara","","SP04-ARL_231009_CA63_0268-r0184","PREX",NA,0.54401822,-79.14532595,240,"active cacao","active cacao",NA,0,"camera_trap","cacao","mandibleWidth",44.32
"315","CA63","SP04-ARL_231009_CA63_0268","08:10","08:11","Carnivora","Eira_barbara","","SP04-ARL_231009_CA63_0268-r0184","PREX",NA,0.54401822,-79.14532595,240,"active cacao","active cacao",NA,0,"camera_trap","cacao","mandibularcorpusHeight",18.605
"316","CA63","SP04-ARL_231009_CA63_0268","08:10","08:11","Carnivora","Eira_barbara","","SP04-ARL_231009_CA63_0268-r0184","PREX",NA,0.54401822,-79.14532595,240,"active cacao","active cacao",NA,0,"camera_trap","cacao","maxillarytoothrowAlveolarlength",22.906
"317","CA63","SP04-ARL_231009_CA63_0268","08:10","08:11","Carnivora","Eira_barbara","","SP04-ARL_231009_CA63_0268-r0184","PREX",NA,0.54401822,-79.14532595,240,"active cacao","active cacao",NA,0,"camera_trap","cacao","rostrumLength",32.744
"318","CA63","SP04-ARL_231009_CA63_0268","08:10","08:11","Carnivora","Eira_barbara","","SP04-ARL_231009_CA63_0268-r0184","PREX",NA,0.54401822,-79.14532595,240,"active cacao","active cacao",NA,0,"camera_trap","cacao","tailLength",250.825
"319","CA63","SP04-ARL_231009_CA63_0268","08:10","08:11","Carnivora","Eira_barbara","","SP04-ARL_231009_CA63_0268-r0184","PREX",NA,0.54401822,-79.14532595,240,"active cacao","active cacao",NA,0,"camera_trap","cacao","vibrissaeLength",23.7166666666667
"320","CA63","SP04-ARL_231009_CA63_0268","08:10","08:11","Carnivora","Eira_barbara","","SP04-ARL_231009_CA63_0268-r0184","PREX",NA,0.54401822,-79.14532595,240,"active cacao","active cacao",NA,0,"camera_trap","cacao","zygomaticBreadth",61.366
"321","CA63","SP04-ARL_231009_CA63_0268","17:54","17:54","Didelphimorphia","Metachirus_sp","","SP04-ARL_231009_CA63_0268-r0185","PREX",NA,0.54401822,-79.14532595,240,"active cacao","active cacao",NA,0,"camera_trap","cacao",NA,NA
"322","CA63","SP04-ARL_231012_CA63_0269","04:32","04:33","Birds","Crypturellus_soui","","SP04-ARL_231012_CA63_0269-r0186","PREX",NA,0.54401822,-79.14532595,240,"active cacao","active cacao",NA,0,"camera_trap","cacao","Age",NA
"323","CA63","SP04-ARL_231012_CA63_0269","04:32","04:33","Birds","Crypturellus_soui","","SP04-ARL_231012_CA63_0269-r0186","PREX",NA,0.54401822,-79.14532595,240,"active cacao","active cacao",NA,0,"camera_trap","cacao","Beak.Depth",3.88
"324","CA63","SP04-ARL_231012_CA63_0269","04:32","04:33","Birds","Crypturellus_soui","","SP04-ARL_231012_CA63_0269-r0186","PREX",NA,0.54401822,-79.14532595,240,"active cacao","active cacao",NA,0,"camera_trap","cacao","Beak.Length_Culmen",24.2375
"325","CA63","SP04-ARL_231012_CA63_0269","04:32","04:33","Birds","Crypturellus_soui","","SP04-ARL_231012_CA63_0269-r0186","PREX",NA,0.54401822,-79.14532595,240,"active cacao","active cacao",NA,0,"camera_trap","cacao","Beak.Length_Nares",7.97777777777778
"326","CA63","SP04-ARL_231012_CA63_0269","04:32","04:33","Birds","Crypturellus_soui","","SP04-ARL_231012_CA63_0269-r0186","PREX",NA,0.54401822,-79.14532595,240,"active cacao","active cacao",NA,0,"camera_trap","cacao","Beak.Width",4.2
"327","CA63","SP04-ARL_231012_CA63_0269","04:32","04:33","Birds","Crypturellus_soui","","SP04-ARL_231012_CA63_0269-r0186","PREX",NA,0.54401822,-79.14532595,240,"active cacao","active cacao",NA,0,"camera_trap","cacao","BodyMass",216.2
"328","CA63","SP04-ARL_231012_CA63_0269","04:32","04:33","Birds","Crypturellus_soui","","SP04-ARL_231012_CA63_0269-r0186","PREX",NA,0.54401822,-79.14532595,240,"active cacao","active cacao",NA,0,"camera_trap","cacao","Hand.wing.Index",25.4181818181818
"329","CA63","SP04-ARL_231012_CA63_0269","04:32","04:33","Birds","Crypturellus_soui","","SP04-ARL_231012_CA63_0269-r0186","PREX",NA,0.54401822,-79.14532595,240,"active cacao","active cacao",NA,0,"camera_trap","cacao","Kipps.Distance",32.8909090909091
"330","CA63","SP04-ARL_231012_CA63_0269","04:32","04:33","Birds","Crypturellus_soui","","SP04-ARL_231012_CA63_0269-r0186","PREX",NA,0.54401822,-79.14532595,240,"active cacao","active cacao",NA,0,"camera_trap","cacao","Secondary1",96.3636363636364
"331","CA63","SP04-ARL_231012_CA63_0269","04:32","04:33","Birds","Crypturellus_soui","","SP04-ARL_231012_CA63_0269-r0186","PREX",NA,0.54401822,-79.14532595,240,"active cacao","active cacao",NA,0,"camera_trap","cacao","Sex",NA
"332","CA63","SP04-ARL_231012_CA63_0269","04:32","04:33","Birds","Crypturellus_soui","","SP04-ARL_231012_CA63_0269-r0186","PREX",NA,0.54401822,-79.14532595,240,"active cacao","active cacao",NA,0,"camera_trap","cacao","Tail.Length",47.90625
"333","CA63","SP04-ARL_231012_CA63_0269","04:32","04:33","Birds","Crypturellus_soui","","SP04-ARL_231012_CA63_0269-r0186","PREX",NA,0.54401822,-79.14532595,240,"active cacao","active cacao",NA,0,"camera_trap","cacao","Tarsus.Length",36.3555555555556
"334","CA63","SP04-ARL_231012_CA63_0269","04:32","04:33","Birds","Crypturellus_soui","","SP04-ARL_231012_CA63_0269-r0186","PREX",NA,0.54401822,-79.14532595,240,"active cacao","active cacao",NA,0,"camera_trap","cacao","Wing.Length",127.51875
"335","CA63","SP04-ARL_231014_CA63_0270","18:11","18:11","Rodentia","Proechimys_semispinosus","","SP04-ARL_231014_CA63_0270-r0187","PREX",NA,0.54401822,-79.14532595,240,"active cacao","active cacao",NA,0,"camera_trap","cacao","BodyMass",360.5
"336","CA63","SP04-ARL_231014_CA63_0270","18:11","18:11","Rodentia","Proechimys_semispinosus","","SP04-ARL_231014_CA63_0270-r0187","PREX",NA,0.54401822,-79.14532595,240,"active cacao","active cacao",NA,0,"camera_trap","cacao","Sex",NA
"337","CA63","SP04-ARL_231014_CA63_0270","18:11","18:11","Rodentia","Proechimys_semispinosus","","SP04-ARL_231014_CA63_0270-r0187","PREX",NA,0.54401822,-79.14532595,240,"active cacao","active cacao",NA,0,"camera_trap","cacao","acrossincisortipsBreadth",7.283
"338","CA63","SP04-ARL_231014_CA63_0270","18:11","18:11","Rodentia","Proechimys_semispinosus","","SP04-ARL_231014_CA63_0270-r0187","PREX",NA,0.54401822,-79.14532595,240,"active cacao","active cacao",NA,0,"camera_trap","cacao","condylobasalLength",44.546
"339","CA63","SP04-ARL_231014_CA63_0270","18:11","18:11","Rodentia","Proechimys_semispinosus","","SP04-ARL_231014_CA63_0270-r0187","PREX",NA,0.54401822,-79.14532595,240,"active cacao","active cacao",NA,0,"camera_trap","cacao","earLength",15.0225
"340","CA63","SP04-ARL_231014_CA63_0270","18:11","18:11","Rodentia","Proechimys_semispinosus","","SP04-ARL_231014_CA63_0270-r0187","PREX",NA,0.54401822,-79.14532595,240,"active cacao","active cacao",NA,0,"camera_trap","cacao","forefootLength",18.13
"341","CA63","SP04-ARL_231014_CA63_0270","18:11","18:11","Rodentia","Proechimys_semispinosus","","SP04-ARL_231014_CA63_0270-r0187","PREX",NA,0.54401822,-79.14532595,240,"active cacao","active cacao",NA,0,"camera_trap","cacao","forefootWidth",6.8325
"342","CA63","SP04-ARL_231014_CA63_0270","18:11","18:11","Rodentia","Proechimys_semispinosus","","SP04-ARL_231014_CA63_0270-r0187","PREX",NA,0.54401822,-79.14532595,240,"active cacao","active cacao",NA,0,"camera_trap","cacao","forefootclawLength",3.08
"343","CA63","SP04-ARL_231014_CA63_0270","18:11","18:11","Rodentia","Proechimys_semispinosus","","SP04-ARL_231014_CA63_0270-r0187","PREX",NA,0.54401822,-79.14532595,240,"active cacao","active cacao",NA,0,"camera_trap","cacao","headandbodyLength",209.8225
"344","CA63","SP04-ARL_231014_CA63_0270","18:11","18:11","Rodentia","Proechimys_semispinosus","","SP04-ARL_231014_CA63_0270-r0187","PREX",NA,0.54401822,-79.14532595,240,"active cacao","active cacao",NA,0,"camera_trap","cacao","hindfootLength",44.63
"345","CA63","SP04-ARL_231014_CA63_0270","18:11","18:11","Rodentia","Proechimys_semispinosus","","SP04-ARL_231014_CA63_0270-r0187","PREX",NA,0.54401822,-79.14532595,240,"active cacao","active cacao",NA,0,"camera_trap","cacao","hindfootWidth",9.2
"346","CA63","SP04-ARL_231014_CA63_0270","18:11","18:11","Rodentia","Proechimys_semispinosus","","SP04-ARL_231014_CA63_0270-r0187","PREX",NA,0.54401822,-79.14532595,240,"active cacao","active cacao",NA,0,"camera_trap","cacao","mandibleDiagonal",22.782
"347","CA63","SP04-ARL_231014_CA63_0270","18:11","18:11","Rodentia","Proechimys_semispinosus","","SP04-ARL_231014_CA63_0270-r0187","PREX",NA,0.54401822,-79.14532595,240,"active cacao","active cacao",NA,0,"camera_trap","cacao","mandibleLength",22.9
"348","CA63","SP04-ARL_231014_CA63_0270","18:11","18:11","Rodentia","Proechimys_semispinosus","","SP04-ARL_231014_CA63_0270-r0187","PREX",NA,0.54401822,-79.14532595,240,"active cacao","active cacao",NA,0,"camera_trap","cacao","mandibleWidth",26.8021428571429
"349","CA63","SP04-ARL_231014_CA63_0270","18:11","18:11","Rodentia","Proechimys_semispinosus","","SP04-ARL_231014_CA63_0270-r0187","PREX",NA,0.54401822,-79.14532595,240,"active cacao","active cacao",NA,0,"camera_trap","cacao","mandibularcorpusHeight",11.66
"350","CA63","SP04-ARL_231014_CA63_0270","18:11","18:11","Rodentia","Proechimys_semispinosus","","SP04-ARL_231014_CA63_0270-r0187","PREX",NA,0.54401822,-79.14532595,240,"active cacao","active cacao",NA,0,"camera_trap","cacao","maxillarytoothrowAlveolarlength",12.98
"351","CA63","SP04-ARL_231014_CA63_0270","18:11","18:11","Rodentia","Proechimys_semispinosus","","SP04-ARL_231014_CA63_0270-r0187","PREX",NA,0.54401822,-79.14532595,240,"active cacao","active cacao",NA,0,"camera_trap","cacao","rostrumLength",23.417
"352","CA63","SP04-ARL_231014_CA63_0270","18:11","18:11","Rodentia","Proechimys_semispinosus","","SP04-ARL_231014_CA63_0270-r0187","PREX",NA,0.54401822,-79.14532595,240,"active cacao","active cacao",NA,0,"camera_trap","cacao","tailLength",60.87
"353","CA63","SP04-ARL_231014_CA63_0270","18:11","18:11","Rodentia","Proechimys_semispinosus","","SP04-ARL_231014_CA63_0270-r0187","PREX",NA,0.54401822,-79.14532595,240,"active cacao","active cacao",NA,0,"camera_trap","cacao","vibrissaeLength",63.0425
"354","CA63","SP04-ARL_231014_CA63_0270","18:11","18:11","Rodentia","Proechimys_semispinosus","","SP04-ARL_231014_CA63_0270-r0187","PREX",NA,0.54401822,-79.14532595,240,"active cacao","active cacao",NA,0,"camera_trap","cacao","zygomaticBreadth",29.363
"355","CA64","SP04-ARL_220518_CA64_0073","07:25","07:30","Rodentia","Proechimys_semispinosus","","SP04-ARL_220518_CA64_0073-r0043","PREX",NA,0.54348119,-79.15456,256,"active cacao","active cacao",NA,0,"camera_trap","cacao","BodyMass",360.5
"356","CA64","SP04-ARL_220518_CA64_0073","07:25","07:30","Rodentia","Proechimys_semispinosus","","SP04-ARL_220518_CA64_0073-r0043","PREX",NA,0.54348119,-79.15456,256,"active cacao","active cacao",NA,0,"camera_trap","cacao","Sex",NA
"357","CA64","SP04-ARL_220518_CA64_0073","07:25","07:30","Rodentia","Proechimys_semispinosus","","SP04-ARL_220518_CA64_0073-r0043","PREX",NA,0.54348119,-79.15456,256,"active cacao","active cacao",NA,0,"camera_trap","cacao","acrossincisortipsBreadth",7.283
"358","CA64","SP04-ARL_220518_CA64_0073","07:25","07:30","Rodentia","Proechimys_semispinosus","","SP04-ARL_220518_CA64_0073-r0043","PREX",NA,0.54348119,-79.15456,256,"active cacao","active cacao",NA,0,"camera_trap","cacao","condylobasalLength",44.546
"359","CA64","SP04-ARL_220518_CA64_0073","07:25","07:30","Rodentia","Proechimys_semispinosus","","SP04-ARL_220518_CA64_0073-r0043","PREX",NA,0.54348119,-79.15456,256,"active cacao","active cacao",NA,0,"camera_trap","cacao","earLength",15.0225
"360","CA64","SP04-ARL_220518_CA64_0073","07:25","07:30","Rodentia","Proechimys_semispinosus","","SP04-ARL_220518_CA64_0073-r0043","PREX",NA,0.54348119,-79.15456,256,"active cacao","active cacao",NA,0,"camera_trap","cacao","forefootLength",18.13
"361","CA64","SP04-ARL_220518_CA64_0073","07:25","07:30","Rodentia","Proechimys_semispinosus","","SP04-ARL_220518_CA64_0073-r0043","PREX",NA,0.54348119,-79.15456,256,"active cacao","active cacao",NA,0,"camera_trap","cacao","forefootWidth",6.8325
"362","CA64","SP04-ARL_220518_CA64_0073","07:25","07:30","Rodentia","Proechimys_semispinosus","","SP04-ARL_220518_CA64_0073-r0043","PREX",NA,0.54348119,-79.15456,256,"active cacao","active cacao",NA,0,"camera_trap","cacao","forefootclawLength",3.08
"363","CA64","SP04-ARL_220518_CA64_0073","07:25","07:30","Rodentia","Proechimys_semispinosus","","SP04-ARL_220518_CA64_0073-r0043","PREX",NA,0.54348119,-79.15456,256,"active cacao","active cacao",NA,0,"camera_trap","cacao","headandbodyLength",209.8225
"364","CA64","SP04-ARL_220518_CA64_0073","07:25","07:30","Rodentia","Proechimys_semispinosus","","SP04-ARL_220518_CA64_0073-r0043","PREX",NA,0.54348119,-79.15456,256,"active cacao","active cacao",NA,0,"camera_trap","cacao","hindfootLength",44.63
"365","CA64","SP04-ARL_220518_CA64_0073","07:25","07:30","Rodentia","Proechimys_semispinosus","","SP04-ARL_220518_CA64_0073-r0043","PREX",NA,0.54348119,-79.15456,256,"active cacao","active cacao",NA,0,"camera_trap","cacao","hindfootWidth",9.2
"366","CA64","SP04-ARL_220518_CA64_0073","07:25","07:30","Rodentia","Proechimys_semispinosus","","SP04-ARL_220518_CA64_0073-r0043","PREX",NA,0.54348119,-79.15456,256,"active cacao","active cacao",NA,0,"camera_trap","cacao","mandibleDiagonal",22.782
"367","CA64","SP04-ARL_220518_CA64_0073","07:25","07:30","Rodentia","Proechimys_semispinosus","","SP04-ARL_220518_CA64_0073-r0043","PREX",NA,0.54348119,-79.15456,256,"active cacao","active cacao",NA,0,"camera_trap","cacao","mandibleLength",22.9
"368","CA64","SP04-ARL_220518_CA64_0073","07:25","07:30","Rodentia","Proechimys_semispinosus","","SP04-ARL_220518_CA64_0073-r0043","PREX",NA,0.54348119,-79.15456,256,"active cacao","active cacao",NA,0,"camera_trap","cacao","mandibleWidth",26.8021428571429
"369","CA64","SP04-ARL_220518_CA64_0073","07:25","07:30","Rodentia","Proechimys_semispinosus","","SP04-ARL_220518_CA64_0073-r0043","PREX",NA,0.54348119,-79.15456,256,"active cacao","active cacao",NA,0,"camera_trap","cacao","mandibularcorpusHeight",11.66
"370","CA64","SP04-ARL_220518_CA64_0073","07:25","07:30","Rodentia","Proechimys_semispinosus","","SP04-ARL_220518_CA64_0073-r0043","PREX",NA,0.54348119,-79.15456,256,"active cacao","active cacao",NA,0,"camera_trap","cacao","maxillarytoothrowAlveolarlength",12.98
"371","CA64","SP04-ARL_220518_CA64_0073","07:25","07:30","Rodentia","Proechimys_semispinosus","","SP04-ARL_220518_CA64_0073-r0043","PREX",NA,0.54348119,-79.15456,256,"active cacao","active cacao",NA,0,"camera_trap","cacao","rostrumLength",23.417
"372","CA64","SP04-ARL_220518_CA64_0073","07:25","07:30","Rodentia","Proechimys_semispinosus","","SP04-ARL_220518_CA64_0073-r0043","PREX",NA,0.54348119,-79.15456,256,"active cacao","active cacao",NA,0,"camera_trap","cacao","tailLength",60.87
"373","CA64","SP04-ARL_220518_CA64_0073","07:25","07:30","Rodentia","Proechimys_semispinosus","","SP04-ARL_220518_CA64_0073-r0043","PREX",NA,0.54348119,-79.15456,256,"active cacao","active cacao",NA,0,"camera_trap","cacao","vibrissaeLength",63.0425
"374","CA64","SP04-ARL_220518_CA64_0073","07:25","07:30","Rodentia","Proechimys_semispinosus","","SP04-ARL_220518_CA64_0073-r0043","PREX",NA,0.54348119,-79.15456,256,"active cacao","active cacao",NA,0,"camera_trap","cacao","zygomaticBreadth",29.363
"375","CA64","SP04-ARL_220519_CA64_0074","05:08","05:08","Rodentia","Proechimys_semispinosus","","SP04-ARL_220519_CA64_0074-r0044","PREX",NA,0.54348119,-79.15456,256,"active cacao","active cacao",NA,0,"camera_trap","cacao","BodyMass",360.5
"376","CA64","SP04-ARL_220519_CA64_0074","05:08","05:08","Rodentia","Proechimys_semispinosus","","SP04-ARL_220519_CA64_0074-r0044","PREX",NA,0.54348119,-79.15456,256,"active cacao","active cacao",NA,0,"camera_trap","cacao","Sex",NA
"377","CA64","SP04-ARL_220519_CA64_0074","05:08","05:08","Rodentia","Proechimys_semispinosus","","SP04-ARL_220519_CA64_0074-r0044","PREX",NA,0.54348119,-79.15456,256,"active cacao","active cacao",NA,0,"camera_trap","cacao","acrossincisortipsBreadth",7.283
"378","CA64","SP04-ARL_220519_CA64_0074","05:08","05:08","Rodentia","Proechimys_semispinosus","","SP04-ARL_220519_CA64_0074-r0044","PREX",NA,0.54348119,-79.15456,256,"active cacao","active cacao",NA,0,"camera_trap","cacao","condylobasalLength",44.546
"379","CA64","SP04-ARL_220519_CA64_0074","05:08","05:08","Rodentia","Proechimys_semispinosus","","SP04-ARL_220519_CA64_0074-r0044","PREX",NA,0.54348119,-79.15456,256,"active cacao","active cacao",NA,0,"camera_trap","cacao","earLength",15.0225
"380","CA64","SP04-ARL_220519_CA64_0074","05:08","05:08","Rodentia","Proechimys_semispinosus","","SP04-ARL_220519_CA64_0074-r0044","PREX",NA,0.54348119,-79.15456,256,"active cacao","active cacao",NA,0,"camera_trap","cacao","forefootLength",18.13
"381","CA64","SP04-ARL_220519_CA64_0074","05:08","05:08","Rodentia","Proechimys_semispinosus","","SP04-ARL_220519_CA64_0074-r0044","PREX",NA,0.54348119,-79.15456,256,"active cacao","active cacao",NA,0,"camera_trap","cacao","forefootWidth",6.8325
"382","CA64","SP04-ARL_220519_CA64_0074","05:08","05:08","Rodentia","Proechimys_semispinosus","","SP04-ARL_220519_CA64_0074-r0044","PREX",NA,0.54348119,-79.15456,256,"active cacao","active cacao",NA,0,"camera_trap","cacao","forefootclawLength",3.08
"383","CA64","SP04-ARL_220519_CA64_0074","05:08","05:08","Rodentia","Proechimys_semispinosus","","SP04-ARL_220519_CA64_0074-r0044","PREX",NA,0.54348119,-79.15456,256,"active cacao","active cacao",NA,0,"camera_trap","cacao","headandbodyLength",209.8225
"384","CA64","SP04-ARL_220519_CA64_0074","05:08","05:08","Rodentia","Proechimys_semispinosus","","SP04-ARL_220519_CA64_0074-r0044","PREX",NA,0.54348119,-79.15456,256,"active cacao","active cacao",NA,0,"camera_trap","cacao","hindfootLength",44.63
"385","CA64","SP04-ARL_220519_CA64_0074","05:08","05:08","Rodentia","Proechimys_semispinosus","","SP04-ARL_220519_CA64_0074-r0044","PREX",NA,0.54348119,-79.15456,256,"active cacao","active cacao",NA,0,"camera_trap","cacao","hindfootWidth",9.2
"386","CA64","SP04-ARL_220519_CA64_0074","05:08","05:08","Rodentia","Proechimys_semispinosus","","SP04-ARL_220519_CA64_0074-r0044","PREX",NA,0.54348119,-79.15456,256,"active cacao","active cacao",NA,0,"camera_trap","cacao","mandibleDiagonal",22.782
"387","CA64","SP04-ARL_220519_CA64_0074","05:08","05:08","Rodentia","Proechimys_semispinosus","","SP04-ARL_220519_CA64_0074-r0044","PREX",NA,0.54348119,-79.15456,256,"active cacao","active cacao",NA,0,"camera_trap","cacao","mandibleLength",22.9
"388","CA64","SP04-ARL_220519_CA64_0074","05:08","05:08","Rodentia","Proechimys_semispinosus","","SP04-ARL_220519_CA64_0074-r0044","PREX",NA,0.54348119,-79.15456,256,"active cacao","active cacao",NA,0,"camera_trap","cacao","mandibleWidth",26.8021428571429
"389","CA64","SP04-ARL_220519_CA64_0074","05:08","05:08","Rodentia","Proechimys_semispinosus","","SP04-ARL_220519_CA64_0074-r0044","PREX",NA,0.54348119,-79.15456,256,"active cacao","active cacao",NA,0,"camera_trap","cacao","mandibularcorpusHeight",11.66
"390","CA64","SP04-ARL_220519_CA64_0074","05:08","05:08","Rodentia","Proechimys_semispinosus","","SP04-ARL_220519_CA64_0074-r0044","PREX",NA,0.54348119,-79.15456,256,"active cacao","active cacao",NA,0,"camera_trap","cacao","maxillarytoothrowAlveolarlength",12.98
"391","CA64","SP04-ARL_220519_CA64_0074","05:08","05:08","Rodentia","Proechimys_semispinosus","","SP04-ARL_220519_CA64_0074-r0044","PREX",NA,0.54348119,-79.15456,256,"active cacao","active cacao",NA,0,"camera_trap","cacao","rostrumLength",23.417
"392","CA64","SP04-ARL_220519_CA64_0074","05:08","05:08","Rodentia","Proechimys_semispinosus","","SP04-ARL_220519_CA64_0074-r0044","PREX",NA,0.54348119,-79.15456,256,"active cacao","active cacao",NA,0,"camera_trap","cacao","tailLength",60.87
"393","CA64","SP04-ARL_220519_CA64_0074","05:08","05:08","Rodentia","Proechimys_semispinosus","","SP04-ARL_220519_CA64_0074-r0044","PREX",NA,0.54348119,-79.15456,256,"active cacao","active cacao",NA,0,"camera_trap","cacao","vibrissaeLength",63.0425
"394","CA64","SP04-ARL_220519_CA64_0074","05:08","05:08","Rodentia","Proechimys_semispinosus","","SP04-ARL_220519_CA64_0074-r0044","PREX",NA,0.54348119,-79.15456,256,"active cacao","active cacao",NA,0,"camera_trap","cacao","zygomaticBreadth",29.363
"395","CA64","SP04-ARL_220520_CA64_0075","07:14","07:15","Rodentia","Proechimys_semispinosus","","SP04-ARL_220520_CA64_0075-r0045","PREX",NA,0.54348119,-79.15456,256,"active cacao","active cacao",NA,0,"camera_trap","cacao","BodyMass",360.5
"396","CA64","SP04-ARL_220520_CA64_0075","07:14","07:15","Rodentia","Proechimys_semispinosus","","SP04-ARL_220520_CA64_0075-r0045","PREX",NA,0.54348119,-79.15456,256,"active cacao","active cacao",NA,0,"camera_trap","cacao","Sex",NA
"397","CA64","SP04-ARL_220520_CA64_0075","07:14","07:15","Rodentia","Proechimys_semispinosus","","SP04-ARL_220520_CA64_0075-r0045","PREX",NA,0.54348119,-79.15456,256,"active cacao","active cacao",NA,0,"camera_trap","cacao","acrossincisortipsBreadth",7.283
"398","CA64","SP04-ARL_220520_CA64_0075","07:14","07:15","Rodentia","Proechimys_semispinosus","","SP04-ARL_220520_CA64_0075-r0045","PREX",NA,0.54348119,-79.15456,256,"active cacao","active cacao",NA,0,"camera_trap","cacao","condylobasalLength",44.546
"399","CA64","SP04-ARL_220520_CA64_0075","07:14","07:15","Rodentia","Proechimys_semispinosus","","SP04-ARL_220520_CA64_0075-r0045","PREX",NA,0.54348119,-79.15456,256,"active cacao","active cacao",NA,0,"camera_trap","cacao","earLength",15.0225
"400","CA64","SP04-ARL_220520_CA64_0075","07:14","07:15","Rodentia","Proechimys_semispinosus","","SP04-ARL_220520_CA64_0075-r0045","PREX",NA,0.54348119,-79.15456,256,"active cacao","active cacao",NA,0,"camera_trap","cacao","forefootLength",18.13
"401","CA64","SP04-ARL_220520_CA64_0075","07:14","07:15","Rodentia","Proechimys_semispinosus","","SP04-ARL_220520_CA64_0075-r0045","PREX",NA,0.54348119,-79.15456,256,"active cacao","active cacao",NA,0,"camera_trap","cacao","forefootWidth",6.8325
"402","CA64","SP04-ARL_220520_CA64_0075","07:14","07:15","Rodentia","Proechimys_semispinosus","","SP04-ARL_220520_CA64_0075-r0045","PREX",NA,0.54348119,-79.15456,256,"active cacao","active cacao",NA,0,"camera_trap","cacao","forefootclawLength",3.08
"403","CA64","SP04-ARL_220520_CA64_0075","07:14","07:15","Rodentia","Proechimys_semispinosus","","SP04-ARL_220520_CA64_0075-r0045","PREX",NA,0.54348119,-79.15456,256,"active cacao","active cacao",NA,0,"camera_trap","cacao","headandbodyLength",209.8225
"404","CA64","SP04-ARL_220520_CA64_0075","07:14","07:15","Rodentia","Proechimys_semispinosus","","SP04-ARL_220520_CA64_0075-r0045","PREX",NA,0.54348119,-79.15456,256,"active cacao","active cacao",NA,0,"camera_trap","cacao","hindfootLength",44.63
"405","CA64","SP04-ARL_220520_CA64_0075","07:14","07:15","Rodentia","Proechimys_semispinosus","","SP04-ARL_220520_CA64_0075-r0045","PREX",NA,0.54348119,-79.15456,256,"active cacao","active cacao",NA,0,"camera_trap","cacao","hindfootWidth",9.2
"406","CA64","SP04-ARL_220520_CA64_0075","07:14","07:15","Rodentia","Proechimys_semispinosus","","SP04-ARL_220520_CA64_0075-r0045","PREX",NA,0.54348119,-79.15456,256,"active cacao","active cacao",NA,0,"camera_trap","cacao","mandibleDiagonal",22.782
"407","CA64","SP04-ARL_220520_CA64_0075","07:14","07:15","Rodentia","Proechimys_semispinosus","","SP04-ARL_220520_CA64_0075-r0045","PREX",NA,0.54348119,-79.15456,256,"active cacao","active cacao",NA,0,"camera_trap","cacao","mandibleLength",22.9
"408","CA64","SP04-ARL_220520_CA64_0075","07:14","07:15","Rodentia","Proechimys_semispinosus","","SP04-ARL_220520_CA64_0075-r0045","PREX",NA,0.54348119,-79.15456,256,"active cacao","active cacao",NA,0,"camera_trap","cacao","mandibleWidth",26.8021428571429
"409","CA64","SP04-ARL_220520_CA64_0075","07:14","07:15","Rodentia","Proechimys_semispinosus","","SP04-ARL_220520_CA64_0075-r0045","PREX",NA,0.54348119,-79.15456,256,"active cacao","active cacao",NA,0,"camera_trap","cacao","mandibularcorpusHeight",11.66
"410","CA64","SP04-ARL_220520_CA64_0075","07:14","07:15","Rodentia","Proechimys_semispinosus","","SP04-ARL_220520_CA64_0075-r0045","PREX",NA,0.54348119,-79.15456,256,"active cacao","active cacao",NA,0,"camera_trap","cacao","maxillarytoothrowAlveolarlength",12.98
"411","CA64","SP04-ARL_220520_CA64_0075","07:14","07:15","Rodentia","Proechimys_semispinosus","","SP04-ARL_220520_CA64_0075-r0045","PREX",NA,0.54348119,-79.15456,256,"active cacao","active cacao",NA,0,"camera_trap","cacao","rostrumLength",23.417
"412","CA64","SP04-ARL_220520_CA64_0075","07:14","07:15","Rodentia","Proechimys_semispinosus","","SP04-ARL_220520_CA64_0075-r0045","PREX",NA,0.54348119,-79.15456,256,"active cacao","active cacao",NA,0,"camera_trap","cacao","tailLength",60.87
"413","CA64","SP04-ARL_220520_CA64_0075","07:14","07:15","Rodentia","Proechimys_semispinosus","","SP04-ARL_220520_CA64_0075-r0045","PREX",NA,0.54348119,-79.15456,256,"active cacao","active cacao",NA,0,"camera_trap","cacao","vibrissaeLength",63.0425
"414","CA64","SP04-ARL_220520_CA64_0075","07:14","07:15","Rodentia","Proechimys_semispinosus","","SP04-ARL_220520_CA64_0075-r0045","PREX",NA,0.54348119,-79.15456,256,"active cacao","active cacao",NA,0,"camera_trap","cacao","zygomaticBreadth",29.363
"415","CA64","SP04-ARL_220520_CA64_0075","11:59","11:59","Rodentia","Proechimys_semispinosus","","SP04-ARL_220520_CA64_0075-r0046","PREX",NA,0.54348119,-79.15456,256,"active cacao","active cacao",NA,0,"camera_trap","cacao","BodyMass",360.5
"416","CA64","SP04-ARL_220520_CA64_0075","11:59","11:59","Rodentia","Proechimys_semispinosus","","SP04-ARL_220520_CA64_0075-r0046","PREX",NA,0.54348119,-79.15456,256,"active cacao","active cacao",NA,0,"camera_trap","cacao","Sex",NA
"417","CA64","SP04-ARL_220520_CA64_0075","11:59","11:59","Rodentia","Proechimys_semispinosus","","SP04-ARL_220520_CA64_0075-r0046","PREX",NA,0.54348119,-79.15456,256,"active cacao","active cacao",NA,0,"camera_trap","cacao","acrossincisortipsBreadth",7.283
"418","CA64","SP04-ARL_220520_CA64_0075","11:59","11:59","Rodentia","Proechimys_semispinosus","","SP04-ARL_220520_CA64_0075-r0046","PREX",NA,0.54348119,-79.15456,256,"active cacao","active cacao",NA,0,"camera_trap","cacao","condylobasalLength",44.546
"419","CA64","SP04-ARL_220520_CA64_0075","11:59","11:59","Rodentia","Proechimys_semispinosus","","SP04-ARL_220520_CA64_0075-r0046","PREX",NA,0.54348119,-79.15456,256,"active cacao","active cacao",NA,0,"camera_trap","cacao","earLength",15.0225
"420","CA64","SP04-ARL_220520_CA64_0075","11:59","11:59","Rodentia","Proechimys_semispinosus","","SP04-ARL_220520_CA64_0075-r0046","PREX",NA,0.54348119,-79.15456,256,"active cacao","active cacao",NA,0,"camera_trap","cacao","forefootLength",18.13
"421","CA64","SP04-ARL_220520_CA64_0075","11:59","11:59","Rodentia","Proechimys_semispinosus","","SP04-ARL_220520_CA64_0075-r0046","PREX",NA,0.54348119,-79.15456,256,"active cacao","active cacao",NA,0,"camera_trap","cacao","forefootWidth",6.8325
"422","CA64","SP04-ARL_220520_CA64_0075","11:59","11:59","Rodentia","Proechimys_semispinosus","","SP04-ARL_220520_CA64_0075-r0046","PREX",NA,0.54348119,-79.15456,256,"active cacao","active cacao",NA,0,"camera_trap","cacao","forefootclawLength",3.08
"423","CA64","SP04-ARL_220520_CA64_0075","11:59","11:59","Rodentia","Proechimys_semispinosus","","SP04-ARL_220520_CA64_0075-r0046","PREX",NA,0.54348119,-79.15456,256,"active cacao","active cacao",NA,0,"camera_trap","cacao","headandbodyLength",209.8225
"424","CA64","SP04-ARL_220520_CA64_0075","11:59","11:59","Rodentia","Proechimys_semispinosus","","SP04-ARL_220520_CA64_0075-r0046","PREX",NA,0.54348119,-79.15456,256,"active cacao","active cacao",NA,0,"camera_trap","cacao","hindfootLength",44.63
"425","CA64","SP04-ARL_220520_CA64_0075","11:59","11:59","Rodentia","Proechimys_semispinosus","","SP04-ARL_220520_CA64_0075-r0046","PREX",NA,0.54348119,-79.15456,256,"active cacao","active cacao",NA,0,"camera_trap","cacao","hindfootWidth",9.2
"426","CA64","SP04-ARL_220520_CA64_0075","11:59","11:59","Rodentia","Proechimys_semispinosus","","SP04-ARL_220520_CA64_0075-r0046","PREX",NA,0.54348119,-79.15456,256,"active cacao","active cacao",NA,0,"camera_trap","cacao","mandibleDiagonal",22.782
"427","CA64","SP04-ARL_220520_CA64_0075","11:59","11:59","Rodentia","Proechimys_semispinosus","","SP04-ARL_220520_CA64_0075-r0046","PREX",NA,0.54348119,-79.15456,256,"active cacao","active cacao",NA,0,"camera_trap","cacao","mandibleLength",22.9
"428","CA64","SP04-ARL_220520_CA64_0075","11:59","11:59","Rodentia","Proechimys_semispinosus","","SP04-ARL_220520_CA64_0075-r0046","PREX",NA,0.54348119,-79.15456,256,"active cacao","active cacao",NA,0,"camera_trap","cacao","mandibleWidth",26.8021428571429
"429","CA64","SP04-ARL_220520_CA64_0075","11:59","11:59","Rodentia","Proechimys_semispinosus","","SP04-ARL_220520_CA64_0075-r0046","PREX",NA,0.54348119,-79.15456,256,"active cacao","active cacao",NA,0,"camera_trap","cacao","mandibularcorpusHeight",11.66
"430","CA64","SP04-ARL_220520_CA64_0075","11:59","11:59","Rodentia","Proechimys_semispinosus","","SP04-ARL_220520_CA64_0075-r0046","PREX",NA,0.54348119,-79.15456,256,"active cacao","active cacao",NA,0,"camera_trap","cacao","maxillarytoothrowAlveolarlength",12.98
"431","CA64","SP04-ARL_220520_CA64_0075","11:59","11:59","Rodentia","Proechimys_semispinosus","","SP04-ARL_220520_CA64_0075-r0046","PREX",NA,0.54348119,-79.15456,256,"active cacao","active cacao",NA,0,"camera_trap","cacao","rostrumLength",23.417
"432","CA64","SP04-ARL_220520_CA64_0075","11:59","11:59","Rodentia","Proechimys_semispinosus","","SP04-ARL_220520_CA64_0075-r0046","PREX",NA,0.54348119,-79.15456,256,"active cacao","active cacao",NA,0,"camera_trap","cacao","tailLength",60.87
"433","CA64","SP04-ARL_220520_CA64_0075","11:59","11:59","Rodentia","Proechimys_semispinosus","","SP04-ARL_220520_CA64_0075-r0046","PREX",NA,0.54348119,-79.15456,256,"active cacao","active cacao",NA,0,"camera_trap","cacao","vibrissaeLength",63.0425
"434","CA64","SP04-ARL_220520_CA64_0075","11:59","11:59","Rodentia","Proechimys_semispinosus","","SP04-ARL_220520_CA64_0075-r0046","PREX",NA,0.54348119,-79.15456,256,"active cacao","active cacao",NA,0,"camera_trap","cacao","zygomaticBreadth",29.363
"435","CA64","SP04-ARL_220521_CA64_0076","10:34","10:34","Rodentia","Proechimys_semispinosus","","SP04-ARL_220521_CA64_0076-r0047","PREX",NA,0.54348119,-79.15456,256,"active cacao","active cacao",NA,0,"camera_trap","cacao","BodyMass",360.5
"436","CA64","SP04-ARL_220521_CA64_0076","10:34","10:34","Rodentia","Proechimys_semispinosus","","SP04-ARL_220521_CA64_0076-r0047","PREX",NA,0.54348119,-79.15456,256,"active cacao","active cacao",NA,0,"camera_trap","cacao","Sex",NA
"437","CA64","SP04-ARL_220521_CA64_0076","10:34","10:34","Rodentia","Proechimys_semispinosus","","SP04-ARL_220521_CA64_0076-r0047","PREX",NA,0.54348119,-79.15456,256,"active cacao","active cacao",NA,0,"camera_trap","cacao","acrossincisortipsBreadth",7.283
"438","CA64","SP04-ARL_220521_CA64_0076","10:34","10:34","Rodentia","Proechimys_semispinosus","","SP04-ARL_220521_CA64_0076-r0047","PREX",NA,0.54348119,-79.15456,256,"active cacao","active cacao",NA,0,"camera_trap","cacao","condylobasalLength",44.546
"439","CA64","SP04-ARL_220521_CA64_0076","10:34","10:34","Rodentia","Proechimys_semispinosus","","SP04-ARL_220521_CA64_0076-r0047","PREX",NA,0.54348119,-79.15456,256,"active cacao","active cacao",NA,0,"camera_trap","cacao","earLength",15.0225
"440","CA64","SP04-ARL_220521_CA64_0076","10:34","10:34","Rodentia","Proechimys_semispinosus","","SP04-ARL_220521_CA64_0076-r0047","PREX",NA,0.54348119,-79.15456,256,"active cacao","active cacao",NA,0,"camera_trap","cacao","forefootLength",18.13
"441","CA64","SP04-ARL_220521_CA64_0076","10:34","10:34","Rodentia","Proechimys_semispinosus","","SP04-ARL_220521_CA64_0076-r0047","PREX",NA,0.54348119,-79.15456,256,"active cacao","active cacao",NA,0,"camera_trap","cacao","forefootWidth",6.8325
"442","CA64","SP04-ARL_220521_CA64_0076","10:34","10:34","Rodentia","Proechimys_semispinosus","","SP04-ARL_220521_CA64_0076-r0047","PREX",NA,0.54348119,-79.15456,256,"active cacao","active cacao",NA,0,"camera_trap","cacao","forefootclawLength",3.08
"443","CA64","SP04-ARL_220521_CA64_0076","10:34","10:34","Rodentia","Proechimys_semispinosus","","SP04-ARL_220521_CA64_0076-r0047","PREX",NA,0.54348119,-79.15456,256,"active cacao","active cacao",NA,0,"camera_trap","cacao","headandbodyLength",209.8225
"444","CA64","SP04-ARL_220521_CA64_0076","10:34","10:34","Rodentia","Proechimys_semispinosus","","SP04-ARL_220521_CA64_0076-r0047","PREX",NA,0.54348119,-79.15456,256,"active cacao","active cacao",NA,0,"camera_trap","cacao","hindfootLength",44.63
"445","CA64","SP04-ARL_220521_CA64_0076","10:34","10:34","Rodentia","Proechimys_semispinosus","","SP04-ARL_220521_CA64_0076-r0047","PREX",NA,0.54348119,-79.15456,256,"active cacao","active cacao",NA,0,"camera_trap","cacao","hindfootWidth",9.2
"446","CA64","SP04-ARL_220521_CA64_0076","10:34","10:34","Rodentia","Proechimys_semispinosus","","SP04-ARL_220521_CA64_0076-r0047","PREX",NA,0.54348119,-79.15456,256,"active cacao","active cacao",NA,0,"camera_trap","cacao","mandibleDiagonal",22.782
"447","CA64","SP04-ARL_220521_CA64_0076","10:34","10:34","Rodentia","Proechimys_semispinosus","","SP04-ARL_220521_CA64_0076-r0047","PREX",NA,0.54348119,-79.15456,256,"active cacao","active cacao",NA,0,"camera_trap","cacao","mandibleLength",22.9
"448","CA64","SP04-ARL_220521_CA64_0076","10:34","10:34","Rodentia","Proechimys_semispinosus","","SP04-ARL_220521_CA64_0076-r0047","PREX",NA,0.54348119,-79.15456,256,"active cacao","active cacao",NA,0,"camera_trap","cacao","mandibleWidth",26.8021428571429
"449","CA64","SP04-ARL_220521_CA64_0076","10:34","10:34","Rodentia","Proechimys_semispinosus","","SP04-ARL_220521_CA64_0076-r0047","PREX",NA,0.54348119,-79.15456,256,"active cacao","active cacao",NA,0,"camera_trap","cacao","mandibularcorpusHeight",11.66
"450","CA64","SP04-ARL_220521_CA64_0076","10:34","10:34","Rodentia","Proechimys_semispinosus","","SP04-ARL_220521_CA64_0076-r0047","PREX",NA,0.54348119,-79.15456,256,"active cacao","active cacao",NA,0,"camera_trap","cacao","maxillarytoothrowAlveolarlength",12.98
"451","CA64","SP04-ARL_220521_CA64_0076","10:34","10:34","Rodentia","Proechimys_semispinosus","","SP04-ARL_220521_CA64_0076-r0047","PREX",NA,0.54348119,-79.15456,256,"active cacao","active cacao",NA,0,"camera_trap","cacao","rostrumLength",23.417
"452","CA64","SP04-ARL_220521_CA64_0076","10:34","10:34","Rodentia","Proechimys_semispinosus","","SP04-ARL_220521_CA64_0076-r0047","PREX",NA,0.54348119,-79.15456,256,"active cacao","active cacao",NA,0,"camera_trap","cacao","tailLength",60.87
"453","CA64","SP04-ARL_220521_CA64_0076","10:34","10:34","Rodentia","Proechimys_semispinosus","","SP04-ARL_220521_CA64_0076-r0047","PREX",NA,0.54348119,-79.15456,256,"active cacao","active cacao",NA,0,"camera_trap","cacao","vibrissaeLength",63.0425
"454","CA64","SP04-ARL_220521_CA64_0076","10:34","10:34","Rodentia","Proechimys_semispinosus","","SP04-ARL_220521_CA64_0076-r0047","PREX",NA,0.54348119,-79.15456,256,"active cacao","active cacao",NA,0,"camera_trap","cacao","zygomaticBreadth",29.363
"455","CA64","SP04-ARL_220522_CA64_0077","04:06","04:06","Rodentia","Proechimys_semispinosus","","SP04-ARL_220522_CA64_0077-r0048","PREX",NA,0.54348119,-79.15456,256,"active cacao","active cacao",NA,0,"camera_trap","cacao","BodyMass",360.5
"456","CA64","SP04-ARL_220522_CA64_0077","04:06","04:06","Rodentia","Proechimys_semispinosus","","SP04-ARL_220522_CA64_0077-r0048","PREX",NA,0.54348119,-79.15456,256,"active cacao","active cacao",NA,0,"camera_trap","cacao","Sex",NA
"457","CA64","SP04-ARL_220522_CA64_0077","04:06","04:06","Rodentia","Proechimys_semispinosus","","SP04-ARL_220522_CA64_0077-r0048","PREX",NA,0.54348119,-79.15456,256,"active cacao","active cacao",NA,0,"camera_trap","cacao","acrossincisortipsBreadth",7.283
"458","CA64","SP04-ARL_220522_CA64_0077","04:06","04:06","Rodentia","Proechimys_semispinosus","","SP04-ARL_220522_CA64_0077-r0048","PREX",NA,0.54348119,-79.15456,256,"active cacao","active cacao",NA,0,"camera_trap","cacao","condylobasalLength",44.546
"459","CA64","SP04-ARL_220522_CA64_0077","04:06","04:06","Rodentia","Proechimys_semispinosus","","SP04-ARL_220522_CA64_0077-r0048","PREX",NA,0.54348119,-79.15456,256,"active cacao","active cacao",NA,0,"camera_trap","cacao","earLength",15.0225
"460","CA64","SP04-ARL_220522_CA64_0077","04:06","04:06","Rodentia","Proechimys_semispinosus","","SP04-ARL_220522_CA64_0077-r0048","PREX",NA,0.54348119,-79.15456,256,"active cacao","active cacao",NA,0,"camera_trap","cacao","forefootLength",18.13
"461","CA64","SP04-ARL_220522_CA64_0077","04:06","04:06","Rodentia","Proechimys_semispinosus","","SP04-ARL_220522_CA64_0077-r0048","PREX",NA,0.54348119,-79.15456,256,"active cacao","active cacao",NA,0,"camera_trap","cacao","forefootWidth",6.8325
"462","CA64","SP04-ARL_220522_CA64_0077","04:06","04:06","Rodentia","Proechimys_semispinosus","","SP04-ARL_220522_CA64_0077-r0048","PREX",NA,0.54348119,-79.15456,256,"active cacao","active cacao",NA,0,"camera_trap","cacao","forefootclawLength",3.08
"463","CA64","SP04-ARL_220522_CA64_0077","04:06","04:06","Rodentia","Proechimys_semispinosus","","SP04-ARL_220522_CA64_0077-r0048","PREX",NA,0.54348119,-79.15456,256,"active cacao","active cacao",NA,0,"camera_trap","cacao","headandbodyLength",209.8225
"464","CA64","SP04-ARL_220522_CA64_0077","04:06","04:06","Rodentia","Proechimys_semispinosus","","SP04-ARL_220522_CA64_0077-r0048","PREX",NA,0.54348119,-79.15456,256,"active cacao","active cacao",NA,0,"camera_trap","cacao","hindfootLength",44.63
"465","CA64","SP04-ARL_220522_CA64_0077","04:06","04:06","Rodentia","Proechimys_semispinosus","","SP04-ARL_220522_CA64_0077-r0048","PREX",NA,0.54348119,-79.15456,256,"active cacao","active cacao",NA,0,"camera_trap","cacao","hindfootWidth",9.2
"466","CA64","SP04-ARL_220522_CA64_0077","04:06","04:06","Rodentia","Proechimys_semispinosus","","SP04-ARL_220522_CA64_0077-r0048","PREX",NA,0.54348119,-79.15456,256,"active cacao","active cacao",NA,0,"camera_trap","cacao","mandibleDiagonal",22.782
"467","CA64","SP04-ARL_220522_CA64_0077","04:06","04:06","Rodentia","Proechimys_semispinosus","","SP04-ARL_220522_CA64_0077-r0048","PREX",NA,0.54348119,-79.15456,256,"active cacao","active cacao",NA,0,"camera_trap","cacao","mandibleLength",22.9
"468","CA64","SP04-ARL_220522_CA64_0077","04:06","04:06","Rodentia","Proechimys_semispinosus","","SP04-ARL_220522_CA64_0077-r0048","PREX",NA,0.54348119,-79.15456,256,"active cacao","active cacao",NA,0,"camera_trap","cacao","mandibleWidth",26.8021428571429
"469","CA64","SP04-ARL_220522_CA64_0077","04:06","04:06","Rodentia","Proechimys_semispinosus","","SP04-ARL_220522_CA64_0077-r0048","PREX",NA,0.54348119,-79.15456,256,"active cacao","active cacao",NA,0,"camera_trap","cacao","mandibularcorpusHeight",11.66
"470","CA64","SP04-ARL_220522_CA64_0077","04:06","04:06","Rodentia","Proechimys_semispinosus","","SP04-ARL_220522_CA64_0077-r0048","PREX",NA,0.54348119,-79.15456,256,"active cacao","active cacao",NA,0,"camera_trap","cacao","maxillarytoothrowAlveolarlength",12.98
"471","CA64","SP04-ARL_220522_CA64_0077","04:06","04:06","Rodentia","Proechimys_semispinosus","","SP04-ARL_220522_CA64_0077-r0048","PREX",NA,0.54348119,-79.15456,256,"active cacao","active cacao",NA,0,"camera_trap","cacao","rostrumLength",23.417
"472","CA64","SP04-ARL_220522_CA64_0077","04:06","04:06","Rodentia","Proechimys_semispinosus","","SP04-ARL_220522_CA64_0077-r0048","PREX",NA,0.54348119,-79.15456,256,"active cacao","active cacao",NA,0,"camera_trap","cacao","tailLength",60.87
"473","CA64","SP04-ARL_220522_CA64_0077","04:06","04:06","Rodentia","Proechimys_semispinosus","","SP04-ARL_220522_CA64_0077-r0048","PREX",NA,0.54348119,-79.15456,256,"active cacao","active cacao",NA,0,"camera_trap","cacao","vibrissaeLength",63.0425
"474","CA64","SP04-ARL_220522_CA64_0077","04:06","04:06","Rodentia","Proechimys_semispinosus","","SP04-ARL_220522_CA64_0077-r0048","PREX",NA,0.54348119,-79.15456,256,"active cacao","active cacao",NA,0,"camera_trap","cacao","zygomaticBreadth",29.363
"475","CA64","SP04-ARL_220518_CA64_0073","02:35","02:35","Rodentia","Proechimys_semispinosus","","SP04-ARL_220518_CA64_0073-r0040","PREX",NA,0.54348119,-79.15456,256,"active cacao","active cacao",NA,0,"camera_trap","cacao","BodyMass",360.5
"476","CA64","SP04-ARL_220518_CA64_0073","02:35","02:35","Rodentia","Proechimys_semispinosus","","SP04-ARL_220518_CA64_0073-r0040","PREX",NA,0.54348119,-79.15456,256,"active cacao","active cacao",NA,0,"camera_trap","cacao","Sex",NA
"477","CA64","SP04-ARL_220518_CA64_0073","02:35","02:35","Rodentia","Proechimys_semispinosus","","SP04-ARL_220518_CA64_0073-r0040","PREX",NA,0.54348119,-79.15456,256,"active cacao","active cacao",NA,0,"camera_trap","cacao","acrossincisortipsBreadth",7.283
"478","CA64","SP04-ARL_220518_CA64_0073","02:35","02:35","Rodentia","Proechimys_semispinosus","","SP04-ARL_220518_CA64_0073-r0040","PREX",NA,0.54348119,-79.15456,256,"active cacao","active cacao",NA,0,"camera_trap","cacao","condylobasalLength",44.546
"479","CA64","SP04-ARL_220518_CA64_0073","02:35","02:35","Rodentia","Proechimys_semispinosus","","SP04-ARL_220518_CA64_0073-r0040","PREX",NA,0.54348119,-79.15456,256,"active cacao","active cacao",NA,0,"camera_trap","cacao","earLength",15.0225
"480","CA64","SP04-ARL_220518_CA64_0073","02:35","02:35","Rodentia","Proechimys_semispinosus","","SP04-ARL_220518_CA64_0073-r0040","PREX",NA,0.54348119,-79.15456,256,"active cacao","active cacao",NA,0,"camera_trap","cacao","forefootLength",18.13
"481","CA64","SP04-ARL_220518_CA64_0073","02:35","02:35","Rodentia","Proechimys_semispinosus","","SP04-ARL_220518_CA64_0073-r0040","PREX",NA,0.54348119,-79.15456,256,"active cacao","active cacao",NA,0,"camera_trap","cacao","forefootWidth",6.8325
"482","CA64","SP04-ARL_220518_CA64_0073","02:35","02:35","Rodentia","Proechimys_semispinosus","","SP04-ARL_220518_CA64_0073-r0040","PREX",NA,0.54348119,-79.15456,256,"active cacao","active cacao",NA,0,"camera_trap","cacao","forefootclawLength",3.08
"483","CA64","SP04-ARL_220518_CA64_0073","02:35","02:35","Rodentia","Proechimys_semispinosus","","SP04-ARL_220518_CA64_0073-r0040","PREX",NA,0.54348119,-79.15456,256,"active cacao","active cacao",NA,0,"camera_trap","cacao","headandbodyLength",209.8225
"484","CA64","SP04-ARL_220518_CA64_0073","02:35","02:35","Rodentia","Proechimys_semispinosus","","SP04-ARL_220518_CA64_0073-r0040","PREX",NA,0.54348119,-79.15456,256,"active cacao","active cacao",NA,0,"camera_trap","cacao","hindfootLength",44.63
"485","CA64","SP04-ARL_220518_CA64_0073","02:35","02:35","Rodentia","Proechimys_semispinosus","","SP04-ARL_220518_CA64_0073-r0040","PREX",NA,0.54348119,-79.15456,256,"active cacao","active cacao",NA,0,"camera_trap","cacao","hindfootWidth",9.2
"486","CA64","SP04-ARL_220518_CA64_0073","02:35","02:35","Rodentia","Proechimys_semispinosus","","SP04-ARL_220518_CA64_0073-r0040","PREX",NA,0.54348119,-79.15456,256,"active cacao","active cacao",NA,0,"camera_trap","cacao","mandibleDiagonal",22.782
"487","CA64","SP04-ARL_220518_CA64_0073","02:35","02:35","Rodentia","Proechimys_semispinosus","","SP04-ARL_220518_CA64_0073-r0040","PREX",NA,0.54348119,-79.15456,256,"active cacao","active cacao",NA,0,"camera_trap","cacao","mandibleLength",22.9
"488","CA64","SP04-ARL_220518_CA64_0073","02:35","02:35","Rodentia","Proechimys_semispinosus","","SP04-ARL_220518_CA64_0073-r0040","PREX",NA,0.54348119,-79.15456,256,"active cacao","active cacao",NA,0,"camera_trap","cacao","mandibleWidth",26.8021428571429
"489","CA64","SP04-ARL_220518_CA64_0073","02:35","02:35","Rodentia","Proechimys_semispinosus","","SP04-ARL_220518_CA64_0073-r0040","PREX",NA,0.54348119,-79.15456,256,"active cacao","active cacao",NA,0,"camera_trap","cacao","mandibularcorpusHeight",11.66
"490","CA64","SP04-ARL_220518_CA64_0073","02:35","02:35","Rodentia","Proechimys_semispinosus","","SP04-ARL_220518_CA64_0073-r0040","PREX",NA,0.54348119,-79.15456,256,"active cacao","active cacao",NA,0,"camera_trap","cacao","maxillarytoothrowAlveolarlength",12.98
"491","CA64","SP04-ARL_220518_CA64_0073","02:35","02:35","Rodentia","Proechimys_semispinosus","","SP04-ARL_220518_CA64_0073-r0040","PREX",NA,0.54348119,-79.15456,256,"active cacao","active cacao",NA,0,"camera_trap","cacao","rostrumLength",23.417
"492","CA64","SP04-ARL_220518_CA64_0073","02:35","02:35","Rodentia","Proechimys_semispinosus","","SP04-ARL_220518_CA64_0073-r0040","PREX",NA,0.54348119,-79.15456,256,"active cacao","active cacao",NA,0,"camera_trap","cacao","tailLength",60.87
"493","CA64","SP04-ARL_220518_CA64_0073","02:35","02:35","Rodentia","Proechimys_semispinosus","","SP04-ARL_220518_CA64_0073-r0040","PREX",NA,0.54348119,-79.15456,256,"active cacao","active cacao",NA,0,"camera_trap","cacao","vibrissaeLength",63.0425
"494","CA64","SP04-ARL_220518_CA64_0073","02:35","02:35","Rodentia","Proechimys_semispinosus","","SP04-ARL_220518_CA64_0073-r0040","PREX",NA,0.54348119,-79.15456,256,"active cacao","active cacao",NA,0,"camera_trap","cacao","zygomaticBreadth",29.363
"495","CA64","SP04-ARL_220518_CA64_0073","03:01","03:01","Rodentia","Proechimys_semispinosus","","SP04-ARL_220518_CA64_0073-r0041","PREX",NA,0.54348119,-79.15456,256,"active cacao","active cacao",NA,0,"camera_trap","cacao","BodyMass",360.5
"496","CA64","SP04-ARL_220518_CA64_0073","03:01","03:01","Rodentia","Proechimys_semispinosus","","SP04-ARL_220518_CA64_0073-r0041","PREX",NA,0.54348119,-79.15456,256,"active cacao","active cacao",NA,0,"camera_trap","cacao","Sex",NA
"497","CA64","SP04-ARL_220518_CA64_0073","03:01","03:01","Rodentia","Proechimys_semispinosus","","SP04-ARL_220518_CA64_0073-r0041","PREX",NA,0.54348119,-79.15456,256,"active cacao","active cacao",NA,0,"camera_trap","cacao","acrossincisortipsBreadth",7.283
"498","CA64","SP04-ARL_220518_CA64_0073","03:01","03:01","Rodentia","Proechimys_semispinosus","","SP04-ARL_220518_CA64_0073-r0041","PREX",NA,0.54348119,-79.15456,256,"active cacao","active cacao",NA,0,"camera_trap","cacao","condylobasalLength",44.546
"499","CA64","SP04-ARL_220518_CA64_0073","03:01","03:01","Rodentia","Proechimys_semispinosus","","SP04-ARL_220518_CA64_0073-r0041","PREX",NA,0.54348119,-79.15456,256,"active cacao","active cacao",NA,0,"camera_trap","cacao","earLength",15.0225
"500","CA64","SP04-ARL_220518_CA64_0073","03:01","03:01","Rodentia","Proechimys_semispinosus","","SP04-ARL_220518_CA64_0073-r0041","PREX",NA,0.54348119,-79.15456,256,"active cacao","active cacao",NA,0,"camera_trap","cacao","forefootLength",18.13
"501","CA64","SP04-ARL_220518_CA64_0073","03:01","03:01","Rodentia","Proechimys_semispinosus","","SP04-ARL_220518_CA64_0073-r0041","PREX",NA,0.54348119,-79.15456,256,"active cacao","active cacao",NA,0,"camera_trap","cacao","forefootWidth",6.8325
"502","CA64","SP04-ARL_220518_CA64_0073","03:01","03:01","Rodentia","Proechimys_semispinosus","","SP04-ARL_220518_CA64_0073-r0041","PREX",NA,0.54348119,-79.15456,256,"active cacao","active cacao",NA,0,"camera_trap","cacao","forefootclawLength",3.08
"503","CA64","SP04-ARL_220518_CA64_0073","03:01","03:01","Rodentia","Proechimys_semispinosus","","SP04-ARL_220518_CA64_0073-r0041","PREX",NA,0.54348119,-79.15456,256,"active cacao","active cacao",NA,0,"camera_trap","cacao","headandbodyLength",209.8225
"504","CA64","SP04-ARL_220518_CA64_0073","03:01","03:01","Rodentia","Proechimys_semispinosus","","SP04-ARL_220518_CA64_0073-r0041","PREX",NA,0.54348119,-79.15456,256,"active cacao","active cacao",NA,0,"camera_trap","cacao","hindfootLength",44.63
"505","CA64","SP04-ARL_220518_CA64_0073","03:01","03:01","Rodentia","Proechimys_semispinosus","","SP04-ARL_220518_CA64_0073-r0041","PREX",NA,0.54348119,-79.15456,256,"active cacao","active cacao",NA,0,"camera_trap","cacao","hindfootWidth",9.2
"506","CA64","SP04-ARL_220518_CA64_0073","03:01","03:01","Rodentia","Proechimys_semispinosus","","SP04-ARL_220518_CA64_0073-r0041","PREX",NA,0.54348119,-79.15456,256,"active cacao","active cacao",NA,0,"camera_trap","cacao","mandibleDiagonal",22.782
"507","CA64","SP04-ARL_220518_CA64_0073","03:01","03:01","Rodentia","Proechimys_semispinosus","","SP04-ARL_220518_CA64_0073-r0041","PREX",NA,0.54348119,-79.15456,256,"active cacao","active cacao",NA,0,"camera_trap","cacao","mandibleLength",22.9
"508","CA64","SP04-ARL_220518_CA64_0073","03:01","03:01","Rodentia","Proechimys_semispinosus","","SP04-ARL_220518_CA64_0073-r0041","PREX",NA,0.54348119,-79.15456,256,"active cacao","active cacao",NA,0,"camera_trap","cacao","mandibleWidth",26.8021428571429
"509","CA64","SP04-ARL_220518_CA64_0073","03:01","03:01","Rodentia","Proechimys_semispinosus","","SP04-ARL_220518_CA64_0073-r0041","PREX",NA,0.54348119,-79.15456,256,"active cacao","active cacao",NA,0,"camera_trap","cacao","mandibularcorpusHeight",11.66
"510","CA64","SP04-ARL_220518_CA64_0073","03:01","03:01","Rodentia","Proechimys_semispinosus","","SP04-ARL_220518_CA64_0073-r0041","PREX",NA,0.54348119,-79.15456,256,"active cacao","active cacao",NA,0,"camera_trap","cacao","maxillarytoothrowAlveolarlength",12.98
"511","CA64","SP04-ARL_220518_CA64_0073","03:01","03:01","Rodentia","Proechimys_semispinosus","","SP04-ARL_220518_CA64_0073-r0041","PREX",NA,0.54348119,-79.15456,256,"active cacao","active cacao",NA,0,"camera_trap","cacao","rostrumLength",23.417
"512","CA64","SP04-ARL_220518_CA64_0073","03:01","03:01","Rodentia","Proechimys_semispinosus","","SP04-ARL_220518_CA64_0073-r0041","PREX",NA,0.54348119,-79.15456,256,"active cacao","active cacao",NA,0,"camera_trap","cacao","tailLength",60.87
"513","CA64","SP04-ARL_220518_CA64_0073","03:01","03:01","Rodentia","Proechimys_semispinosus","","SP04-ARL_220518_CA64_0073-r0041","PREX",NA,0.54348119,-79.15456,256,"active cacao","active cacao",NA,0,"camera_trap","cacao","vibrissaeLength",63.0425
"514","CA64","SP04-ARL_220518_CA64_0073","03:01","03:01","Rodentia","Proechimys_semispinosus","","SP04-ARL_220518_CA64_0073-r0041","PREX",NA,0.54348119,-79.15456,256,"active cacao","active cacao",NA,0,"camera_trap","cacao","zygomaticBreadth",29.363
"515","CA64","SP04-ARL_220517_CA64_0062","20:40","21:01","Rodentia","Proechimys_semispinosus","","SP04-ARL_220517_CA64_0062-r0038","PREX",NA,0.54348119,-79.15456,256,"active cacao","active cacao",NA,0,"camera_trap","cacao","BodyMass",360.5
"516","CA64","SP04-ARL_220517_CA64_0062","20:40","21:01","Rodentia","Proechimys_semispinosus","","SP04-ARL_220517_CA64_0062-r0038","PREX",NA,0.54348119,-79.15456,256,"active cacao","active cacao",NA,0,"camera_trap","cacao","Sex",NA
"517","CA64","SP04-ARL_220517_CA64_0062","20:40","21:01","Rodentia","Proechimys_semispinosus","","SP04-ARL_220517_CA64_0062-r0038","PREX",NA,0.54348119,-79.15456,256,"active cacao","active cacao",NA,0,"camera_trap","cacao","acrossincisortipsBreadth",7.283
"518","CA64","SP04-ARL_220517_CA64_0062","20:40","21:01","Rodentia","Proechimys_semispinosus","","SP04-ARL_220517_CA64_0062-r0038","PREX",NA,0.54348119,-79.15456,256,"active cacao","active cacao",NA,0,"camera_trap","cacao","condylobasalLength",44.546
"519","CA64","SP04-ARL_220517_CA64_0062","20:40","21:01","Rodentia","Proechimys_semispinosus","","SP04-ARL_220517_CA64_0062-r0038","PREX",NA,0.54348119,-79.15456,256,"active cacao","active cacao",NA,0,"camera_trap","cacao","earLength",15.0225
"520","CA64","SP04-ARL_220517_CA64_0062","20:40","21:01","Rodentia","Proechimys_semispinosus","","SP04-ARL_220517_CA64_0062-r0038","PREX",NA,0.54348119,-79.15456,256,"active cacao","active cacao",NA,0,"camera_trap","cacao","forefootLength",18.13
"521","CA64","SP04-ARL_220517_CA64_0062","20:40","21:01","Rodentia","Proechimys_semispinosus","","SP04-ARL_220517_CA64_0062-r0038","PREX",NA,0.54348119,-79.15456,256,"active cacao","active cacao",NA,0,"camera_trap","cacao","forefootWidth",6.8325
"522","CA64","SP04-ARL_220517_CA64_0062","20:40","21:01","Rodentia","Proechimys_semispinosus","","SP04-ARL_220517_CA64_0062-r0038","PREX",NA,0.54348119,-79.15456,256,"active cacao","active cacao",NA,0,"camera_trap","cacao","forefootclawLength",3.08
"523","CA64","SP04-ARL_220517_CA64_0062","20:40","21:01","Rodentia","Proechimys_semispinosus","","SP04-ARL_220517_CA64_0062-r0038","PREX",NA,0.54348119,-79.15456,256,"active cacao","active cacao",NA,0,"camera_trap","cacao","headandbodyLength",209.8225
"524","CA64","SP04-ARL_220517_CA64_0062","20:40","21:01","Rodentia","Proechimys_semispinosus","","SP04-ARL_220517_CA64_0062-r0038","PREX",NA,0.54348119,-79.15456,256,"active cacao","active cacao",NA,0,"camera_trap","cacao","hindfootLength",44.63
"525","CA64","SP04-ARL_220517_CA64_0062","20:40","21:01","Rodentia","Proechimys_semispinosus","","SP04-ARL_220517_CA64_0062-r0038","PREX",NA,0.54348119,-79.15456,256,"active cacao","active cacao",NA,0,"camera_trap","cacao","hindfootWidth",9.2
"526","CA64","SP04-ARL_220517_CA64_0062","20:40","21:01","Rodentia","Proechimys_semispinosus","","SP04-ARL_220517_CA64_0062-r0038","PREX",NA,0.54348119,-79.15456,256,"active cacao","active cacao",NA,0,"camera_trap","cacao","mandibleDiagonal",22.782
"527","CA64","SP04-ARL_220517_CA64_0062","20:40","21:01","Rodentia","Proechimys_semispinosus","","SP04-ARL_220517_CA64_0062-r0038","PREX",NA,0.54348119,-79.15456,256,"active cacao","active cacao",NA,0,"camera_trap","cacao","mandibleLength",22.9
"528","CA64","SP04-ARL_220517_CA64_0062","20:40","21:01","Rodentia","Proechimys_semispinosus","","SP04-ARL_220517_CA64_0062-r0038","PREX",NA,0.54348119,-79.15456,256,"active cacao","active cacao",NA,0,"camera_trap","cacao","mandibleWidth",26.8021428571429
"529","CA64","SP04-ARL_220517_CA64_0062","20:40","21:01","Rodentia","Proechimys_semispinosus","","SP04-ARL_220517_CA64_0062-r0038","PREX",NA,0.54348119,-79.15456,256,"active cacao","active cacao",NA,0,"camera_trap","cacao","mandibularcorpusHeight",11.66
"530","CA64","SP04-ARL_220517_CA64_0062","20:40","21:01","Rodentia","Proechimys_semispinosus","","SP04-ARL_220517_CA64_0062-r0038","PREX",NA,0.54348119,-79.15456,256,"active cacao","active cacao",NA,0,"camera_trap","cacao","maxillarytoothrowAlveolarlength",12.98
"531","CA64","SP04-ARL_220517_CA64_0062","20:40","21:01","Rodentia","Proechimys_semispinosus","","SP04-ARL_220517_CA64_0062-r0038","PREX",NA,0.54348119,-79.15456,256,"active cacao","active cacao",NA,0,"camera_trap","cacao","rostrumLength",23.417
"532","CA64","SP04-ARL_220517_CA64_0062","20:40","21:01","Rodentia","Proechimys_semispinosus","","SP04-ARL_220517_CA64_0062-r0038","PREX",NA,0.54348119,-79.15456,256,"active cacao","active cacao",NA,0,"camera_trap","cacao","tailLength",60.87
"533","CA64","SP04-ARL_220517_CA64_0062","20:40","21:01","Rodentia","Proechimys_semispinosus","","SP04-ARL_220517_CA64_0062-r0038","PREX",NA,0.54348119,-79.15456,256,"active cacao","active cacao",NA,0,"camera_trap","cacao","vibrissaeLength",63.0425
"534","CA64","SP04-ARL_220517_CA64_0062","20:40","21:01","Rodentia","Proechimys_semispinosus","","SP04-ARL_220517_CA64_0062-r0038","PREX",NA,0.54348119,-79.15456,256,"active cacao","active cacao",NA,0,"camera_trap","cacao","zygomaticBreadth",29.363
"535","CA64","SP04-ARL_220518_CA64_0073","01:51","01:52","Rodentia","Proechimys_semispinosus","","SP04-ARL_220518_CA64_0073-r0039","PREX",NA,0.54348119,-79.15456,256,"active cacao","active cacao",NA,0,"camera_trap","cacao","BodyMass",360.5
"536","CA64","SP04-ARL_220518_CA64_0073","01:51","01:52","Rodentia","Proechimys_semispinosus","","SP04-ARL_220518_CA64_0073-r0039","PREX",NA,0.54348119,-79.15456,256,"active cacao","active cacao",NA,0,"camera_trap","cacao","Sex",NA
"537","CA64","SP04-ARL_220518_CA64_0073","01:51","01:52","Rodentia","Proechimys_semispinosus","","SP04-ARL_220518_CA64_0073-r0039","PREX",NA,0.54348119,-79.15456,256,"active cacao","active cacao",NA,0,"camera_trap","cacao","acrossincisortipsBreadth",7.283
"538","CA64","SP04-ARL_220518_CA64_0073","01:51","01:52","Rodentia","Proechimys_semispinosus","","SP04-ARL_220518_CA64_0073-r0039","PREX",NA,0.54348119,-79.15456,256,"active cacao","active cacao",NA,0,"camera_trap","cacao","condylobasalLength",44.546
"539","CA64","SP04-ARL_220518_CA64_0073","01:51","01:52","Rodentia","Proechimys_semispinosus","","SP04-ARL_220518_CA64_0073-r0039","PREX",NA,0.54348119,-79.15456,256,"active cacao","active cacao",NA,0,"camera_trap","cacao","earLength",15.0225
"540","CA64","SP04-ARL_220518_CA64_0073","01:51","01:52","Rodentia","Proechimys_semispinosus","","SP04-ARL_220518_CA64_0073-r0039","PREX",NA,0.54348119,-79.15456,256,"active cacao","active cacao",NA,0,"camera_trap","cacao","forefootLength",18.13
"541","CA64","SP04-ARL_220518_CA64_0073","01:51","01:52","Rodentia","Proechimys_semispinosus","","SP04-ARL_220518_CA64_0073-r0039","PREX",NA,0.54348119,-79.15456,256,"active cacao","active cacao",NA,0,"camera_trap","cacao","forefootWidth",6.8325
"542","CA64","SP04-ARL_220518_CA64_0073","01:51","01:52","Rodentia","Proechimys_semispinosus","","SP04-ARL_220518_CA64_0073-r0039","PREX",NA,0.54348119,-79.15456,256,"active cacao","active cacao",NA,0,"camera_trap","cacao","forefootclawLength",3.08
"543","CA64","SP04-ARL_220518_CA64_0073","01:51","01:52","Rodentia","Proechimys_semispinosus","","SP04-ARL_220518_CA64_0073-r0039","PREX",NA,0.54348119,-79.15456,256,"active cacao","active cacao",NA,0,"camera_trap","cacao","headandbodyLength",209.8225
"544","CA64","SP04-ARL_220518_CA64_0073","01:51","01:52","Rodentia","Proechimys_semispinosus","","SP04-ARL_220518_CA64_0073-r0039","PREX",NA,0.54348119,-79.15456,256,"active cacao","active cacao",NA,0,"camera_trap","cacao","hindfootLength",44.63
"545","CA64","SP04-ARL_220518_CA64_0073","01:51","01:52","Rodentia","Proechimys_semispinosus","","SP04-ARL_220518_CA64_0073-r0039","PREX",NA,0.54348119,-79.15456,256,"active cacao","active cacao",NA,0,"camera_trap","cacao","hindfootWidth",9.2
"546","CA64","SP04-ARL_220518_CA64_0073","01:51","01:52","Rodentia","Proechimys_semispinosus","","SP04-ARL_220518_CA64_0073-r0039","PREX",NA,0.54348119,-79.15456,256,"active cacao","active cacao",NA,0,"camera_trap","cacao","mandibleDiagonal",22.782
"547","CA64","SP04-ARL_220518_CA64_0073","01:51","01:52","Rodentia","Proechimys_semispinosus","","SP04-ARL_220518_CA64_0073-r0039","PREX",NA,0.54348119,-79.15456,256,"active cacao","active cacao",NA,0,"camera_trap","cacao","mandibleLength",22.9
"548","CA64","SP04-ARL_220518_CA64_0073","01:51","01:52","Rodentia","Proechimys_semispinosus","","SP04-ARL_220518_CA64_0073-r0039","PREX",NA,0.54348119,-79.15456,256,"active cacao","active cacao",NA,0,"camera_trap","cacao","mandibleWidth",26.8021428571429
"549","CA64","SP04-ARL_220518_CA64_0073","01:51","01:52","Rodentia","Proechimys_semispinosus","","SP04-ARL_220518_CA64_0073-r0039","PREX",NA,0.54348119,-79.15456,256,"active cacao","active cacao",NA,0,"camera_trap","cacao","mandibularcorpusHeight",11.66
"550","CA64","SP04-ARL_220518_CA64_0073","01:51","01:52","Rodentia","Proechimys_semispinosus","","SP04-ARL_220518_CA64_0073-r0039","PREX",NA,0.54348119,-79.15456,256,"active cacao","active cacao",NA,0,"camera_trap","cacao","maxillarytoothrowAlveolarlength",12.98
"551","CA64","SP04-ARL_220518_CA64_0073","01:51","01:52","Rodentia","Proechimys_semispinosus","","SP04-ARL_220518_CA64_0073-r0039","PREX",NA,0.54348119,-79.15456,256,"active cacao","active cacao",NA,0,"camera_trap","cacao","rostrumLength",23.417
"552","CA64","SP04-ARL_220518_CA64_0073","01:51","01:52","Rodentia","Proechimys_semispinosus","","SP04-ARL_220518_CA64_0073-r0039","PREX",NA,0.54348119,-79.15456,256,"active cacao","active cacao",NA,0,"camera_trap","cacao","tailLength",60.87
"553","CA64","SP04-ARL_220518_CA64_0073","01:51","01:52","Rodentia","Proechimys_semispinosus","","SP04-ARL_220518_CA64_0073-r0039","PREX",NA,0.54348119,-79.15456,256,"active cacao","active cacao",NA,0,"camera_trap","cacao","vibrissaeLength",63.0425
"554","CA64","SP04-ARL_220518_CA64_0073","01:51","01:52","Rodentia","Proechimys_semispinosus","","SP04-ARL_220518_CA64_0073-r0039","PREX",NA,0.54348119,-79.15456,256,"active cacao","active cacao",NA,0,"camera_trap","cacao","zygomaticBreadth",29.363
"555","CA64","SP04-ARL_220518_CA64_0073","05:11","05:11","Rodentia","Proechimys_semispinosus","","SP04-ARL_220518_CA64_0073-r0042","PREX",NA,0.54348119,-79.15456,256,"active cacao","active cacao",NA,0,"camera_trap","cacao","BodyMass",360.5
"556","CA64","SP04-ARL_220518_CA64_0073","05:11","05:11","Rodentia","Proechimys_semispinosus","","SP04-ARL_220518_CA64_0073-r0042","PREX",NA,0.54348119,-79.15456,256,"active cacao","active cacao",NA,0,"camera_trap","cacao","Sex",NA
"557","CA64","SP04-ARL_220518_CA64_0073","05:11","05:11","Rodentia","Proechimys_semispinosus","","SP04-ARL_220518_CA64_0073-r0042","PREX",NA,0.54348119,-79.15456,256,"active cacao","active cacao",NA,0,"camera_trap","cacao","acrossincisortipsBreadth",7.283
"558","CA64","SP04-ARL_220518_CA64_0073","05:11","05:11","Rodentia","Proechimys_semispinosus","","SP04-ARL_220518_CA64_0073-r0042","PREX",NA,0.54348119,-79.15456,256,"active cacao","active cacao",NA,0,"camera_trap","cacao","condylobasalLength",44.546
"559","CA64","SP04-ARL_220518_CA64_0073","05:11","05:11","Rodentia","Proechimys_semispinosus","","SP04-ARL_220518_CA64_0073-r0042","PREX",NA,0.54348119,-79.15456,256,"active cacao","active cacao",NA,0,"camera_trap","cacao","earLength",15.0225
"560","CA64","SP04-ARL_220518_CA64_0073","05:11","05:11","Rodentia","Proechimys_semispinosus","","SP04-ARL_220518_CA64_0073-r0042","PREX",NA,0.54348119,-79.15456,256,"active cacao","active cacao",NA,0,"camera_trap","cacao","forefootLength",18.13
"561","CA64","SP04-ARL_220518_CA64_0073","05:11","05:11","Rodentia","Proechimys_semispinosus","","SP04-ARL_220518_CA64_0073-r0042","PREX",NA,0.54348119,-79.15456,256,"active cacao","active cacao",NA,0,"camera_trap","cacao","forefootWidth",6.8325
"562","CA64","SP04-ARL_220518_CA64_0073","05:11","05:11","Rodentia","Proechimys_semispinosus","","SP04-ARL_220518_CA64_0073-r0042","PREX",NA,0.54348119,-79.15456,256,"active cacao","active cacao",NA,0,"camera_trap","cacao","forefootclawLength",3.08
"563","CA64","SP04-ARL_220518_CA64_0073","05:11","05:11","Rodentia","Proechimys_semispinosus","","SP04-ARL_220518_CA64_0073-r0042","PREX",NA,0.54348119,-79.15456,256,"active cacao","active cacao",NA,0,"camera_trap","cacao","headandbodyLength",209.8225
"564","CA64","SP04-ARL_220518_CA64_0073","05:11","05:11","Rodentia","Proechimys_semispinosus","","SP04-ARL_220518_CA64_0073-r0042","PREX",NA,0.54348119,-79.15456,256,"active cacao","active cacao",NA,0,"camera_trap","cacao","hindfootLength",44.63
"565","CA64","SP04-ARL_220518_CA64_0073","05:11","05:11","Rodentia","Proechimys_semispinosus","","SP04-ARL_220518_CA64_0073-r0042","PREX",NA,0.54348119,-79.15456,256,"active cacao","active cacao",NA,0,"camera_trap","cacao","hindfootWidth",9.2
"566","CA64","SP04-ARL_220518_CA64_0073","05:11","05:11","Rodentia","Proechimys_semispinosus","","SP04-ARL_220518_CA64_0073-r0042","PREX",NA,0.54348119,-79.15456,256,"active cacao","active cacao",NA,0,"camera_trap","cacao","mandibleDiagonal",22.782
"567","CA64","SP04-ARL_220518_CA64_0073","05:11","05:11","Rodentia","Proechimys_semispinosus","","SP04-ARL_220518_CA64_0073-r0042","PREX",NA,0.54348119,-79.15456,256,"active cacao","active cacao",NA,0,"camera_trap","cacao","mandibleLength",22.9
"568","CA64","SP04-ARL_220518_CA64_0073","05:11","05:11","Rodentia","Proechimys_semispinosus","","SP04-ARL_220518_CA64_0073-r0042","PREX",NA,0.54348119,-79.15456,256,"active cacao","active cacao",NA,0,"camera_trap","cacao","mandibleWidth",26.8021428571429
"569","CA64","SP04-ARL_220518_CA64_0073","05:11","05:11","Rodentia","Proechimys_semispinosus","","SP04-ARL_220518_CA64_0073-r0042","PREX",NA,0.54348119,-79.15456,256,"active cacao","active cacao",NA,0,"camera_trap","cacao","mandibularcorpusHeight",11.66
"570","CA64","SP04-ARL_220518_CA64_0073","05:11","05:11","Rodentia","Proechimys_semispinosus","","SP04-ARL_220518_CA64_0073-r0042","PREX",NA,0.54348119,-79.15456,256,"active cacao","active cacao",NA,0,"camera_trap","cacao","maxillarytoothrowAlveolarlength",12.98
"571","CA64","SP04-ARL_220518_CA64_0073","05:11","05:11","Rodentia","Proechimys_semispinosus","","SP04-ARL_220518_CA64_0073-r0042","PREX",NA,0.54348119,-79.15456,256,"active cacao","active cacao",NA,0,"camera_trap","cacao","rostrumLength",23.417
"572","CA64","SP04-ARL_220518_CA64_0073","05:11","05:11","Rodentia","Proechimys_semispinosus","","SP04-ARL_220518_CA64_0073-r0042","PREX",NA,0.54348119,-79.15456,256,"active cacao","active cacao",NA,0,"camera_trap","cacao","tailLength",60.87
"573","CA64","SP04-ARL_220518_CA64_0073","05:11","05:11","Rodentia","Proechimys_semispinosus","","SP04-ARL_220518_CA64_0073-r0042","PREX",NA,0.54348119,-79.15456,256,"active cacao","active cacao",NA,0,"camera_trap","cacao","vibrissaeLength",63.0425
"574","CA64","SP04-ARL_220518_CA64_0073","05:11","05:11","Rodentia","Proechimys_semispinosus","","SP04-ARL_220518_CA64_0073-r0042","PREX",NA,0.54348119,-79.15456,256,"active cacao","active cacao",NA,0,"camera_trap","cacao","zygomaticBreadth",29.363
"575","CR04","SP04-ARL_220504_CR04_0052","08:19","08:20","Rodentia","Dasyprocta_punctata","","SP04-ARL_220504_CR04_0052-r0022","PREX",NA,0.51167917,-79.18947658,560,"cacao regeneration","cacao regeneration late",2002,21,"camera_trap","cacao","BodyMass",2674.98
"576","CR04","SP04-ARL_220504_CR04_0052","08:19","08:20","Rodentia","Dasyprocta_punctata","","SP04-ARL_220504_CR04_0052-r0022","PREX",NA,0.51167917,-79.18947658,560,"cacao regeneration","cacao regeneration late",2002,21,"camera_trap","cacao","Sex",NA
"577","CR04","SP04-ARL_220504_CR04_0052","08:19","08:20","Rodentia","Dasyprocta_punctata","","SP04-ARL_220504_CR04_0052-r0022","PREX",NA,0.51167917,-79.18947658,560,"cacao regeneration","cacao regeneration late",2002,21,"camera_trap","cacao","acrossincisortipsBreadth",8.504
"578","CR04","SP04-ARL_220504_CR04_0052","08:19","08:20","Rodentia","Dasyprocta_punctata","","SP04-ARL_220504_CR04_0052-r0022","PREX",NA,0.51167917,-79.18947658,560,"cacao regeneration","cacao regeneration late",2002,21,"camera_trap","cacao","condylobasalLength",75.74
"579","CR04","SP04-ARL_220504_CR04_0052","08:19","08:20","Rodentia","Dasyprocta_punctata","","SP04-ARL_220504_CR04_0052-r0022","PREX",NA,0.51167917,-79.18947658,560,"cacao regeneration","cacao regeneration late",2002,21,"camera_trap","cacao","earLength",28.585
"580","CR04","SP04-ARL_220504_CR04_0052","08:19","08:20","Rodentia","Dasyprocta_punctata","","SP04-ARL_220504_CR04_0052-r0022","PREX",NA,0.51167917,-79.18947658,560,"cacao regeneration","cacao regeneration late",2002,21,"camera_trap","cacao","forefootLength",49.595
"581","CR04","SP04-ARL_220504_CR04_0052","08:19","08:20","Rodentia","Dasyprocta_punctata","","SP04-ARL_220504_CR04_0052-r0022","PREX",NA,0.51167917,-79.18947658,560,"cacao regeneration","cacao regeneration late",2002,21,"camera_trap","cacao","forefootWidth",19.78
"582","CR04","SP04-ARL_220504_CR04_0052","08:19","08:20","Rodentia","Dasyprocta_punctata","","SP04-ARL_220504_CR04_0052-r0022","PREX",NA,0.51167917,-79.18947658,560,"cacao regeneration","cacao regeneration late",2002,21,"camera_trap","cacao","forefootclawLength",16.905
"583","CR04","SP04-ARL_220504_CR04_0052","08:19","08:20","Rodentia","Dasyprocta_punctata","","SP04-ARL_220504_CR04_0052-r0022","PREX",NA,0.51167917,-79.18947658,560,"cacao regeneration","cacao regeneration late",2002,21,"camera_trap","cacao","headandbodyLength",554.18
"584","CR04","SP04-ARL_220504_CR04_0052","08:19","08:20","Rodentia","Dasyprocta_punctata","","SP04-ARL_220504_CR04_0052-r0022","PREX",NA,0.51167917,-79.18947658,560,"cacao regeneration","cacao regeneration late",2002,21,"camera_trap","cacao","hindfootLength",103.92
"585","CR04","SP04-ARL_220504_CR04_0052","08:19","08:20","Rodentia","Dasyprocta_punctata","","SP04-ARL_220504_CR04_0052-r0022","PREX",NA,0.51167917,-79.18947658,560,"cacao regeneration","cacao regeneration late",2002,21,"camera_trap","cacao","hindfootWidth",19.56
"586","CR04","SP04-ARL_220504_CR04_0052","08:19","08:20","Rodentia","Dasyprocta_punctata","","SP04-ARL_220504_CR04_0052-r0022","PREX",NA,0.51167917,-79.18947658,560,"cacao regeneration","cacao regeneration late",2002,21,"camera_trap","cacao","mandibleDiagonal",43.53
"587","CR04","SP04-ARL_220504_CR04_0052","08:19","08:20","Rodentia","Dasyprocta_punctata","","SP04-ARL_220504_CR04_0052-r0022","PREX",NA,0.51167917,-79.18947658,560,"cacao regeneration","cacao regeneration late",2002,21,"camera_trap","cacao","mandibleLength",41.0966666666667
"588","CR04","SP04-ARL_220504_CR04_0052","08:19","08:20","Rodentia","Dasyprocta_punctata","","SP04-ARL_220504_CR04_0052-r0022","PREX",NA,0.51167917,-79.18947658,560,"cacao regeneration","cacao regeneration late",2002,21,"camera_trap","cacao","mandibleWidth",37.215
"589","CR04","SP04-ARL_220504_CR04_0052","08:19","08:20","Rodentia","Dasyprocta_punctata","","SP04-ARL_220504_CR04_0052-r0022","PREX",NA,0.51167917,-79.18947658,560,"cacao regeneration","cacao regeneration late",2002,21,"camera_trap","cacao","mandibularcorpusHeight",15.5533333333333
"590","CR04","SP04-ARL_220504_CR04_0052","08:19","08:20","Rodentia","Dasyprocta_punctata","","SP04-ARL_220504_CR04_0052-r0022","PREX",NA,0.51167917,-79.18947658,560,"cacao regeneration","cacao regeneration late",2002,21,"camera_trap","cacao","maxillarytoothrowAlveolarlength",18.02
"591","CR04","SP04-ARL_220504_CR04_0052","08:19","08:20","Rodentia","Dasyprocta_punctata","","SP04-ARL_220504_CR04_0052-r0022","PREX",NA,0.51167917,-79.18947658,560,"cacao regeneration","cacao regeneration late",2002,21,"camera_trap","cacao","rostrumLength",38.132
"592","CR04","SP04-ARL_220504_CR04_0052","08:19","08:20","Rodentia","Dasyprocta_punctata","","SP04-ARL_220504_CR04_0052-r0022","PREX",NA,0.51167917,-79.18947658,560,"cacao regeneration","cacao regeneration late",2002,21,"camera_trap","cacao","tailLength",15.515
"593","CR04","SP04-ARL_220504_CR04_0052","08:19","08:20","Rodentia","Dasyprocta_punctata","","SP04-ARL_220504_CR04_0052-r0022","PREX",NA,0.51167917,-79.18947658,560,"cacao regeneration","cacao regeneration late",2002,21,"camera_trap","cacao","vibrissaeLength",79.02
"594","CR04","SP04-ARL_220504_CR04_0052","08:19","08:20","Rodentia","Dasyprocta_punctata","","SP04-ARL_220504_CR04_0052-r0022","PREX",NA,0.51167917,-79.18947658,560,"cacao regeneration","cacao regeneration late",2002,21,"camera_trap","cacao","zygomaticBreadth",47.4975
"595","CR04","SP04-ARL_220504_CR04_0052","06:31","06:31","Birds","Tinamus_major","","SP04-ARL_220504_CR04_0052-r0023","PREX",NA,0.51167917,-79.18947658,560,"cacao regeneration","cacao regeneration late",2002,21,"camera_trap","cacao","Age",NA
"596","CR04","SP04-ARL_220504_CR04_0052","06:31","06:31","Birds","Tinamus_major","","SP04-ARL_220504_CR04_0052-r0023","PREX",NA,0.51167917,-79.18947658,560,"cacao regeneration","cacao regeneration late",2002,21,"camera_trap","cacao","Beak.Depth",5.88
"597","CR04","SP04-ARL_220504_CR04_0052","06:31","06:31","Birds","Tinamus_major","","SP04-ARL_220504_CR04_0052-r0023","PREX",NA,0.51167917,-79.18947658,560,"cacao regeneration","cacao regeneration late",2002,21,"camera_trap","cacao","Beak.Length_Culmen",38.5
"598","CR04","SP04-ARL_220504_CR04_0052","06:31","06:31","Birds","Tinamus_major","","SP04-ARL_220504_CR04_0052-r0023","PREX",NA,0.51167917,-79.18947658,560,"cacao regeneration","cacao regeneration late",2002,21,"camera_trap","cacao","Beak.Length_Nares",11.4
"599","CR04","SP04-ARL_220504_CR04_0052","06:31","06:31","Birds","Tinamus_major","","SP04-ARL_220504_CR04_0052-r0023","PREX",NA,0.51167917,-79.18947658,560,"cacao regeneration","cacao regeneration late",2002,21,"camera_trap","cacao","Beak.Width",5.2
"600","CR04","SP04-ARL_220504_CR04_0052","06:31","06:31","Birds","Tinamus_major","","SP04-ARL_220504_CR04_0052-r0023","PREX",NA,0.51167917,-79.18947658,560,"cacao regeneration","cacao regeneration late",2002,21,"camera_trap","cacao","BodyMass",1026.2
"601","CR04","SP04-ARL_220504_CR04_0052","06:31","06:31","Birds","Tinamus_major","","SP04-ARL_220504_CR04_0052-r0023","PREX",NA,0.51167917,-79.18947658,560,"cacao regeneration","cacao regeneration late",2002,21,"camera_trap","cacao","Hand.wing.Index",20.94
"602","CR04","SP04-ARL_220504_CR04_0052","06:31","06:31","Birds","Tinamus_major","","SP04-ARL_220504_CR04_0052-r0023","PREX",NA,0.51167917,-79.18947658,560,"cacao regeneration","cacao regeneration late",2002,21,"camera_trap","cacao","Kipps.Distance",51.28
"603","CR04","SP04-ARL_220504_CR04_0052","06:31","06:31","Birds","Tinamus_major","","SP04-ARL_220504_CR04_0052-r0023","PREX",NA,0.51167917,-79.18947658,560,"cacao regeneration","cacao regeneration late",2002,21,"camera_trap","cacao","Secondary1",193.12
"604","CR04","SP04-ARL_220504_CR04_0052","06:31","06:31","Birds","Tinamus_major","","SP04-ARL_220504_CR04_0052-r0023","PREX",NA,0.51167917,-79.18947658,560,"cacao regeneration","cacao regeneration late",2002,21,"camera_trap","cacao","Sex",NA
"605","CR04","SP04-ARL_220504_CR04_0052","06:31","06:31","Birds","Tinamus_major","","SP04-ARL_220504_CR04_0052-r0023","PREX",NA,0.51167917,-79.18947658,560,"cacao regeneration","cacao regeneration late",2002,21,"camera_trap","cacao","Tail.Length",83.25
"606","CR04","SP04-ARL_220504_CR04_0052","06:31","06:31","Birds","Tinamus_major","","SP04-ARL_220504_CR04_0052-r0023","PREX",NA,0.51167917,-79.18947658,560,"cacao regeneration","cacao regeneration late",2002,21,"camera_trap","cacao","Tarsus.Length",64.4333333333333
"607","CR04","SP04-ARL_220504_CR04_0052","06:31","06:31","Birds","Tinamus_major","","SP04-ARL_220504_CR04_0052-r0023","PREX",NA,0.51167917,-79.18947658,560,"cacao regeneration","cacao regeneration late",2002,21,"camera_trap","cacao","Wing.Length",241
"608","CR04","SP04-ARL_220504_CR04_0053","11:23","11:23","Birds","Geotrygon_purpurata","","SP04-ARL_220504_CR04_0053-r0029","PREX",NA,0.51167917,-79.18947658,560,"cacao regeneration","cacao regeneration late",2002,21,"camera_trap","cacao","Age",NA
"609","CR04","SP04-ARL_220504_CR04_0053","11:23","11:23","Birds","Geotrygon_purpurata","","SP04-ARL_220504_CR04_0053-r0029","PREX",NA,0.51167917,-79.18947658,560,"cacao regeneration","cacao regeneration late",2002,21,"camera_trap","cacao","Beak.Depth",4.225
"610","CR04","SP04-ARL_220504_CR04_0053","11:23","11:23","Birds","Geotrygon_purpurata","","SP04-ARL_220504_CR04_0053-r0029","PREX",NA,0.51167917,-79.18947658,560,"cacao regeneration","cacao regeneration late",2002,21,"camera_trap","cacao","Beak.Length_Culmen",20.625
"611","CR04","SP04-ARL_220504_CR04_0053","11:23","11:23","Birds","Geotrygon_purpurata","","SP04-ARL_220504_CR04_0053-r0029","PREX",NA,0.51167917,-79.18947658,560,"cacao regeneration","cacao regeneration late",2002,21,"camera_trap","cacao","Beak.Length_Nares",10.1
"612","CR04","SP04-ARL_220504_CR04_0053","11:23","11:23","Birds","Geotrygon_purpurata","","SP04-ARL_220504_CR04_0053-r0029","PREX",NA,0.51167917,-79.18947658,560,"cacao regeneration","cacao regeneration late",2002,21,"camera_trap","cacao","Beak.Width",3.225
"613","CR04","SP04-ARL_220504_CR04_0053","11:23","11:23","Birds","Geotrygon_purpurata","","SP04-ARL_220504_CR04_0053-r0029","PREX",NA,0.51167917,-79.18947658,560,"cacao regeneration","cacao regeneration late",2002,21,"camera_trap","cacao","BodyMass",129
"614","CR04","SP04-ARL_220504_CR04_0053","11:23","11:23","Birds","Geotrygon_purpurata","","SP04-ARL_220504_CR04_0053-r0029","PREX",NA,0.51167917,-79.18947658,560,"cacao regeneration","cacao regeneration late",2002,21,"camera_trap","cacao","Hand.wing.Index",26.275
"615","CR04","SP04-ARL_220504_CR04_0053","11:23","11:23","Birds","Geotrygon_purpurata","","SP04-ARL_220504_CR04_0053-r0029","PREX",NA,0.51167917,-79.18947658,560,"cacao regeneration","cacao regeneration late",2002,21,"camera_trap","cacao","Kipps.Distance",35.225
"616","CR04","SP04-ARL_220504_CR04_0053","11:23","11:23","Birds","Geotrygon_purpurata","","SP04-ARL_220504_CR04_0053-r0029","PREX",NA,0.51167917,-79.18947658,560,"cacao regeneration","cacao regeneration late",2002,21,"camera_trap","cacao","Secondary1",99.025
"617","CR04","SP04-ARL_220504_CR04_0053","11:23","11:23","Birds","Geotrygon_purpurata","","SP04-ARL_220504_CR04_0053-r0029","PREX",NA,0.51167917,-79.18947658,560,"cacao regeneration","cacao regeneration late",2002,21,"camera_trap","cacao","Sex",NA
"618","CR04","SP04-ARL_220504_CR04_0053","11:23","11:23","Birds","Geotrygon_purpurata","","SP04-ARL_220504_CR04_0053-r0029","PREX",NA,0.51167917,-79.18947658,560,"cacao regeneration","cacao regeneration late",2002,21,"camera_trap","cacao","Tail.Length",64.95
"619","CR04","SP04-ARL_220504_CR04_0053","11:23","11:23","Birds","Geotrygon_purpurata","","SP04-ARL_220504_CR04_0053-r0029","PREX",NA,0.51167917,-79.18947658,560,"cacao regeneration","cacao regeneration late",2002,21,"camera_trap","cacao","Tarsus.Length",35.675
"620","CR04","SP04-ARL_220504_CR04_0053","11:23","11:23","Birds","Geotrygon_purpurata","","SP04-ARL_220504_CR04_0053-r0029","PREX",NA,0.51167917,-79.18947658,560,"cacao regeneration","cacao regeneration late",2002,21,"camera_trap","cacao","Wing.Length",134.25
"621","CR04","SP04-ARL_220504_CR04_0053","17:19","17:19","Birds","Geotrygon_purpurata","","SP04-ARL_220504_CR04_0053-r0030","PREX",NA,0.51167917,-79.18947658,560,"cacao regeneration","cacao regeneration late",2002,21,"camera_trap","cacao","Age",NA
"622","CR04","SP04-ARL_220504_CR04_0053","17:19","17:19","Birds","Geotrygon_purpurata","","SP04-ARL_220504_CR04_0053-r0030","PREX",NA,0.51167917,-79.18947658,560,"cacao regeneration","cacao regeneration late",2002,21,"camera_trap","cacao","Beak.Depth",4.225
"623","CR04","SP04-ARL_220504_CR04_0053","17:19","17:19","Birds","Geotrygon_purpurata","","SP04-ARL_220504_CR04_0053-r0030","PREX",NA,0.51167917,-79.18947658,560,"cacao regeneration","cacao regeneration late",2002,21,"camera_trap","cacao","Beak.Length_Culmen",20.625
"624","CR04","SP04-ARL_220504_CR04_0053","17:19","17:19","Birds","Geotrygon_purpurata","","SP04-ARL_220504_CR04_0053-r0030","PREX",NA,0.51167917,-79.18947658,560,"cacao regeneration","cacao regeneration late",2002,21,"camera_trap","cacao","Beak.Length_Nares",10.1
"625","CR04","SP04-ARL_220504_CR04_0053","17:19","17:19","Birds","Geotrygon_purpurata","","SP04-ARL_220504_CR04_0053-r0030","PREX",NA,0.51167917,-79.18947658,560,"cacao regeneration","cacao regeneration late",2002,21,"camera_trap","cacao","Beak.Width",3.225
"626","CR04","SP04-ARL_220504_CR04_0053","17:19","17:19","Birds","Geotrygon_purpurata","","SP04-ARL_220504_CR04_0053-r0030","PREX",NA,0.51167917,-79.18947658,560,"cacao regeneration","cacao regeneration late",2002,21,"camera_trap","cacao","BodyMass",129
"627","CR04","SP04-ARL_220504_CR04_0053","17:19","17:19","Birds","Geotrygon_purpurata","","SP04-ARL_220504_CR04_0053-r0030","PREX",NA,0.51167917,-79.18947658,560,"cacao regeneration","cacao regeneration late",2002,21,"camera_trap","cacao","Hand.wing.Index",26.275
"628","CR04","SP04-ARL_220504_CR04_0053","17:19","17:19","Birds","Geotrygon_purpurata","","SP04-ARL_220504_CR04_0053-r0030","PREX",NA,0.51167917,-79.18947658,560,"cacao regeneration","cacao regeneration late",2002,21,"camera_trap","cacao","Kipps.Distance",35.225
"629","CR04","SP04-ARL_220504_CR04_0053","17:19","17:19","Birds","Geotrygon_purpurata","","SP04-ARL_220504_CR04_0053-r0030","PREX",NA,0.51167917,-79.18947658,560,"cacao regeneration","cacao regeneration late",2002,21,"camera_trap","cacao","Secondary1",99.025
"630","CR04","SP04-ARL_220504_CR04_0053","17:19","17:19","Birds","Geotrygon_purpurata","","SP04-ARL_220504_CR04_0053-r0030","PREX",NA,0.51167917,-79.18947658,560,"cacao regeneration","cacao regeneration late",2002,21,"camera_trap","cacao","Sex",NA
"631","CR04","SP04-ARL_220504_CR04_0053","17:19","17:19","Birds","Geotrygon_purpurata","","SP04-ARL_220504_CR04_0053-r0030","PREX",NA,0.51167917,-79.18947658,560,"cacao regeneration","cacao regeneration late",2002,21,"camera_trap","cacao","Tail.Length",64.95
"632","CR04","SP04-ARL_220504_CR04_0053","17:19","17:19","Birds","Geotrygon_purpurata","","SP04-ARL_220504_CR04_0053-r0030","PREX",NA,0.51167917,-79.18947658,560,"cacao regeneration","cacao regeneration late",2002,21,"camera_trap","cacao","Tarsus.Length",35.675
"633","CR04","SP04-ARL_220504_CR04_0053","17:19","17:19","Birds","Geotrygon_purpurata","","SP04-ARL_220504_CR04_0053-r0030","PREX",NA,0.51167917,-79.18947658,560,"cacao regeneration","cacao regeneration late",2002,21,"camera_trap","cacao","Wing.Length",134.25
"634","CR04","SP04-ARL_220504_CR04_0053","18:00","18:05","Birds","Geotrygon_purpurata","","SP04-ARL_220504_CR04_0053-r0031","PREX",NA,0.51167917,-79.18947658,560,"cacao regeneration","cacao regeneration late",2002,21,"camera_trap","cacao","Age",NA
"635","CR04","SP04-ARL_220504_CR04_0053","18:00","18:05","Birds","Geotrygon_purpurata","","SP04-ARL_220504_CR04_0053-r0031","PREX",NA,0.51167917,-79.18947658,560,"cacao regeneration","cacao regeneration late",2002,21,"camera_trap","cacao","Beak.Depth",4.225
"636","CR04","SP04-ARL_220504_CR04_0053","18:00","18:05","Birds","Geotrygon_purpurata","","SP04-ARL_220504_CR04_0053-r0031","PREX",NA,0.51167917,-79.18947658,560,"cacao regeneration","cacao regeneration late",2002,21,"camera_trap","cacao","Beak.Length_Culmen",20.625
"637","CR04","SP04-ARL_220504_CR04_0053","18:00","18:05","Birds","Geotrygon_purpurata","","SP04-ARL_220504_CR04_0053-r0031","PREX",NA,0.51167917,-79.18947658,560,"cacao regeneration","cacao regeneration late",2002,21,"camera_trap","cacao","Beak.Length_Nares",10.1
"638","CR04","SP04-ARL_220504_CR04_0053","18:00","18:05","Birds","Geotrygon_purpurata","","SP04-ARL_220504_CR04_0053-r0031","PREX",NA,0.51167917,-79.18947658,560,"cacao regeneration","cacao regeneration late",2002,21,"camera_trap","cacao","Beak.Width",3.225
"639","CR04","SP04-ARL_220504_CR04_0053","18:00","18:05","Birds","Geotrygon_purpurata","","SP04-ARL_220504_CR04_0053-r0031","PREX",NA,0.51167917,-79.18947658,560,"cacao regeneration","cacao regeneration late",2002,21,"camera_trap","cacao","BodyMass",129
"640","CR04","SP04-ARL_220504_CR04_0053","18:00","18:05","Birds","Geotrygon_purpurata","","SP04-ARL_220504_CR04_0053-r0031","PREX",NA,0.51167917,-79.18947658,560,"cacao regeneration","cacao regeneration late",2002,21,"camera_trap","cacao","Hand.wing.Index",26.275
"641","CR04","SP04-ARL_220504_CR04_0053","18:00","18:05","Birds","Geotrygon_purpurata","","SP04-ARL_220504_CR04_0053-r0031","PREX",NA,0.51167917,-79.18947658,560,"cacao regeneration","cacao regeneration late",2002,21,"camera_trap","cacao","Kipps.Distance",35.225
"642","CR04","SP04-ARL_220504_CR04_0053","18:00","18:05","Birds","Geotrygon_purpurata","","SP04-ARL_220504_CR04_0053-r0031","PREX",NA,0.51167917,-79.18947658,560,"cacao regeneration","cacao regeneration late",2002,21,"camera_trap","cacao","Secondary1",99.025
"643","CR04","SP04-ARL_220504_CR04_0053","18:00","18:05","Birds","Geotrygon_purpurata","","SP04-ARL_220504_CR04_0053-r0031","PREX",NA,0.51167917,-79.18947658,560,"cacao regeneration","cacao regeneration late",2002,21,"camera_trap","cacao","Sex",NA
"644","CR04","SP04-ARL_220504_CR04_0053","18:00","18:05","Birds","Geotrygon_purpurata","","SP04-ARL_220504_CR04_0053-r0031","PREX",NA,0.51167917,-79.18947658,560,"cacao regeneration","cacao regeneration late",2002,21,"camera_trap","cacao","Tail.Length",64.95
"645","CR04","SP04-ARL_220504_CR04_0053","18:00","18:05","Birds","Geotrygon_purpurata","","SP04-ARL_220504_CR04_0053-r0031","PREX",NA,0.51167917,-79.18947658,560,"cacao regeneration","cacao regeneration late",2002,21,"camera_trap","cacao","Tarsus.Length",35.675
"646","CR04","SP04-ARL_220504_CR04_0053","18:00","18:05","Birds","Geotrygon_purpurata","","SP04-ARL_220504_CR04_0053-r0031","PREX",NA,0.51167917,-79.18947658,560,"cacao regeneration","cacao regeneration late",2002,21,"camera_trap","cacao","Wing.Length",134.25
"647","CR04","SP04-ARL_220508_CR04_0054","10:47","10:47","Birds","Geotrygon_purpurata","","SP04-ARL_220508_CR04_0054-r0032","PREX",NA,0.51167917,-79.18947658,560,"cacao regeneration","cacao regeneration late",2002,21,"camera_trap","cacao","Age",NA
"648","CR04","SP04-ARL_220508_CR04_0054","10:47","10:47","Birds","Geotrygon_purpurata","","SP04-ARL_220508_CR04_0054-r0032","PREX",NA,0.51167917,-79.18947658,560,"cacao regeneration","cacao regeneration late",2002,21,"camera_trap","cacao","Beak.Depth",4.225
"649","CR04","SP04-ARL_220508_CR04_0054","10:47","10:47","Birds","Geotrygon_purpurata","","SP04-ARL_220508_CR04_0054-r0032","PREX",NA,0.51167917,-79.18947658,560,"cacao regeneration","cacao regeneration late",2002,21,"camera_trap","cacao","Beak.Length_Culmen",20.625
"650","CR04","SP04-ARL_220508_CR04_0054","10:47","10:47","Birds","Geotrygon_purpurata","","SP04-ARL_220508_CR04_0054-r0032","PREX",NA,0.51167917,-79.18947658,560,"cacao regeneration","cacao regeneration late",2002,21,"camera_trap","cacao","Beak.Length_Nares",10.1
"651","CR04","SP04-ARL_220508_CR04_0054","10:47","10:47","Birds","Geotrygon_purpurata","","SP04-ARL_220508_CR04_0054-r0032","PREX",NA,0.51167917,-79.18947658,560,"cacao regeneration","cacao regeneration late",2002,21,"camera_trap","cacao","Beak.Width",3.225
"652","CR04","SP04-ARL_220508_CR04_0054","10:47","10:47","Birds","Geotrygon_purpurata","","SP04-ARL_220508_CR04_0054-r0032","PREX",NA,0.51167917,-79.18947658,560,"cacao regeneration","cacao regeneration late",2002,21,"camera_trap","cacao","BodyMass",129
"653","CR04","SP04-ARL_220508_CR04_0054","10:47","10:47","Birds","Geotrygon_purpurata","","SP04-ARL_220508_CR04_0054-r0032","PREX",NA,0.51167917,-79.18947658,560,"cacao regeneration","cacao regeneration late",2002,21,"camera_trap","cacao","Hand.wing.Index",26.275
"654","CR04","SP04-ARL_220508_CR04_0054","10:47","10:47","Birds","Geotrygon_purpurata","","SP04-ARL_220508_CR04_0054-r0032","PREX",NA,0.51167917,-79.18947658,560,"cacao regeneration","cacao regeneration late",2002,21,"camera_trap","cacao","Kipps.Distance",35.225
"655","CR04","SP04-ARL_220508_CR04_0054","10:47","10:47","Birds","Geotrygon_purpurata","","SP04-ARL_220508_CR04_0054-r0032","PREX",NA,0.51167917,-79.18947658,560,"cacao regeneration","cacao regeneration late",2002,21,"camera_trap","cacao","Secondary1",99.025
"656","CR04","SP04-ARL_220508_CR04_0054","10:47","10:47","Birds","Geotrygon_purpurata","","SP04-ARL_220508_CR04_0054-r0032","PREX",NA,0.51167917,-79.18947658,560,"cacao regeneration","cacao regeneration late",2002,21,"camera_trap","cacao","Sex",NA
"657","CR04","SP04-ARL_220508_CR04_0054","10:47","10:47","Birds","Geotrygon_purpurata","","SP04-ARL_220508_CR04_0054-r0032","PREX",NA,0.51167917,-79.18947658,560,"cacao regeneration","cacao regeneration late",2002,21,"camera_trap","cacao","Tail.Length",64.95
"658","CR04","SP04-ARL_220508_CR04_0054","10:47","10:47","Birds","Geotrygon_purpurata","","SP04-ARL_220508_CR04_0054-r0032","PREX",NA,0.51167917,-79.18947658,560,"cacao regeneration","cacao regeneration late",2002,21,"camera_trap","cacao","Tarsus.Length",35.675
"659","CR04","SP04-ARL_220508_CR04_0054","10:47","10:47","Birds","Geotrygon_purpurata","","SP04-ARL_220508_CR04_0054-r0032","PREX",NA,0.51167917,-79.18947658,560,"cacao regeneration","cacao regeneration late",2002,21,"camera_trap","cacao","Wing.Length",134.25
"660","CR04","SP04-ARL_220508_CR04_0054","11:12","11:12","Birds","Geotrygon_purpurata","","SP04-ARL_220508_CR04_0054-r0033","PREX",NA,0.51167917,-79.18947658,560,"cacao regeneration","cacao regeneration late",2002,21,"camera_trap","cacao","Age",NA
"661","CR04","SP04-ARL_220508_CR04_0054","11:12","11:12","Birds","Geotrygon_purpurata","","SP04-ARL_220508_CR04_0054-r0033","PREX",NA,0.51167917,-79.18947658,560,"cacao regeneration","cacao regeneration late",2002,21,"camera_trap","cacao","Beak.Depth",4.225
"662","CR04","SP04-ARL_220508_CR04_0054","11:12","11:12","Birds","Geotrygon_purpurata","","SP04-ARL_220508_CR04_0054-r0033","PREX",NA,0.51167917,-79.18947658,560,"cacao regeneration","cacao regeneration late",2002,21,"camera_trap","cacao","Beak.Length_Culmen",20.625
"663","CR04","SP04-ARL_220508_CR04_0054","11:12","11:12","Birds","Geotrygon_purpurata","","SP04-ARL_220508_CR04_0054-r0033","PREX",NA,0.51167917,-79.18947658,560,"cacao regeneration","cacao regeneration late",2002,21,"camera_trap","cacao","Beak.Length_Nares",10.1
"664","CR04","SP04-ARL_220508_CR04_0054","11:12","11:12","Birds","Geotrygon_purpurata","","SP04-ARL_220508_CR04_0054-r0033","PREX",NA,0.51167917,-79.18947658,560,"cacao regeneration","cacao regeneration late",2002,21,"camera_trap","cacao","Beak.Width",3.225
"665","CR04","SP04-ARL_220508_CR04_0054","11:12","11:12","Birds","Geotrygon_purpurata","","SP04-ARL_220508_CR04_0054-r0033","PREX",NA,0.51167917,-79.18947658,560,"cacao regeneration","cacao regeneration late",2002,21,"camera_trap","cacao","BodyMass",129
"666","CR04","SP04-ARL_220508_CR04_0054","11:12","11:12","Birds","Geotrygon_purpurata","","SP04-ARL_220508_CR04_0054-r0033","PREX",NA,0.51167917,-79.18947658,560,"cacao regeneration","cacao regeneration late",2002,21,"camera_trap","cacao","Hand.wing.Index",26.275
"667","CR04","SP04-ARL_220508_CR04_0054","11:12","11:12","Birds","Geotrygon_purpurata","","SP04-ARL_220508_CR04_0054-r0033","PREX",NA,0.51167917,-79.18947658,560,"cacao regeneration","cacao regeneration late",2002,21,"camera_trap","cacao","Kipps.Distance",35.225
"668","CR04","SP04-ARL_220508_CR04_0054","11:12","11:12","Birds","Geotrygon_purpurata","","SP04-ARL_220508_CR04_0054-r0033","PREX",NA,0.51167917,-79.18947658,560,"cacao regeneration","cacao regeneration late",2002,21,"camera_trap","cacao","Secondary1",99.025
"669","CR04","SP04-ARL_220508_CR04_0054","11:12","11:12","Birds","Geotrygon_purpurata","","SP04-ARL_220508_CR04_0054-r0033","PREX",NA,0.51167917,-79.18947658,560,"cacao regeneration","cacao regeneration late",2002,21,"camera_trap","cacao","Sex",NA
"670","CR04","SP04-ARL_220508_CR04_0054","11:12","11:12","Birds","Geotrygon_purpurata","","SP04-ARL_220508_CR04_0054-r0033","PREX",NA,0.51167917,-79.18947658,560,"cacao regeneration","cacao regeneration late",2002,21,"camera_trap","cacao","Tail.Length",64.95
"671","CR04","SP04-ARL_220508_CR04_0054","11:12","11:12","Birds","Geotrygon_purpurata","","SP04-ARL_220508_CR04_0054-r0033","PREX",NA,0.51167917,-79.18947658,560,"cacao regeneration","cacao regeneration late",2002,21,"camera_trap","cacao","Tarsus.Length",35.675
"672","CR04","SP04-ARL_220508_CR04_0054","11:12","11:12","Birds","Geotrygon_purpurata","","SP04-ARL_220508_CR04_0054-r0033","PREX",NA,0.51167917,-79.18947658,560,"cacao regeneration","cacao regeneration late",2002,21,"camera_trap","cacao","Wing.Length",134.25
"673","CR04","SP04-ARL_220509_CR04_0055","10:59","11:01","Birds","Geotrygon_purpurata","","SP04-ARL_220509_CR04_0055-r0034","PREX",NA,0.51167917,-79.18947658,560,"cacao regeneration","cacao regeneration late",2002,21,"camera_trap","cacao","Age",NA
"674","CR04","SP04-ARL_220509_CR04_0055","10:59","11:01","Birds","Geotrygon_purpurata","","SP04-ARL_220509_CR04_0055-r0034","PREX",NA,0.51167917,-79.18947658,560,"cacao regeneration","cacao regeneration late",2002,21,"camera_trap","cacao","Beak.Depth",4.225
"675","CR04","SP04-ARL_220509_CR04_0055","10:59","11:01","Birds","Geotrygon_purpurata","","SP04-ARL_220509_CR04_0055-r0034","PREX",NA,0.51167917,-79.18947658,560,"cacao regeneration","cacao regeneration late",2002,21,"camera_trap","cacao","Beak.Length_Culmen",20.625
"676","CR04","SP04-ARL_220509_CR04_0055","10:59","11:01","Birds","Geotrygon_purpurata","","SP04-ARL_220509_CR04_0055-r0034","PREX",NA,0.51167917,-79.18947658,560,"cacao regeneration","cacao regeneration late",2002,21,"camera_trap","cacao","Beak.Length_Nares",10.1
"677","CR04","SP04-ARL_220509_CR04_0055","10:59","11:01","Birds","Geotrygon_purpurata","","SP04-ARL_220509_CR04_0055-r0034","PREX",NA,0.51167917,-79.18947658,560,"cacao regeneration","cacao regeneration late",2002,21,"camera_trap","cacao","Beak.Width",3.225
"678","CR04","SP04-ARL_220509_CR04_0055","10:59","11:01","Birds","Geotrygon_purpurata","","SP04-ARL_220509_CR04_0055-r0034","PREX",NA,0.51167917,-79.18947658,560,"cacao regeneration","cacao regeneration late",2002,21,"camera_trap","cacao","BodyMass",129
"679","CR04","SP04-ARL_220509_CR04_0055","10:59","11:01","Birds","Geotrygon_purpurata","","SP04-ARL_220509_CR04_0055-r0034","PREX",NA,0.51167917,-79.18947658,560,"cacao regeneration","cacao regeneration late",2002,21,"camera_trap","cacao","Hand.wing.Index",26.275
"680","CR04","SP04-ARL_220509_CR04_0055","10:59","11:01","Birds","Geotrygon_purpurata","","SP04-ARL_220509_CR04_0055-r0034","PREX",NA,0.51167917,-79.18947658,560,"cacao regeneration","cacao regeneration late",2002,21,"camera_trap","cacao","Kipps.Distance",35.225
"681","CR04","SP04-ARL_220509_CR04_0055","10:59","11:01","Birds","Geotrygon_purpurata","","SP04-ARL_220509_CR04_0055-r0034","PREX",NA,0.51167917,-79.18947658,560,"cacao regeneration","cacao regeneration late",2002,21,"camera_trap","cacao","Secondary1",99.025
"682","CR04","SP04-ARL_220509_CR04_0055","10:59","11:01","Birds","Geotrygon_purpurata","","SP04-ARL_220509_CR04_0055-r0034","PREX",NA,0.51167917,-79.18947658,560,"cacao regeneration","cacao regeneration late",2002,21,"camera_trap","cacao","Sex",NA
"683","CR04","SP04-ARL_220509_CR04_0055","10:59","11:01","Birds","Geotrygon_purpurata","","SP04-ARL_220509_CR04_0055-r0034","PREX",NA,0.51167917,-79.18947658,560,"cacao regeneration","cacao regeneration late",2002,21,"camera_trap","cacao","Tail.Length",64.95
"684","CR04","SP04-ARL_220509_CR04_0055","10:59","11:01","Birds","Geotrygon_purpurata","","SP04-ARL_220509_CR04_0055-r0034","PREX",NA,0.51167917,-79.18947658,560,"cacao regeneration","cacao regeneration late",2002,21,"camera_trap","cacao","Tarsus.Length",35.675
"685","CR04","SP04-ARL_220509_CR04_0055","10:59","11:01","Birds","Geotrygon_purpurata","","SP04-ARL_220509_CR04_0055-r0034","PREX",NA,0.51167917,-79.18947658,560,"cacao regeneration","cacao regeneration late",2002,21,"camera_trap","cacao","Wing.Length",134.25
"686","CR04","SP04-ARL_220504_CR04_0052","06:51","06:51","Birds","Geotrygon_purpurata","","SP04-ARL_220504_CR04_0052-r0025","PREX",NA,0.51167917,-79.18947658,560,"cacao regeneration","cacao regeneration late",2002,21,"camera_trap","cacao","Age",NA
"687","CR04","SP04-ARL_220504_CR04_0052","06:51","06:51","Birds","Geotrygon_purpurata","","SP04-ARL_220504_CR04_0052-r0025","PREX",NA,0.51167917,-79.18947658,560,"cacao regeneration","cacao regeneration late",2002,21,"camera_trap","cacao","Beak.Depth",4.225
"688","CR04","SP04-ARL_220504_CR04_0052","06:51","06:51","Birds","Geotrygon_purpurata","","SP04-ARL_220504_CR04_0052-r0025","PREX",NA,0.51167917,-79.18947658,560,"cacao regeneration","cacao regeneration late",2002,21,"camera_trap","cacao","Beak.Length_Culmen",20.625
"689","CR04","SP04-ARL_220504_CR04_0052","06:51","06:51","Birds","Geotrygon_purpurata","","SP04-ARL_220504_CR04_0052-r0025","PREX",NA,0.51167917,-79.18947658,560,"cacao regeneration","cacao regeneration late",2002,21,"camera_trap","cacao","Beak.Length_Nares",10.1
"690","CR04","SP04-ARL_220504_CR04_0052","06:51","06:51","Birds","Geotrygon_purpurata","","SP04-ARL_220504_CR04_0052-r0025","PREX",NA,0.51167917,-79.18947658,560,"cacao regeneration","cacao regeneration late",2002,21,"camera_trap","cacao","Beak.Width",3.225
"691","CR04","SP04-ARL_220504_CR04_0052","06:51","06:51","Birds","Geotrygon_purpurata","","SP04-ARL_220504_CR04_0052-r0025","PREX",NA,0.51167917,-79.18947658,560,"cacao regeneration","cacao regeneration late",2002,21,"camera_trap","cacao","BodyMass",129
"692","CR04","SP04-ARL_220504_CR04_0052","06:51","06:51","Birds","Geotrygon_purpurata","","SP04-ARL_220504_CR04_0052-r0025","PREX",NA,0.51167917,-79.18947658,560,"cacao regeneration","cacao regeneration late",2002,21,"camera_trap","cacao","Hand.wing.Index",26.275
"693","CR04","SP04-ARL_220504_CR04_0052","06:51","06:51","Birds","Geotrygon_purpurata","","SP04-ARL_220504_CR04_0052-r0025","PREX",NA,0.51167917,-79.18947658,560,"cacao regeneration","cacao regeneration late",2002,21,"camera_trap","cacao","Kipps.Distance",35.225
"694","CR04","SP04-ARL_220504_CR04_0052","06:51","06:51","Birds","Geotrygon_purpurata","","SP04-ARL_220504_CR04_0052-r0025","PREX",NA,0.51167917,-79.18947658,560,"cacao regeneration","cacao regeneration late",2002,21,"camera_trap","cacao","Secondary1",99.025
"695","CR04","SP04-ARL_220504_CR04_0052","06:51","06:51","Birds","Geotrygon_purpurata","","SP04-ARL_220504_CR04_0052-r0025","PREX",NA,0.51167917,-79.18947658,560,"cacao regeneration","cacao regeneration late",2002,21,"camera_trap","cacao","Sex",NA
"696","CR04","SP04-ARL_220504_CR04_0052","06:51","06:51","Birds","Geotrygon_purpurata","","SP04-ARL_220504_CR04_0052-r0025","PREX",NA,0.51167917,-79.18947658,560,"cacao regeneration","cacao regeneration late",2002,21,"camera_trap","cacao","Tail.Length",64.95
"697","CR04","SP04-ARL_220504_CR04_0052","06:51","06:51","Birds","Geotrygon_purpurata","","SP04-ARL_220504_CR04_0052-r0025","PREX",NA,0.51167917,-79.18947658,560,"cacao regeneration","cacao regeneration late",2002,21,"camera_trap","cacao","Tarsus.Length",35.675
"698","CR04","SP04-ARL_220504_CR04_0052","06:51","06:51","Birds","Geotrygon_purpurata","","SP04-ARL_220504_CR04_0052-r0025","PREX",NA,0.51167917,-79.18947658,560,"cacao regeneration","cacao regeneration late",2002,21,"camera_trap","cacao","Wing.Length",134.25
"699","CR04","SP04-ARL_220504_CR04_0053","06:25","06:25","Birds","Geotrygon_purpurata","","SP04-ARL_220504_CR04_0053-r0026","PREX",NA,0.51167917,-79.18947658,560,"cacao regeneration","cacao regeneration late",2002,21,"camera_trap","cacao","Age",NA
"700","CR04","SP04-ARL_220504_CR04_0053","06:25","06:25","Birds","Geotrygon_purpurata","","SP04-ARL_220504_CR04_0053-r0026","PREX",NA,0.51167917,-79.18947658,560,"cacao regeneration","cacao regeneration late",2002,21,"camera_trap","cacao","Beak.Depth",4.225
"701","CR04","SP04-ARL_220504_CR04_0053","06:25","06:25","Birds","Geotrygon_purpurata","","SP04-ARL_220504_CR04_0053-r0026","PREX",NA,0.51167917,-79.18947658,560,"cacao regeneration","cacao regeneration late",2002,21,"camera_trap","cacao","Beak.Length_Culmen",20.625
"702","CR04","SP04-ARL_220504_CR04_0053","06:25","06:25","Birds","Geotrygon_purpurata","","SP04-ARL_220504_CR04_0053-r0026","PREX",NA,0.51167917,-79.18947658,560,"cacao regeneration","cacao regeneration late",2002,21,"camera_trap","cacao","Beak.Length_Nares",10.1
"703","CR04","SP04-ARL_220504_CR04_0053","06:25","06:25","Birds","Geotrygon_purpurata","","SP04-ARL_220504_CR04_0053-r0026","PREX",NA,0.51167917,-79.18947658,560,"cacao regeneration","cacao regeneration late",2002,21,"camera_trap","cacao","Beak.Width",3.225
"704","CR04","SP04-ARL_220504_CR04_0053","06:25","06:25","Birds","Geotrygon_purpurata","","SP04-ARL_220504_CR04_0053-r0026","PREX",NA,0.51167917,-79.18947658,560,"cacao regeneration","cacao regeneration late",2002,21,"camera_trap","cacao","BodyMass",129
"705","CR04","SP04-ARL_220504_CR04_0053","06:25","06:25","Birds","Geotrygon_purpurata","","SP04-ARL_220504_CR04_0053-r0026","PREX",NA,0.51167917,-79.18947658,560,"cacao regeneration","cacao regeneration late",2002,21,"camera_trap","cacao","Hand.wing.Index",26.275
"706","CR04","SP04-ARL_220504_CR04_0053","06:25","06:25","Birds","Geotrygon_purpurata","","SP04-ARL_220504_CR04_0053-r0026","PREX",NA,0.51167917,-79.18947658,560,"cacao regeneration","cacao regeneration late",2002,21,"camera_trap","cacao","Kipps.Distance",35.225
"707","CR04","SP04-ARL_220504_CR04_0053","06:25","06:25","Birds","Geotrygon_purpurata","","SP04-ARL_220504_CR04_0053-r0026","PREX",NA,0.51167917,-79.18947658,560,"cacao regeneration","cacao regeneration late",2002,21,"camera_trap","cacao","Secondary1",99.025
"708","CR04","SP04-ARL_220504_CR04_0053","06:25","06:25","Birds","Geotrygon_purpurata","","SP04-ARL_220504_CR04_0053-r0026","PREX",NA,0.51167917,-79.18947658,560,"cacao regeneration","cacao regeneration late",2002,21,"camera_trap","cacao","Sex",NA
"709","CR04","SP04-ARL_220504_CR04_0053","06:25","06:25","Birds","Geotrygon_purpurata","","SP04-ARL_220504_CR04_0053-r0026","PREX",NA,0.51167917,-79.18947658,560,"cacao regeneration","cacao regeneration late",2002,21,"camera_trap","cacao","Tail.Length",64.95
"710","CR04","SP04-ARL_220504_CR04_0053","06:25","06:25","Birds","Geotrygon_purpurata","","SP04-ARL_220504_CR04_0053-r0026","PREX",NA,0.51167917,-79.18947658,560,"cacao regeneration","cacao regeneration late",2002,21,"camera_trap","cacao","Tarsus.Length",35.675
"711","CR04","SP04-ARL_220504_CR04_0053","06:25","06:25","Birds","Geotrygon_purpurata","","SP04-ARL_220504_CR04_0053-r0026","PREX",NA,0.51167917,-79.18947658,560,"cacao regeneration","cacao regeneration late",2002,21,"camera_trap","cacao","Wing.Length",134.25
"712","CR04","SP04-ARL_220504_CR04_0053","06:43","06:43","Rodentia","Heteromys_australis","","SP04-ARL_220504_CR04_0053-r0027","PREX",NA,0.51167917,-79.18947658,560,"cacao regeneration","cacao regeneration late",2002,21,"camera_trap","cacao","BodyMass",267.5
"713","CR04","SP04-ARL_220504_CR04_0053","06:43","06:43","Rodentia","Heteromys_australis","","SP04-ARL_220504_CR04_0053-r0027","PREX",NA,0.51167917,-79.18947658,560,"cacao regeneration","cacao regeneration late",2002,21,"camera_trap","cacao","Sex",NA
"714","CR04","SP04-ARL_220504_CR04_0053","06:43","06:43","Rodentia","Heteromys_australis","","SP04-ARL_220504_CR04_0053-r0027","PREX",NA,0.51167917,-79.18947658,560,"cacao regeneration","cacao regeneration late",2002,21,"camera_trap","cacao","acrossincisortipsBreadth",2.47142857142857
"715","CR04","SP04-ARL_220504_CR04_0053","06:43","06:43","Rodentia","Heteromys_australis","","SP04-ARL_220504_CR04_0053-r0027","PREX",NA,0.51167917,-79.18947658,560,"cacao regeneration","cacao regeneration late",2002,21,"camera_trap","cacao","condylobasalLength",27.8885714285714
"716","CR04","SP04-ARL_220504_CR04_0053","06:43","06:43","Rodentia","Heteromys_australis","","SP04-ARL_220504_CR04_0053-r0027","PREX",NA,0.51167917,-79.18947658,560,"cacao regeneration","cacao regeneration late",2002,21,"camera_trap","cacao","earLength",14.48
"717","CR04","SP04-ARL_220504_CR04_0053","06:43","06:43","Rodentia","Heteromys_australis","","SP04-ARL_220504_CR04_0053-r0027","PREX",NA,0.51167917,-79.18947658,560,"cacao regeneration","cacao regeneration late",2002,21,"camera_trap","cacao","forefootLength",9.59
"718","CR04","SP04-ARL_220504_CR04_0053","06:43","06:43","Rodentia","Heteromys_australis","","SP04-ARL_220504_CR04_0053-r0027","PREX",NA,0.51167917,-79.18947658,560,"cacao regeneration","cacao regeneration late",2002,21,"camera_trap","cacao","forefootWidth",4.752
"719","CR04","SP04-ARL_220504_CR04_0053","06:43","06:43","Rodentia","Heteromys_australis","","SP04-ARL_220504_CR04_0053-r0027","PREX",NA,0.51167917,-79.18947658,560,"cacao regeneration","cacao regeneration late",2002,21,"camera_trap","cacao","forefootclawLength",2.154
"720","CR04","SP04-ARL_220504_CR04_0053","06:43","06:43","Rodentia","Heteromys_australis","","SP04-ARL_220504_CR04_0053-r0027","PREX",NA,0.51167917,-79.18947658,560,"cacao regeneration","cacao regeneration late",2002,21,"camera_trap","cacao","headandbodyLength",86.534
"721","CR04","SP04-ARL_220504_CR04_0053","06:43","06:43","Rodentia","Heteromys_australis","","SP04-ARL_220504_CR04_0053-r0027","PREX",NA,0.51167917,-79.18947658,560,"cacao regeneration","cacao regeneration late",2002,21,"camera_trap","cacao","hindfootLength",24.968
"722","CR04","SP04-ARL_220504_CR04_0053","06:43","06:43","Rodentia","Heteromys_australis","","SP04-ARL_220504_CR04_0053-r0027","PREX",NA,0.51167917,-79.18947658,560,"cacao regeneration","cacao regeneration late",2002,21,"camera_trap","cacao","hindfootWidth",5.532
"723","CR04","SP04-ARL_220504_CR04_0053","06:43","06:43","Rodentia","Heteromys_australis","","SP04-ARL_220504_CR04_0053-r0027","PREX",NA,0.51167917,-79.18947658,560,"cacao regeneration","cacao regeneration late",2002,21,"camera_trap","cacao","mandibleDiagonal",13.1585714285714
"724","CR04","SP04-ARL_220504_CR04_0053","06:43","06:43","Rodentia","Heteromys_australis","","SP04-ARL_220504_CR04_0053-r0027","PREX",NA,0.51167917,-79.18947658,560,"cacao regeneration","cacao regeneration late",2002,21,"camera_trap","cacao","mandibleLength",11.8242857142857
"725","CR04","SP04-ARL_220504_CR04_0053","06:43","06:43","Rodentia","Heteromys_australis","","SP04-ARL_220504_CR04_0053-r0027","PREX",NA,0.51167917,-79.18947658,560,"cacao regeneration","cacao regeneration late",2002,21,"camera_trap","cacao","mandibleWidth",12.1716666666667
"726","CR04","SP04-ARL_220504_CR04_0053","06:43","06:43","Rodentia","Heteromys_australis","","SP04-ARL_220504_CR04_0053-r0027","PREX",NA,0.51167917,-79.18947658,560,"cacao regeneration","cacao regeneration late",2002,21,"camera_trap","cacao","mandibularcorpusHeight",5.44428571428571
"727","CR04","SP04-ARL_220504_CR04_0053","06:43","06:43","Rodentia","Heteromys_australis","","SP04-ARL_220504_CR04_0053-r0027","PREX",NA,0.51167917,-79.18947658,560,"cacao regeneration","cacao regeneration late",2002,21,"camera_trap","cacao","maxillarytoothrowAlveolarlength",4.90285714285714
"728","CR04","SP04-ARL_220504_CR04_0053","06:43","06:43","Rodentia","Heteromys_australis","","SP04-ARL_220504_CR04_0053-r0027","PREX",NA,0.51167917,-79.18947658,560,"cacao regeneration","cacao regeneration late",2002,21,"camera_trap","cacao","rostrumLength",12.7657142857143
"729","CR04","SP04-ARL_220504_CR04_0053","06:43","06:43","Rodentia","Heteromys_australis","","SP04-ARL_220504_CR04_0053-r0027","PREX",NA,0.51167917,-79.18947658,560,"cacao regeneration","cacao regeneration late",2002,21,"camera_trap","cacao","tailLength",84.278
"730","CR04","SP04-ARL_220504_CR04_0053","06:43","06:43","Rodentia","Heteromys_australis","","SP04-ARL_220504_CR04_0053-r0027","PREX",NA,0.51167917,-79.18947658,560,"cacao regeneration","cacao regeneration late",2002,21,"camera_trap","cacao","vibrissaeLength",32.712
"731","CR04","SP04-ARL_220504_CR04_0053","06:43","06:43","Rodentia","Heteromys_australis","","SP04-ARL_220504_CR04_0053-r0027","PREX",NA,0.51167917,-79.18947658,560,"cacao regeneration","cacao regeneration late",2002,21,"camera_trap","cacao","zygomaticBreadth",15.41
"732","CR04","SP04-ARL_220504_CR04_0052","11:20","11:20","Birds","Geotrygon_purpurata","","SP04-ARL_220504_CR04_0052-r0024","PREX",NA,0.51167917,-79.18947658,560,"cacao regeneration","cacao regeneration late",2002,21,"camera_trap","cacao","Age",NA
"733","CR04","SP04-ARL_220504_CR04_0052","11:20","11:20","Birds","Geotrygon_purpurata","","SP04-ARL_220504_CR04_0052-r0024","PREX",NA,0.51167917,-79.18947658,560,"cacao regeneration","cacao regeneration late",2002,21,"camera_trap","cacao","Beak.Depth",4.225
"734","CR04","SP04-ARL_220504_CR04_0052","11:20","11:20","Birds","Geotrygon_purpurata","","SP04-ARL_220504_CR04_0052-r0024","PREX",NA,0.51167917,-79.18947658,560,"cacao regeneration","cacao regeneration late",2002,21,"camera_trap","cacao","Beak.Length_Culmen",20.625
"735","CR04","SP04-ARL_220504_CR04_0052","11:20","11:20","Birds","Geotrygon_purpurata","","SP04-ARL_220504_CR04_0052-r0024","PREX",NA,0.51167917,-79.18947658,560,"cacao regeneration","cacao regeneration late",2002,21,"camera_trap","cacao","Beak.Length_Nares",10.1
"736","CR04","SP04-ARL_220504_CR04_0052","11:20","11:20","Birds","Geotrygon_purpurata","","SP04-ARL_220504_CR04_0052-r0024","PREX",NA,0.51167917,-79.18947658,560,"cacao regeneration","cacao regeneration late",2002,21,"camera_trap","cacao","Beak.Width",3.225
"737","CR04","SP04-ARL_220504_CR04_0052","11:20","11:20","Birds","Geotrygon_purpurata","","SP04-ARL_220504_CR04_0052-r0024","PREX",NA,0.51167917,-79.18947658,560,"cacao regeneration","cacao regeneration late",2002,21,"camera_trap","cacao","BodyMass",129
"738","CR04","SP04-ARL_220504_CR04_0052","11:20","11:20","Birds","Geotrygon_purpurata","","SP04-ARL_220504_CR04_0052-r0024","PREX",NA,0.51167917,-79.18947658,560,"cacao regeneration","cacao regeneration late",2002,21,"camera_trap","cacao","Hand.wing.Index",26.275
"739","CR04","SP04-ARL_220504_CR04_0052","11:20","11:20","Birds","Geotrygon_purpurata","","SP04-ARL_220504_CR04_0052-r0024","PREX",NA,0.51167917,-79.18947658,560,"cacao regeneration","cacao regeneration late",2002,21,"camera_trap","cacao","Kipps.Distance",35.225
"740","CR04","SP04-ARL_220504_CR04_0052","11:20","11:20","Birds","Geotrygon_purpurata","","SP04-ARL_220504_CR04_0052-r0024","PREX",NA,0.51167917,-79.18947658,560,"cacao regeneration","cacao regeneration late",2002,21,"camera_trap","cacao","Secondary1",99.025
"741","CR04","SP04-ARL_220504_CR04_0052","11:20","11:20","Birds","Geotrygon_purpurata","","SP04-ARL_220504_CR04_0052-r0024","PREX",NA,0.51167917,-79.18947658,560,"cacao regeneration","cacao regeneration late",2002,21,"camera_trap","cacao","Sex",NA
"742","CR04","SP04-ARL_220504_CR04_0052","11:20","11:20","Birds","Geotrygon_purpurata","","SP04-ARL_220504_CR04_0052-r0024","PREX",NA,0.51167917,-79.18947658,560,"cacao regeneration","cacao regeneration late",2002,21,"camera_trap","cacao","Tail.Length",64.95
"743","CR04","SP04-ARL_220504_CR04_0052","11:20","11:20","Birds","Geotrygon_purpurata","","SP04-ARL_220504_CR04_0052-r0024","PREX",NA,0.51167917,-79.18947658,560,"cacao regeneration","cacao regeneration late",2002,21,"camera_trap","cacao","Tarsus.Length",35.675
"744","CR04","SP04-ARL_220504_CR04_0052","11:20","11:20","Birds","Geotrygon_purpurata","","SP04-ARL_220504_CR04_0052-r0024","PREX",NA,0.51167917,-79.18947658,560,"cacao regeneration","cacao regeneration late",2002,21,"camera_trap","cacao","Wing.Length",134.25
"745","CR04","SP04-ARL_220504_CR04_0053","09:33","09:33","Birds","Geotrygon_purpurata","","SP04-ARL_220504_CR04_0053-r0028","PREX",NA,0.51167917,-79.18947658,560,"cacao regeneration","cacao regeneration late",2002,21,"camera_trap","cacao","Age",NA
"746","CR04","SP04-ARL_220504_CR04_0053","09:33","09:33","Birds","Geotrygon_purpurata","","SP04-ARL_220504_CR04_0053-r0028","PREX",NA,0.51167917,-79.18947658,560,"cacao regeneration","cacao regeneration late",2002,21,"camera_trap","cacao","Beak.Depth",4.225
"747","CR04","SP04-ARL_220504_CR04_0053","09:33","09:33","Birds","Geotrygon_purpurata","","SP04-ARL_220504_CR04_0053-r0028","PREX",NA,0.51167917,-79.18947658,560,"cacao regeneration","cacao regeneration late",2002,21,"camera_trap","cacao","Beak.Length_Culmen",20.625
"748","CR04","SP04-ARL_220504_CR04_0053","09:33","09:33","Birds","Geotrygon_purpurata","","SP04-ARL_220504_CR04_0053-r0028","PREX",NA,0.51167917,-79.18947658,560,"cacao regeneration","cacao regeneration late",2002,21,"camera_trap","cacao","Beak.Length_Nares",10.1
"749","CR04","SP04-ARL_220504_CR04_0053","09:33","09:33","Birds","Geotrygon_purpurata","","SP04-ARL_220504_CR04_0053-r0028","PREX",NA,0.51167917,-79.18947658,560,"cacao regeneration","cacao regeneration late",2002,21,"camera_trap","cacao","Beak.Width",3.225
"750","CR04","SP04-ARL_220504_CR04_0053","09:33","09:33","Birds","Geotrygon_purpurata","","SP04-ARL_220504_CR04_0053-r0028","PREX",NA,0.51167917,-79.18947658,560,"cacao regeneration","cacao regeneration late",2002,21,"camera_trap","cacao","BodyMass",129
"751","CR04","SP04-ARL_220504_CR04_0053","09:33","09:33","Birds","Geotrygon_purpurata","","SP04-ARL_220504_CR04_0053-r0028","PREX",NA,0.51167917,-79.18947658,560,"cacao regeneration","cacao regeneration late",2002,21,"camera_trap","cacao","Hand.wing.Index",26.275
"752","CR04","SP04-ARL_220504_CR04_0053","09:33","09:33","Birds","Geotrygon_purpurata","","SP04-ARL_220504_CR04_0053-r0028","PREX",NA,0.51167917,-79.18947658,560,"cacao regeneration","cacao regeneration late",2002,21,"camera_trap","cacao","Kipps.Distance",35.225
"753","CR04","SP04-ARL_220504_CR04_0053","09:33","09:33","Birds","Geotrygon_purpurata","","SP04-ARL_220504_CR04_0053-r0028","PREX",NA,0.51167917,-79.18947658,560,"cacao regeneration","cacao regeneration late",2002,21,"camera_trap","cacao","Secondary1",99.025
"754","CR04","SP04-ARL_220504_CR04_0053","09:33","09:33","Birds","Geotrygon_purpurata","","SP04-ARL_220504_CR04_0053-r0028","PREX",NA,0.51167917,-79.18947658,560,"cacao regeneration","cacao regeneration late",2002,21,"camera_trap","cacao","Sex",NA
"755","CR04","SP04-ARL_220504_CR04_0053","09:33","09:33","Birds","Geotrygon_purpurata","","SP04-ARL_220504_CR04_0053-r0028","PREX",NA,0.51167917,-79.18947658,560,"cacao regeneration","cacao regeneration late",2002,21,"camera_trap","cacao","Tail.Length",64.95
"756","CR04","SP04-ARL_220504_CR04_0053","09:33","09:33","Birds","Geotrygon_purpurata","","SP04-ARL_220504_CR04_0053-r0028","PREX",NA,0.51167917,-79.18947658,560,"cacao regeneration","cacao regeneration late",2002,21,"camera_trap","cacao","Tarsus.Length",35.675
"757","CR04","SP04-ARL_220504_CR04_0053","09:33","09:33","Birds","Geotrygon_purpurata","","SP04-ARL_220504_CR04_0053-r0028","PREX",NA,0.51167917,-79.18947658,560,"cacao regeneration","cacao regeneration late",2002,21,"camera_trap","cacao","Wing.Length",134.25
"758","CR05","SP04-ARL_230325_CR05_0209","17:22","17:22","Birds","Arremon_aurantiirostris","","SP04-ARL_230325_CR05_0209-r0136","PREX",NA,0.51178371,-79.20359237,377,"cacao regeneration","cacao regeneration early",2011,12,"camera_trap","cacao","Age",NA
"759","CR05","SP04-ARL_230325_CR05_0209","17:22","17:22","Birds","Arremon_aurantiirostris","","SP04-ARL_230325_CR05_0209-r0136","PREX",NA,0.51178371,-79.20359237,377,"cacao regeneration","cacao regeneration early",2011,12,"camera_trap","cacao","Beak.Depth",8.52962962962963
"760","CR05","SP04-ARL_230325_CR05_0209","17:22","17:22","Birds","Arremon_aurantiirostris","","SP04-ARL_230325_CR05_0209-r0136","PREX",NA,0.51178371,-79.20359237,377,"cacao regeneration","cacao regeneration early",2011,12,"camera_trap","cacao","Beak.Length_Culmen",16
"761","CR05","SP04-ARL_230325_CR05_0209","17:22","17:22","Birds","Arremon_aurantiirostris","","SP04-ARL_230325_CR05_0209-r0136","PREX",NA,0.51178371,-79.20359237,377,"cacao regeneration","cacao regeneration early",2011,12,"camera_trap","cacao","Beak.Length_Nares",10.8923076923077
"762","CR05","SP04-ARL_230325_CR05_0209","17:22","17:22","Birds","Arremon_aurantiirostris","","SP04-ARL_230325_CR05_0209-r0136","PREX",NA,0.51178371,-79.20359237,377,"cacao regeneration","cacao regeneration early",2011,12,"camera_trap","cacao","Beak.Width",6.57407407407407
"763","CR05","SP04-ARL_230325_CR05_0209","17:22","17:22","Birds","Arremon_aurantiirostris","","SP04-ARL_230325_CR05_0209-r0136","PREX",NA,0.51178371,-79.20359237,377,"cacao regeneration","cacao regeneration early",2011,12,"camera_trap","cacao","BodyMass",34.5
"764","CR05","SP04-ARL_230325_CR05_0209","17:22","17:22","Birds","Arremon_aurantiirostris","","SP04-ARL_230325_CR05_0209-r0136","PREX",NA,0.51178371,-79.20359237,377,"cacao regeneration","cacao regeneration early",2011,12,"camera_trap","cacao","Hand.wing.Index",11.3076923076923
"765","CR05","SP04-ARL_230325_CR05_0209","17:22","17:22","Birds","Arremon_aurantiirostris","","SP04-ARL_230325_CR05_0209-r0136","PREX",NA,0.51178371,-79.20359237,377,"cacao regeneration","cacao regeneration early",2011,12,"camera_trap","cacao","Kipps.Distance",8.30769230769231
"766","CR05","SP04-ARL_230325_CR05_0209","17:22","17:22","Birds","Arremon_aurantiirostris","","SP04-ARL_230325_CR05_0209-r0136","PREX",NA,0.51178371,-79.20359237,377,"cacao regeneration","cacao regeneration early",2011,12,"camera_trap","cacao","Secondary1",65.1307692307692
"767","CR05","SP04-ARL_230325_CR05_0209","17:22","17:22","Birds","Arremon_aurantiirostris","","SP04-ARL_230325_CR05_0209-r0136","PREX",NA,0.51178371,-79.20359237,377,"cacao regeneration","cacao regeneration early",2011,12,"camera_trap","cacao","Sex",NA
"768","CR05","SP04-ARL_230325_CR05_0209","17:22","17:22","Birds","Arremon_aurantiirostris","","SP04-ARL_230325_CR05_0209-r0136","PREX",NA,0.51178371,-79.20359237,377,"cacao regeneration","cacao regeneration early",2011,12,"camera_trap","cacao","Tail.Length",66.3787878787879
"769","CR05","SP04-ARL_230325_CR05_0209","17:22","17:22","Birds","Arremon_aurantiirostris","","SP04-ARL_230325_CR05_0209-r0136","PREX",NA,0.51178371,-79.20359237,377,"cacao regeneration","cacao regeneration early",2011,12,"camera_trap","cacao","Tarsus.Length",25.469696969697
"770","CR05","SP04-ARL_230325_CR05_0209","17:22","17:22","Birds","Arremon_aurantiirostris","","SP04-ARL_230325_CR05_0209-r0136","PREX",NA,0.51178371,-79.20359237,377,"cacao regeneration","cacao regeneration early",2011,12,"camera_trap","cacao","Wing.Length",72.7333333333333
"771","CR05","SP04-ARL_230326_CR05_0210","05:52","05:52","Chiroptera","","impossible to identify","SP04-ARL_230326_CR05_0210-r0137","PREX",NA,0.51178371,-79.20359237,377,"cacao regeneration","cacao regeneration early",2011,12,"camera_trap","cacao",NA,NA
"772","CR05","SP04-ARL_230327_CR05_0211","02:15","02:15","Rodentia","Proechimys_semispinosus","","SP04-ARL_230327_CR05_0211-r0138","PREX",NA,0.51178371,-79.20359237,377,"cacao regeneration","cacao regeneration early",2011,12,"camera_trap","cacao","BodyMass",360.5
"773","CR05","SP04-ARL_230327_CR05_0211","02:15","02:15","Rodentia","Proechimys_semispinosus","","SP04-ARL_230327_CR05_0211-r0138","PREX",NA,0.51178371,-79.20359237,377,"cacao regeneration","cacao regeneration early",2011,12,"camera_trap","cacao","Sex",NA
"774","CR05","SP04-ARL_230327_CR05_0211","02:15","02:15","Rodentia","Proechimys_semispinosus","","SP04-ARL_230327_CR05_0211-r0138","PREX",NA,0.51178371,-79.20359237,377,"cacao regeneration","cacao regeneration early",2011,12,"camera_trap","cacao","acrossincisortipsBreadth",7.283
"775","CR05","SP04-ARL_230327_CR05_0211","02:15","02:15","Rodentia","Proechimys_semispinosus","","SP04-ARL_230327_CR05_0211-r0138","PREX",NA,0.51178371,-79.20359237,377,"cacao regeneration","cacao regeneration early",2011,12,"camera_trap","cacao","condylobasalLength",44.546
"776","CR05","SP04-ARL_230327_CR05_0211","02:15","02:15","Rodentia","Proechimys_semispinosus","","SP04-ARL_230327_CR05_0211-r0138","PREX",NA,0.51178371,-79.20359237,377,"cacao regeneration","cacao regeneration early",2011,12,"camera_trap","cacao","earLength",15.0225
"777","CR05","SP04-ARL_230327_CR05_0211","02:15","02:15","Rodentia","Proechimys_semispinosus","","SP04-ARL_230327_CR05_0211-r0138","PREX",NA,0.51178371,-79.20359237,377,"cacao regeneration","cacao regeneration early",2011,12,"camera_trap","cacao","forefootLength",18.13
"778","CR05","SP04-ARL_230327_CR05_0211","02:15","02:15","Rodentia","Proechimys_semispinosus","","SP04-ARL_230327_CR05_0211-r0138","PREX",NA,0.51178371,-79.20359237,377,"cacao regeneration","cacao regeneration early",2011,12,"camera_trap","cacao","forefootWidth",6.8325
"779","CR05","SP04-ARL_230327_CR05_0211","02:15","02:15","Rodentia","Proechimys_semispinosus","","SP04-ARL_230327_CR05_0211-r0138","PREX",NA,0.51178371,-79.20359237,377,"cacao regeneration","cacao regeneration early",2011,12,"camera_trap","cacao","forefootclawLength",3.08
"780","CR05","SP04-ARL_230327_CR05_0211","02:15","02:15","Rodentia","Proechimys_semispinosus","","SP04-ARL_230327_CR05_0211-r0138","PREX",NA,0.51178371,-79.20359237,377,"cacao regeneration","cacao regeneration early",2011,12,"camera_trap","cacao","headandbodyLength",209.8225
"781","CR05","SP04-ARL_230327_CR05_0211","02:15","02:15","Rodentia","Proechimys_semispinosus","","SP04-ARL_230327_CR05_0211-r0138","PREX",NA,0.51178371,-79.20359237,377,"cacao regeneration","cacao regeneration early",2011,12,"camera_trap","cacao","hindfootLength",44.63
"782","CR05","SP04-ARL_230327_CR05_0211","02:15","02:15","Rodentia","Proechimys_semispinosus","","SP04-ARL_230327_CR05_0211-r0138","PREX",NA,0.51178371,-79.20359237,377,"cacao regeneration","cacao regeneration early",2011,12,"camera_trap","cacao","hindfootWidth",9.2
"783","CR05","SP04-ARL_230327_CR05_0211","02:15","02:15","Rodentia","Proechimys_semispinosus","","SP04-ARL_230327_CR05_0211-r0138","PREX",NA,0.51178371,-79.20359237,377,"cacao regeneration","cacao regeneration early",2011,12,"camera_trap","cacao","mandibleDiagonal",22.782
"784","CR05","SP04-ARL_230327_CR05_0211","02:15","02:15","Rodentia","Proechimys_semispinosus","","SP04-ARL_230327_CR05_0211-r0138","PREX",NA,0.51178371,-79.20359237,377,"cacao regeneration","cacao regeneration early",2011,12,"camera_trap","cacao","mandibleLength",22.9
"785","CR05","SP04-ARL_230327_CR05_0211","02:15","02:15","Rodentia","Proechimys_semispinosus","","SP04-ARL_230327_CR05_0211-r0138","PREX",NA,0.51178371,-79.20359237,377,"cacao regeneration","cacao regeneration early",2011,12,"camera_trap","cacao","mandibleWidth",26.8021428571429
"786","CR05","SP04-ARL_230327_CR05_0211","02:15","02:15","Rodentia","Proechimys_semispinosus","","SP04-ARL_230327_CR05_0211-r0138","PREX",NA,0.51178371,-79.20359237,377,"cacao regeneration","cacao regeneration early",2011,12,"camera_trap","cacao","mandibularcorpusHeight",11.66
"787","CR05","SP04-ARL_230327_CR05_0211","02:15","02:15","Rodentia","Proechimys_semispinosus","","SP04-ARL_230327_CR05_0211-r0138","PREX",NA,0.51178371,-79.20359237,377,"cacao regeneration","cacao regeneration early",2011,12,"camera_trap","cacao","maxillarytoothrowAlveolarlength",12.98
"788","CR05","SP04-ARL_230327_CR05_0211","02:15","02:15","Rodentia","Proechimys_semispinosus","","SP04-ARL_230327_CR05_0211-r0138","PREX",NA,0.51178371,-79.20359237,377,"cacao regeneration","cacao regeneration early",2011,12,"camera_trap","cacao","rostrumLength",23.417
"789","CR05","SP04-ARL_230327_CR05_0211","02:15","02:15","Rodentia","Proechimys_semispinosus","","SP04-ARL_230327_CR05_0211-r0138","PREX",NA,0.51178371,-79.20359237,377,"cacao regeneration","cacao regeneration early",2011,12,"camera_trap","cacao","tailLength",60.87
"790","CR05","SP04-ARL_230327_CR05_0211","02:15","02:15","Rodentia","Proechimys_semispinosus","","SP04-ARL_230327_CR05_0211-r0138","PREX",NA,0.51178371,-79.20359237,377,"cacao regeneration","cacao regeneration early",2011,12,"camera_trap","cacao","vibrissaeLength",63.0425
"791","CR05","SP04-ARL_230327_CR05_0211","02:15","02:15","Rodentia","Proechimys_semispinosus","","SP04-ARL_230327_CR05_0211-r0138","PREX",NA,0.51178371,-79.20359237,377,"cacao regeneration","cacao regeneration early",2011,12,"camera_trap","cacao","zygomaticBreadth",29.363
"792","CR05","SP04-ARL_230327_CR05_0211","03:52","03:52","Rodentia","Proechimys_semispinosus","","SP04-ARL_230327_CR05_0211-r0139","PREX",NA,0.51178371,-79.20359237,377,"cacao regeneration","cacao regeneration early",2011,12,"camera_trap","cacao","BodyMass",360.5
"793","CR05","SP04-ARL_230327_CR05_0211","03:52","03:52","Rodentia","Proechimys_semispinosus","","SP04-ARL_230327_CR05_0211-r0139","PREX",NA,0.51178371,-79.20359237,377,"cacao regeneration","cacao regeneration early",2011,12,"camera_trap","cacao","Sex",NA
"794","CR05","SP04-ARL_230327_CR05_0211","03:52","03:52","Rodentia","Proechimys_semispinosus","","SP04-ARL_230327_CR05_0211-r0139","PREX",NA,0.51178371,-79.20359237,377,"cacao regeneration","cacao regeneration early",2011,12,"camera_trap","cacao","acrossincisortipsBreadth",7.283
"795","CR05","SP04-ARL_230327_CR05_0211","03:52","03:52","Rodentia","Proechimys_semispinosus","","SP04-ARL_230327_CR05_0211-r0139","PREX",NA,0.51178371,-79.20359237,377,"cacao regeneration","cacao regeneration early",2011,12,"camera_trap","cacao","condylobasalLength",44.546
"796","CR05","SP04-ARL_230327_CR05_0211","03:52","03:52","Rodentia","Proechimys_semispinosus","","SP04-ARL_230327_CR05_0211-r0139","PREX",NA,0.51178371,-79.20359237,377,"cacao regeneration","cacao regeneration early",2011,12,"camera_trap","cacao","earLength",15.0225
"797","CR05","SP04-ARL_230327_CR05_0211","03:52","03:52","Rodentia","Proechimys_semispinosus","","SP04-ARL_230327_CR05_0211-r0139","PREX",NA,0.51178371,-79.20359237,377,"cacao regeneration","cacao regeneration early",2011,12,"camera_trap","cacao","forefootLength",18.13
"798","CR05","SP04-ARL_230327_CR05_0211","03:52","03:52","Rodentia","Proechimys_semispinosus","","SP04-ARL_230327_CR05_0211-r0139","PREX",NA,0.51178371,-79.20359237,377,"cacao regeneration","cacao regeneration early",2011,12,"camera_trap","cacao","forefootWidth",6.8325
"799","CR05","SP04-ARL_230327_CR05_0211","03:52","03:52","Rodentia","Proechimys_semispinosus","","SP04-ARL_230327_CR05_0211-r0139","PREX",NA,0.51178371,-79.20359237,377,"cacao regeneration","cacao regeneration early",2011,12,"camera_trap","cacao","forefootclawLength",3.08
"800","CR05","SP04-ARL_230327_CR05_0211","03:52","03:52","Rodentia","Proechimys_semispinosus","","SP04-ARL_230327_CR05_0211-r0139","PREX",NA,0.51178371,-79.20359237,377,"cacao regeneration","cacao regeneration early",2011,12,"camera_trap","cacao","headandbodyLength",209.8225
"801","CR05","SP04-ARL_230327_CR05_0211","03:52","03:52","Rodentia","Proechimys_semispinosus","","SP04-ARL_230327_CR05_0211-r0139","PREX",NA,0.51178371,-79.20359237,377,"cacao regeneration","cacao regeneration early",2011,12,"camera_trap","cacao","hindfootLength",44.63
"802","CR05","SP04-ARL_230327_CR05_0211","03:52","03:52","Rodentia","Proechimys_semispinosus","","SP04-ARL_230327_CR05_0211-r0139","PREX",NA,0.51178371,-79.20359237,377,"cacao regeneration","cacao regeneration early",2011,12,"camera_trap","cacao","hindfootWidth",9.2
"803","CR05","SP04-ARL_230327_CR05_0211","03:52","03:52","Rodentia","Proechimys_semispinosus","","SP04-ARL_230327_CR05_0211-r0139","PREX",NA,0.51178371,-79.20359237,377,"cacao regeneration","cacao regeneration early",2011,12,"camera_trap","cacao","mandibleDiagonal",22.782
"804","CR05","SP04-ARL_230327_CR05_0211","03:52","03:52","Rodentia","Proechimys_semispinosus","","SP04-ARL_230327_CR05_0211-r0139","PREX",NA,0.51178371,-79.20359237,377,"cacao regeneration","cacao regeneration early",2011,12,"camera_trap","cacao","mandibleLength",22.9
"805","CR05","SP04-ARL_230327_CR05_0211","03:52","03:52","Rodentia","Proechimys_semispinosus","","SP04-ARL_230327_CR05_0211-r0139","PREX",NA,0.51178371,-79.20359237,377,"cacao regeneration","cacao regeneration early",2011,12,"camera_trap","cacao","mandibleWidth",26.8021428571429
"806","CR05","SP04-ARL_230327_CR05_0211","03:52","03:52","Rodentia","Proechimys_semispinosus","","SP04-ARL_230327_CR05_0211-r0139","PREX",NA,0.51178371,-79.20359237,377,"cacao regeneration","cacao regeneration early",2011,12,"camera_trap","cacao","mandibularcorpusHeight",11.66
"807","CR05","SP04-ARL_230327_CR05_0211","03:52","03:52","Rodentia","Proechimys_semispinosus","","SP04-ARL_230327_CR05_0211-r0139","PREX",NA,0.51178371,-79.20359237,377,"cacao regeneration","cacao regeneration early",2011,12,"camera_trap","cacao","maxillarytoothrowAlveolarlength",12.98
"808","CR05","SP04-ARL_230327_CR05_0211","03:52","03:52","Rodentia","Proechimys_semispinosus","","SP04-ARL_230327_CR05_0211-r0139","PREX",NA,0.51178371,-79.20359237,377,"cacao regeneration","cacao regeneration early",2011,12,"camera_trap","cacao","rostrumLength",23.417
"809","CR05","SP04-ARL_230327_CR05_0211","03:52","03:52","Rodentia","Proechimys_semispinosus","","SP04-ARL_230327_CR05_0211-r0139","PREX",NA,0.51178371,-79.20359237,377,"cacao regeneration","cacao regeneration early",2011,12,"camera_trap","cacao","tailLength",60.87
"810","CR05","SP04-ARL_230327_CR05_0211","03:52","03:52","Rodentia","Proechimys_semispinosus","","SP04-ARL_230327_CR05_0211-r0139","PREX",NA,0.51178371,-79.20359237,377,"cacao regeneration","cacao regeneration early",2011,12,"camera_trap","cacao","vibrissaeLength",63.0425
"811","CR05","SP04-ARL_230327_CR05_0211","03:52","03:52","Rodentia","Proechimys_semispinosus","","SP04-ARL_230327_CR05_0211-r0139","PREX",NA,0.51178371,-79.20359237,377,"cacao regeneration","cacao regeneration early",2011,12,"camera_trap","cacao","zygomaticBreadth",29.363
"812","CR05","SP04-ARL_230328_CR05_0212","12:40","12:41","Birds","Arremon_aurantiirostris","","SP04-ARL_230328_CR05_0212-r0140","PREX",NA,0.51178371,-79.20359237,377,"cacao regeneration","cacao regeneration early",2011,12,"camera_trap","cacao","Age",NA
"813","CR05","SP04-ARL_230328_CR05_0212","12:40","12:41","Birds","Arremon_aurantiirostris","","SP04-ARL_230328_CR05_0212-r0140","PREX",NA,0.51178371,-79.20359237,377,"cacao regeneration","cacao regeneration early",2011,12,"camera_trap","cacao","Beak.Depth",8.52962962962963
"814","CR05","SP04-ARL_230328_CR05_0212","12:40","12:41","Birds","Arremon_aurantiirostris","","SP04-ARL_230328_CR05_0212-r0140","PREX",NA,0.51178371,-79.20359237,377,"cacao regeneration","cacao regeneration early",2011,12,"camera_trap","cacao","Beak.Length_Culmen",16
"815","CR05","SP04-ARL_230328_CR05_0212","12:40","12:41","Birds","Arremon_aurantiirostris","","SP04-ARL_230328_CR05_0212-r0140","PREX",NA,0.51178371,-79.20359237,377,"cacao regeneration","cacao regeneration early",2011,12,"camera_trap","cacao","Beak.Length_Nares",10.8923076923077
"816","CR05","SP04-ARL_230328_CR05_0212","12:40","12:41","Birds","Arremon_aurantiirostris","","SP04-ARL_230328_CR05_0212-r0140","PREX",NA,0.51178371,-79.20359237,377,"cacao regeneration","cacao regeneration early",2011,12,"camera_trap","cacao","Beak.Width",6.57407407407407
"817","CR05","SP04-ARL_230328_CR05_0212","12:40","12:41","Birds","Arremon_aurantiirostris","","SP04-ARL_230328_CR05_0212-r0140","PREX",NA,0.51178371,-79.20359237,377,"cacao regeneration","cacao regeneration early",2011,12,"camera_trap","cacao","BodyMass",34.5
"818","CR05","SP04-ARL_230328_CR05_0212","12:40","12:41","Birds","Arremon_aurantiirostris","","SP04-ARL_230328_CR05_0212-r0140","PREX",NA,0.51178371,-79.20359237,377,"cacao regeneration","cacao regeneration early",2011,12,"camera_trap","cacao","Hand.wing.Index",11.3076923076923
"819","CR05","SP04-ARL_230328_CR05_0212","12:40","12:41","Birds","Arremon_aurantiirostris","","SP04-ARL_230328_CR05_0212-r0140","PREX",NA,0.51178371,-79.20359237,377,"cacao regeneration","cacao regeneration early",2011,12,"camera_trap","cacao","Kipps.Distance",8.30769230769231
"820","CR05","SP04-ARL_230328_CR05_0212","12:40","12:41","Birds","Arremon_aurantiirostris","","SP04-ARL_230328_CR05_0212-r0140","PREX",NA,0.51178371,-79.20359237,377,"cacao regeneration","cacao regeneration early",2011,12,"camera_trap","cacao","Secondary1",65.1307692307692
"821","CR05","SP04-ARL_230328_CR05_0212","12:40","12:41","Birds","Arremon_aurantiirostris","","SP04-ARL_230328_CR05_0212-r0140","PREX",NA,0.51178371,-79.20359237,377,"cacao regeneration","cacao regeneration early",2011,12,"camera_trap","cacao","Sex",NA
"822","CR05","SP04-ARL_230328_CR05_0212","12:40","12:41","Birds","Arremon_aurantiirostris","","SP04-ARL_230328_CR05_0212-r0140","PREX",NA,0.51178371,-79.20359237,377,"cacao regeneration","cacao regeneration early",2011,12,"camera_trap","cacao","Tail.Length",66.3787878787879
"823","CR05","SP04-ARL_230328_CR05_0212","12:40","12:41","Birds","Arremon_aurantiirostris","","SP04-ARL_230328_CR05_0212-r0140","PREX",NA,0.51178371,-79.20359237,377,"cacao regeneration","cacao regeneration early",2011,12,"camera_trap","cacao","Tarsus.Length",25.469696969697
"824","CR05","SP04-ARL_230328_CR05_0212","12:40","12:41","Birds","Arremon_aurantiirostris","","SP04-ARL_230328_CR05_0212-r0140","PREX",NA,0.51178371,-79.20359237,377,"cacao regeneration","cacao regeneration early",2011,12,"camera_trap","cacao","Wing.Length",72.7333333333333
"825","CR05","SP04-ARL_230328_CR05_0212","17:57","17:57","Birds","Baryphthengus_martii","","SP04-ARL_230328_CR05_0212-r0141","PREX",NA,0.51178371,-79.20359237,377,"cacao regeneration","cacao regeneration early",2011,12,"camera_trap","cacao","Age",NA
"826","CR05","SP04-ARL_230328_CR05_0212","17:57","17:57","Birds","Baryphthengus_martii","","SP04-ARL_230328_CR05_0212-r0141","PREX",NA,0.51178371,-79.20359237,377,"cacao regeneration","cacao regeneration early",2011,12,"camera_trap","cacao","Beak.Depth",14.0333333333333
"827","CR05","SP04-ARL_230328_CR05_0212","17:57","17:57","Birds","Baryphthengus_martii","","SP04-ARL_230328_CR05_0212-r0141","PREX",NA,0.51178371,-79.20359237,377,"cacao regeneration","cacao regeneration early",2011,12,"camera_trap","cacao","Beak.Length_Culmen",49.3071428571429
"828","CR05","SP04-ARL_230328_CR05_0212","17:57","17:57","Birds","Baryphthengus_martii","","SP04-ARL_230328_CR05_0212-r0141","PREX",NA,0.51178371,-79.20359237,377,"cacao regeneration","cacao regeneration early",2011,12,"camera_trap","cacao","Beak.Length_Nares",33.4647058823529
"829","CR05","SP04-ARL_230328_CR05_0212","17:57","17:57","Birds","Baryphthengus_martii","","SP04-ARL_230328_CR05_0212-r0141","PREX",NA,0.51178371,-79.20359237,377,"cacao regeneration","cacao regeneration early",2011,12,"camera_trap","cacao","Beak.Width",11.652380952381
"830","CR05","SP04-ARL_230328_CR05_0212","17:57","17:57","Birds","Baryphthengus_martii","","SP04-ARL_230328_CR05_0212-r0141","PREX",NA,0.51178371,-79.20359237,377,"cacao regeneration","cacao regeneration early",2011,12,"camera_trap","cacao","BodyMass",165
"831","CR05","SP04-ARL_230328_CR05_0212","17:57","17:57","Birds","Baryphthengus_martii","","SP04-ARL_230328_CR05_0212-r0141","PREX",NA,0.51178371,-79.20359237,377,"cacao regeneration","cacao regeneration early",2011,12,"camera_trap","cacao","Hand.wing.Index",16.1125
"832","CR05","SP04-ARL_230328_CR05_0212","17:57","17:57","Birds","Baryphthengus_martii","","SP04-ARL_230328_CR05_0212-r0141","PREX",NA,0.51178371,-79.20359237,377,"cacao regeneration","cacao regeneration early",2011,12,"camera_trap","cacao","Kipps.Distance",24.325
"833","CR05","SP04-ARL_230328_CR05_0212","17:57","17:57","Birds","Baryphthengus_martii","","SP04-ARL_230328_CR05_0212-r0141","PREX",NA,0.51178371,-79.20359237,377,"cacao regeneration","cacao regeneration early",2011,12,"camera_trap","cacao","Secondary1",126.55
"834","CR05","SP04-ARL_230328_CR05_0212","17:57","17:57","Birds","Baryphthengus_martii","","SP04-ARL_230328_CR05_0212-r0141","PREX",NA,0.51178371,-79.20359237,377,"cacao regeneration","cacao regeneration early",2011,12,"camera_trap","cacao","Sex",NA
"835","CR05","SP04-ARL_230328_CR05_0212","17:57","17:57","Birds","Baryphthengus_martii","","SP04-ARL_230328_CR05_0212-r0141","PREX",NA,0.51178371,-79.20359237,377,"cacao regeneration","cacao regeneration early",2011,12,"camera_trap","cacao","Tail.Length",250.8
"836","CR05","SP04-ARL_230328_CR05_0212","17:57","17:57","Birds","Baryphthengus_martii","","SP04-ARL_230328_CR05_0212-r0141","PREX",NA,0.51178371,-79.20359237,377,"cacao regeneration","cacao regeneration early",2011,12,"camera_trap","cacao","Tarsus.Length",32.5590909090909
"837","CR05","SP04-ARL_230328_CR05_0212","17:57","17:57","Birds","Baryphthengus_martii","","SP04-ARL_230328_CR05_0212-r0141","PREX",NA,0.51178371,-79.20359237,377,"cacao regeneration","cacao regeneration early",2011,12,"camera_trap","cacao","Wing.Length",150.681818181818
"838","CR05","SP04-ARL_230329_CR05_0213","09:43","09:43","Birds","Arremon_aurantiirostris","","SP04-ARL_230329_CR05_0213-r0142","PREX",NA,0.51178371,-79.20359237,377,"cacao regeneration","cacao regeneration early",2011,12,"camera_trap","cacao","Age",NA
"839","CR05","SP04-ARL_230329_CR05_0213","09:43","09:43","Birds","Arremon_aurantiirostris","","SP04-ARL_230329_CR05_0213-r0142","PREX",NA,0.51178371,-79.20359237,377,"cacao regeneration","cacao regeneration early",2011,12,"camera_trap","cacao","Beak.Depth",8.52962962962963
"840","CR05","SP04-ARL_230329_CR05_0213","09:43","09:43","Birds","Arremon_aurantiirostris","","SP04-ARL_230329_CR05_0213-r0142","PREX",NA,0.51178371,-79.20359237,377,"cacao regeneration","cacao regeneration early",2011,12,"camera_trap","cacao","Beak.Length_Culmen",16
"841","CR05","SP04-ARL_230329_CR05_0213","09:43","09:43","Birds","Arremon_aurantiirostris","","SP04-ARL_230329_CR05_0213-r0142","PREX",NA,0.51178371,-79.20359237,377,"cacao regeneration","cacao regeneration early",2011,12,"camera_trap","cacao","Beak.Length_Nares",10.8923076923077
"842","CR05","SP04-ARL_230329_CR05_0213","09:43","09:43","Birds","Arremon_aurantiirostris","","SP04-ARL_230329_CR05_0213-r0142","PREX",NA,0.51178371,-79.20359237,377,"cacao regeneration","cacao regeneration early",2011,12,"camera_trap","cacao","Beak.Width",6.57407407407407
"843","CR05","SP04-ARL_230329_CR05_0213","09:43","09:43","Birds","Arremon_aurantiirostris","","SP04-ARL_230329_CR05_0213-r0142","PREX",NA,0.51178371,-79.20359237,377,"cacao regeneration","cacao regeneration early",2011,12,"camera_trap","cacao","BodyMass",34.5
"844","CR05","SP04-ARL_230329_CR05_0213","09:43","09:43","Birds","Arremon_aurantiirostris","","SP04-ARL_230329_CR05_0213-r0142","PREX",NA,0.51178371,-79.20359237,377,"cacao regeneration","cacao regeneration early",2011,12,"camera_trap","cacao","Hand.wing.Index",11.3076923076923
"845","CR05","SP04-ARL_230329_CR05_0213","09:43","09:43","Birds","Arremon_aurantiirostris","","SP04-ARL_230329_CR05_0213-r0142","PREX",NA,0.51178371,-79.20359237,377,"cacao regeneration","cacao regeneration early",2011,12,"camera_trap","cacao","Kipps.Distance",8.30769230769231
"846","CR05","SP04-ARL_230329_CR05_0213","09:43","09:43","Birds","Arremon_aurantiirostris","","SP04-ARL_230329_CR05_0213-r0142","PREX",NA,0.51178371,-79.20359237,377,"cacao regeneration","cacao regeneration early",2011,12,"camera_trap","cacao","Secondary1",65.1307692307692
"847","CR05","SP04-ARL_230329_CR05_0213","09:43","09:43","Birds","Arremon_aurantiirostris","","SP04-ARL_230329_CR05_0213-r0142","PREX",NA,0.51178371,-79.20359237,377,"cacao regeneration","cacao regeneration early",2011,12,"camera_trap","cacao","Sex",NA
"848","CR05","SP04-ARL_230329_CR05_0213","09:43","09:43","Birds","Arremon_aurantiirostris","","SP04-ARL_230329_CR05_0213-r0142","PREX",NA,0.51178371,-79.20359237,377,"cacao regeneration","cacao regeneration early",2011,12,"camera_trap","cacao","Tail.Length",66.3787878787879
"849","CR05","SP04-ARL_230329_CR05_0213","09:43","09:43","Birds","Arremon_aurantiirostris","","SP04-ARL_230329_CR05_0213-r0142","PREX",NA,0.51178371,-79.20359237,377,"cacao regeneration","cacao regeneration early",2011,12,"camera_trap","cacao","Tarsus.Length",25.469696969697
"850","CR05","SP04-ARL_230329_CR05_0213","09:43","09:43","Birds","Arremon_aurantiirostris","","SP04-ARL_230329_CR05_0213-r0142","PREX",NA,0.51178371,-79.20359237,377,"cacao regeneration","cacao regeneration early",2011,12,"camera_trap","cacao","Wing.Length",72.7333333333333
"851","CR05","SP04-ARL_230329_CR05_0213","10:27","10:27","Birds","Arremon_aurantiirostris","","SP04-ARL_230329_CR05_0213-r0143","PREX",NA,0.51178371,-79.20359237,377,"cacao regeneration","cacao regeneration early",2011,12,"camera_trap","cacao","Age",NA
"852","CR05","SP04-ARL_230329_CR05_0213","10:27","10:27","Birds","Arremon_aurantiirostris","","SP04-ARL_230329_CR05_0213-r0143","PREX",NA,0.51178371,-79.20359237,377,"cacao regeneration","cacao regeneration early",2011,12,"camera_trap","cacao","Beak.Depth",8.52962962962963
"853","CR05","SP04-ARL_230329_CR05_0213","10:27","10:27","Birds","Arremon_aurantiirostris","","SP04-ARL_230329_CR05_0213-r0143","PREX",NA,0.51178371,-79.20359237,377,"cacao regeneration","cacao regeneration early",2011,12,"camera_trap","cacao","Beak.Length_Culmen",16
"854","CR05","SP04-ARL_230329_CR05_0213","10:27","10:27","Birds","Arremon_aurantiirostris","","SP04-ARL_230329_CR05_0213-r0143","PREX",NA,0.51178371,-79.20359237,377,"cacao regeneration","cacao regeneration early",2011,12,"camera_trap","cacao","Beak.Length_Nares",10.8923076923077
"855","CR05","SP04-ARL_230329_CR05_0213","10:27","10:27","Birds","Arremon_aurantiirostris","","SP04-ARL_230329_CR05_0213-r0143","PREX",NA,0.51178371,-79.20359237,377,"cacao regeneration","cacao regeneration early",2011,12,"camera_trap","cacao","Beak.Width",6.57407407407407
"856","CR05","SP04-ARL_230329_CR05_0213","10:27","10:27","Birds","Arremon_aurantiirostris","","SP04-ARL_230329_CR05_0213-r0143","PREX",NA,0.51178371,-79.20359237,377,"cacao regeneration","cacao regeneration early",2011,12,"camera_trap","cacao","BodyMass",34.5
"857","CR05","SP04-ARL_230329_CR05_0213","10:27","10:27","Birds","Arremon_aurantiirostris","","SP04-ARL_230329_CR05_0213-r0143","PREX",NA,0.51178371,-79.20359237,377,"cacao regeneration","cacao regeneration early",2011,12,"camera_trap","cacao","Hand.wing.Index",11.3076923076923
"858","CR05","SP04-ARL_230329_CR05_0213","10:27","10:27","Birds","Arremon_aurantiirostris","","SP04-ARL_230329_CR05_0213-r0143","PREX",NA,0.51178371,-79.20359237,377,"cacao regeneration","cacao regeneration early",2011,12,"camera_trap","cacao","Kipps.Distance",8.30769230769231
"859","CR05","SP04-ARL_230329_CR05_0213","10:27","10:27","Birds","Arremon_aurantiirostris","","SP04-ARL_230329_CR05_0213-r0143","PREX",NA,0.51178371,-79.20359237,377,"cacao regeneration","cacao regeneration early",2011,12,"camera_trap","cacao","Secondary1",65.1307692307692
"860","CR05","SP04-ARL_230329_CR05_0213","10:27","10:27","Birds","Arremon_aurantiirostris","","SP04-ARL_230329_CR05_0213-r0143","PREX",NA,0.51178371,-79.20359237,377,"cacao regeneration","cacao regeneration early",2011,12,"camera_trap","cacao","Sex",NA
"861","CR05","SP04-ARL_230329_CR05_0213","10:27","10:27","Birds","Arremon_aurantiirostris","","SP04-ARL_230329_CR05_0213-r0143","PREX",NA,0.51178371,-79.20359237,377,"cacao regeneration","cacao regeneration early",2011,12,"camera_trap","cacao","Tail.Length",66.3787878787879
"862","CR05","SP04-ARL_230329_CR05_0213","10:27","10:27","Birds","Arremon_aurantiirostris","","SP04-ARL_230329_CR05_0213-r0143","PREX",NA,0.51178371,-79.20359237,377,"cacao regeneration","cacao regeneration early",2011,12,"camera_trap","cacao","Tarsus.Length",25.469696969697
"863","CR05","SP04-ARL_230329_CR05_0213","10:27","10:27","Birds","Arremon_aurantiirostris","","SP04-ARL_230329_CR05_0213-r0143","PREX",NA,0.51178371,-79.20359237,377,"cacao regeneration","cacao regeneration early",2011,12,"camera_trap","cacao","Wing.Length",72.7333333333333
"864","CR05","SP04-ARL_230330_CR05_0214","08:38","08:38","Birds","Arremon_aurantiirostris","","SP04-ARL_230330_CR05_0214-r0144","PREX",NA,0.51178371,-79.20359237,377,"cacao regeneration","cacao regeneration early",2011,12,"camera_trap","cacao","Age",NA
"865","CR05","SP04-ARL_230330_CR05_0214","08:38","08:38","Birds","Arremon_aurantiirostris","","SP04-ARL_230330_CR05_0214-r0144","PREX",NA,0.51178371,-79.20359237,377,"cacao regeneration","cacao regeneration early",2011,12,"camera_trap","cacao","Beak.Depth",8.52962962962963
"866","CR05","SP04-ARL_230330_CR05_0214","08:38","08:38","Birds","Arremon_aurantiirostris","","SP04-ARL_230330_CR05_0214-r0144","PREX",NA,0.51178371,-79.20359237,377,"cacao regeneration","cacao regeneration early",2011,12,"camera_trap","cacao","Beak.Length_Culmen",16
"867","CR05","SP04-ARL_230330_CR05_0214","08:38","08:38","Birds","Arremon_aurantiirostris","","SP04-ARL_230330_CR05_0214-r0144","PREX",NA,0.51178371,-79.20359237,377,"cacao regeneration","cacao regeneration early",2011,12,"camera_trap","cacao","Beak.Length_Nares",10.8923076923077
"868","CR05","SP04-ARL_230330_CR05_0214","08:38","08:38","Birds","Arremon_aurantiirostris","","SP04-ARL_230330_CR05_0214-r0144","PREX",NA,0.51178371,-79.20359237,377,"cacao regeneration","cacao regeneration early",2011,12,"camera_trap","cacao","Beak.Width",6.57407407407407
"869","CR05","SP04-ARL_230330_CR05_0214","08:38","08:38","Birds","Arremon_aurantiirostris","","SP04-ARL_230330_CR05_0214-r0144","PREX",NA,0.51178371,-79.20359237,377,"cacao regeneration","cacao regeneration early",2011,12,"camera_trap","cacao","BodyMass",34.5
"870","CR05","SP04-ARL_230330_CR05_0214","08:38","08:38","Birds","Arremon_aurantiirostris","","SP04-ARL_230330_CR05_0214-r0144","PREX",NA,0.51178371,-79.20359237,377,"cacao regeneration","cacao regeneration early",2011,12,"camera_trap","cacao","Hand.wing.Index",11.3076923076923
"871","CR05","SP04-ARL_230330_CR05_0214","08:38","08:38","Birds","Arremon_aurantiirostris","","SP04-ARL_230330_CR05_0214-r0144","PREX",NA,0.51178371,-79.20359237,377,"cacao regeneration","cacao regeneration early",2011,12,"camera_trap","cacao","Kipps.Distance",8.30769230769231
"872","CR05","SP04-ARL_230330_CR05_0214","08:38","08:38","Birds","Arremon_aurantiirostris","","SP04-ARL_230330_CR05_0214-r0144","PREX",NA,0.51178371,-79.20359237,377,"cacao regeneration","cacao regeneration early",2011,12,"camera_trap","cacao","Secondary1",65.1307692307692
"873","CR05","SP04-ARL_230330_CR05_0214","08:38","08:38","Birds","Arremon_aurantiirostris","","SP04-ARL_230330_CR05_0214-r0144","PREX",NA,0.51178371,-79.20359237,377,"cacao regeneration","cacao regeneration early",2011,12,"camera_trap","cacao","Sex",NA
"874","CR05","SP04-ARL_230330_CR05_0214","08:38","08:38","Birds","Arremon_aurantiirostris","","SP04-ARL_230330_CR05_0214-r0144","PREX",NA,0.51178371,-79.20359237,377,"cacao regeneration","cacao regeneration early",2011,12,"camera_trap","cacao","Tail.Length",66.3787878787879
"875","CR05","SP04-ARL_230330_CR05_0214","08:38","08:38","Birds","Arremon_aurantiirostris","","SP04-ARL_230330_CR05_0214-r0144","PREX",NA,0.51178371,-79.20359237,377,"cacao regeneration","cacao regeneration early",2011,12,"camera_trap","cacao","Tarsus.Length",25.469696969697
"876","CR05","SP04-ARL_230330_CR05_0214","08:38","08:38","Birds","Arremon_aurantiirostris","","SP04-ARL_230330_CR05_0214-r0144","PREX",NA,0.51178371,-79.20359237,377,"cacao regeneration","cacao regeneration early",2011,12,"camera_trap","cacao","Wing.Length",72.7333333333333
"877","CR06","SP04-ARL_220405_CR06_0017","01:53","01:54","Rodentia","Cuniculus_paca","","SP04-ARL_220405_CR06_0017-r0004","PREX",NA,0.5206616,-79.21083174,397,"cacao regeneration","cacao regeneration late",1990,33,"camera_trap","cacao","BodyMass",8172.55
"878","CR06","SP04-ARL_220405_CR06_0017","01:53","01:54","Rodentia","Cuniculus_paca","","SP04-ARL_220405_CR06_0017-r0004","PREX",NA,0.5206616,-79.21083174,397,"cacao regeneration","cacao regeneration late",1990,33,"camera_trap","cacao","Sex",NA
"879","CR06","SP04-ARL_220405_CR06_0017","01:53","01:54","Rodentia","Cuniculus_paca","","SP04-ARL_220405_CR06_0017-r0004","PREX",NA,0.5206616,-79.21083174,397,"cacao regeneration","cacao regeneration late",1990,33,"camera_trap","cacao","acrossincisortipsBreadth",9.00666666666667
"880","CR06","SP04-ARL_220405_CR06_0017","01:53","01:54","Rodentia","Cuniculus_paca","","SP04-ARL_220405_CR06_0017-r0004","PREX",NA,0.5206616,-79.21083174,397,"cacao regeneration","cacao regeneration late",1990,33,"camera_trap","cacao","condylobasalLength",129.675
"881","CR06","SP04-ARL_220405_CR06_0017","01:53","01:54","Rodentia","Cuniculus_paca","","SP04-ARL_220405_CR06_0017-r0004","PREX",NA,0.5206616,-79.21083174,397,"cacao regeneration","cacao regeneration late",1990,33,"camera_trap","cacao","mandibleDiagonal",65.91
"882","CR06","SP04-ARL_220405_CR06_0017","01:53","01:54","Rodentia","Cuniculus_paca","","SP04-ARL_220405_CR06_0017-r0004","PREX",NA,0.5206616,-79.21083174,397,"cacao regeneration","cacao regeneration late",1990,33,"camera_trap","cacao","mandibleLength",66.27
"883","CR06","SP04-ARL_220405_CR06_0017","01:53","01:54","Rodentia","Cuniculus_paca","","SP04-ARL_220405_CR06_0017-r0004","PREX",NA,0.5206616,-79.21083174,397,"cacao regeneration","cacao regeneration late",1990,33,"camera_trap","cacao","mandibleWidth",NA
"884","CR06","SP04-ARL_220405_CR06_0017","01:53","01:54","Rodentia","Cuniculus_paca","","SP04-ARL_220405_CR06_0017-r0004","PREX",NA,0.5206616,-79.21083174,397,"cacao regeneration","cacao regeneration late",1990,33,"camera_trap","cacao","mandibularcorpusHeight",28.6866666666667
"885","CR06","SP04-ARL_220405_CR06_0017","01:53","01:54","Rodentia","Cuniculus_paca","","SP04-ARL_220405_CR06_0017-r0004","PREX",NA,0.5206616,-79.21083174,397,"cacao regeneration","cacao regeneration late",1990,33,"camera_trap","cacao","maxillarytoothrowAlveolarlength",29.035
"886","CR06","SP04-ARL_220405_CR06_0017","01:53","01:54","Rodentia","Cuniculus_paca","","SP04-ARL_220405_CR06_0017-r0004","PREX",NA,0.5206616,-79.21083174,397,"cacao regeneration","cacao regeneration late",1990,33,"camera_trap","cacao","rostrumLength",55.72
"887","CR06","SP04-ARL_220405_CR06_0017","01:53","01:54","Rodentia","Cuniculus_paca","","SP04-ARL_220405_CR06_0017-r0004","PREX",NA,0.5206616,-79.21083174,397,"cacao regeneration","cacao regeneration late",1990,33,"camera_trap","cacao","zygomaticBreadth",94.45
"888","CR07","SP04-ARL_230506_CR07_0322","06:52","06:54","Rodentia","Dasyprocta_punctata","","SP04-ARL_230506_CR07_0322-r0217",NA,NA,0.45898553,-79.20876011,168,"cacao regeneration","cacao regeneration late",2000,23,"camera_trap","cacao","BodyMass",2674.98
"889","CR07","SP04-ARL_230506_CR07_0322","06:52","06:54","Rodentia","Dasyprocta_punctata","","SP04-ARL_230506_CR07_0322-r0217",NA,NA,0.45898553,-79.20876011,168,"cacao regeneration","cacao regeneration late",2000,23,"camera_trap","cacao","Sex",NA
"890","CR07","SP04-ARL_230506_CR07_0322","06:52","06:54","Rodentia","Dasyprocta_punctata","","SP04-ARL_230506_CR07_0322-r0217",NA,NA,0.45898553,-79.20876011,168,"cacao regeneration","cacao regeneration late",2000,23,"camera_trap","cacao","acrossincisortipsBreadth",8.504
"891","CR07","SP04-ARL_230506_CR07_0322","06:52","06:54","Rodentia","Dasyprocta_punctata","","SP04-ARL_230506_CR07_0322-r0217",NA,NA,0.45898553,-79.20876011,168,"cacao regeneration","cacao regeneration late",2000,23,"camera_trap","cacao","condylobasalLength",75.74
"892","CR07","SP04-ARL_230506_CR07_0322","06:52","06:54","Rodentia","Dasyprocta_punctata","","SP04-ARL_230506_CR07_0322-r0217",NA,NA,0.45898553,-79.20876011,168,"cacao regeneration","cacao regeneration late",2000,23,"camera_trap","cacao","earLength",28.585
"893","CR07","SP04-ARL_230506_CR07_0322","06:52","06:54","Rodentia","Dasyprocta_punctata","","SP04-ARL_230506_CR07_0322-r0217",NA,NA,0.45898553,-79.20876011,168,"cacao regeneration","cacao regeneration late",2000,23,"camera_trap","cacao","forefootLength",49.595
"894","CR07","SP04-ARL_230506_CR07_0322","06:52","06:54","Rodentia","Dasyprocta_punctata","","SP04-ARL_230506_CR07_0322-r0217",NA,NA,0.45898553,-79.20876011,168,"cacao regeneration","cacao regeneration late",2000,23,"camera_trap","cacao","forefootWidth",19.78
"895","CR07","SP04-ARL_230506_CR07_0322","06:52","06:54","Rodentia","Dasyprocta_punctata","","SP04-ARL_230506_CR07_0322-r0217",NA,NA,0.45898553,-79.20876011,168,"cacao regeneration","cacao regeneration late",2000,23,"camera_trap","cacao","forefootclawLength",16.905
"896","CR07","SP04-ARL_230506_CR07_0322","06:52","06:54","Rodentia","Dasyprocta_punctata","","SP04-ARL_230506_CR07_0322-r0217",NA,NA,0.45898553,-79.20876011,168,"cacao regeneration","cacao regeneration late",2000,23,"camera_trap","cacao","headandbodyLength",554.18
"897","CR07","SP04-ARL_230506_CR07_0322","06:52","06:54","Rodentia","Dasyprocta_punctata","","SP04-ARL_230506_CR07_0322-r0217",NA,NA,0.45898553,-79.20876011,168,"cacao regeneration","cacao regeneration late",2000,23,"camera_trap","cacao","hindfootLength",103.92
"898","CR07","SP04-ARL_230506_CR07_0322","06:52","06:54","Rodentia","Dasyprocta_punctata","","SP04-ARL_230506_CR07_0322-r0217",NA,NA,0.45898553,-79.20876011,168,"cacao regeneration","cacao regeneration late",2000,23,"camera_trap","cacao","hindfootWidth",19.56
"899","CR07","SP04-ARL_230506_CR07_0322","06:52","06:54","Rodentia","Dasyprocta_punctata","","SP04-ARL_230506_CR07_0322-r0217",NA,NA,0.45898553,-79.20876011,168,"cacao regeneration","cacao regeneration late",2000,23,"camera_trap","cacao","mandibleDiagonal",43.53
"900","CR07","SP04-ARL_230506_CR07_0322","06:52","06:54","Rodentia","Dasyprocta_punctata","","SP04-ARL_230506_CR07_0322-r0217",NA,NA,0.45898553,-79.20876011,168,"cacao regeneration","cacao regeneration late",2000,23,"camera_trap","cacao","mandibleLength",41.0966666666667
"901","CR07","SP04-ARL_230506_CR07_0322","06:52","06:54","Rodentia","Dasyprocta_punctata","","SP04-ARL_230506_CR07_0322-r0217",NA,NA,0.45898553,-79.20876011,168,"cacao regeneration","cacao regeneration late",2000,23,"camera_trap","cacao","mandibleWidth",37.215
"902","CR07","SP04-ARL_230506_CR07_0322","06:52","06:54","Rodentia","Dasyprocta_punctata","","SP04-ARL_230506_CR07_0322-r0217",NA,NA,0.45898553,-79.20876011,168,"cacao regeneration","cacao regeneration late",2000,23,"camera_trap","cacao","mandibularcorpusHeight",15.5533333333333
"903","CR07","SP04-ARL_230506_CR07_0322","06:52","06:54","Rodentia","Dasyprocta_punctata","","SP04-ARL_230506_CR07_0322-r0217",NA,NA,0.45898553,-79.20876011,168,"cacao regeneration","cacao regeneration late",2000,23,"camera_trap","cacao","maxillarytoothrowAlveolarlength",18.02
"904","CR07","SP04-ARL_230506_CR07_0322","06:52","06:54","Rodentia","Dasyprocta_punctata","","SP04-ARL_230506_CR07_0322-r0217",NA,NA,0.45898553,-79.20876011,168,"cacao regeneration","cacao regeneration late",2000,23,"camera_trap","cacao","rostrumLength",38.132
"905","CR07","SP04-ARL_230506_CR07_0322","06:52","06:54","Rodentia","Dasyprocta_punctata","","SP04-ARL_230506_CR07_0322-r0217",NA,NA,0.45898553,-79.20876011,168,"cacao regeneration","cacao regeneration late",2000,23,"camera_trap","cacao","tailLength",15.515
"906","CR07","SP04-ARL_230506_CR07_0322","06:52","06:54","Rodentia","Dasyprocta_punctata","","SP04-ARL_230506_CR07_0322-r0217",NA,NA,0.45898553,-79.20876011,168,"cacao regeneration","cacao regeneration late",2000,23,"camera_trap","cacao","vibrissaeLength",79.02
"907","CR07","SP04-ARL_230506_CR07_0322","06:52","06:54","Rodentia","Dasyprocta_punctata","","SP04-ARL_230506_CR07_0322-r0217",NA,NA,0.45898553,-79.20876011,168,"cacao regeneration","cacao regeneration late",2000,23,"camera_trap","cacao","zygomaticBreadth",47.4975
"908","CR07","SP04-ARL_230510_CR07_0323","07:17","07:17","Rodentia","Dasyprocta_punctata","","SP04-ARL_230510_CR07_0323-r0218",NA,NA,0.45898553,-79.20876011,168,"cacao regeneration","cacao regeneration late",2000,23,"camera_trap","cacao","BodyMass",2674.98
"909","CR07","SP04-ARL_230510_CR07_0323","07:17","07:17","Rodentia","Dasyprocta_punctata","","SP04-ARL_230510_CR07_0323-r0218",NA,NA,0.45898553,-79.20876011,168,"cacao regeneration","cacao regeneration late",2000,23,"camera_trap","cacao","Sex",NA
"910","CR07","SP04-ARL_230510_CR07_0323","07:17","07:17","Rodentia","Dasyprocta_punctata","","SP04-ARL_230510_CR07_0323-r0218",NA,NA,0.45898553,-79.20876011,168,"cacao regeneration","cacao regeneration late",2000,23,"camera_trap","cacao","acrossincisortipsBreadth",8.504
"911","CR07","SP04-ARL_230510_CR07_0323","07:17","07:17","Rodentia","Dasyprocta_punctata","","SP04-ARL_230510_CR07_0323-r0218",NA,NA,0.45898553,-79.20876011,168,"cacao regeneration","cacao regeneration late",2000,23,"camera_trap","cacao","condylobasalLength",75.74
"912","CR07","SP04-ARL_230510_CR07_0323","07:17","07:17","Rodentia","Dasyprocta_punctata","","SP04-ARL_230510_CR07_0323-r0218",NA,NA,0.45898553,-79.20876011,168,"cacao regeneration","cacao regeneration late",2000,23,"camera_trap","cacao","earLength",28.585
"913","CR07","SP04-ARL_230510_CR07_0323","07:17","07:17","Rodentia","Dasyprocta_punctata","","SP04-ARL_230510_CR07_0323-r0218",NA,NA,0.45898553,-79.20876011,168,"cacao regeneration","cacao regeneration late",2000,23,"camera_trap","cacao","forefootLength",49.595
"914","CR07","SP04-ARL_230510_CR07_0323","07:17","07:17","Rodentia","Dasyprocta_punctata","","SP04-ARL_230510_CR07_0323-r0218",NA,NA,0.45898553,-79.20876011,168,"cacao regeneration","cacao regeneration late",2000,23,"camera_trap","cacao","forefootWidth",19.78
"915","CR07","SP04-ARL_230510_CR07_0323","07:17","07:17","Rodentia","Dasyprocta_punctata","","SP04-ARL_230510_CR07_0323-r0218",NA,NA,0.45898553,-79.20876011,168,"cacao regeneration","cacao regeneration late",2000,23,"camera_trap","cacao","forefootclawLength",16.905
"916","CR07","SP04-ARL_230510_CR07_0323","07:17","07:17","Rodentia","Dasyprocta_punctata","","SP04-ARL_230510_CR07_0323-r0218",NA,NA,0.45898553,-79.20876011,168,"cacao regeneration","cacao regeneration late",2000,23,"camera_trap","cacao","headandbodyLength",554.18
"917","CR07","SP04-ARL_230510_CR07_0323","07:17","07:17","Rodentia","Dasyprocta_punctata","","SP04-ARL_230510_CR07_0323-r0218",NA,NA,0.45898553,-79.20876011,168,"cacao regeneration","cacao regeneration late",2000,23,"camera_trap","cacao","hindfootLength",103.92
"918","CR07","SP04-ARL_230510_CR07_0323","07:17","07:17","Rodentia","Dasyprocta_punctata","","SP04-ARL_230510_CR07_0323-r0218",NA,NA,0.45898553,-79.20876011,168,"cacao regeneration","cacao regeneration late",2000,23,"camera_trap","cacao","hindfootWidth",19.56
"919","CR07","SP04-ARL_230510_CR07_0323","07:17","07:17","Rodentia","Dasyprocta_punctata","","SP04-ARL_230510_CR07_0323-r0218",NA,NA,0.45898553,-79.20876011,168,"cacao regeneration","cacao regeneration late",2000,23,"camera_trap","cacao","mandibleDiagonal",43.53
"920","CR07","SP04-ARL_230510_CR07_0323","07:17","07:17","Rodentia","Dasyprocta_punctata","","SP04-ARL_230510_CR07_0323-r0218",NA,NA,0.45898553,-79.20876011,168,"cacao regeneration","cacao regeneration late",2000,23,"camera_trap","cacao","mandibleLength",41.0966666666667
"921","CR07","SP04-ARL_230510_CR07_0323","07:17","07:17","Rodentia","Dasyprocta_punctata","","SP04-ARL_230510_CR07_0323-r0218",NA,NA,0.45898553,-79.20876011,168,"cacao regeneration","cacao regeneration late",2000,23,"camera_trap","cacao","mandibleWidth",37.215
"922","CR07","SP04-ARL_230510_CR07_0323","07:17","07:17","Rodentia","Dasyprocta_punctata","","SP04-ARL_230510_CR07_0323-r0218",NA,NA,0.45898553,-79.20876011,168,"cacao regeneration","cacao regeneration late",2000,23,"camera_trap","cacao","mandibularcorpusHeight",15.5533333333333
"923","CR07","SP04-ARL_230510_CR07_0323","07:17","07:17","Rodentia","Dasyprocta_punctata","","SP04-ARL_230510_CR07_0323-r0218",NA,NA,0.45898553,-79.20876011,168,"cacao regeneration","cacao regeneration late",2000,23,"camera_trap","cacao","maxillarytoothrowAlveolarlength",18.02
"924","CR07","SP04-ARL_230510_CR07_0323","07:17","07:17","Rodentia","Dasyprocta_punctata","","SP04-ARL_230510_CR07_0323-r0218",NA,NA,0.45898553,-79.20876011,168,"cacao regeneration","cacao regeneration late",2000,23,"camera_trap","cacao","rostrumLength",38.132
"925","CR07","SP04-ARL_230510_CR07_0323","07:17","07:17","Rodentia","Dasyprocta_punctata","","SP04-ARL_230510_CR07_0323-r0218",NA,NA,0.45898553,-79.20876011,168,"cacao regeneration","cacao regeneration late",2000,23,"camera_trap","cacao","tailLength",15.515
"926","CR07","SP04-ARL_230510_CR07_0323","07:17","07:17","Rodentia","Dasyprocta_punctata","","SP04-ARL_230510_CR07_0323-r0218",NA,NA,0.45898553,-79.20876011,168,"cacao regeneration","cacao regeneration late",2000,23,"camera_trap","cacao","vibrissaeLength",79.02
"927","CR07","SP04-ARL_230510_CR07_0323","07:17","07:17","Rodentia","Dasyprocta_punctata","","SP04-ARL_230510_CR07_0323-r0218",NA,NA,0.45898553,-79.20876011,168,"cacao regeneration","cacao regeneration late",2000,23,"camera_trap","cacao","zygomaticBreadth",47.4975
"928","CR08","SP04-ARL_230506_CR08_0244","08:21","08:21","Birds","Geotrygon_montana","","SP04-ARL_230506_CR08_0244-r0173",NA,NA,0.4592528,-79.21039418,172,"cacao regeneration","cacao regeneration late",1996,27,"camera_trap","cacao","Age",NA
"929","CR08","SP04-ARL_230506_CR08_0244","08:21","08:21","Birds","Geotrygon_montana","","SP04-ARL_230506_CR08_0244-r0173",NA,NA,0.4592528,-79.21039418,172,"cacao regeneration","cacao regeneration late",1996,27,"camera_trap","cacao","Beak.Depth",4.44848484848485
"930","CR08","SP04-ARL_230506_CR08_0244","08:21","08:21","Birds","Geotrygon_montana","","SP04-ARL_230506_CR08_0244-r0173",NA,NA,0.4592528,-79.21039418,172,"cacao regeneration","cacao regeneration late",1996,27,"camera_trap","cacao","Beak.Length_Culmen",19.536
"931","CR08","SP04-ARL_230506_CR08_0244","08:21","08:21","Birds","Geotrygon_montana","","SP04-ARL_230506_CR08_0244-r0173",NA,NA,0.4592528,-79.21039418,172,"cacao regeneration","cacao regeneration late",1996,27,"camera_trap","cacao","Beak.Length_Nares",8.95384615384615
"932","CR08","SP04-ARL_230506_CR08_0244","08:21","08:21","Birds","Geotrygon_montana","","SP04-ARL_230506_CR08_0244-r0173",NA,NA,0.4592528,-79.21039418,172,"cacao regeneration","cacao regeneration late",1996,27,"camera_trap","cacao","Beak.Width",3.47586206896552
"933","CR08","SP04-ARL_230506_CR08_0244","08:21","08:21","Birds","Geotrygon_montana","","SP04-ARL_230506_CR08_0244-r0173",NA,NA,0.4592528,-79.21039418,172,"cacao regeneration","cacao regeneration late",1996,27,"camera_trap","cacao","BodyMass",133.9
"934","CR08","SP04-ARL_230506_CR08_0244","08:21","08:21","Birds","Geotrygon_montana","","SP04-ARL_230506_CR08_0244-r0173",NA,NA,0.4592528,-79.21039418,172,"cacao regeneration","cacao regeneration late",1996,27,"camera_trap","cacao","Hand.wing.Index",27.1
"935","CR08","SP04-ARL_230506_CR08_0244","08:21","08:21","Birds","Geotrygon_montana","","SP04-ARL_230506_CR08_0244-r0173",NA,NA,0.4592528,-79.21039418,172,"cacao regeneration","cacao regeneration late",1996,27,"camera_trap","cacao","Kipps.Distance",36.7478260869565
"936","CR08","SP04-ARL_230506_CR08_0244","08:21","08:21","Birds","Geotrygon_montana","","SP04-ARL_230506_CR08_0244-r0173",NA,NA,0.4592528,-79.21039418,172,"cacao regeneration","cacao regeneration late",1996,27,"camera_trap","cacao","Secondary1",99.195652173913
"937","CR08","SP04-ARL_230506_CR08_0244","08:21","08:21","Birds","Geotrygon_montana","","SP04-ARL_230506_CR08_0244-r0173",NA,NA,0.4592528,-79.21039418,172,"cacao regeneration","cacao regeneration late",1996,27,"camera_trap","cacao","Sex",NA
"938","CR08","SP04-ARL_230506_CR08_0244","08:21","08:21","Birds","Geotrygon_montana","","SP04-ARL_230506_CR08_0244-r0173",NA,NA,0.4592528,-79.21039418,172,"cacao regeneration","cacao regeneration late",1996,27,"camera_trap","cacao","Tail.Length",76.278125
"939","CR08","SP04-ARL_230506_CR08_0244","08:21","08:21","Birds","Geotrygon_montana","","SP04-ARL_230506_CR08_0244-r0173",NA,NA,0.4592528,-79.21039418,172,"cacao regeneration","cacao regeneration late",1996,27,"camera_trap","cacao","Tarsus.Length",26.9405405405405
"940","CR08","SP04-ARL_230506_CR08_0244","08:21","08:21","Birds","Geotrygon_montana","","SP04-ARL_230506_CR08_0244-r0173",NA,NA,0.4592528,-79.21039418,172,"cacao regeneration","cacao regeneration late",1996,27,"camera_trap","cacao","Wing.Length",136.52972972973
"941","CR08","SP04-ARL_230507_CR08_0245","10:15","10:15","Birds","Geotrygon_montana","","SP04-ARL_230507_CR08_0245-r0174",NA,NA,0.4592528,-79.21039418,172,"cacao regeneration","cacao regeneration late",1996,27,"camera_trap","cacao","Age",NA
"942","CR08","SP04-ARL_230507_CR08_0245","10:15","10:15","Birds","Geotrygon_montana","","SP04-ARL_230507_CR08_0245-r0174",NA,NA,0.4592528,-79.21039418,172,"cacao regeneration","cacao regeneration late",1996,27,"camera_trap","cacao","Beak.Depth",4.44848484848485
"943","CR08","SP04-ARL_230507_CR08_0245","10:15","10:15","Birds","Geotrygon_montana","","SP04-ARL_230507_CR08_0245-r0174",NA,NA,0.4592528,-79.21039418,172,"cacao regeneration","cacao regeneration late",1996,27,"camera_trap","cacao","Beak.Length_Culmen",19.536
"944","CR08","SP04-ARL_230507_CR08_0245","10:15","10:15","Birds","Geotrygon_montana","","SP04-ARL_230507_CR08_0245-r0174",NA,NA,0.4592528,-79.21039418,172,"cacao regeneration","cacao regeneration late",1996,27,"camera_trap","cacao","Beak.Length_Nares",8.95384615384615
"945","CR08","SP04-ARL_230507_CR08_0245","10:15","10:15","Birds","Geotrygon_montana","","SP04-ARL_230507_CR08_0245-r0174",NA,NA,0.4592528,-79.21039418,172,"cacao regeneration","cacao regeneration late",1996,27,"camera_trap","cacao","Beak.Width",3.47586206896552
"946","CR08","SP04-ARL_230507_CR08_0245","10:15","10:15","Birds","Geotrygon_montana","","SP04-ARL_230507_CR08_0245-r0174",NA,NA,0.4592528,-79.21039418,172,"cacao regeneration","cacao regeneration late",1996,27,"camera_trap","cacao","BodyMass",133.9
"947","CR08","SP04-ARL_230507_CR08_0245","10:15","10:15","Birds","Geotrygon_montana","","SP04-ARL_230507_CR08_0245-r0174",NA,NA,0.4592528,-79.21039418,172,"cacao regeneration","cacao regeneration late",1996,27,"camera_trap","cacao","Hand.wing.Index",27.1
"948","CR08","SP04-ARL_230507_CR08_0245","10:15","10:15","Birds","Geotrygon_montana","","SP04-ARL_230507_CR08_0245-r0174",NA,NA,0.4592528,-79.21039418,172,"cacao regeneration","cacao regeneration late",1996,27,"camera_trap","cacao","Kipps.Distance",36.7478260869565
"949","CR08","SP04-ARL_230507_CR08_0245","10:15","10:15","Birds","Geotrygon_montana","","SP04-ARL_230507_CR08_0245-r0174",NA,NA,0.4592528,-79.21039418,172,"cacao regeneration","cacao regeneration late",1996,27,"camera_trap","cacao","Secondary1",99.195652173913
"950","CR08","SP04-ARL_230507_CR08_0245","10:15","10:15","Birds","Geotrygon_montana","","SP04-ARL_230507_CR08_0245-r0174",NA,NA,0.4592528,-79.21039418,172,"cacao regeneration","cacao regeneration late",1996,27,"camera_trap","cacao","Sex",NA
"951","CR08","SP04-ARL_230507_CR08_0245","10:15","10:15","Birds","Geotrygon_montana","","SP04-ARL_230507_CR08_0245-r0174",NA,NA,0.4592528,-79.21039418,172,"cacao regeneration","cacao regeneration late",1996,27,"camera_trap","cacao","Tail.Length",76.278125
"952","CR08","SP04-ARL_230507_CR08_0245","10:15","10:15","Birds","Geotrygon_montana","","SP04-ARL_230507_CR08_0245-r0174",NA,NA,0.4592528,-79.21039418,172,"cacao regeneration","cacao regeneration late",1996,27,"camera_trap","cacao","Tarsus.Length",26.9405405405405
"953","CR08","SP04-ARL_230507_CR08_0245","10:15","10:15","Birds","Geotrygon_montana","","SP04-ARL_230507_CR08_0245-r0174",NA,NA,0.4592528,-79.21039418,172,"cacao regeneration","cacao regeneration late",1996,27,"camera_trap","cacao","Wing.Length",136.52972972973
"954","CR08","SP04-ARL_230508_CR08_0246","09:45","09:45","Rodentia","Dasyprocta_punctata","","SP04-ARL_230508_CR08_0246-r0175",NA,NA,0.4592528,-79.21039418,172,"cacao regeneration","cacao regeneration late",1996,27,"camera_trap","cacao","BodyMass",2674.98
"955","CR08","SP04-ARL_230508_CR08_0246","09:45","09:45","Rodentia","Dasyprocta_punctata","","SP04-ARL_230508_CR08_0246-r0175",NA,NA,0.4592528,-79.21039418,172,"cacao regeneration","cacao regeneration late",1996,27,"camera_trap","cacao","Sex",NA
"956","CR08","SP04-ARL_230508_CR08_0246","09:45","09:45","Rodentia","Dasyprocta_punctata","","SP04-ARL_230508_CR08_0246-r0175",NA,NA,0.4592528,-79.21039418,172,"cacao regeneration","cacao regeneration late",1996,27,"camera_trap","cacao","acrossincisortipsBreadth",8.504
"957","CR08","SP04-ARL_230508_CR08_0246","09:45","09:45","Rodentia","Dasyprocta_punctata","","SP04-ARL_230508_CR08_0246-r0175",NA,NA,0.4592528,-79.21039418,172,"cacao regeneration","cacao regeneration late",1996,27,"camera_trap","cacao","condylobasalLength",75.74
"958","CR08","SP04-ARL_230508_CR08_0246","09:45","09:45","Rodentia","Dasyprocta_punctata","","SP04-ARL_230508_CR08_0246-r0175",NA,NA,0.4592528,-79.21039418,172,"cacao regeneration","cacao regeneration late",1996,27,"camera_trap","cacao","earLength",28.585
"959","CR08","SP04-ARL_230508_CR08_0246","09:45","09:45","Rodentia","Dasyprocta_punctata","","SP04-ARL_230508_CR08_0246-r0175",NA,NA,0.4592528,-79.21039418,172,"cacao regeneration","cacao regeneration late",1996,27,"camera_trap","cacao","forefootLength",49.595
"960","CR08","SP04-ARL_230508_CR08_0246","09:45","09:45","Rodentia","Dasyprocta_punctata","","SP04-ARL_230508_CR08_0246-r0175",NA,NA,0.4592528,-79.21039418,172,"cacao regeneration","cacao regeneration late",1996,27,"camera_trap","cacao","forefootWidth",19.78
"961","CR08","SP04-ARL_230508_CR08_0246","09:45","09:45","Rodentia","Dasyprocta_punctata","","SP04-ARL_230508_CR08_0246-r0175",NA,NA,0.4592528,-79.21039418,172,"cacao regeneration","cacao regeneration late",1996,27,"camera_trap","cacao","forefootclawLength",16.905
"962","CR08","SP04-ARL_230508_CR08_0246","09:45","09:45","Rodentia","Dasyprocta_punctata","","SP04-ARL_230508_CR08_0246-r0175",NA,NA,0.4592528,-79.21039418,172,"cacao regeneration","cacao regeneration late",1996,27,"camera_trap","cacao","headandbodyLength",554.18
"963","CR08","SP04-ARL_230508_CR08_0246","09:45","09:45","Rodentia","Dasyprocta_punctata","","SP04-ARL_230508_CR08_0246-r0175",NA,NA,0.4592528,-79.21039418,172,"cacao regeneration","cacao regeneration late",1996,27,"camera_trap","cacao","hindfootLength",103.92
"964","CR08","SP04-ARL_230508_CR08_0246","09:45","09:45","Rodentia","Dasyprocta_punctata","","SP04-ARL_230508_CR08_0246-r0175",NA,NA,0.4592528,-79.21039418,172,"cacao regeneration","cacao regeneration late",1996,27,"camera_trap","cacao","hindfootWidth",19.56
"965","CR08","SP04-ARL_230508_CR08_0246","09:45","09:45","Rodentia","Dasyprocta_punctata","","SP04-ARL_230508_CR08_0246-r0175",NA,NA,0.4592528,-79.21039418,172,"cacao regeneration","cacao regeneration late",1996,27,"camera_trap","cacao","mandibleDiagonal",43.53
"966","CR08","SP04-ARL_230508_CR08_0246","09:45","09:45","Rodentia","Dasyprocta_punctata","","SP04-ARL_230508_CR08_0246-r0175",NA,NA,0.4592528,-79.21039418,172,"cacao regeneration","cacao regeneration late",1996,27,"camera_trap","cacao","mandibleLength",41.0966666666667
"967","CR08","SP04-ARL_230508_CR08_0246","09:45","09:45","Rodentia","Dasyprocta_punctata","","SP04-ARL_230508_CR08_0246-r0175",NA,NA,0.4592528,-79.21039418,172,"cacao regeneration","cacao regeneration late",1996,27,"camera_trap","cacao","mandibleWidth",37.215
"968","CR08","SP04-ARL_230508_CR08_0246","09:45","09:45","Rodentia","Dasyprocta_punctata","","SP04-ARL_230508_CR08_0246-r0175",NA,NA,0.4592528,-79.21039418,172,"cacao regeneration","cacao regeneration late",1996,27,"camera_trap","cacao","mandibularcorpusHeight",15.5533333333333
"969","CR08","SP04-ARL_230508_CR08_0246","09:45","09:45","Rodentia","Dasyprocta_punctata","","SP04-ARL_230508_CR08_0246-r0175",NA,NA,0.4592528,-79.21039418,172,"cacao regeneration","cacao regeneration late",1996,27,"camera_trap","cacao","maxillarytoothrowAlveolarlength",18.02
"970","CR08","SP04-ARL_230508_CR08_0246","09:45","09:45","Rodentia","Dasyprocta_punctata","","SP04-ARL_230508_CR08_0246-r0175",NA,NA,0.4592528,-79.21039418,172,"cacao regeneration","cacao regeneration late",1996,27,"camera_trap","cacao","rostrumLength",38.132
"971","CR08","SP04-ARL_230508_CR08_0246","09:45","09:45","Rodentia","Dasyprocta_punctata","","SP04-ARL_230508_CR08_0246-r0175",NA,NA,0.4592528,-79.21039418,172,"cacao regeneration","cacao regeneration late",1996,27,"camera_trap","cacao","tailLength",15.515
"972","CR08","SP04-ARL_230508_CR08_0246","09:45","09:45","Rodentia","Dasyprocta_punctata","","SP04-ARL_230508_CR08_0246-r0175",NA,NA,0.4592528,-79.21039418,172,"cacao regeneration","cacao regeneration late",1996,27,"camera_trap","cacao","vibrissaeLength",79.02
"973","CR08","SP04-ARL_230508_CR08_0246","09:45","09:45","Rodentia","Dasyprocta_punctata","","SP04-ARL_230508_CR08_0246-r0175",NA,NA,0.4592528,-79.21039418,172,"cacao regeneration","cacao regeneration late",1996,27,"camera_trap","cacao","zygomaticBreadth",47.4975
"974","CR08","SP04-ARL_230509_CR08_0247","14:27","14:28","Birds","Geotrygon_montana","","SP04-ARL_230509_CR08_0247-r0176",NA,NA,0.4592528,-79.21039418,172,"cacao regeneration","cacao regeneration late",1996,27,"camera_trap","cacao","Age",NA
"975","CR08","SP04-ARL_230509_CR08_0247","14:27","14:28","Birds","Geotrygon_montana","","SP04-ARL_230509_CR08_0247-r0176",NA,NA,0.4592528,-79.21039418,172,"cacao regeneration","cacao regeneration late",1996,27,"camera_trap","cacao","Beak.Depth",4.44848484848485
"976","CR08","SP04-ARL_230509_CR08_0247","14:27","14:28","Birds","Geotrygon_montana","","SP04-ARL_230509_CR08_0247-r0176",NA,NA,0.4592528,-79.21039418,172,"cacao regeneration","cacao regeneration late",1996,27,"camera_trap","cacao","Beak.Length_Culmen",19.536
"977","CR08","SP04-ARL_230509_CR08_0247","14:27","14:28","Birds","Geotrygon_montana","","SP04-ARL_230509_CR08_0247-r0176",NA,NA,0.4592528,-79.21039418,172,"cacao regeneration","cacao regeneration late",1996,27,"camera_trap","cacao","Beak.Length_Nares",8.95384615384615
"978","CR08","SP04-ARL_230509_CR08_0247","14:27","14:28","Birds","Geotrygon_montana","","SP04-ARL_230509_CR08_0247-r0176",NA,NA,0.4592528,-79.21039418,172,"cacao regeneration","cacao regeneration late",1996,27,"camera_trap","cacao","Beak.Width",3.47586206896552
"979","CR08","SP04-ARL_230509_CR08_0247","14:27","14:28","Birds","Geotrygon_montana","","SP04-ARL_230509_CR08_0247-r0176",NA,NA,0.4592528,-79.21039418,172,"cacao regeneration","cacao regeneration late",1996,27,"camera_trap","cacao","BodyMass",133.9
"980","CR08","SP04-ARL_230509_CR08_0247","14:27","14:28","Birds","Geotrygon_montana","","SP04-ARL_230509_CR08_0247-r0176",NA,NA,0.4592528,-79.21039418,172,"cacao regeneration","cacao regeneration late",1996,27,"camera_trap","cacao","Hand.wing.Index",27.1
"981","CR08","SP04-ARL_230509_CR08_0247","14:27","14:28","Birds","Geotrygon_montana","","SP04-ARL_230509_CR08_0247-r0176",NA,NA,0.4592528,-79.21039418,172,"cacao regeneration","cacao regeneration late",1996,27,"camera_trap","cacao","Kipps.Distance",36.7478260869565
"982","CR08","SP04-ARL_230509_CR08_0247","14:27","14:28","Birds","Geotrygon_montana","","SP04-ARL_230509_CR08_0247-r0176",NA,NA,0.4592528,-79.21039418,172,"cacao regeneration","cacao regeneration late",1996,27,"camera_trap","cacao","Secondary1",99.195652173913
"983","CR08","SP04-ARL_230509_CR08_0247","14:27","14:28","Birds","Geotrygon_montana","","SP04-ARL_230509_CR08_0247-r0176",NA,NA,0.4592528,-79.21039418,172,"cacao regeneration","cacao regeneration late",1996,27,"camera_trap","cacao","Sex",NA
"984","CR08","SP04-ARL_230509_CR08_0247","14:27","14:28","Birds","Geotrygon_montana","","SP04-ARL_230509_CR08_0247-r0176",NA,NA,0.4592528,-79.21039418,172,"cacao regeneration","cacao regeneration late",1996,27,"camera_trap","cacao","Tail.Length",76.278125
"985","CR08","SP04-ARL_230509_CR08_0247","14:27","14:28","Birds","Geotrygon_montana","","SP04-ARL_230509_CR08_0247-r0176",NA,NA,0.4592528,-79.21039418,172,"cacao regeneration","cacao regeneration late",1996,27,"camera_trap","cacao","Tarsus.Length",26.9405405405405
"986","CR08","SP04-ARL_230509_CR08_0247","14:27","14:28","Birds","Geotrygon_montana","","SP04-ARL_230509_CR08_0247-r0176",NA,NA,0.4592528,-79.21039418,172,"cacao regeneration","cacao regeneration late",1996,27,"camera_trap","cacao","Wing.Length",136.52972972973
"987","CR10","SP04-ARL_231110_CR10_0313","16:37","16:37","Birds","Tinamus_major","","SP04-ARL_231110_CR10_0313-r0214","PREX",NA,0.4771745,-79.1995872,347,"cacao regeneration","cacao regeneration late",1999,24,"camera_trap","cacao","Age",NA
"988","CR10","SP04-ARL_231110_CR10_0313","16:37","16:37","Birds","Tinamus_major","","SP04-ARL_231110_CR10_0313-r0214","PREX",NA,0.4771745,-79.1995872,347,"cacao regeneration","cacao regeneration late",1999,24,"camera_trap","cacao","Beak.Depth",5.88
"989","CR10","SP04-ARL_231110_CR10_0313","16:37","16:37","Birds","Tinamus_major","","SP04-ARL_231110_CR10_0313-r0214","PREX",NA,0.4771745,-79.1995872,347,"cacao regeneration","cacao regeneration late",1999,24,"camera_trap","cacao","Beak.Length_Culmen",38.5
"990","CR10","SP04-ARL_231110_CR10_0313","16:37","16:37","Birds","Tinamus_major","","SP04-ARL_231110_CR10_0313-r0214","PREX",NA,0.4771745,-79.1995872,347,"cacao regeneration","cacao regeneration late",1999,24,"camera_trap","cacao","Beak.Length_Nares",11.4
"991","CR10","SP04-ARL_231110_CR10_0313","16:37","16:37","Birds","Tinamus_major","","SP04-ARL_231110_CR10_0313-r0214","PREX",NA,0.4771745,-79.1995872,347,"cacao regeneration","cacao regeneration late",1999,24,"camera_trap","cacao","Beak.Width",5.2
"992","CR10","SP04-ARL_231110_CR10_0313","16:37","16:37","Birds","Tinamus_major","","SP04-ARL_231110_CR10_0313-r0214","PREX",NA,0.4771745,-79.1995872,347,"cacao regeneration","cacao regeneration late",1999,24,"camera_trap","cacao","BodyMass",1026.2
"993","CR10","SP04-ARL_231110_CR10_0313","16:37","16:37","Birds","Tinamus_major","","SP04-ARL_231110_CR10_0313-r0214","PREX",NA,0.4771745,-79.1995872,347,"cacao regeneration","cacao regeneration late",1999,24,"camera_trap","cacao","Hand.wing.Index",20.94
"994","CR10","SP04-ARL_231110_CR10_0313","16:37","16:37","Birds","Tinamus_major","","SP04-ARL_231110_CR10_0313-r0214","PREX",NA,0.4771745,-79.1995872,347,"cacao regeneration","cacao regeneration late",1999,24,"camera_trap","cacao","Kipps.Distance",51.28
"995","CR10","SP04-ARL_231110_CR10_0313","16:37","16:37","Birds","Tinamus_major","","SP04-ARL_231110_CR10_0313-r0214","PREX",NA,0.4771745,-79.1995872,347,"cacao regeneration","cacao regeneration late",1999,24,"camera_trap","cacao","Secondary1",193.12
"996","CR10","SP04-ARL_231110_CR10_0313","16:37","16:37","Birds","Tinamus_major","","SP04-ARL_231110_CR10_0313-r0214","PREX",NA,0.4771745,-79.1995872,347,"cacao regeneration","cacao regeneration late",1999,24,"camera_trap","cacao","Sex",NA
"997","CR10","SP04-ARL_231110_CR10_0313","16:37","16:37","Birds","Tinamus_major","","SP04-ARL_231110_CR10_0313-r0214","PREX",NA,0.4771745,-79.1995872,347,"cacao regeneration","cacao regeneration late",1999,24,"camera_trap","cacao","Tail.Length",83.25
"998","CR10","SP04-ARL_231110_CR10_0313","16:37","16:37","Birds","Tinamus_major","","SP04-ARL_231110_CR10_0313-r0214","PREX",NA,0.4771745,-79.1995872,347,"cacao regeneration","cacao regeneration late",1999,24,"camera_trap","cacao","Tarsus.Length",64.4333333333333
"999","CR10","SP04-ARL_231110_CR10_0313","16:37","16:37","Birds","Tinamus_major","","SP04-ARL_231110_CR10_0313-r0214","PREX",NA,0.4771745,-79.1995872,347,"cacao regeneration","cacao regeneration late",1999,24,"camera_trap","cacao","Wing.Length",241
"1000","CR10","SP04-ARL_231110_CR10_0313","20:47","20:51","Didelphimorphia","Didelphis_marsupialis","","SP04-ARL_231110_CR10_0313-r0215","PREX",NA,0.4771745,-79.1995872,347,"cacao regeneration","cacao regeneration late",1999,24,"camera_trap","cacao","BodyMass",1091.16
"1001","CR10","SP04-ARL_231110_CR10_0313","20:47","20:51","Didelphimorphia","Didelphis_marsupialis","","SP04-ARL_231110_CR10_0313-r0215","PREX",NA,0.4771745,-79.1995872,347,"cacao regeneration","cacao regeneration late",1999,24,"camera_trap","cacao","Sex",NA
"1002","CR10","SP04-ARL_231110_CR10_0313","20:47","20:51","Didelphimorphia","Didelphis_marsupialis","","SP04-ARL_231110_CR10_0313-r0215","PREX",NA,0.4771745,-79.1995872,347,"cacao regeneration","cacao regeneration late",1999,24,"camera_trap","cacao","acrossincisortipsBreadth",5.53846153846154
"1003","CR10","SP04-ARL_231110_CR10_0313","20:47","20:51","Didelphimorphia","Didelphis_marsupialis","","SP04-ARL_231110_CR10_0313-r0215","PREX",NA,0.4771745,-79.1995872,347,"cacao regeneration","cacao regeneration late",1999,24,"camera_trap","cacao","condylobasalLength",81.8276923076923
"1004","CR10","SP04-ARL_231110_CR10_0313","20:47","20:51","Didelphimorphia","Didelphis_marsupialis","","SP04-ARL_231110_CR10_0313-r0215","PREX",NA,0.4771745,-79.1995872,347,"cacao regeneration","cacao regeneration late",1999,24,"camera_trap","cacao","earLength",30.9033333333333
"1005","CR10","SP04-ARL_231110_CR10_0313","20:47","20:51","Didelphimorphia","Didelphis_marsupialis","","SP04-ARL_231110_CR10_0313-r0215","PREX",NA,0.4771745,-79.1995872,347,"cacao regeneration","cacao regeneration late",1999,24,"camera_trap","cacao","forefootLength",34.285
"1006","CR10","SP04-ARL_231110_CR10_0313","20:47","20:51","Didelphimorphia","Didelphis_marsupialis","","SP04-ARL_231110_CR10_0313-r0215","PREX",NA,0.4771745,-79.1995872,347,"cacao regeneration","cacao regeneration late",1999,24,"camera_trap","cacao","forefootWidth",18.5875
"1007","CR10","SP04-ARL_231110_CR10_0313","20:47","20:51","Didelphimorphia","Didelphis_marsupialis","","SP04-ARL_231110_CR10_0313-r0215","PREX",NA,0.4771745,-79.1995872,347,"cacao regeneration","cacao regeneration late",1999,24,"camera_trap","cacao","forefootclawLength",6.93
"1008","CR10","SP04-ARL_231110_CR10_0313","20:47","20:51","Didelphimorphia","Didelphis_marsupialis","","SP04-ARL_231110_CR10_0313-r0215","PREX",NA,0.4771745,-79.1995872,347,"cacao regeneration","cacao regeneration late",1999,24,"camera_trap","cacao","headandbodyLength",420.31
"1009","CR10","SP04-ARL_231110_CR10_0313","20:47","20:51","Didelphimorphia","Didelphis_marsupialis","","SP04-ARL_231110_CR10_0313-r0215","PREX",NA,0.4771745,-79.1995872,347,"cacao regeneration","cacao regeneration late",1999,24,"camera_trap","cacao","hindfootLength",50.59
"1010","CR10","SP04-ARL_231110_CR10_0313","20:47","20:51","Didelphimorphia","Didelphis_marsupialis","","SP04-ARL_231110_CR10_0313-r0215","PREX",NA,0.4771745,-79.1995872,347,"cacao regeneration","cacao regeneration late",1999,24,"camera_trap","cacao","hindfootWidth",21.2525
"1011","CR10","SP04-ARL_231110_CR10_0313","20:47","20:51","Didelphimorphia","Didelphis_marsupialis","","SP04-ARL_231110_CR10_0313-r0215","PREX",NA,0.4771745,-79.1995872,347,"cacao regeneration","cacao regeneration late",1999,24,"camera_trap","cacao","mandibleDiagonal",56.2
"1012","CR10","SP04-ARL_231110_CR10_0313","20:47","20:51","Didelphimorphia","Didelphis_marsupialis","","SP04-ARL_231110_CR10_0313-r0215","PREX",NA,0.4771745,-79.1995872,347,"cacao regeneration","cacao regeneration late",1999,24,"camera_trap","cacao","mandibleLength",66.079
"1013","CR10","SP04-ARL_231110_CR10_0313","20:47","20:51","Didelphimorphia","Didelphis_marsupialis","","SP04-ARL_231110_CR10_0313-r0215","PREX",NA,0.4771745,-79.1995872,347,"cacao regeneration","cacao regeneration late",1999,24,"camera_trap","cacao","mandibleWidth",31.816
"1014","CR10","SP04-ARL_231110_CR10_0313","20:47","20:51","Didelphimorphia","Didelphis_marsupialis","","SP04-ARL_231110_CR10_0313-r0215","PREX",NA,0.4771745,-79.1995872,347,"cacao regeneration","cacao regeneration late",1999,24,"camera_trap","cacao","mandibularcorpusHeight",13.089
"1015","CR10","SP04-ARL_231110_CR10_0313","20:47","20:51","Didelphimorphia","Didelphis_marsupialis","","SP04-ARL_231110_CR10_0313-r0215","PREX",NA,0.4771745,-79.1995872,347,"cacao regeneration","cacao regeneration late",1999,24,"camera_trap","cacao","maxillarytoothrowAlveolarlength",24.7376923076923
"1016","CR10","SP04-ARL_231110_CR10_0313","20:47","20:51","Didelphimorphia","Didelphis_marsupialis","","SP04-ARL_231110_CR10_0313-r0215","PREX",NA,0.4771745,-79.1995872,347,"cacao regeneration","cacao regeneration late",1999,24,"camera_trap","cacao","rostrumLength",43.9715384615385
"1017","CR10","SP04-ARL_231110_CR10_0313","20:47","20:51","Didelphimorphia","Didelphis_marsupialis","","SP04-ARL_231110_CR10_0313-r0215","PREX",NA,0.4771745,-79.1995872,347,"cacao regeneration","cacao regeneration late",1999,24,"camera_trap","cacao","tailLength",360.74
"1018","CR10","SP04-ARL_231110_CR10_0313","20:47","20:51","Didelphimorphia","Didelphis_marsupialis","","SP04-ARL_231110_CR10_0313-r0215","PREX",NA,0.4771745,-79.1995872,347,"cacao regeneration","cacao regeneration late",1999,24,"camera_trap","cacao","vibrissaeLength",59.2575
"1019","CR10","SP04-ARL_231110_CR10_0313","20:47","20:51","Didelphimorphia","Didelphis_marsupialis","","SP04-ARL_231110_CR10_0313-r0215","PREX",NA,0.4771745,-79.1995872,347,"cacao regeneration","cacao regeneration late",1999,24,"camera_trap","cacao","zygomaticBreadth",45.3041666666667
"1020","CR10","SP04-ARL_231113_CR10_0314","06:31","06:31","Rodentia","Notosciurus_granatensis","","SP04-ARL_231113_CR10_0314-r0216","PREX",NA,0.4771745,-79.1995872,347,"cacao regeneration","cacao regeneration late",1999,24,"camera_trap","cacao","BodyMass",250
"1021","CR10","SP04-ARL_231113_CR10_0314","06:31","06:31","Rodentia","Notosciurus_granatensis","","SP04-ARL_231113_CR10_0314-r0216","PREX",NA,0.4771745,-79.1995872,347,"cacao regeneration","cacao regeneration late",1999,24,"camera_trap","cacao","Sex",NA
"1022","CR10","SP04-ARL_231113_CR10_0314","06:31","06:31","Rodentia","Notosciurus_granatensis","","SP04-ARL_231113_CR10_0314-r0216","PREX",NA,0.4771745,-79.1995872,347,"cacao regeneration","cacao regeneration late",1999,24,"camera_trap","cacao","acrossincisortipsBreadth",9.046
"1023","CR10","SP04-ARL_231113_CR10_0314","06:31","06:31","Rodentia","Notosciurus_granatensis","","SP04-ARL_231113_CR10_0314-r0216","PREX",NA,0.4771745,-79.1995872,347,"cacao regeneration","cacao regeneration late",1999,24,"camera_trap","cacao","condylobasalLength",44.628
"1024","CR10","SP04-ARL_231113_CR10_0314","06:31","06:31","Rodentia","Notosciurus_granatensis","","SP04-ARL_231113_CR10_0314-r0216","PREX",NA,0.4771745,-79.1995872,347,"cacao regeneration","cacao regeneration late",1999,24,"camera_trap","cacao","earLength",20.705
"1025","CR10","SP04-ARL_231113_CR10_0314","06:31","06:31","Rodentia","Notosciurus_granatensis","","SP04-ARL_231113_CR10_0314-r0216","PREX",NA,0.4771745,-79.1995872,347,"cacao regeneration","cacao regeneration late",1999,24,"camera_trap","cacao","forefootLength",32.7475
"1026","CR10","SP04-ARL_231113_CR10_0314","06:31","06:31","Rodentia","Notosciurus_granatensis","","SP04-ARL_231113_CR10_0314-r0216","PREX",NA,0.4771745,-79.1995872,347,"cacao regeneration","cacao regeneration late",1999,24,"camera_trap","cacao","forefootWidth",16.3325
"1027","CR10","SP04-ARL_231113_CR10_0314","06:31","06:31","Rodentia","Notosciurus_granatensis","","SP04-ARL_231113_CR10_0314-r0216","PREX",NA,0.4771745,-79.1995872,347,"cacao regeneration","cacao regeneration late",1999,24,"camera_trap","cacao","forefootclawLength",12.8925
"1028","CR10","SP04-ARL_231113_CR10_0314","06:31","06:31","Rodentia","Notosciurus_granatensis","","SP04-ARL_231113_CR10_0314-r0216","PREX",NA,0.4771745,-79.1995872,347,"cacao regeneration","cacao regeneration late",1999,24,"camera_trap","cacao","headandbodyLength",205.4475
"1029","CR10","SP04-ARL_231113_CR10_0314","06:31","06:31","Rodentia","Notosciurus_granatensis","","SP04-ARL_231113_CR10_0314-r0216","PREX",NA,0.4771745,-79.1995872,347,"cacao regeneration","cacao regeneration late",1999,24,"camera_trap","cacao","hindfootLength",47.5475
"1030","CR10","SP04-ARL_231113_CR10_0314","06:31","06:31","Rodentia","Notosciurus_granatensis","","SP04-ARL_231113_CR10_0314-r0216","PREX",NA,0.4771745,-79.1995872,347,"cacao regeneration","cacao regeneration late",1999,24,"camera_trap","cacao","hindfootWidth",17.79
"1031","CR10","SP04-ARL_231113_CR10_0314","06:31","06:31","Rodentia","Notosciurus_granatensis","","SP04-ARL_231113_CR10_0314-r0216","PREX",NA,0.4771745,-79.1995872,347,"cacao regeneration","cacao regeneration late",1999,24,"camera_trap","cacao","mandibleDiagonal",27.82
"1032","CR10","SP04-ARL_231113_CR10_0314","06:31","06:31","Rodentia","Notosciurus_granatensis","","SP04-ARL_231113_CR10_0314-r0216","PREX",NA,0.4771745,-79.1995872,347,"cacao regeneration","cacao regeneration late",1999,24,"camera_trap","cacao","mandibleLength",19.8825
"1033","CR10","SP04-ARL_231113_CR10_0314","06:31","06:31","Rodentia","Notosciurus_granatensis","","SP04-ARL_231113_CR10_0314-r0216","PREX",NA,0.4771745,-79.1995872,347,"cacao regeneration","cacao regeneration late",1999,24,"camera_trap","cacao","mandibleWidth",33.4
"1034","CR10","SP04-ARL_231113_CR10_0314","06:31","06:31","Rodentia","Notosciurus_granatensis","","SP04-ARL_231113_CR10_0314-r0216","PREX",NA,0.4771745,-79.1995872,347,"cacao regeneration","cacao regeneration late",1999,24,"camera_trap","cacao","mandibularcorpusHeight",14.9375
"1035","CR10","SP04-ARL_231113_CR10_0314","06:31","06:31","Rodentia","Notosciurus_granatensis","","SP04-ARL_231113_CR10_0314-r0216","PREX",NA,0.4771745,-79.1995872,347,"cacao regeneration","cacao regeneration late",1999,24,"camera_trap","cacao","maxillarytoothrowAlveolarlength",14.858
"1036","CR10","SP04-ARL_231113_CR10_0314","06:31","06:31","Rodentia","Notosciurus_granatensis","","SP04-ARL_231113_CR10_0314-r0216","PREX",NA,0.4771745,-79.1995872,347,"cacao regeneration","cacao regeneration late",1999,24,"camera_trap","cacao","rostrumLength",21.624
"1037","CR10","SP04-ARL_231113_CR10_0314","06:31","06:31","Rodentia","Notosciurus_granatensis","","SP04-ARL_231113_CR10_0314-r0216","PREX",NA,0.4771745,-79.1995872,347,"cacao regeneration","cacao regeneration late",1999,24,"camera_trap","cacao","tailLength",165.04
"1038","CR10","SP04-ARL_231113_CR10_0314","06:31","06:31","Rodentia","Notosciurus_granatensis","","SP04-ARL_231113_CR10_0314-r0216","PREX",NA,0.4771745,-79.1995872,347,"cacao regeneration","cacao regeneration late",1999,24,"camera_trap","cacao","vibrissaeLength",45.3925
"1039","CR10","SP04-ARL_231113_CR10_0314","06:31","06:31","Rodentia","Notosciurus_granatensis","","SP04-ARL_231113_CR10_0314-r0216","PREX",NA,0.4771745,-79.1995872,347,"cacao regeneration","cacao regeneration late",1999,24,"camera_trap","cacao","zygomaticBreadth",35.878
"1040","CR13","SP04-ARL_221019_CR13_0148","02:13","02:13","Rodentia","Proechimys_semispinosus","","SP04-ARL_221019_CR13_0148-r0116","PREX",NA,0.48892263,-79.22616164,366,"cacao regeneration","cacao regeneration early",2022,1,"camera_trap","cacao","BodyMass",360.5
"1041","CR13","SP04-ARL_221019_CR13_0148","02:13","02:13","Rodentia","Proechimys_semispinosus","","SP04-ARL_221019_CR13_0148-r0116","PREX",NA,0.48892263,-79.22616164,366,"cacao regeneration","cacao regeneration early",2022,1,"camera_trap","cacao","Sex",NA
"1042","CR13","SP04-ARL_221019_CR13_0148","02:13","02:13","Rodentia","Proechimys_semispinosus","","SP04-ARL_221019_CR13_0148-r0116","PREX",NA,0.48892263,-79.22616164,366,"cacao regeneration","cacao regeneration early",2022,1,"camera_trap","cacao","acrossincisortipsBreadth",7.283
"1043","CR13","SP04-ARL_221019_CR13_0148","02:13","02:13","Rodentia","Proechimys_semispinosus","","SP04-ARL_221019_CR13_0148-r0116","PREX",NA,0.48892263,-79.22616164,366,"cacao regeneration","cacao regeneration early",2022,1,"camera_trap","cacao","condylobasalLength",44.546
"1044","CR13","SP04-ARL_221019_CR13_0148","02:13","02:13","Rodentia","Proechimys_semispinosus","","SP04-ARL_221019_CR13_0148-r0116","PREX",NA,0.48892263,-79.22616164,366,"cacao regeneration","cacao regeneration early",2022,1,"camera_trap","cacao","earLength",15.0225
"1045","CR13","SP04-ARL_221019_CR13_0148","02:13","02:13","Rodentia","Proechimys_semispinosus","","SP04-ARL_221019_CR13_0148-r0116","PREX",NA,0.48892263,-79.22616164,366,"cacao regeneration","cacao regeneration early",2022,1,"camera_trap","cacao","forefootLength",18.13
"1046","CR13","SP04-ARL_221019_CR13_0148","02:13","02:13","Rodentia","Proechimys_semispinosus","","SP04-ARL_221019_CR13_0148-r0116","PREX",NA,0.48892263,-79.22616164,366,"cacao regeneration","cacao regeneration early",2022,1,"camera_trap","cacao","forefootWidth",6.8325
"1047","CR13","SP04-ARL_221019_CR13_0148","02:13","02:13","Rodentia","Proechimys_semispinosus","","SP04-ARL_221019_CR13_0148-r0116","PREX",NA,0.48892263,-79.22616164,366,"cacao regeneration","cacao regeneration early",2022,1,"camera_trap","cacao","forefootclawLength",3.08
"1048","CR13","SP04-ARL_221019_CR13_0148","02:13","02:13","Rodentia","Proechimys_semispinosus","","SP04-ARL_221019_CR13_0148-r0116","PREX",NA,0.48892263,-79.22616164,366,"cacao regeneration","cacao regeneration early",2022,1,"camera_trap","cacao","headandbodyLength",209.8225
"1049","CR13","SP04-ARL_221019_CR13_0148","02:13","02:13","Rodentia","Proechimys_semispinosus","","SP04-ARL_221019_CR13_0148-r0116","PREX",NA,0.48892263,-79.22616164,366,"cacao regeneration","cacao regeneration early",2022,1,"camera_trap","cacao","hindfootLength",44.63
"1050","CR13","SP04-ARL_221019_CR13_0148","02:13","02:13","Rodentia","Proechimys_semispinosus","","SP04-ARL_221019_CR13_0148-r0116","PREX",NA,0.48892263,-79.22616164,366,"cacao regeneration","cacao regeneration early",2022,1,"camera_trap","cacao","hindfootWidth",9.2
"1051","CR13","SP04-ARL_221019_CR13_0148","02:13","02:13","Rodentia","Proechimys_semispinosus","","SP04-ARL_221019_CR13_0148-r0116","PREX",NA,0.48892263,-79.22616164,366,"cacao regeneration","cacao regeneration early",2022,1,"camera_trap","cacao","mandibleDiagonal",22.782
"1052","CR13","SP04-ARL_221019_CR13_0148","02:13","02:13","Rodentia","Proechimys_semispinosus","","SP04-ARL_221019_CR13_0148-r0116","PREX",NA,0.48892263,-79.22616164,366,"cacao regeneration","cacao regeneration early",2022,1,"camera_trap","cacao","mandibleLength",22.9
"1053","CR13","SP04-ARL_221019_CR13_0148","02:13","02:13","Rodentia","Proechimys_semispinosus","","SP04-ARL_221019_CR13_0148-r0116","PREX",NA,0.48892263,-79.22616164,366,"cacao regeneration","cacao regeneration early",2022,1,"camera_trap","cacao","mandibleWidth",26.8021428571429
"1054","CR13","SP04-ARL_221019_CR13_0148","02:13","02:13","Rodentia","Proechimys_semispinosus","","SP04-ARL_221019_CR13_0148-r0116","PREX",NA,0.48892263,-79.22616164,366,"cacao regeneration","cacao regeneration early",2022,1,"camera_trap","cacao","mandibularcorpusHeight",11.66
"1055","CR13","SP04-ARL_221019_CR13_0148","02:13","02:13","Rodentia","Proechimys_semispinosus","","SP04-ARL_221019_CR13_0148-r0116","PREX",NA,0.48892263,-79.22616164,366,"cacao regeneration","cacao regeneration early",2022,1,"camera_trap","cacao","maxillarytoothrowAlveolarlength",12.98
"1056","CR13","SP04-ARL_221019_CR13_0148","02:13","02:13","Rodentia","Proechimys_semispinosus","","SP04-ARL_221019_CR13_0148-r0116","PREX",NA,0.48892263,-79.22616164,366,"cacao regeneration","cacao regeneration early",2022,1,"camera_trap","cacao","rostrumLength",23.417
"1057","CR13","SP04-ARL_221019_CR13_0148","02:13","02:13","Rodentia","Proechimys_semispinosus","","SP04-ARL_221019_CR13_0148-r0116","PREX",NA,0.48892263,-79.22616164,366,"cacao regeneration","cacao regeneration early",2022,1,"camera_trap","cacao","tailLength",60.87
"1058","CR13","SP04-ARL_221019_CR13_0148","02:13","02:13","Rodentia","Proechimys_semispinosus","","SP04-ARL_221019_CR13_0148-r0116","PREX",NA,0.48892263,-79.22616164,366,"cacao regeneration","cacao regeneration early",2022,1,"camera_trap","cacao","vibrissaeLength",63.0425
"1059","CR13","SP04-ARL_221019_CR13_0148","02:13","02:13","Rodentia","Proechimys_semispinosus","","SP04-ARL_221019_CR13_0148-r0116","PREX",NA,0.48892263,-79.22616164,366,"cacao regeneration","cacao regeneration early",2022,1,"camera_trap","cacao","zygomaticBreadth",29.363
"1060","CR14","SP04-ARL_221105_CR14_0144","13:13","13:13","Birds","Geotrygon_purpurata","","SP04-ARL_221105_CR14_0144-r0109","PREX",NA,0.49816025,-79.13850116,529,"cacao regeneration","cacao regeneration late",1985,38,"camera_trap","cacao","Age",NA
"1061","CR14","SP04-ARL_221105_CR14_0144","13:13","13:13","Birds","Geotrygon_purpurata","","SP04-ARL_221105_CR14_0144-r0109","PREX",NA,0.49816025,-79.13850116,529,"cacao regeneration","cacao regeneration late",1985,38,"camera_trap","cacao","Beak.Depth",4.225
"1062","CR14","SP04-ARL_221105_CR14_0144","13:13","13:13","Birds","Geotrygon_purpurata","","SP04-ARL_221105_CR14_0144-r0109","PREX",NA,0.49816025,-79.13850116,529,"cacao regeneration","cacao regeneration late",1985,38,"camera_trap","cacao","Beak.Length_Culmen",20.625
"1063","CR14","SP04-ARL_221105_CR14_0144","13:13","13:13","Birds","Geotrygon_purpurata","","SP04-ARL_221105_CR14_0144-r0109","PREX",NA,0.49816025,-79.13850116,529,"cacao regeneration","cacao regeneration late",1985,38,"camera_trap","cacao","Beak.Length_Nares",10.1
"1064","CR14","SP04-ARL_221105_CR14_0144","13:13","13:13","Birds","Geotrygon_purpurata","","SP04-ARL_221105_CR14_0144-r0109","PREX",NA,0.49816025,-79.13850116,529,"cacao regeneration","cacao regeneration late",1985,38,"camera_trap","cacao","Beak.Width",3.225
"1065","CR14","SP04-ARL_221105_CR14_0144","13:13","13:13","Birds","Geotrygon_purpurata","","SP04-ARL_221105_CR14_0144-r0109","PREX",NA,0.49816025,-79.13850116,529,"cacao regeneration","cacao regeneration late",1985,38,"camera_trap","cacao","BodyMass",129
"1066","CR14","SP04-ARL_221105_CR14_0144","13:13","13:13","Birds","Geotrygon_purpurata","","SP04-ARL_221105_CR14_0144-r0109","PREX",NA,0.49816025,-79.13850116,529,"cacao regeneration","cacao regeneration late",1985,38,"camera_trap","cacao","Hand.wing.Index",26.275
"1067","CR14","SP04-ARL_221105_CR14_0144","13:13","13:13","Birds","Geotrygon_purpurata","","SP04-ARL_221105_CR14_0144-r0109","PREX",NA,0.49816025,-79.13850116,529,"cacao regeneration","cacao regeneration late",1985,38,"camera_trap","cacao","Kipps.Distance",35.225
"1068","CR14","SP04-ARL_221105_CR14_0144","13:13","13:13","Birds","Geotrygon_purpurata","","SP04-ARL_221105_CR14_0144-r0109","PREX",NA,0.49816025,-79.13850116,529,"cacao regeneration","cacao regeneration late",1985,38,"camera_trap","cacao","Secondary1",99.025
"1069","CR14","SP04-ARL_221105_CR14_0144","13:13","13:13","Birds","Geotrygon_purpurata","","SP04-ARL_221105_CR14_0144-r0109","PREX",NA,0.49816025,-79.13850116,529,"cacao regeneration","cacao regeneration late",1985,38,"camera_trap","cacao","Sex",NA
"1070","CR14","SP04-ARL_221105_CR14_0144","13:13","13:13","Birds","Geotrygon_purpurata","","SP04-ARL_221105_CR14_0144-r0109","PREX",NA,0.49816025,-79.13850116,529,"cacao regeneration","cacao regeneration late",1985,38,"camera_trap","cacao","Tail.Length",64.95
"1071","CR14","SP04-ARL_221105_CR14_0144","13:13","13:13","Birds","Geotrygon_purpurata","","SP04-ARL_221105_CR14_0144-r0109","PREX",NA,0.49816025,-79.13850116,529,"cacao regeneration","cacao regeneration late",1985,38,"camera_trap","cacao","Tarsus.Length",35.675
"1072","CR14","SP04-ARL_221105_CR14_0144","13:13","13:13","Birds","Geotrygon_purpurata","","SP04-ARL_221105_CR14_0144-r0109","PREX",NA,0.49816025,-79.13850116,529,"cacao regeneration","cacao regeneration late",1985,38,"camera_trap","cacao","Wing.Length",134.25
"1073","CR14","SP04-ARL_221106_CR14_0145","07:30","07:30","Birds","Odontophorus_erythrops","","SP04-ARL_221106_CR14_0145-r0110","PREX",NA,0.49816025,-79.13850116,529,"cacao regeneration","cacao regeneration late",1985,38,"camera_trap","cacao","Age",NA
"1074","CR14","SP04-ARL_221106_CR14_0145","07:30","07:30","Birds","Odontophorus_erythrops","","SP04-ARL_221106_CR14_0145-r0110","PREX",NA,0.49816025,-79.13850116,529,"cacao regeneration","cacao regeneration late",1985,38,"camera_trap","cacao","Beak.Depth",12.92
"1075","CR14","SP04-ARL_221106_CR14_0145","07:30","07:30","Birds","Odontophorus_erythrops","","SP04-ARL_221106_CR14_0145-r0110","PREX",NA,0.49816025,-79.13850116,529,"cacao regeneration","cacao regeneration late",1985,38,"camera_trap","cacao","Beak.Length_Culmen",20.98
"1076","CR14","SP04-ARL_221106_CR14_0145","07:30","07:30","Birds","Odontophorus_erythrops","","SP04-ARL_221106_CR14_0145-r0110","PREX",NA,0.49816025,-79.13850116,529,"cacao regeneration","cacao regeneration late",1985,38,"camera_trap","cacao","Beak.Length_Nares",11.6
"1077","CR14","SP04-ARL_221106_CR14_0145","07:30","07:30","Birds","Odontophorus_erythrops","","SP04-ARL_221106_CR14_0145-r0110","PREX",NA,0.49816025,-79.13850116,529,"cacao regeneration","cacao regeneration late",1985,38,"camera_trap","cacao","Beak.Width",8.86
"1078","CR14","SP04-ARL_221106_CR14_0145","07:30","07:30","Birds","Odontophorus_erythrops","","SP04-ARL_221106_CR14_0145-r0110","PREX",NA,0.49816025,-79.13850116,529,"cacao regeneration","cacao regeneration late",1985,38,"camera_trap","cacao","BodyMass",335
"1079","CR14","SP04-ARL_221106_CR14_0145","07:30","07:30","Birds","Odontophorus_erythrops","","SP04-ARL_221106_CR14_0145-r0110","PREX",NA,0.49816025,-79.13850116,529,"cacao regeneration","cacao regeneration late",1985,38,"camera_trap","cacao","Hand.wing.Index",27.05
"1080","CR14","SP04-ARL_221106_CR14_0145","07:30","07:30","Birds","Odontophorus_erythrops","","SP04-ARL_221106_CR14_0145-r0110","PREX",NA,0.49816025,-79.13850116,529,"cacao regeneration","cacao regeneration late",1985,38,"camera_trap","cacao","Kipps.Distance",38.25
"1081","CR14","SP04-ARL_221106_CR14_0145","07:30","07:30","Birds","Odontophorus_erythrops","","SP04-ARL_221106_CR14_0145-r0110","PREX",NA,0.49816025,-79.13850116,529,"cacao regeneration","cacao regeneration late",1985,38,"camera_trap","cacao","Secondary1",103
"1082","CR14","SP04-ARL_221106_CR14_0145","07:30","07:30","Birds","Odontophorus_erythrops","","SP04-ARL_221106_CR14_0145-r0110","PREX",NA,0.49816025,-79.13850116,529,"cacao regeneration","cacao regeneration late",1985,38,"camera_trap","cacao","Sex",NA
"1083","CR14","SP04-ARL_221106_CR14_0145","07:30","07:30","Birds","Odontophorus_erythrops","","SP04-ARL_221106_CR14_0145-r0110","PREX",NA,0.49816025,-79.13850116,529,"cacao regeneration","cacao regeneration late",1985,38,"camera_trap","cacao","Tail.Length",58
"1084","CR14","SP04-ARL_221106_CR14_0145","07:30","07:30","Birds","Odontophorus_erythrops","","SP04-ARL_221106_CR14_0145-r0110","PREX",NA,0.49816025,-79.13850116,529,"cacao regeneration","cacao regeneration late",1985,38,"camera_trap","cacao","Tarsus.Length",41.6
"1085","CR14","SP04-ARL_221106_CR14_0145","07:30","07:30","Birds","Odontophorus_erythrops","","SP04-ARL_221106_CR14_0145-r0110","PREX",NA,0.49816025,-79.13850116,529,"cacao regeneration","cacao regeneration late",1985,38,"camera_trap","cacao","Wing.Length",143
"1086","CR14","SP04-ARL_221106_CR14_0145","08:27","08:29","Birds","Odontophorus_erythrops","","SP04-ARL_221106_CR14_0145-r0111","PREX",NA,0.49816025,-79.13850116,529,"cacao regeneration","cacao regeneration late",1985,38,"camera_trap","cacao","Age",NA
"1087","CR14","SP04-ARL_221106_CR14_0145","08:27","08:29","Birds","Odontophorus_erythrops","","SP04-ARL_221106_CR14_0145-r0111","PREX",NA,0.49816025,-79.13850116,529,"cacao regeneration","cacao regeneration late",1985,38,"camera_trap","cacao","Beak.Depth",12.92
"1088","CR14","SP04-ARL_221106_CR14_0145","08:27","08:29","Birds","Odontophorus_erythrops","","SP04-ARL_221106_CR14_0145-r0111","PREX",NA,0.49816025,-79.13850116,529,"cacao regeneration","cacao regeneration late",1985,38,"camera_trap","cacao","Beak.Length_Culmen",20.98
"1089","CR14","SP04-ARL_221106_CR14_0145","08:27","08:29","Birds","Odontophorus_erythrops","","SP04-ARL_221106_CR14_0145-r0111","PREX",NA,0.49816025,-79.13850116,529,"cacao regeneration","cacao regeneration late",1985,38,"camera_trap","cacao","Beak.Length_Nares",11.6
"1090","CR14","SP04-ARL_221106_CR14_0145","08:27","08:29","Birds","Odontophorus_erythrops","","SP04-ARL_221106_CR14_0145-r0111","PREX",NA,0.49816025,-79.13850116,529,"cacao regeneration","cacao regeneration late",1985,38,"camera_trap","cacao","Beak.Width",8.86
"1091","CR14","SP04-ARL_221106_CR14_0145","08:27","08:29","Birds","Odontophorus_erythrops","","SP04-ARL_221106_CR14_0145-r0111","PREX",NA,0.49816025,-79.13850116,529,"cacao regeneration","cacao regeneration late",1985,38,"camera_trap","cacao","BodyMass",335
"1092","CR14","SP04-ARL_221106_CR14_0145","08:27","08:29","Birds","Odontophorus_erythrops","","SP04-ARL_221106_CR14_0145-r0111","PREX",NA,0.49816025,-79.13850116,529,"cacao regeneration","cacao regeneration late",1985,38,"camera_trap","cacao","Hand.wing.Index",27.05
"1093","CR14","SP04-ARL_221106_CR14_0145","08:27","08:29","Birds","Odontophorus_erythrops","","SP04-ARL_221106_CR14_0145-r0111","PREX",NA,0.49816025,-79.13850116,529,"cacao regeneration","cacao regeneration late",1985,38,"camera_trap","cacao","Kipps.Distance",38.25
"1094","CR14","SP04-ARL_221106_CR14_0145","08:27","08:29","Birds","Odontophorus_erythrops","","SP04-ARL_221106_CR14_0145-r0111","PREX",NA,0.49816025,-79.13850116,529,"cacao regeneration","cacao regeneration late",1985,38,"camera_trap","cacao","Secondary1",103
"1095","CR14","SP04-ARL_221106_CR14_0145","08:27","08:29","Birds","Odontophorus_erythrops","","SP04-ARL_221106_CR14_0145-r0111","PREX",NA,0.49816025,-79.13850116,529,"cacao regeneration","cacao regeneration late",1985,38,"camera_trap","cacao","Sex",NA
"1096","CR14","SP04-ARL_221106_CR14_0145","08:27","08:29","Birds","Odontophorus_erythrops","","SP04-ARL_221106_CR14_0145-r0111","PREX",NA,0.49816025,-79.13850116,529,"cacao regeneration","cacao regeneration late",1985,38,"camera_trap","cacao","Tail.Length",58
"1097","CR14","SP04-ARL_221106_CR14_0145","08:27","08:29","Birds","Odontophorus_erythrops","","SP04-ARL_221106_CR14_0145-r0111","PREX",NA,0.49816025,-79.13850116,529,"cacao regeneration","cacao regeneration late",1985,38,"camera_trap","cacao","Tarsus.Length",41.6
"1098","CR14","SP04-ARL_221106_CR14_0145","08:27","08:29","Birds","Odontophorus_erythrops","","SP04-ARL_221106_CR14_0145-r0111","PREX",NA,0.49816025,-79.13850116,529,"cacao regeneration","cacao regeneration late",1985,38,"camera_trap","cacao","Wing.Length",143
"1099","CR14","SP04-ARL_221107_CR14_0146","07:39","07:41","Birds","Odontophorus_erythrops","","SP04-ARL_221107_CR14_0146-r0112","PREX",NA,0.49816025,-79.13850116,529,"cacao regeneration","cacao regeneration late",1985,38,"camera_trap","cacao","Age",NA
"1100","CR14","SP04-ARL_221107_CR14_0146","07:39","07:41","Birds","Odontophorus_erythrops","","SP04-ARL_221107_CR14_0146-r0112","PREX",NA,0.49816025,-79.13850116,529,"cacao regeneration","cacao regeneration late",1985,38,"camera_trap","cacao","Beak.Depth",12.92
"1101","CR14","SP04-ARL_221107_CR14_0146","07:39","07:41","Birds","Odontophorus_erythrops","","SP04-ARL_221107_CR14_0146-r0112","PREX",NA,0.49816025,-79.13850116,529,"cacao regeneration","cacao regeneration late",1985,38,"camera_trap","cacao","Beak.Length_Culmen",20.98
"1102","CR14","SP04-ARL_221107_CR14_0146","07:39","07:41","Birds","Odontophorus_erythrops","","SP04-ARL_221107_CR14_0146-r0112","PREX",NA,0.49816025,-79.13850116,529,"cacao regeneration","cacao regeneration late",1985,38,"camera_trap","cacao","Beak.Length_Nares",11.6
"1103","CR14","SP04-ARL_221107_CR14_0146","07:39","07:41","Birds","Odontophorus_erythrops","","SP04-ARL_221107_CR14_0146-r0112","PREX",NA,0.49816025,-79.13850116,529,"cacao regeneration","cacao regeneration late",1985,38,"camera_trap","cacao","Beak.Width",8.86
"1104","CR14","SP04-ARL_221107_CR14_0146","07:39","07:41","Birds","Odontophorus_erythrops","","SP04-ARL_221107_CR14_0146-r0112","PREX",NA,0.49816025,-79.13850116,529,"cacao regeneration","cacao regeneration late",1985,38,"camera_trap","cacao","BodyMass",335
"1105","CR14","SP04-ARL_221107_CR14_0146","07:39","07:41","Birds","Odontophorus_erythrops","","SP04-ARL_221107_CR14_0146-r0112","PREX",NA,0.49816025,-79.13850116,529,"cacao regeneration","cacao regeneration late",1985,38,"camera_trap","cacao","Hand.wing.Index",27.05
"1106","CR14","SP04-ARL_221107_CR14_0146","07:39","07:41","Birds","Odontophorus_erythrops","","SP04-ARL_221107_CR14_0146-r0112","PREX",NA,0.49816025,-79.13850116,529,"cacao regeneration","cacao regeneration late",1985,38,"camera_trap","cacao","Kipps.Distance",38.25
"1107","CR14","SP04-ARL_221107_CR14_0146","07:39","07:41","Birds","Odontophorus_erythrops","","SP04-ARL_221107_CR14_0146-r0112","PREX",NA,0.49816025,-79.13850116,529,"cacao regeneration","cacao regeneration late",1985,38,"camera_trap","cacao","Secondary1",103
"1108","CR14","SP04-ARL_221107_CR14_0146","07:39","07:41","Birds","Odontophorus_erythrops","","SP04-ARL_221107_CR14_0146-r0112","PREX",NA,0.49816025,-79.13850116,529,"cacao regeneration","cacao regeneration late",1985,38,"camera_trap","cacao","Sex",NA
"1109","CR14","SP04-ARL_221107_CR14_0146","07:39","07:41","Birds","Odontophorus_erythrops","","SP04-ARL_221107_CR14_0146-r0112","PREX",NA,0.49816025,-79.13850116,529,"cacao regeneration","cacao regeneration late",1985,38,"camera_trap","cacao","Tail.Length",58
"1110","CR14","SP04-ARL_221107_CR14_0146","07:39","07:41","Birds","Odontophorus_erythrops","","SP04-ARL_221107_CR14_0146-r0112","PREX",NA,0.49816025,-79.13850116,529,"cacao regeneration","cacao regeneration late",1985,38,"camera_trap","cacao","Tarsus.Length",41.6
"1111","CR14","SP04-ARL_221107_CR14_0146","07:39","07:41","Birds","Odontophorus_erythrops","","SP04-ARL_221107_CR14_0146-r0112","PREX",NA,0.49816025,-79.13850116,529,"cacao regeneration","cacao regeneration late",1985,38,"camera_trap","cacao","Wing.Length",143
"1112","CR17","SP04-ARL_230421_CR17_0229","13:57","14:21","Rodentia","Dasyprocta_punctata","","SP04-ARL_230421_CR17_0229-r0164",NA,NA,0.51478038,-79.14413909,450,"cacao regeneration","cacao regeneration early",2014,9,"camera_trap","cacao","BodyMass",2674.98
"1113","CR17","SP04-ARL_230421_CR17_0229","13:57","14:21","Rodentia","Dasyprocta_punctata","","SP04-ARL_230421_CR17_0229-r0164",NA,NA,0.51478038,-79.14413909,450,"cacao regeneration","cacao regeneration early",2014,9,"camera_trap","cacao","Sex",NA
"1114","CR17","SP04-ARL_230421_CR17_0229","13:57","14:21","Rodentia","Dasyprocta_punctata","","SP04-ARL_230421_CR17_0229-r0164",NA,NA,0.51478038,-79.14413909,450,"cacao regeneration","cacao regeneration early",2014,9,"camera_trap","cacao","acrossincisortipsBreadth",8.504
"1115","CR17","SP04-ARL_230421_CR17_0229","13:57","14:21","Rodentia","Dasyprocta_punctata","","SP04-ARL_230421_CR17_0229-r0164",NA,NA,0.51478038,-79.14413909,450,"cacao regeneration","cacao regeneration early",2014,9,"camera_trap","cacao","condylobasalLength",75.74
"1116","CR17","SP04-ARL_230421_CR17_0229","13:57","14:21","Rodentia","Dasyprocta_punctata","","SP04-ARL_230421_CR17_0229-r0164",NA,NA,0.51478038,-79.14413909,450,"cacao regeneration","cacao regeneration early",2014,9,"camera_trap","cacao","earLength",28.585
"1117","CR17","SP04-ARL_230421_CR17_0229","13:57","14:21","Rodentia","Dasyprocta_punctata","","SP04-ARL_230421_CR17_0229-r0164",NA,NA,0.51478038,-79.14413909,450,"cacao regeneration","cacao regeneration early",2014,9,"camera_trap","cacao","forefootLength",49.595
"1118","CR17","SP04-ARL_230421_CR17_0229","13:57","14:21","Rodentia","Dasyprocta_punctata","","SP04-ARL_230421_CR17_0229-r0164",NA,NA,0.51478038,-79.14413909,450,"cacao regeneration","cacao regeneration early",2014,9,"camera_trap","cacao","forefootWidth",19.78
"1119","CR17","SP04-ARL_230421_CR17_0229","13:57","14:21","Rodentia","Dasyprocta_punctata","","SP04-ARL_230421_CR17_0229-r0164",NA,NA,0.51478038,-79.14413909,450,"cacao regeneration","cacao regeneration early",2014,9,"camera_trap","cacao","forefootclawLength",16.905
"1120","CR17","SP04-ARL_230421_CR17_0229","13:57","14:21","Rodentia","Dasyprocta_punctata","","SP04-ARL_230421_CR17_0229-r0164",NA,NA,0.51478038,-79.14413909,450,"cacao regeneration","cacao regeneration early",2014,9,"camera_trap","cacao","headandbodyLength",554.18
"1121","CR17","SP04-ARL_230421_CR17_0229","13:57","14:21","Rodentia","Dasyprocta_punctata","","SP04-ARL_230421_CR17_0229-r0164",NA,NA,0.51478038,-79.14413909,450,"cacao regeneration","cacao regeneration early",2014,9,"camera_trap","cacao","hindfootLength",103.92
"1122","CR17","SP04-ARL_230421_CR17_0229","13:57","14:21","Rodentia","Dasyprocta_punctata","","SP04-ARL_230421_CR17_0229-r0164",NA,NA,0.51478038,-79.14413909,450,"cacao regeneration","cacao regeneration early",2014,9,"camera_trap","cacao","hindfootWidth",19.56
"1123","CR17","SP04-ARL_230421_CR17_0229","13:57","14:21","Rodentia","Dasyprocta_punctata","","SP04-ARL_230421_CR17_0229-r0164",NA,NA,0.51478038,-79.14413909,450,"cacao regeneration","cacao regeneration early",2014,9,"camera_trap","cacao","mandibleDiagonal",43.53
"1124","CR17","SP04-ARL_230421_CR17_0229","13:57","14:21","Rodentia","Dasyprocta_punctata","","SP04-ARL_230421_CR17_0229-r0164",NA,NA,0.51478038,-79.14413909,450,"cacao regeneration","cacao regeneration early",2014,9,"camera_trap","cacao","mandibleLength",41.0966666666667
"1125","CR17","SP04-ARL_230421_CR17_0229","13:57","14:21","Rodentia","Dasyprocta_punctata","","SP04-ARL_230421_CR17_0229-r0164",NA,NA,0.51478038,-79.14413909,450,"cacao regeneration","cacao regeneration early",2014,9,"camera_trap","cacao","mandibleWidth",37.215
"1126","CR17","SP04-ARL_230421_CR17_0229","13:57","14:21","Rodentia","Dasyprocta_punctata","","SP04-ARL_230421_CR17_0229-r0164",NA,NA,0.51478038,-79.14413909,450,"cacao regeneration","cacao regeneration early",2014,9,"camera_trap","cacao","mandibularcorpusHeight",15.5533333333333
"1127","CR17","SP04-ARL_230421_CR17_0229","13:57","14:21","Rodentia","Dasyprocta_punctata","","SP04-ARL_230421_CR17_0229-r0164",NA,NA,0.51478038,-79.14413909,450,"cacao regeneration","cacao regeneration early",2014,9,"camera_trap","cacao","maxillarytoothrowAlveolarlength",18.02
"1128","CR17","SP04-ARL_230421_CR17_0229","13:57","14:21","Rodentia","Dasyprocta_punctata","","SP04-ARL_230421_CR17_0229-r0164",NA,NA,0.51478038,-79.14413909,450,"cacao regeneration","cacao regeneration early",2014,9,"camera_trap","cacao","rostrumLength",38.132
"1129","CR17","SP04-ARL_230421_CR17_0229","13:57","14:21","Rodentia","Dasyprocta_punctata","","SP04-ARL_230421_CR17_0229-r0164",NA,NA,0.51478038,-79.14413909,450,"cacao regeneration","cacao regeneration early",2014,9,"camera_trap","cacao","tailLength",15.515
"1130","CR17","SP04-ARL_230421_CR17_0229","13:57","14:21","Rodentia","Dasyprocta_punctata","","SP04-ARL_230421_CR17_0229-r0164",NA,NA,0.51478038,-79.14413909,450,"cacao regeneration","cacao regeneration early",2014,9,"camera_trap","cacao","vibrissaeLength",79.02
"1131","CR17","SP04-ARL_230421_CR17_0229","13:57","14:21","Rodentia","Dasyprocta_punctata","","SP04-ARL_230421_CR17_0229-r0164",NA,NA,0.51478038,-79.14413909,450,"cacao regeneration","cacao regeneration early",2014,9,"camera_trap","cacao","zygomaticBreadth",47.4975
"1132","CR17","SP04-ARL_230422_CR17_0230","18:55","19:12","Rodentia","Proechimys_semispinosus","","SP04-ARL_230422_CR17_0230-r0165",NA,NA,0.51478038,-79.14413909,450,"cacao regeneration","cacao regeneration early",2014,9,"camera_trap","cacao","BodyMass",360.5
"1133","CR17","SP04-ARL_230422_CR17_0230","18:55","19:12","Rodentia","Proechimys_semispinosus","","SP04-ARL_230422_CR17_0230-r0165",NA,NA,0.51478038,-79.14413909,450,"cacao regeneration","cacao regeneration early",2014,9,"camera_trap","cacao","Sex",NA
"1134","CR17","SP04-ARL_230422_CR17_0230","18:55","19:12","Rodentia","Proechimys_semispinosus","","SP04-ARL_230422_CR17_0230-r0165",NA,NA,0.51478038,-79.14413909,450,"cacao regeneration","cacao regeneration early",2014,9,"camera_trap","cacao","acrossincisortipsBreadth",7.283
"1135","CR17","SP04-ARL_230422_CR17_0230","18:55","19:12","Rodentia","Proechimys_semispinosus","","SP04-ARL_230422_CR17_0230-r0165",NA,NA,0.51478038,-79.14413909,450,"cacao regeneration","cacao regeneration early",2014,9,"camera_trap","cacao","condylobasalLength",44.546
"1136","CR17","SP04-ARL_230422_CR17_0230","18:55","19:12","Rodentia","Proechimys_semispinosus","","SP04-ARL_230422_CR17_0230-r0165",NA,NA,0.51478038,-79.14413909,450,"cacao regeneration","cacao regeneration early",2014,9,"camera_trap","cacao","earLength",15.0225
"1137","CR17","SP04-ARL_230422_CR17_0230","18:55","19:12","Rodentia","Proechimys_semispinosus","","SP04-ARL_230422_CR17_0230-r0165",NA,NA,0.51478038,-79.14413909,450,"cacao regeneration","cacao regeneration early",2014,9,"camera_trap","cacao","forefootLength",18.13
"1138","CR17","SP04-ARL_230422_CR17_0230","18:55","19:12","Rodentia","Proechimys_semispinosus","","SP04-ARL_230422_CR17_0230-r0165",NA,NA,0.51478038,-79.14413909,450,"cacao regeneration","cacao regeneration early",2014,9,"camera_trap","cacao","forefootWidth",6.8325
"1139","CR17","SP04-ARL_230422_CR17_0230","18:55","19:12","Rodentia","Proechimys_semispinosus","","SP04-ARL_230422_CR17_0230-r0165",NA,NA,0.51478038,-79.14413909,450,"cacao regeneration","cacao regeneration early",2014,9,"camera_trap","cacao","forefootclawLength",3.08
"1140","CR17","SP04-ARL_230422_CR17_0230","18:55","19:12","Rodentia","Proechimys_semispinosus","","SP04-ARL_230422_CR17_0230-r0165",NA,NA,0.51478038,-79.14413909,450,"cacao regeneration","cacao regeneration early",2014,9,"camera_trap","cacao","headandbodyLength",209.8225
"1141","CR17","SP04-ARL_230422_CR17_0230","18:55","19:12","Rodentia","Proechimys_semispinosus","","SP04-ARL_230422_CR17_0230-r0165",NA,NA,0.51478038,-79.14413909,450,"cacao regeneration","cacao regeneration early",2014,9,"camera_trap","cacao","hindfootLength",44.63
"1142","CR17","SP04-ARL_230422_CR17_0230","18:55","19:12","Rodentia","Proechimys_semispinosus","","SP04-ARL_230422_CR17_0230-r0165",NA,NA,0.51478038,-79.14413909,450,"cacao regeneration","cacao regeneration early",2014,9,"camera_trap","cacao","hindfootWidth",9.2
"1143","CR17","SP04-ARL_230422_CR17_0230","18:55","19:12","Rodentia","Proechimys_semispinosus","","SP04-ARL_230422_CR17_0230-r0165",NA,NA,0.51478038,-79.14413909,450,"cacao regeneration","cacao regeneration early",2014,9,"camera_trap","cacao","mandibleDiagonal",22.782
"1144","CR17","SP04-ARL_230422_CR17_0230","18:55","19:12","Rodentia","Proechimys_semispinosus","","SP04-ARL_230422_CR17_0230-r0165",NA,NA,0.51478038,-79.14413909,450,"cacao regeneration","cacao regeneration early",2014,9,"camera_trap","cacao","mandibleLength",22.9
"1145","CR17","SP04-ARL_230422_CR17_0230","18:55","19:12","Rodentia","Proechimys_semispinosus","","SP04-ARL_230422_CR17_0230-r0165",NA,NA,0.51478038,-79.14413909,450,"cacao regeneration","cacao regeneration early",2014,9,"camera_trap","cacao","mandibleWidth",26.8021428571429
"1146","CR17","SP04-ARL_230422_CR17_0230","18:55","19:12","Rodentia","Proechimys_semispinosus","","SP04-ARL_230422_CR17_0230-r0165",NA,NA,0.51478038,-79.14413909,450,"cacao regeneration","cacao regeneration early",2014,9,"camera_trap","cacao","mandibularcorpusHeight",11.66
"1147","CR17","SP04-ARL_230422_CR17_0230","18:55","19:12","Rodentia","Proechimys_semispinosus","","SP04-ARL_230422_CR17_0230-r0165",NA,NA,0.51478038,-79.14413909,450,"cacao regeneration","cacao regeneration early",2014,9,"camera_trap","cacao","maxillarytoothrowAlveolarlength",12.98
"1148","CR17","SP04-ARL_230422_CR17_0230","18:55","19:12","Rodentia","Proechimys_semispinosus","","SP04-ARL_230422_CR17_0230-r0165",NA,NA,0.51478038,-79.14413909,450,"cacao regeneration","cacao regeneration early",2014,9,"camera_trap","cacao","rostrumLength",23.417
"1149","CR17","SP04-ARL_230422_CR17_0230","18:55","19:12","Rodentia","Proechimys_semispinosus","","SP04-ARL_230422_CR17_0230-r0165",NA,NA,0.51478038,-79.14413909,450,"cacao regeneration","cacao regeneration early",2014,9,"camera_trap","cacao","tailLength",60.87
"1150","CR17","SP04-ARL_230422_CR17_0230","18:55","19:12","Rodentia","Proechimys_semispinosus","","SP04-ARL_230422_CR17_0230-r0165",NA,NA,0.51478038,-79.14413909,450,"cacao regeneration","cacao regeneration early",2014,9,"camera_trap","cacao","vibrissaeLength",63.0425
"1151","CR17","SP04-ARL_230422_CR17_0230","18:55","19:12","Rodentia","Proechimys_semispinosus","","SP04-ARL_230422_CR17_0230-r0165",NA,NA,0.51478038,-79.14413909,450,"cacao regeneration","cacao regeneration early",2014,9,"camera_trap","cacao","zygomaticBreadth",29.363
"1152","CR17","SP04-ARL_230422_CR17_0230","13:32","13:32","Rodentia","Dasyprocta_punctata","","SP04-ARL_230422_CR17_0230-r0166",NA,NA,0.51478038,-79.14413909,450,"cacao regeneration","cacao regeneration early",2014,9,"camera_trap","cacao","BodyMass",2674.98
"1153","CR17","SP04-ARL_230422_CR17_0230","13:32","13:32","Rodentia","Dasyprocta_punctata","","SP04-ARL_230422_CR17_0230-r0166",NA,NA,0.51478038,-79.14413909,450,"cacao regeneration","cacao regeneration early",2014,9,"camera_trap","cacao","Sex",NA
"1154","CR17","SP04-ARL_230422_CR17_0230","13:32","13:32","Rodentia","Dasyprocta_punctata","","SP04-ARL_230422_CR17_0230-r0166",NA,NA,0.51478038,-79.14413909,450,"cacao regeneration","cacao regeneration early",2014,9,"camera_trap","cacao","acrossincisortipsBreadth",8.504
"1155","CR17","SP04-ARL_230422_CR17_0230","13:32","13:32","Rodentia","Dasyprocta_punctata","","SP04-ARL_230422_CR17_0230-r0166",NA,NA,0.51478038,-79.14413909,450,"cacao regeneration","cacao regeneration early",2014,9,"camera_trap","cacao","condylobasalLength",75.74
"1156","CR17","SP04-ARL_230422_CR17_0230","13:32","13:32","Rodentia","Dasyprocta_punctata","","SP04-ARL_230422_CR17_0230-r0166",NA,NA,0.51478038,-79.14413909,450,"cacao regeneration","cacao regeneration early",2014,9,"camera_trap","cacao","earLength",28.585
"1157","CR17","SP04-ARL_230422_CR17_0230","13:32","13:32","Rodentia","Dasyprocta_punctata","","SP04-ARL_230422_CR17_0230-r0166",NA,NA,0.51478038,-79.14413909,450,"cacao regeneration","cacao regeneration early",2014,9,"camera_trap","cacao","forefootLength",49.595
"1158","CR17","SP04-ARL_230422_CR17_0230","13:32","13:32","Rodentia","Dasyprocta_punctata","","SP04-ARL_230422_CR17_0230-r0166",NA,NA,0.51478038,-79.14413909,450,"cacao regeneration","cacao regeneration early",2014,9,"camera_trap","cacao","forefootWidth",19.78
"1159","CR17","SP04-ARL_230422_CR17_0230","13:32","13:32","Rodentia","Dasyprocta_punctata","","SP04-ARL_230422_CR17_0230-r0166",NA,NA,0.51478038,-79.14413909,450,"cacao regeneration","cacao regeneration early",2014,9,"camera_trap","cacao","forefootclawLength",16.905
"1160","CR17","SP04-ARL_230422_CR17_0230","13:32","13:32","Rodentia","Dasyprocta_punctata","","SP04-ARL_230422_CR17_0230-r0166",NA,NA,0.51478038,-79.14413909,450,"cacao regeneration","cacao regeneration early",2014,9,"camera_trap","cacao","headandbodyLength",554.18
"1161","CR17","SP04-ARL_230422_CR17_0230","13:32","13:32","Rodentia","Dasyprocta_punctata","","SP04-ARL_230422_CR17_0230-r0166",NA,NA,0.51478038,-79.14413909,450,"cacao regeneration","cacao regeneration early",2014,9,"camera_trap","cacao","hindfootLength",103.92
"1162","CR17","SP04-ARL_230422_CR17_0230","13:32","13:32","Rodentia","Dasyprocta_punctata","","SP04-ARL_230422_CR17_0230-r0166",NA,NA,0.51478038,-79.14413909,450,"cacao regeneration","cacao regeneration early",2014,9,"camera_trap","cacao","hindfootWidth",19.56
"1163","CR17","SP04-ARL_230422_CR17_0230","13:32","13:32","Rodentia","Dasyprocta_punctata","","SP04-ARL_230422_CR17_0230-r0166",NA,NA,0.51478038,-79.14413909,450,"cacao regeneration","cacao regeneration early",2014,9,"camera_trap","cacao","mandibleDiagonal",43.53
"1164","CR17","SP04-ARL_230422_CR17_0230","13:32","13:32","Rodentia","Dasyprocta_punctata","","SP04-ARL_230422_CR17_0230-r0166",NA,NA,0.51478038,-79.14413909,450,"cacao regeneration","cacao regeneration early",2014,9,"camera_trap","cacao","mandibleLength",41.0966666666667
"1165","CR17","SP04-ARL_230422_CR17_0230","13:32","13:32","Rodentia","Dasyprocta_punctata","","SP04-ARL_230422_CR17_0230-r0166",NA,NA,0.51478038,-79.14413909,450,"cacao regeneration","cacao regeneration early",2014,9,"camera_trap","cacao","mandibleWidth",37.215
"1166","CR17","SP04-ARL_230422_CR17_0230","13:32","13:32","Rodentia","Dasyprocta_punctata","","SP04-ARL_230422_CR17_0230-r0166",NA,NA,0.51478038,-79.14413909,450,"cacao regeneration","cacao regeneration early",2014,9,"camera_trap","cacao","mandibularcorpusHeight",15.5533333333333
"1167","CR17","SP04-ARL_230422_CR17_0230","13:32","13:32","Rodentia","Dasyprocta_punctata","","SP04-ARL_230422_CR17_0230-r0166",NA,NA,0.51478038,-79.14413909,450,"cacao regeneration","cacao regeneration early",2014,9,"camera_trap","cacao","maxillarytoothrowAlveolarlength",18.02
"1168","CR17","SP04-ARL_230422_CR17_0230","13:32","13:32","Rodentia","Dasyprocta_punctata","","SP04-ARL_230422_CR17_0230-r0166",NA,NA,0.51478038,-79.14413909,450,"cacao regeneration","cacao regeneration early",2014,9,"camera_trap","cacao","rostrumLength",38.132
"1169","CR17","SP04-ARL_230422_CR17_0230","13:32","13:32","Rodentia","Dasyprocta_punctata","","SP04-ARL_230422_CR17_0230-r0166",NA,NA,0.51478038,-79.14413909,450,"cacao regeneration","cacao regeneration early",2014,9,"camera_trap","cacao","tailLength",15.515
"1170","CR17","SP04-ARL_230422_CR17_0230","13:32","13:32","Rodentia","Dasyprocta_punctata","","SP04-ARL_230422_CR17_0230-r0166",NA,NA,0.51478038,-79.14413909,450,"cacao regeneration","cacao regeneration early",2014,9,"camera_trap","cacao","vibrissaeLength",79.02
"1171","CR17","SP04-ARL_230422_CR17_0230","13:32","13:32","Rodentia","Dasyprocta_punctata","","SP04-ARL_230422_CR17_0230-r0166",NA,NA,0.51478038,-79.14413909,450,"cacao regeneration","cacao regeneration early",2014,9,"camera_trap","cacao","zygomaticBreadth",47.4975
"1172","CR17","SP04-ARL_230423_CR17_0231","20:01","20:01","Rodentia","Dasyprocta_punctata","","SP04-ARL_230423_CR17_0231-r0167",NA,NA,0.51478038,-79.14413909,450,"cacao regeneration","cacao regeneration early",2014,9,"camera_trap","cacao","BodyMass",2674.98
"1173","CR17","SP04-ARL_230423_CR17_0231","20:01","20:01","Rodentia","Dasyprocta_punctata","","SP04-ARL_230423_CR17_0231-r0167",NA,NA,0.51478038,-79.14413909,450,"cacao regeneration","cacao regeneration early",2014,9,"camera_trap","cacao","Sex",NA
"1174","CR17","SP04-ARL_230423_CR17_0231","20:01","20:01","Rodentia","Dasyprocta_punctata","","SP04-ARL_230423_CR17_0231-r0167",NA,NA,0.51478038,-79.14413909,450,"cacao regeneration","cacao regeneration early",2014,9,"camera_trap","cacao","acrossincisortipsBreadth",8.504
"1175","CR17","SP04-ARL_230423_CR17_0231","20:01","20:01","Rodentia","Dasyprocta_punctata","","SP04-ARL_230423_CR17_0231-r0167",NA,NA,0.51478038,-79.14413909,450,"cacao regeneration","cacao regeneration early",2014,9,"camera_trap","cacao","condylobasalLength",75.74
"1176","CR17","SP04-ARL_230423_CR17_0231","20:01","20:01","Rodentia","Dasyprocta_punctata","","SP04-ARL_230423_CR17_0231-r0167",NA,NA,0.51478038,-79.14413909,450,"cacao regeneration","cacao regeneration early",2014,9,"camera_trap","cacao","earLength",28.585
"1177","CR17","SP04-ARL_230423_CR17_0231","20:01","20:01","Rodentia","Dasyprocta_punctata","","SP04-ARL_230423_CR17_0231-r0167",NA,NA,0.51478038,-79.14413909,450,"cacao regeneration","cacao regeneration early",2014,9,"camera_trap","cacao","forefootLength",49.595
"1178","CR17","SP04-ARL_230423_CR17_0231","20:01","20:01","Rodentia","Dasyprocta_punctata","","SP04-ARL_230423_CR17_0231-r0167",NA,NA,0.51478038,-79.14413909,450,"cacao regeneration","cacao regeneration early",2014,9,"camera_trap","cacao","forefootWidth",19.78
"1179","CR17","SP04-ARL_230423_CR17_0231","20:01","20:01","Rodentia","Dasyprocta_punctata","","SP04-ARL_230423_CR17_0231-r0167",NA,NA,0.51478038,-79.14413909,450,"cacao regeneration","cacao regeneration early",2014,9,"camera_trap","cacao","forefootclawLength",16.905
"1180","CR17","SP04-ARL_230423_CR17_0231","20:01","20:01","Rodentia","Dasyprocta_punctata","","SP04-ARL_230423_CR17_0231-r0167",NA,NA,0.51478038,-79.14413909,450,"cacao regeneration","cacao regeneration early",2014,9,"camera_trap","cacao","headandbodyLength",554.18
"1181","CR17","SP04-ARL_230423_CR17_0231","20:01","20:01","Rodentia","Dasyprocta_punctata","","SP04-ARL_230423_CR17_0231-r0167",NA,NA,0.51478038,-79.14413909,450,"cacao regeneration","cacao regeneration early",2014,9,"camera_trap","cacao","hindfootLength",103.92
"1182","CR17","SP04-ARL_230423_CR17_0231","20:01","20:01","Rodentia","Dasyprocta_punctata","","SP04-ARL_230423_CR17_0231-r0167",NA,NA,0.51478038,-79.14413909,450,"cacao regeneration","cacao regeneration early",2014,9,"camera_trap","cacao","hindfootWidth",19.56
"1183","CR17","SP04-ARL_230423_CR17_0231","20:01","20:01","Rodentia","Dasyprocta_punctata","","SP04-ARL_230423_CR17_0231-r0167",NA,NA,0.51478038,-79.14413909,450,"cacao regeneration","cacao regeneration early",2014,9,"camera_trap","cacao","mandibleDiagonal",43.53
"1184","CR17","SP04-ARL_230423_CR17_0231","20:01","20:01","Rodentia","Dasyprocta_punctata","","SP04-ARL_230423_CR17_0231-r0167",NA,NA,0.51478038,-79.14413909,450,"cacao regeneration","cacao regeneration early",2014,9,"camera_trap","cacao","mandibleLength",41.0966666666667
"1185","CR17","SP04-ARL_230423_CR17_0231","20:01","20:01","Rodentia","Dasyprocta_punctata","","SP04-ARL_230423_CR17_0231-r0167",NA,NA,0.51478038,-79.14413909,450,"cacao regeneration","cacao regeneration early",2014,9,"camera_trap","cacao","mandibleWidth",37.215
"1186","CR17","SP04-ARL_230423_CR17_0231","20:01","20:01","Rodentia","Dasyprocta_punctata","","SP04-ARL_230423_CR17_0231-r0167",NA,NA,0.51478038,-79.14413909,450,"cacao regeneration","cacao regeneration early",2014,9,"camera_trap","cacao","mandibularcorpusHeight",15.5533333333333
"1187","CR17","SP04-ARL_230423_CR17_0231","20:01","20:01","Rodentia","Dasyprocta_punctata","","SP04-ARL_230423_CR17_0231-r0167",NA,NA,0.51478038,-79.14413909,450,"cacao regeneration","cacao regeneration early",2014,9,"camera_trap","cacao","maxillarytoothrowAlveolarlength",18.02
"1188","CR17","SP04-ARL_230423_CR17_0231","20:01","20:01","Rodentia","Dasyprocta_punctata","","SP04-ARL_230423_CR17_0231-r0167",NA,NA,0.51478038,-79.14413909,450,"cacao regeneration","cacao regeneration early",2014,9,"camera_trap","cacao","rostrumLength",38.132
"1189","CR17","SP04-ARL_230423_CR17_0231","20:01","20:01","Rodentia","Dasyprocta_punctata","","SP04-ARL_230423_CR17_0231-r0167",NA,NA,0.51478038,-79.14413909,450,"cacao regeneration","cacao regeneration early",2014,9,"camera_trap","cacao","tailLength",15.515
"1190","CR17","SP04-ARL_230423_CR17_0231","20:01","20:01","Rodentia","Dasyprocta_punctata","","SP04-ARL_230423_CR17_0231-r0167",NA,NA,0.51478038,-79.14413909,450,"cacao regeneration","cacao regeneration early",2014,9,"camera_trap","cacao","vibrissaeLength",79.02
"1191","CR17","SP04-ARL_230423_CR17_0231","20:01","20:01","Rodentia","Dasyprocta_punctata","","SP04-ARL_230423_CR17_0231-r0167",NA,NA,0.51478038,-79.14413909,450,"cacao regeneration","cacao regeneration early",2014,9,"camera_trap","cacao","zygomaticBreadth",47.4975
"1192","CR17","SP04-ARL_230425_CR17_0232","10:40","10:41","Rodentia","Dasyprocta_punctata","","SP04-ARL_230425_CR17_0232-r0168",NA,NA,0.51478038,-79.14413909,450,"cacao regeneration","cacao regeneration early",2014,9,"camera_trap","cacao","BodyMass",2674.98
"1193","CR17","SP04-ARL_230425_CR17_0232","10:40","10:41","Rodentia","Dasyprocta_punctata","","SP04-ARL_230425_CR17_0232-r0168",NA,NA,0.51478038,-79.14413909,450,"cacao regeneration","cacao regeneration early",2014,9,"camera_trap","cacao","Sex",NA
"1194","CR17","SP04-ARL_230425_CR17_0232","10:40","10:41","Rodentia","Dasyprocta_punctata","","SP04-ARL_230425_CR17_0232-r0168",NA,NA,0.51478038,-79.14413909,450,"cacao regeneration","cacao regeneration early",2014,9,"camera_trap","cacao","acrossincisortipsBreadth",8.504
"1195","CR17","SP04-ARL_230425_CR17_0232","10:40","10:41","Rodentia","Dasyprocta_punctata","","SP04-ARL_230425_CR17_0232-r0168",NA,NA,0.51478038,-79.14413909,450,"cacao regeneration","cacao regeneration early",2014,9,"camera_trap","cacao","condylobasalLength",75.74
"1196","CR17","SP04-ARL_230425_CR17_0232","10:40","10:41","Rodentia","Dasyprocta_punctata","","SP04-ARL_230425_CR17_0232-r0168",NA,NA,0.51478038,-79.14413909,450,"cacao regeneration","cacao regeneration early",2014,9,"camera_trap","cacao","earLength",28.585
"1197","CR17","SP04-ARL_230425_CR17_0232","10:40","10:41","Rodentia","Dasyprocta_punctata","","SP04-ARL_230425_CR17_0232-r0168",NA,NA,0.51478038,-79.14413909,450,"cacao regeneration","cacao regeneration early",2014,9,"camera_trap","cacao","forefootLength",49.595
"1198","CR17","SP04-ARL_230425_CR17_0232","10:40","10:41","Rodentia","Dasyprocta_punctata","","SP04-ARL_230425_CR17_0232-r0168",NA,NA,0.51478038,-79.14413909,450,"cacao regeneration","cacao regeneration early",2014,9,"camera_trap","cacao","forefootWidth",19.78
"1199","CR17","SP04-ARL_230425_CR17_0232","10:40","10:41","Rodentia","Dasyprocta_punctata","","SP04-ARL_230425_CR17_0232-r0168",NA,NA,0.51478038,-79.14413909,450,"cacao regeneration","cacao regeneration early",2014,9,"camera_trap","cacao","forefootclawLength",16.905
"1200","CR17","SP04-ARL_230425_CR17_0232","10:40","10:41","Rodentia","Dasyprocta_punctata","","SP04-ARL_230425_CR17_0232-r0168",NA,NA,0.51478038,-79.14413909,450,"cacao regeneration","cacao regeneration early",2014,9,"camera_trap","cacao","headandbodyLength",554.18
"1201","CR17","SP04-ARL_230425_CR17_0232","10:40","10:41","Rodentia","Dasyprocta_punctata","","SP04-ARL_230425_CR17_0232-r0168",NA,NA,0.51478038,-79.14413909,450,"cacao regeneration","cacao regeneration early",2014,9,"camera_trap","cacao","hindfootLength",103.92
"1202","CR17","SP04-ARL_230425_CR17_0232","10:40","10:41","Rodentia","Dasyprocta_punctata","","SP04-ARL_230425_CR17_0232-r0168",NA,NA,0.51478038,-79.14413909,450,"cacao regeneration","cacao regeneration early",2014,9,"camera_trap","cacao","hindfootWidth",19.56
"1203","CR17","SP04-ARL_230425_CR17_0232","10:40","10:41","Rodentia","Dasyprocta_punctata","","SP04-ARL_230425_CR17_0232-r0168",NA,NA,0.51478038,-79.14413909,450,"cacao regeneration","cacao regeneration early",2014,9,"camera_trap","cacao","mandibleDiagonal",43.53
"1204","CR17","SP04-ARL_230425_CR17_0232","10:40","10:41","Rodentia","Dasyprocta_punctata","","SP04-ARL_230425_CR17_0232-r0168",NA,NA,0.51478038,-79.14413909,450,"cacao regeneration","cacao regeneration early",2014,9,"camera_trap","cacao","mandibleLength",41.0966666666667
"1205","CR17","SP04-ARL_230425_CR17_0232","10:40","10:41","Rodentia","Dasyprocta_punctata","","SP04-ARL_230425_CR17_0232-r0168",NA,NA,0.51478038,-79.14413909,450,"cacao regeneration","cacao regeneration early",2014,9,"camera_trap","cacao","mandibleWidth",37.215
"1206","CR17","SP04-ARL_230425_CR17_0232","10:40","10:41","Rodentia","Dasyprocta_punctata","","SP04-ARL_230425_CR17_0232-r0168",NA,NA,0.51478038,-79.14413909,450,"cacao regeneration","cacao regeneration early",2014,9,"camera_trap","cacao","mandibularcorpusHeight",15.5533333333333
"1207","CR17","SP04-ARL_230425_CR17_0232","10:40","10:41","Rodentia","Dasyprocta_punctata","","SP04-ARL_230425_CR17_0232-r0168",NA,NA,0.51478038,-79.14413909,450,"cacao regeneration","cacao regeneration early",2014,9,"camera_trap","cacao","maxillarytoothrowAlveolarlength",18.02
"1208","CR17","SP04-ARL_230425_CR17_0232","10:40","10:41","Rodentia","Dasyprocta_punctata","","SP04-ARL_230425_CR17_0232-r0168",NA,NA,0.51478038,-79.14413909,450,"cacao regeneration","cacao regeneration early",2014,9,"camera_trap","cacao","rostrumLength",38.132
"1209","CR17","SP04-ARL_230425_CR17_0232","10:40","10:41","Rodentia","Dasyprocta_punctata","","SP04-ARL_230425_CR17_0232-r0168",NA,NA,0.51478038,-79.14413909,450,"cacao regeneration","cacao regeneration early",2014,9,"camera_trap","cacao","tailLength",15.515
"1210","CR17","SP04-ARL_230425_CR17_0232","10:40","10:41","Rodentia","Dasyprocta_punctata","","SP04-ARL_230425_CR17_0232-r0168",NA,NA,0.51478038,-79.14413909,450,"cacao regeneration","cacao regeneration early",2014,9,"camera_trap","cacao","vibrissaeLength",79.02
"1211","CR17","SP04-ARL_230425_CR17_0232","10:40","10:41","Rodentia","Dasyprocta_punctata","","SP04-ARL_230425_CR17_0232-r0168",NA,NA,0.51478038,-79.14413909,450,"cacao regeneration","cacao regeneration early",2014,9,"camera_trap","cacao","zygomaticBreadth",47.4975
"1212","CR17","SP04-ARL_230425_CR17_0232","18:12","18:15","Rodentia","Dasyprocta_punctata","","SP04-ARL_230425_CR17_0232-r0169",NA,NA,0.51478038,-79.14413909,450,"cacao regeneration","cacao regeneration early",2014,9,"camera_trap","cacao","BodyMass",2674.98
"1213","CR17","SP04-ARL_230425_CR17_0232","18:12","18:15","Rodentia","Dasyprocta_punctata","","SP04-ARL_230425_CR17_0232-r0169",NA,NA,0.51478038,-79.14413909,450,"cacao regeneration","cacao regeneration early",2014,9,"camera_trap","cacao","Sex",NA
"1214","CR17","SP04-ARL_230425_CR17_0232","18:12","18:15","Rodentia","Dasyprocta_punctata","","SP04-ARL_230425_CR17_0232-r0169",NA,NA,0.51478038,-79.14413909,450,"cacao regeneration","cacao regeneration early",2014,9,"camera_trap","cacao","acrossincisortipsBreadth",8.504
"1215","CR17","SP04-ARL_230425_CR17_0232","18:12","18:15","Rodentia","Dasyprocta_punctata","","SP04-ARL_230425_CR17_0232-r0169",NA,NA,0.51478038,-79.14413909,450,"cacao regeneration","cacao regeneration early",2014,9,"camera_trap","cacao","condylobasalLength",75.74
"1216","CR17","SP04-ARL_230425_CR17_0232","18:12","18:15","Rodentia","Dasyprocta_punctata","","SP04-ARL_230425_CR17_0232-r0169",NA,NA,0.51478038,-79.14413909,450,"cacao regeneration","cacao regeneration early",2014,9,"camera_trap","cacao","earLength",28.585
"1217","CR17","SP04-ARL_230425_CR17_0232","18:12","18:15","Rodentia","Dasyprocta_punctata","","SP04-ARL_230425_CR17_0232-r0169",NA,NA,0.51478038,-79.14413909,450,"cacao regeneration","cacao regeneration early",2014,9,"camera_trap","cacao","forefootLength",49.595
"1218","CR17","SP04-ARL_230425_CR17_0232","18:12","18:15","Rodentia","Dasyprocta_punctata","","SP04-ARL_230425_CR17_0232-r0169",NA,NA,0.51478038,-79.14413909,450,"cacao regeneration","cacao regeneration early",2014,9,"camera_trap","cacao","forefootWidth",19.78
"1219","CR17","SP04-ARL_230425_CR17_0232","18:12","18:15","Rodentia","Dasyprocta_punctata","","SP04-ARL_230425_CR17_0232-r0169",NA,NA,0.51478038,-79.14413909,450,"cacao regeneration","cacao regeneration early",2014,9,"camera_trap","cacao","forefootclawLength",16.905
"1220","CR17","SP04-ARL_230425_CR17_0232","18:12","18:15","Rodentia","Dasyprocta_punctata","","SP04-ARL_230425_CR17_0232-r0169",NA,NA,0.51478038,-79.14413909,450,"cacao regeneration","cacao regeneration early",2014,9,"camera_trap","cacao","headandbodyLength",554.18
"1221","CR17","SP04-ARL_230425_CR17_0232","18:12","18:15","Rodentia","Dasyprocta_punctata","","SP04-ARL_230425_CR17_0232-r0169",NA,NA,0.51478038,-79.14413909,450,"cacao regeneration","cacao regeneration early",2014,9,"camera_trap","cacao","hindfootLength",103.92
"1222","CR17","SP04-ARL_230425_CR17_0232","18:12","18:15","Rodentia","Dasyprocta_punctata","","SP04-ARL_230425_CR17_0232-r0169",NA,NA,0.51478038,-79.14413909,450,"cacao regeneration","cacao regeneration early",2014,9,"camera_trap","cacao","hindfootWidth",19.56
"1223","CR17","SP04-ARL_230425_CR17_0232","18:12","18:15","Rodentia","Dasyprocta_punctata","","SP04-ARL_230425_CR17_0232-r0169",NA,NA,0.51478038,-79.14413909,450,"cacao regeneration","cacao regeneration early",2014,9,"camera_trap","cacao","mandibleDiagonal",43.53
"1224","CR17","SP04-ARL_230425_CR17_0232","18:12","18:15","Rodentia","Dasyprocta_punctata","","SP04-ARL_230425_CR17_0232-r0169",NA,NA,0.51478038,-79.14413909,450,"cacao regeneration","cacao regeneration early",2014,9,"camera_trap","cacao","mandibleLength",41.0966666666667
"1225","CR17","SP04-ARL_230425_CR17_0232","18:12","18:15","Rodentia","Dasyprocta_punctata","","SP04-ARL_230425_CR17_0232-r0169",NA,NA,0.51478038,-79.14413909,450,"cacao regeneration","cacao regeneration early",2014,9,"camera_trap","cacao","mandibleWidth",37.215
"1226","CR17","SP04-ARL_230425_CR17_0232","18:12","18:15","Rodentia","Dasyprocta_punctata","","SP04-ARL_230425_CR17_0232-r0169",NA,NA,0.51478038,-79.14413909,450,"cacao regeneration","cacao regeneration early",2014,9,"camera_trap","cacao","mandibularcorpusHeight",15.5533333333333
"1227","CR17","SP04-ARL_230425_CR17_0232","18:12","18:15","Rodentia","Dasyprocta_punctata","","SP04-ARL_230425_CR17_0232-r0169",NA,NA,0.51478038,-79.14413909,450,"cacao regeneration","cacao regeneration early",2014,9,"camera_trap","cacao","maxillarytoothrowAlveolarlength",18.02
"1228","CR17","SP04-ARL_230425_CR17_0232","18:12","18:15","Rodentia","Dasyprocta_punctata","","SP04-ARL_230425_CR17_0232-r0169",NA,NA,0.51478038,-79.14413909,450,"cacao regeneration","cacao regeneration early",2014,9,"camera_trap","cacao","rostrumLength",38.132
"1229","CR17","SP04-ARL_230425_CR17_0232","18:12","18:15","Rodentia","Dasyprocta_punctata","","SP04-ARL_230425_CR17_0232-r0169",NA,NA,0.51478038,-79.14413909,450,"cacao regeneration","cacao regeneration early",2014,9,"camera_trap","cacao","tailLength",15.515
"1230","CR17","SP04-ARL_230425_CR17_0232","18:12","18:15","Rodentia","Dasyprocta_punctata","","SP04-ARL_230425_CR17_0232-r0169",NA,NA,0.51478038,-79.14413909,450,"cacao regeneration","cacao regeneration early",2014,9,"camera_trap","cacao","vibrissaeLength",79.02
"1231","CR17","SP04-ARL_230425_CR17_0232","18:12","18:15","Rodentia","Dasyprocta_punctata","","SP04-ARL_230425_CR17_0232-r0169",NA,NA,0.51478038,-79.14413909,450,"cacao regeneration","cacao regeneration early",2014,9,"camera_trap","cacao","zygomaticBreadth",47.4975
"1232","CR17","SP04-ARL_230425_CR17_0232","18:29","18:33","Rodentia","Dasyprocta_punctata","","SP04-ARL_230425_CR17_0232-r0170",NA,NA,0.51478038,-79.14413909,450,"cacao regeneration","cacao regeneration early",2014,9,"camera_trap","cacao","BodyMass",2674.98
"1233","CR17","SP04-ARL_230425_CR17_0232","18:29","18:33","Rodentia","Dasyprocta_punctata","","SP04-ARL_230425_CR17_0232-r0170",NA,NA,0.51478038,-79.14413909,450,"cacao regeneration","cacao regeneration early",2014,9,"camera_trap","cacao","Sex",NA
"1234","CR17","SP04-ARL_230425_CR17_0232","18:29","18:33","Rodentia","Dasyprocta_punctata","","SP04-ARL_230425_CR17_0232-r0170",NA,NA,0.51478038,-79.14413909,450,"cacao regeneration","cacao regeneration early",2014,9,"camera_trap","cacao","acrossincisortipsBreadth",8.504
"1235","CR17","SP04-ARL_230425_CR17_0232","18:29","18:33","Rodentia","Dasyprocta_punctata","","SP04-ARL_230425_CR17_0232-r0170",NA,NA,0.51478038,-79.14413909,450,"cacao regeneration","cacao regeneration early",2014,9,"camera_trap","cacao","condylobasalLength",75.74
"1236","CR17","SP04-ARL_230425_CR17_0232","18:29","18:33","Rodentia","Dasyprocta_punctata","","SP04-ARL_230425_CR17_0232-r0170",NA,NA,0.51478038,-79.14413909,450,"cacao regeneration","cacao regeneration early",2014,9,"camera_trap","cacao","earLength",28.585
"1237","CR17","SP04-ARL_230425_CR17_0232","18:29","18:33","Rodentia","Dasyprocta_punctata","","SP04-ARL_230425_CR17_0232-r0170",NA,NA,0.51478038,-79.14413909,450,"cacao regeneration","cacao regeneration early",2014,9,"camera_trap","cacao","forefootLength",49.595
"1238","CR17","SP04-ARL_230425_CR17_0232","18:29","18:33","Rodentia","Dasyprocta_punctata","","SP04-ARL_230425_CR17_0232-r0170",NA,NA,0.51478038,-79.14413909,450,"cacao regeneration","cacao regeneration early",2014,9,"camera_trap","cacao","forefootWidth",19.78
"1239","CR17","SP04-ARL_230425_CR17_0232","18:29","18:33","Rodentia","Dasyprocta_punctata","","SP04-ARL_230425_CR17_0232-r0170",NA,NA,0.51478038,-79.14413909,450,"cacao regeneration","cacao regeneration early",2014,9,"camera_trap","cacao","forefootclawLength",16.905
"1240","CR17","SP04-ARL_230425_CR17_0232","18:29","18:33","Rodentia","Dasyprocta_punctata","","SP04-ARL_230425_CR17_0232-r0170",NA,NA,0.51478038,-79.14413909,450,"cacao regeneration","cacao regeneration early",2014,9,"camera_trap","cacao","headandbodyLength",554.18
"1241","CR17","SP04-ARL_230425_CR17_0232","18:29","18:33","Rodentia","Dasyprocta_punctata","","SP04-ARL_230425_CR17_0232-r0170",NA,NA,0.51478038,-79.14413909,450,"cacao regeneration","cacao regeneration early",2014,9,"camera_trap","cacao","hindfootLength",103.92
"1242","CR17","SP04-ARL_230425_CR17_0232","18:29","18:33","Rodentia","Dasyprocta_punctata","","SP04-ARL_230425_CR17_0232-r0170",NA,NA,0.51478038,-79.14413909,450,"cacao regeneration","cacao regeneration early",2014,9,"camera_trap","cacao","hindfootWidth",19.56
"1243","CR17","SP04-ARL_230425_CR17_0232","18:29","18:33","Rodentia","Dasyprocta_punctata","","SP04-ARL_230425_CR17_0232-r0170",NA,NA,0.51478038,-79.14413909,450,"cacao regeneration","cacao regeneration early",2014,9,"camera_trap","cacao","mandibleDiagonal",43.53
"1244","CR17","SP04-ARL_230425_CR17_0232","18:29","18:33","Rodentia","Dasyprocta_punctata","","SP04-ARL_230425_CR17_0232-r0170",NA,NA,0.51478038,-79.14413909,450,"cacao regeneration","cacao regeneration early",2014,9,"camera_trap","cacao","mandibleLength",41.0966666666667
"1245","CR17","SP04-ARL_230425_CR17_0232","18:29","18:33","Rodentia","Dasyprocta_punctata","","SP04-ARL_230425_CR17_0232-r0170",NA,NA,0.51478038,-79.14413909,450,"cacao regeneration","cacao regeneration early",2014,9,"camera_trap","cacao","mandibleWidth",37.215
"1246","CR17","SP04-ARL_230425_CR17_0232","18:29","18:33","Rodentia","Dasyprocta_punctata","","SP04-ARL_230425_CR17_0232-r0170",NA,NA,0.51478038,-79.14413909,450,"cacao regeneration","cacao regeneration early",2014,9,"camera_trap","cacao","mandibularcorpusHeight",15.5533333333333
"1247","CR17","SP04-ARL_230425_CR17_0232","18:29","18:33","Rodentia","Dasyprocta_punctata","","SP04-ARL_230425_CR17_0232-r0170",NA,NA,0.51478038,-79.14413909,450,"cacao regeneration","cacao regeneration early",2014,9,"camera_trap","cacao","maxillarytoothrowAlveolarlength",18.02
"1248","CR17","SP04-ARL_230425_CR17_0232","18:29","18:33","Rodentia","Dasyprocta_punctata","","SP04-ARL_230425_CR17_0232-r0170",NA,NA,0.51478038,-79.14413909,450,"cacao regeneration","cacao regeneration early",2014,9,"camera_trap","cacao","rostrumLength",38.132
"1249","CR17","SP04-ARL_230425_CR17_0232","18:29","18:33","Rodentia","Dasyprocta_punctata","","SP04-ARL_230425_CR17_0232-r0170",NA,NA,0.51478038,-79.14413909,450,"cacao regeneration","cacao regeneration early",2014,9,"camera_trap","cacao","tailLength",15.515
"1250","CR17","SP04-ARL_230425_CR17_0232","18:29","18:33","Rodentia","Dasyprocta_punctata","","SP04-ARL_230425_CR17_0232-r0170",NA,NA,0.51478038,-79.14413909,450,"cacao regeneration","cacao regeneration early",2014,9,"camera_trap","cacao","vibrissaeLength",79.02
"1251","CR17","SP04-ARL_230425_CR17_0232","18:29","18:33","Rodentia","Dasyprocta_punctata","","SP04-ARL_230425_CR17_0232-r0170",NA,NA,0.51478038,-79.14413909,450,"cacao regeneration","cacao regeneration early",2014,9,"camera_trap","cacao","zygomaticBreadth",47.4975
"1252","CR17","SP04-ARL_230426_CR17_0233","16:58","16:59","Rodentia","Dasyprocta_punctata","","SP04-ARL_230426_CR17_0233-r0171",NA,NA,0.51478038,-79.14413909,450,"cacao regeneration","cacao regeneration early",2014,9,"camera_trap","cacao","BodyMass",2674.98
"1253","CR17","SP04-ARL_230426_CR17_0233","16:58","16:59","Rodentia","Dasyprocta_punctata","","SP04-ARL_230426_CR17_0233-r0171",NA,NA,0.51478038,-79.14413909,450,"cacao regeneration","cacao regeneration early",2014,9,"camera_trap","cacao","Sex",NA
"1254","CR17","SP04-ARL_230426_CR17_0233","16:58","16:59","Rodentia","Dasyprocta_punctata","","SP04-ARL_230426_CR17_0233-r0171",NA,NA,0.51478038,-79.14413909,450,"cacao regeneration","cacao regeneration early",2014,9,"camera_trap","cacao","acrossincisortipsBreadth",8.504
"1255","CR17","SP04-ARL_230426_CR17_0233","16:58","16:59","Rodentia","Dasyprocta_punctata","","SP04-ARL_230426_CR17_0233-r0171",NA,NA,0.51478038,-79.14413909,450,"cacao regeneration","cacao regeneration early",2014,9,"camera_trap","cacao","condylobasalLength",75.74
"1256","CR17","SP04-ARL_230426_CR17_0233","16:58","16:59","Rodentia","Dasyprocta_punctata","","SP04-ARL_230426_CR17_0233-r0171",NA,NA,0.51478038,-79.14413909,450,"cacao regeneration","cacao regeneration early",2014,9,"camera_trap","cacao","earLength",28.585
"1257","CR17","SP04-ARL_230426_CR17_0233","16:58","16:59","Rodentia","Dasyprocta_punctata","","SP04-ARL_230426_CR17_0233-r0171",NA,NA,0.51478038,-79.14413909,450,"cacao regeneration","cacao regeneration early",2014,9,"camera_trap","cacao","forefootLength",49.595
"1258","CR17","SP04-ARL_230426_CR17_0233","16:58","16:59","Rodentia","Dasyprocta_punctata","","SP04-ARL_230426_CR17_0233-r0171",NA,NA,0.51478038,-79.14413909,450,"cacao regeneration","cacao regeneration early",2014,9,"camera_trap","cacao","forefootWidth",19.78
"1259","CR17","SP04-ARL_230426_CR17_0233","16:58","16:59","Rodentia","Dasyprocta_punctata","","SP04-ARL_230426_CR17_0233-r0171",NA,NA,0.51478038,-79.14413909,450,"cacao regeneration","cacao regeneration early",2014,9,"camera_trap","cacao","forefootclawLength",16.905
"1260","CR17","SP04-ARL_230426_CR17_0233","16:58","16:59","Rodentia","Dasyprocta_punctata","","SP04-ARL_230426_CR17_0233-r0171",NA,NA,0.51478038,-79.14413909,450,"cacao regeneration","cacao regeneration early",2014,9,"camera_trap","cacao","headandbodyLength",554.18
"1261","CR17","SP04-ARL_230426_CR17_0233","16:58","16:59","Rodentia","Dasyprocta_punctata","","SP04-ARL_230426_CR17_0233-r0171",NA,NA,0.51478038,-79.14413909,450,"cacao regeneration","cacao regeneration early",2014,9,"camera_trap","cacao","hindfootLength",103.92
"1262","CR17","SP04-ARL_230426_CR17_0233","16:58","16:59","Rodentia","Dasyprocta_punctata","","SP04-ARL_230426_CR17_0233-r0171",NA,NA,0.51478038,-79.14413909,450,"cacao regeneration","cacao regeneration early",2014,9,"camera_trap","cacao","hindfootWidth",19.56
"1263","CR17","SP04-ARL_230426_CR17_0233","16:58","16:59","Rodentia","Dasyprocta_punctata","","SP04-ARL_230426_CR17_0233-r0171",NA,NA,0.51478038,-79.14413909,450,"cacao regeneration","cacao regeneration early",2014,9,"camera_trap","cacao","mandibleDiagonal",43.53
"1264","CR17","SP04-ARL_230426_CR17_0233","16:58","16:59","Rodentia","Dasyprocta_punctata","","SP04-ARL_230426_CR17_0233-r0171",NA,NA,0.51478038,-79.14413909,450,"cacao regeneration","cacao regeneration early",2014,9,"camera_trap","cacao","mandibleLength",41.0966666666667
"1265","CR17","SP04-ARL_230426_CR17_0233","16:58","16:59","Rodentia","Dasyprocta_punctata","","SP04-ARL_230426_CR17_0233-r0171",NA,NA,0.51478038,-79.14413909,450,"cacao regeneration","cacao regeneration early",2014,9,"camera_trap","cacao","mandibleWidth",37.215
"1266","CR17","SP04-ARL_230426_CR17_0233","16:58","16:59","Rodentia","Dasyprocta_punctata","","SP04-ARL_230426_CR17_0233-r0171",NA,NA,0.51478038,-79.14413909,450,"cacao regeneration","cacao regeneration early",2014,9,"camera_trap","cacao","mandibularcorpusHeight",15.5533333333333
"1267","CR17","SP04-ARL_230426_CR17_0233","16:58","16:59","Rodentia","Dasyprocta_punctata","","SP04-ARL_230426_CR17_0233-r0171",NA,NA,0.51478038,-79.14413909,450,"cacao regeneration","cacao regeneration early",2014,9,"camera_trap","cacao","maxillarytoothrowAlveolarlength",18.02
"1268","CR17","SP04-ARL_230426_CR17_0233","16:58","16:59","Rodentia","Dasyprocta_punctata","","SP04-ARL_230426_CR17_0233-r0171",NA,NA,0.51478038,-79.14413909,450,"cacao regeneration","cacao regeneration early",2014,9,"camera_trap","cacao","rostrumLength",38.132
"1269","CR17","SP04-ARL_230426_CR17_0233","16:58","16:59","Rodentia","Dasyprocta_punctata","","SP04-ARL_230426_CR17_0233-r0171",NA,NA,0.51478038,-79.14413909,450,"cacao regeneration","cacao regeneration early",2014,9,"camera_trap","cacao","tailLength",15.515
"1270","CR17","SP04-ARL_230426_CR17_0233","16:58","16:59","Rodentia","Dasyprocta_punctata","","SP04-ARL_230426_CR17_0233-r0171",NA,NA,0.51478038,-79.14413909,450,"cacao regeneration","cacao regeneration early",2014,9,"camera_trap","cacao","vibrissaeLength",79.02
"1271","CR17","SP04-ARL_230426_CR17_0233","16:58","16:59","Rodentia","Dasyprocta_punctata","","SP04-ARL_230426_CR17_0233-r0171",NA,NA,0.51478038,-79.14413909,450,"cacao regeneration","cacao regeneration early",2014,9,"camera_trap","cacao","zygomaticBreadth",47.4975
"1272","CR17","SP04-ARL_230426_CR17_0233","07:31","07:31","Birds","Leptotrygon_veraguensis","","SP04-ARL_230426_CR17_0233-r0172",NA,NA,0.51478038,-79.14413909,450,"cacao regeneration","cacao regeneration early",2014,9,"camera_trap","cacao","Age",NA
"1273","CR17","SP04-ARL_230426_CR17_0233","07:31","07:31","Birds","Leptotrygon_veraguensis","","SP04-ARL_230426_CR17_0233-r0172",NA,NA,0.51478038,-79.14413909,450,"cacao regeneration","cacao regeneration early",2014,9,"camera_trap","cacao","Beak.Depth",3.9
"1274","CR17","SP04-ARL_230426_CR17_0233","07:31","07:31","Birds","Leptotrygon_veraguensis","","SP04-ARL_230426_CR17_0233-r0172",NA,NA,0.51478038,-79.14413909,450,"cacao regeneration","cacao regeneration early",2014,9,"camera_trap","cacao","Beak.Length_Culmen",20.06
"1275","CR17","SP04-ARL_230426_CR17_0233","07:31","07:31","Birds","Leptotrygon_veraguensis","","SP04-ARL_230426_CR17_0233-r0172",NA,NA,0.51478038,-79.14413909,450,"cacao regeneration","cacao regeneration early",2014,9,"camera_trap","cacao","Beak.Length_Nares",6.85
"1276","CR17","SP04-ARL_230426_CR17_0233","07:31","07:31","Birds","Leptotrygon_veraguensis","","SP04-ARL_230426_CR17_0233-r0172",NA,NA,0.51478038,-79.14413909,450,"cacao regeneration","cacao regeneration early",2014,9,"camera_trap","cacao","Beak.Width",2.64
"1277","CR17","SP04-ARL_230426_CR17_0233","07:31","07:31","Birds","Leptotrygon_veraguensis","","SP04-ARL_230426_CR17_0233-r0172",NA,NA,0.51478038,-79.14413909,450,"cacao regeneration","cacao regeneration early",2014,9,"camera_trap","cacao","BodyMass",155
"1278","CR17","SP04-ARL_230426_CR17_0233","07:31","07:31","Birds","Leptotrygon_veraguensis","","SP04-ARL_230426_CR17_0233-r0172",NA,NA,0.51478038,-79.14413909,450,"cacao regeneration","cacao regeneration early",2014,9,"camera_trap","cacao","Hand.wing.Index",27.15
"1279","CR17","SP04-ARL_230426_CR17_0233","07:31","07:31","Birds","Leptotrygon_veraguensis","","SP04-ARL_230426_CR17_0233-r0172",NA,NA,0.51478038,-79.14413909,450,"cacao regeneration","cacao regeneration early",2014,9,"camera_trap","cacao","Kipps.Distance",35.675
"1280","CR17","SP04-ARL_230426_CR17_0233","07:31","07:31","Birds","Leptotrygon_veraguensis","","SP04-ARL_230426_CR17_0233-r0172",NA,NA,0.51478038,-79.14413909,450,"cacao regeneration","cacao regeneration early",2014,9,"camera_trap","cacao","Secondary1",95.825
"1281","CR17","SP04-ARL_230426_CR17_0233","07:31","07:31","Birds","Leptotrygon_veraguensis","","SP04-ARL_230426_CR17_0233-r0172",NA,NA,0.51478038,-79.14413909,450,"cacao regeneration","cacao regeneration early",2014,9,"camera_trap","cacao","Sex",NA
"1282","CR17","SP04-ARL_230426_CR17_0233","07:31","07:31","Birds","Leptotrygon_veraguensis","","SP04-ARL_230426_CR17_0233-r0172",NA,NA,0.51478038,-79.14413909,450,"cacao regeneration","cacao regeneration early",2014,9,"camera_trap","cacao","Tail.Length",69.8
"1283","CR17","SP04-ARL_230426_CR17_0233","07:31","07:31","Birds","Leptotrygon_veraguensis","","SP04-ARL_230426_CR17_0233-r0172",NA,NA,0.51478038,-79.14413909,450,"cacao regeneration","cacao regeneration early",2014,9,"camera_trap","cacao","Tarsus.Length",35.38
"1284","CR17","SP04-ARL_230426_CR17_0233","07:31","07:31","Birds","Leptotrygon_veraguensis","","SP04-ARL_230426_CR17_0233-r0172",NA,NA,0.51478038,-79.14413909,450,"cacao regeneration","cacao regeneration early",2014,9,"camera_trap","cacao","Wing.Length",132.2
"1285","CR18","SP04-ARL_221024_CR18_0135","21:39","22:21","Didelphimorphia","Didelphis_marsupialis","","SP04-ARL_221024_CR18_0135-r0085",NA,NA,0.53991814,-79.14419755,331,"cacao regeneration","cacao regeneration early",2013,10,"camera_trap","cacao","BodyMass",1091.16
"1286","CR18","SP04-ARL_221024_CR18_0135","21:39","22:21","Didelphimorphia","Didelphis_marsupialis","","SP04-ARL_221024_CR18_0135-r0085",NA,NA,0.53991814,-79.14419755,331,"cacao regeneration","cacao regeneration early",2013,10,"camera_trap","cacao","Sex",NA
"1287","CR18","SP04-ARL_221024_CR18_0135","21:39","22:21","Didelphimorphia","Didelphis_marsupialis","","SP04-ARL_221024_CR18_0135-r0085",NA,NA,0.53991814,-79.14419755,331,"cacao regeneration","cacao regeneration early",2013,10,"camera_trap","cacao","acrossincisortipsBreadth",5.53846153846154
"1288","CR18","SP04-ARL_221024_CR18_0135","21:39","22:21","Didelphimorphia","Didelphis_marsupialis","","SP04-ARL_221024_CR18_0135-r0085",NA,NA,0.53991814,-79.14419755,331,"cacao regeneration","cacao regeneration early",2013,10,"camera_trap","cacao","condylobasalLength",81.8276923076923
"1289","CR18","SP04-ARL_221024_CR18_0135","21:39","22:21","Didelphimorphia","Didelphis_marsupialis","","SP04-ARL_221024_CR18_0135-r0085",NA,NA,0.53991814,-79.14419755,331,"cacao regeneration","cacao regeneration early",2013,10,"camera_trap","cacao","earLength",30.9033333333333
"1290","CR18","SP04-ARL_221024_CR18_0135","21:39","22:21","Didelphimorphia","Didelphis_marsupialis","","SP04-ARL_221024_CR18_0135-r0085",NA,NA,0.53991814,-79.14419755,331,"cacao regeneration","cacao regeneration early",2013,10,"camera_trap","cacao","forefootLength",34.285
"1291","CR18","SP04-ARL_221024_CR18_0135","21:39","22:21","Didelphimorphia","Didelphis_marsupialis","","SP04-ARL_221024_CR18_0135-r0085",NA,NA,0.53991814,-79.14419755,331,"cacao regeneration","cacao regeneration early",2013,10,"camera_trap","cacao","forefootWidth",18.5875
"1292","CR18","SP04-ARL_221024_CR18_0135","21:39","22:21","Didelphimorphia","Didelphis_marsupialis","","SP04-ARL_221024_CR18_0135-r0085",NA,NA,0.53991814,-79.14419755,331,"cacao regeneration","cacao regeneration early",2013,10,"camera_trap","cacao","forefootclawLength",6.93
"1293","CR18","SP04-ARL_221024_CR18_0135","21:39","22:21","Didelphimorphia","Didelphis_marsupialis","","SP04-ARL_221024_CR18_0135-r0085",NA,NA,0.53991814,-79.14419755,331,"cacao regeneration","cacao regeneration early",2013,10,"camera_trap","cacao","headandbodyLength",420.31
"1294","CR18","SP04-ARL_221024_CR18_0135","21:39","22:21","Didelphimorphia","Didelphis_marsupialis","","SP04-ARL_221024_CR18_0135-r0085",NA,NA,0.53991814,-79.14419755,331,"cacao regeneration","cacao regeneration early",2013,10,"camera_trap","cacao","hindfootLength",50.59
"1295","CR18","SP04-ARL_221024_CR18_0135","21:39","22:21","Didelphimorphia","Didelphis_marsupialis","","SP04-ARL_221024_CR18_0135-r0085",NA,NA,0.53991814,-79.14419755,331,"cacao regeneration","cacao regeneration early",2013,10,"camera_trap","cacao","hindfootWidth",21.2525
"1296","CR18","SP04-ARL_221024_CR18_0135","21:39","22:21","Didelphimorphia","Didelphis_marsupialis","","SP04-ARL_221024_CR18_0135-r0085",NA,NA,0.53991814,-79.14419755,331,"cacao regeneration","cacao regeneration early",2013,10,"camera_trap","cacao","mandibleDiagonal",56.2
"1297","CR18","SP04-ARL_221024_CR18_0135","21:39","22:21","Didelphimorphia","Didelphis_marsupialis","","SP04-ARL_221024_CR18_0135-r0085",NA,NA,0.53991814,-79.14419755,331,"cacao regeneration","cacao regeneration early",2013,10,"camera_trap","cacao","mandibleLength",66.079
"1298","CR18","SP04-ARL_221024_CR18_0135","21:39","22:21","Didelphimorphia","Didelphis_marsupialis","","SP04-ARL_221024_CR18_0135-r0085",NA,NA,0.53991814,-79.14419755,331,"cacao regeneration","cacao regeneration early",2013,10,"camera_trap","cacao","mandibleWidth",31.816
"1299","CR18","SP04-ARL_221024_CR18_0135","21:39","22:21","Didelphimorphia","Didelphis_marsupialis","","SP04-ARL_221024_CR18_0135-r0085",NA,NA,0.53991814,-79.14419755,331,"cacao regeneration","cacao regeneration early",2013,10,"camera_trap","cacao","mandibularcorpusHeight",13.089
"1300","CR18","SP04-ARL_221024_CR18_0135","21:39","22:21","Didelphimorphia","Didelphis_marsupialis","","SP04-ARL_221024_CR18_0135-r0085",NA,NA,0.53991814,-79.14419755,331,"cacao regeneration","cacao regeneration early",2013,10,"camera_trap","cacao","maxillarytoothrowAlveolarlength",24.7376923076923
"1301","CR18","SP04-ARL_221024_CR18_0135","21:39","22:21","Didelphimorphia","Didelphis_marsupialis","","SP04-ARL_221024_CR18_0135-r0085",NA,NA,0.53991814,-79.14419755,331,"cacao regeneration","cacao regeneration early",2013,10,"camera_trap","cacao","rostrumLength",43.9715384615385
"1302","CR18","SP04-ARL_221024_CR18_0135","21:39","22:21","Didelphimorphia","Didelphis_marsupialis","","SP04-ARL_221024_CR18_0135-r0085",NA,NA,0.53991814,-79.14419755,331,"cacao regeneration","cacao regeneration early",2013,10,"camera_trap","cacao","tailLength",360.74
"1303","CR18","SP04-ARL_221024_CR18_0135","21:39","22:21","Didelphimorphia","Didelphis_marsupialis","","SP04-ARL_221024_CR18_0135-r0085",NA,NA,0.53991814,-79.14419755,331,"cacao regeneration","cacao regeneration early",2013,10,"camera_trap","cacao","vibrissaeLength",59.2575
"1304","CR18","SP04-ARL_221024_CR18_0135","21:39","22:21","Didelphimorphia","Didelphis_marsupialis","","SP04-ARL_221024_CR18_0135-r0085",NA,NA,0.53991814,-79.14419755,331,"cacao regeneration","cacao regeneration early",2013,10,"camera_trap","cacao","zygomaticBreadth",45.3041666666667
"1305","CR18","SP04-ARL_221024_CR18_0135","21:59","22:16","Rodentia","Proechimys_semispinosus","","SP04-ARL_221024_CR18_0135-r0086",NA,NA,0.53991814,-79.14419755,331,"cacao regeneration","cacao regeneration early",2013,10,"camera_trap","cacao","BodyMass",360.5
"1306","CR18","SP04-ARL_221024_CR18_0135","21:59","22:16","Rodentia","Proechimys_semispinosus","","SP04-ARL_221024_CR18_0135-r0086",NA,NA,0.53991814,-79.14419755,331,"cacao regeneration","cacao regeneration early",2013,10,"camera_trap","cacao","Sex",NA
"1307","CR18","SP04-ARL_221024_CR18_0135","21:59","22:16","Rodentia","Proechimys_semispinosus","","SP04-ARL_221024_CR18_0135-r0086",NA,NA,0.53991814,-79.14419755,331,"cacao regeneration","cacao regeneration early",2013,10,"camera_trap","cacao","acrossincisortipsBreadth",7.283
"1308","CR18","SP04-ARL_221024_CR18_0135","21:59","22:16","Rodentia","Proechimys_semispinosus","","SP04-ARL_221024_CR18_0135-r0086",NA,NA,0.53991814,-79.14419755,331,"cacao regeneration","cacao regeneration early",2013,10,"camera_trap","cacao","condylobasalLength",44.546
"1309","CR18","SP04-ARL_221024_CR18_0135","21:59","22:16","Rodentia","Proechimys_semispinosus","","SP04-ARL_221024_CR18_0135-r0086",NA,NA,0.53991814,-79.14419755,331,"cacao regeneration","cacao regeneration early",2013,10,"camera_trap","cacao","earLength",15.0225
"1310","CR18","SP04-ARL_221024_CR18_0135","21:59","22:16","Rodentia","Proechimys_semispinosus","","SP04-ARL_221024_CR18_0135-r0086",NA,NA,0.53991814,-79.14419755,331,"cacao regeneration","cacao regeneration early",2013,10,"camera_trap","cacao","forefootLength",18.13
"1311","CR18","SP04-ARL_221024_CR18_0135","21:59","22:16","Rodentia","Proechimys_semispinosus","","SP04-ARL_221024_CR18_0135-r0086",NA,NA,0.53991814,-79.14419755,331,"cacao regeneration","cacao regeneration early",2013,10,"camera_trap","cacao","forefootWidth",6.8325
"1312","CR18","SP04-ARL_221024_CR18_0135","21:59","22:16","Rodentia","Proechimys_semispinosus","","SP04-ARL_221024_CR18_0135-r0086",NA,NA,0.53991814,-79.14419755,331,"cacao regeneration","cacao regeneration early",2013,10,"camera_trap","cacao","forefootclawLength",3.08
"1313","CR18","SP04-ARL_221024_CR18_0135","21:59","22:16","Rodentia","Proechimys_semispinosus","","SP04-ARL_221024_CR18_0135-r0086",NA,NA,0.53991814,-79.14419755,331,"cacao regeneration","cacao regeneration early",2013,10,"camera_trap","cacao","headandbodyLength",209.8225
"1314","CR18","SP04-ARL_221024_CR18_0135","21:59","22:16","Rodentia","Proechimys_semispinosus","","SP04-ARL_221024_CR18_0135-r0086",NA,NA,0.53991814,-79.14419755,331,"cacao regeneration","cacao regeneration early",2013,10,"camera_trap","cacao","hindfootLength",44.63
"1315","CR18","SP04-ARL_221024_CR18_0135","21:59","22:16","Rodentia","Proechimys_semispinosus","","SP04-ARL_221024_CR18_0135-r0086",NA,NA,0.53991814,-79.14419755,331,"cacao regeneration","cacao regeneration early",2013,10,"camera_trap","cacao","hindfootWidth",9.2
"1316","CR18","SP04-ARL_221024_CR18_0135","21:59","22:16","Rodentia","Proechimys_semispinosus","","SP04-ARL_221024_CR18_0135-r0086",NA,NA,0.53991814,-79.14419755,331,"cacao regeneration","cacao regeneration early",2013,10,"camera_trap","cacao","mandibleDiagonal",22.782
"1317","CR18","SP04-ARL_221024_CR18_0135","21:59","22:16","Rodentia","Proechimys_semispinosus","","SP04-ARL_221024_CR18_0135-r0086",NA,NA,0.53991814,-79.14419755,331,"cacao regeneration","cacao regeneration early",2013,10,"camera_trap","cacao","mandibleLength",22.9
"1318","CR18","SP04-ARL_221024_CR18_0135","21:59","22:16","Rodentia","Proechimys_semispinosus","","SP04-ARL_221024_CR18_0135-r0086",NA,NA,0.53991814,-79.14419755,331,"cacao regeneration","cacao regeneration early",2013,10,"camera_trap","cacao","mandibleWidth",26.8021428571429
"1319","CR18","SP04-ARL_221024_CR18_0135","21:59","22:16","Rodentia","Proechimys_semispinosus","","SP04-ARL_221024_CR18_0135-r0086",NA,NA,0.53991814,-79.14419755,331,"cacao regeneration","cacao regeneration early",2013,10,"camera_trap","cacao","mandibularcorpusHeight",11.66
"1320","CR18","SP04-ARL_221024_CR18_0135","21:59","22:16","Rodentia","Proechimys_semispinosus","","SP04-ARL_221024_CR18_0135-r0086",NA,NA,0.53991814,-79.14419755,331,"cacao regeneration","cacao regeneration early",2013,10,"camera_trap","cacao","maxillarytoothrowAlveolarlength",12.98
"1321","CR18","SP04-ARL_221024_CR18_0135","21:59","22:16","Rodentia","Proechimys_semispinosus","","SP04-ARL_221024_CR18_0135-r0086",NA,NA,0.53991814,-79.14419755,331,"cacao regeneration","cacao regeneration early",2013,10,"camera_trap","cacao","rostrumLength",23.417
"1322","CR18","SP04-ARL_221024_CR18_0135","21:59","22:16","Rodentia","Proechimys_semispinosus","","SP04-ARL_221024_CR18_0135-r0086",NA,NA,0.53991814,-79.14419755,331,"cacao regeneration","cacao regeneration early",2013,10,"camera_trap","cacao","tailLength",60.87
"1323","CR18","SP04-ARL_221024_CR18_0135","21:59","22:16","Rodentia","Proechimys_semispinosus","","SP04-ARL_221024_CR18_0135-r0086",NA,NA,0.53991814,-79.14419755,331,"cacao regeneration","cacao regeneration early",2013,10,"camera_trap","cacao","vibrissaeLength",63.0425
"1324","CR18","SP04-ARL_221024_CR18_0135","21:59","22:16","Rodentia","Proechimys_semispinosus","","SP04-ARL_221024_CR18_0135-r0086",NA,NA,0.53991814,-79.14419755,331,"cacao regeneration","cacao regeneration early",2013,10,"camera_trap","cacao","zygomaticBreadth",29.363
"1325","CR18","SP04-ARL_221024_CR18_0135","22:22","22:51","Didelphimorphia","Metachirus_sp","","SP04-ARL_221024_CR18_0135-r0087",NA,NA,0.53991814,-79.14419755,331,"cacao regeneration","cacao regeneration early",2013,10,"camera_trap","cacao",NA,NA
"1326","CR18","SP04-ARL_221024_CR18_0135","22:41","01:16","Didelphimorphia","Metachirus_sp","","SP04-ARL_221024_CR18_0135-r0088",NA,NA,0.53991814,-79.14419755,331,"cacao regeneration","cacao regeneration early",2013,10,"camera_trap","cacao",NA,NA
"1327","CR18","SP04-ARL_221025_CR18_0136","01:27","01:31","Didelphimorphia","Didelphis_marsupialis","","SP04-ARL_221025_CR18_0136-r0089",NA,NA,0.53991814,-79.14419755,331,"cacao regeneration","cacao regeneration early",2013,10,"camera_trap","cacao","BodyMass",1091.16
"1328","CR18","SP04-ARL_221025_CR18_0136","01:27","01:31","Didelphimorphia","Didelphis_marsupialis","","SP04-ARL_221025_CR18_0136-r0089",NA,NA,0.53991814,-79.14419755,331,"cacao regeneration","cacao regeneration early",2013,10,"camera_trap","cacao","Sex",NA
"1329","CR18","SP04-ARL_221025_CR18_0136","01:27","01:31","Didelphimorphia","Didelphis_marsupialis","","SP04-ARL_221025_CR18_0136-r0089",NA,NA,0.53991814,-79.14419755,331,"cacao regeneration","cacao regeneration early",2013,10,"camera_trap","cacao","acrossincisortipsBreadth",5.53846153846154
"1330","CR18","SP04-ARL_221025_CR18_0136","01:27","01:31","Didelphimorphia","Didelphis_marsupialis","","SP04-ARL_221025_CR18_0136-r0089",NA,NA,0.53991814,-79.14419755,331,"cacao regeneration","cacao regeneration early",2013,10,"camera_trap","cacao","condylobasalLength",81.8276923076923
"1331","CR18","SP04-ARL_221025_CR18_0136","01:27","01:31","Didelphimorphia","Didelphis_marsupialis","","SP04-ARL_221025_CR18_0136-r0089",NA,NA,0.53991814,-79.14419755,331,"cacao regeneration","cacao regeneration early",2013,10,"camera_trap","cacao","earLength",30.9033333333333
"1332","CR18","SP04-ARL_221025_CR18_0136","01:27","01:31","Didelphimorphia","Didelphis_marsupialis","","SP04-ARL_221025_CR18_0136-r0089",NA,NA,0.53991814,-79.14419755,331,"cacao regeneration","cacao regeneration early",2013,10,"camera_trap","cacao","forefootLength",34.285
"1333","CR18","SP04-ARL_221025_CR18_0136","01:27","01:31","Didelphimorphia","Didelphis_marsupialis","","SP04-ARL_221025_CR18_0136-r0089",NA,NA,0.53991814,-79.14419755,331,"cacao regeneration","cacao regeneration early",2013,10,"camera_trap","cacao","forefootWidth",18.5875
"1334","CR18","SP04-ARL_221025_CR18_0136","01:27","01:31","Didelphimorphia","Didelphis_marsupialis","","SP04-ARL_221025_CR18_0136-r0089",NA,NA,0.53991814,-79.14419755,331,"cacao regeneration","cacao regeneration early",2013,10,"camera_trap","cacao","forefootclawLength",6.93
"1335","CR18","SP04-ARL_221025_CR18_0136","01:27","01:31","Didelphimorphia","Didelphis_marsupialis","","SP04-ARL_221025_CR18_0136-r0089",NA,NA,0.53991814,-79.14419755,331,"cacao regeneration","cacao regeneration early",2013,10,"camera_trap","cacao","headandbodyLength",420.31
"1336","CR18","SP04-ARL_221025_CR18_0136","01:27","01:31","Didelphimorphia","Didelphis_marsupialis","","SP04-ARL_221025_CR18_0136-r0089",NA,NA,0.53991814,-79.14419755,331,"cacao regeneration","cacao regeneration early",2013,10,"camera_trap","cacao","hindfootLength",50.59
"1337","CR18","SP04-ARL_221025_CR18_0136","01:27","01:31","Didelphimorphia","Didelphis_marsupialis","","SP04-ARL_221025_CR18_0136-r0089",NA,NA,0.53991814,-79.14419755,331,"cacao regeneration","cacao regeneration early",2013,10,"camera_trap","cacao","hindfootWidth",21.2525
"1338","CR18","SP04-ARL_221025_CR18_0136","01:27","01:31","Didelphimorphia","Didelphis_marsupialis","","SP04-ARL_221025_CR18_0136-r0089",NA,NA,0.53991814,-79.14419755,331,"cacao regeneration","cacao regeneration early",2013,10,"camera_trap","cacao","mandibleDiagonal",56.2
"1339","CR18","SP04-ARL_221025_CR18_0136","01:27","01:31","Didelphimorphia","Didelphis_marsupialis","","SP04-ARL_221025_CR18_0136-r0089",NA,NA,0.53991814,-79.14419755,331,"cacao regeneration","cacao regeneration early",2013,10,"camera_trap","cacao","mandibleLength",66.079
"1340","CR18","SP04-ARL_221025_CR18_0136","01:27","01:31","Didelphimorphia","Didelphis_marsupialis","","SP04-ARL_221025_CR18_0136-r0089",NA,NA,0.53991814,-79.14419755,331,"cacao regeneration","cacao regeneration early",2013,10,"camera_trap","cacao","mandibleWidth",31.816
"1341","CR18","SP04-ARL_221025_CR18_0136","01:27","01:31","Didelphimorphia","Didelphis_marsupialis","","SP04-ARL_221025_CR18_0136-r0089",NA,NA,0.53991814,-79.14419755,331,"cacao regeneration","cacao regeneration early",2013,10,"camera_trap","cacao","mandibularcorpusHeight",13.089
"1342","CR18","SP04-ARL_221025_CR18_0136","01:27","01:31","Didelphimorphia","Didelphis_marsupialis","","SP04-ARL_221025_CR18_0136-r0089",NA,NA,0.53991814,-79.14419755,331,"cacao regeneration","cacao regeneration early",2013,10,"camera_trap","cacao","maxillarytoothrowAlveolarlength",24.7376923076923
"1343","CR18","SP04-ARL_221025_CR18_0136","01:27","01:31","Didelphimorphia","Didelphis_marsupialis","","SP04-ARL_221025_CR18_0136-r0089",NA,NA,0.53991814,-79.14419755,331,"cacao regeneration","cacao regeneration early",2013,10,"camera_trap","cacao","rostrumLength",43.9715384615385
"1344","CR18","SP04-ARL_221025_CR18_0136","01:27","01:31","Didelphimorphia","Didelphis_marsupialis","","SP04-ARL_221025_CR18_0136-r0089",NA,NA,0.53991814,-79.14419755,331,"cacao regeneration","cacao regeneration early",2013,10,"camera_trap","cacao","tailLength",360.74
"1345","CR18","SP04-ARL_221025_CR18_0136","01:27","01:31","Didelphimorphia","Didelphis_marsupialis","","SP04-ARL_221025_CR18_0136-r0089",NA,NA,0.53991814,-79.14419755,331,"cacao regeneration","cacao regeneration early",2013,10,"camera_trap","cacao","vibrissaeLength",59.2575
"1346","CR18","SP04-ARL_221025_CR18_0136","01:27","01:31","Didelphimorphia","Didelphis_marsupialis","","SP04-ARL_221025_CR18_0136-r0089",NA,NA,0.53991814,-79.14419755,331,"cacao regeneration","cacao regeneration early",2013,10,"camera_trap","cacao","zygomaticBreadth",45.3041666666667
"1347","CR18","SP04-ARL_221025_CR18_0136","02:33","02:34","Rodentia","Proechimys_semispinosus","","SP04-ARL_221025_CR18_0136-r0090",NA,NA,0.53991814,-79.14419755,331,"cacao regeneration","cacao regeneration early",2013,10,"camera_trap","cacao","BodyMass",360.5
"1348","CR18","SP04-ARL_221025_CR18_0136","02:33","02:34","Rodentia","Proechimys_semispinosus","","SP04-ARL_221025_CR18_0136-r0090",NA,NA,0.53991814,-79.14419755,331,"cacao regeneration","cacao regeneration early",2013,10,"camera_trap","cacao","Sex",NA
"1349","CR18","SP04-ARL_221025_CR18_0136","02:33","02:34","Rodentia","Proechimys_semispinosus","","SP04-ARL_221025_CR18_0136-r0090",NA,NA,0.53991814,-79.14419755,331,"cacao regeneration","cacao regeneration early",2013,10,"camera_trap","cacao","acrossincisortipsBreadth",7.283
"1350","CR18","SP04-ARL_221025_CR18_0136","02:33","02:34","Rodentia","Proechimys_semispinosus","","SP04-ARL_221025_CR18_0136-r0090",NA,NA,0.53991814,-79.14419755,331,"cacao regeneration","cacao regeneration early",2013,10,"camera_trap","cacao","condylobasalLength",44.546
"1351","CR18","SP04-ARL_221025_CR18_0136","02:33","02:34","Rodentia","Proechimys_semispinosus","","SP04-ARL_221025_CR18_0136-r0090",NA,NA,0.53991814,-79.14419755,331,"cacao regeneration","cacao regeneration early",2013,10,"camera_trap","cacao","earLength",15.0225
"1352","CR18","SP04-ARL_221025_CR18_0136","02:33","02:34","Rodentia","Proechimys_semispinosus","","SP04-ARL_221025_CR18_0136-r0090",NA,NA,0.53991814,-79.14419755,331,"cacao regeneration","cacao regeneration early",2013,10,"camera_trap","cacao","forefootLength",18.13
"1353","CR18","SP04-ARL_221025_CR18_0136","02:33","02:34","Rodentia","Proechimys_semispinosus","","SP04-ARL_221025_CR18_0136-r0090",NA,NA,0.53991814,-79.14419755,331,"cacao regeneration","cacao regeneration early",2013,10,"camera_trap","cacao","forefootWidth",6.8325
"1354","CR18","SP04-ARL_221025_CR18_0136","02:33","02:34","Rodentia","Proechimys_semispinosus","","SP04-ARL_221025_CR18_0136-r0090",NA,NA,0.53991814,-79.14419755,331,"cacao regeneration","cacao regeneration early",2013,10,"camera_trap","cacao","forefootclawLength",3.08
"1355","CR18","SP04-ARL_221025_CR18_0136","02:33","02:34","Rodentia","Proechimys_semispinosus","","SP04-ARL_221025_CR18_0136-r0090",NA,NA,0.53991814,-79.14419755,331,"cacao regeneration","cacao regeneration early",2013,10,"camera_trap","cacao","headandbodyLength",209.8225
"1356","CR18","SP04-ARL_221025_CR18_0136","02:33","02:34","Rodentia","Proechimys_semispinosus","","SP04-ARL_221025_CR18_0136-r0090",NA,NA,0.53991814,-79.14419755,331,"cacao regeneration","cacao regeneration early",2013,10,"camera_trap","cacao","hindfootLength",44.63
"1357","CR18","SP04-ARL_221025_CR18_0136","02:33","02:34","Rodentia","Proechimys_semispinosus","","SP04-ARL_221025_CR18_0136-r0090",NA,NA,0.53991814,-79.14419755,331,"cacao regeneration","cacao regeneration early",2013,10,"camera_trap","cacao","hindfootWidth",9.2
"1358","CR18","SP04-ARL_221025_CR18_0136","02:33","02:34","Rodentia","Proechimys_semispinosus","","SP04-ARL_221025_CR18_0136-r0090",NA,NA,0.53991814,-79.14419755,331,"cacao regeneration","cacao regeneration early",2013,10,"camera_trap","cacao","mandibleDiagonal",22.782
"1359","CR18","SP04-ARL_221025_CR18_0136","02:33","02:34","Rodentia","Proechimys_semispinosus","","SP04-ARL_221025_CR18_0136-r0090",NA,NA,0.53991814,-79.14419755,331,"cacao regeneration","cacao regeneration early",2013,10,"camera_trap","cacao","mandibleLength",22.9
"1360","CR18","SP04-ARL_221025_CR18_0136","02:33","02:34","Rodentia","Proechimys_semispinosus","","SP04-ARL_221025_CR18_0136-r0090",NA,NA,0.53991814,-79.14419755,331,"cacao regeneration","cacao regeneration early",2013,10,"camera_trap","cacao","mandibleWidth",26.8021428571429
"1361","CR18","SP04-ARL_221025_CR18_0136","02:33","02:34","Rodentia","Proechimys_semispinosus","","SP04-ARL_221025_CR18_0136-r0090",NA,NA,0.53991814,-79.14419755,331,"cacao regeneration","cacao regeneration early",2013,10,"camera_trap","cacao","mandibularcorpusHeight",11.66
"1362","CR18","SP04-ARL_221025_CR18_0136","02:33","02:34","Rodentia","Proechimys_semispinosus","","SP04-ARL_221025_CR18_0136-r0090",NA,NA,0.53991814,-79.14419755,331,"cacao regeneration","cacao regeneration early",2013,10,"camera_trap","cacao","maxillarytoothrowAlveolarlength",12.98
"1363","CR18","SP04-ARL_221025_CR18_0136","02:33","02:34","Rodentia","Proechimys_semispinosus","","SP04-ARL_221025_CR18_0136-r0090",NA,NA,0.53991814,-79.14419755,331,"cacao regeneration","cacao regeneration early",2013,10,"camera_trap","cacao","rostrumLength",23.417
"1364","CR18","SP04-ARL_221025_CR18_0136","02:33","02:34","Rodentia","Proechimys_semispinosus","","SP04-ARL_221025_CR18_0136-r0090",NA,NA,0.53991814,-79.14419755,331,"cacao regeneration","cacao regeneration early",2013,10,"camera_trap","cacao","tailLength",60.87
"1365","CR18","SP04-ARL_221025_CR18_0136","02:33","02:34","Rodentia","Proechimys_semispinosus","","SP04-ARL_221025_CR18_0136-r0090",NA,NA,0.53991814,-79.14419755,331,"cacao regeneration","cacao regeneration early",2013,10,"camera_trap","cacao","vibrissaeLength",63.0425
"1366","CR18","SP04-ARL_221025_CR18_0136","02:33","02:34","Rodentia","Proechimys_semispinosus","","SP04-ARL_221025_CR18_0136-r0090",NA,NA,0.53991814,-79.14419755,331,"cacao regeneration","cacao regeneration early",2013,10,"camera_trap","cacao","zygomaticBreadth",29.363
"1367","CR18","SP04-ARL_221025_CR18_0136","03:00","03:23","Didelphimorphia","Marmosa_isthmica","","SP04-ARL_221025_CR18_0136-r0091",NA,NA,0.53991814,-79.14419755,331,"cacao regeneration","cacao regeneration early",2013,10,"camera_trap","cacao","BodyMass",56.67
"1368","CR18","SP04-ARL_221025_CR18_0136","03:00","03:23","Didelphimorphia","Marmosa_isthmica","","SP04-ARL_221025_CR18_0136-r0091",NA,NA,0.53991814,-79.14419755,331,"cacao regeneration","cacao regeneration early",2013,10,"camera_trap","cacao","Sex",NA
"1369","CR18","SP04-ARL_221025_CR18_0136","03:00","03:23","Didelphimorphia","Marmosa_isthmica","","SP04-ARL_221025_CR18_0136-r0091",NA,NA,0.53991814,-79.14419755,331,"cacao regeneration","cacao regeneration early",2013,10,"camera_trap","cacao","acrossincisortipsBreadth",0.8725
"1370","CR18","SP04-ARL_221025_CR18_0136","03:00","03:23","Didelphimorphia","Marmosa_isthmica","","SP04-ARL_221025_CR18_0136-r0091",NA,NA,0.53991814,-79.14419755,331,"cacao regeneration","cacao regeneration early",2013,10,"camera_trap","cacao","condylobasalLength",31.06
"1371","CR18","SP04-ARL_221025_CR18_0136","03:00","03:23","Didelphimorphia","Marmosa_isthmica","","SP04-ARL_221025_CR18_0136-r0091",NA,NA,0.53991814,-79.14419755,331,"cacao regeneration","cacao regeneration early",2013,10,"camera_trap","cacao","earLength",14.1175
"1372","CR18","SP04-ARL_221025_CR18_0136","03:00","03:23","Didelphimorphia","Marmosa_isthmica","","SP04-ARL_221025_CR18_0136-r0091",NA,NA,0.53991814,-79.14419755,331,"cacao regeneration","cacao regeneration early",2013,10,"camera_trap","cacao","forefootLength",12.4775
"1373","CR18","SP04-ARL_221025_CR18_0136","03:00","03:23","Didelphimorphia","Marmosa_isthmica","","SP04-ARL_221025_CR18_0136-r0091",NA,NA,0.53991814,-79.14419755,331,"cacao regeneration","cacao regeneration early",2013,10,"camera_trap","cacao","forefootWidth",7.1975
"1374","CR18","SP04-ARL_221025_CR18_0136","03:00","03:23","Didelphimorphia","Marmosa_isthmica","","SP04-ARL_221025_CR18_0136-r0091",NA,NA,0.53991814,-79.14419755,331,"cacao regeneration","cacao regeneration early",2013,10,"camera_trap","cacao","forefootclawLength",1.75
"1375","CR18","SP04-ARL_221025_CR18_0136","03:00","03:23","Didelphimorphia","Marmosa_isthmica","","SP04-ARL_221025_CR18_0136-r0091",NA,NA,0.53991814,-79.14419755,331,"cacao regeneration","cacao regeneration early",2013,10,"camera_trap","cacao","headandbodyLength",118.9075
"1376","CR18","SP04-ARL_221025_CR18_0136","03:00","03:23","Didelphimorphia","Marmosa_isthmica","","SP04-ARL_221025_CR18_0136-r0091",NA,NA,0.53991814,-79.14419755,331,"cacao regeneration","cacao regeneration early",2013,10,"camera_trap","cacao","hindfootLength",16.47
"1377","CR18","SP04-ARL_221025_CR18_0136","03:00","03:23","Didelphimorphia","Marmosa_isthmica","","SP04-ARL_221025_CR18_0136-r0091",NA,NA,0.53991814,-79.14419755,331,"cacao regeneration","cacao regeneration early",2013,10,"camera_trap","cacao","hindfootWidth",7.8425
"1378","CR18","SP04-ARL_221025_CR18_0136","03:00","03:23","Didelphimorphia","Marmosa_isthmica","","SP04-ARL_221025_CR18_0136-r0091",NA,NA,0.53991814,-79.14419755,331,"cacao regeneration","cacao regeneration early",2013,10,"camera_trap","cacao","mandibleDiagonal",18.52
"1379","CR18","SP04-ARL_221025_CR18_0136","03:00","03:23","Didelphimorphia","Marmosa_isthmica","","SP04-ARL_221025_CR18_0136-r0091",NA,NA,0.53991814,-79.14419755,331,"cacao regeneration","cacao regeneration early",2013,10,"camera_trap","cacao","mandibleLength",11.7275
"1380","CR18","SP04-ARL_221025_CR18_0136","03:00","03:23","Didelphimorphia","Marmosa_isthmica","","SP04-ARL_221025_CR18_0136-r0091",NA,NA,0.53991814,-79.14419755,331,"cacao regeneration","cacao regeneration early",2013,10,"camera_trap","cacao","mandibleWidth",15.16
"1381","CR18","SP04-ARL_221025_CR18_0136","03:00","03:23","Didelphimorphia","Marmosa_isthmica","","SP04-ARL_221025_CR18_0136-r0091",NA,NA,0.53991814,-79.14419755,331,"cacao regeneration","cacao regeneration early",2013,10,"camera_trap","cacao","mandibularcorpusHeight",4.1825
"1382","CR18","SP04-ARL_221025_CR18_0136","03:00","03:23","Didelphimorphia","Marmosa_isthmica","","SP04-ARL_221025_CR18_0136-r0091",NA,NA,0.53991814,-79.14419755,331,"cacao regeneration","cacao regeneration early",2013,10,"camera_trap","cacao","maxillarytoothrowAlveolarlength",9.095
"1383","CR18","SP04-ARL_221025_CR18_0136","03:00","03:23","Didelphimorphia","Marmosa_isthmica","","SP04-ARL_221025_CR18_0136-r0091",NA,NA,0.53991814,-79.14419755,331,"cacao regeneration","cacao regeneration early",2013,10,"camera_trap","cacao","rostrumLength",14.37
"1384","CR18","SP04-ARL_221025_CR18_0136","03:00","03:23","Didelphimorphia","Marmosa_isthmica","","SP04-ARL_221025_CR18_0136-r0091",NA,NA,0.53991814,-79.14419755,331,"cacao regeneration","cacao regeneration early",2013,10,"camera_trap","cacao","tailLength",131.3
"1385","CR18","SP04-ARL_221025_CR18_0136","03:00","03:23","Didelphimorphia","Marmosa_isthmica","","SP04-ARL_221025_CR18_0136-r0091",NA,NA,0.53991814,-79.14419755,331,"cacao regeneration","cacao regeneration early",2013,10,"camera_trap","cacao","vibrissaeLength",19.79
"1386","CR18","SP04-ARL_221025_CR18_0136","03:00","03:23","Didelphimorphia","Marmosa_isthmica","","SP04-ARL_221025_CR18_0136-r0091",NA,NA,0.53991814,-79.14419755,331,"cacao regeneration","cacao regeneration early",2013,10,"camera_trap","cacao","zygomaticBreadth",18.385
"1387","CR18","SP04-ARL_221025_CR18_0136","04:22","04:24","Didelphimorphia","Metachirus_sp","","SP04-ARL_221025_CR18_0136-r0092",NA,NA,0.53991814,-79.14419755,331,"cacao regeneration","cacao regeneration early",2013,10,"camera_trap","cacao",NA,NA
"1388","CR18","SP04-ARL_221025_CR18_0136","04:36","04:38","Rodentia","Proechimys_semispinosus","","SP04-ARL_221025_CR18_0136-r0093",NA,NA,0.53991814,-79.14419755,331,"cacao regeneration","cacao regeneration early",2013,10,"camera_trap","cacao","BodyMass",360.5
"1389","CR18","SP04-ARL_221025_CR18_0136","04:36","04:38","Rodentia","Proechimys_semispinosus","","SP04-ARL_221025_CR18_0136-r0093",NA,NA,0.53991814,-79.14419755,331,"cacao regeneration","cacao regeneration early",2013,10,"camera_trap","cacao","Sex",NA
"1390","CR18","SP04-ARL_221025_CR18_0136","04:36","04:38","Rodentia","Proechimys_semispinosus","","SP04-ARL_221025_CR18_0136-r0093",NA,NA,0.53991814,-79.14419755,331,"cacao regeneration","cacao regeneration early",2013,10,"camera_trap","cacao","acrossincisortipsBreadth",7.283
"1391","CR18","SP04-ARL_221025_CR18_0136","04:36","04:38","Rodentia","Proechimys_semispinosus","","SP04-ARL_221025_CR18_0136-r0093",NA,NA,0.53991814,-79.14419755,331,"cacao regeneration","cacao regeneration early",2013,10,"camera_trap","cacao","condylobasalLength",44.546
"1392","CR18","SP04-ARL_221025_CR18_0136","04:36","04:38","Rodentia","Proechimys_semispinosus","","SP04-ARL_221025_CR18_0136-r0093",NA,NA,0.53991814,-79.14419755,331,"cacao regeneration","cacao regeneration early",2013,10,"camera_trap","cacao","earLength",15.0225
"1393","CR18","SP04-ARL_221025_CR18_0136","04:36","04:38","Rodentia","Proechimys_semispinosus","","SP04-ARL_221025_CR18_0136-r0093",NA,NA,0.53991814,-79.14419755,331,"cacao regeneration","cacao regeneration early",2013,10,"camera_trap","cacao","forefootLength",18.13
"1394","CR18","SP04-ARL_221025_CR18_0136","04:36","04:38","Rodentia","Proechimys_semispinosus","","SP04-ARL_221025_CR18_0136-r0093",NA,NA,0.53991814,-79.14419755,331,"cacao regeneration","cacao regeneration early",2013,10,"camera_trap","cacao","forefootWidth",6.8325
"1395","CR18","SP04-ARL_221025_CR18_0136","04:36","04:38","Rodentia","Proechimys_semispinosus","","SP04-ARL_221025_CR18_0136-r0093",NA,NA,0.53991814,-79.14419755,331,"cacao regeneration","cacao regeneration early",2013,10,"camera_trap","cacao","forefootclawLength",3.08
"1396","CR18","SP04-ARL_221025_CR18_0136","04:36","04:38","Rodentia","Proechimys_semispinosus","","SP04-ARL_221025_CR18_0136-r0093",NA,NA,0.53991814,-79.14419755,331,"cacao regeneration","cacao regeneration early",2013,10,"camera_trap","cacao","headandbodyLength",209.8225
"1397","CR18","SP04-ARL_221025_CR18_0136","04:36","04:38","Rodentia","Proechimys_semispinosus","","SP04-ARL_221025_CR18_0136-r0093",NA,NA,0.53991814,-79.14419755,331,"cacao regeneration","cacao regeneration early",2013,10,"camera_trap","cacao","hindfootLength",44.63
"1398","CR18","SP04-ARL_221025_CR18_0136","04:36","04:38","Rodentia","Proechimys_semispinosus","","SP04-ARL_221025_CR18_0136-r0093",NA,NA,0.53991814,-79.14419755,331,"cacao regeneration","cacao regeneration early",2013,10,"camera_trap","cacao","hindfootWidth",9.2
"1399","CR18","SP04-ARL_221025_CR18_0136","04:36","04:38","Rodentia","Proechimys_semispinosus","","SP04-ARL_221025_CR18_0136-r0093",NA,NA,0.53991814,-79.14419755,331,"cacao regeneration","cacao regeneration early",2013,10,"camera_trap","cacao","mandibleDiagonal",22.782
"1400","CR18","SP04-ARL_221025_CR18_0136","04:36","04:38","Rodentia","Proechimys_semispinosus","","SP04-ARL_221025_CR18_0136-r0093",NA,NA,0.53991814,-79.14419755,331,"cacao regeneration","cacao regeneration early",2013,10,"camera_trap","cacao","mandibleLength",22.9
"1401","CR18","SP04-ARL_221025_CR18_0136","04:36","04:38","Rodentia","Proechimys_semispinosus","","SP04-ARL_221025_CR18_0136-r0093",NA,NA,0.53991814,-79.14419755,331,"cacao regeneration","cacao regeneration early",2013,10,"camera_trap","cacao","mandibleWidth",26.8021428571429
"1402","CR18","SP04-ARL_221025_CR18_0136","04:36","04:38","Rodentia","Proechimys_semispinosus","","SP04-ARL_221025_CR18_0136-r0093",NA,NA,0.53991814,-79.14419755,331,"cacao regeneration","cacao regeneration early",2013,10,"camera_trap","cacao","mandibularcorpusHeight",11.66
"1403","CR18","SP04-ARL_221025_CR18_0136","04:36","04:38","Rodentia","Proechimys_semispinosus","","SP04-ARL_221025_CR18_0136-r0093",NA,NA,0.53991814,-79.14419755,331,"cacao regeneration","cacao regeneration early",2013,10,"camera_trap","cacao","maxillarytoothrowAlveolarlength",12.98
"1404","CR18","SP04-ARL_221025_CR18_0136","04:36","04:38","Rodentia","Proechimys_semispinosus","","SP04-ARL_221025_CR18_0136-r0093",NA,NA,0.53991814,-79.14419755,331,"cacao regeneration","cacao regeneration early",2013,10,"camera_trap","cacao","rostrumLength",23.417
"1405","CR18","SP04-ARL_221025_CR18_0136","04:36","04:38","Rodentia","Proechimys_semispinosus","","SP04-ARL_221025_CR18_0136-r0093",NA,NA,0.53991814,-79.14419755,331,"cacao regeneration","cacao regeneration early",2013,10,"camera_trap","cacao","tailLength",60.87
"1406","CR18","SP04-ARL_221025_CR18_0136","04:36","04:38","Rodentia","Proechimys_semispinosus","","SP04-ARL_221025_CR18_0136-r0093",NA,NA,0.53991814,-79.14419755,331,"cacao regeneration","cacao regeneration early",2013,10,"camera_trap","cacao","vibrissaeLength",63.0425
"1407","CR18","SP04-ARL_221025_CR18_0136","04:36","04:38","Rodentia","Proechimys_semispinosus","","SP04-ARL_221025_CR18_0136-r0093",NA,NA,0.53991814,-79.14419755,331,"cacao regeneration","cacao regeneration early",2013,10,"camera_trap","cacao","zygomaticBreadth",29.363
"1408","CR18","SP04-ARL_221025_CR18_0136","04:45","04:47","Didelphimorphia","Metachirus_sp","","SP04-ARL_221025_CR18_0136-r0094",NA,NA,0.53991814,-79.14419755,331,"cacao regeneration","cacao regeneration early",2013,10,"camera_trap","cacao",NA,NA
"1409","CR18","SP04-ARL_221025_CR18_0136","22:38","22:38","Didelphimorphia","Didelphis_marsupialis","","SP04-ARL_221025_CR18_0136-r0095",NA,NA,0.53991814,-79.14419755,331,"cacao regeneration","cacao regeneration early",2013,10,"camera_trap","cacao","BodyMass",1091.16
"1410","CR18","SP04-ARL_221025_CR18_0136","22:38","22:38","Didelphimorphia","Didelphis_marsupialis","","SP04-ARL_221025_CR18_0136-r0095",NA,NA,0.53991814,-79.14419755,331,"cacao regeneration","cacao regeneration early",2013,10,"camera_trap","cacao","Sex",NA
"1411","CR18","SP04-ARL_221025_CR18_0136","22:38","22:38","Didelphimorphia","Didelphis_marsupialis","","SP04-ARL_221025_CR18_0136-r0095",NA,NA,0.53991814,-79.14419755,331,"cacao regeneration","cacao regeneration early",2013,10,"camera_trap","cacao","acrossincisortipsBreadth",5.53846153846154
"1412","CR18","SP04-ARL_221025_CR18_0136","22:38","22:38","Didelphimorphia","Didelphis_marsupialis","","SP04-ARL_221025_CR18_0136-r0095",NA,NA,0.53991814,-79.14419755,331,"cacao regeneration","cacao regeneration early",2013,10,"camera_trap","cacao","condylobasalLength",81.8276923076923
"1413","CR18","SP04-ARL_221025_CR18_0136","22:38","22:38","Didelphimorphia","Didelphis_marsupialis","","SP04-ARL_221025_CR18_0136-r0095",NA,NA,0.53991814,-79.14419755,331,"cacao regeneration","cacao regeneration early",2013,10,"camera_trap","cacao","earLength",30.9033333333333
"1414","CR18","SP04-ARL_221025_CR18_0136","22:38","22:38","Didelphimorphia","Didelphis_marsupialis","","SP04-ARL_221025_CR18_0136-r0095",NA,NA,0.53991814,-79.14419755,331,"cacao regeneration","cacao regeneration early",2013,10,"camera_trap","cacao","forefootLength",34.285
"1415","CR18","SP04-ARL_221025_CR18_0136","22:38","22:38","Didelphimorphia","Didelphis_marsupialis","","SP04-ARL_221025_CR18_0136-r0095",NA,NA,0.53991814,-79.14419755,331,"cacao regeneration","cacao regeneration early",2013,10,"camera_trap","cacao","forefootWidth",18.5875
"1416","CR18","SP04-ARL_221025_CR18_0136","22:38","22:38","Didelphimorphia","Didelphis_marsupialis","","SP04-ARL_221025_CR18_0136-r0095",NA,NA,0.53991814,-79.14419755,331,"cacao regeneration","cacao regeneration early",2013,10,"camera_trap","cacao","forefootclawLength",6.93
"1417","CR18","SP04-ARL_221025_CR18_0136","22:38","22:38","Didelphimorphia","Didelphis_marsupialis","","SP04-ARL_221025_CR18_0136-r0095",NA,NA,0.53991814,-79.14419755,331,"cacao regeneration","cacao regeneration early",2013,10,"camera_trap","cacao","headandbodyLength",420.31
"1418","CR18","SP04-ARL_221025_CR18_0136","22:38","22:38","Didelphimorphia","Didelphis_marsupialis","","SP04-ARL_221025_CR18_0136-r0095",NA,NA,0.53991814,-79.14419755,331,"cacao regeneration","cacao regeneration early",2013,10,"camera_trap","cacao","hindfootLength",50.59
"1419","CR18","SP04-ARL_221025_CR18_0136","22:38","22:38","Didelphimorphia","Didelphis_marsupialis","","SP04-ARL_221025_CR18_0136-r0095",NA,NA,0.53991814,-79.14419755,331,"cacao regeneration","cacao regeneration early",2013,10,"camera_trap","cacao","hindfootWidth",21.2525
"1420","CR18","SP04-ARL_221025_CR18_0136","22:38","22:38","Didelphimorphia","Didelphis_marsupialis","","SP04-ARL_221025_CR18_0136-r0095",NA,NA,0.53991814,-79.14419755,331,"cacao regeneration","cacao regeneration early",2013,10,"camera_trap","cacao","mandibleDiagonal",56.2
"1421","CR18","SP04-ARL_221025_CR18_0136","22:38","22:38","Didelphimorphia","Didelphis_marsupialis","","SP04-ARL_221025_CR18_0136-r0095",NA,NA,0.53991814,-79.14419755,331,"cacao regeneration","cacao regeneration early",2013,10,"camera_trap","cacao","mandibleLength",66.079
"1422","CR18","SP04-ARL_221025_CR18_0136","22:38","22:38","Didelphimorphia","Didelphis_marsupialis","","SP04-ARL_221025_CR18_0136-r0095",NA,NA,0.53991814,-79.14419755,331,"cacao regeneration","cacao regeneration early",2013,10,"camera_trap","cacao","mandibleWidth",31.816
"1423","CR18","SP04-ARL_221025_CR18_0136","22:38","22:38","Didelphimorphia","Didelphis_marsupialis","","SP04-ARL_221025_CR18_0136-r0095",NA,NA,0.53991814,-79.14419755,331,"cacao regeneration","cacao regeneration early",2013,10,"camera_trap","cacao","mandibularcorpusHeight",13.089
"1424","CR18","SP04-ARL_221025_CR18_0136","22:38","22:38","Didelphimorphia","Didelphis_marsupialis","","SP04-ARL_221025_CR18_0136-r0095",NA,NA,0.53991814,-79.14419755,331,"cacao regeneration","cacao regeneration early",2013,10,"camera_trap","cacao","maxillarytoothrowAlveolarlength",24.7376923076923
"1425","CR18","SP04-ARL_221025_CR18_0136","22:38","22:38","Didelphimorphia","Didelphis_marsupialis","","SP04-ARL_221025_CR18_0136-r0095",NA,NA,0.53991814,-79.14419755,331,"cacao regeneration","cacao regeneration early",2013,10,"camera_trap","cacao","rostrumLength",43.9715384615385
"1426","CR18","SP04-ARL_221025_CR18_0136","22:38","22:38","Didelphimorphia","Didelphis_marsupialis","","SP04-ARL_221025_CR18_0136-r0095",NA,NA,0.53991814,-79.14419755,331,"cacao regeneration","cacao regeneration early",2013,10,"camera_trap","cacao","tailLength",360.74
"1427","CR18","SP04-ARL_221025_CR18_0136","22:38","22:38","Didelphimorphia","Didelphis_marsupialis","","SP04-ARL_221025_CR18_0136-r0095",NA,NA,0.53991814,-79.14419755,331,"cacao regeneration","cacao regeneration early",2013,10,"camera_trap","cacao","vibrissaeLength",59.2575
"1428","CR18","SP04-ARL_221025_CR18_0136","22:38","22:38","Didelphimorphia","Didelphis_marsupialis","","SP04-ARL_221025_CR18_0136-r0095",NA,NA,0.53991814,-79.14419755,331,"cacao regeneration","cacao regeneration early",2013,10,"camera_trap","cacao","zygomaticBreadth",45.3041666666667
"1429","CR18","SP04-ARL_221027_CR18_0137","01:54","01:54","Rodentia","Heteromys_australis","","SP04-ARL_221027_CR18_0137-r0096",NA,NA,0.53991814,-79.14419755,331,"cacao regeneration","cacao regeneration early",2013,10,"camera_trap","cacao","BodyMass",267.5
"1430","CR18","SP04-ARL_221027_CR18_0137","01:54","01:54","Rodentia","Heteromys_australis","","SP04-ARL_221027_CR18_0137-r0096",NA,NA,0.53991814,-79.14419755,331,"cacao regeneration","cacao regeneration early",2013,10,"camera_trap","cacao","Sex",NA
"1431","CR18","SP04-ARL_221027_CR18_0137","01:54","01:54","Rodentia","Heteromys_australis","","SP04-ARL_221027_CR18_0137-r0096",NA,NA,0.53991814,-79.14419755,331,"cacao regeneration","cacao regeneration early",2013,10,"camera_trap","cacao","acrossincisortipsBreadth",2.47142857142857
"1432","CR18","SP04-ARL_221027_CR18_0137","01:54","01:54","Rodentia","Heteromys_australis","","SP04-ARL_221027_CR18_0137-r0096",NA,NA,0.53991814,-79.14419755,331,"cacao regeneration","cacao regeneration early",2013,10,"camera_trap","cacao","condylobasalLength",27.8885714285714
"1433","CR18","SP04-ARL_221027_CR18_0137","01:54","01:54","Rodentia","Heteromys_australis","","SP04-ARL_221027_CR18_0137-r0096",NA,NA,0.53991814,-79.14419755,331,"cacao regeneration","cacao regeneration early",2013,10,"camera_trap","cacao","earLength",14.48
"1434","CR18","SP04-ARL_221027_CR18_0137","01:54","01:54","Rodentia","Heteromys_australis","","SP04-ARL_221027_CR18_0137-r0096",NA,NA,0.53991814,-79.14419755,331,"cacao regeneration","cacao regeneration early",2013,10,"camera_trap","cacao","forefootLength",9.59
"1435","CR18","SP04-ARL_221027_CR18_0137","01:54","01:54","Rodentia","Heteromys_australis","","SP04-ARL_221027_CR18_0137-r0096",NA,NA,0.53991814,-79.14419755,331,"cacao regeneration","cacao regeneration early",2013,10,"camera_trap","cacao","forefootWidth",4.752
"1436","CR18","SP04-ARL_221027_CR18_0137","01:54","01:54","Rodentia","Heteromys_australis","","SP04-ARL_221027_CR18_0137-r0096",NA,NA,0.53991814,-79.14419755,331,"cacao regeneration","cacao regeneration early",2013,10,"camera_trap","cacao","forefootclawLength",2.154
"1437","CR18","SP04-ARL_221027_CR18_0137","01:54","01:54","Rodentia","Heteromys_australis","","SP04-ARL_221027_CR18_0137-r0096",NA,NA,0.53991814,-79.14419755,331,"cacao regeneration","cacao regeneration early",2013,10,"camera_trap","cacao","headandbodyLength",86.534
"1438","CR18","SP04-ARL_221027_CR18_0137","01:54","01:54","Rodentia","Heteromys_australis","","SP04-ARL_221027_CR18_0137-r0096",NA,NA,0.53991814,-79.14419755,331,"cacao regeneration","cacao regeneration early",2013,10,"camera_trap","cacao","hindfootLength",24.968
"1439","CR18","SP04-ARL_221027_CR18_0137","01:54","01:54","Rodentia","Heteromys_australis","","SP04-ARL_221027_CR18_0137-r0096",NA,NA,0.53991814,-79.14419755,331,"cacao regeneration","cacao regeneration early",2013,10,"camera_trap","cacao","hindfootWidth",5.532
"1440","CR18","SP04-ARL_221027_CR18_0137","01:54","01:54","Rodentia","Heteromys_australis","","SP04-ARL_221027_CR18_0137-r0096",NA,NA,0.53991814,-79.14419755,331,"cacao regeneration","cacao regeneration early",2013,10,"camera_trap","cacao","mandibleDiagonal",13.1585714285714
"1441","CR18","SP04-ARL_221027_CR18_0137","01:54","01:54","Rodentia","Heteromys_australis","","SP04-ARL_221027_CR18_0137-r0096",NA,NA,0.53991814,-79.14419755,331,"cacao regeneration","cacao regeneration early",2013,10,"camera_trap","cacao","mandibleLength",11.8242857142857
"1442","CR18","SP04-ARL_221027_CR18_0137","01:54","01:54","Rodentia","Heteromys_australis","","SP04-ARL_221027_CR18_0137-r0096",NA,NA,0.53991814,-79.14419755,331,"cacao regeneration","cacao regeneration early",2013,10,"camera_trap","cacao","mandibleWidth",12.1716666666667
"1443","CR18","SP04-ARL_221027_CR18_0137","01:54","01:54","Rodentia","Heteromys_australis","","SP04-ARL_221027_CR18_0137-r0096",NA,NA,0.53991814,-79.14419755,331,"cacao regeneration","cacao regeneration early",2013,10,"camera_trap","cacao","mandibularcorpusHeight",5.44428571428571
"1444","CR18","SP04-ARL_221027_CR18_0137","01:54","01:54","Rodentia","Heteromys_australis","","SP04-ARL_221027_CR18_0137-r0096",NA,NA,0.53991814,-79.14419755,331,"cacao regeneration","cacao regeneration early",2013,10,"camera_trap","cacao","maxillarytoothrowAlveolarlength",4.90285714285714
"1445","CR18","SP04-ARL_221027_CR18_0137","01:54","01:54","Rodentia","Heteromys_australis","","SP04-ARL_221027_CR18_0137-r0096",NA,NA,0.53991814,-79.14419755,331,"cacao regeneration","cacao regeneration early",2013,10,"camera_trap","cacao","rostrumLength",12.7657142857143
"1446","CR18","SP04-ARL_221027_CR18_0137","01:54","01:54","Rodentia","Heteromys_australis","","SP04-ARL_221027_CR18_0137-r0096",NA,NA,0.53991814,-79.14419755,331,"cacao regeneration","cacao regeneration early",2013,10,"camera_trap","cacao","tailLength",84.278
"1447","CR18","SP04-ARL_221027_CR18_0137","01:54","01:54","Rodentia","Heteromys_australis","","SP04-ARL_221027_CR18_0137-r0096",NA,NA,0.53991814,-79.14419755,331,"cacao regeneration","cacao regeneration early",2013,10,"camera_trap","cacao","vibrissaeLength",32.712
"1448","CR18","SP04-ARL_221027_CR18_0137","01:54","01:54","Rodentia","Heteromys_australis","","SP04-ARL_221027_CR18_0137-r0096",NA,NA,0.53991814,-79.14419755,331,"cacao regeneration","cacao regeneration early",2013,10,"camera_trap","cacao","zygomaticBreadth",15.41
"1449","CR18","SP04-ARL_221027_CR18_0137","02:58","02:58","Didelphimorphia","Metachirus_sp","","SP04-ARL_221027_CR18_0137-r0097",NA,NA,0.53991814,-79.14419755,331,"cacao regeneration","cacao regeneration early",2013,10,"camera_trap","cacao",NA,NA
"1450","CR18","SP04-ARL_221027_CR18_0137","04:06","04:06","Didelphimorphia","Metachirus_sp","","SP04-ARL_221027_CR18_0137-r0098",NA,NA,0.53991814,-79.14419755,331,"cacao regeneration","cacao regeneration early",2013,10,"camera_trap","cacao",NA,NA
"1451","CR18","SP04-ARL_221027_CR18_0137","04:39","04:39","Rodentia","Trasandinomys_sp","","SP04-ARL_221027_CR18_0137-r0099",NA,NA,0.53991814,-79.14419755,331,"cacao regeneration","cacao regeneration early",2013,10,"camera_trap","cacao",NA,NA
"1452","CR18","SP04-ARL_221027_CR18_0137","04:53","04:53","Didelphimorphia","Metachirus_sp","","SP04-ARL_221027_CR18_0137-r0100",NA,NA,0.53991814,-79.14419755,331,"cacao regeneration","cacao regeneration early",2013,10,"camera_trap","cacao",NA,NA
"1453","CR18","SP04-ARL_221027_CR18_0137","05:13","05:13","Didelphimorphia","Metachirus_sp","","SP04-ARL_221027_CR18_0137-r0101",NA,NA,0.53991814,-79.14419755,331,"cacao regeneration","cacao regeneration early",2013,10,"camera_trap","cacao",NA,NA
"1454","CR18","SP04-ARL_221027_CR18_0137","05:32","05:32","Rodentia","Trasandinomys_sp","","SP04-ARL_221027_CR18_0137-r0102",NA,NA,0.53991814,-79.14419755,331,"cacao regeneration","cacao regeneration early",2013,10,"camera_trap","cacao",NA,NA
"1455","CR18","SP04-ARL_221027_CR18_0137","05:47","05:47","Didelphimorphia","Metachirus_sp","","SP04-ARL_221027_CR18_0137-r0103",NA,NA,0.53991814,-79.14419755,331,"cacao regeneration","cacao regeneration early",2013,10,"camera_trap","cacao",NA,NA
"1456","CR18","SP04-ARL_221028_CR18_0138","00:47","00:47","Didelphimorphia","Metachirus_sp","","SP04-ARL_221028_CR18_0138-r0104",NA,NA,0.53991814,-79.14419755,331,"cacao regeneration","cacao regeneration early",2013,10,"camera_trap","cacao",NA,NA
"1457","CR18","SP04-ARL_221028_CR18_0138","05:38","05:38","Didelphimorphia","Metachirus_sp","","SP04-ARL_221028_CR18_0138-r0105",NA,NA,0.53991814,-79.14419755,331,"cacao regeneration","cacao regeneration early",2013,10,"camera_trap","cacao",NA,NA
"1458","CR18","SP04-ARL_221028_CR18_0138","08:51","08:52","Rodentia","Proechimys_semispinosus","","SP04-ARL_221028_CR18_0138-r0106",NA,NA,0.53991814,-79.14419755,331,"cacao regeneration","cacao regeneration early",2013,10,"camera_trap","cacao","BodyMass",360.5
"1459","CR18","SP04-ARL_221028_CR18_0138","08:51","08:52","Rodentia","Proechimys_semispinosus","","SP04-ARL_221028_CR18_0138-r0106",NA,NA,0.53991814,-79.14419755,331,"cacao regeneration","cacao regeneration early",2013,10,"camera_trap","cacao","Sex",NA
"1460","CR18","SP04-ARL_221028_CR18_0138","08:51","08:52","Rodentia","Proechimys_semispinosus","","SP04-ARL_221028_CR18_0138-r0106",NA,NA,0.53991814,-79.14419755,331,"cacao regeneration","cacao regeneration early",2013,10,"camera_trap","cacao","acrossincisortipsBreadth",7.283
"1461","CR18","SP04-ARL_221028_CR18_0138","08:51","08:52","Rodentia","Proechimys_semispinosus","","SP04-ARL_221028_CR18_0138-r0106",NA,NA,0.53991814,-79.14419755,331,"cacao regeneration","cacao regeneration early",2013,10,"camera_trap","cacao","condylobasalLength",44.546
"1462","CR18","SP04-ARL_221028_CR18_0138","08:51","08:52","Rodentia","Proechimys_semispinosus","","SP04-ARL_221028_CR18_0138-r0106",NA,NA,0.53991814,-79.14419755,331,"cacao regeneration","cacao regeneration early",2013,10,"camera_trap","cacao","earLength",15.0225
"1463","CR18","SP04-ARL_221028_CR18_0138","08:51","08:52","Rodentia","Proechimys_semispinosus","","SP04-ARL_221028_CR18_0138-r0106",NA,NA,0.53991814,-79.14419755,331,"cacao regeneration","cacao regeneration early",2013,10,"camera_trap","cacao","forefootLength",18.13
"1464","CR18","SP04-ARL_221028_CR18_0138","08:51","08:52","Rodentia","Proechimys_semispinosus","","SP04-ARL_221028_CR18_0138-r0106",NA,NA,0.53991814,-79.14419755,331,"cacao regeneration","cacao regeneration early",2013,10,"camera_trap","cacao","forefootWidth",6.8325
"1465","CR18","SP04-ARL_221028_CR18_0138","08:51","08:52","Rodentia","Proechimys_semispinosus","","SP04-ARL_221028_CR18_0138-r0106",NA,NA,0.53991814,-79.14419755,331,"cacao regeneration","cacao regeneration early",2013,10,"camera_trap","cacao","forefootclawLength",3.08
"1466","CR18","SP04-ARL_221028_CR18_0138","08:51","08:52","Rodentia","Proechimys_semispinosus","","SP04-ARL_221028_CR18_0138-r0106",NA,NA,0.53991814,-79.14419755,331,"cacao regeneration","cacao regeneration early",2013,10,"camera_trap","cacao","headandbodyLength",209.8225
"1467","CR18","SP04-ARL_221028_CR18_0138","08:51","08:52","Rodentia","Proechimys_semispinosus","","SP04-ARL_221028_CR18_0138-r0106",NA,NA,0.53991814,-79.14419755,331,"cacao regeneration","cacao regeneration early",2013,10,"camera_trap","cacao","hindfootLength",44.63
"1468","CR18","SP04-ARL_221028_CR18_0138","08:51","08:52","Rodentia","Proechimys_semispinosus","","SP04-ARL_221028_CR18_0138-r0106",NA,NA,0.53991814,-79.14419755,331,"cacao regeneration","cacao regeneration early",2013,10,"camera_trap","cacao","hindfootWidth",9.2
"1469","CR18","SP04-ARL_221028_CR18_0138","08:51","08:52","Rodentia","Proechimys_semispinosus","","SP04-ARL_221028_CR18_0138-r0106",NA,NA,0.53991814,-79.14419755,331,"cacao regeneration","cacao regeneration early",2013,10,"camera_trap","cacao","mandibleDiagonal",22.782
"1470","CR18","SP04-ARL_221028_CR18_0138","08:51","08:52","Rodentia","Proechimys_semispinosus","","SP04-ARL_221028_CR18_0138-r0106",NA,NA,0.53991814,-79.14419755,331,"cacao regeneration","cacao regeneration early",2013,10,"camera_trap","cacao","mandibleLength",22.9
"1471","CR18","SP04-ARL_221028_CR18_0138","08:51","08:52","Rodentia","Proechimys_semispinosus","","SP04-ARL_221028_CR18_0138-r0106",NA,NA,0.53991814,-79.14419755,331,"cacao regeneration","cacao regeneration early",2013,10,"camera_trap","cacao","mandibleWidth",26.8021428571429
"1472","CR18","SP04-ARL_221028_CR18_0138","08:51","08:52","Rodentia","Proechimys_semispinosus","","SP04-ARL_221028_CR18_0138-r0106",NA,NA,0.53991814,-79.14419755,331,"cacao regeneration","cacao regeneration early",2013,10,"camera_trap","cacao","mandibularcorpusHeight",11.66
"1473","CR18","SP04-ARL_221028_CR18_0138","08:51","08:52","Rodentia","Proechimys_semispinosus","","SP04-ARL_221028_CR18_0138-r0106",NA,NA,0.53991814,-79.14419755,331,"cacao regeneration","cacao regeneration early",2013,10,"camera_trap","cacao","maxillarytoothrowAlveolarlength",12.98
"1474","CR18","SP04-ARL_221028_CR18_0138","08:51","08:52","Rodentia","Proechimys_semispinosus","","SP04-ARL_221028_CR18_0138-r0106",NA,NA,0.53991814,-79.14419755,331,"cacao regeneration","cacao regeneration early",2013,10,"camera_trap","cacao","rostrumLength",23.417
"1475","CR18","SP04-ARL_221028_CR18_0138","08:51","08:52","Rodentia","Proechimys_semispinosus","","SP04-ARL_221028_CR18_0138-r0106",NA,NA,0.53991814,-79.14419755,331,"cacao regeneration","cacao regeneration early",2013,10,"camera_trap","cacao","tailLength",60.87
"1476","CR18","SP04-ARL_221028_CR18_0138","08:51","08:52","Rodentia","Proechimys_semispinosus","","SP04-ARL_221028_CR18_0138-r0106",NA,NA,0.53991814,-79.14419755,331,"cacao regeneration","cacao regeneration early",2013,10,"camera_trap","cacao","vibrissaeLength",63.0425
"1477","CR18","SP04-ARL_221028_CR18_0138","08:51","08:52","Rodentia","Proechimys_semispinosus","","SP04-ARL_221028_CR18_0138-r0106",NA,NA,0.53991814,-79.14419755,331,"cacao regeneration","cacao regeneration early",2013,10,"camera_trap","cacao","zygomaticBreadth",29.363
"1478","CR18","SP04-ARL_221030_CR18_0140","03:10","03:10","Rodentia","Cuniculus_paca","","SP04-ARL_221030_CR18_0140-r0107",NA,NA,0.53991814,-79.14419755,331,"cacao regeneration","cacao regeneration early",2013,10,"camera_trap","cacao","BodyMass",8172.55
"1479","CR18","SP04-ARL_221030_CR18_0140","03:10","03:10","Rodentia","Cuniculus_paca","","SP04-ARL_221030_CR18_0140-r0107",NA,NA,0.53991814,-79.14419755,331,"cacao regeneration","cacao regeneration early",2013,10,"camera_trap","cacao","Sex",NA
"1480","CR18","SP04-ARL_221030_CR18_0140","03:10","03:10","Rodentia","Cuniculus_paca","","SP04-ARL_221030_CR18_0140-r0107",NA,NA,0.53991814,-79.14419755,331,"cacao regeneration","cacao regeneration early",2013,10,"camera_trap","cacao","acrossincisortipsBreadth",9.00666666666667
"1481","CR18","SP04-ARL_221030_CR18_0140","03:10","03:10","Rodentia","Cuniculus_paca","","SP04-ARL_221030_CR18_0140-r0107",NA,NA,0.53991814,-79.14419755,331,"cacao regeneration","cacao regeneration early",2013,10,"camera_trap","cacao","condylobasalLength",129.675
"1482","CR18","SP04-ARL_221030_CR18_0140","03:10","03:10","Rodentia","Cuniculus_paca","","SP04-ARL_221030_CR18_0140-r0107",NA,NA,0.53991814,-79.14419755,331,"cacao regeneration","cacao regeneration early",2013,10,"camera_trap","cacao","mandibleDiagonal",65.91
"1483","CR18","SP04-ARL_221030_CR18_0140","03:10","03:10","Rodentia","Cuniculus_paca","","SP04-ARL_221030_CR18_0140-r0107",NA,NA,0.53991814,-79.14419755,331,"cacao regeneration","cacao regeneration early",2013,10,"camera_trap","cacao","mandibleLength",66.27
"1484","CR18","SP04-ARL_221030_CR18_0140","03:10","03:10","Rodentia","Cuniculus_paca","","SP04-ARL_221030_CR18_0140-r0107",NA,NA,0.53991814,-79.14419755,331,"cacao regeneration","cacao regeneration early",2013,10,"camera_trap","cacao","mandibleWidth",NA
"1485","CR18","SP04-ARL_221030_CR18_0140","03:10","03:10","Rodentia","Cuniculus_paca","","SP04-ARL_221030_CR18_0140-r0107",NA,NA,0.53991814,-79.14419755,331,"cacao regeneration","cacao regeneration early",2013,10,"camera_trap","cacao","mandibularcorpusHeight",28.6866666666667
"1486","CR18","SP04-ARL_221030_CR18_0140","03:10","03:10","Rodentia","Cuniculus_paca","","SP04-ARL_221030_CR18_0140-r0107",NA,NA,0.53991814,-79.14419755,331,"cacao regeneration","cacao regeneration early",2013,10,"camera_trap","cacao","maxillarytoothrowAlveolarlength",29.035
"1487","CR18","SP04-ARL_221030_CR18_0140","03:10","03:10","Rodentia","Cuniculus_paca","","SP04-ARL_221030_CR18_0140-r0107",NA,NA,0.53991814,-79.14419755,331,"cacao regeneration","cacao regeneration early",2013,10,"camera_trap","cacao","rostrumLength",55.72
"1488","CR18","SP04-ARL_221030_CR18_0140","03:10","03:10","Rodentia","Cuniculus_paca","","SP04-ARL_221030_CR18_0140-r0107",NA,NA,0.53991814,-79.14419755,331,"cacao regeneration","cacao regeneration early",2013,10,"camera_trap","cacao","zygomaticBreadth",94.45
"1489","CR18","SP04-ARL_221030_CR18_0140","23:54","23:54","Rodentia","Proechimys_semispinosus","","SP04-ARL_221030_CR18_0140-r0108",NA,NA,0.53991814,-79.14419755,331,"cacao regeneration","cacao regeneration early",2013,10,"camera_trap","cacao","BodyMass",360.5
"1490","CR18","SP04-ARL_221030_CR18_0140","23:54","23:54","Rodentia","Proechimys_semispinosus","","SP04-ARL_221030_CR18_0140-r0108",NA,NA,0.53991814,-79.14419755,331,"cacao regeneration","cacao regeneration early",2013,10,"camera_trap","cacao","Sex",NA
"1491","CR18","SP04-ARL_221030_CR18_0140","23:54","23:54","Rodentia","Proechimys_semispinosus","","SP04-ARL_221030_CR18_0140-r0108",NA,NA,0.53991814,-79.14419755,331,"cacao regeneration","cacao regeneration early",2013,10,"camera_trap","cacao","acrossincisortipsBreadth",7.283
"1492","CR18","SP04-ARL_221030_CR18_0140","23:54","23:54","Rodentia","Proechimys_semispinosus","","SP04-ARL_221030_CR18_0140-r0108",NA,NA,0.53991814,-79.14419755,331,"cacao regeneration","cacao regeneration early",2013,10,"camera_trap","cacao","condylobasalLength",44.546
"1493","CR18","SP04-ARL_221030_CR18_0140","23:54","23:54","Rodentia","Proechimys_semispinosus","","SP04-ARL_221030_CR18_0140-r0108",NA,NA,0.53991814,-79.14419755,331,"cacao regeneration","cacao regeneration early",2013,10,"camera_trap","cacao","earLength",15.0225
"1494","CR18","SP04-ARL_221030_CR18_0140","23:54","23:54","Rodentia","Proechimys_semispinosus","","SP04-ARL_221030_CR18_0140-r0108",NA,NA,0.53991814,-79.14419755,331,"cacao regeneration","cacao regeneration early",2013,10,"camera_trap","cacao","forefootLength",18.13
"1495","CR18","SP04-ARL_221030_CR18_0140","23:54","23:54","Rodentia","Proechimys_semispinosus","","SP04-ARL_221030_CR18_0140-r0108",NA,NA,0.53991814,-79.14419755,331,"cacao regeneration","cacao regeneration early",2013,10,"camera_trap","cacao","forefootWidth",6.8325
"1496","CR18","SP04-ARL_221030_CR18_0140","23:54","23:54","Rodentia","Proechimys_semispinosus","","SP04-ARL_221030_CR18_0140-r0108",NA,NA,0.53991814,-79.14419755,331,"cacao regeneration","cacao regeneration early",2013,10,"camera_trap","cacao","forefootclawLength",3.08
"1497","CR18","SP04-ARL_221030_CR18_0140","23:54","23:54","Rodentia","Proechimys_semispinosus","","SP04-ARL_221030_CR18_0140-r0108",NA,NA,0.53991814,-79.14419755,331,"cacao regeneration","cacao regeneration early",2013,10,"camera_trap","cacao","headandbodyLength",209.8225
"1498","CR18","SP04-ARL_221030_CR18_0140","23:54","23:54","Rodentia","Proechimys_semispinosus","","SP04-ARL_221030_CR18_0140-r0108",NA,NA,0.53991814,-79.14419755,331,"cacao regeneration","cacao regeneration early",2013,10,"camera_trap","cacao","hindfootLength",44.63
"1499","CR18","SP04-ARL_221030_CR18_0140","23:54","23:54","Rodentia","Proechimys_semispinosus","","SP04-ARL_221030_CR18_0140-r0108",NA,NA,0.53991814,-79.14419755,331,"cacao regeneration","cacao regeneration early",2013,10,"camera_trap","cacao","hindfootWidth",9.2
"1500","CR18","SP04-ARL_221030_CR18_0140","23:54","23:54","Rodentia","Proechimys_semispinosus","","SP04-ARL_221030_CR18_0140-r0108",NA,NA,0.53991814,-79.14419755,331,"cacao regeneration","cacao regeneration early",2013,10,"camera_trap","cacao","mandibleDiagonal",22.782
"1501","CR18","SP04-ARL_221030_CR18_0140","23:54","23:54","Rodentia","Proechimys_semispinosus","","SP04-ARL_221030_CR18_0140-r0108",NA,NA,0.53991814,-79.14419755,331,"cacao regeneration","cacao regeneration early",2013,10,"camera_trap","cacao","mandibleLength",22.9
"1502","CR18","SP04-ARL_221030_CR18_0140","23:54","23:54","Rodentia","Proechimys_semispinosus","","SP04-ARL_221030_CR18_0140-r0108",NA,NA,0.53991814,-79.14419755,331,"cacao regeneration","cacao regeneration early",2013,10,"camera_trap","cacao","mandibleWidth",26.8021428571429
"1503","CR18","SP04-ARL_221030_CR18_0140","23:54","23:54","Rodentia","Proechimys_semispinosus","","SP04-ARL_221030_CR18_0140-r0108",NA,NA,0.53991814,-79.14419755,331,"cacao regeneration","cacao regeneration early",2013,10,"camera_trap","cacao","mandibularcorpusHeight",11.66
"1504","CR18","SP04-ARL_221030_CR18_0140","23:54","23:54","Rodentia","Proechimys_semispinosus","","SP04-ARL_221030_CR18_0140-r0108",NA,NA,0.53991814,-79.14419755,331,"cacao regeneration","cacao regeneration early",2013,10,"camera_trap","cacao","maxillarytoothrowAlveolarlength",12.98
"1505","CR18","SP04-ARL_221030_CR18_0140","23:54","23:54","Rodentia","Proechimys_semispinosus","","SP04-ARL_221030_CR18_0140-r0108",NA,NA,0.53991814,-79.14419755,331,"cacao regeneration","cacao regeneration early",2013,10,"camera_trap","cacao","rostrumLength",23.417
"1506","CR18","SP04-ARL_221030_CR18_0140","23:54","23:54","Rodentia","Proechimys_semispinosus","","SP04-ARL_221030_CR18_0140-r0108",NA,NA,0.53991814,-79.14419755,331,"cacao regeneration","cacao regeneration early",2013,10,"camera_trap","cacao","tailLength",60.87
"1507","CR18","SP04-ARL_221030_CR18_0140","23:54","23:54","Rodentia","Proechimys_semispinosus","","SP04-ARL_221030_CR18_0140-r0108",NA,NA,0.53991814,-79.14419755,331,"cacao regeneration","cacao regeneration early",2013,10,"camera_trap","cacao","vibrissaeLength",63.0425
"1508","CR18","SP04-ARL_221030_CR18_0140","23:54","23:54","Rodentia","Proechimys_semispinosus","","SP04-ARL_221030_CR18_0140-r0108",NA,NA,0.53991814,-79.14419755,331,"cacao regeneration","cacao regeneration early",2013,10,"camera_trap","cacao","zygomaticBreadth",29.363
"1509","OG28","SP04-ARL_230517_PR28_0254","11:56","11:56","Birds","Geotrygon_montana","","SP04-ARL_230517_PR28_0254-r0177",NA,NA,0.46440563,-79.21261431,224,"old-growth forest","old-growth forest",NA,55,"camera_trap","old-growth","Age",NA
"1510","OG28","SP04-ARL_230517_PR28_0254","11:56","11:56","Birds","Geotrygon_montana","","SP04-ARL_230517_PR28_0254-r0177",NA,NA,0.46440563,-79.21261431,224,"old-growth forest","old-growth forest",NA,55,"camera_trap","old-growth","Beak.Depth",4.44848484848485
"1511","OG28","SP04-ARL_230517_PR28_0254","11:56","11:56","Birds","Geotrygon_montana","","SP04-ARL_230517_PR28_0254-r0177",NA,NA,0.46440563,-79.21261431,224,"old-growth forest","old-growth forest",NA,55,"camera_trap","old-growth","Beak.Length_Culmen",19.536
"1512","OG28","SP04-ARL_230517_PR28_0254","11:56","11:56","Birds","Geotrygon_montana","","SP04-ARL_230517_PR28_0254-r0177",NA,NA,0.46440563,-79.21261431,224,"old-growth forest","old-growth forest",NA,55,"camera_trap","old-growth","Beak.Length_Nares",8.95384615384615
"1513","OG28","SP04-ARL_230517_PR28_0254","11:56","11:56","Birds","Geotrygon_montana","","SP04-ARL_230517_PR28_0254-r0177",NA,NA,0.46440563,-79.21261431,224,"old-growth forest","old-growth forest",NA,55,"camera_trap","old-growth","Beak.Width",3.47586206896552
"1514","OG28","SP04-ARL_230517_PR28_0254","11:56","11:56","Birds","Geotrygon_montana","","SP04-ARL_230517_PR28_0254-r0177",NA,NA,0.46440563,-79.21261431,224,"old-growth forest","old-growth forest",NA,55,"camera_trap","old-growth","BodyMass",133.9
"1515","OG28","SP04-ARL_230517_PR28_0254","11:56","11:56","Birds","Geotrygon_montana","","SP04-ARL_230517_PR28_0254-r0177",NA,NA,0.46440563,-79.21261431,224,"old-growth forest","old-growth forest",NA,55,"camera_trap","old-growth","Hand.wing.Index",27.1
"1516","OG28","SP04-ARL_230517_PR28_0254","11:56","11:56","Birds","Geotrygon_montana","","SP04-ARL_230517_PR28_0254-r0177",NA,NA,0.46440563,-79.21261431,224,"old-growth forest","old-growth forest",NA,55,"camera_trap","old-growth","Kipps.Distance",36.7478260869565
"1517","OG28","SP04-ARL_230517_PR28_0254","11:56","11:56","Birds","Geotrygon_montana","","SP04-ARL_230517_PR28_0254-r0177",NA,NA,0.46440563,-79.21261431,224,"old-growth forest","old-growth forest",NA,55,"camera_trap","old-growth","Secondary1",99.195652173913
"1518","OG28","SP04-ARL_230517_PR28_0254","11:56","11:56","Birds","Geotrygon_montana","","SP04-ARL_230517_PR28_0254-r0177",NA,NA,0.46440563,-79.21261431,224,"old-growth forest","old-growth forest",NA,55,"camera_trap","old-growth","Sex",NA
"1519","OG28","SP04-ARL_230517_PR28_0254","11:56","11:56","Birds","Geotrygon_montana","","SP04-ARL_230517_PR28_0254-r0177",NA,NA,0.46440563,-79.21261431,224,"old-growth forest","old-growth forest",NA,55,"camera_trap","old-growth","Tail.Length",76.278125
"1520","OG28","SP04-ARL_230517_PR28_0254","11:56","11:56","Birds","Geotrygon_montana","","SP04-ARL_230517_PR28_0254-r0177",NA,NA,0.46440563,-79.21261431,224,"old-growth forest","old-growth forest",NA,55,"camera_trap","old-growth","Tarsus.Length",26.9405405405405
"1521","OG28","SP04-ARL_230517_PR28_0254","11:56","11:56","Birds","Geotrygon_montana","","SP04-ARL_230517_PR28_0254-r0177",NA,NA,0.46440563,-79.21261431,224,"old-growth forest","old-growth forest",NA,55,"camera_trap","old-growth","Wing.Length",136.52972972973
"1522","OG28","SP04-ARL_230519_PR28_0255","16:56","16:56","Birds","Geotrygon_montana","","SP04-ARL_230519_PR28_0255-r0178",NA,NA,0.46440563,-79.21261431,224,"old-growth forest","old-growth forest",NA,55,"camera_trap","old-growth","Age",NA
"1523","OG28","SP04-ARL_230519_PR28_0255","16:56","16:56","Birds","Geotrygon_montana","","SP04-ARL_230519_PR28_0255-r0178",NA,NA,0.46440563,-79.21261431,224,"old-growth forest","old-growth forest",NA,55,"camera_trap","old-growth","Beak.Depth",4.44848484848485
"1524","OG28","SP04-ARL_230519_PR28_0255","16:56","16:56","Birds","Geotrygon_montana","","SP04-ARL_230519_PR28_0255-r0178",NA,NA,0.46440563,-79.21261431,224,"old-growth forest","old-growth forest",NA,55,"camera_trap","old-growth","Beak.Length_Culmen",19.536
"1525","OG28","SP04-ARL_230519_PR28_0255","16:56","16:56","Birds","Geotrygon_montana","","SP04-ARL_230519_PR28_0255-r0178",NA,NA,0.46440563,-79.21261431,224,"old-growth forest","old-growth forest",NA,55,"camera_trap","old-growth","Beak.Length_Nares",8.95384615384615
"1526","OG28","SP04-ARL_230519_PR28_0255","16:56","16:56","Birds","Geotrygon_montana","","SP04-ARL_230519_PR28_0255-r0178",NA,NA,0.46440563,-79.21261431,224,"old-growth forest","old-growth forest",NA,55,"camera_trap","old-growth","Beak.Width",3.47586206896552
"1527","OG28","SP04-ARL_230519_PR28_0255","16:56","16:56","Birds","Geotrygon_montana","","SP04-ARL_230519_PR28_0255-r0178",NA,NA,0.46440563,-79.21261431,224,"old-growth forest","old-growth forest",NA,55,"camera_trap","old-growth","BodyMass",133.9
"1528","OG28","SP04-ARL_230519_PR28_0255","16:56","16:56","Birds","Geotrygon_montana","","SP04-ARL_230519_PR28_0255-r0178",NA,NA,0.46440563,-79.21261431,224,"old-growth forest","old-growth forest",NA,55,"camera_trap","old-growth","Hand.wing.Index",27.1
"1529","OG28","SP04-ARL_230519_PR28_0255","16:56","16:56","Birds","Geotrygon_montana","","SP04-ARL_230519_PR28_0255-r0178",NA,NA,0.46440563,-79.21261431,224,"old-growth forest","old-growth forest",NA,55,"camera_trap","old-growth","Kipps.Distance",36.7478260869565
"1530","OG28","SP04-ARL_230519_PR28_0255","16:56","16:56","Birds","Geotrygon_montana","","SP04-ARL_230519_PR28_0255-r0178",NA,NA,0.46440563,-79.21261431,224,"old-growth forest","old-growth forest",NA,55,"camera_trap","old-growth","Secondary1",99.195652173913
"1531","OG28","SP04-ARL_230519_PR28_0255","16:56","16:56","Birds","Geotrygon_montana","","SP04-ARL_230519_PR28_0255-r0178",NA,NA,0.46440563,-79.21261431,224,"old-growth forest","old-growth forest",NA,55,"camera_trap","old-growth","Sex",NA
"1532","OG28","SP04-ARL_230519_PR28_0255","16:56","16:56","Birds","Geotrygon_montana","","SP04-ARL_230519_PR28_0255-r0178",NA,NA,0.46440563,-79.21261431,224,"old-growth forest","old-growth forest",NA,55,"camera_trap","old-growth","Tail.Length",76.278125
"1533","OG28","SP04-ARL_230519_PR28_0255","16:56","16:56","Birds","Geotrygon_montana","","SP04-ARL_230519_PR28_0255-r0178",NA,NA,0.46440563,-79.21261431,224,"old-growth forest","old-growth forest",NA,55,"camera_trap","old-growth","Tarsus.Length",26.9405405405405
"1534","OG28","SP04-ARL_230519_PR28_0255","16:56","16:56","Birds","Geotrygon_montana","","SP04-ARL_230519_PR28_0255-r0178",NA,NA,0.46440563,-79.21261431,224,"old-growth forest","old-growth forest",NA,55,"camera_trap","old-growth","Wing.Length",136.52972972973
"1535","OG37","SP04-ARL_231026_OG37_0296","15:06","15:06","Rodentia","Heteromys_australis","","SP04-ARL_231026_OG37_0296-r0208",NA,NA,0.49819185,-79.17924819,550,"old-growth forest","old-growth forest",NA,55,"camera_trap","old-growth","BodyMass",267.5
"1536","OG37","SP04-ARL_231026_OG37_0296","15:06","15:06","Rodentia","Heteromys_australis","","SP04-ARL_231026_OG37_0296-r0208",NA,NA,0.49819185,-79.17924819,550,"old-growth forest","old-growth forest",NA,55,"camera_trap","old-growth","Sex",NA
"1537","OG37","SP04-ARL_231026_OG37_0296","15:06","15:06","Rodentia","Heteromys_australis","","SP04-ARL_231026_OG37_0296-r0208",NA,NA,0.49819185,-79.17924819,550,"old-growth forest","old-growth forest",NA,55,"camera_trap","old-growth","acrossincisortipsBreadth",2.47142857142857
"1538","OG37","SP04-ARL_231026_OG37_0296","15:06","15:06","Rodentia","Heteromys_australis","","SP04-ARL_231026_OG37_0296-r0208",NA,NA,0.49819185,-79.17924819,550,"old-growth forest","old-growth forest",NA,55,"camera_trap","old-growth","condylobasalLength",27.8885714285714
"1539","OG37","SP04-ARL_231026_OG37_0296","15:06","15:06","Rodentia","Heteromys_australis","","SP04-ARL_231026_OG37_0296-r0208",NA,NA,0.49819185,-79.17924819,550,"old-growth forest","old-growth forest",NA,55,"camera_trap","old-growth","earLength",14.48
"1540","OG37","SP04-ARL_231026_OG37_0296","15:06","15:06","Rodentia","Heteromys_australis","","SP04-ARL_231026_OG37_0296-r0208",NA,NA,0.49819185,-79.17924819,550,"old-growth forest","old-growth forest",NA,55,"camera_trap","old-growth","forefootLength",9.59
"1541","OG37","SP04-ARL_231026_OG37_0296","15:06","15:06","Rodentia","Heteromys_australis","","SP04-ARL_231026_OG37_0296-r0208",NA,NA,0.49819185,-79.17924819,550,"old-growth forest","old-growth forest",NA,55,"camera_trap","old-growth","forefootWidth",4.752
"1542","OG37","SP04-ARL_231026_OG37_0296","15:06","15:06","Rodentia","Heteromys_australis","","SP04-ARL_231026_OG37_0296-r0208",NA,NA,0.49819185,-79.17924819,550,"old-growth forest","old-growth forest",NA,55,"camera_trap","old-growth","forefootclawLength",2.154
"1543","OG37","SP04-ARL_231026_OG37_0296","15:06","15:06","Rodentia","Heteromys_australis","","SP04-ARL_231026_OG37_0296-r0208",NA,NA,0.49819185,-79.17924819,550,"old-growth forest","old-growth forest",NA,55,"camera_trap","old-growth","headandbodyLength",86.534
"1544","OG37","SP04-ARL_231026_OG37_0296","15:06","15:06","Rodentia","Heteromys_australis","","SP04-ARL_231026_OG37_0296-r0208",NA,NA,0.49819185,-79.17924819,550,"old-growth forest","old-growth forest",NA,55,"camera_trap","old-growth","hindfootLength",24.968
"1545","OG37","SP04-ARL_231026_OG37_0296","15:06","15:06","Rodentia","Heteromys_australis","","SP04-ARL_231026_OG37_0296-r0208",NA,NA,0.49819185,-79.17924819,550,"old-growth forest","old-growth forest",NA,55,"camera_trap","old-growth","hindfootWidth",5.532
"1546","OG37","SP04-ARL_231026_OG37_0296","15:06","15:06","Rodentia","Heteromys_australis","","SP04-ARL_231026_OG37_0296-r0208",NA,NA,0.49819185,-79.17924819,550,"old-growth forest","old-growth forest",NA,55,"camera_trap","old-growth","mandibleDiagonal",13.1585714285714
"1547","OG37","SP04-ARL_231026_OG37_0296","15:06","15:06","Rodentia","Heteromys_australis","","SP04-ARL_231026_OG37_0296-r0208",NA,NA,0.49819185,-79.17924819,550,"old-growth forest","old-growth forest",NA,55,"camera_trap","old-growth","mandibleLength",11.8242857142857
"1548","OG37","SP04-ARL_231026_OG37_0296","15:06","15:06","Rodentia","Heteromys_australis","","SP04-ARL_231026_OG37_0296-r0208",NA,NA,0.49819185,-79.17924819,550,"old-growth forest","old-growth forest",NA,55,"camera_trap","old-growth","mandibleWidth",12.1716666666667
"1549","OG37","SP04-ARL_231026_OG37_0296","15:06","15:06","Rodentia","Heteromys_australis","","SP04-ARL_231026_OG37_0296-r0208",NA,NA,0.49819185,-79.17924819,550,"old-growth forest","old-growth forest",NA,55,"camera_trap","old-growth","mandibularcorpusHeight",5.44428571428571
"1550","OG37","SP04-ARL_231026_OG37_0296","15:06","15:06","Rodentia","Heteromys_australis","","SP04-ARL_231026_OG37_0296-r0208",NA,NA,0.49819185,-79.17924819,550,"old-growth forest","old-growth forest",NA,55,"camera_trap","old-growth","maxillarytoothrowAlveolarlength",4.90285714285714
"1551","OG37","SP04-ARL_231026_OG37_0296","15:06","15:06","Rodentia","Heteromys_australis","","SP04-ARL_231026_OG37_0296-r0208",NA,NA,0.49819185,-79.17924819,550,"old-growth forest","old-growth forest",NA,55,"camera_trap","old-growth","rostrumLength",12.7657142857143
"1552","OG37","SP04-ARL_231026_OG37_0296","15:06","15:06","Rodentia","Heteromys_australis","","SP04-ARL_231026_OG37_0296-r0208",NA,NA,0.49819185,-79.17924819,550,"old-growth forest","old-growth forest",NA,55,"camera_trap","old-growth","tailLength",84.278
"1553","OG37","SP04-ARL_231026_OG37_0296","15:06","15:06","Rodentia","Heteromys_australis","","SP04-ARL_231026_OG37_0296-r0208",NA,NA,0.49819185,-79.17924819,550,"old-growth forest","old-growth forest",NA,55,"camera_trap","old-growth","vibrissaeLength",32.712
"1554","OG37","SP04-ARL_231026_OG37_0296","15:06","15:06","Rodentia","Heteromys_australis","","SP04-ARL_231026_OG37_0296-r0208",NA,NA,0.49819185,-79.17924819,550,"old-growth forest","old-growth forest",NA,55,"camera_trap","old-growth","zygomaticBreadth",15.41
"1555","OG37","SP04-ARL_231026_OG37_0296","15:31","15:31","Rodentia","Heteromys_australis","","SP04-ARL_231026_OG37_0296-r0209",NA,NA,0.49819185,-79.17924819,550,"old-growth forest","old-growth forest",NA,55,"camera_trap","old-growth","BodyMass",267.5
"1556","OG37","SP04-ARL_231026_OG37_0296","15:31","15:31","Rodentia","Heteromys_australis","","SP04-ARL_231026_OG37_0296-r0209",NA,NA,0.49819185,-79.17924819,550,"old-growth forest","old-growth forest",NA,55,"camera_trap","old-growth","Sex",NA
"1557","OG37","SP04-ARL_231026_OG37_0296","15:31","15:31","Rodentia","Heteromys_australis","","SP04-ARL_231026_OG37_0296-r0209",NA,NA,0.49819185,-79.17924819,550,"old-growth forest","old-growth forest",NA,55,"camera_trap","old-growth","acrossincisortipsBreadth",2.47142857142857
"1558","OG37","SP04-ARL_231026_OG37_0296","15:31","15:31","Rodentia","Heteromys_australis","","SP04-ARL_231026_OG37_0296-r0209",NA,NA,0.49819185,-79.17924819,550,"old-growth forest","old-growth forest",NA,55,"camera_trap","old-growth","condylobasalLength",27.8885714285714
"1559","OG37","SP04-ARL_231026_OG37_0296","15:31","15:31","Rodentia","Heteromys_australis","","SP04-ARL_231026_OG37_0296-r0209",NA,NA,0.49819185,-79.17924819,550,"old-growth forest","old-growth forest",NA,55,"camera_trap","old-growth","earLength",14.48
"1560","OG37","SP04-ARL_231026_OG37_0296","15:31","15:31","Rodentia","Heteromys_australis","","SP04-ARL_231026_OG37_0296-r0209",NA,NA,0.49819185,-79.17924819,550,"old-growth forest","old-growth forest",NA,55,"camera_trap","old-growth","forefootLength",9.59
"1561","OG37","SP04-ARL_231026_OG37_0296","15:31","15:31","Rodentia","Heteromys_australis","","SP04-ARL_231026_OG37_0296-r0209",NA,NA,0.49819185,-79.17924819,550,"old-growth forest","old-growth forest",NA,55,"camera_trap","old-growth","forefootWidth",4.752
"1562","OG37","SP04-ARL_231026_OG37_0296","15:31","15:31","Rodentia","Heteromys_australis","","SP04-ARL_231026_OG37_0296-r0209",NA,NA,0.49819185,-79.17924819,550,"old-growth forest","old-growth forest",NA,55,"camera_trap","old-growth","forefootclawLength",2.154
"1563","OG37","SP04-ARL_231026_OG37_0296","15:31","15:31","Rodentia","Heteromys_australis","","SP04-ARL_231026_OG37_0296-r0209",NA,NA,0.49819185,-79.17924819,550,"old-growth forest","old-growth forest",NA,55,"camera_trap","old-growth","headandbodyLength",86.534
"1564","OG37","SP04-ARL_231026_OG37_0296","15:31","15:31","Rodentia","Heteromys_australis","","SP04-ARL_231026_OG37_0296-r0209",NA,NA,0.49819185,-79.17924819,550,"old-growth forest","old-growth forest",NA,55,"camera_trap","old-growth","hindfootLength",24.968
"1565","OG37","SP04-ARL_231026_OG37_0296","15:31","15:31","Rodentia","Heteromys_australis","","SP04-ARL_231026_OG37_0296-r0209",NA,NA,0.49819185,-79.17924819,550,"old-growth forest","old-growth forest",NA,55,"camera_trap","old-growth","hindfootWidth",5.532
"1566","OG37","SP04-ARL_231026_OG37_0296","15:31","15:31","Rodentia","Heteromys_australis","","SP04-ARL_231026_OG37_0296-r0209",NA,NA,0.49819185,-79.17924819,550,"old-growth forest","old-growth forest",NA,55,"camera_trap","old-growth","mandibleDiagonal",13.1585714285714
"1567","OG37","SP04-ARL_231026_OG37_0296","15:31","15:31","Rodentia","Heteromys_australis","","SP04-ARL_231026_OG37_0296-r0209",NA,NA,0.49819185,-79.17924819,550,"old-growth forest","old-growth forest",NA,55,"camera_trap","old-growth","mandibleLength",11.8242857142857
"1568","OG37","SP04-ARL_231026_OG37_0296","15:31","15:31","Rodentia","Heteromys_australis","","SP04-ARL_231026_OG37_0296-r0209",NA,NA,0.49819185,-79.17924819,550,"old-growth forest","old-growth forest",NA,55,"camera_trap","old-growth","mandibleWidth",12.1716666666667
"1569","OG37","SP04-ARL_231026_OG37_0296","15:31","15:31","Rodentia","Heteromys_australis","","SP04-ARL_231026_OG37_0296-r0209",NA,NA,0.49819185,-79.17924819,550,"old-growth forest","old-growth forest",NA,55,"camera_trap","old-growth","mandibularcorpusHeight",5.44428571428571
"1570","OG37","SP04-ARL_231026_OG37_0296","15:31","15:31","Rodentia","Heteromys_australis","","SP04-ARL_231026_OG37_0296-r0209",NA,NA,0.49819185,-79.17924819,550,"old-growth forest","old-growth forest",NA,55,"camera_trap","old-growth","maxillarytoothrowAlveolarlength",4.90285714285714
"1571","OG37","SP04-ARL_231026_OG37_0296","15:31","15:31","Rodentia","Heteromys_australis","","SP04-ARL_231026_OG37_0296-r0209",NA,NA,0.49819185,-79.17924819,550,"old-growth forest","old-growth forest",NA,55,"camera_trap","old-growth","rostrumLength",12.7657142857143
"1572","OG37","SP04-ARL_231026_OG37_0296","15:31","15:31","Rodentia","Heteromys_australis","","SP04-ARL_231026_OG37_0296-r0209",NA,NA,0.49819185,-79.17924819,550,"old-growth forest","old-growth forest",NA,55,"camera_trap","old-growth","tailLength",84.278
"1573","OG37","SP04-ARL_231026_OG37_0296","15:31","15:31","Rodentia","Heteromys_australis","","SP04-ARL_231026_OG37_0296-r0209",NA,NA,0.49819185,-79.17924819,550,"old-growth forest","old-growth forest",NA,55,"camera_trap","old-growth","vibrissaeLength",32.712
"1574","OG37","SP04-ARL_231026_OG37_0296","15:31","15:31","Rodentia","Heteromys_australis","","SP04-ARL_231026_OG37_0296-r0209",NA,NA,0.49819185,-79.17924819,550,"old-growth forest","old-growth forest",NA,55,"camera_trap","old-growth","zygomaticBreadth",15.41
"1575","OG37","SP04-ARL_231028_OG37_0297","17:46","17:47","Rodentia","Dasyprocta_punctata","","SP04-ARL_231028_OG37_0297-r0210",NA,NA,0.49819185,-79.17924819,550,"old-growth forest","old-growth forest",NA,55,"camera_trap","old-growth","BodyMass",2674.98
"1576","OG37","SP04-ARL_231028_OG37_0297","17:46","17:47","Rodentia","Dasyprocta_punctata","","SP04-ARL_231028_OG37_0297-r0210",NA,NA,0.49819185,-79.17924819,550,"old-growth forest","old-growth forest",NA,55,"camera_trap","old-growth","Sex",NA
"1577","OG37","SP04-ARL_231028_OG37_0297","17:46","17:47","Rodentia","Dasyprocta_punctata","","SP04-ARL_231028_OG37_0297-r0210",NA,NA,0.49819185,-79.17924819,550,"old-growth forest","old-growth forest",NA,55,"camera_trap","old-growth","acrossincisortipsBreadth",8.504
"1578","OG37","SP04-ARL_231028_OG37_0297","17:46","17:47","Rodentia","Dasyprocta_punctata","","SP04-ARL_231028_OG37_0297-r0210",NA,NA,0.49819185,-79.17924819,550,"old-growth forest","old-growth forest",NA,55,"camera_trap","old-growth","condylobasalLength",75.74
"1579","OG37","SP04-ARL_231028_OG37_0297","17:46","17:47","Rodentia","Dasyprocta_punctata","","SP04-ARL_231028_OG37_0297-r0210",NA,NA,0.49819185,-79.17924819,550,"old-growth forest","old-growth forest",NA,55,"camera_trap","old-growth","earLength",28.585
"1580","OG37","SP04-ARL_231028_OG37_0297","17:46","17:47","Rodentia","Dasyprocta_punctata","","SP04-ARL_231028_OG37_0297-r0210",NA,NA,0.49819185,-79.17924819,550,"old-growth forest","old-growth forest",NA,55,"camera_trap","old-growth","forefootLength",49.595
"1581","OG37","SP04-ARL_231028_OG37_0297","17:46","17:47","Rodentia","Dasyprocta_punctata","","SP04-ARL_231028_OG37_0297-r0210",NA,NA,0.49819185,-79.17924819,550,"old-growth forest","old-growth forest",NA,55,"camera_trap","old-growth","forefootWidth",19.78
"1582","OG37","SP04-ARL_231028_OG37_0297","17:46","17:47","Rodentia","Dasyprocta_punctata","","SP04-ARL_231028_OG37_0297-r0210",NA,NA,0.49819185,-79.17924819,550,"old-growth forest","old-growth forest",NA,55,"camera_trap","old-growth","forefootclawLength",16.905
"1583","OG37","SP04-ARL_231028_OG37_0297","17:46","17:47","Rodentia","Dasyprocta_punctata","","SP04-ARL_231028_OG37_0297-r0210",NA,NA,0.49819185,-79.17924819,550,"old-growth forest","old-growth forest",NA,55,"camera_trap","old-growth","headandbodyLength",554.18
"1584","OG37","SP04-ARL_231028_OG37_0297","17:46","17:47","Rodentia","Dasyprocta_punctata","","SP04-ARL_231028_OG37_0297-r0210",NA,NA,0.49819185,-79.17924819,550,"old-growth forest","old-growth forest",NA,55,"camera_trap","old-growth","hindfootLength",103.92
"1585","OG37","SP04-ARL_231028_OG37_0297","17:46","17:47","Rodentia","Dasyprocta_punctata","","SP04-ARL_231028_OG37_0297-r0210",NA,NA,0.49819185,-79.17924819,550,"old-growth forest","old-growth forest",NA,55,"camera_trap","old-growth","hindfootWidth",19.56
"1586","OG37","SP04-ARL_231028_OG37_0297","17:46","17:47","Rodentia","Dasyprocta_punctata","","SP04-ARL_231028_OG37_0297-r0210",NA,NA,0.49819185,-79.17924819,550,"old-growth forest","old-growth forest",NA,55,"camera_trap","old-growth","mandibleDiagonal",43.53
"1587","OG37","SP04-ARL_231028_OG37_0297","17:46","17:47","Rodentia","Dasyprocta_punctata","","SP04-ARL_231028_OG37_0297-r0210",NA,NA,0.49819185,-79.17924819,550,"old-growth forest","old-growth forest",NA,55,"camera_trap","old-growth","mandibleLength",41.0966666666667
"1588","OG37","SP04-ARL_231028_OG37_0297","17:46","17:47","Rodentia","Dasyprocta_punctata","","SP04-ARL_231028_OG37_0297-r0210",NA,NA,0.49819185,-79.17924819,550,"old-growth forest","old-growth forest",NA,55,"camera_trap","old-growth","mandibleWidth",37.215
"1589","OG37","SP04-ARL_231028_OG37_0297","17:46","17:47","Rodentia","Dasyprocta_punctata","","SP04-ARL_231028_OG37_0297-r0210",NA,NA,0.49819185,-79.17924819,550,"old-growth forest","old-growth forest",NA,55,"camera_trap","old-growth","mandibularcorpusHeight",15.5533333333333
"1590","OG37","SP04-ARL_231028_OG37_0297","17:46","17:47","Rodentia","Dasyprocta_punctata","","SP04-ARL_231028_OG37_0297-r0210",NA,NA,0.49819185,-79.17924819,550,"old-growth forest","old-growth forest",NA,55,"camera_trap","old-growth","maxillarytoothrowAlveolarlength",18.02
"1591","OG37","SP04-ARL_231028_OG37_0297","17:46","17:47","Rodentia","Dasyprocta_punctata","","SP04-ARL_231028_OG37_0297-r0210",NA,NA,0.49819185,-79.17924819,550,"old-growth forest","old-growth forest",NA,55,"camera_trap","old-growth","rostrumLength",38.132
"1592","OG37","SP04-ARL_231028_OG37_0297","17:46","17:47","Rodentia","Dasyprocta_punctata","","SP04-ARL_231028_OG37_0297-r0210",NA,NA,0.49819185,-79.17924819,550,"old-growth forest","old-growth forest",NA,55,"camera_trap","old-growth","tailLength",15.515
"1593","OG37","SP04-ARL_231028_OG37_0297","17:46","17:47","Rodentia","Dasyprocta_punctata","","SP04-ARL_231028_OG37_0297-r0210",NA,NA,0.49819185,-79.17924819,550,"old-growth forest","old-growth forest",NA,55,"camera_trap","old-growth","vibrissaeLength",79.02
"1594","OG37","SP04-ARL_231028_OG37_0297","17:46","17:47","Rodentia","Dasyprocta_punctata","","SP04-ARL_231028_OG37_0297-r0210",NA,NA,0.49819185,-79.17924819,550,"old-growth forest","old-growth forest",NA,55,"camera_trap","old-growth","zygomaticBreadth",47.4975
"1595","OG39","SP04-ARL_220419_OG39_0040","09:20","09:26","Birds","Rhynchortyx_cinctus","","SP04-ARL_220419_OG39_0040-r0014","PREX",NA,0.52155163,-79.19538539,576,"old-growth forest","old-growth forest",NA,55,"camera_trap","old-growth","Age",NA
"1596","OG39","SP04-ARL_220419_OG39_0040","09:20","09:26","Birds","Rhynchortyx_cinctus","","SP04-ARL_220419_OG39_0040-r0014","PREX",NA,0.52155163,-79.19538539,576,"old-growth forest","old-growth forest",NA,55,"camera_trap","old-growth","Beak.Depth",11.1
"1597","OG39","SP04-ARL_220419_OG39_0040","09:20","09:26","Birds","Rhynchortyx_cinctus","","SP04-ARL_220419_OG39_0040-r0014","PREX",NA,0.52155163,-79.19538539,576,"old-growth forest","old-growth forest",NA,55,"camera_trap","old-growth","Beak.Length_Culmen",15.54
"1598","OG39","SP04-ARL_220419_OG39_0040","09:20","09:26","Birds","Rhynchortyx_cinctus","","SP04-ARL_220419_OG39_0040-r0014","PREX",NA,0.52155163,-79.19538539,576,"old-growth forest","old-growth forest",NA,55,"camera_trap","old-growth","Beak.Length_Nares",9.95
"1599","OG39","SP04-ARL_220419_OG39_0040","09:20","09:26","Birds","Rhynchortyx_cinctus","","SP04-ARL_220419_OG39_0040-r0014","PREX",NA,0.52155163,-79.19538539,576,"old-growth forest","old-growth forest",NA,55,"camera_trap","old-growth","Beak.Width",7.94
"1600","OG39","SP04-ARL_220419_OG39_0040","09:20","09:26","Birds","Rhynchortyx_cinctus","","SP04-ARL_220419_OG39_0040-r0014","PREX",NA,0.52155163,-79.19538539,576,"old-growth forest","old-growth forest",NA,55,"camera_trap","old-growth","BodyMass",150
"1601","OG39","SP04-ARL_220419_OG39_0040","09:20","09:26","Birds","Rhynchortyx_cinctus","","SP04-ARL_220419_OG39_0040-r0014","PREX",NA,0.52155163,-79.19538539,576,"old-growth forest","old-growth forest",NA,55,"camera_trap","old-growth","Hand.wing.Index",36.25
"1602","OG39","SP04-ARL_220419_OG39_0040","09:20","09:26","Birds","Rhynchortyx_cinctus","","SP04-ARL_220419_OG39_0040-r0014","PREX",NA,0.52155163,-79.19538539,576,"old-growth forest","old-growth forest",NA,55,"camera_trap","old-growth","Kipps.Distance",39.575
"1603","OG39","SP04-ARL_220419_OG39_0040","09:20","09:26","Birds","Rhynchortyx_cinctus","","SP04-ARL_220419_OG39_0040-r0014","PREX",NA,0.52155163,-79.19538539,576,"old-growth forest","old-growth forest",NA,55,"camera_trap","old-growth","Secondary1",69.675
"1604","OG39","SP04-ARL_220419_OG39_0040","09:20","09:26","Birds","Rhynchortyx_cinctus","","SP04-ARL_220419_OG39_0040-r0014","PREX",NA,0.52155163,-79.19538539,576,"old-growth forest","old-growth forest",NA,55,"camera_trap","old-growth","Sex",NA
"1605","OG39","SP04-ARL_220419_OG39_0040","09:20","09:26","Birds","Rhynchortyx_cinctus","","SP04-ARL_220419_OG39_0040-r0014","PREX",NA,0.52155163,-79.19538539,576,"old-growth forest","old-growth forest",NA,55,"camera_trap","old-growth","Tail.Length",45.6
"1606","OG39","SP04-ARL_220419_OG39_0040","09:20","09:26","Birds","Rhynchortyx_cinctus","","SP04-ARL_220419_OG39_0040-r0014","PREX",NA,0.52155163,-79.19538539,576,"old-growth forest","old-growth forest",NA,55,"camera_trap","old-growth","Tarsus.Length",31.62
"1607","OG39","SP04-ARL_220419_OG39_0040","09:20","09:26","Birds","Rhynchortyx_cinctus","","SP04-ARL_220419_OG39_0040-r0014","PREX",NA,0.52155163,-79.19538539,576,"old-growth forest","old-growth forest",NA,55,"camera_trap","old-growth","Wing.Length",110.2
"1608","OG39","SP04-ARL_220419_OG39_0040","09:01","09:01","Rodentia","Dasyprocta_punctata","","SP04-ARL_220419_OG39_0040-r0015","PREX",NA,0.52155163,-79.19538539,576,"old-growth forest","old-growth forest",NA,55,"camera_trap","old-growth","BodyMass",2674.98
"1609","OG39","SP04-ARL_220419_OG39_0040","09:01","09:01","Rodentia","Dasyprocta_punctata","","SP04-ARL_220419_OG39_0040-r0015","PREX",NA,0.52155163,-79.19538539,576,"old-growth forest","old-growth forest",NA,55,"camera_trap","old-growth","Sex",NA
"1610","OG39","SP04-ARL_220419_OG39_0040","09:01","09:01","Rodentia","Dasyprocta_punctata","","SP04-ARL_220419_OG39_0040-r0015","PREX",NA,0.52155163,-79.19538539,576,"old-growth forest","old-growth forest",NA,55,"camera_trap","old-growth","acrossincisortipsBreadth",8.504
"1611","OG39","SP04-ARL_220419_OG39_0040","09:01","09:01","Rodentia","Dasyprocta_punctata","","SP04-ARL_220419_OG39_0040-r0015","PREX",NA,0.52155163,-79.19538539,576,"old-growth forest","old-growth forest",NA,55,"camera_trap","old-growth","condylobasalLength",75.74
"1612","OG39","SP04-ARL_220419_OG39_0040","09:01","09:01","Rodentia","Dasyprocta_punctata","","SP04-ARL_220419_OG39_0040-r0015","PREX",NA,0.52155163,-79.19538539,576,"old-growth forest","old-growth forest",NA,55,"camera_trap","old-growth","earLength",28.585
"1613","OG39","SP04-ARL_220419_OG39_0040","09:01","09:01","Rodentia","Dasyprocta_punctata","","SP04-ARL_220419_OG39_0040-r0015","PREX",NA,0.52155163,-79.19538539,576,"old-growth forest","old-growth forest",NA,55,"camera_trap","old-growth","forefootLength",49.595
"1614","OG39","SP04-ARL_220419_OG39_0040","09:01","09:01","Rodentia","Dasyprocta_punctata","","SP04-ARL_220419_OG39_0040-r0015","PREX",NA,0.52155163,-79.19538539,576,"old-growth forest","old-growth forest",NA,55,"camera_trap","old-growth","forefootWidth",19.78
"1615","OG39","SP04-ARL_220419_OG39_0040","09:01","09:01","Rodentia","Dasyprocta_punctata","","SP04-ARL_220419_OG39_0040-r0015","PREX",NA,0.52155163,-79.19538539,576,"old-growth forest","old-growth forest",NA,55,"camera_trap","old-growth","forefootclawLength",16.905
"1616","OG39","SP04-ARL_220419_OG39_0040","09:01","09:01","Rodentia","Dasyprocta_punctata","","SP04-ARL_220419_OG39_0040-r0015","PREX",NA,0.52155163,-79.19538539,576,"old-growth forest","old-growth forest",NA,55,"camera_trap","old-growth","headandbodyLength",554.18
"1617","OG39","SP04-ARL_220419_OG39_0040","09:01","09:01","Rodentia","Dasyprocta_punctata","","SP04-ARL_220419_OG39_0040-r0015","PREX",NA,0.52155163,-79.19538539,576,"old-growth forest","old-growth forest",NA,55,"camera_trap","old-growth","hindfootLength",103.92
"1618","OG39","SP04-ARL_220419_OG39_0040","09:01","09:01","Rodentia","Dasyprocta_punctata","","SP04-ARL_220419_OG39_0040-r0015","PREX",NA,0.52155163,-79.19538539,576,"old-growth forest","old-growth forest",NA,55,"camera_trap","old-growth","hindfootWidth",19.56
"1619","OG39","SP04-ARL_220419_OG39_0040","09:01","09:01","Rodentia","Dasyprocta_punctata","","SP04-ARL_220419_OG39_0040-r0015","PREX",NA,0.52155163,-79.19538539,576,"old-growth forest","old-growth forest",NA,55,"camera_trap","old-growth","mandibleDiagonal",43.53
"1620","OG39","SP04-ARL_220419_OG39_0040","09:01","09:01","Rodentia","Dasyprocta_punctata","","SP04-ARL_220419_OG39_0040-r0015","PREX",NA,0.52155163,-79.19538539,576,"old-growth forest","old-growth forest",NA,55,"camera_trap","old-growth","mandibleLength",41.0966666666667
"1621","OG39","SP04-ARL_220419_OG39_0040","09:01","09:01","Rodentia","Dasyprocta_punctata","","SP04-ARL_220419_OG39_0040-r0015","PREX",NA,0.52155163,-79.19538539,576,"old-growth forest","old-growth forest",NA,55,"camera_trap","old-growth","mandibleWidth",37.215
"1622","OG39","SP04-ARL_220419_OG39_0040","09:01","09:01","Rodentia","Dasyprocta_punctata","","SP04-ARL_220419_OG39_0040-r0015","PREX",NA,0.52155163,-79.19538539,576,"old-growth forest","old-growth forest",NA,55,"camera_trap","old-growth","mandibularcorpusHeight",15.5533333333333
"1623","OG39","SP04-ARL_220419_OG39_0040","09:01","09:01","Rodentia","Dasyprocta_punctata","","SP04-ARL_220419_OG39_0040-r0015","PREX",NA,0.52155163,-79.19538539,576,"old-growth forest","old-growth forest",NA,55,"camera_trap","old-growth","maxillarytoothrowAlveolarlength",18.02
"1624","OG39","SP04-ARL_220419_OG39_0040","09:01","09:01","Rodentia","Dasyprocta_punctata","","SP04-ARL_220419_OG39_0040-r0015","PREX",NA,0.52155163,-79.19538539,576,"old-growth forest","old-growth forest",NA,55,"camera_trap","old-growth","rostrumLength",38.132
"1625","OG39","SP04-ARL_220419_OG39_0040","09:01","09:01","Rodentia","Dasyprocta_punctata","","SP04-ARL_220419_OG39_0040-r0015","PREX",NA,0.52155163,-79.19538539,576,"old-growth forest","old-growth forest",NA,55,"camera_trap","old-growth","tailLength",15.515
"1626","OG39","SP04-ARL_220419_OG39_0040","09:01","09:01","Rodentia","Dasyprocta_punctata","","SP04-ARL_220419_OG39_0040-r0015","PREX",NA,0.52155163,-79.19538539,576,"old-growth forest","old-growth forest",NA,55,"camera_trap","old-growth","vibrissaeLength",79.02
"1627","OG39","SP04-ARL_220419_OG39_0040","09:01","09:01","Rodentia","Dasyprocta_punctata","","SP04-ARL_220419_OG39_0040-r0015","PREX",NA,0.52155163,-79.19538539,576,"old-growth forest","old-growth forest",NA,55,"camera_trap","old-growth","zygomaticBreadth",47.4975
"1628","OG39","SP04-ARL_220419_OG39_0040","09:20","09:26","Birds","Rhynchortyx_cinctus","","SP04-ARL_220419_OG39_0040-r0013","PREX",NA,0.52155163,-79.19538539,576,"old-growth forest","old-growth forest",NA,55,"camera_trap","old-growth","Age",NA
"1629","OG39","SP04-ARL_220419_OG39_0040","09:20","09:26","Birds","Rhynchortyx_cinctus","","SP04-ARL_220419_OG39_0040-r0013","PREX",NA,0.52155163,-79.19538539,576,"old-growth forest","old-growth forest",NA,55,"camera_trap","old-growth","Beak.Depth",11.1
"1630","OG39","SP04-ARL_220419_OG39_0040","09:20","09:26","Birds","Rhynchortyx_cinctus","","SP04-ARL_220419_OG39_0040-r0013","PREX",NA,0.52155163,-79.19538539,576,"old-growth forest","old-growth forest",NA,55,"camera_trap","old-growth","Beak.Length_Culmen",15.54
"1631","OG39","SP04-ARL_220419_OG39_0040","09:20","09:26","Birds","Rhynchortyx_cinctus","","SP04-ARL_220419_OG39_0040-r0013","PREX",NA,0.52155163,-79.19538539,576,"old-growth forest","old-growth forest",NA,55,"camera_trap","old-growth","Beak.Length_Nares",9.95
"1632","OG39","SP04-ARL_220419_OG39_0040","09:20","09:26","Birds","Rhynchortyx_cinctus","","SP04-ARL_220419_OG39_0040-r0013","PREX",NA,0.52155163,-79.19538539,576,"old-growth forest","old-growth forest",NA,55,"camera_trap","old-growth","Beak.Width",7.94
"1633","OG39","SP04-ARL_220419_OG39_0040","09:20","09:26","Birds","Rhynchortyx_cinctus","","SP04-ARL_220419_OG39_0040-r0013","PREX",NA,0.52155163,-79.19538539,576,"old-growth forest","old-growth forest",NA,55,"camera_trap","old-growth","BodyMass",150
"1634","OG39","SP04-ARL_220419_OG39_0040","09:20","09:26","Birds","Rhynchortyx_cinctus","","SP04-ARL_220419_OG39_0040-r0013","PREX",NA,0.52155163,-79.19538539,576,"old-growth forest","old-growth forest",NA,55,"camera_trap","old-growth","Hand.wing.Index",36.25
"1635","OG39","SP04-ARL_220419_OG39_0040","09:20","09:26","Birds","Rhynchortyx_cinctus","","SP04-ARL_220419_OG39_0040-r0013","PREX",NA,0.52155163,-79.19538539,576,"old-growth forest","old-growth forest",NA,55,"camera_trap","old-growth","Kipps.Distance",39.575
"1636","OG39","SP04-ARL_220419_OG39_0040","09:20","09:26","Birds","Rhynchortyx_cinctus","","SP04-ARL_220419_OG39_0040-r0013","PREX",NA,0.52155163,-79.19538539,576,"old-growth forest","old-growth forest",NA,55,"camera_trap","old-growth","Secondary1",69.675
"1637","OG39","SP04-ARL_220419_OG39_0040","09:20","09:26","Birds","Rhynchortyx_cinctus","","SP04-ARL_220419_OG39_0040-r0013","PREX",NA,0.52155163,-79.19538539,576,"old-growth forest","old-growth forest",NA,55,"camera_trap","old-growth","Sex",NA
"1638","OG39","SP04-ARL_220419_OG39_0040","09:20","09:26","Birds","Rhynchortyx_cinctus","","SP04-ARL_220419_OG39_0040-r0013","PREX",NA,0.52155163,-79.19538539,576,"old-growth forest","old-growth forest",NA,55,"camera_trap","old-growth","Tail.Length",45.6
"1639","OG39","SP04-ARL_220419_OG39_0040","09:20","09:26","Birds","Rhynchortyx_cinctus","","SP04-ARL_220419_OG39_0040-r0013","PREX",NA,0.52155163,-79.19538539,576,"old-growth forest","old-growth forest",NA,55,"camera_trap","old-growth","Tarsus.Length",31.62
"1640","OG39","SP04-ARL_220419_OG39_0040","09:20","09:26","Birds","Rhynchortyx_cinctus","","SP04-ARL_220419_OG39_0040-r0013","PREX",NA,0.52155163,-79.19538539,576,"old-growth forest","old-growth forest",NA,55,"camera_trap","old-growth","Wing.Length",110.2
"1641","OG39","SP04-ARL_220419_OG39_0040","09:01","09:01","Rodentia","Dasyprocta_punctata","","SP04-ARL_220419_OG39_0040-r0067","PREX",NA,0.52155163,-79.19538539,576,"old-growth forest","old-growth forest",NA,55,"camera_trap","old-growth","BodyMass",2674.98
"1642","OG39","SP04-ARL_220419_OG39_0040","09:01","09:01","Rodentia","Dasyprocta_punctata","","SP04-ARL_220419_OG39_0040-r0067","PREX",NA,0.52155163,-79.19538539,576,"old-growth forest","old-growth forest",NA,55,"camera_trap","old-growth","Sex",NA
"1643","OG39","SP04-ARL_220419_OG39_0040","09:01","09:01","Rodentia","Dasyprocta_punctata","","SP04-ARL_220419_OG39_0040-r0067","PREX",NA,0.52155163,-79.19538539,576,"old-growth forest","old-growth forest",NA,55,"camera_trap","old-growth","acrossincisortipsBreadth",8.504
"1644","OG39","SP04-ARL_220419_OG39_0040","09:01","09:01","Rodentia","Dasyprocta_punctata","","SP04-ARL_220419_OG39_0040-r0067","PREX",NA,0.52155163,-79.19538539,576,"old-growth forest","old-growth forest",NA,55,"camera_trap","old-growth","condylobasalLength",75.74
"1645","OG39","SP04-ARL_220419_OG39_0040","09:01","09:01","Rodentia","Dasyprocta_punctata","","SP04-ARL_220419_OG39_0040-r0067","PREX",NA,0.52155163,-79.19538539,576,"old-growth forest","old-growth forest",NA,55,"camera_trap","old-growth","earLength",28.585
"1646","OG39","SP04-ARL_220419_OG39_0040","09:01","09:01","Rodentia","Dasyprocta_punctata","","SP04-ARL_220419_OG39_0040-r0067","PREX",NA,0.52155163,-79.19538539,576,"old-growth forest","old-growth forest",NA,55,"camera_trap","old-growth","forefootLength",49.595
"1647","OG39","SP04-ARL_220419_OG39_0040","09:01","09:01","Rodentia","Dasyprocta_punctata","","SP04-ARL_220419_OG39_0040-r0067","PREX",NA,0.52155163,-79.19538539,576,"old-growth forest","old-growth forest",NA,55,"camera_trap","old-growth","forefootWidth",19.78
"1648","OG39","SP04-ARL_220419_OG39_0040","09:01","09:01","Rodentia","Dasyprocta_punctata","","SP04-ARL_220419_OG39_0040-r0067","PREX",NA,0.52155163,-79.19538539,576,"old-growth forest","old-growth forest",NA,55,"camera_trap","old-growth","forefootclawLength",16.905
"1649","OG39","SP04-ARL_220419_OG39_0040","09:01","09:01","Rodentia","Dasyprocta_punctata","","SP04-ARL_220419_OG39_0040-r0067","PREX",NA,0.52155163,-79.19538539,576,"old-growth forest","old-growth forest",NA,55,"camera_trap","old-growth","headandbodyLength",554.18
"1650","OG39","SP04-ARL_220419_OG39_0040","09:01","09:01","Rodentia","Dasyprocta_punctata","","SP04-ARL_220419_OG39_0040-r0067","PREX",NA,0.52155163,-79.19538539,576,"old-growth forest","old-growth forest",NA,55,"camera_trap","old-growth","hindfootLength",103.92
"1651","OG39","SP04-ARL_220419_OG39_0040","09:01","09:01","Rodentia","Dasyprocta_punctata","","SP04-ARL_220419_OG39_0040-r0067","PREX",NA,0.52155163,-79.19538539,576,"old-growth forest","old-growth forest",NA,55,"camera_trap","old-growth","hindfootWidth",19.56
"1652","OG39","SP04-ARL_220419_OG39_0040","09:01","09:01","Rodentia","Dasyprocta_punctata","","SP04-ARL_220419_OG39_0040-r0067","PREX",NA,0.52155163,-79.19538539,576,"old-growth forest","old-growth forest",NA,55,"camera_trap","old-growth","mandibleDiagonal",43.53
"1653","OG39","SP04-ARL_220419_OG39_0040","09:01","09:01","Rodentia","Dasyprocta_punctata","","SP04-ARL_220419_OG39_0040-r0067","PREX",NA,0.52155163,-79.19538539,576,"old-growth forest","old-growth forest",NA,55,"camera_trap","old-growth","mandibleLength",41.0966666666667
"1654","OG39","SP04-ARL_220419_OG39_0040","09:01","09:01","Rodentia","Dasyprocta_punctata","","SP04-ARL_220419_OG39_0040-r0067","PREX",NA,0.52155163,-79.19538539,576,"old-growth forest","old-growth forest",NA,55,"camera_trap","old-growth","mandibleWidth",37.215
"1655","OG39","SP04-ARL_220419_OG39_0040","09:01","09:01","Rodentia","Dasyprocta_punctata","","SP04-ARL_220419_OG39_0040-r0067","PREX",NA,0.52155163,-79.19538539,576,"old-growth forest","old-growth forest",NA,55,"camera_trap","old-growth","mandibularcorpusHeight",15.5533333333333
"1656","OG39","SP04-ARL_220419_OG39_0040","09:01","09:01","Rodentia","Dasyprocta_punctata","","SP04-ARL_220419_OG39_0040-r0067","PREX",NA,0.52155163,-79.19538539,576,"old-growth forest","old-growth forest",NA,55,"camera_trap","old-growth","maxillarytoothrowAlveolarlength",18.02
"1657","OG39","SP04-ARL_220419_OG39_0040","09:01","09:01","Rodentia","Dasyprocta_punctata","","SP04-ARL_220419_OG39_0040-r0067","PREX",NA,0.52155163,-79.19538539,576,"old-growth forest","old-growth forest",NA,55,"camera_trap","old-growth","rostrumLength",38.132
"1658","OG39","SP04-ARL_220419_OG39_0040","09:01","09:01","Rodentia","Dasyprocta_punctata","","SP04-ARL_220419_OG39_0040-r0067","PREX",NA,0.52155163,-79.19538539,576,"old-growth forest","old-growth forest",NA,55,"camera_trap","old-growth","tailLength",15.515
"1659","OG39","SP04-ARL_220419_OG39_0040","09:01","09:01","Rodentia","Dasyprocta_punctata","","SP04-ARL_220419_OG39_0040-r0067","PREX",NA,0.52155163,-79.19538539,576,"old-growth forest","old-growth forest",NA,55,"camera_trap","old-growth","vibrissaeLength",79.02
"1660","OG39","SP04-ARL_220419_OG39_0040","09:01","09:01","Rodentia","Dasyprocta_punctata","","SP04-ARL_220419_OG39_0040-r0067","PREX",NA,0.52155163,-79.19538539,576,"old-growth forest","old-growth forest",NA,55,"camera_trap","old-growth","zygomaticBreadth",47.4975
"1661","OG39","SP04-ARL_220419_OG39_0040","16:28","16:28","Rodentia","Dasyprocta_punctata","","SP04-ARL_220419_OG39_0040-r0016","PREX",NA,0.52155163,-79.19538539,576,"old-growth forest","old-growth forest",NA,55,"camera_trap","old-growth","BodyMass",2674.98
"1662","OG39","SP04-ARL_220419_OG39_0040","16:28","16:28","Rodentia","Dasyprocta_punctata","","SP04-ARL_220419_OG39_0040-r0016","PREX",NA,0.52155163,-79.19538539,576,"old-growth forest","old-growth forest",NA,55,"camera_trap","old-growth","Sex",NA
"1663","OG39","SP04-ARL_220419_OG39_0040","16:28","16:28","Rodentia","Dasyprocta_punctata","","SP04-ARL_220419_OG39_0040-r0016","PREX",NA,0.52155163,-79.19538539,576,"old-growth forest","old-growth forest",NA,55,"camera_trap","old-growth","acrossincisortipsBreadth",8.504
"1664","OG39","SP04-ARL_220419_OG39_0040","16:28","16:28","Rodentia","Dasyprocta_punctata","","SP04-ARL_220419_OG39_0040-r0016","PREX",NA,0.52155163,-79.19538539,576,"old-growth forest","old-growth forest",NA,55,"camera_trap","old-growth","condylobasalLength",75.74
"1665","OG39","SP04-ARL_220419_OG39_0040","16:28","16:28","Rodentia","Dasyprocta_punctata","","SP04-ARL_220419_OG39_0040-r0016","PREX",NA,0.52155163,-79.19538539,576,"old-growth forest","old-growth forest",NA,55,"camera_trap","old-growth","earLength",28.585
"1666","OG39","SP04-ARL_220419_OG39_0040","16:28","16:28","Rodentia","Dasyprocta_punctata","","SP04-ARL_220419_OG39_0040-r0016","PREX",NA,0.52155163,-79.19538539,576,"old-growth forest","old-growth forest",NA,55,"camera_trap","old-growth","forefootLength",49.595
"1667","OG39","SP04-ARL_220419_OG39_0040","16:28","16:28","Rodentia","Dasyprocta_punctata","","SP04-ARL_220419_OG39_0040-r0016","PREX",NA,0.52155163,-79.19538539,576,"old-growth forest","old-growth forest",NA,55,"camera_trap","old-growth","forefootWidth",19.78
"1668","OG39","SP04-ARL_220419_OG39_0040","16:28","16:28","Rodentia","Dasyprocta_punctata","","SP04-ARL_220419_OG39_0040-r0016","PREX",NA,0.52155163,-79.19538539,576,"old-growth forest","old-growth forest",NA,55,"camera_trap","old-growth","forefootclawLength",16.905
"1669","OG39","SP04-ARL_220419_OG39_0040","16:28","16:28","Rodentia","Dasyprocta_punctata","","SP04-ARL_220419_OG39_0040-r0016","PREX",NA,0.52155163,-79.19538539,576,"old-growth forest","old-growth forest",NA,55,"camera_trap","old-growth","headandbodyLength",554.18
"1670","OG39","SP04-ARL_220419_OG39_0040","16:28","16:28","Rodentia","Dasyprocta_punctata","","SP04-ARL_220419_OG39_0040-r0016","PREX",NA,0.52155163,-79.19538539,576,"old-growth forest","old-growth forest",NA,55,"camera_trap","old-growth","hindfootLength",103.92
"1671","OG39","SP04-ARL_220419_OG39_0040","16:28","16:28","Rodentia","Dasyprocta_punctata","","SP04-ARL_220419_OG39_0040-r0016","PREX",NA,0.52155163,-79.19538539,576,"old-growth forest","old-growth forest",NA,55,"camera_trap","old-growth","hindfootWidth",19.56
"1672","OG39","SP04-ARL_220419_OG39_0040","16:28","16:28","Rodentia","Dasyprocta_punctata","","SP04-ARL_220419_OG39_0040-r0016","PREX",NA,0.52155163,-79.19538539,576,"old-growth forest","old-growth forest",NA,55,"camera_trap","old-growth","mandibleDiagonal",43.53
"1673","OG39","SP04-ARL_220419_OG39_0040","16:28","16:28","Rodentia","Dasyprocta_punctata","","SP04-ARL_220419_OG39_0040-r0016","PREX",NA,0.52155163,-79.19538539,576,"old-growth forest","old-growth forest",NA,55,"camera_trap","old-growth","mandibleLength",41.0966666666667
"1674","OG39","SP04-ARL_220419_OG39_0040","16:28","16:28","Rodentia","Dasyprocta_punctata","","SP04-ARL_220419_OG39_0040-r0016","PREX",NA,0.52155163,-79.19538539,576,"old-growth forest","old-growth forest",NA,55,"camera_trap","old-growth","mandibleWidth",37.215
"1675","OG39","SP04-ARL_220419_OG39_0040","16:28","16:28","Rodentia","Dasyprocta_punctata","","SP04-ARL_220419_OG39_0040-r0016","PREX",NA,0.52155163,-79.19538539,576,"old-growth forest","old-growth forest",NA,55,"camera_trap","old-growth","mandibularcorpusHeight",15.5533333333333
"1676","OG39","SP04-ARL_220419_OG39_0040","16:28","16:28","Rodentia","Dasyprocta_punctata","","SP04-ARL_220419_OG39_0040-r0016","PREX",NA,0.52155163,-79.19538539,576,"old-growth forest","old-growth forest",NA,55,"camera_trap","old-growth","maxillarytoothrowAlveolarlength",18.02
"1677","OG39","SP04-ARL_220419_OG39_0040","16:28","16:28","Rodentia","Dasyprocta_punctata","","SP04-ARL_220419_OG39_0040-r0016","PREX",NA,0.52155163,-79.19538539,576,"old-growth forest","old-growth forest",NA,55,"camera_trap","old-growth","rostrumLength",38.132
"1678","OG39","SP04-ARL_220419_OG39_0040","16:28","16:28","Rodentia","Dasyprocta_punctata","","SP04-ARL_220419_OG39_0040-r0016","PREX",NA,0.52155163,-79.19538539,576,"old-growth forest","old-growth forest",NA,55,"camera_trap","old-growth","tailLength",15.515
"1679","OG39","SP04-ARL_220419_OG39_0040","16:28","16:28","Rodentia","Dasyprocta_punctata","","SP04-ARL_220419_OG39_0040-r0016","PREX",NA,0.52155163,-79.19538539,576,"old-growth forest","old-growth forest",NA,55,"camera_trap","old-growth","vibrissaeLength",79.02
"1680","OG39","SP04-ARL_220419_OG39_0040","16:28","16:28","Rodentia","Dasyprocta_punctata","","SP04-ARL_220419_OG39_0040-r0016","PREX",NA,0.52155163,-79.19538539,576,"old-growth forest","old-growth forest",NA,55,"camera_trap","old-growth","zygomaticBreadth",47.4975
"1681","OG39","SP04-ARL_220419_OG39_0040","16:28","16:28","Rodentia","Dasyprocta_punctata","","SP04-ARL_220419_OG39_0040-r0068","PREX",NA,0.52155163,-79.19538539,576,"old-growth forest","old-growth forest",NA,55,"camera_trap","old-growth","BodyMass",2674.98
"1682","OG39","SP04-ARL_220419_OG39_0040","16:28","16:28","Rodentia","Dasyprocta_punctata","","SP04-ARL_220419_OG39_0040-r0068","PREX",NA,0.52155163,-79.19538539,576,"old-growth forest","old-growth forest",NA,55,"camera_trap","old-growth","Sex",NA
"1683","OG39","SP04-ARL_220419_OG39_0040","16:28","16:28","Rodentia","Dasyprocta_punctata","","SP04-ARL_220419_OG39_0040-r0068","PREX",NA,0.52155163,-79.19538539,576,"old-growth forest","old-growth forest",NA,55,"camera_trap","old-growth","acrossincisortipsBreadth",8.504
"1684","OG39","SP04-ARL_220419_OG39_0040","16:28","16:28","Rodentia","Dasyprocta_punctata","","SP04-ARL_220419_OG39_0040-r0068","PREX",NA,0.52155163,-79.19538539,576,"old-growth forest","old-growth forest",NA,55,"camera_trap","old-growth","condylobasalLength",75.74
"1685","OG39","SP04-ARL_220419_OG39_0040","16:28","16:28","Rodentia","Dasyprocta_punctata","","SP04-ARL_220419_OG39_0040-r0068","PREX",NA,0.52155163,-79.19538539,576,"old-growth forest","old-growth forest",NA,55,"camera_trap","old-growth","earLength",28.585
"1686","OG39","SP04-ARL_220419_OG39_0040","16:28","16:28","Rodentia","Dasyprocta_punctata","","SP04-ARL_220419_OG39_0040-r0068","PREX",NA,0.52155163,-79.19538539,576,"old-growth forest","old-growth forest",NA,55,"camera_trap","old-growth","forefootLength",49.595
"1687","OG39","SP04-ARL_220419_OG39_0040","16:28","16:28","Rodentia","Dasyprocta_punctata","","SP04-ARL_220419_OG39_0040-r0068","PREX",NA,0.52155163,-79.19538539,576,"old-growth forest","old-growth forest",NA,55,"camera_trap","old-growth","forefootWidth",19.78
"1688","OG39","SP04-ARL_220419_OG39_0040","16:28","16:28","Rodentia","Dasyprocta_punctata","","SP04-ARL_220419_OG39_0040-r0068","PREX",NA,0.52155163,-79.19538539,576,"old-growth forest","old-growth forest",NA,55,"camera_trap","old-growth","forefootclawLength",16.905
"1689","OG39","SP04-ARL_220419_OG39_0040","16:28","16:28","Rodentia","Dasyprocta_punctata","","SP04-ARL_220419_OG39_0040-r0068","PREX",NA,0.52155163,-79.19538539,576,"old-growth forest","old-growth forest",NA,55,"camera_trap","old-growth","headandbodyLength",554.18
"1690","OG39","SP04-ARL_220419_OG39_0040","16:28","16:28","Rodentia","Dasyprocta_punctata","","SP04-ARL_220419_OG39_0040-r0068","PREX",NA,0.52155163,-79.19538539,576,"old-growth forest","old-growth forest",NA,55,"camera_trap","old-growth","hindfootLength",103.92
"1691","OG39","SP04-ARL_220419_OG39_0040","16:28","16:28","Rodentia","Dasyprocta_punctata","","SP04-ARL_220419_OG39_0040-r0068","PREX",NA,0.52155163,-79.19538539,576,"old-growth forest","old-growth forest",NA,55,"camera_trap","old-growth","hindfootWidth",19.56
"1692","OG39","SP04-ARL_220419_OG39_0040","16:28","16:28","Rodentia","Dasyprocta_punctata","","SP04-ARL_220419_OG39_0040-r0068","PREX",NA,0.52155163,-79.19538539,576,"old-growth forest","old-growth forest",NA,55,"camera_trap","old-growth","mandibleDiagonal",43.53
"1693","OG39","SP04-ARL_220419_OG39_0040","16:28","16:28","Rodentia","Dasyprocta_punctata","","SP04-ARL_220419_OG39_0040-r0068","PREX",NA,0.52155163,-79.19538539,576,"old-growth forest","old-growth forest",NA,55,"camera_trap","old-growth","mandibleLength",41.0966666666667
"1694","OG39","SP04-ARL_220419_OG39_0040","16:28","16:28","Rodentia","Dasyprocta_punctata","","SP04-ARL_220419_OG39_0040-r0068","PREX",NA,0.52155163,-79.19538539,576,"old-growth forest","old-growth forest",NA,55,"camera_trap","old-growth","mandibleWidth",37.215
"1695","OG39","SP04-ARL_220419_OG39_0040","16:28","16:28","Rodentia","Dasyprocta_punctata","","SP04-ARL_220419_OG39_0040-r0068","PREX",NA,0.52155163,-79.19538539,576,"old-growth forest","old-growth forest",NA,55,"camera_trap","old-growth","mandibularcorpusHeight",15.5533333333333
"1696","OG39","SP04-ARL_220419_OG39_0040","16:28","16:28","Rodentia","Dasyprocta_punctata","","SP04-ARL_220419_OG39_0040-r0068","PREX",NA,0.52155163,-79.19538539,576,"old-growth forest","old-growth forest",NA,55,"camera_trap","old-growth","maxillarytoothrowAlveolarlength",18.02
"1697","OG39","SP04-ARL_220419_OG39_0040","16:28","16:28","Rodentia","Dasyprocta_punctata","","SP04-ARL_220419_OG39_0040-r0068","PREX",NA,0.52155163,-79.19538539,576,"old-growth forest","old-growth forest",NA,55,"camera_trap","old-growth","rostrumLength",38.132
"1698","OG39","SP04-ARL_220419_OG39_0040","16:28","16:28","Rodentia","Dasyprocta_punctata","","SP04-ARL_220419_OG39_0040-r0068","PREX",NA,0.52155163,-79.19538539,576,"old-growth forest","old-growth forest",NA,55,"camera_trap","old-growth","tailLength",15.515
"1699","OG39","SP04-ARL_220419_OG39_0040","16:28","16:28","Rodentia","Dasyprocta_punctata","","SP04-ARL_220419_OG39_0040-r0068","PREX",NA,0.52155163,-79.19538539,576,"old-growth forest","old-growth forest",NA,55,"camera_trap","old-growth","vibrissaeLength",79.02
"1700","OG39","SP04-ARL_220419_OG39_0040","16:28","16:28","Rodentia","Dasyprocta_punctata","","SP04-ARL_220419_OG39_0040-r0068","PREX",NA,0.52155163,-79.19538539,576,"old-growth forest","old-growth forest",NA,55,"camera_trap","old-growth","zygomaticBreadth",47.4975
"1701","OG40","SP04-ARL_230406_OG40_0215","07:35","07:56","Birds","Geotrygon_purpurata","","SP04-ARL_230406_OG40_0215-r0145",NA,NA,0.52772307,-79.1724196,531,"old-growth forest","old-growth forest",NA,55,"camera_trap","old-growth","Age",NA
"1702","OG40","SP04-ARL_230406_OG40_0215","07:35","07:56","Birds","Geotrygon_purpurata","","SP04-ARL_230406_OG40_0215-r0145",NA,NA,0.52772307,-79.1724196,531,"old-growth forest","old-growth forest",NA,55,"camera_trap","old-growth","Beak.Depth",4.225
"1703","OG40","SP04-ARL_230406_OG40_0215","07:35","07:56","Birds","Geotrygon_purpurata","","SP04-ARL_230406_OG40_0215-r0145",NA,NA,0.52772307,-79.1724196,531,"old-growth forest","old-growth forest",NA,55,"camera_trap","old-growth","Beak.Length_Culmen",20.625
"1704","OG40","SP04-ARL_230406_OG40_0215","07:35","07:56","Birds","Geotrygon_purpurata","","SP04-ARL_230406_OG40_0215-r0145",NA,NA,0.52772307,-79.1724196,531,"old-growth forest","old-growth forest",NA,55,"camera_trap","old-growth","Beak.Length_Nares",10.1
"1705","OG40","SP04-ARL_230406_OG40_0215","07:35","07:56","Birds","Geotrygon_purpurata","","SP04-ARL_230406_OG40_0215-r0145",NA,NA,0.52772307,-79.1724196,531,"old-growth forest","old-growth forest",NA,55,"camera_trap","old-growth","Beak.Width",3.225
"1706","OG40","SP04-ARL_230406_OG40_0215","07:35","07:56","Birds","Geotrygon_purpurata","","SP04-ARL_230406_OG40_0215-r0145",NA,NA,0.52772307,-79.1724196,531,"old-growth forest","old-growth forest",NA,55,"camera_trap","old-growth","BodyMass",129
"1707","OG40","SP04-ARL_230406_OG40_0215","07:35","07:56","Birds","Geotrygon_purpurata","","SP04-ARL_230406_OG40_0215-r0145",NA,NA,0.52772307,-79.1724196,531,"old-growth forest","old-growth forest",NA,55,"camera_trap","old-growth","Hand.wing.Index",26.275
"1708","OG40","SP04-ARL_230406_OG40_0215","07:35","07:56","Birds","Geotrygon_purpurata","","SP04-ARL_230406_OG40_0215-r0145",NA,NA,0.52772307,-79.1724196,531,"old-growth forest","old-growth forest",NA,55,"camera_trap","old-growth","Kipps.Distance",35.225
"1709","OG40","SP04-ARL_230406_OG40_0215","07:35","07:56","Birds","Geotrygon_purpurata","","SP04-ARL_230406_OG40_0215-r0145",NA,NA,0.52772307,-79.1724196,531,"old-growth forest","old-growth forest",NA,55,"camera_trap","old-growth","Secondary1",99.025
"1710","OG40","SP04-ARL_230406_OG40_0215","07:35","07:56","Birds","Geotrygon_purpurata","","SP04-ARL_230406_OG40_0215-r0145",NA,NA,0.52772307,-79.1724196,531,"old-growth forest","old-growth forest",NA,55,"camera_trap","old-growth","Sex",NA
"1711","OG40","SP04-ARL_230406_OG40_0215","07:35","07:56","Birds","Geotrygon_purpurata","","SP04-ARL_230406_OG40_0215-r0145",NA,NA,0.52772307,-79.1724196,531,"old-growth forest","old-growth forest",NA,55,"camera_trap","old-growth","Tail.Length",64.95
"1712","OG40","SP04-ARL_230406_OG40_0215","07:35","07:56","Birds","Geotrygon_purpurata","","SP04-ARL_230406_OG40_0215-r0145",NA,NA,0.52772307,-79.1724196,531,"old-growth forest","old-growth forest",NA,55,"camera_trap","old-growth","Tarsus.Length",35.675
"1713","OG40","SP04-ARL_230406_OG40_0215","07:35","07:56","Birds","Geotrygon_purpurata","","SP04-ARL_230406_OG40_0215-r0145",NA,NA,0.52772307,-79.1724196,531,"old-growth forest","old-growth forest",NA,55,"camera_trap","old-growth","Wing.Length",134.25
"1714","OG40","SP04-ARL_230408_OG40_0216","07:17","07:17","Rodentia","Trasandinomys_sp","","SP04-ARL_230408_OG40_0216-r0146",NA,NA,0.52772307,-79.1724196,531,"old-growth forest","old-growth forest",NA,55,"camera_trap","old-growth",NA,NA
"1715","OG40","SP04-ARL_230408_OG40_0216","16:05","16:05","Rodentia","Notosciurus_granatensis","","SP04-ARL_230408_OG40_0216-r0147",NA,NA,0.52772307,-79.1724196,531,"old-growth forest","old-growth forest",NA,55,"camera_trap","old-growth","BodyMass",250
"1716","OG40","SP04-ARL_230408_OG40_0216","16:05","16:05","Rodentia","Notosciurus_granatensis","","SP04-ARL_230408_OG40_0216-r0147",NA,NA,0.52772307,-79.1724196,531,"old-growth forest","old-growth forest",NA,55,"camera_trap","old-growth","Sex",NA
"1717","OG40","SP04-ARL_230408_OG40_0216","16:05","16:05","Rodentia","Notosciurus_granatensis","","SP04-ARL_230408_OG40_0216-r0147",NA,NA,0.52772307,-79.1724196,531,"old-growth forest","old-growth forest",NA,55,"camera_trap","old-growth","acrossincisortipsBreadth",9.046
"1718","OG40","SP04-ARL_230408_OG40_0216","16:05","16:05","Rodentia","Notosciurus_granatensis","","SP04-ARL_230408_OG40_0216-r0147",NA,NA,0.52772307,-79.1724196,531,"old-growth forest","old-growth forest",NA,55,"camera_trap","old-growth","condylobasalLength",44.628
"1719","OG40","SP04-ARL_230408_OG40_0216","16:05","16:05","Rodentia","Notosciurus_granatensis","","SP04-ARL_230408_OG40_0216-r0147",NA,NA,0.52772307,-79.1724196,531,"old-growth forest","old-growth forest",NA,55,"camera_trap","old-growth","earLength",20.705
"1720","OG40","SP04-ARL_230408_OG40_0216","16:05","16:05","Rodentia","Notosciurus_granatensis","","SP04-ARL_230408_OG40_0216-r0147",NA,NA,0.52772307,-79.1724196,531,"old-growth forest","old-growth forest",NA,55,"camera_trap","old-growth","forefootLength",32.7475
"1721","OG40","SP04-ARL_230408_OG40_0216","16:05","16:05","Rodentia","Notosciurus_granatensis","","SP04-ARL_230408_OG40_0216-r0147",NA,NA,0.52772307,-79.1724196,531,"old-growth forest","old-growth forest",NA,55,"camera_trap","old-growth","forefootWidth",16.3325
"1722","OG40","SP04-ARL_230408_OG40_0216","16:05","16:05","Rodentia","Notosciurus_granatensis","","SP04-ARL_230408_OG40_0216-r0147",NA,NA,0.52772307,-79.1724196,531,"old-growth forest","old-growth forest",NA,55,"camera_trap","old-growth","forefootclawLength",12.8925
"1723","OG40","SP04-ARL_230408_OG40_0216","16:05","16:05","Rodentia","Notosciurus_granatensis","","SP04-ARL_230408_OG40_0216-r0147",NA,NA,0.52772307,-79.1724196,531,"old-growth forest","old-growth forest",NA,55,"camera_trap","old-growth","headandbodyLength",205.4475
"1724","OG40","SP04-ARL_230408_OG40_0216","16:05","16:05","Rodentia","Notosciurus_granatensis","","SP04-ARL_230408_OG40_0216-r0147",NA,NA,0.52772307,-79.1724196,531,"old-growth forest","old-growth forest",NA,55,"camera_trap","old-growth","hindfootLength",47.5475
"1725","OG40","SP04-ARL_230408_OG40_0216","16:05","16:05","Rodentia","Notosciurus_granatensis","","SP04-ARL_230408_OG40_0216-r0147",NA,NA,0.52772307,-79.1724196,531,"old-growth forest","old-growth forest",NA,55,"camera_trap","old-growth","hindfootWidth",17.79
"1726","OG40","SP04-ARL_230408_OG40_0216","16:05","16:05","Rodentia","Notosciurus_granatensis","","SP04-ARL_230408_OG40_0216-r0147",NA,NA,0.52772307,-79.1724196,531,"old-growth forest","old-growth forest",NA,55,"camera_trap","old-growth","mandibleDiagonal",27.82
"1727","OG40","SP04-ARL_230408_OG40_0216","16:05","16:05","Rodentia","Notosciurus_granatensis","","SP04-ARL_230408_OG40_0216-r0147",NA,NA,0.52772307,-79.1724196,531,"old-growth forest","old-growth forest",NA,55,"camera_trap","old-growth","mandibleLength",19.8825
"1728","OG40","SP04-ARL_230408_OG40_0216","16:05","16:05","Rodentia","Notosciurus_granatensis","","SP04-ARL_230408_OG40_0216-r0147",NA,NA,0.52772307,-79.1724196,531,"old-growth forest","old-growth forest",NA,55,"camera_trap","old-growth","mandibleWidth",33.4
"1729","OG40","SP04-ARL_230408_OG40_0216","16:05","16:05","Rodentia","Notosciurus_granatensis","","SP04-ARL_230408_OG40_0216-r0147",NA,NA,0.52772307,-79.1724196,531,"old-growth forest","old-growth forest",NA,55,"camera_trap","old-growth","mandibularcorpusHeight",14.9375
"1730","OG40","SP04-ARL_230408_OG40_0216","16:05","16:05","Rodentia","Notosciurus_granatensis","","SP04-ARL_230408_OG40_0216-r0147",NA,NA,0.52772307,-79.1724196,531,"old-growth forest","old-growth forest",NA,55,"camera_trap","old-growth","maxillarytoothrowAlveolarlength",14.858
"1731","OG40","SP04-ARL_230408_OG40_0216","16:05","16:05","Rodentia","Notosciurus_granatensis","","SP04-ARL_230408_OG40_0216-r0147",NA,NA,0.52772307,-79.1724196,531,"old-growth forest","old-growth forest",NA,55,"camera_trap","old-growth","rostrumLength",21.624
"1732","OG40","SP04-ARL_230408_OG40_0216","16:05","16:05","Rodentia","Notosciurus_granatensis","","SP04-ARL_230408_OG40_0216-r0147",NA,NA,0.52772307,-79.1724196,531,"old-growth forest","old-growth forest",NA,55,"camera_trap","old-growth","tailLength",165.04
"1733","OG40","SP04-ARL_230408_OG40_0216","16:05","16:05","Rodentia","Notosciurus_granatensis","","SP04-ARL_230408_OG40_0216-r0147",NA,NA,0.52772307,-79.1724196,531,"old-growth forest","old-growth forest",NA,55,"camera_trap","old-growth","vibrissaeLength",45.3925
"1734","OG40","SP04-ARL_230408_OG40_0216","16:05","16:05","Rodentia","Notosciurus_granatensis","","SP04-ARL_230408_OG40_0216-r0147",NA,NA,0.52772307,-79.1724196,531,"old-growth forest","old-growth forest",NA,55,"camera_trap","old-growth","zygomaticBreadth",35.878
"1735","OG40","SP04-ARL_230409_OG40_0217","09:39","09:46","Birds","Geotrygon_purpurata","","SP04-ARL_230409_OG40_0217-r0148",NA,NA,0.52772307,-79.1724196,531,"old-growth forest","old-growth forest",NA,55,"camera_trap","old-growth","Age",NA
"1736","OG40","SP04-ARL_230409_OG40_0217","09:39","09:46","Birds","Geotrygon_purpurata","","SP04-ARL_230409_OG40_0217-r0148",NA,NA,0.52772307,-79.1724196,531,"old-growth forest","old-growth forest",NA,55,"camera_trap","old-growth","Beak.Depth",4.225
"1737","OG40","SP04-ARL_230409_OG40_0217","09:39","09:46","Birds","Geotrygon_purpurata","","SP04-ARL_230409_OG40_0217-r0148",NA,NA,0.52772307,-79.1724196,531,"old-growth forest","old-growth forest",NA,55,"camera_trap","old-growth","Beak.Length_Culmen",20.625
"1738","OG40","SP04-ARL_230409_OG40_0217","09:39","09:46","Birds","Geotrygon_purpurata","","SP04-ARL_230409_OG40_0217-r0148",NA,NA,0.52772307,-79.1724196,531,"old-growth forest","old-growth forest",NA,55,"camera_trap","old-growth","Beak.Length_Nares",10.1
"1739","OG40","SP04-ARL_230409_OG40_0217","09:39","09:46","Birds","Geotrygon_purpurata","","SP04-ARL_230409_OG40_0217-r0148",NA,NA,0.52772307,-79.1724196,531,"old-growth forest","old-growth forest",NA,55,"camera_trap","old-growth","Beak.Width",3.225
"1740","OG40","SP04-ARL_230409_OG40_0217","09:39","09:46","Birds","Geotrygon_purpurata","","SP04-ARL_230409_OG40_0217-r0148",NA,NA,0.52772307,-79.1724196,531,"old-growth forest","old-growth forest",NA,55,"camera_trap","old-growth","BodyMass",129
"1741","OG40","SP04-ARL_230409_OG40_0217","09:39","09:46","Birds","Geotrygon_purpurata","","SP04-ARL_230409_OG40_0217-r0148",NA,NA,0.52772307,-79.1724196,531,"old-growth forest","old-growth forest",NA,55,"camera_trap","old-growth","Hand.wing.Index",26.275
"1742","OG40","SP04-ARL_230409_OG40_0217","09:39","09:46","Birds","Geotrygon_purpurata","","SP04-ARL_230409_OG40_0217-r0148",NA,NA,0.52772307,-79.1724196,531,"old-growth forest","old-growth forest",NA,55,"camera_trap","old-growth","Kipps.Distance",35.225
"1743","OG40","SP04-ARL_230409_OG40_0217","09:39","09:46","Birds","Geotrygon_purpurata","","SP04-ARL_230409_OG40_0217-r0148",NA,NA,0.52772307,-79.1724196,531,"old-growth forest","old-growth forest",NA,55,"camera_trap","old-growth","Secondary1",99.025
"1744","OG40","SP04-ARL_230409_OG40_0217","09:39","09:46","Birds","Geotrygon_purpurata","","SP04-ARL_230409_OG40_0217-r0148",NA,NA,0.52772307,-79.1724196,531,"old-growth forest","old-growth forest",NA,55,"camera_trap","old-growth","Sex",NA
"1745","OG40","SP04-ARL_230409_OG40_0217","09:39","09:46","Birds","Geotrygon_purpurata","","SP04-ARL_230409_OG40_0217-r0148",NA,NA,0.52772307,-79.1724196,531,"old-growth forest","old-growth forest",NA,55,"camera_trap","old-growth","Tail.Length",64.95
"1746","OG40","SP04-ARL_230409_OG40_0217","09:39","09:46","Birds","Geotrygon_purpurata","","SP04-ARL_230409_OG40_0217-r0148",NA,NA,0.52772307,-79.1724196,531,"old-growth forest","old-growth forest",NA,55,"camera_trap","old-growth","Tarsus.Length",35.675
"1747","OG40","SP04-ARL_230409_OG40_0217","09:39","09:46","Birds","Geotrygon_purpurata","","SP04-ARL_230409_OG40_0217-r0148",NA,NA,0.52772307,-79.1724196,531,"old-growth forest","old-growth forest",NA,55,"camera_trap","old-growth","Wing.Length",134.25
"1748","OG40","SP04-ARL_230410_OG40_0218","12:30","12:30","Artiodactyla","Tayassu_pecari","","SP04-ARL_230410_OG40_0218-r0149",NA,NA,0.52772307,-79.1724196,531,"old-growth forest","old-growth forest",NA,55,"camera_trap","old-growth","BodyMass",32233.69
"1749","OG40","SP04-ARL_230410_OG40_0218","12:30","12:30","Artiodactyla","Tayassu_pecari","","SP04-ARL_230410_OG40_0218-r0149",NA,NA,0.52772307,-79.1724196,531,"old-growth forest","old-growth forest",NA,55,"camera_trap","old-growth","Sex",NA
"1750","OG40","SP04-ARL_230410_OG40_0218","12:30","12:30","Artiodactyla","Tayassu_pecari","","SP04-ARL_230410_OG40_0218-r0149",NA,NA,0.52772307,-79.1724196,531,"old-growth forest","old-growth forest",NA,55,"camera_trap","old-growth","acrossincisortipsBreadth",17.645
"1751","OG40","SP04-ARL_230410_OG40_0218","12:30","12:30","Artiodactyla","Tayassu_pecari","","SP04-ARL_230410_OG40_0218-r0149",NA,NA,0.52772307,-79.1724196,531,"old-growth forest","old-growth forest",NA,55,"camera_trap","old-growth","condylobasalLength",201.415
"1752","OG40","SP04-ARL_230410_OG40_0218","12:30","12:30","Artiodactyla","Tayassu_pecari","","SP04-ARL_230410_OG40_0218-r0149",NA,NA,0.52772307,-79.1724196,531,"old-growth forest","old-growth forest",NA,55,"camera_trap","old-growth","mandibleDiagonal",131.46
"1753","OG40","SP04-ARL_230410_OG40_0218","12:30","12:30","Artiodactyla","Tayassu_pecari","","SP04-ARL_230410_OG40_0218-r0149",NA,NA,0.52772307,-79.1724196,531,"old-growth forest","old-growth forest",NA,55,"camera_trap","old-growth","mandibleLength",119.51
"1754","OG40","SP04-ARL_230410_OG40_0218","12:30","12:30","Artiodactyla","Tayassu_pecari","","SP04-ARL_230410_OG40_0218-r0149",NA,NA,0.52772307,-79.1724196,531,"old-growth forest","old-growth forest",NA,55,"camera_trap","old-growth","mandibleWidth",91.9633333333333
"1755","OG40","SP04-ARL_230410_OG40_0218","12:30","12:30","Artiodactyla","Tayassu_pecari","","SP04-ARL_230410_OG40_0218-r0149",NA,NA,0.52772307,-79.1724196,531,"old-growth forest","old-growth forest",NA,55,"camera_trap","old-growth","mandibularcorpusHeight",42.0366666666667
"1756","OG40","SP04-ARL_230410_OG40_0218","12:30","12:30","Artiodactyla","Tayassu_pecari","","SP04-ARL_230410_OG40_0218-r0149",NA,NA,0.52772307,-79.1724196,531,"old-growth forest","old-growth forest",NA,55,"camera_trap","old-growth","maxillarytoothrowAlveolarlength",68.395
"1757","OG40","SP04-ARL_230410_OG40_0218","12:30","12:30","Artiodactyla","Tayassu_pecari","","SP04-ARL_230410_OG40_0218-r0149",NA,NA,0.52772307,-79.1724196,531,"old-growth forest","old-growth forest",NA,55,"camera_trap","old-growth","rostrumLength",139.605
"1758","OG40","SP04-ARL_230410_OG40_0218","12:30","12:30","Artiodactyla","Tayassu_pecari","","SP04-ARL_230410_OG40_0218-r0149",NA,NA,0.52772307,-79.1724196,531,"old-growth forest","old-growth forest",NA,55,"camera_trap","old-growth","zygomaticBreadth",118.2325
"1759","OG40","SP04-ARL_230411_OG40_0219","10:31","10:31","Artiodactyla","Tayassu_pecari","","SP04-ARL_230411_OG40_0219-r0150",NA,NA,0.52772307,-79.1724196,531,"old-growth forest","old-growth forest",NA,55,"camera_trap","old-growth","BodyMass",32233.69
"1760","OG40","SP04-ARL_230411_OG40_0219","10:31","10:31","Artiodactyla","Tayassu_pecari","","SP04-ARL_230411_OG40_0219-r0150",NA,NA,0.52772307,-79.1724196,531,"old-growth forest","old-growth forest",NA,55,"camera_trap","old-growth","Sex",NA
"1761","OG40","SP04-ARL_230411_OG40_0219","10:31","10:31","Artiodactyla","Tayassu_pecari","","SP04-ARL_230411_OG40_0219-r0150",NA,NA,0.52772307,-79.1724196,531,"old-growth forest","old-growth forest",NA,55,"camera_trap","old-growth","acrossincisortipsBreadth",17.645
"1762","OG40","SP04-ARL_230411_OG40_0219","10:31","10:31","Artiodactyla","Tayassu_pecari","","SP04-ARL_230411_OG40_0219-r0150",NA,NA,0.52772307,-79.1724196,531,"old-growth forest","old-growth forest",NA,55,"camera_trap","old-growth","condylobasalLength",201.415
"1763","OG40","SP04-ARL_230411_OG40_0219","10:31","10:31","Artiodactyla","Tayassu_pecari","","SP04-ARL_230411_OG40_0219-r0150",NA,NA,0.52772307,-79.1724196,531,"old-growth forest","old-growth forest",NA,55,"camera_trap","old-growth","mandibleDiagonal",131.46
"1764","OG40","SP04-ARL_230411_OG40_0219","10:31","10:31","Artiodactyla","Tayassu_pecari","","SP04-ARL_230411_OG40_0219-r0150",NA,NA,0.52772307,-79.1724196,531,"old-growth forest","old-growth forest",NA,55,"camera_trap","old-growth","mandibleLength",119.51
"1765","OG40","SP04-ARL_230411_OG40_0219","10:31","10:31","Artiodactyla","Tayassu_pecari","","SP04-ARL_230411_OG40_0219-r0150",NA,NA,0.52772307,-79.1724196,531,"old-growth forest","old-growth forest",NA,55,"camera_trap","old-growth","mandibleWidth",91.9633333333333
"1766","OG40","SP04-ARL_230411_OG40_0219","10:31","10:31","Artiodactyla","Tayassu_pecari","","SP04-ARL_230411_OG40_0219-r0150",NA,NA,0.52772307,-79.1724196,531,"old-growth forest","old-growth forest",NA,55,"camera_trap","old-growth","mandibularcorpusHeight",42.0366666666667
"1767","OG40","SP04-ARL_230411_OG40_0219","10:31","10:31","Artiodactyla","Tayassu_pecari","","SP04-ARL_230411_OG40_0219-r0150",NA,NA,0.52772307,-79.1724196,531,"old-growth forest","old-growth forest",NA,55,"camera_trap","old-growth","maxillarytoothrowAlveolarlength",68.395
"1768","OG40","SP04-ARL_230411_OG40_0219","10:31","10:31","Artiodactyla","Tayassu_pecari","","SP04-ARL_230411_OG40_0219-r0150",NA,NA,0.52772307,-79.1724196,531,"old-growth forest","old-growth forest",NA,55,"camera_trap","old-growth","rostrumLength",139.605
"1769","OG40","SP04-ARL_230411_OG40_0219","10:31","10:31","Artiodactyla","Tayassu_pecari","","SP04-ARL_230411_OG40_0219-r0150",NA,NA,0.52772307,-79.1724196,531,"old-growth forest","old-growth forest",NA,55,"camera_trap","old-growth","zygomaticBreadth",118.2325
"1770","OG41","SP04-ARL_221014_OG41_0098","16:38","16:50","Rodentia","Dasyprocta_punctata","","SP04-ARL_221014_OG41_0098-r0069","PREX",NA,0.52981297,-79.18850563,389,"old-growth forest","old-growth forest",NA,55,"camera_trap","old-growth","BodyMass",2674.98
"1771","OG41","SP04-ARL_221014_OG41_0098","16:38","16:50","Rodentia","Dasyprocta_punctata","","SP04-ARL_221014_OG41_0098-r0069","PREX",NA,0.52981297,-79.18850563,389,"old-growth forest","old-growth forest",NA,55,"camera_trap","old-growth","Sex",NA
"1772","OG41","SP04-ARL_221014_OG41_0098","16:38","16:50","Rodentia","Dasyprocta_punctata","","SP04-ARL_221014_OG41_0098-r0069","PREX",NA,0.52981297,-79.18850563,389,"old-growth forest","old-growth forest",NA,55,"camera_trap","old-growth","acrossincisortipsBreadth",8.504
"1773","OG41","SP04-ARL_221014_OG41_0098","16:38","16:50","Rodentia","Dasyprocta_punctata","","SP04-ARL_221014_OG41_0098-r0069","PREX",NA,0.52981297,-79.18850563,389,"old-growth forest","old-growth forest",NA,55,"camera_trap","old-growth","condylobasalLength",75.74
"1774","OG41","SP04-ARL_221014_OG41_0098","16:38","16:50","Rodentia","Dasyprocta_punctata","","SP04-ARL_221014_OG41_0098-r0069","PREX",NA,0.52981297,-79.18850563,389,"old-growth forest","old-growth forest",NA,55,"camera_trap","old-growth","earLength",28.585
"1775","OG41","SP04-ARL_221014_OG41_0098","16:38","16:50","Rodentia","Dasyprocta_punctata","","SP04-ARL_221014_OG41_0098-r0069","PREX",NA,0.52981297,-79.18850563,389,"old-growth forest","old-growth forest",NA,55,"camera_trap","old-growth","forefootLength",49.595
"1776","OG41","SP04-ARL_221014_OG41_0098","16:38","16:50","Rodentia","Dasyprocta_punctata","","SP04-ARL_221014_OG41_0098-r0069","PREX",NA,0.52981297,-79.18850563,389,"old-growth forest","old-growth forest",NA,55,"camera_trap","old-growth","forefootWidth",19.78
"1777","OG41","SP04-ARL_221014_OG41_0098","16:38","16:50","Rodentia","Dasyprocta_punctata","","SP04-ARL_221014_OG41_0098-r0069","PREX",NA,0.52981297,-79.18850563,389,"old-growth forest","old-growth forest",NA,55,"camera_trap","old-growth","forefootclawLength",16.905
"1778","OG41","SP04-ARL_221014_OG41_0098","16:38","16:50","Rodentia","Dasyprocta_punctata","","SP04-ARL_221014_OG41_0098-r0069","PREX",NA,0.52981297,-79.18850563,389,"old-growth forest","old-growth forest",NA,55,"camera_trap","old-growth","headandbodyLength",554.18
"1779","OG41","SP04-ARL_221014_OG41_0098","16:38","16:50","Rodentia","Dasyprocta_punctata","","SP04-ARL_221014_OG41_0098-r0069","PREX",NA,0.52981297,-79.18850563,389,"old-growth forest","old-growth forest",NA,55,"camera_trap","old-growth","hindfootLength",103.92
"1780","OG41","SP04-ARL_221014_OG41_0098","16:38","16:50","Rodentia","Dasyprocta_punctata","","SP04-ARL_221014_OG41_0098-r0069","PREX",NA,0.52981297,-79.18850563,389,"old-growth forest","old-growth forest",NA,55,"camera_trap","old-growth","hindfootWidth",19.56
"1781","OG41","SP04-ARL_221014_OG41_0098","16:38","16:50","Rodentia","Dasyprocta_punctata","","SP04-ARL_221014_OG41_0098-r0069","PREX",NA,0.52981297,-79.18850563,389,"old-growth forest","old-growth forest",NA,55,"camera_trap","old-growth","mandibleDiagonal",43.53
"1782","OG41","SP04-ARL_221014_OG41_0098","16:38","16:50","Rodentia","Dasyprocta_punctata","","SP04-ARL_221014_OG41_0098-r0069","PREX",NA,0.52981297,-79.18850563,389,"old-growth forest","old-growth forest",NA,55,"camera_trap","old-growth","mandibleLength",41.0966666666667
"1783","OG41","SP04-ARL_221014_OG41_0098","16:38","16:50","Rodentia","Dasyprocta_punctata","","SP04-ARL_221014_OG41_0098-r0069","PREX",NA,0.52981297,-79.18850563,389,"old-growth forest","old-growth forest",NA,55,"camera_trap","old-growth","mandibleWidth",37.215
"1784","OG41","SP04-ARL_221014_OG41_0098","16:38","16:50","Rodentia","Dasyprocta_punctata","","SP04-ARL_221014_OG41_0098-r0069","PREX",NA,0.52981297,-79.18850563,389,"old-growth forest","old-growth forest",NA,55,"camera_trap","old-growth","mandibularcorpusHeight",15.5533333333333
"1785","OG41","SP04-ARL_221014_OG41_0098","16:38","16:50","Rodentia","Dasyprocta_punctata","","SP04-ARL_221014_OG41_0098-r0069","PREX",NA,0.52981297,-79.18850563,389,"old-growth forest","old-growth forest",NA,55,"camera_trap","old-growth","maxillarytoothrowAlveolarlength",18.02
"1786","OG41","SP04-ARL_221014_OG41_0098","16:38","16:50","Rodentia","Dasyprocta_punctata","","SP04-ARL_221014_OG41_0098-r0069","PREX",NA,0.52981297,-79.18850563,389,"old-growth forest","old-growth forest",NA,55,"camera_trap","old-growth","rostrumLength",38.132
"1787","OG41","SP04-ARL_221014_OG41_0098","16:38","16:50","Rodentia","Dasyprocta_punctata","","SP04-ARL_221014_OG41_0098-r0069","PREX",NA,0.52981297,-79.18850563,389,"old-growth forest","old-growth forest",NA,55,"camera_trap","old-growth","tailLength",15.515
"1788","OG41","SP04-ARL_221014_OG41_0098","16:38","16:50","Rodentia","Dasyprocta_punctata","","SP04-ARL_221014_OG41_0098-r0069","PREX",NA,0.52981297,-79.18850563,389,"old-growth forest","old-growth forest",NA,55,"camera_trap","old-growth","vibrissaeLength",79.02
"1789","OG41","SP04-ARL_221014_OG41_0098","16:38","16:50","Rodentia","Dasyprocta_punctata","","SP04-ARL_221014_OG41_0098-r0069","PREX",NA,0.52981297,-79.18850563,389,"old-growth forest","old-growth forest",NA,55,"camera_trap","old-growth","zygomaticBreadth",47.4975
"1790","OG41","SP04-ARL_221015_OG41_0099","01:34","01:43","Rodentia","Proechimys_semispinosus","","SP04-ARL_221015_OG41_0099-r0070","PREX",NA,0.52981297,-79.18850563,389,"old-growth forest","old-growth forest",NA,55,"camera_trap","old-growth","BodyMass",360.5
"1791","OG41","SP04-ARL_221015_OG41_0099","01:34","01:43","Rodentia","Proechimys_semispinosus","","SP04-ARL_221015_OG41_0099-r0070","PREX",NA,0.52981297,-79.18850563,389,"old-growth forest","old-growth forest",NA,55,"camera_trap","old-growth","Sex",NA
"1792","OG41","SP04-ARL_221015_OG41_0099","01:34","01:43","Rodentia","Proechimys_semispinosus","","SP04-ARL_221015_OG41_0099-r0070","PREX",NA,0.52981297,-79.18850563,389,"old-growth forest","old-growth forest",NA,55,"camera_trap","old-growth","acrossincisortipsBreadth",7.283
"1793","OG41","SP04-ARL_221015_OG41_0099","01:34","01:43","Rodentia","Proechimys_semispinosus","","SP04-ARL_221015_OG41_0099-r0070","PREX",NA,0.52981297,-79.18850563,389,"old-growth forest","old-growth forest",NA,55,"camera_trap","old-growth","condylobasalLength",44.546
"1794","OG41","SP04-ARL_221015_OG41_0099","01:34","01:43","Rodentia","Proechimys_semispinosus","","SP04-ARL_221015_OG41_0099-r0070","PREX",NA,0.52981297,-79.18850563,389,"old-growth forest","old-growth forest",NA,55,"camera_trap","old-growth","earLength",15.0225
"1795","OG41","SP04-ARL_221015_OG41_0099","01:34","01:43","Rodentia","Proechimys_semispinosus","","SP04-ARL_221015_OG41_0099-r0070","PREX",NA,0.52981297,-79.18850563,389,"old-growth forest","old-growth forest",NA,55,"camera_trap","old-growth","forefootLength",18.13
"1796","OG41","SP04-ARL_221015_OG41_0099","01:34","01:43","Rodentia","Proechimys_semispinosus","","SP04-ARL_221015_OG41_0099-r0070","PREX",NA,0.52981297,-79.18850563,389,"old-growth forest","old-growth forest",NA,55,"camera_trap","old-growth","forefootWidth",6.8325
"1797","OG41","SP04-ARL_221015_OG41_0099","01:34","01:43","Rodentia","Proechimys_semispinosus","","SP04-ARL_221015_OG41_0099-r0070","PREX",NA,0.52981297,-79.18850563,389,"old-growth forest","old-growth forest",NA,55,"camera_trap","old-growth","forefootclawLength",3.08
"1798","OG41","SP04-ARL_221015_OG41_0099","01:34","01:43","Rodentia","Proechimys_semispinosus","","SP04-ARL_221015_OG41_0099-r0070","PREX",NA,0.52981297,-79.18850563,389,"old-growth forest","old-growth forest",NA,55,"camera_trap","old-growth","headandbodyLength",209.8225
"1799","OG41","SP04-ARL_221015_OG41_0099","01:34","01:43","Rodentia","Proechimys_semispinosus","","SP04-ARL_221015_OG41_0099-r0070","PREX",NA,0.52981297,-79.18850563,389,"old-growth forest","old-growth forest",NA,55,"camera_trap","old-growth","hindfootLength",44.63
"1800","OG41","SP04-ARL_221015_OG41_0099","01:34","01:43","Rodentia","Proechimys_semispinosus","","SP04-ARL_221015_OG41_0099-r0070","PREX",NA,0.52981297,-79.18850563,389,"old-growth forest","old-growth forest",NA,55,"camera_trap","old-growth","hindfootWidth",9.2
"1801","OG41","SP04-ARL_221015_OG41_0099","01:34","01:43","Rodentia","Proechimys_semispinosus","","SP04-ARL_221015_OG41_0099-r0070","PREX",NA,0.52981297,-79.18850563,389,"old-growth forest","old-growth forest",NA,55,"camera_trap","old-growth","mandibleDiagonal",22.782
"1802","OG41","SP04-ARL_221015_OG41_0099","01:34","01:43","Rodentia","Proechimys_semispinosus","","SP04-ARL_221015_OG41_0099-r0070","PREX",NA,0.52981297,-79.18850563,389,"old-growth forest","old-growth forest",NA,55,"camera_trap","old-growth","mandibleLength",22.9
"1803","OG41","SP04-ARL_221015_OG41_0099","01:34","01:43","Rodentia","Proechimys_semispinosus","","SP04-ARL_221015_OG41_0099-r0070","PREX",NA,0.52981297,-79.18850563,389,"old-growth forest","old-growth forest",NA,55,"camera_trap","old-growth","mandibleWidth",26.8021428571429
"1804","OG41","SP04-ARL_221015_OG41_0099","01:34","01:43","Rodentia","Proechimys_semispinosus","","SP04-ARL_221015_OG41_0099-r0070","PREX",NA,0.52981297,-79.18850563,389,"old-growth forest","old-growth forest",NA,55,"camera_trap","old-growth","mandibularcorpusHeight",11.66
"1805","OG41","SP04-ARL_221015_OG41_0099","01:34","01:43","Rodentia","Proechimys_semispinosus","","SP04-ARL_221015_OG41_0099-r0070","PREX",NA,0.52981297,-79.18850563,389,"old-growth forest","old-growth forest",NA,55,"camera_trap","old-growth","maxillarytoothrowAlveolarlength",12.98
"1806","OG41","SP04-ARL_221015_OG41_0099","01:34","01:43","Rodentia","Proechimys_semispinosus","","SP04-ARL_221015_OG41_0099-r0070","PREX",NA,0.52981297,-79.18850563,389,"old-growth forest","old-growth forest",NA,55,"camera_trap","old-growth","rostrumLength",23.417
"1807","OG41","SP04-ARL_221015_OG41_0099","01:34","01:43","Rodentia","Proechimys_semispinosus","","SP04-ARL_221015_OG41_0099-r0070","PREX",NA,0.52981297,-79.18850563,389,"old-growth forest","old-growth forest",NA,55,"camera_trap","old-growth","tailLength",60.87
"1808","OG41","SP04-ARL_221015_OG41_0099","01:34","01:43","Rodentia","Proechimys_semispinosus","","SP04-ARL_221015_OG41_0099-r0070","PREX",NA,0.52981297,-79.18850563,389,"old-growth forest","old-growth forest",NA,55,"camera_trap","old-growth","vibrissaeLength",63.0425
"1809","OG41","SP04-ARL_221015_OG41_0099","01:34","01:43","Rodentia","Proechimys_semispinosus","","SP04-ARL_221015_OG41_0099-r0070","PREX",NA,0.52981297,-79.18850563,389,"old-growth forest","old-growth forest",NA,55,"camera_trap","old-growth","zygomaticBreadth",29.363
"1810","OG41","SP04-ARL_221015_OG41_0099","03:11","03:11","Rodentia","Proechimys_semispinosus","","SP04-ARL_221015_OG41_0099-r0071","PREX",NA,0.52981297,-79.18850563,389,"old-growth forest","old-growth forest",NA,55,"camera_trap","old-growth","BodyMass",360.5
"1811","OG41","SP04-ARL_221015_OG41_0099","03:11","03:11","Rodentia","Proechimys_semispinosus","","SP04-ARL_221015_OG41_0099-r0071","PREX",NA,0.52981297,-79.18850563,389,"old-growth forest","old-growth forest",NA,55,"camera_trap","old-growth","Sex",NA
"1812","OG41","SP04-ARL_221015_OG41_0099","03:11","03:11","Rodentia","Proechimys_semispinosus","","SP04-ARL_221015_OG41_0099-r0071","PREX",NA,0.52981297,-79.18850563,389,"old-growth forest","old-growth forest",NA,55,"camera_trap","old-growth","acrossincisortipsBreadth",7.283
"1813","OG41","SP04-ARL_221015_OG41_0099","03:11","03:11","Rodentia","Proechimys_semispinosus","","SP04-ARL_221015_OG41_0099-r0071","PREX",NA,0.52981297,-79.18850563,389,"old-growth forest","old-growth forest",NA,55,"camera_trap","old-growth","condylobasalLength",44.546
"1814","OG41","SP04-ARL_221015_OG41_0099","03:11","03:11","Rodentia","Proechimys_semispinosus","","SP04-ARL_221015_OG41_0099-r0071","PREX",NA,0.52981297,-79.18850563,389,"old-growth forest","old-growth forest",NA,55,"camera_trap","old-growth","earLength",15.0225
"1815","OG41","SP04-ARL_221015_OG41_0099","03:11","03:11","Rodentia","Proechimys_semispinosus","","SP04-ARL_221015_OG41_0099-r0071","PREX",NA,0.52981297,-79.18850563,389,"old-growth forest","old-growth forest",NA,55,"camera_trap","old-growth","forefootLength",18.13
"1816","OG41","SP04-ARL_221015_OG41_0099","03:11","03:11","Rodentia","Proechimys_semispinosus","","SP04-ARL_221015_OG41_0099-r0071","PREX",NA,0.52981297,-79.18850563,389,"old-growth forest","old-growth forest",NA,55,"camera_trap","old-growth","forefootWidth",6.8325
"1817","OG41","SP04-ARL_221015_OG41_0099","03:11","03:11","Rodentia","Proechimys_semispinosus","","SP04-ARL_221015_OG41_0099-r0071","PREX",NA,0.52981297,-79.18850563,389,"old-growth forest","old-growth forest",NA,55,"camera_trap","old-growth","forefootclawLength",3.08
"1818","OG41","SP04-ARL_221015_OG41_0099","03:11","03:11","Rodentia","Proechimys_semispinosus","","SP04-ARL_221015_OG41_0099-r0071","PREX",NA,0.52981297,-79.18850563,389,"old-growth forest","old-growth forest",NA,55,"camera_trap","old-growth","headandbodyLength",209.8225
"1819","OG41","SP04-ARL_221015_OG41_0099","03:11","03:11","Rodentia","Proechimys_semispinosus","","SP04-ARL_221015_OG41_0099-r0071","PREX",NA,0.52981297,-79.18850563,389,"old-growth forest","old-growth forest",NA,55,"camera_trap","old-growth","hindfootLength",44.63
"1820","OG41","SP04-ARL_221015_OG41_0099","03:11","03:11","Rodentia","Proechimys_semispinosus","","SP04-ARL_221015_OG41_0099-r0071","PREX",NA,0.52981297,-79.18850563,389,"old-growth forest","old-growth forest",NA,55,"camera_trap","old-growth","hindfootWidth",9.2
"1821","OG41","SP04-ARL_221015_OG41_0099","03:11","03:11","Rodentia","Proechimys_semispinosus","","SP04-ARL_221015_OG41_0099-r0071","PREX",NA,0.52981297,-79.18850563,389,"old-growth forest","old-growth forest",NA,55,"camera_trap","old-growth","mandibleDiagonal",22.782
"1822","OG41","SP04-ARL_221015_OG41_0099","03:11","03:11","Rodentia","Proechimys_semispinosus","","SP04-ARL_221015_OG41_0099-r0071","PREX",NA,0.52981297,-79.18850563,389,"old-growth forest","old-growth forest",NA,55,"camera_trap","old-growth","mandibleLength",22.9
"1823","OG41","SP04-ARL_221015_OG41_0099","03:11","03:11","Rodentia","Proechimys_semispinosus","","SP04-ARL_221015_OG41_0099-r0071","PREX",NA,0.52981297,-79.18850563,389,"old-growth forest","old-growth forest",NA,55,"camera_trap","old-growth","mandibleWidth",26.8021428571429
"1824","OG41","SP04-ARL_221015_OG41_0099","03:11","03:11","Rodentia","Proechimys_semispinosus","","SP04-ARL_221015_OG41_0099-r0071","PREX",NA,0.52981297,-79.18850563,389,"old-growth forest","old-growth forest",NA,55,"camera_trap","old-growth","mandibularcorpusHeight",11.66
"1825","OG41","SP04-ARL_221015_OG41_0099","03:11","03:11","Rodentia","Proechimys_semispinosus","","SP04-ARL_221015_OG41_0099-r0071","PREX",NA,0.52981297,-79.18850563,389,"old-growth forest","old-growth forest",NA,55,"camera_trap","old-growth","maxillarytoothrowAlveolarlength",12.98
"1826","OG41","SP04-ARL_221015_OG41_0099","03:11","03:11","Rodentia","Proechimys_semispinosus","","SP04-ARL_221015_OG41_0099-r0071","PREX",NA,0.52981297,-79.18850563,389,"old-growth forest","old-growth forest",NA,55,"camera_trap","old-growth","rostrumLength",23.417
"1827","OG41","SP04-ARL_221015_OG41_0099","03:11","03:11","Rodentia","Proechimys_semispinosus","","SP04-ARL_221015_OG41_0099-r0071","PREX",NA,0.52981297,-79.18850563,389,"old-growth forest","old-growth forest",NA,55,"camera_trap","old-growth","tailLength",60.87
"1828","OG41","SP04-ARL_221015_OG41_0099","03:11","03:11","Rodentia","Proechimys_semispinosus","","SP04-ARL_221015_OG41_0099-r0071","PREX",NA,0.52981297,-79.18850563,389,"old-growth forest","old-growth forest",NA,55,"camera_trap","old-growth","vibrissaeLength",63.0425
"1829","OG41","SP04-ARL_221015_OG41_0099","03:11","03:11","Rodentia","Proechimys_semispinosus","","SP04-ARL_221015_OG41_0099-r0071","PREX",NA,0.52981297,-79.18850563,389,"old-growth forest","old-growth forest",NA,55,"camera_trap","old-growth","zygomaticBreadth",29.363
"1830","OG42","SP04-ARL_230405_OG42_0225","20:18","20:18","Birds","Tinamus_major","","SP04-ARL_230405_OG42_0225-r0161","PREX",NA,0.53843029,-79.17462078,356,"old-growth forest","old-growth forest",NA,55,"camera_trap","old-growth","Age",NA
"1831","OG42","SP04-ARL_230405_OG42_0225","20:18","20:18","Birds","Tinamus_major","","SP04-ARL_230405_OG42_0225-r0161","PREX",NA,0.53843029,-79.17462078,356,"old-growth forest","old-growth forest",NA,55,"camera_trap","old-growth","Beak.Depth",5.88
"1832","OG42","SP04-ARL_230405_OG42_0225","20:18","20:18","Birds","Tinamus_major","","SP04-ARL_230405_OG42_0225-r0161","PREX",NA,0.53843029,-79.17462078,356,"old-growth forest","old-growth forest",NA,55,"camera_trap","old-growth","Beak.Length_Culmen",38.5
"1833","OG42","SP04-ARL_230405_OG42_0225","20:18","20:18","Birds","Tinamus_major","","SP04-ARL_230405_OG42_0225-r0161","PREX",NA,0.53843029,-79.17462078,356,"old-growth forest","old-growth forest",NA,55,"camera_trap","old-growth","Beak.Length_Nares",11.4
"1834","OG42","SP04-ARL_230405_OG42_0225","20:18","20:18","Birds","Tinamus_major","","SP04-ARL_230405_OG42_0225-r0161","PREX",NA,0.53843029,-79.17462078,356,"old-growth forest","old-growth forest",NA,55,"camera_trap","old-growth","Beak.Width",5.2
"1835","OG42","SP04-ARL_230405_OG42_0225","20:18","20:18","Birds","Tinamus_major","","SP04-ARL_230405_OG42_0225-r0161","PREX",NA,0.53843029,-79.17462078,356,"old-growth forest","old-growth forest",NA,55,"camera_trap","old-growth","BodyMass",1026.2
"1836","OG42","SP04-ARL_230405_OG42_0225","20:18","20:18","Birds","Tinamus_major","","SP04-ARL_230405_OG42_0225-r0161","PREX",NA,0.53843029,-79.17462078,356,"old-growth forest","old-growth forest",NA,55,"camera_trap","old-growth","Hand.wing.Index",20.94
"1837","OG42","SP04-ARL_230405_OG42_0225","20:18","20:18","Birds","Tinamus_major","","SP04-ARL_230405_OG42_0225-r0161","PREX",NA,0.53843029,-79.17462078,356,"old-growth forest","old-growth forest",NA,55,"camera_trap","old-growth","Kipps.Distance",51.28
"1838","OG42","SP04-ARL_230405_OG42_0225","20:18","20:18","Birds","Tinamus_major","","SP04-ARL_230405_OG42_0225-r0161","PREX",NA,0.53843029,-79.17462078,356,"old-growth forest","old-growth forest",NA,55,"camera_trap","old-growth","Secondary1",193.12
"1839","OG42","SP04-ARL_230405_OG42_0225","20:18","20:18","Birds","Tinamus_major","","SP04-ARL_230405_OG42_0225-r0161","PREX",NA,0.53843029,-79.17462078,356,"old-growth forest","old-growth forest",NA,55,"camera_trap","old-growth","Sex",NA
"1840","OG42","SP04-ARL_230405_OG42_0225","20:18","20:18","Birds","Tinamus_major","","SP04-ARL_230405_OG42_0225-r0161","PREX",NA,0.53843029,-79.17462078,356,"old-growth forest","old-growth forest",NA,55,"camera_trap","old-growth","Tail.Length",83.25
"1841","OG42","SP04-ARL_230405_OG42_0225","20:18","20:18","Birds","Tinamus_major","","SP04-ARL_230405_OG42_0225-r0161","PREX",NA,0.53843029,-79.17462078,356,"old-growth forest","old-growth forest",NA,55,"camera_trap","old-growth","Tarsus.Length",64.4333333333333
"1842","OG42","SP04-ARL_230405_OG42_0225","20:18","20:18","Birds","Tinamus_major","","SP04-ARL_230405_OG42_0225-r0161","PREX",NA,0.53843029,-79.17462078,356,"old-growth forest","old-growth forest",NA,55,"camera_trap","old-growth","Wing.Length",241
"1843","OG42","SP04-ARL_230405_OG42_0225","01:21","01:21","Rodentia","Trasandinomys_sp","","SP04-ARL_230405_OG42_0225-r0162","PREX",NA,0.53843029,-79.17462078,356,"old-growth forest","old-growth forest",NA,55,"camera_trap","old-growth",NA,NA
"1844","OG42","SP04-ARL_230405_OG42_0225","17:27","17:27","Rodentia","Dasyprocta_punctata","","SP04-ARL_230405_OG42_0225-r0163","PREX",NA,0.53843029,-79.17462078,356,"old-growth forest","old-growth forest",NA,55,"camera_trap","old-growth","BodyMass",2674.98
"1845","OG42","SP04-ARL_230405_OG42_0225","17:27","17:27","Rodentia","Dasyprocta_punctata","","SP04-ARL_230405_OG42_0225-r0163","PREX",NA,0.53843029,-79.17462078,356,"old-growth forest","old-growth forest",NA,55,"camera_trap","old-growth","Sex",NA
"1846","OG42","SP04-ARL_230405_OG42_0225","17:27","17:27","Rodentia","Dasyprocta_punctata","","SP04-ARL_230405_OG42_0225-r0163","PREX",NA,0.53843029,-79.17462078,356,"old-growth forest","old-growth forest",NA,55,"camera_trap","old-growth","acrossincisortipsBreadth",8.504
"1847","OG42","SP04-ARL_230405_OG42_0225","17:27","17:27","Rodentia","Dasyprocta_punctata","","SP04-ARL_230405_OG42_0225-r0163","PREX",NA,0.53843029,-79.17462078,356,"old-growth forest","old-growth forest",NA,55,"camera_trap","old-growth","condylobasalLength",75.74
"1848","OG42","SP04-ARL_230405_OG42_0225","17:27","17:27","Rodentia","Dasyprocta_punctata","","SP04-ARL_230405_OG42_0225-r0163","PREX",NA,0.53843029,-79.17462078,356,"old-growth forest","old-growth forest",NA,55,"camera_trap","old-growth","earLength",28.585
"1849","OG42","SP04-ARL_230405_OG42_0225","17:27","17:27","Rodentia","Dasyprocta_punctata","","SP04-ARL_230405_OG42_0225-r0163","PREX",NA,0.53843029,-79.17462078,356,"old-growth forest","old-growth forest",NA,55,"camera_trap","old-growth","forefootLength",49.595
"1850","OG42","SP04-ARL_230405_OG42_0225","17:27","17:27","Rodentia","Dasyprocta_punctata","","SP04-ARL_230405_OG42_0225-r0163","PREX",NA,0.53843029,-79.17462078,356,"old-growth forest","old-growth forest",NA,55,"camera_trap","old-growth","forefootWidth",19.78
"1851","OG42","SP04-ARL_230405_OG42_0225","17:27","17:27","Rodentia","Dasyprocta_punctata","","SP04-ARL_230405_OG42_0225-r0163","PREX",NA,0.53843029,-79.17462078,356,"old-growth forest","old-growth forest",NA,55,"camera_trap","old-growth","forefootclawLength",16.905
"1852","OG42","SP04-ARL_230405_OG42_0225","17:27","17:27","Rodentia","Dasyprocta_punctata","","SP04-ARL_230405_OG42_0225-r0163","PREX",NA,0.53843029,-79.17462078,356,"old-growth forest","old-growth forest",NA,55,"camera_trap","old-growth","headandbodyLength",554.18
"1853","OG42","SP04-ARL_230405_OG42_0225","17:27","17:27","Rodentia","Dasyprocta_punctata","","SP04-ARL_230405_OG42_0225-r0163","PREX",NA,0.53843029,-79.17462078,356,"old-growth forest","old-growth forest",NA,55,"camera_trap","old-growth","hindfootLength",103.92
"1854","OG42","SP04-ARL_230405_OG42_0225","17:27","17:27","Rodentia","Dasyprocta_punctata","","SP04-ARL_230405_OG42_0225-r0163","PREX",NA,0.53843029,-79.17462078,356,"old-growth forest","old-growth forest",NA,55,"camera_trap","old-growth","hindfootWidth",19.56
"1855","OG42","SP04-ARL_230405_OG42_0225","17:27","17:27","Rodentia","Dasyprocta_punctata","","SP04-ARL_230405_OG42_0225-r0163","PREX",NA,0.53843029,-79.17462078,356,"old-growth forest","old-growth forest",NA,55,"camera_trap","old-growth","mandibleDiagonal",43.53
"1856","OG42","SP04-ARL_230405_OG42_0225","17:27","17:27","Rodentia","Dasyprocta_punctata","","SP04-ARL_230405_OG42_0225-r0163","PREX",NA,0.53843029,-79.17462078,356,"old-growth forest","old-growth forest",NA,55,"camera_trap","old-growth","mandibleLength",41.0966666666667
"1857","OG42","SP04-ARL_230405_OG42_0225","17:27","17:27","Rodentia","Dasyprocta_punctata","","SP04-ARL_230405_OG42_0225-r0163","PREX",NA,0.53843029,-79.17462078,356,"old-growth forest","old-growth forest",NA,55,"camera_trap","old-growth","mandibleWidth",37.215
"1858","OG42","SP04-ARL_230405_OG42_0225","17:27","17:27","Rodentia","Dasyprocta_punctata","","SP04-ARL_230405_OG42_0225-r0163","PREX",NA,0.53843029,-79.17462078,356,"old-growth forest","old-growth forest",NA,55,"camera_trap","old-growth","mandibularcorpusHeight",15.5533333333333
"1859","OG42","SP04-ARL_230405_OG42_0225","17:27","17:27","Rodentia","Dasyprocta_punctata","","SP04-ARL_230405_OG42_0225-r0163","PREX",NA,0.53843029,-79.17462078,356,"old-growth forest","old-growth forest",NA,55,"camera_trap","old-growth","maxillarytoothrowAlveolarlength",18.02
"1860","OG42","SP04-ARL_230405_OG42_0225","17:27","17:27","Rodentia","Dasyprocta_punctata","","SP04-ARL_230405_OG42_0225-r0163","PREX",NA,0.53843029,-79.17462078,356,"old-growth forest","old-growth forest",NA,55,"camera_trap","old-growth","rostrumLength",38.132
"1861","OG42","SP04-ARL_230405_OG42_0225","17:27","17:27","Rodentia","Dasyprocta_punctata","","SP04-ARL_230405_OG42_0225-r0163","PREX",NA,0.53843029,-79.17462078,356,"old-growth forest","old-growth forest",NA,55,"camera_trap","old-growth","tailLength",15.515
"1862","OG42","SP04-ARL_230405_OG42_0225","17:27","17:27","Rodentia","Dasyprocta_punctata","","SP04-ARL_230405_OG42_0225-r0163","PREX",NA,0.53843029,-79.17462078,356,"old-growth forest","old-growth forest",NA,55,"camera_trap","old-growth","vibrissaeLength",79.02
"1863","OG42","SP04-ARL_230405_OG42_0225","17:27","17:27","Rodentia","Dasyprocta_punctata","","SP04-ARL_230405_OG42_0225-r0163","PREX",NA,0.53843029,-79.17462078,356,"old-growth forest","old-growth forest",NA,55,"camera_trap","old-growth","zygomaticBreadth",47.4975
"1864","OG43","SP04-ARL_230517_OG43_0256","10:47","10:47","Birds","Geotrygon_montana","","SP04-ARL_230517_OG43_0256-r0179",NA,NA,0.46447835,-79.21007388,238,"old-growth forest","old-growth forest",NA,55,"camera_trap","old-growth","Age",NA
"1865","OG43","SP04-ARL_230517_OG43_0256","10:47","10:47","Birds","Geotrygon_montana","","SP04-ARL_230517_OG43_0256-r0179",NA,NA,0.46447835,-79.21007388,238,"old-growth forest","old-growth forest",NA,55,"camera_trap","old-growth","Beak.Depth",4.44848484848485
"1866","OG43","SP04-ARL_230517_OG43_0256","10:47","10:47","Birds","Geotrygon_montana","","SP04-ARL_230517_OG43_0256-r0179",NA,NA,0.46447835,-79.21007388,238,"old-growth forest","old-growth forest",NA,55,"camera_trap","old-growth","Beak.Length_Culmen",19.536
"1867","OG43","SP04-ARL_230517_OG43_0256","10:47","10:47","Birds","Geotrygon_montana","","SP04-ARL_230517_OG43_0256-r0179",NA,NA,0.46447835,-79.21007388,238,"old-growth forest","old-growth forest",NA,55,"camera_trap","old-growth","Beak.Length_Nares",8.95384615384615
"1868","OG43","SP04-ARL_230517_OG43_0256","10:47","10:47","Birds","Geotrygon_montana","","SP04-ARL_230517_OG43_0256-r0179",NA,NA,0.46447835,-79.21007388,238,"old-growth forest","old-growth forest",NA,55,"camera_trap","old-growth","Beak.Width",3.47586206896552
"1869","OG43","SP04-ARL_230517_OG43_0256","10:47","10:47","Birds","Geotrygon_montana","","SP04-ARL_230517_OG43_0256-r0179",NA,NA,0.46447835,-79.21007388,238,"old-growth forest","old-growth forest",NA,55,"camera_trap","old-growth","BodyMass",133.9
"1870","OG43","SP04-ARL_230517_OG43_0256","10:47","10:47","Birds","Geotrygon_montana","","SP04-ARL_230517_OG43_0256-r0179",NA,NA,0.46447835,-79.21007388,238,"old-growth forest","old-growth forest",NA,55,"camera_trap","old-growth","Hand.wing.Index",27.1
"1871","OG43","SP04-ARL_230517_OG43_0256","10:47","10:47","Birds","Geotrygon_montana","","SP04-ARL_230517_OG43_0256-r0179",NA,NA,0.46447835,-79.21007388,238,"old-growth forest","old-growth forest",NA,55,"camera_trap","old-growth","Kipps.Distance",36.7478260869565
"1872","OG43","SP04-ARL_230517_OG43_0256","10:47","10:47","Birds","Geotrygon_montana","","SP04-ARL_230517_OG43_0256-r0179",NA,NA,0.46447835,-79.21007388,238,"old-growth forest","old-growth forest",NA,55,"camera_trap","old-growth","Secondary1",99.195652173913
"1873","OG43","SP04-ARL_230517_OG43_0256","10:47","10:47","Birds","Geotrygon_montana","","SP04-ARL_230517_OG43_0256-r0179",NA,NA,0.46447835,-79.21007388,238,"old-growth forest","old-growth forest",NA,55,"camera_trap","old-growth","Sex",NA
"1874","OG43","SP04-ARL_230517_OG43_0256","10:47","10:47","Birds","Geotrygon_montana","","SP04-ARL_230517_OG43_0256-r0179",NA,NA,0.46447835,-79.21007388,238,"old-growth forest","old-growth forest",NA,55,"camera_trap","old-growth","Tail.Length",76.278125
"1875","OG43","SP04-ARL_230517_OG43_0256","10:47","10:47","Birds","Geotrygon_montana","","SP04-ARL_230517_OG43_0256-r0179",NA,NA,0.46447835,-79.21007388,238,"old-growth forest","old-growth forest",NA,55,"camera_trap","old-growth","Tarsus.Length",26.9405405405405
"1876","OG43","SP04-ARL_230517_OG43_0256","10:47","10:47","Birds","Geotrygon_montana","","SP04-ARL_230517_OG43_0256-r0179",NA,NA,0.46447835,-79.21007388,238,"old-growth forest","old-growth forest",NA,55,"camera_trap","old-growth","Wing.Length",136.52972972973
"1877","OG43","SP04-ARL_230519_OG43_0257","14:27","14:27","Birds","Geotrygon_montana","","SP04-ARL_230519_OG43_0257-r0180",NA,NA,0.46447835,-79.21007388,238,"old-growth forest","old-growth forest",NA,55,"camera_trap","old-growth","Age",NA
"1878","OG43","SP04-ARL_230519_OG43_0257","14:27","14:27","Birds","Geotrygon_montana","","SP04-ARL_230519_OG43_0257-r0180",NA,NA,0.46447835,-79.21007388,238,"old-growth forest","old-growth forest",NA,55,"camera_trap","old-growth","Beak.Depth",4.44848484848485
"1879","OG43","SP04-ARL_230519_OG43_0257","14:27","14:27","Birds","Geotrygon_montana","","SP04-ARL_230519_OG43_0257-r0180",NA,NA,0.46447835,-79.21007388,238,"old-growth forest","old-growth forest",NA,55,"camera_trap","old-growth","Beak.Length_Culmen",19.536
"1880","OG43","SP04-ARL_230519_OG43_0257","14:27","14:27","Birds","Geotrygon_montana","","SP04-ARL_230519_OG43_0257-r0180",NA,NA,0.46447835,-79.21007388,238,"old-growth forest","old-growth forest",NA,55,"camera_trap","old-growth","Beak.Length_Nares",8.95384615384615
"1881","OG43","SP04-ARL_230519_OG43_0257","14:27","14:27","Birds","Geotrygon_montana","","SP04-ARL_230519_OG43_0257-r0180",NA,NA,0.46447835,-79.21007388,238,"old-growth forest","old-growth forest",NA,55,"camera_trap","old-growth","Beak.Width",3.47586206896552
"1882","OG43","SP04-ARL_230519_OG43_0257","14:27","14:27","Birds","Geotrygon_montana","","SP04-ARL_230519_OG43_0257-r0180",NA,NA,0.46447835,-79.21007388,238,"old-growth forest","old-growth forest",NA,55,"camera_trap","old-growth","BodyMass",133.9
"1883","OG43","SP04-ARL_230519_OG43_0257","14:27","14:27","Birds","Geotrygon_montana","","SP04-ARL_230519_OG43_0257-r0180",NA,NA,0.46447835,-79.21007388,238,"old-growth forest","old-growth forest",NA,55,"camera_trap","old-growth","Hand.wing.Index",27.1
"1884","OG43","SP04-ARL_230519_OG43_0257","14:27","14:27","Birds","Geotrygon_montana","","SP04-ARL_230519_OG43_0257-r0180",NA,NA,0.46447835,-79.21007388,238,"old-growth forest","old-growth forest",NA,55,"camera_trap","old-growth","Kipps.Distance",36.7478260869565
"1885","OG43","SP04-ARL_230519_OG43_0257","14:27","14:27","Birds","Geotrygon_montana","","SP04-ARL_230519_OG43_0257-r0180",NA,NA,0.46447835,-79.21007388,238,"old-growth forest","old-growth forest",NA,55,"camera_trap","old-growth","Secondary1",99.195652173913
"1886","OG43","SP04-ARL_230519_OG43_0257","14:27","14:27","Birds","Geotrygon_montana","","SP04-ARL_230519_OG43_0257-r0180",NA,NA,0.46447835,-79.21007388,238,"old-growth forest","old-growth forest",NA,55,"camera_trap","old-growth","Sex",NA
"1887","OG43","SP04-ARL_230519_OG43_0257","14:27","14:27","Birds","Geotrygon_montana","","SP04-ARL_230519_OG43_0257-r0180",NA,NA,0.46447835,-79.21007388,238,"old-growth forest","old-growth forest",NA,55,"camera_trap","old-growth","Tail.Length",76.278125
"1888","OG43","SP04-ARL_230519_OG43_0257","14:27","14:27","Birds","Geotrygon_montana","","SP04-ARL_230519_OG43_0257-r0180",NA,NA,0.46447835,-79.21007388,238,"old-growth forest","old-growth forest",NA,55,"camera_trap","old-growth","Tarsus.Length",26.9405405405405
"1889","OG43","SP04-ARL_230519_OG43_0257","14:27","14:27","Birds","Geotrygon_montana","","SP04-ARL_230519_OG43_0257-r0180",NA,NA,0.46447835,-79.21007388,238,"old-growth forest","old-growth forest",NA,55,"camera_trap","old-growth","Wing.Length",136.52972972973
"1890","OG43","SP04-ARL_230521_OG43_0258","13:35","13:35","Artiodactyla","Tayassu_pecari","","SP04-ARL_230521_OG43_0258-r0181",NA,NA,0.46447835,-79.21007388,238,"old-growth forest","old-growth forest",NA,55,"camera_trap","old-growth","BodyMass",32233.69
"1891","OG43","SP04-ARL_230521_OG43_0258","13:35","13:35","Artiodactyla","Tayassu_pecari","","SP04-ARL_230521_OG43_0258-r0181",NA,NA,0.46447835,-79.21007388,238,"old-growth forest","old-growth forest",NA,55,"camera_trap","old-growth","Sex",NA
"1892","OG43","SP04-ARL_230521_OG43_0258","13:35","13:35","Artiodactyla","Tayassu_pecari","","SP04-ARL_230521_OG43_0258-r0181",NA,NA,0.46447835,-79.21007388,238,"old-growth forest","old-growth forest",NA,55,"camera_trap","old-growth","acrossincisortipsBreadth",17.645
"1893","OG43","SP04-ARL_230521_OG43_0258","13:35","13:35","Artiodactyla","Tayassu_pecari","","SP04-ARL_230521_OG43_0258-r0181",NA,NA,0.46447835,-79.21007388,238,"old-growth forest","old-growth forest",NA,55,"camera_trap","old-growth","condylobasalLength",201.415
"1894","OG43","SP04-ARL_230521_OG43_0258","13:35","13:35","Artiodactyla","Tayassu_pecari","","SP04-ARL_230521_OG43_0258-r0181",NA,NA,0.46447835,-79.21007388,238,"old-growth forest","old-growth forest",NA,55,"camera_trap","old-growth","mandibleDiagonal",131.46
"1895","OG43","SP04-ARL_230521_OG43_0258","13:35","13:35","Artiodactyla","Tayassu_pecari","","SP04-ARL_230521_OG43_0258-r0181",NA,NA,0.46447835,-79.21007388,238,"old-growth forest","old-growth forest",NA,55,"camera_trap","old-growth","mandibleLength",119.51
"1896","OG43","SP04-ARL_230521_OG43_0258","13:35","13:35","Artiodactyla","Tayassu_pecari","","SP04-ARL_230521_OG43_0258-r0181",NA,NA,0.46447835,-79.21007388,238,"old-growth forest","old-growth forest",NA,55,"camera_trap","old-growth","mandibleWidth",91.9633333333333
"1897","OG43","SP04-ARL_230521_OG43_0258","13:35","13:35","Artiodactyla","Tayassu_pecari","","SP04-ARL_230521_OG43_0258-r0181",NA,NA,0.46447835,-79.21007388,238,"old-growth forest","old-growth forest",NA,55,"camera_trap","old-growth","mandibularcorpusHeight",42.0366666666667
"1898","OG43","SP04-ARL_230521_OG43_0258","13:35","13:35","Artiodactyla","Tayassu_pecari","","SP04-ARL_230521_OG43_0258-r0181",NA,NA,0.46447835,-79.21007388,238,"old-growth forest","old-growth forest",NA,55,"camera_trap","old-growth","maxillarytoothrowAlveolarlength",68.395
"1899","OG43","SP04-ARL_230521_OG43_0258","13:35","13:35","Artiodactyla","Tayassu_pecari","","SP04-ARL_230521_OG43_0258-r0181",NA,NA,0.46447835,-79.21007388,238,"old-growth forest","old-growth forest",NA,55,"camera_trap","old-growth","rostrumLength",139.605
"1900","OG43","SP04-ARL_230521_OG43_0258","13:35","13:35","Artiodactyla","Tayassu_pecari","","SP04-ARL_230521_OG43_0258-r0181",NA,NA,0.46447835,-79.21007388,238,"old-growth forest","old-growth forest",NA,55,"camera_trap","old-growth","zygomaticBreadth",118.2325
"1901","OG43","SP04-ARL_230521_OG43_0258","11:37","11:38","Birds","Geotrygon_montana","","SP04-ARL_230521_OG43_0258-r0182",NA,NA,0.46447835,-79.21007388,238,"old-growth forest","old-growth forest",NA,55,"camera_trap","old-growth","Age",NA
"1902","OG43","SP04-ARL_230521_OG43_0258","11:37","11:38","Birds","Geotrygon_montana","","SP04-ARL_230521_OG43_0258-r0182",NA,NA,0.46447835,-79.21007388,238,"old-growth forest","old-growth forest",NA,55,"camera_trap","old-growth","Beak.Depth",4.44848484848485
"1903","OG43","SP04-ARL_230521_OG43_0258","11:37","11:38","Birds","Geotrygon_montana","","SP04-ARL_230521_OG43_0258-r0182",NA,NA,0.46447835,-79.21007388,238,"old-growth forest","old-growth forest",NA,55,"camera_trap","old-growth","Beak.Length_Culmen",19.536
"1904","OG43","SP04-ARL_230521_OG43_0258","11:37","11:38","Birds","Geotrygon_montana","","SP04-ARL_230521_OG43_0258-r0182",NA,NA,0.46447835,-79.21007388,238,"old-growth forest","old-growth forest",NA,55,"camera_trap","old-growth","Beak.Length_Nares",8.95384615384615
"1905","OG43","SP04-ARL_230521_OG43_0258","11:37","11:38","Birds","Geotrygon_montana","","SP04-ARL_230521_OG43_0258-r0182",NA,NA,0.46447835,-79.21007388,238,"old-growth forest","old-growth forest",NA,55,"camera_trap","old-growth","Beak.Width",3.47586206896552
"1906","OG43","SP04-ARL_230521_OG43_0258","11:37","11:38","Birds","Geotrygon_montana","","SP04-ARL_230521_OG43_0258-r0182",NA,NA,0.46447835,-79.21007388,238,"old-growth forest","old-growth forest",NA,55,"camera_trap","old-growth","BodyMass",133.9
"1907","OG43","SP04-ARL_230521_OG43_0258","11:37","11:38","Birds","Geotrygon_montana","","SP04-ARL_230521_OG43_0258-r0182",NA,NA,0.46447835,-79.21007388,238,"old-growth forest","old-growth forest",NA,55,"camera_trap","old-growth","Hand.wing.Index",27.1
"1908","OG43","SP04-ARL_230521_OG43_0258","11:37","11:38","Birds","Geotrygon_montana","","SP04-ARL_230521_OG43_0258-r0182",NA,NA,0.46447835,-79.21007388,238,"old-growth forest","old-growth forest",NA,55,"camera_trap","old-growth","Kipps.Distance",36.7478260869565
"1909","OG43","SP04-ARL_230521_OG43_0258","11:37","11:38","Birds","Geotrygon_montana","","SP04-ARL_230521_OG43_0258-r0182",NA,NA,0.46447835,-79.21007388,238,"old-growth forest","old-growth forest",NA,55,"camera_trap","old-growth","Secondary1",99.195652173913
"1910","OG43","SP04-ARL_230521_OG43_0258","11:37","11:38","Birds","Geotrygon_montana","","SP04-ARL_230521_OG43_0258-r0182",NA,NA,0.46447835,-79.21007388,238,"old-growth forest","old-growth forest",NA,55,"camera_trap","old-growth","Sex",NA
"1911","OG43","SP04-ARL_230521_OG43_0258","11:37","11:38","Birds","Geotrygon_montana","","SP04-ARL_230521_OG43_0258-r0182",NA,NA,0.46447835,-79.21007388,238,"old-growth forest","old-growth forest",NA,55,"camera_trap","old-growth","Tail.Length",76.278125
"1912","OG43","SP04-ARL_230521_OG43_0258","11:37","11:38","Birds","Geotrygon_montana","","SP04-ARL_230521_OG43_0258-r0182",NA,NA,0.46447835,-79.21007388,238,"old-growth forest","old-growth forest",NA,55,"camera_trap","old-growth","Tarsus.Length",26.9405405405405
"1913","OG43","SP04-ARL_230521_OG43_0258","11:37","11:38","Birds","Geotrygon_montana","","SP04-ARL_230521_OG43_0258-r0182",NA,NA,0.46447835,-79.21007388,238,"old-growth forest","old-growth forest",NA,55,"camera_trap","old-growth","Wing.Length",136.52972972973
"1914","OG43","SP04-ARL_230521_OG43_0258","10:19","10:19","Birds","Odontophorus_erythrops","","SP04-ARL_230521_OG43_0258-r0183",NA,NA,0.46447835,-79.21007388,238,"old-growth forest","old-growth forest",NA,55,"camera_trap","old-growth","Age",NA
"1915","OG43","SP04-ARL_230521_OG43_0258","10:19","10:19","Birds","Odontophorus_erythrops","","SP04-ARL_230521_OG43_0258-r0183",NA,NA,0.46447835,-79.21007388,238,"old-growth forest","old-growth forest",NA,55,"camera_trap","old-growth","Beak.Depth",12.92
"1916","OG43","SP04-ARL_230521_OG43_0258","10:19","10:19","Birds","Odontophorus_erythrops","","SP04-ARL_230521_OG43_0258-r0183",NA,NA,0.46447835,-79.21007388,238,"old-growth forest","old-growth forest",NA,55,"camera_trap","old-growth","Beak.Length_Culmen",20.98
"1917","OG43","SP04-ARL_230521_OG43_0258","10:19","10:19","Birds","Odontophorus_erythrops","","SP04-ARL_230521_OG43_0258-r0183",NA,NA,0.46447835,-79.21007388,238,"old-growth forest","old-growth forest",NA,55,"camera_trap","old-growth","Beak.Length_Nares",11.6
"1918","OG43","SP04-ARL_230521_OG43_0258","10:19","10:19","Birds","Odontophorus_erythrops","","SP04-ARL_230521_OG43_0258-r0183",NA,NA,0.46447835,-79.21007388,238,"old-growth forest","old-growth forest",NA,55,"camera_trap","old-growth","Beak.Width",8.86
"1919","OG43","SP04-ARL_230521_OG43_0258","10:19","10:19","Birds","Odontophorus_erythrops","","SP04-ARL_230521_OG43_0258-r0183",NA,NA,0.46447835,-79.21007388,238,"old-growth forest","old-growth forest",NA,55,"camera_trap","old-growth","BodyMass",335
"1920","OG43","SP04-ARL_230521_OG43_0258","10:19","10:19","Birds","Odontophorus_erythrops","","SP04-ARL_230521_OG43_0258-r0183",NA,NA,0.46447835,-79.21007388,238,"old-growth forest","old-growth forest",NA,55,"camera_trap","old-growth","Hand.wing.Index",27.05
"1921","OG43","SP04-ARL_230521_OG43_0258","10:19","10:19","Birds","Odontophorus_erythrops","","SP04-ARL_230521_OG43_0258-r0183",NA,NA,0.46447835,-79.21007388,238,"old-growth forest","old-growth forest",NA,55,"camera_trap","old-growth","Kipps.Distance",38.25
"1922","OG43","SP04-ARL_230521_OG43_0258","10:19","10:19","Birds","Odontophorus_erythrops","","SP04-ARL_230521_OG43_0258-r0183",NA,NA,0.46447835,-79.21007388,238,"old-growth forest","old-growth forest",NA,55,"camera_trap","old-growth","Secondary1",103
"1923","OG43","SP04-ARL_230521_OG43_0258","10:19","10:19","Birds","Odontophorus_erythrops","","SP04-ARL_230521_OG43_0258-r0183",NA,NA,0.46447835,-79.21007388,238,"old-growth forest","old-growth forest",NA,55,"camera_trap","old-growth","Sex",NA
"1924","OG43","SP04-ARL_230521_OG43_0258","10:19","10:19","Birds","Odontophorus_erythrops","","SP04-ARL_230521_OG43_0258-r0183",NA,NA,0.46447835,-79.21007388,238,"old-growth forest","old-growth forest",NA,55,"camera_trap","old-growth","Tail.Length",58
"1925","OG43","SP04-ARL_230521_OG43_0258","10:19","10:19","Birds","Odontophorus_erythrops","","SP04-ARL_230521_OG43_0258-r0183",NA,NA,0.46447835,-79.21007388,238,"old-growth forest","old-growth forest",NA,55,"camera_trap","old-growth","Tarsus.Length",41.6
"1926","OG43","SP04-ARL_230521_OG43_0258","10:19","10:19","Birds","Odontophorus_erythrops","","SP04-ARL_230521_OG43_0258-r0183",NA,NA,0.46447835,-79.21007388,238,"old-growth forest","old-growth forest",NA,55,"camera_trap","old-growth","Wing.Length",143
"1927","OG46","SP04-ARL_221203_OG46_0175","08:33","08:38","Birds","Odontophorus_erythrops","","SP04-ARL_221203_OG46_0175-r0132","PREX",NA,0.47797846,-79.19469459,288,"old-growth forest","old-growth forest",NA,55,"camera_trap","old-growth","Age",NA
"1928","OG46","SP04-ARL_221203_OG46_0175","08:33","08:38","Birds","Odontophorus_erythrops","","SP04-ARL_221203_OG46_0175-r0132","PREX",NA,0.47797846,-79.19469459,288,"old-growth forest","old-growth forest",NA,55,"camera_trap","old-growth","Beak.Depth",12.92
"1929","OG46","SP04-ARL_221203_OG46_0175","08:33","08:38","Birds","Odontophorus_erythrops","","SP04-ARL_221203_OG46_0175-r0132","PREX",NA,0.47797846,-79.19469459,288,"old-growth forest","old-growth forest",NA,55,"camera_trap","old-growth","Beak.Length_Culmen",20.98
"1930","OG46","SP04-ARL_221203_OG46_0175","08:33","08:38","Birds","Odontophorus_erythrops","","SP04-ARL_221203_OG46_0175-r0132","PREX",NA,0.47797846,-79.19469459,288,"old-growth forest","old-growth forest",NA,55,"camera_trap","old-growth","Beak.Length_Nares",11.6
"1931","OG46","SP04-ARL_221203_OG46_0175","08:33","08:38","Birds","Odontophorus_erythrops","","SP04-ARL_221203_OG46_0175-r0132","PREX",NA,0.47797846,-79.19469459,288,"old-growth forest","old-growth forest",NA,55,"camera_trap","old-growth","Beak.Width",8.86
"1932","OG46","SP04-ARL_221203_OG46_0175","08:33","08:38","Birds","Odontophorus_erythrops","","SP04-ARL_221203_OG46_0175-r0132","PREX",NA,0.47797846,-79.19469459,288,"old-growth forest","old-growth forest",NA,55,"camera_trap","old-growth","BodyMass",335
"1933","OG46","SP04-ARL_221203_OG46_0175","08:33","08:38","Birds","Odontophorus_erythrops","","SP04-ARL_221203_OG46_0175-r0132","PREX",NA,0.47797846,-79.19469459,288,"old-growth forest","old-growth forest",NA,55,"camera_trap","old-growth","Hand.wing.Index",27.05
"1934","OG46","SP04-ARL_221203_OG46_0175","08:33","08:38","Birds","Odontophorus_erythrops","","SP04-ARL_221203_OG46_0175-r0132","PREX",NA,0.47797846,-79.19469459,288,"old-growth forest","old-growth forest",NA,55,"camera_trap","old-growth","Kipps.Distance",38.25
"1935","OG46","SP04-ARL_221203_OG46_0175","08:33","08:38","Birds","Odontophorus_erythrops","","SP04-ARL_221203_OG46_0175-r0132","PREX",NA,0.47797846,-79.19469459,288,"old-growth forest","old-growth forest",NA,55,"camera_trap","old-growth","Secondary1",103
"1936","OG46","SP04-ARL_221203_OG46_0175","08:33","08:38","Birds","Odontophorus_erythrops","","SP04-ARL_221203_OG46_0175-r0132","PREX",NA,0.47797846,-79.19469459,288,"old-growth forest","old-growth forest",NA,55,"camera_trap","old-growth","Sex",NA
"1937","OG46","SP04-ARL_221203_OG46_0175","08:33","08:38","Birds","Odontophorus_erythrops","","SP04-ARL_221203_OG46_0175-r0132","PREX",NA,0.47797846,-79.19469459,288,"old-growth forest","old-growth forest",NA,55,"camera_trap","old-growth","Tail.Length",58
"1938","OG46","SP04-ARL_221203_OG46_0175","08:33","08:38","Birds","Odontophorus_erythrops","","SP04-ARL_221203_OG46_0175-r0132","PREX",NA,0.47797846,-79.19469459,288,"old-growth forest","old-growth forest",NA,55,"camera_trap","old-growth","Tarsus.Length",41.6
"1939","OG46","SP04-ARL_221203_OG46_0175","08:33","08:38","Birds","Odontophorus_erythrops","","SP04-ARL_221203_OG46_0175-r0132","PREX",NA,0.47797846,-79.19469459,288,"old-growth forest","old-growth forest",NA,55,"camera_trap","old-growth","Wing.Length",143
"1940","OG46","SP04-ARL_221205_OG46_0176","05:42","05:42","Rodentia","Cuniculus_paca","","SP04-ARL_221205_OG46_0176-r0133","PREX",NA,0.47797846,-79.19469459,288,"old-growth forest","old-growth forest",NA,55,"camera_trap","old-growth","BodyMass",8172.55
"1941","OG46","SP04-ARL_221205_OG46_0176","05:42","05:42","Rodentia","Cuniculus_paca","","SP04-ARL_221205_OG46_0176-r0133","PREX",NA,0.47797846,-79.19469459,288,"old-growth forest","old-growth forest",NA,55,"camera_trap","old-growth","Sex",NA
"1942","OG46","SP04-ARL_221205_OG46_0176","05:42","05:42","Rodentia","Cuniculus_paca","","SP04-ARL_221205_OG46_0176-r0133","PREX",NA,0.47797846,-79.19469459,288,"old-growth forest","old-growth forest",NA,55,"camera_trap","old-growth","acrossincisortipsBreadth",9.00666666666667
"1943","OG46","SP04-ARL_221205_OG46_0176","05:42","05:42","Rodentia","Cuniculus_paca","","SP04-ARL_221205_OG46_0176-r0133","PREX",NA,0.47797846,-79.19469459,288,"old-growth forest","old-growth forest",NA,55,"camera_trap","old-growth","condylobasalLength",129.675
"1944","OG46","SP04-ARL_221205_OG46_0176","05:42","05:42","Rodentia","Cuniculus_paca","","SP04-ARL_221205_OG46_0176-r0133","PREX",NA,0.47797846,-79.19469459,288,"old-growth forest","old-growth forest",NA,55,"camera_trap","old-growth","mandibleDiagonal",65.91
"1945","OG46","SP04-ARL_221205_OG46_0176","05:42","05:42","Rodentia","Cuniculus_paca","","SP04-ARL_221205_OG46_0176-r0133","PREX",NA,0.47797846,-79.19469459,288,"old-growth forest","old-growth forest",NA,55,"camera_trap","old-growth","mandibleLength",66.27
"1946","OG46","SP04-ARL_221205_OG46_0176","05:42","05:42","Rodentia","Cuniculus_paca","","SP04-ARL_221205_OG46_0176-r0133","PREX",NA,0.47797846,-79.19469459,288,"old-growth forest","old-growth forest",NA,55,"camera_trap","old-growth","mandibleWidth",NA
"1947","OG46","SP04-ARL_221205_OG46_0176","05:42","05:42","Rodentia","Cuniculus_paca","","SP04-ARL_221205_OG46_0176-r0133","PREX",NA,0.47797846,-79.19469459,288,"old-growth forest","old-growth forest",NA,55,"camera_trap","old-growth","mandibularcorpusHeight",28.6866666666667
"1948","OG46","SP04-ARL_221205_OG46_0176","05:42","05:42","Rodentia","Cuniculus_paca","","SP04-ARL_221205_OG46_0176-r0133","PREX",NA,0.47797846,-79.19469459,288,"old-growth forest","old-growth forest",NA,55,"camera_trap","old-growth","maxillarytoothrowAlveolarlength",29.035
"1949","OG46","SP04-ARL_221205_OG46_0176","05:42","05:42","Rodentia","Cuniculus_paca","","SP04-ARL_221205_OG46_0176-r0133","PREX",NA,0.47797846,-79.19469459,288,"old-growth forest","old-growth forest",NA,55,"camera_trap","old-growth","rostrumLength",55.72
"1950","OG46","SP04-ARL_221205_OG46_0176","05:42","05:42","Rodentia","Cuniculus_paca","","SP04-ARL_221205_OG46_0176-r0133","PREX",NA,0.47797846,-79.19469459,288,"old-growth forest","old-growth forest",NA,55,"camera_trap","old-growth","zygomaticBreadth",94.45
"1951","OG46","SP04-ARL_221205_OG46_0176","06:02","06:02","Rodentia","Cuniculus_paca","","SP04-ARL_221205_OG46_0176-r0134","PREX",NA,0.47797846,-79.19469459,288,"old-growth forest","old-growth forest",NA,55,"camera_trap","old-growth","BodyMass",8172.55
"1952","OG46","SP04-ARL_221205_OG46_0176","06:02","06:02","Rodentia","Cuniculus_paca","","SP04-ARL_221205_OG46_0176-r0134","PREX",NA,0.47797846,-79.19469459,288,"old-growth forest","old-growth forest",NA,55,"camera_trap","old-growth","Sex",NA
"1953","OG46","SP04-ARL_221205_OG46_0176","06:02","06:02","Rodentia","Cuniculus_paca","","SP04-ARL_221205_OG46_0176-r0134","PREX",NA,0.47797846,-79.19469459,288,"old-growth forest","old-growth forest",NA,55,"camera_trap","old-growth","acrossincisortipsBreadth",9.00666666666667
"1954","OG46","SP04-ARL_221205_OG46_0176","06:02","06:02","Rodentia","Cuniculus_paca","","SP04-ARL_221205_OG46_0176-r0134","PREX",NA,0.47797846,-79.19469459,288,"old-growth forest","old-growth forest",NA,55,"camera_trap","old-growth","condylobasalLength",129.675
"1955","OG46","SP04-ARL_221205_OG46_0176","06:02","06:02","Rodentia","Cuniculus_paca","","SP04-ARL_221205_OG46_0176-r0134","PREX",NA,0.47797846,-79.19469459,288,"old-growth forest","old-growth forest",NA,55,"camera_trap","old-growth","mandibleDiagonal",65.91
"1956","OG46","SP04-ARL_221205_OG46_0176","06:02","06:02","Rodentia","Cuniculus_paca","","SP04-ARL_221205_OG46_0176-r0134","PREX",NA,0.47797846,-79.19469459,288,"old-growth forest","old-growth forest",NA,55,"camera_trap","old-growth","mandibleLength",66.27
"1957","OG46","SP04-ARL_221205_OG46_0176","06:02","06:02","Rodentia","Cuniculus_paca","","SP04-ARL_221205_OG46_0176-r0134","PREX",NA,0.47797846,-79.19469459,288,"old-growth forest","old-growth forest",NA,55,"camera_trap","old-growth","mandibleWidth",NA
"1958","OG46","SP04-ARL_221205_OG46_0176","06:02","06:02","Rodentia","Cuniculus_paca","","SP04-ARL_221205_OG46_0176-r0134","PREX",NA,0.47797846,-79.19469459,288,"old-growth forest","old-growth forest",NA,55,"camera_trap","old-growth","mandibularcorpusHeight",28.6866666666667
"1959","OG46","SP04-ARL_221205_OG46_0176","06:02","06:02","Rodentia","Cuniculus_paca","","SP04-ARL_221205_OG46_0176-r0134","PREX",NA,0.47797846,-79.19469459,288,"old-growth forest","old-growth forest",NA,55,"camera_trap","old-growth","maxillarytoothrowAlveolarlength",29.035
"1960","OG46","SP04-ARL_221205_OG46_0176","06:02","06:02","Rodentia","Cuniculus_paca","","SP04-ARL_221205_OG46_0176-r0134","PREX",NA,0.47797846,-79.19469459,288,"old-growth forest","old-growth forest",NA,55,"camera_trap","old-growth","rostrumLength",55.72
"1961","OG46","SP04-ARL_221205_OG46_0176","06:02","06:02","Rodentia","Cuniculus_paca","","SP04-ARL_221205_OG46_0176-r0134","PREX",NA,0.47797846,-79.19469459,288,"old-growth forest","old-growth forest",NA,55,"camera_trap","old-growth","zygomaticBreadth",94.45
"1962","OG46","SP04-ARL_221205_OG46_0176","06:02","06:02","Rodentia","Cuniculus_paca","","SP04-ARL_221205_OG46_0176-r0135","PREX",NA,0.47797846,-79.19469459,288,"old-growth forest","old-growth forest",NA,55,"camera_trap","old-growth","BodyMass",8172.55
"1963","OG46","SP04-ARL_221205_OG46_0176","06:02","06:02","Rodentia","Cuniculus_paca","","SP04-ARL_221205_OG46_0176-r0135","PREX",NA,0.47797846,-79.19469459,288,"old-growth forest","old-growth forest",NA,55,"camera_trap","old-growth","Sex",NA
"1964","OG46","SP04-ARL_221205_OG46_0176","06:02","06:02","Rodentia","Cuniculus_paca","","SP04-ARL_221205_OG46_0176-r0135","PREX",NA,0.47797846,-79.19469459,288,"old-growth forest","old-growth forest",NA,55,"camera_trap","old-growth","acrossincisortipsBreadth",9.00666666666667
"1965","OG46","SP04-ARL_221205_OG46_0176","06:02","06:02","Rodentia","Cuniculus_paca","","SP04-ARL_221205_OG46_0176-r0135","PREX",NA,0.47797846,-79.19469459,288,"old-growth forest","old-growth forest",NA,55,"camera_trap","old-growth","condylobasalLength",129.675
"1966","OG46","SP04-ARL_221205_OG46_0176","06:02","06:02","Rodentia","Cuniculus_paca","","SP04-ARL_221205_OG46_0176-r0135","PREX",NA,0.47797846,-79.19469459,288,"old-growth forest","old-growth forest",NA,55,"camera_trap","old-growth","mandibleDiagonal",65.91
"1967","OG46","SP04-ARL_221205_OG46_0176","06:02","06:02","Rodentia","Cuniculus_paca","","SP04-ARL_221205_OG46_0176-r0135","PREX",NA,0.47797846,-79.19469459,288,"old-growth forest","old-growth forest",NA,55,"camera_trap","old-growth","mandibleLength",66.27
"1968","OG46","SP04-ARL_221205_OG46_0176","06:02","06:02","Rodentia","Cuniculus_paca","","SP04-ARL_221205_OG46_0176-r0135","PREX",NA,0.47797846,-79.19469459,288,"old-growth forest","old-growth forest",NA,55,"camera_trap","old-growth","mandibleWidth",NA
"1969","OG46","SP04-ARL_221205_OG46_0176","06:02","06:02","Rodentia","Cuniculus_paca","","SP04-ARL_221205_OG46_0176-r0135","PREX",NA,0.47797846,-79.19469459,288,"old-growth forest","old-growth forest",NA,55,"camera_trap","old-growth","mandibularcorpusHeight",28.6866666666667
"1970","OG46","SP04-ARL_221205_OG46_0176","06:02","06:02","Rodentia","Cuniculus_paca","","SP04-ARL_221205_OG46_0176-r0135","PREX",NA,0.47797846,-79.19469459,288,"old-growth forest","old-growth forest",NA,55,"camera_trap","old-growth","maxillarytoothrowAlveolarlength",29.035
"1971","OG46","SP04-ARL_221205_OG46_0176","06:02","06:02","Rodentia","Cuniculus_paca","","SP04-ARL_221205_OG46_0176-r0135","PREX",NA,0.47797846,-79.19469459,288,"old-growth forest","old-growth forest",NA,55,"camera_trap","old-growth","rostrumLength",55.72
"1972","OG46","SP04-ARL_221205_OG46_0176","06:02","06:02","Rodentia","Cuniculus_paca","","SP04-ARL_221205_OG46_0176-r0135","PREX",NA,0.47797846,-79.19469459,288,"old-growth forest","old-growth forest",NA,55,"camera_trap","old-growth","zygomaticBreadth",94.45
"1973","OG47","SP04-ARL_221123_OG47_0162","00:30","00:30","Carnivora","Eira_barbara","","SP04-ARL_221123_OG47_0162-r0123",NA,NA,0.48465799,-79.21398287,355,"old-growth forest","old-growth forest",NA,55,"camera_trap","old-growth","BodyMass",3910.03
"1974","OG47","SP04-ARL_221123_OG47_0162","00:30","00:30","Carnivora","Eira_barbara","","SP04-ARL_221123_OG47_0162-r0123",NA,NA,0.48465799,-79.21398287,355,"old-growth forest","old-growth forest",NA,55,"camera_trap","old-growth","Sex",NA
"1975","OG47","SP04-ARL_221123_OG47_0162","00:30","00:30","Carnivora","Eira_barbara","","SP04-ARL_221123_OG47_0162-r0123",NA,NA,0.48465799,-79.21398287,355,"old-growth forest","old-growth forest",NA,55,"camera_trap","old-growth","acrossincisortipsBreadth",5.114
"1976","OG47","SP04-ARL_221123_OG47_0162","00:30","00:30","Carnivora","Eira_barbara","","SP04-ARL_221123_OG47_0162-r0123",NA,NA,0.48465799,-79.21398287,355,"old-growth forest","old-growth forest",NA,55,"camera_trap","old-growth","condylobasalLength",94.11
"1977","OG47","SP04-ARL_221123_OG47_0162","00:30","00:30","Carnivora","Eira_barbara","","SP04-ARL_221123_OG47_0162-r0123",NA,NA,0.48465799,-79.21398287,355,"old-growth forest","old-growth forest",NA,55,"camera_trap","old-growth","earLength",19.6133333333333
"1978","OG47","SP04-ARL_221123_OG47_0162","00:30","00:30","Carnivora","Eira_barbara","","SP04-ARL_221123_OG47_0162-r0123",NA,NA,0.48465799,-79.21398287,355,"old-growth forest","old-growth forest",NA,55,"camera_trap","old-growth","forefootLength",61.16
"1979","OG47","SP04-ARL_221123_OG47_0162","00:30","00:30","Carnivora","Eira_barbara","","SP04-ARL_221123_OG47_0162-r0123",NA,NA,0.48465799,-79.21398287,355,"old-growth forest","old-growth forest",NA,55,"camera_trap","old-growth","forefootWidth",30.335
"1980","OG47","SP04-ARL_221123_OG47_0162","00:30","00:30","Carnivora","Eira_barbara","","SP04-ARL_221123_OG47_0162-r0123",NA,NA,0.48465799,-79.21398287,355,"old-growth forest","old-growth forest",NA,55,"camera_trap","old-growth","forefootclawLength",13.4275
"1981","OG47","SP04-ARL_221123_OG47_0162","00:30","00:30","Carnivora","Eira_barbara","","SP04-ARL_221123_OG47_0162-r0123",NA,NA,0.48465799,-79.21398287,355,"old-growth forest","old-growth forest",NA,55,"camera_trap","old-growth","headandbodyLength",577.18
"1982","OG47","SP04-ARL_221123_OG47_0162","00:30","00:30","Carnivora","Eira_barbara","","SP04-ARL_221123_OG47_0162-r0123",NA,NA,0.48465799,-79.21398287,355,"old-growth forest","old-growth forest",NA,55,"camera_trap","old-growth","hindfootLength",73.9
"1983","OG47","SP04-ARL_221123_OG47_0162","00:30","00:30","Carnivora","Eira_barbara","","SP04-ARL_221123_OG47_0162-r0123",NA,NA,0.48465799,-79.21398287,355,"old-growth forest","old-growth forest",NA,55,"camera_trap","old-growth","hindfootWidth",27.9725
"1984","OG47","SP04-ARL_221123_OG47_0162","00:30","00:30","Carnivora","Eira_barbara","","SP04-ARL_221123_OG47_0162-r0123",NA,NA,0.48465799,-79.21398287,355,"old-growth forest","old-growth forest",NA,55,"camera_trap","old-growth","mandibleDiagonal",59.18
"1985","OG47","SP04-ARL_221123_OG47_0162","00:30","00:30","Carnivora","Eira_barbara","","SP04-ARL_221123_OG47_0162-r0123",NA,NA,0.48465799,-79.21398287,355,"old-growth forest","old-growth forest",NA,55,"camera_trap","old-growth","mandibleLength",55.17
"1986","OG47","SP04-ARL_221123_OG47_0162","00:30","00:30","Carnivora","Eira_barbara","","SP04-ARL_221123_OG47_0162-r0123",NA,NA,0.48465799,-79.21398287,355,"old-growth forest","old-growth forest",NA,55,"camera_trap","old-growth","mandibleWidth",44.32
"1987","OG47","SP04-ARL_221123_OG47_0162","00:30","00:30","Carnivora","Eira_barbara","","SP04-ARL_221123_OG47_0162-r0123",NA,NA,0.48465799,-79.21398287,355,"old-growth forest","old-growth forest",NA,55,"camera_trap","old-growth","mandibularcorpusHeight",18.605
"1988","OG47","SP04-ARL_221123_OG47_0162","00:30","00:30","Carnivora","Eira_barbara","","SP04-ARL_221123_OG47_0162-r0123",NA,NA,0.48465799,-79.21398287,355,"old-growth forest","old-growth forest",NA,55,"camera_trap","old-growth","maxillarytoothrowAlveolarlength",22.906
"1989","OG47","SP04-ARL_221123_OG47_0162","00:30","00:30","Carnivora","Eira_barbara","","SP04-ARL_221123_OG47_0162-r0123",NA,NA,0.48465799,-79.21398287,355,"old-growth forest","old-growth forest",NA,55,"camera_trap","old-growth","rostrumLength",32.744
"1990","OG47","SP04-ARL_221123_OG47_0162","00:30","00:30","Carnivora","Eira_barbara","","SP04-ARL_221123_OG47_0162-r0123",NA,NA,0.48465799,-79.21398287,355,"old-growth forest","old-growth forest",NA,55,"camera_trap","old-growth","tailLength",250.825
"1991","OG47","SP04-ARL_221123_OG47_0162","00:30","00:30","Carnivora","Eira_barbara","","SP04-ARL_221123_OG47_0162-r0123",NA,NA,0.48465799,-79.21398287,355,"old-growth forest","old-growth forest",NA,55,"camera_trap","old-growth","vibrissaeLength",23.7166666666667
"1992","OG47","SP04-ARL_221123_OG47_0162","00:30","00:30","Carnivora","Eira_barbara","","SP04-ARL_221123_OG47_0162-r0123",NA,NA,0.48465799,-79.21398287,355,"old-growth forest","old-growth forest",NA,55,"camera_trap","old-growth","zygomaticBreadth",61.366
"1993","OG47","SP04-ARL_221125_OG47_0164","19:04","19:04","Rodentia","Dasyprocta_punctata","","SP04-ARL_221125_OG47_0164-r0124",NA,NA,0.48465799,-79.21398287,355,"old-growth forest","old-growth forest",NA,55,"camera_trap","old-growth","BodyMass",2674.98
"1994","OG47","SP04-ARL_221125_OG47_0164","19:04","19:04","Rodentia","Dasyprocta_punctata","","SP04-ARL_221125_OG47_0164-r0124",NA,NA,0.48465799,-79.21398287,355,"old-growth forest","old-growth forest",NA,55,"camera_trap","old-growth","Sex",NA
"1995","OG47","SP04-ARL_221125_OG47_0164","19:04","19:04","Rodentia","Dasyprocta_punctata","","SP04-ARL_221125_OG47_0164-r0124",NA,NA,0.48465799,-79.21398287,355,"old-growth forest","old-growth forest",NA,55,"camera_trap","old-growth","acrossincisortipsBreadth",8.504
"1996","OG47","SP04-ARL_221125_OG47_0164","19:04","19:04","Rodentia","Dasyprocta_punctata","","SP04-ARL_221125_OG47_0164-r0124",NA,NA,0.48465799,-79.21398287,355,"old-growth forest","old-growth forest",NA,55,"camera_trap","old-growth","condylobasalLength",75.74
"1997","OG47","SP04-ARL_221125_OG47_0164","19:04","19:04","Rodentia","Dasyprocta_punctata","","SP04-ARL_221125_OG47_0164-r0124",NA,NA,0.48465799,-79.21398287,355,"old-growth forest","old-growth forest",NA,55,"camera_trap","old-growth","earLength",28.585
"1998","OG47","SP04-ARL_221125_OG47_0164","19:04","19:04","Rodentia","Dasyprocta_punctata","","SP04-ARL_221125_OG47_0164-r0124",NA,NA,0.48465799,-79.21398287,355,"old-growth forest","old-growth forest",NA,55,"camera_trap","old-growth","forefootLength",49.595
"1999","OG47","SP04-ARL_221125_OG47_0164","19:04","19:04","Rodentia","Dasyprocta_punctata","","SP04-ARL_221125_OG47_0164-r0124",NA,NA,0.48465799,-79.21398287,355,"old-growth forest","old-growth forest",NA,55,"camera_trap","old-growth","forefootWidth",19.78
"2000","OG47","SP04-ARL_221125_OG47_0164","19:04","19:04","Rodentia","Dasyprocta_punctata","","SP04-ARL_221125_OG47_0164-r0124",NA,NA,0.48465799,-79.21398287,355,"old-growth forest","old-growth forest",NA,55,"camera_trap","old-growth","forefootclawLength",16.905
"2001","OG47","SP04-ARL_221125_OG47_0164","19:04","19:04","Rodentia","Dasyprocta_punctata","","SP04-ARL_221125_OG47_0164-r0124",NA,NA,0.48465799,-79.21398287,355,"old-growth forest","old-growth forest",NA,55,"camera_trap","old-growth","headandbodyLength",554.18
"2002","OG47","SP04-ARL_221125_OG47_0164","19:04","19:04","Rodentia","Dasyprocta_punctata","","SP04-ARL_221125_OG47_0164-r0124",NA,NA,0.48465799,-79.21398287,355,"old-growth forest","old-growth forest",NA,55,"camera_trap","old-growth","hindfootLength",103.92
"2003","OG47","SP04-ARL_221125_OG47_0164","19:04","19:04","Rodentia","Dasyprocta_punctata","","SP04-ARL_221125_OG47_0164-r0124",NA,NA,0.48465799,-79.21398287,355,"old-growth forest","old-growth forest",NA,55,"camera_trap","old-growth","hindfootWidth",19.56
"2004","OG47","SP04-ARL_221125_OG47_0164","19:04","19:04","Rodentia","Dasyprocta_punctata","","SP04-ARL_221125_OG47_0164-r0124",NA,NA,0.48465799,-79.21398287,355,"old-growth forest","old-growth forest",NA,55,"camera_trap","old-growth","mandibleDiagonal",43.53
"2005","OG47","SP04-ARL_221125_OG47_0164","19:04","19:04","Rodentia","Dasyprocta_punctata","","SP04-ARL_221125_OG47_0164-r0124",NA,NA,0.48465799,-79.21398287,355,"old-growth forest","old-growth forest",NA,55,"camera_trap","old-growth","mandibleLength",41.0966666666667
"2006","OG47","SP04-ARL_221125_OG47_0164","19:04","19:04","Rodentia","Dasyprocta_punctata","","SP04-ARL_221125_OG47_0164-r0124",NA,NA,0.48465799,-79.21398287,355,"old-growth forest","old-growth forest",NA,55,"camera_trap","old-growth","mandibleWidth",37.215
"2007","OG47","SP04-ARL_221125_OG47_0164","19:04","19:04","Rodentia","Dasyprocta_punctata","","SP04-ARL_221125_OG47_0164-r0124",NA,NA,0.48465799,-79.21398287,355,"old-growth forest","old-growth forest",NA,55,"camera_trap","old-growth","mandibularcorpusHeight",15.5533333333333
"2008","OG47","SP04-ARL_221125_OG47_0164","19:04","19:04","Rodentia","Dasyprocta_punctata","","SP04-ARL_221125_OG47_0164-r0124",NA,NA,0.48465799,-79.21398287,355,"old-growth forest","old-growth forest",NA,55,"camera_trap","old-growth","maxillarytoothrowAlveolarlength",18.02
"2009","OG47","SP04-ARL_221125_OG47_0164","19:04","19:04","Rodentia","Dasyprocta_punctata","","SP04-ARL_221125_OG47_0164-r0124",NA,NA,0.48465799,-79.21398287,355,"old-growth forest","old-growth forest",NA,55,"camera_trap","old-growth","rostrumLength",38.132
"2010","OG47","SP04-ARL_221125_OG47_0164","19:04","19:04","Rodentia","Dasyprocta_punctata","","SP04-ARL_221125_OG47_0164-r0124",NA,NA,0.48465799,-79.21398287,355,"old-growth forest","old-growth forest",NA,55,"camera_trap","old-growth","tailLength",15.515
"2011","OG47","SP04-ARL_221125_OG47_0164","19:04","19:04","Rodentia","Dasyprocta_punctata","","SP04-ARL_221125_OG47_0164-r0124",NA,NA,0.48465799,-79.21398287,355,"old-growth forest","old-growth forest",NA,55,"camera_trap","old-growth","vibrissaeLength",79.02
"2012","OG47","SP04-ARL_221125_OG47_0164","19:04","19:04","Rodentia","Dasyprocta_punctata","","SP04-ARL_221125_OG47_0164-r0124",NA,NA,0.48465799,-79.21398287,355,"old-growth forest","old-growth forest",NA,55,"camera_trap","old-growth","zygomaticBreadth",47.4975
"2013","OG47","SP04-ARL_221128_OG47_0167","22:35","22:35","Birds","Crypturellus_cinereus","","SP04-ARL_221128_OG47_0167-r0125",NA,NA,0.48465799,-79.21398287,355,"old-growth forest","old-growth forest",NA,55,"camera_trap","old-growth","Age",NA
"2014","OG47","SP04-ARL_221128_OG47_0167","22:35","22:35","Birds","Crypturellus_cinereus","","SP04-ARL_221128_OG47_0167-r0125",NA,NA,0.48465799,-79.21398287,355,"old-growth forest","old-growth forest",NA,55,"camera_trap","old-growth","Beak.Depth",5.44
"2015","OG47","SP04-ARL_221128_OG47_0167","22:35","22:35","Birds","Crypturellus_cinereus","","SP04-ARL_221128_OG47_0167-r0125",NA,NA,0.48465799,-79.21398287,355,"old-growth forest","old-growth forest",NA,55,"camera_trap","old-growth","Beak.Length_Culmen",30.9625
"2016","OG47","SP04-ARL_221128_OG47_0167","22:35","22:35","Birds","Crypturellus_cinereus","","SP04-ARL_221128_OG47_0167-r0125",NA,NA,0.48465799,-79.21398287,355,"old-growth forest","old-growth forest",NA,55,"camera_trap","old-growth","Beak.Length_Nares",10.45
"2017","OG47","SP04-ARL_221128_OG47_0167","22:35","22:35","Birds","Crypturellus_cinereus","","SP04-ARL_221128_OG47_0167-r0125",NA,NA,0.48465799,-79.21398287,355,"old-growth forest","old-growth forest",NA,55,"camera_trap","old-growth","Beak.Width",5.15
"2018","OG47","SP04-ARL_221128_OG47_0167","22:35","22:35","Birds","Crypturellus_cinereus","","SP04-ARL_221128_OG47_0167-r0125",NA,NA,0.48465799,-79.21398287,355,"old-growth forest","old-growth forest",NA,55,"camera_trap","old-growth","BodyMass",506.6
"2019","OG47","SP04-ARL_221128_OG47_0167","22:35","22:35","Birds","Crypturellus_cinereus","","SP04-ARL_221128_OG47_0167-r0125",NA,NA,0.48465799,-79.21398287,355,"old-growth forest","old-growth forest",NA,55,"camera_trap","old-growth","Hand.wing.Index",18.6714285714286
"2020","OG47","SP04-ARL_221128_OG47_0167","22:35","22:35","Birds","Crypturellus_cinereus","","SP04-ARL_221128_OG47_0167-r0125",NA,NA,0.48465799,-79.21398287,355,"old-growth forest","old-growth forest",NA,55,"camera_trap","old-growth","Kipps.Distance",30.1
"2021","OG47","SP04-ARL_221128_OG47_0167","22:35","22:35","Birds","Crypturellus_cinereus","","SP04-ARL_221128_OG47_0167-r0125",NA,NA,0.48465799,-79.21398287,355,"old-growth forest","old-growth forest",NA,55,"camera_trap","old-growth","Secondary1",132.042857142857
"2022","OG47","SP04-ARL_221128_OG47_0167","22:35","22:35","Birds","Crypturellus_cinereus","","SP04-ARL_221128_OG47_0167-r0125",NA,NA,0.48465799,-79.21398287,355,"old-growth forest","old-growth forest",NA,55,"camera_trap","old-growth","Sex",NA
"2023","OG47","SP04-ARL_221128_OG47_0167","22:35","22:35","Birds","Crypturellus_cinereus","","SP04-ARL_221128_OG47_0167-r0125",NA,NA,0.48465799,-79.21398287,355,"old-growth forest","old-growth forest",NA,55,"camera_trap","old-growth","Tail.Length",55.8571428571429
"2024","OG47","SP04-ARL_221128_OG47_0167","22:35","22:35","Birds","Crypturellus_cinereus","","SP04-ARL_221128_OG47_0167-r0125",NA,NA,0.48465799,-79.21398287,355,"old-growth forest","old-growth forest",NA,55,"camera_trap","old-growth","Tarsus.Length",49.8
"2025","OG47","SP04-ARL_221128_OG47_0167","22:35","22:35","Birds","Crypturellus_cinereus","","SP04-ARL_221128_OG47_0167-r0125",NA,NA,0.48465799,-79.21398287,355,"old-growth forest","old-growth forest",NA,55,"camera_trap","old-growth","Wing.Length",162.375
"2026","OG47","SP04-ARL_221129_OG47_0168","10:46","10:50","Rodentia","Dasyprocta_punctata","","SP04-ARL_221129_OG47_0168-r0126",NA,NA,0.48465799,-79.21398287,355,"old-growth forest","old-growth forest",NA,55,"camera_trap","old-growth","BodyMass",2674.98
"2027","OG47","SP04-ARL_221129_OG47_0168","10:46","10:50","Rodentia","Dasyprocta_punctata","","SP04-ARL_221129_OG47_0168-r0126",NA,NA,0.48465799,-79.21398287,355,"old-growth forest","old-growth forest",NA,55,"camera_trap","old-growth","Sex",NA
"2028","OG47","SP04-ARL_221129_OG47_0168","10:46","10:50","Rodentia","Dasyprocta_punctata","","SP04-ARL_221129_OG47_0168-r0126",NA,NA,0.48465799,-79.21398287,355,"old-growth forest","old-growth forest",NA,55,"camera_trap","old-growth","acrossincisortipsBreadth",8.504
"2029","OG47","SP04-ARL_221129_OG47_0168","10:46","10:50","Rodentia","Dasyprocta_punctata","","SP04-ARL_221129_OG47_0168-r0126",NA,NA,0.48465799,-79.21398287,355,"old-growth forest","old-growth forest",NA,55,"camera_trap","old-growth","condylobasalLength",75.74
"2030","OG47","SP04-ARL_221129_OG47_0168","10:46","10:50","Rodentia","Dasyprocta_punctata","","SP04-ARL_221129_OG47_0168-r0126",NA,NA,0.48465799,-79.21398287,355,"old-growth forest","old-growth forest",NA,55,"camera_trap","old-growth","earLength",28.585
"2031","OG47","SP04-ARL_221129_OG47_0168","10:46","10:50","Rodentia","Dasyprocta_punctata","","SP04-ARL_221129_OG47_0168-r0126",NA,NA,0.48465799,-79.21398287,355,"old-growth forest","old-growth forest",NA,55,"camera_trap","old-growth","forefootLength",49.595
"2032","OG47","SP04-ARL_221129_OG47_0168","10:46","10:50","Rodentia","Dasyprocta_punctata","","SP04-ARL_221129_OG47_0168-r0126",NA,NA,0.48465799,-79.21398287,355,"old-growth forest","old-growth forest",NA,55,"camera_trap","old-growth","forefootWidth",19.78
"2033","OG47","SP04-ARL_221129_OG47_0168","10:46","10:50","Rodentia","Dasyprocta_punctata","","SP04-ARL_221129_OG47_0168-r0126",NA,NA,0.48465799,-79.21398287,355,"old-growth forest","old-growth forest",NA,55,"camera_trap","old-growth","forefootclawLength",16.905
"2034","OG47","SP04-ARL_221129_OG47_0168","10:46","10:50","Rodentia","Dasyprocta_punctata","","SP04-ARL_221129_OG47_0168-r0126",NA,NA,0.48465799,-79.21398287,355,"old-growth forest","old-growth forest",NA,55,"camera_trap","old-growth","headandbodyLength",554.18
"2035","OG47","SP04-ARL_221129_OG47_0168","10:46","10:50","Rodentia","Dasyprocta_punctata","","SP04-ARL_221129_OG47_0168-r0126",NA,NA,0.48465799,-79.21398287,355,"old-growth forest","old-growth forest",NA,55,"camera_trap","old-growth","hindfootLength",103.92
"2036","OG47","SP04-ARL_221129_OG47_0168","10:46","10:50","Rodentia","Dasyprocta_punctata","","SP04-ARL_221129_OG47_0168-r0126",NA,NA,0.48465799,-79.21398287,355,"old-growth forest","old-growth forest",NA,55,"camera_trap","old-growth","hindfootWidth",19.56
"2037","OG47","SP04-ARL_221129_OG47_0168","10:46","10:50","Rodentia","Dasyprocta_punctata","","SP04-ARL_221129_OG47_0168-r0126",NA,NA,0.48465799,-79.21398287,355,"old-growth forest","old-growth forest",NA,55,"camera_trap","old-growth","mandibleDiagonal",43.53
"2038","OG47","SP04-ARL_221129_OG47_0168","10:46","10:50","Rodentia","Dasyprocta_punctata","","SP04-ARL_221129_OG47_0168-r0126",NA,NA,0.48465799,-79.21398287,355,"old-growth forest","old-growth forest",NA,55,"camera_trap","old-growth","mandibleLength",41.0966666666667
"2039","OG47","SP04-ARL_221129_OG47_0168","10:46","10:50","Rodentia","Dasyprocta_punctata","","SP04-ARL_221129_OG47_0168-r0126",NA,NA,0.48465799,-79.21398287,355,"old-growth forest","old-growth forest",NA,55,"camera_trap","old-growth","mandibleWidth",37.215
"2040","OG47","SP04-ARL_221129_OG47_0168","10:46","10:50","Rodentia","Dasyprocta_punctata","","SP04-ARL_221129_OG47_0168-r0126",NA,NA,0.48465799,-79.21398287,355,"old-growth forest","old-growth forest",NA,55,"camera_trap","old-growth","mandibularcorpusHeight",15.5533333333333
"2041","OG47","SP04-ARL_221129_OG47_0168","10:46","10:50","Rodentia","Dasyprocta_punctata","","SP04-ARL_221129_OG47_0168-r0126",NA,NA,0.48465799,-79.21398287,355,"old-growth forest","old-growth forest",NA,55,"camera_trap","old-growth","maxillarytoothrowAlveolarlength",18.02
"2042","OG47","SP04-ARL_221129_OG47_0168","10:46","10:50","Rodentia","Dasyprocta_punctata","","SP04-ARL_221129_OG47_0168-r0126",NA,NA,0.48465799,-79.21398287,355,"old-growth forest","old-growth forest",NA,55,"camera_trap","old-growth","rostrumLength",38.132
"2043","OG47","SP04-ARL_221129_OG47_0168","10:46","10:50","Rodentia","Dasyprocta_punctata","","SP04-ARL_221129_OG47_0168-r0126",NA,NA,0.48465799,-79.21398287,355,"old-growth forest","old-growth forest",NA,55,"camera_trap","old-growth","tailLength",15.515
"2044","OG47","SP04-ARL_221129_OG47_0168","10:46","10:50","Rodentia","Dasyprocta_punctata","","SP04-ARL_221129_OG47_0168-r0126",NA,NA,0.48465799,-79.21398287,355,"old-growth forest","old-growth forest",NA,55,"camera_trap","old-growth","vibrissaeLength",79.02
"2045","OG47","SP04-ARL_221129_OG47_0168","10:46","10:50","Rodentia","Dasyprocta_punctata","","SP04-ARL_221129_OG47_0168-r0126",NA,NA,0.48465799,-79.21398287,355,"old-growth forest","old-growth forest",NA,55,"camera_trap","old-growth","zygomaticBreadth",47.4975
"2046","OG47","SP04-ARL_221124_OG47_0163","02:03","02:03","Rodentia","Heteromys_australis","","SP04-ARL_221124_OG47_0163-r0127",NA,NA,0.48465799,-79.21398287,355,"old-growth forest","old-growth forest",NA,55,"camera_trap","old-growth","BodyMass",267.5
"2047","OG47","SP04-ARL_221124_OG47_0163","02:03","02:03","Rodentia","Heteromys_australis","","SP04-ARL_221124_OG47_0163-r0127",NA,NA,0.48465799,-79.21398287,355,"old-growth forest","old-growth forest",NA,55,"camera_trap","old-growth","Sex",NA
"2048","OG47","SP04-ARL_221124_OG47_0163","02:03","02:03","Rodentia","Heteromys_australis","","SP04-ARL_221124_OG47_0163-r0127",NA,NA,0.48465799,-79.21398287,355,"old-growth forest","old-growth forest",NA,55,"camera_trap","old-growth","acrossincisortipsBreadth",2.47142857142857
"2049","OG47","SP04-ARL_221124_OG47_0163","02:03","02:03","Rodentia","Heteromys_australis","","SP04-ARL_221124_OG47_0163-r0127",NA,NA,0.48465799,-79.21398287,355,"old-growth forest","old-growth forest",NA,55,"camera_trap","old-growth","condylobasalLength",27.8885714285714
"2050","OG47","SP04-ARL_221124_OG47_0163","02:03","02:03","Rodentia","Heteromys_australis","","SP04-ARL_221124_OG47_0163-r0127",NA,NA,0.48465799,-79.21398287,355,"old-growth forest","old-growth forest",NA,55,"camera_trap","old-growth","earLength",14.48
"2051","OG47","SP04-ARL_221124_OG47_0163","02:03","02:03","Rodentia","Heteromys_australis","","SP04-ARL_221124_OG47_0163-r0127",NA,NA,0.48465799,-79.21398287,355,"old-growth forest","old-growth forest",NA,55,"camera_trap","old-growth","forefootLength",9.59
"2052","OG47","SP04-ARL_221124_OG47_0163","02:03","02:03","Rodentia","Heteromys_australis","","SP04-ARL_221124_OG47_0163-r0127",NA,NA,0.48465799,-79.21398287,355,"old-growth forest","old-growth forest",NA,55,"camera_trap","old-growth","forefootWidth",4.752
"2053","OG47","SP04-ARL_221124_OG47_0163","02:03","02:03","Rodentia","Heteromys_australis","","SP04-ARL_221124_OG47_0163-r0127",NA,NA,0.48465799,-79.21398287,355,"old-growth forest","old-growth forest",NA,55,"camera_trap","old-growth","forefootclawLength",2.154
"2054","OG47","SP04-ARL_221124_OG47_0163","02:03","02:03","Rodentia","Heteromys_australis","","SP04-ARL_221124_OG47_0163-r0127",NA,NA,0.48465799,-79.21398287,355,"old-growth forest","old-growth forest",NA,55,"camera_trap","old-growth","headandbodyLength",86.534
"2055","OG47","SP04-ARL_221124_OG47_0163","02:03","02:03","Rodentia","Heteromys_australis","","SP04-ARL_221124_OG47_0163-r0127",NA,NA,0.48465799,-79.21398287,355,"old-growth forest","old-growth forest",NA,55,"camera_trap","old-growth","hindfootLength",24.968
"2056","OG47","SP04-ARL_221124_OG47_0163","02:03","02:03","Rodentia","Heteromys_australis","","SP04-ARL_221124_OG47_0163-r0127",NA,NA,0.48465799,-79.21398287,355,"old-growth forest","old-growth forest",NA,55,"camera_trap","old-growth","hindfootWidth",5.532
"2057","OG47","SP04-ARL_221124_OG47_0163","02:03","02:03","Rodentia","Heteromys_australis","","SP04-ARL_221124_OG47_0163-r0127",NA,NA,0.48465799,-79.21398287,355,"old-growth forest","old-growth forest",NA,55,"camera_trap","old-growth","mandibleDiagonal",13.1585714285714
"2058","OG47","SP04-ARL_221124_OG47_0163","02:03","02:03","Rodentia","Heteromys_australis","","SP04-ARL_221124_OG47_0163-r0127",NA,NA,0.48465799,-79.21398287,355,"old-growth forest","old-growth forest",NA,55,"camera_trap","old-growth","mandibleLength",11.8242857142857
"2059","OG47","SP04-ARL_221124_OG47_0163","02:03","02:03","Rodentia","Heteromys_australis","","SP04-ARL_221124_OG47_0163-r0127",NA,NA,0.48465799,-79.21398287,355,"old-growth forest","old-growth forest",NA,55,"camera_trap","old-growth","mandibleWidth",12.1716666666667
"2060","OG47","SP04-ARL_221124_OG47_0163","02:03","02:03","Rodentia","Heteromys_australis","","SP04-ARL_221124_OG47_0163-r0127",NA,NA,0.48465799,-79.21398287,355,"old-growth forest","old-growth forest",NA,55,"camera_trap","old-growth","mandibularcorpusHeight",5.44428571428571
"2061","OG47","SP04-ARL_221124_OG47_0163","02:03","02:03","Rodentia","Heteromys_australis","","SP04-ARL_221124_OG47_0163-r0127",NA,NA,0.48465799,-79.21398287,355,"old-growth forest","old-growth forest",NA,55,"camera_trap","old-growth","maxillarytoothrowAlveolarlength",4.90285714285714
"2062","OG47","SP04-ARL_221124_OG47_0163","02:03","02:03","Rodentia","Heteromys_australis","","SP04-ARL_221124_OG47_0163-r0127",NA,NA,0.48465799,-79.21398287,355,"old-growth forest","old-growth forest",NA,55,"camera_trap","old-growth","rostrumLength",12.7657142857143
"2063","OG47","SP04-ARL_221124_OG47_0163","02:03","02:03","Rodentia","Heteromys_australis","","SP04-ARL_221124_OG47_0163-r0127",NA,NA,0.48465799,-79.21398287,355,"old-growth forest","old-growth forest",NA,55,"camera_trap","old-growth","tailLength",84.278
"2064","OG47","SP04-ARL_221124_OG47_0163","02:03","02:03","Rodentia","Heteromys_australis","","SP04-ARL_221124_OG47_0163-r0127",NA,NA,0.48465799,-79.21398287,355,"old-growth forest","old-growth forest",NA,55,"camera_trap","old-growth","vibrissaeLength",32.712
"2065","OG47","SP04-ARL_221124_OG47_0163","02:03","02:03","Rodentia","Heteromys_australis","","SP04-ARL_221124_OG47_0163-r0127",NA,NA,0.48465799,-79.21398287,355,"old-growth forest","old-growth forest",NA,55,"camera_trap","old-growth","zygomaticBreadth",15.41
"2066","OG47","SP04-ARL_221126_OG47_0165","04:27","04:27","Rodentia","Heteromys_australis","","SP04-ARL_221126_OG47_0165-r0128",NA,NA,0.48465799,-79.21398287,355,"old-growth forest","old-growth forest",NA,55,"camera_trap","old-growth","BodyMass",267.5
"2067","OG47","SP04-ARL_221126_OG47_0165","04:27","04:27","Rodentia","Heteromys_australis","","SP04-ARL_221126_OG47_0165-r0128",NA,NA,0.48465799,-79.21398287,355,"old-growth forest","old-growth forest",NA,55,"camera_trap","old-growth","Sex",NA
"2068","OG47","SP04-ARL_221126_OG47_0165","04:27","04:27","Rodentia","Heteromys_australis","","SP04-ARL_221126_OG47_0165-r0128",NA,NA,0.48465799,-79.21398287,355,"old-growth forest","old-growth forest",NA,55,"camera_trap","old-growth","acrossincisortipsBreadth",2.47142857142857
"2069","OG47","SP04-ARL_221126_OG47_0165","04:27","04:27","Rodentia","Heteromys_australis","","SP04-ARL_221126_OG47_0165-r0128",NA,NA,0.48465799,-79.21398287,355,"old-growth forest","old-growth forest",NA,55,"camera_trap","old-growth","condylobasalLength",27.8885714285714
"2070","OG47","SP04-ARL_221126_OG47_0165","04:27","04:27","Rodentia","Heteromys_australis","","SP04-ARL_221126_OG47_0165-r0128",NA,NA,0.48465799,-79.21398287,355,"old-growth forest","old-growth forest",NA,55,"camera_trap","old-growth","earLength",14.48
"2071","OG47","SP04-ARL_221126_OG47_0165","04:27","04:27","Rodentia","Heteromys_australis","","SP04-ARL_221126_OG47_0165-r0128",NA,NA,0.48465799,-79.21398287,355,"old-growth forest","old-growth forest",NA,55,"camera_trap","old-growth","forefootLength",9.59
"2072","OG47","SP04-ARL_221126_OG47_0165","04:27","04:27","Rodentia","Heteromys_australis","","SP04-ARL_221126_OG47_0165-r0128",NA,NA,0.48465799,-79.21398287,355,"old-growth forest","old-growth forest",NA,55,"camera_trap","old-growth","forefootWidth",4.752
"2073","OG47","SP04-ARL_221126_OG47_0165","04:27","04:27","Rodentia","Heteromys_australis","","SP04-ARL_221126_OG47_0165-r0128",NA,NA,0.48465799,-79.21398287,355,"old-growth forest","old-growth forest",NA,55,"camera_trap","old-growth","forefootclawLength",2.154
"2074","OG47","SP04-ARL_221126_OG47_0165","04:27","04:27","Rodentia","Heteromys_australis","","SP04-ARL_221126_OG47_0165-r0128",NA,NA,0.48465799,-79.21398287,355,"old-growth forest","old-growth forest",NA,55,"camera_trap","old-growth","headandbodyLength",86.534
"2075","OG47","SP04-ARL_221126_OG47_0165","04:27","04:27","Rodentia","Heteromys_australis","","SP04-ARL_221126_OG47_0165-r0128",NA,NA,0.48465799,-79.21398287,355,"old-growth forest","old-growth forest",NA,55,"camera_trap","old-growth","hindfootLength",24.968
"2076","OG47","SP04-ARL_221126_OG47_0165","04:27","04:27","Rodentia","Heteromys_australis","","SP04-ARL_221126_OG47_0165-r0128",NA,NA,0.48465799,-79.21398287,355,"old-growth forest","old-growth forest",NA,55,"camera_trap","old-growth","hindfootWidth",5.532
"2077","OG47","SP04-ARL_221126_OG47_0165","04:27","04:27","Rodentia","Heteromys_australis","","SP04-ARL_221126_OG47_0165-r0128",NA,NA,0.48465799,-79.21398287,355,"old-growth forest","old-growth forest",NA,55,"camera_trap","old-growth","mandibleDiagonal",13.1585714285714
"2078","OG47","SP04-ARL_221126_OG47_0165","04:27","04:27","Rodentia","Heteromys_australis","","SP04-ARL_221126_OG47_0165-r0128",NA,NA,0.48465799,-79.21398287,355,"old-growth forest","old-growth forest",NA,55,"camera_trap","old-growth","mandibleLength",11.8242857142857
"2079","OG47","SP04-ARL_221126_OG47_0165","04:27","04:27","Rodentia","Heteromys_australis","","SP04-ARL_221126_OG47_0165-r0128",NA,NA,0.48465799,-79.21398287,355,"old-growth forest","old-growth forest",NA,55,"camera_trap","old-growth","mandibleWidth",12.1716666666667
"2080","OG47","SP04-ARL_221126_OG47_0165","04:27","04:27","Rodentia","Heteromys_australis","","SP04-ARL_221126_OG47_0165-r0128",NA,NA,0.48465799,-79.21398287,355,"old-growth forest","old-growth forest",NA,55,"camera_trap","old-growth","mandibularcorpusHeight",5.44428571428571
"2081","OG47","SP04-ARL_221126_OG47_0165","04:27","04:27","Rodentia","Heteromys_australis","","SP04-ARL_221126_OG47_0165-r0128",NA,NA,0.48465799,-79.21398287,355,"old-growth forest","old-growth forest",NA,55,"camera_trap","old-growth","maxillarytoothrowAlveolarlength",4.90285714285714
"2082","OG47","SP04-ARL_221126_OG47_0165","04:27","04:27","Rodentia","Heteromys_australis","","SP04-ARL_221126_OG47_0165-r0128",NA,NA,0.48465799,-79.21398287,355,"old-growth forest","old-growth forest",NA,55,"camera_trap","old-growth","rostrumLength",12.7657142857143
"2083","OG47","SP04-ARL_221126_OG47_0165","04:27","04:27","Rodentia","Heteromys_australis","","SP04-ARL_221126_OG47_0165-r0128",NA,NA,0.48465799,-79.21398287,355,"old-growth forest","old-growth forest",NA,55,"camera_trap","old-growth","tailLength",84.278
"2084","OG47","SP04-ARL_221126_OG47_0165","04:27","04:27","Rodentia","Heteromys_australis","","SP04-ARL_221126_OG47_0165-r0128",NA,NA,0.48465799,-79.21398287,355,"old-growth forest","old-growth forest",NA,55,"camera_trap","old-growth","vibrissaeLength",32.712
"2085","OG47","SP04-ARL_221126_OG47_0165","04:27","04:27","Rodentia","Heteromys_australis","","SP04-ARL_221126_OG47_0165-r0128",NA,NA,0.48465799,-79.21398287,355,"old-growth forest","old-growth forest",NA,55,"camera_trap","old-growth","zygomaticBreadth",15.41
"2086","OG47","SP04-ARL_221127_OG47_0166","14:24","14:24","Rodentia","Dasyprocta_punctata","","SP04-ARL_221127_OG47_0166-r0129",NA,NA,0.48465799,-79.21398287,355,"old-growth forest","old-growth forest",NA,55,"camera_trap","old-growth","BodyMass",2674.98
"2087","OG47","SP04-ARL_221127_OG47_0166","14:24","14:24","Rodentia","Dasyprocta_punctata","","SP04-ARL_221127_OG47_0166-r0129",NA,NA,0.48465799,-79.21398287,355,"old-growth forest","old-growth forest",NA,55,"camera_trap","old-growth","Sex",NA
"2088","OG47","SP04-ARL_221127_OG47_0166","14:24","14:24","Rodentia","Dasyprocta_punctata","","SP04-ARL_221127_OG47_0166-r0129",NA,NA,0.48465799,-79.21398287,355,"old-growth forest","old-growth forest",NA,55,"camera_trap","old-growth","acrossincisortipsBreadth",8.504
"2089","OG47","SP04-ARL_221127_OG47_0166","14:24","14:24","Rodentia","Dasyprocta_punctata","","SP04-ARL_221127_OG47_0166-r0129",NA,NA,0.48465799,-79.21398287,355,"old-growth forest","old-growth forest",NA,55,"camera_trap","old-growth","condylobasalLength",75.74
"2090","OG47","SP04-ARL_221127_OG47_0166","14:24","14:24","Rodentia","Dasyprocta_punctata","","SP04-ARL_221127_OG47_0166-r0129",NA,NA,0.48465799,-79.21398287,355,"old-growth forest","old-growth forest",NA,55,"camera_trap","old-growth","earLength",28.585
"2091","OG47","SP04-ARL_221127_OG47_0166","14:24","14:24","Rodentia","Dasyprocta_punctata","","SP04-ARL_221127_OG47_0166-r0129",NA,NA,0.48465799,-79.21398287,355,"old-growth forest","old-growth forest",NA,55,"camera_trap","old-growth","forefootLength",49.595
"2092","OG47","SP04-ARL_221127_OG47_0166","14:24","14:24","Rodentia","Dasyprocta_punctata","","SP04-ARL_221127_OG47_0166-r0129",NA,NA,0.48465799,-79.21398287,355,"old-growth forest","old-growth forest",NA,55,"camera_trap","old-growth","forefootWidth",19.78
"2093","OG47","SP04-ARL_221127_OG47_0166","14:24","14:24","Rodentia","Dasyprocta_punctata","","SP04-ARL_221127_OG47_0166-r0129",NA,NA,0.48465799,-79.21398287,355,"old-growth forest","old-growth forest",NA,55,"camera_trap","old-growth","forefootclawLength",16.905
"2094","OG47","SP04-ARL_221127_OG47_0166","14:24","14:24","Rodentia","Dasyprocta_punctata","","SP04-ARL_221127_OG47_0166-r0129",NA,NA,0.48465799,-79.21398287,355,"old-growth forest","old-growth forest",NA,55,"camera_trap","old-growth","headandbodyLength",554.18
"2095","OG47","SP04-ARL_221127_OG47_0166","14:24","14:24","Rodentia","Dasyprocta_punctata","","SP04-ARL_221127_OG47_0166-r0129",NA,NA,0.48465799,-79.21398287,355,"old-growth forest","old-growth forest",NA,55,"camera_trap","old-growth","hindfootLength",103.92
"2096","OG47","SP04-ARL_221127_OG47_0166","14:24","14:24","Rodentia","Dasyprocta_punctata","","SP04-ARL_221127_OG47_0166-r0129",NA,NA,0.48465799,-79.21398287,355,"old-growth forest","old-growth forest",NA,55,"camera_trap","old-growth","hindfootWidth",19.56
"2097","OG47","SP04-ARL_221127_OG47_0166","14:24","14:24","Rodentia","Dasyprocta_punctata","","SP04-ARL_221127_OG47_0166-r0129",NA,NA,0.48465799,-79.21398287,355,"old-growth forest","old-growth forest",NA,55,"camera_trap","old-growth","mandibleDiagonal",43.53
"2098","OG47","SP04-ARL_221127_OG47_0166","14:24","14:24","Rodentia","Dasyprocta_punctata","","SP04-ARL_221127_OG47_0166-r0129",NA,NA,0.48465799,-79.21398287,355,"old-growth forest","old-growth forest",NA,55,"camera_trap","old-growth","mandibleLength",41.0966666666667
"2099","OG47","SP04-ARL_221127_OG47_0166","14:24","14:24","Rodentia","Dasyprocta_punctata","","SP04-ARL_221127_OG47_0166-r0129",NA,NA,0.48465799,-79.21398287,355,"old-growth forest","old-growth forest",NA,55,"camera_trap","old-growth","mandibleWidth",37.215
"2100","OG47","SP04-ARL_221127_OG47_0166","14:24","14:24","Rodentia","Dasyprocta_punctata","","SP04-ARL_221127_OG47_0166-r0129",NA,NA,0.48465799,-79.21398287,355,"old-growth forest","old-growth forest",NA,55,"camera_trap","old-growth","mandibularcorpusHeight",15.5533333333333
"2101","OG47","SP04-ARL_221127_OG47_0166","14:24","14:24","Rodentia","Dasyprocta_punctata","","SP04-ARL_221127_OG47_0166-r0129",NA,NA,0.48465799,-79.21398287,355,"old-growth forest","old-growth forest",NA,55,"camera_trap","old-growth","maxillarytoothrowAlveolarlength",18.02
"2102","OG47","SP04-ARL_221127_OG47_0166","14:24","14:24","Rodentia","Dasyprocta_punctata","","SP04-ARL_221127_OG47_0166-r0129",NA,NA,0.48465799,-79.21398287,355,"old-growth forest","old-growth forest",NA,55,"camera_trap","old-growth","rostrumLength",38.132
"2103","OG47","SP04-ARL_221127_OG47_0166","14:24","14:24","Rodentia","Dasyprocta_punctata","","SP04-ARL_221127_OG47_0166-r0129",NA,NA,0.48465799,-79.21398287,355,"old-growth forest","old-growth forest",NA,55,"camera_trap","old-growth","tailLength",15.515
"2104","OG47","SP04-ARL_221127_OG47_0166","14:24","14:24","Rodentia","Dasyprocta_punctata","","SP04-ARL_221127_OG47_0166-r0129",NA,NA,0.48465799,-79.21398287,355,"old-growth forest","old-growth forest",NA,55,"camera_trap","old-growth","vibrissaeLength",79.02
"2105","OG47","SP04-ARL_221127_OG47_0166","14:24","14:24","Rodentia","Dasyprocta_punctata","","SP04-ARL_221127_OG47_0166-r0129",NA,NA,0.48465799,-79.21398287,355,"old-growth forest","old-growth forest",NA,55,"camera_trap","old-growth","zygomaticBreadth",47.4975
"2106","OG47","SP04-ARL_221127_OG47_0166","21:38","21:38","Rodentia","Cuniculus_paca","","SP04-ARL_221127_OG47_0166-r0130",NA,NA,0.48465799,-79.21398287,355,"old-growth forest","old-growth forest",NA,55,"camera_trap","old-growth","BodyMass",8172.55
"2107","OG47","SP04-ARL_221127_OG47_0166","21:38","21:38","Rodentia","Cuniculus_paca","","SP04-ARL_221127_OG47_0166-r0130",NA,NA,0.48465799,-79.21398287,355,"old-growth forest","old-growth forest",NA,55,"camera_trap","old-growth","Sex",NA
"2108","OG47","SP04-ARL_221127_OG47_0166","21:38","21:38","Rodentia","Cuniculus_paca","","SP04-ARL_221127_OG47_0166-r0130",NA,NA,0.48465799,-79.21398287,355,"old-growth forest","old-growth forest",NA,55,"camera_trap","old-growth","acrossincisortipsBreadth",9.00666666666667
"2109","OG47","SP04-ARL_221127_OG47_0166","21:38","21:38","Rodentia","Cuniculus_paca","","SP04-ARL_221127_OG47_0166-r0130",NA,NA,0.48465799,-79.21398287,355,"old-growth forest","old-growth forest",NA,55,"camera_trap","old-growth","condylobasalLength",129.675
"2110","OG47","SP04-ARL_221127_OG47_0166","21:38","21:38","Rodentia","Cuniculus_paca","","SP04-ARL_221127_OG47_0166-r0130",NA,NA,0.48465799,-79.21398287,355,"old-growth forest","old-growth forest",NA,55,"camera_trap","old-growth","mandibleDiagonal",65.91
"2111","OG47","SP04-ARL_221127_OG47_0166","21:38","21:38","Rodentia","Cuniculus_paca","","SP04-ARL_221127_OG47_0166-r0130",NA,NA,0.48465799,-79.21398287,355,"old-growth forest","old-growth forest",NA,55,"camera_trap","old-growth","mandibleLength",66.27
"2112","OG47","SP04-ARL_221127_OG47_0166","21:38","21:38","Rodentia","Cuniculus_paca","","SP04-ARL_221127_OG47_0166-r0130",NA,NA,0.48465799,-79.21398287,355,"old-growth forest","old-growth forest",NA,55,"camera_trap","old-growth","mandibleWidth",NA
"2113","OG47","SP04-ARL_221127_OG47_0166","21:38","21:38","Rodentia","Cuniculus_paca","","SP04-ARL_221127_OG47_0166-r0130",NA,NA,0.48465799,-79.21398287,355,"old-growth forest","old-growth forest",NA,55,"camera_trap","old-growth","mandibularcorpusHeight",28.6866666666667
"2114","OG47","SP04-ARL_221127_OG47_0166","21:38","21:38","Rodentia","Cuniculus_paca","","SP04-ARL_221127_OG47_0166-r0130",NA,NA,0.48465799,-79.21398287,355,"old-growth forest","old-growth forest",NA,55,"camera_trap","old-growth","maxillarytoothrowAlveolarlength",29.035
"2115","OG47","SP04-ARL_221127_OG47_0166","21:38","21:38","Rodentia","Cuniculus_paca","","SP04-ARL_221127_OG47_0166-r0130",NA,NA,0.48465799,-79.21398287,355,"old-growth forest","old-growth forest",NA,55,"camera_trap","old-growth","rostrumLength",55.72
"2116","OG47","SP04-ARL_221127_OG47_0166","21:38","21:38","Rodentia","Cuniculus_paca","","SP04-ARL_221127_OG47_0166-r0130",NA,NA,0.48465799,-79.21398287,355,"old-growth forest","old-growth forest",NA,55,"camera_trap","old-growth","zygomaticBreadth",94.45
"2117","OG47","SP04-ARL_221128_OG47_0167","08:27","08:28","Birds","Odontophorus_erythrops","","SP04-ARL_221128_OG47_0167-r0131",NA,NA,0.48465799,-79.21398287,355,"old-growth forest","old-growth forest",NA,55,"camera_trap","old-growth","Age",NA
"2118","OG47","SP04-ARL_221128_OG47_0167","08:27","08:28","Birds","Odontophorus_erythrops","","SP04-ARL_221128_OG47_0167-r0131",NA,NA,0.48465799,-79.21398287,355,"old-growth forest","old-growth forest",NA,55,"camera_trap","old-growth","Beak.Depth",12.92
"2119","OG47","SP04-ARL_221128_OG47_0167","08:27","08:28","Birds","Odontophorus_erythrops","","SP04-ARL_221128_OG47_0167-r0131",NA,NA,0.48465799,-79.21398287,355,"old-growth forest","old-growth forest",NA,55,"camera_trap","old-growth","Beak.Length_Culmen",20.98
"2120","OG47","SP04-ARL_221128_OG47_0167","08:27","08:28","Birds","Odontophorus_erythrops","","SP04-ARL_221128_OG47_0167-r0131",NA,NA,0.48465799,-79.21398287,355,"old-growth forest","old-growth forest",NA,55,"camera_trap","old-growth","Beak.Length_Nares",11.6
"2121","OG47","SP04-ARL_221128_OG47_0167","08:27","08:28","Birds","Odontophorus_erythrops","","SP04-ARL_221128_OG47_0167-r0131",NA,NA,0.48465799,-79.21398287,355,"old-growth forest","old-growth forest",NA,55,"camera_trap","old-growth","Beak.Width",8.86
"2122","OG47","SP04-ARL_221128_OG47_0167","08:27","08:28","Birds","Odontophorus_erythrops","","SP04-ARL_221128_OG47_0167-r0131",NA,NA,0.48465799,-79.21398287,355,"old-growth forest","old-growth forest",NA,55,"camera_trap","old-growth","BodyMass",335
"2123","OG47","SP04-ARL_221128_OG47_0167","08:27","08:28","Birds","Odontophorus_erythrops","","SP04-ARL_221128_OG47_0167-r0131",NA,NA,0.48465799,-79.21398287,355,"old-growth forest","old-growth forest",NA,55,"camera_trap","old-growth","Hand.wing.Index",27.05
"2124","OG47","SP04-ARL_221128_OG47_0167","08:27","08:28","Birds","Odontophorus_erythrops","","SP04-ARL_221128_OG47_0167-r0131",NA,NA,0.48465799,-79.21398287,355,"old-growth forest","old-growth forest",NA,55,"camera_trap","old-growth","Kipps.Distance",38.25
"2125","OG47","SP04-ARL_221128_OG47_0167","08:27","08:28","Birds","Odontophorus_erythrops","","SP04-ARL_221128_OG47_0167-r0131",NA,NA,0.48465799,-79.21398287,355,"old-growth forest","old-growth forest",NA,55,"camera_trap","old-growth","Secondary1",103
"2126","OG47","SP04-ARL_221128_OG47_0167","08:27","08:28","Birds","Odontophorus_erythrops","","SP04-ARL_221128_OG47_0167-r0131",NA,NA,0.48465799,-79.21398287,355,"old-growth forest","old-growth forest",NA,55,"camera_trap","old-growth","Sex",NA
"2127","OG47","SP04-ARL_221128_OG47_0167","08:27","08:28","Birds","Odontophorus_erythrops","","SP04-ARL_221128_OG47_0167-r0131",NA,NA,0.48465799,-79.21398287,355,"old-growth forest","old-growth forest",NA,55,"camera_trap","old-growth","Tail.Length",58
"2128","OG47","SP04-ARL_221128_OG47_0167","08:27","08:28","Birds","Odontophorus_erythrops","","SP04-ARL_221128_OG47_0167-r0131",NA,NA,0.48465799,-79.21398287,355,"old-growth forest","old-growth forest",NA,55,"camera_trap","old-growth","Tarsus.Length",41.6
"2129","OG47","SP04-ARL_221128_OG47_0167","08:27","08:28","Birds","Odontophorus_erythrops","","SP04-ARL_221128_OG47_0167-r0131",NA,NA,0.48465799,-79.21398287,355,"old-growth forest","old-growth forest",NA,55,"camera_trap","old-growth","Wing.Length",143
"2130","OG48","SP04-ARL_220526_OG48_0078","02:55","02:55","Rodentia","Trasandinomys_sp","","SP04-ARL_220526_OG48_0078-r0049",NA,NA,0.53088989,-79.14462944,299,"old-growth forest","old-growth forest",NA,55,"camera_trap","old-growth",NA,NA
"2131","OG49","SP04-ARL_221024_OG49_0129","21:49","21:52","Rodentia","Trasandinomys_sp","","SP04-ARL_221024_OG49_0129-r0075","PREX",NA,0.5315347,-79.14780642,310,"old-growth forest","old-growth forest",NA,55,"camera_trap","old-growth",NA,NA
"2132","OG49","SP04-ARL_221024_OG49_0129","23:18","23:19","Rodentia","Trasandinomys_sp","","SP04-ARL_221024_OG49_0129-r0076","PREX",NA,0.5315347,-79.14780642,310,"old-growth forest","old-growth forest",NA,55,"camera_trap","old-growth",NA,NA
"2133","OG49","SP04-ARL_221025_OG49_0130","21:38","21:41","Rodentia","Trasandinomys_sp","","SP04-ARL_221025_OG49_0130-r0077","PREX",NA,0.5315347,-79.14780642,310,"old-growth forest","old-growth forest",NA,55,"camera_trap","old-growth",NA,NA
"2134","OG49","SP04-ARL_221026_OG49_0131","04:42","04:46","Rodentia","Trasandinomys_sp","","SP04-ARL_221026_OG49_0131-r0078","PREX",NA,0.5315347,-79.14780642,310,"old-growth forest","old-growth forest",NA,55,"camera_trap","old-growth",NA,NA
"2135","OG49","SP04-ARL_221026_OG49_0131","21:40","21:41","Rodentia","Trasandinomys_sp","","SP04-ARL_221026_OG49_0131-r0079","PREX",NA,0.5315347,-79.14780642,310,"old-growth forest","old-growth forest",NA,55,"camera_trap","old-growth",NA,NA
"2136","OG49","SP04-ARL_221027_OG49_0132","12:19","12:19","Rodentia","Dasyprocta_punctata","","SP04-ARL_221027_OG49_0132-r0080","PREX",NA,0.5315347,-79.14780642,310,"old-growth forest","old-growth forest",NA,55,"camera_trap","old-growth","BodyMass",2674.98
"2137","OG49","SP04-ARL_221027_OG49_0132","12:19","12:19","Rodentia","Dasyprocta_punctata","","SP04-ARL_221027_OG49_0132-r0080","PREX",NA,0.5315347,-79.14780642,310,"old-growth forest","old-growth forest",NA,55,"camera_trap","old-growth","Sex",NA
"2138","OG49","SP04-ARL_221027_OG49_0132","12:19","12:19","Rodentia","Dasyprocta_punctata","","SP04-ARL_221027_OG49_0132-r0080","PREX",NA,0.5315347,-79.14780642,310,"old-growth forest","old-growth forest",NA,55,"camera_trap","old-growth","acrossincisortipsBreadth",8.504
"2139","OG49","SP04-ARL_221027_OG49_0132","12:19","12:19","Rodentia","Dasyprocta_punctata","","SP04-ARL_221027_OG49_0132-r0080","PREX",NA,0.5315347,-79.14780642,310,"old-growth forest","old-growth forest",NA,55,"camera_trap","old-growth","condylobasalLength",75.74
"2140","OG49","SP04-ARL_221027_OG49_0132","12:19","12:19","Rodentia","Dasyprocta_punctata","","SP04-ARL_221027_OG49_0132-r0080","PREX",NA,0.5315347,-79.14780642,310,"old-growth forest","old-growth forest",NA,55,"camera_trap","old-growth","earLength",28.585
"2141","OG49","SP04-ARL_221027_OG49_0132","12:19","12:19","Rodentia","Dasyprocta_punctata","","SP04-ARL_221027_OG49_0132-r0080","PREX",NA,0.5315347,-79.14780642,310,"old-growth forest","old-growth forest",NA,55,"camera_trap","old-growth","forefootLength",49.595
"2142","OG49","SP04-ARL_221027_OG49_0132","12:19","12:19","Rodentia","Dasyprocta_punctata","","SP04-ARL_221027_OG49_0132-r0080","PREX",NA,0.5315347,-79.14780642,310,"old-growth forest","old-growth forest",NA,55,"camera_trap","old-growth","forefootWidth",19.78
"2143","OG49","SP04-ARL_221027_OG49_0132","12:19","12:19","Rodentia","Dasyprocta_punctata","","SP04-ARL_221027_OG49_0132-r0080","PREX",NA,0.5315347,-79.14780642,310,"old-growth forest","old-growth forest",NA,55,"camera_trap","old-growth","forefootclawLength",16.905
"2144","OG49","SP04-ARL_221027_OG49_0132","12:19","12:19","Rodentia","Dasyprocta_punctata","","SP04-ARL_221027_OG49_0132-r0080","PREX",NA,0.5315347,-79.14780642,310,"old-growth forest","old-growth forest",NA,55,"camera_trap","old-growth","headandbodyLength",554.18
"2145","OG49","SP04-ARL_221027_OG49_0132","12:19","12:19","Rodentia","Dasyprocta_punctata","","SP04-ARL_221027_OG49_0132-r0080","PREX",NA,0.5315347,-79.14780642,310,"old-growth forest","old-growth forest",NA,55,"camera_trap","old-growth","hindfootLength",103.92
"2146","OG49","SP04-ARL_221027_OG49_0132","12:19","12:19","Rodentia","Dasyprocta_punctata","","SP04-ARL_221027_OG49_0132-r0080","PREX",NA,0.5315347,-79.14780642,310,"old-growth forest","old-growth forest",NA,55,"camera_trap","old-growth","hindfootWidth",19.56
"2147","OG49","SP04-ARL_221027_OG49_0132","12:19","12:19","Rodentia","Dasyprocta_punctata","","SP04-ARL_221027_OG49_0132-r0080","PREX",NA,0.5315347,-79.14780642,310,"old-growth forest","old-growth forest",NA,55,"camera_trap","old-growth","mandibleDiagonal",43.53
"2148","OG49","SP04-ARL_221027_OG49_0132","12:19","12:19","Rodentia","Dasyprocta_punctata","","SP04-ARL_221027_OG49_0132-r0080","PREX",NA,0.5315347,-79.14780642,310,"old-growth forest","old-growth forest",NA,55,"camera_trap","old-growth","mandibleLength",41.0966666666667
"2149","OG49","SP04-ARL_221027_OG49_0132","12:19","12:19","Rodentia","Dasyprocta_punctata","","SP04-ARL_221027_OG49_0132-r0080","PREX",NA,0.5315347,-79.14780642,310,"old-growth forest","old-growth forest",NA,55,"camera_trap","old-growth","mandibleWidth",37.215
"2150","OG49","SP04-ARL_221027_OG49_0132","12:19","12:19","Rodentia","Dasyprocta_punctata","","SP04-ARL_221027_OG49_0132-r0080","PREX",NA,0.5315347,-79.14780642,310,"old-growth forest","old-growth forest",NA,55,"camera_trap","old-growth","mandibularcorpusHeight",15.5533333333333
"2151","OG49","SP04-ARL_221027_OG49_0132","12:19","12:19","Rodentia","Dasyprocta_punctata","","SP04-ARL_221027_OG49_0132-r0080","PREX",NA,0.5315347,-79.14780642,310,"old-growth forest","old-growth forest",NA,55,"camera_trap","old-growth","maxillarytoothrowAlveolarlength",18.02
"2152","OG49","SP04-ARL_221027_OG49_0132","12:19","12:19","Rodentia","Dasyprocta_punctata","","SP04-ARL_221027_OG49_0132-r0080","PREX",NA,0.5315347,-79.14780642,310,"old-growth forest","old-growth forest",NA,55,"camera_trap","old-growth","rostrumLength",38.132
"2153","OG49","SP04-ARL_221027_OG49_0132","12:19","12:19","Rodentia","Dasyprocta_punctata","","SP04-ARL_221027_OG49_0132-r0080","PREX",NA,0.5315347,-79.14780642,310,"old-growth forest","old-growth forest",NA,55,"camera_trap","old-growth","tailLength",15.515
"2154","OG49","SP04-ARL_221027_OG49_0132","12:19","12:19","Rodentia","Dasyprocta_punctata","","SP04-ARL_221027_OG49_0132-r0080","PREX",NA,0.5315347,-79.14780642,310,"old-growth forest","old-growth forest",NA,55,"camera_trap","old-growth","vibrissaeLength",79.02
"2155","OG49","SP04-ARL_221027_OG49_0132","12:19","12:19","Rodentia","Dasyprocta_punctata","","SP04-ARL_221027_OG49_0132-r0080","PREX",NA,0.5315347,-79.14780642,310,"old-growth forest","old-growth forest",NA,55,"camera_trap","old-growth","zygomaticBreadth",47.4975
"2156","OG49","SP04-ARL_221030_OG49_0133","04:07","04:07","Rodentia","Heteromys_australis","","SP04-ARL_221030_OG49_0133-r0081","PREX",NA,0.5315347,-79.14780642,310,"old-growth forest","old-growth forest",NA,55,"camera_trap","old-growth","BodyMass",267.5
"2157","OG49","SP04-ARL_221030_OG49_0133","04:07","04:07","Rodentia","Heteromys_australis","","SP04-ARL_221030_OG49_0133-r0081","PREX",NA,0.5315347,-79.14780642,310,"old-growth forest","old-growth forest",NA,55,"camera_trap","old-growth","Sex",NA
"2158","OG49","SP04-ARL_221030_OG49_0133","04:07","04:07","Rodentia","Heteromys_australis","","SP04-ARL_221030_OG49_0133-r0081","PREX",NA,0.5315347,-79.14780642,310,"old-growth forest","old-growth forest",NA,55,"camera_trap","old-growth","acrossincisortipsBreadth",2.47142857142857
"2159","OG49","SP04-ARL_221030_OG49_0133","04:07","04:07","Rodentia","Heteromys_australis","","SP04-ARL_221030_OG49_0133-r0081","PREX",NA,0.5315347,-79.14780642,310,"old-growth forest","old-growth forest",NA,55,"camera_trap","old-growth","condylobasalLength",27.8885714285714
"2160","OG49","SP04-ARL_221030_OG49_0133","04:07","04:07","Rodentia","Heteromys_australis","","SP04-ARL_221030_OG49_0133-r0081","PREX",NA,0.5315347,-79.14780642,310,"old-growth forest","old-growth forest",NA,55,"camera_trap","old-growth","earLength",14.48
"2161","OG49","SP04-ARL_221030_OG49_0133","04:07","04:07","Rodentia","Heteromys_australis","","SP04-ARL_221030_OG49_0133-r0081","PREX",NA,0.5315347,-79.14780642,310,"old-growth forest","old-growth forest",NA,55,"camera_trap","old-growth","forefootLength",9.59
"2162","OG49","SP04-ARL_221030_OG49_0133","04:07","04:07","Rodentia","Heteromys_australis","","SP04-ARL_221030_OG49_0133-r0081","PREX",NA,0.5315347,-79.14780642,310,"old-growth forest","old-growth forest",NA,55,"camera_trap","old-growth","forefootWidth",4.752
"2163","OG49","SP04-ARL_221030_OG49_0133","04:07","04:07","Rodentia","Heteromys_australis","","SP04-ARL_221030_OG49_0133-r0081","PREX",NA,0.5315347,-79.14780642,310,"old-growth forest","old-growth forest",NA,55,"camera_trap","old-growth","forefootclawLength",2.154
"2164","OG49","SP04-ARL_221030_OG49_0133","04:07","04:07","Rodentia","Heteromys_australis","","SP04-ARL_221030_OG49_0133-r0081","PREX",NA,0.5315347,-79.14780642,310,"old-growth forest","old-growth forest",NA,55,"camera_trap","old-growth","headandbodyLength",86.534
"2165","OG49","SP04-ARL_221030_OG49_0133","04:07","04:07","Rodentia","Heteromys_australis","","SP04-ARL_221030_OG49_0133-r0081","PREX",NA,0.5315347,-79.14780642,310,"old-growth forest","old-growth forest",NA,55,"camera_trap","old-growth","hindfootLength",24.968
"2166","OG49","SP04-ARL_221030_OG49_0133","04:07","04:07","Rodentia","Heteromys_australis","","SP04-ARL_221030_OG49_0133-r0081","PREX",NA,0.5315347,-79.14780642,310,"old-growth forest","old-growth forest",NA,55,"camera_trap","old-growth","hindfootWidth",5.532
"2167","OG49","SP04-ARL_221030_OG49_0133","04:07","04:07","Rodentia","Heteromys_australis","","SP04-ARL_221030_OG49_0133-r0081","PREX",NA,0.5315347,-79.14780642,310,"old-growth forest","old-growth forest",NA,55,"camera_trap","old-growth","mandibleDiagonal",13.1585714285714
"2168","OG49","SP04-ARL_221030_OG49_0133","04:07","04:07","Rodentia","Heteromys_australis","","SP04-ARL_221030_OG49_0133-r0081","PREX",NA,0.5315347,-79.14780642,310,"old-growth forest","old-growth forest",NA,55,"camera_trap","old-growth","mandibleLength",11.8242857142857
"2169","OG49","SP04-ARL_221030_OG49_0133","04:07","04:07","Rodentia","Heteromys_australis","","SP04-ARL_221030_OG49_0133-r0081","PREX",NA,0.5315347,-79.14780642,310,"old-growth forest","old-growth forest",NA,55,"camera_trap","old-growth","mandibleWidth",12.1716666666667
"2170","OG49","SP04-ARL_221030_OG49_0133","04:07","04:07","Rodentia","Heteromys_australis","","SP04-ARL_221030_OG49_0133-r0081","PREX",NA,0.5315347,-79.14780642,310,"old-growth forest","old-growth forest",NA,55,"camera_trap","old-growth","mandibularcorpusHeight",5.44428571428571
"2171","OG49","SP04-ARL_221030_OG49_0133","04:07","04:07","Rodentia","Heteromys_australis","","SP04-ARL_221030_OG49_0133-r0081","PREX",NA,0.5315347,-79.14780642,310,"old-growth forest","old-growth forest",NA,55,"camera_trap","old-growth","maxillarytoothrowAlveolarlength",4.90285714285714
"2172","OG49","SP04-ARL_221030_OG49_0133","04:07","04:07","Rodentia","Heteromys_australis","","SP04-ARL_221030_OG49_0133-r0081","PREX",NA,0.5315347,-79.14780642,310,"old-growth forest","old-growth forest",NA,55,"camera_trap","old-growth","rostrumLength",12.7657142857143
"2173","OG49","SP04-ARL_221030_OG49_0133","04:07","04:07","Rodentia","Heteromys_australis","","SP04-ARL_221030_OG49_0133-r0081","PREX",NA,0.5315347,-79.14780642,310,"old-growth forest","old-growth forest",NA,55,"camera_trap","old-growth","tailLength",84.278
"2174","OG49","SP04-ARL_221030_OG49_0133","04:07","04:07","Rodentia","Heteromys_australis","","SP04-ARL_221030_OG49_0133-r0081","PREX",NA,0.5315347,-79.14780642,310,"old-growth forest","old-growth forest",NA,55,"camera_trap","old-growth","vibrissaeLength",32.712
"2175","OG49","SP04-ARL_221030_OG49_0133","04:07","04:07","Rodentia","Heteromys_australis","","SP04-ARL_221030_OG49_0133-r0081","PREX",NA,0.5315347,-79.14780642,310,"old-growth forest","old-growth forest",NA,55,"camera_trap","old-growth","zygomaticBreadth",15.41
"2176","OG49","SP04-ARL_221030_OG49_0133","06:02","06:03","Rodentia","Heteromys_australis","","SP04-ARL_221030_OG49_0133-r0082","PREX",NA,0.5315347,-79.14780642,310,"old-growth forest","old-growth forest",NA,55,"camera_trap","old-growth","BodyMass",267.5
"2177","OG49","SP04-ARL_221030_OG49_0133","06:02","06:03","Rodentia","Heteromys_australis","","SP04-ARL_221030_OG49_0133-r0082","PREX",NA,0.5315347,-79.14780642,310,"old-growth forest","old-growth forest",NA,55,"camera_trap","old-growth","Sex",NA
"2178","OG49","SP04-ARL_221030_OG49_0133","06:02","06:03","Rodentia","Heteromys_australis","","SP04-ARL_221030_OG49_0133-r0082","PREX",NA,0.5315347,-79.14780642,310,"old-growth forest","old-growth forest",NA,55,"camera_trap","old-growth","acrossincisortipsBreadth",2.47142857142857
"2179","OG49","SP04-ARL_221030_OG49_0133","06:02","06:03","Rodentia","Heteromys_australis","","SP04-ARL_221030_OG49_0133-r0082","PREX",NA,0.5315347,-79.14780642,310,"old-growth forest","old-growth forest",NA,55,"camera_trap","old-growth","condylobasalLength",27.8885714285714
"2180","OG49","SP04-ARL_221030_OG49_0133","06:02","06:03","Rodentia","Heteromys_australis","","SP04-ARL_221030_OG49_0133-r0082","PREX",NA,0.5315347,-79.14780642,310,"old-growth forest","old-growth forest",NA,55,"camera_trap","old-growth","earLength",14.48
"2181","OG49","SP04-ARL_221030_OG49_0133","06:02","06:03","Rodentia","Heteromys_australis","","SP04-ARL_221030_OG49_0133-r0082","PREX",NA,0.5315347,-79.14780642,310,"old-growth forest","old-growth forest",NA,55,"camera_trap","old-growth","forefootLength",9.59
"2182","OG49","SP04-ARL_221030_OG49_0133","06:02","06:03","Rodentia","Heteromys_australis","","SP04-ARL_221030_OG49_0133-r0082","PREX",NA,0.5315347,-79.14780642,310,"old-growth forest","old-growth forest",NA,55,"camera_trap","old-growth","forefootWidth",4.752
"2183","OG49","SP04-ARL_221030_OG49_0133","06:02","06:03","Rodentia","Heteromys_australis","","SP04-ARL_221030_OG49_0133-r0082","PREX",NA,0.5315347,-79.14780642,310,"old-growth forest","old-growth forest",NA,55,"camera_trap","old-growth","forefootclawLength",2.154
"2184","OG49","SP04-ARL_221030_OG49_0133","06:02","06:03","Rodentia","Heteromys_australis","","SP04-ARL_221030_OG49_0133-r0082","PREX",NA,0.5315347,-79.14780642,310,"old-growth forest","old-growth forest",NA,55,"camera_trap","old-growth","headandbodyLength",86.534
"2185","OG49","SP04-ARL_221030_OG49_0133","06:02","06:03","Rodentia","Heteromys_australis","","SP04-ARL_221030_OG49_0133-r0082","PREX",NA,0.5315347,-79.14780642,310,"old-growth forest","old-growth forest",NA,55,"camera_trap","old-growth","hindfootLength",24.968
"2186","OG49","SP04-ARL_221030_OG49_0133","06:02","06:03","Rodentia","Heteromys_australis","","SP04-ARL_221030_OG49_0133-r0082","PREX",NA,0.5315347,-79.14780642,310,"old-growth forest","old-growth forest",NA,55,"camera_trap","old-growth","hindfootWidth",5.532
"2187","OG49","SP04-ARL_221030_OG49_0133","06:02","06:03","Rodentia","Heteromys_australis","","SP04-ARL_221030_OG49_0133-r0082","PREX",NA,0.5315347,-79.14780642,310,"old-growth forest","old-growth forest",NA,55,"camera_trap","old-growth","mandibleDiagonal",13.1585714285714
"2188","OG49","SP04-ARL_221030_OG49_0133","06:02","06:03","Rodentia","Heteromys_australis","","SP04-ARL_221030_OG49_0133-r0082","PREX",NA,0.5315347,-79.14780642,310,"old-growth forest","old-growth forest",NA,55,"camera_trap","old-growth","mandibleLength",11.8242857142857
"2189","OG49","SP04-ARL_221030_OG49_0133","06:02","06:03","Rodentia","Heteromys_australis","","SP04-ARL_221030_OG49_0133-r0082","PREX",NA,0.5315347,-79.14780642,310,"old-growth forest","old-growth forest",NA,55,"camera_trap","old-growth","mandibleWidth",12.1716666666667
"2190","OG49","SP04-ARL_221030_OG49_0133","06:02","06:03","Rodentia","Heteromys_australis","","SP04-ARL_221030_OG49_0133-r0082","PREX",NA,0.5315347,-79.14780642,310,"old-growth forest","old-growth forest",NA,55,"camera_trap","old-growth","mandibularcorpusHeight",5.44428571428571
"2191","OG49","SP04-ARL_221030_OG49_0133","06:02","06:03","Rodentia","Heteromys_australis","","SP04-ARL_221030_OG49_0133-r0082","PREX",NA,0.5315347,-79.14780642,310,"old-growth forest","old-growth forest",NA,55,"camera_trap","old-growth","maxillarytoothrowAlveolarlength",4.90285714285714
"2192","OG49","SP04-ARL_221030_OG49_0133","06:02","06:03","Rodentia","Heteromys_australis","","SP04-ARL_221030_OG49_0133-r0082","PREX",NA,0.5315347,-79.14780642,310,"old-growth forest","old-growth forest",NA,55,"camera_trap","old-growth","rostrumLength",12.7657142857143
"2193","OG49","SP04-ARL_221030_OG49_0133","06:02","06:03","Rodentia","Heteromys_australis","","SP04-ARL_221030_OG49_0133-r0082","PREX",NA,0.5315347,-79.14780642,310,"old-growth forest","old-growth forest",NA,55,"camera_trap","old-growth","tailLength",84.278
"2194","OG49","SP04-ARL_221030_OG49_0133","06:02","06:03","Rodentia","Heteromys_australis","","SP04-ARL_221030_OG49_0133-r0082","PREX",NA,0.5315347,-79.14780642,310,"old-growth forest","old-growth forest",NA,55,"camera_trap","old-growth","vibrissaeLength",32.712
"2195","OG49","SP04-ARL_221030_OG49_0133","06:02","06:03","Rodentia","Heteromys_australis","","SP04-ARL_221030_OG49_0133-r0082","PREX",NA,0.5315347,-79.14780642,310,"old-growth forest","old-growth forest",NA,55,"camera_trap","old-growth","zygomaticBreadth",15.41
"2196","OG49","SP04-ARL_221030_OG49_0133","02:32","02:33","Rodentia","Trasandinomys_sp","","SP04-ARL_221030_OG49_0133-r0083","PREX",NA,0.5315347,-79.14780642,310,"old-growth forest","old-growth forest",NA,55,"camera_trap","old-growth",NA,NA
"2197","OG49","SP04-ARL_221029_OG49_0134","17:42","17:43","Rodentia","Notosciurus_granatensis","","SP04-ARL_221029_OG49_0134-r0084","PREX",NA,0.5315347,-79.14780642,310,"old-growth forest","old-growth forest",NA,55,"camera_trap","old-growth","BodyMass",250
"2198","OG49","SP04-ARL_221029_OG49_0134","17:42","17:43","Rodentia","Notosciurus_granatensis","","SP04-ARL_221029_OG49_0134-r0084","PREX",NA,0.5315347,-79.14780642,310,"old-growth forest","old-growth forest",NA,55,"camera_trap","old-growth","Sex",NA
"2199","OG49","SP04-ARL_221029_OG49_0134","17:42","17:43","Rodentia","Notosciurus_granatensis","","SP04-ARL_221029_OG49_0134-r0084","PREX",NA,0.5315347,-79.14780642,310,"old-growth forest","old-growth forest",NA,55,"camera_trap","old-growth","acrossincisortipsBreadth",9.046
"2200","OG49","SP04-ARL_221029_OG49_0134","17:42","17:43","Rodentia","Notosciurus_granatensis","","SP04-ARL_221029_OG49_0134-r0084","PREX",NA,0.5315347,-79.14780642,310,"old-growth forest","old-growth forest",NA,55,"camera_trap","old-growth","condylobasalLength",44.628
"2201","OG49","SP04-ARL_221029_OG49_0134","17:42","17:43","Rodentia","Notosciurus_granatensis","","SP04-ARL_221029_OG49_0134-r0084","PREX",NA,0.5315347,-79.14780642,310,"old-growth forest","old-growth forest",NA,55,"camera_trap","old-growth","earLength",20.705
"2202","OG49","SP04-ARL_221029_OG49_0134","17:42","17:43","Rodentia","Notosciurus_granatensis","","SP04-ARL_221029_OG49_0134-r0084","PREX",NA,0.5315347,-79.14780642,310,"old-growth forest","old-growth forest",NA,55,"camera_trap","old-growth","forefootLength",32.7475
"2203","OG49","SP04-ARL_221029_OG49_0134","17:42","17:43","Rodentia","Notosciurus_granatensis","","SP04-ARL_221029_OG49_0134-r0084","PREX",NA,0.5315347,-79.14780642,310,"old-growth forest","old-growth forest",NA,55,"camera_trap","old-growth","forefootWidth",16.3325
"2204","OG49","SP04-ARL_221029_OG49_0134","17:42","17:43","Rodentia","Notosciurus_granatensis","","SP04-ARL_221029_OG49_0134-r0084","PREX",NA,0.5315347,-79.14780642,310,"old-growth forest","old-growth forest",NA,55,"camera_trap","old-growth","forefootclawLength",12.8925
"2205","OG49","SP04-ARL_221029_OG49_0134","17:42","17:43","Rodentia","Notosciurus_granatensis","","SP04-ARL_221029_OG49_0134-r0084","PREX",NA,0.5315347,-79.14780642,310,"old-growth forest","old-growth forest",NA,55,"camera_trap","old-growth","headandbodyLength",205.4475
"2206","OG49","SP04-ARL_221029_OG49_0134","17:42","17:43","Rodentia","Notosciurus_granatensis","","SP04-ARL_221029_OG49_0134-r0084","PREX",NA,0.5315347,-79.14780642,310,"old-growth forest","old-growth forest",NA,55,"camera_trap","old-growth","hindfootLength",47.5475
"2207","OG49","SP04-ARL_221029_OG49_0134","17:42","17:43","Rodentia","Notosciurus_granatensis","","SP04-ARL_221029_OG49_0134-r0084","PREX",NA,0.5315347,-79.14780642,310,"old-growth forest","old-growth forest",NA,55,"camera_trap","old-growth","hindfootWidth",17.79
"2208","OG49","SP04-ARL_221029_OG49_0134","17:42","17:43","Rodentia","Notosciurus_granatensis","","SP04-ARL_221029_OG49_0134-r0084","PREX",NA,0.5315347,-79.14780642,310,"old-growth forest","old-growth forest",NA,55,"camera_trap","old-growth","mandibleDiagonal",27.82
"2209","OG49","SP04-ARL_221029_OG49_0134","17:42","17:43","Rodentia","Notosciurus_granatensis","","SP04-ARL_221029_OG49_0134-r0084","PREX",NA,0.5315347,-79.14780642,310,"old-growth forest","old-growth forest",NA,55,"camera_trap","old-growth","mandibleLength",19.8825
"2210","OG49","SP04-ARL_221029_OG49_0134","17:42","17:43","Rodentia","Notosciurus_granatensis","","SP04-ARL_221029_OG49_0134-r0084","PREX",NA,0.5315347,-79.14780642,310,"old-growth forest","old-growth forest",NA,55,"camera_trap","old-growth","mandibleWidth",33.4
"2211","OG49","SP04-ARL_221029_OG49_0134","17:42","17:43","Rodentia","Notosciurus_granatensis","","SP04-ARL_221029_OG49_0134-r0084","PREX",NA,0.5315347,-79.14780642,310,"old-growth forest","old-growth forest",NA,55,"camera_trap","old-growth","mandibularcorpusHeight",14.9375
"2212","OG49","SP04-ARL_221029_OG49_0134","17:42","17:43","Rodentia","Notosciurus_granatensis","","SP04-ARL_221029_OG49_0134-r0084","PREX",NA,0.5315347,-79.14780642,310,"old-growth forest","old-growth forest",NA,55,"camera_trap","old-growth","maxillarytoothrowAlveolarlength",14.858
"2213","OG49","SP04-ARL_221029_OG49_0134","17:42","17:43","Rodentia","Notosciurus_granatensis","","SP04-ARL_221029_OG49_0134-r0084","PREX",NA,0.5315347,-79.14780642,310,"old-growth forest","old-growth forest",NA,55,"camera_trap","old-growth","rostrumLength",21.624
"2214","OG49","SP04-ARL_221029_OG49_0134","17:42","17:43","Rodentia","Notosciurus_granatensis","","SP04-ARL_221029_OG49_0134-r0084","PREX",NA,0.5315347,-79.14780642,310,"old-growth forest","old-growth forest",NA,55,"camera_trap","old-growth","tailLength",165.04
"2215","OG49","SP04-ARL_221029_OG49_0134","17:42","17:43","Rodentia","Notosciurus_granatensis","","SP04-ARL_221029_OG49_0134-r0084","PREX",NA,0.5315347,-79.14780642,310,"old-growth forest","old-growth forest",NA,55,"camera_trap","old-growth","vibrissaeLength",45.3925
"2216","OG49","SP04-ARL_221029_OG49_0134","17:42","17:43","Rodentia","Notosciurus_granatensis","","SP04-ARL_221029_OG49_0134-r0084","PREX",NA,0.5315347,-79.14780642,310,"old-growth forest","old-growth forest",NA,55,"camera_trap","old-growth","zygomaticBreadth",35.878
"2217","OG50","SP04-ARL_220523_OG50_0079","19:21","19:21","Birds","Rhynchortyx_cinctus","","SP04-ARL_220523_OG50_0079-r0050",NA,NA,0.53403036,-79.14419137,316,"old-growth forest","old-growth forest",NA,55,"camera_trap","old-growth","Age",NA
"2218","OG50","SP04-ARL_220523_OG50_0079","19:21","19:21","Birds","Rhynchortyx_cinctus","","SP04-ARL_220523_OG50_0079-r0050",NA,NA,0.53403036,-79.14419137,316,"old-growth forest","old-growth forest",NA,55,"camera_trap","old-growth","Beak.Depth",11.1
"2219","OG50","SP04-ARL_220523_OG50_0079","19:21","19:21","Birds","Rhynchortyx_cinctus","","SP04-ARL_220523_OG50_0079-r0050",NA,NA,0.53403036,-79.14419137,316,"old-growth forest","old-growth forest",NA,55,"camera_trap","old-growth","Beak.Length_Culmen",15.54
"2220","OG50","SP04-ARL_220523_OG50_0079","19:21","19:21","Birds","Rhynchortyx_cinctus","","SP04-ARL_220523_OG50_0079-r0050",NA,NA,0.53403036,-79.14419137,316,"old-growth forest","old-growth forest",NA,55,"camera_trap","old-growth","Beak.Length_Nares",9.95
"2221","OG50","SP04-ARL_220523_OG50_0079","19:21","19:21","Birds","Rhynchortyx_cinctus","","SP04-ARL_220523_OG50_0079-r0050",NA,NA,0.53403036,-79.14419137,316,"old-growth forest","old-growth forest",NA,55,"camera_trap","old-growth","Beak.Width",7.94
"2222","OG50","SP04-ARL_220523_OG50_0079","19:21","19:21","Birds","Rhynchortyx_cinctus","","SP04-ARL_220523_OG50_0079-r0050",NA,NA,0.53403036,-79.14419137,316,"old-growth forest","old-growth forest",NA,55,"camera_trap","old-growth","BodyMass",150
"2223","OG50","SP04-ARL_220523_OG50_0079","19:21","19:21","Birds","Rhynchortyx_cinctus","","SP04-ARL_220523_OG50_0079-r0050",NA,NA,0.53403036,-79.14419137,316,"old-growth forest","old-growth forest",NA,55,"camera_trap","old-growth","Hand.wing.Index",36.25
"2224","OG50","SP04-ARL_220523_OG50_0079","19:21","19:21","Birds","Rhynchortyx_cinctus","","SP04-ARL_220523_OG50_0079-r0050",NA,NA,0.53403036,-79.14419137,316,"old-growth forest","old-growth forest",NA,55,"camera_trap","old-growth","Kipps.Distance",39.575
"2225","OG50","SP04-ARL_220523_OG50_0079","19:21","19:21","Birds","Rhynchortyx_cinctus","","SP04-ARL_220523_OG50_0079-r0050",NA,NA,0.53403036,-79.14419137,316,"old-growth forest","old-growth forest",NA,55,"camera_trap","old-growth","Secondary1",69.675
"2226","OG50","SP04-ARL_220523_OG50_0079","19:21","19:21","Birds","Rhynchortyx_cinctus","","SP04-ARL_220523_OG50_0079-r0050",NA,NA,0.53403036,-79.14419137,316,"old-growth forest","old-growth forest",NA,55,"camera_trap","old-growth","Sex",NA
"2227","OG50","SP04-ARL_220523_OG50_0079","19:21","19:21","Birds","Rhynchortyx_cinctus","","SP04-ARL_220523_OG50_0079-r0050",NA,NA,0.53403036,-79.14419137,316,"old-growth forest","old-growth forest",NA,55,"camera_trap","old-growth","Tail.Length",45.6
"2228","OG50","SP04-ARL_220523_OG50_0079","19:21","19:21","Birds","Rhynchortyx_cinctus","","SP04-ARL_220523_OG50_0079-r0050",NA,NA,0.53403036,-79.14419137,316,"old-growth forest","old-growth forest",NA,55,"camera_trap","old-growth","Tarsus.Length",31.62
"2229","OG50","SP04-ARL_220523_OG50_0079","19:21","19:21","Birds","Rhynchortyx_cinctus","","SP04-ARL_220523_OG50_0079-r0050",NA,NA,0.53403036,-79.14419137,316,"old-growth forest","old-growth forest",NA,55,"camera_trap","old-growth","Wing.Length",110.2
"2230","OG50","SP04-ARL_220525_OG50_0081","22:22","22:22","Rodentia","Hoplomys_gymnurus","","SP04-ARL_220525_OG50_0081-r0056",NA,NA,0.53403036,-79.14419137,316,"old-growth forest","old-growth forest",NA,55,"camera_trap","old-growth","BodyMass",240
"2231","OG50","SP04-ARL_220525_OG50_0081","22:22","22:22","Rodentia","Hoplomys_gymnurus","","SP04-ARL_220525_OG50_0081-r0056",NA,NA,0.53403036,-79.14419137,316,"old-growth forest","old-growth forest",NA,55,"camera_trap","old-growth","Sex",NA
"2232","OG50","SP04-ARL_220525_OG50_0081","22:22","22:22","Rodentia","Hoplomys_gymnurus","","SP04-ARL_220525_OG50_0081-r0056",NA,NA,0.53403036,-79.14419137,316,"old-growth forest","old-growth forest",NA,55,"camera_trap","old-growth","acrossincisortipsBreadth",3.86
"2233","OG50","SP04-ARL_220525_OG50_0081","22:22","22:22","Rodentia","Hoplomys_gymnurus","","SP04-ARL_220525_OG50_0081-r0056",NA,NA,0.53403036,-79.14419137,316,"old-growth forest","old-growth forest",NA,55,"camera_trap","old-growth","condylobasalLength",52.765
"2234","OG50","SP04-ARL_220525_OG50_0081","22:22","22:22","Rodentia","Hoplomys_gymnurus","","SP04-ARL_220525_OG50_0081-r0056",NA,NA,0.53403036,-79.14419137,316,"old-growth forest","old-growth forest",NA,55,"camera_trap","old-growth","earLength",19.1675
"2235","OG50","SP04-ARL_220525_OG50_0081","22:22","22:22","Rodentia","Hoplomys_gymnurus","","SP04-ARL_220525_OG50_0081-r0056",NA,NA,0.53403036,-79.14419137,316,"old-growth forest","old-growth forest",NA,55,"camera_trap","old-growth","forefootLength",25.285
"2236","OG50","SP04-ARL_220525_OG50_0081","22:22","22:22","Rodentia","Hoplomys_gymnurus","","SP04-ARL_220525_OG50_0081-r0056",NA,NA,0.53403036,-79.14419137,316,"old-growth forest","old-growth forest",NA,55,"camera_trap","old-growth","forefootWidth",9.61
"2237","OG50","SP04-ARL_220525_OG50_0081","22:22","22:22","Rodentia","Hoplomys_gymnurus","","SP04-ARL_220525_OG50_0081-r0056",NA,NA,0.53403036,-79.14419137,316,"old-growth forest","old-growth forest",NA,55,"camera_trap","old-growth","forefootclawLength",4.6475
"2238","OG50","SP04-ARL_220525_OG50_0081","22:22","22:22","Rodentia","Hoplomys_gymnurus","","SP04-ARL_220525_OG50_0081-r0056",NA,NA,0.53403036,-79.14419137,316,"old-growth forest","old-growth forest",NA,55,"camera_trap","old-growth","headandbodyLength",177.035
"2239","OG50","SP04-ARL_220525_OG50_0081","22:22","22:22","Rodentia","Hoplomys_gymnurus","","SP04-ARL_220525_OG50_0081-r0056",NA,NA,0.53403036,-79.14419137,316,"old-growth forest","old-growth forest",NA,55,"camera_trap","old-growth","hindfootLength",56.2525
"2240","OG50","SP04-ARL_220525_OG50_0081","22:22","22:22","Rodentia","Hoplomys_gymnurus","","SP04-ARL_220525_OG50_0081-r0056",NA,NA,0.53403036,-79.14419137,316,"old-growth forest","old-growth forest",NA,55,"camera_trap","old-growth","hindfootWidth",11.2675
"2241","OG50","SP04-ARL_220525_OG50_0081","22:22","22:22","Rodentia","Hoplomys_gymnurus","","SP04-ARL_220525_OG50_0081-r0056",NA,NA,0.53403036,-79.14419137,316,"old-growth forest","old-growth forest",NA,55,"camera_trap","old-growth","mandibleDiagonal",20.655
"2242","OG50","SP04-ARL_220525_OG50_0081","22:22","22:22","Rodentia","Hoplomys_gymnurus","","SP04-ARL_220525_OG50_0081-r0056",NA,NA,0.53403036,-79.14419137,316,"old-growth forest","old-growth forest",NA,55,"camera_trap","old-growth","mandibleLength",20.0475
"2243","OG50","SP04-ARL_220525_OG50_0081","22:22","22:22","Rodentia","Hoplomys_gymnurus","","SP04-ARL_220525_OG50_0081-r0056",NA,NA,0.53403036,-79.14419137,316,"old-growth forest","old-growth forest",NA,55,"camera_trap","old-growth","mandibleWidth",23.0775
"2244","OG50","SP04-ARL_220525_OG50_0081","22:22","22:22","Rodentia","Hoplomys_gymnurus","","SP04-ARL_220525_OG50_0081-r0056",NA,NA,0.53403036,-79.14419137,316,"old-growth forest","old-growth forest",NA,55,"camera_trap","old-growth","mandibularcorpusHeight",8.9675
"2245","OG50","SP04-ARL_220525_OG50_0081","22:22","22:22","Rodentia","Hoplomys_gymnurus","","SP04-ARL_220525_OG50_0081-r0056",NA,NA,0.53403036,-79.14419137,316,"old-growth forest","old-growth forest",NA,55,"camera_trap","old-growth","maxillarytoothrowAlveolarlength",8.9225
"2246","OG50","SP04-ARL_220525_OG50_0081","22:22","22:22","Rodentia","Hoplomys_gymnurus","","SP04-ARL_220525_OG50_0081-r0056",NA,NA,0.53403036,-79.14419137,316,"old-growth forest","old-growth forest",NA,55,"camera_trap","old-growth","rostrumLength",21.61
"2247","OG50","SP04-ARL_220525_OG50_0081","22:22","22:22","Rodentia","Hoplomys_gymnurus","","SP04-ARL_220525_OG50_0081-r0056",NA,NA,0.53403036,-79.14419137,316,"old-growth forest","old-growth forest",NA,55,"camera_trap","old-growth","tailLength",188.0475
"2248","OG50","SP04-ARL_220525_OG50_0081","22:22","22:22","Rodentia","Hoplomys_gymnurus","","SP04-ARL_220525_OG50_0081-r0056",NA,NA,0.53403036,-79.14419137,316,"old-growth forest","old-growth forest",NA,55,"camera_trap","old-growth","vibrissaeLength",92.7625
"2249","OG50","SP04-ARL_220525_OG50_0081","22:22","22:22","Rodentia","Hoplomys_gymnurus","","SP04-ARL_220525_OG50_0081-r0056",NA,NA,0.53403036,-79.14419137,316,"old-growth forest","old-growth forest",NA,55,"camera_trap","old-growth","zygomaticBreadth",28.115
"2250","OG50","SP04-ARL_220525_OG50_0081","22:47","22:47","Rodentia","Hoplomys_gymnurus","","SP04-ARL_220525_OG50_0081-r0057",NA,NA,0.53403036,-79.14419137,316,"old-growth forest","old-growth forest",NA,55,"camera_trap","old-growth","BodyMass",240
"2251","OG50","SP04-ARL_220525_OG50_0081","22:47","22:47","Rodentia","Hoplomys_gymnurus","","SP04-ARL_220525_OG50_0081-r0057",NA,NA,0.53403036,-79.14419137,316,"old-growth forest","old-growth forest",NA,55,"camera_trap","old-growth","Sex",NA
"2252","OG50","SP04-ARL_220525_OG50_0081","22:47","22:47","Rodentia","Hoplomys_gymnurus","","SP04-ARL_220525_OG50_0081-r0057",NA,NA,0.53403036,-79.14419137,316,"old-growth forest","old-growth forest",NA,55,"camera_trap","old-growth","acrossincisortipsBreadth",3.86
"2253","OG50","SP04-ARL_220525_OG50_0081","22:47","22:47","Rodentia","Hoplomys_gymnurus","","SP04-ARL_220525_OG50_0081-r0057",NA,NA,0.53403036,-79.14419137,316,"old-growth forest","old-growth forest",NA,55,"camera_trap","old-growth","condylobasalLength",52.765
"2254","OG50","SP04-ARL_220525_OG50_0081","22:47","22:47","Rodentia","Hoplomys_gymnurus","","SP04-ARL_220525_OG50_0081-r0057",NA,NA,0.53403036,-79.14419137,316,"old-growth forest","old-growth forest",NA,55,"camera_trap","old-growth","earLength",19.1675
"2255","OG50","SP04-ARL_220525_OG50_0081","22:47","22:47","Rodentia","Hoplomys_gymnurus","","SP04-ARL_220525_OG50_0081-r0057",NA,NA,0.53403036,-79.14419137,316,"old-growth forest","old-growth forest",NA,55,"camera_trap","old-growth","forefootLength",25.285
"2256","OG50","SP04-ARL_220525_OG50_0081","22:47","22:47","Rodentia","Hoplomys_gymnurus","","SP04-ARL_220525_OG50_0081-r0057",NA,NA,0.53403036,-79.14419137,316,"old-growth forest","old-growth forest",NA,55,"camera_trap","old-growth","forefootWidth",9.61
"2257","OG50","SP04-ARL_220525_OG50_0081","22:47","22:47","Rodentia","Hoplomys_gymnurus","","SP04-ARL_220525_OG50_0081-r0057",NA,NA,0.53403036,-79.14419137,316,"old-growth forest","old-growth forest",NA,55,"camera_trap","old-growth","forefootclawLength",4.6475
"2258","OG50","SP04-ARL_220525_OG50_0081","22:47","22:47","Rodentia","Hoplomys_gymnurus","","SP04-ARL_220525_OG50_0081-r0057",NA,NA,0.53403036,-79.14419137,316,"old-growth forest","old-growth forest",NA,55,"camera_trap","old-growth","headandbodyLength",177.035
"2259","OG50","SP04-ARL_220525_OG50_0081","22:47","22:47","Rodentia","Hoplomys_gymnurus","","SP04-ARL_220525_OG50_0081-r0057",NA,NA,0.53403036,-79.14419137,316,"old-growth forest","old-growth forest",NA,55,"camera_trap","old-growth","hindfootLength",56.2525
"2260","OG50","SP04-ARL_220525_OG50_0081","22:47","22:47","Rodentia","Hoplomys_gymnurus","","SP04-ARL_220525_OG50_0081-r0057",NA,NA,0.53403036,-79.14419137,316,"old-growth forest","old-growth forest",NA,55,"camera_trap","old-growth","hindfootWidth",11.2675
"2261","OG50","SP04-ARL_220525_OG50_0081","22:47","22:47","Rodentia","Hoplomys_gymnurus","","SP04-ARL_220525_OG50_0081-r0057",NA,NA,0.53403036,-79.14419137,316,"old-growth forest","old-growth forest",NA,55,"camera_trap","old-growth","mandibleDiagonal",20.655
"2262","OG50","SP04-ARL_220525_OG50_0081","22:47","22:47","Rodentia","Hoplomys_gymnurus","","SP04-ARL_220525_OG50_0081-r0057",NA,NA,0.53403036,-79.14419137,316,"old-growth forest","old-growth forest",NA,55,"camera_trap","old-growth","mandibleLength",20.0475
"2263","OG50","SP04-ARL_220525_OG50_0081","22:47","22:47","Rodentia","Hoplomys_gymnurus","","SP04-ARL_220525_OG50_0081-r0057",NA,NA,0.53403036,-79.14419137,316,"old-growth forest","old-growth forest",NA,55,"camera_trap","old-growth","mandibleWidth",23.0775
"2264","OG50","SP04-ARL_220525_OG50_0081","22:47","22:47","Rodentia","Hoplomys_gymnurus","","SP04-ARL_220525_OG50_0081-r0057",NA,NA,0.53403036,-79.14419137,316,"old-growth forest","old-growth forest",NA,55,"camera_trap","old-growth","mandibularcorpusHeight",8.9675
"2265","OG50","SP04-ARL_220525_OG50_0081","22:47","22:47","Rodentia","Hoplomys_gymnurus","","SP04-ARL_220525_OG50_0081-r0057",NA,NA,0.53403036,-79.14419137,316,"old-growth forest","old-growth forest",NA,55,"camera_trap","old-growth","maxillarytoothrowAlveolarlength",8.9225
"2266","OG50","SP04-ARL_220525_OG50_0081","22:47","22:47","Rodentia","Hoplomys_gymnurus","","SP04-ARL_220525_OG50_0081-r0057",NA,NA,0.53403036,-79.14419137,316,"old-growth forest","old-growth forest",NA,55,"camera_trap","old-growth","rostrumLength",21.61
"2267","OG50","SP04-ARL_220525_OG50_0081","22:47","22:47","Rodentia","Hoplomys_gymnurus","","SP04-ARL_220525_OG50_0081-r0057",NA,NA,0.53403036,-79.14419137,316,"old-growth forest","old-growth forest",NA,55,"camera_trap","old-growth","tailLength",188.0475
"2268","OG50","SP04-ARL_220525_OG50_0081","22:47","22:47","Rodentia","Hoplomys_gymnurus","","SP04-ARL_220525_OG50_0081-r0057",NA,NA,0.53403036,-79.14419137,316,"old-growth forest","old-growth forest",NA,55,"camera_trap","old-growth","vibrissaeLength",92.7625
"2269","OG50","SP04-ARL_220525_OG50_0081","22:47","22:47","Rodentia","Hoplomys_gymnurus","","SP04-ARL_220525_OG50_0081-r0057",NA,NA,0.53403036,-79.14419137,316,"old-growth forest","old-growth forest",NA,55,"camera_trap","old-growth","zygomaticBreadth",28.115
"2270","OG50","SP04-ARL_220525_OG50_0081","23:44","23:46","Rodentia","Hoplomys_gymnurus","","SP04-ARL_220525_OG50_0081-r0058",NA,NA,0.53403036,-79.14419137,316,"old-growth forest","old-growth forest",NA,55,"camera_trap","old-growth","BodyMass",240
"2271","OG50","SP04-ARL_220525_OG50_0081","23:44","23:46","Rodentia","Hoplomys_gymnurus","","SP04-ARL_220525_OG50_0081-r0058",NA,NA,0.53403036,-79.14419137,316,"old-growth forest","old-growth forest",NA,55,"camera_trap","old-growth","Sex",NA
"2272","OG50","SP04-ARL_220525_OG50_0081","23:44","23:46","Rodentia","Hoplomys_gymnurus","","SP04-ARL_220525_OG50_0081-r0058",NA,NA,0.53403036,-79.14419137,316,"old-growth forest","old-growth forest",NA,55,"camera_trap","old-growth","acrossincisortipsBreadth",3.86
"2273","OG50","SP04-ARL_220525_OG50_0081","23:44","23:46","Rodentia","Hoplomys_gymnurus","","SP04-ARL_220525_OG50_0081-r0058",NA,NA,0.53403036,-79.14419137,316,"old-growth forest","old-growth forest",NA,55,"camera_trap","old-growth","condylobasalLength",52.765
"2274","OG50","SP04-ARL_220525_OG50_0081","23:44","23:46","Rodentia","Hoplomys_gymnurus","","SP04-ARL_220525_OG50_0081-r0058",NA,NA,0.53403036,-79.14419137,316,"old-growth forest","old-growth forest",NA,55,"camera_trap","old-growth","earLength",19.1675
"2275","OG50","SP04-ARL_220525_OG50_0081","23:44","23:46","Rodentia","Hoplomys_gymnurus","","SP04-ARL_220525_OG50_0081-r0058",NA,NA,0.53403036,-79.14419137,316,"old-growth forest","old-growth forest",NA,55,"camera_trap","old-growth","forefootLength",25.285
"2276","OG50","SP04-ARL_220525_OG50_0081","23:44","23:46","Rodentia","Hoplomys_gymnurus","","SP04-ARL_220525_OG50_0081-r0058",NA,NA,0.53403036,-79.14419137,316,"old-growth forest","old-growth forest",NA,55,"camera_trap","old-growth","forefootWidth",9.61
"2277","OG50","SP04-ARL_220525_OG50_0081","23:44","23:46","Rodentia","Hoplomys_gymnurus","","SP04-ARL_220525_OG50_0081-r0058",NA,NA,0.53403036,-79.14419137,316,"old-growth forest","old-growth forest",NA,55,"camera_trap","old-growth","forefootclawLength",4.6475
"2278","OG50","SP04-ARL_220525_OG50_0081","23:44","23:46","Rodentia","Hoplomys_gymnurus","","SP04-ARL_220525_OG50_0081-r0058",NA,NA,0.53403036,-79.14419137,316,"old-growth forest","old-growth forest",NA,55,"camera_trap","old-growth","headandbodyLength",177.035
"2279","OG50","SP04-ARL_220525_OG50_0081","23:44","23:46","Rodentia","Hoplomys_gymnurus","","SP04-ARL_220525_OG50_0081-r0058",NA,NA,0.53403036,-79.14419137,316,"old-growth forest","old-growth forest",NA,55,"camera_trap","old-growth","hindfootLength",56.2525
"2280","OG50","SP04-ARL_220525_OG50_0081","23:44","23:46","Rodentia","Hoplomys_gymnurus","","SP04-ARL_220525_OG50_0081-r0058",NA,NA,0.53403036,-79.14419137,316,"old-growth forest","old-growth forest",NA,55,"camera_trap","old-growth","hindfootWidth",11.2675
"2281","OG50","SP04-ARL_220525_OG50_0081","23:44","23:46","Rodentia","Hoplomys_gymnurus","","SP04-ARL_220525_OG50_0081-r0058",NA,NA,0.53403036,-79.14419137,316,"old-growth forest","old-growth forest",NA,55,"camera_trap","old-growth","mandibleDiagonal",20.655
"2282","OG50","SP04-ARL_220525_OG50_0081","23:44","23:46","Rodentia","Hoplomys_gymnurus","","SP04-ARL_220525_OG50_0081-r0058",NA,NA,0.53403036,-79.14419137,316,"old-growth forest","old-growth forest",NA,55,"camera_trap","old-growth","mandibleLength",20.0475
"2283","OG50","SP04-ARL_220525_OG50_0081","23:44","23:46","Rodentia","Hoplomys_gymnurus","","SP04-ARL_220525_OG50_0081-r0058",NA,NA,0.53403036,-79.14419137,316,"old-growth forest","old-growth forest",NA,55,"camera_trap","old-growth","mandibleWidth",23.0775
"2284","OG50","SP04-ARL_220525_OG50_0081","23:44","23:46","Rodentia","Hoplomys_gymnurus","","SP04-ARL_220525_OG50_0081-r0058",NA,NA,0.53403036,-79.14419137,316,"old-growth forest","old-growth forest",NA,55,"camera_trap","old-growth","mandibularcorpusHeight",8.9675
"2285","OG50","SP04-ARL_220525_OG50_0081","23:44","23:46","Rodentia","Hoplomys_gymnurus","","SP04-ARL_220525_OG50_0081-r0058",NA,NA,0.53403036,-79.14419137,316,"old-growth forest","old-growth forest",NA,55,"camera_trap","old-growth","maxillarytoothrowAlveolarlength",8.9225
"2286","OG50","SP04-ARL_220525_OG50_0081","23:44","23:46","Rodentia","Hoplomys_gymnurus","","SP04-ARL_220525_OG50_0081-r0058",NA,NA,0.53403036,-79.14419137,316,"old-growth forest","old-growth forest",NA,55,"camera_trap","old-growth","rostrumLength",21.61
"2287","OG50","SP04-ARL_220525_OG50_0081","23:44","23:46","Rodentia","Hoplomys_gymnurus","","SP04-ARL_220525_OG50_0081-r0058",NA,NA,0.53403036,-79.14419137,316,"old-growth forest","old-growth forest",NA,55,"camera_trap","old-growth","tailLength",188.0475
"2288","OG50","SP04-ARL_220525_OG50_0081","23:44","23:46","Rodentia","Hoplomys_gymnurus","","SP04-ARL_220525_OG50_0081-r0058",NA,NA,0.53403036,-79.14419137,316,"old-growth forest","old-growth forest",NA,55,"camera_trap","old-growth","vibrissaeLength",92.7625
"2289","OG50","SP04-ARL_220525_OG50_0081","23:44","23:46","Rodentia","Hoplomys_gymnurus","","SP04-ARL_220525_OG50_0081-r0058",NA,NA,0.53403036,-79.14419137,316,"old-growth forest","old-growth forest",NA,55,"camera_trap","old-growth","zygomaticBreadth",28.115
"2290","OG50","SP04-ARL_220527_OG50_0082","02:57","02:57","Rodentia","Hoplomys_gymnurus","","SP04-ARL_220527_OG50_0082-r0059",NA,NA,0.53403036,-79.14419137,316,"old-growth forest","old-growth forest",NA,55,"camera_trap","old-growth","BodyMass",240
"2291","OG50","SP04-ARL_220527_OG50_0082","02:57","02:57","Rodentia","Hoplomys_gymnurus","","SP04-ARL_220527_OG50_0082-r0059",NA,NA,0.53403036,-79.14419137,316,"old-growth forest","old-growth forest",NA,55,"camera_trap","old-growth","Sex",NA
"2292","OG50","SP04-ARL_220527_OG50_0082","02:57","02:57","Rodentia","Hoplomys_gymnurus","","SP04-ARL_220527_OG50_0082-r0059",NA,NA,0.53403036,-79.14419137,316,"old-growth forest","old-growth forest",NA,55,"camera_trap","old-growth","acrossincisortipsBreadth",3.86
"2293","OG50","SP04-ARL_220527_OG50_0082","02:57","02:57","Rodentia","Hoplomys_gymnurus","","SP04-ARL_220527_OG50_0082-r0059",NA,NA,0.53403036,-79.14419137,316,"old-growth forest","old-growth forest",NA,55,"camera_trap","old-growth","condylobasalLength",52.765
"2294","OG50","SP04-ARL_220527_OG50_0082","02:57","02:57","Rodentia","Hoplomys_gymnurus","","SP04-ARL_220527_OG50_0082-r0059",NA,NA,0.53403036,-79.14419137,316,"old-growth forest","old-growth forest",NA,55,"camera_trap","old-growth","earLength",19.1675
"2295","OG50","SP04-ARL_220527_OG50_0082","02:57","02:57","Rodentia","Hoplomys_gymnurus","","SP04-ARL_220527_OG50_0082-r0059",NA,NA,0.53403036,-79.14419137,316,"old-growth forest","old-growth forest",NA,55,"camera_trap","old-growth","forefootLength",25.285
"2296","OG50","SP04-ARL_220527_OG50_0082","02:57","02:57","Rodentia","Hoplomys_gymnurus","","SP04-ARL_220527_OG50_0082-r0059",NA,NA,0.53403036,-79.14419137,316,"old-growth forest","old-growth forest",NA,55,"camera_trap","old-growth","forefootWidth",9.61
"2297","OG50","SP04-ARL_220527_OG50_0082","02:57","02:57","Rodentia","Hoplomys_gymnurus","","SP04-ARL_220527_OG50_0082-r0059",NA,NA,0.53403036,-79.14419137,316,"old-growth forest","old-growth forest",NA,55,"camera_trap","old-growth","forefootclawLength",4.6475
"2298","OG50","SP04-ARL_220527_OG50_0082","02:57","02:57","Rodentia","Hoplomys_gymnurus","","SP04-ARL_220527_OG50_0082-r0059",NA,NA,0.53403036,-79.14419137,316,"old-growth forest","old-growth forest",NA,55,"camera_trap","old-growth","headandbodyLength",177.035
"2299","OG50","SP04-ARL_220527_OG50_0082","02:57","02:57","Rodentia","Hoplomys_gymnurus","","SP04-ARL_220527_OG50_0082-r0059",NA,NA,0.53403036,-79.14419137,316,"old-growth forest","old-growth forest",NA,55,"camera_trap","old-growth","hindfootLength",56.2525
"2300","OG50","SP04-ARL_220527_OG50_0082","02:57","02:57","Rodentia","Hoplomys_gymnurus","","SP04-ARL_220527_OG50_0082-r0059",NA,NA,0.53403036,-79.14419137,316,"old-growth forest","old-growth forest",NA,55,"camera_trap","old-growth","hindfootWidth",11.2675
"2301","OG50","SP04-ARL_220527_OG50_0082","02:57","02:57","Rodentia","Hoplomys_gymnurus","","SP04-ARL_220527_OG50_0082-r0059",NA,NA,0.53403036,-79.14419137,316,"old-growth forest","old-growth forest",NA,55,"camera_trap","old-growth","mandibleDiagonal",20.655
"2302","OG50","SP04-ARL_220527_OG50_0082","02:57","02:57","Rodentia","Hoplomys_gymnurus","","SP04-ARL_220527_OG50_0082-r0059",NA,NA,0.53403036,-79.14419137,316,"old-growth forest","old-growth forest",NA,55,"camera_trap","old-growth","mandibleLength",20.0475
"2303","OG50","SP04-ARL_220527_OG50_0082","02:57","02:57","Rodentia","Hoplomys_gymnurus","","SP04-ARL_220527_OG50_0082-r0059",NA,NA,0.53403036,-79.14419137,316,"old-growth forest","old-growth forest",NA,55,"camera_trap","old-growth","mandibleWidth",23.0775
"2304","OG50","SP04-ARL_220527_OG50_0082","02:57","02:57","Rodentia","Hoplomys_gymnurus","","SP04-ARL_220527_OG50_0082-r0059",NA,NA,0.53403036,-79.14419137,316,"old-growth forest","old-growth forest",NA,55,"camera_trap","old-growth","mandibularcorpusHeight",8.9675
"2305","OG50","SP04-ARL_220527_OG50_0082","02:57","02:57","Rodentia","Hoplomys_gymnurus","","SP04-ARL_220527_OG50_0082-r0059",NA,NA,0.53403036,-79.14419137,316,"old-growth forest","old-growth forest",NA,55,"camera_trap","old-growth","maxillarytoothrowAlveolarlength",8.9225
"2306","OG50","SP04-ARL_220527_OG50_0082","02:57","02:57","Rodentia","Hoplomys_gymnurus","","SP04-ARL_220527_OG50_0082-r0059",NA,NA,0.53403036,-79.14419137,316,"old-growth forest","old-growth forest",NA,55,"camera_trap","old-growth","rostrumLength",21.61
"2307","OG50","SP04-ARL_220527_OG50_0082","02:57","02:57","Rodentia","Hoplomys_gymnurus","","SP04-ARL_220527_OG50_0082-r0059",NA,NA,0.53403036,-79.14419137,316,"old-growth forest","old-growth forest",NA,55,"camera_trap","old-growth","tailLength",188.0475
"2308","OG50","SP04-ARL_220527_OG50_0082","02:57","02:57","Rodentia","Hoplomys_gymnurus","","SP04-ARL_220527_OG50_0082-r0059",NA,NA,0.53403036,-79.14419137,316,"old-growth forest","old-growth forest",NA,55,"camera_trap","old-growth","vibrissaeLength",92.7625
"2309","OG50","SP04-ARL_220527_OG50_0082","02:57","02:57","Rodentia","Hoplomys_gymnurus","","SP04-ARL_220527_OG50_0082-r0059",NA,NA,0.53403036,-79.14419137,316,"old-growth forest","old-growth forest",NA,55,"camera_trap","old-growth","zygomaticBreadth",28.115
"2310","OG50","SP04-ARL_220527_OG50_0082","04:15","04:15","Rodentia","Hoplomys_gymnurus","","SP04-ARL_220527_OG50_0082-r0060",NA,NA,0.53403036,-79.14419137,316,"old-growth forest","old-growth forest",NA,55,"camera_trap","old-growth","BodyMass",240
"2311","OG50","SP04-ARL_220527_OG50_0082","04:15","04:15","Rodentia","Hoplomys_gymnurus","","SP04-ARL_220527_OG50_0082-r0060",NA,NA,0.53403036,-79.14419137,316,"old-growth forest","old-growth forest",NA,55,"camera_trap","old-growth","Sex",NA
"2312","OG50","SP04-ARL_220527_OG50_0082","04:15","04:15","Rodentia","Hoplomys_gymnurus","","SP04-ARL_220527_OG50_0082-r0060",NA,NA,0.53403036,-79.14419137,316,"old-growth forest","old-growth forest",NA,55,"camera_trap","old-growth","acrossincisortipsBreadth",3.86
"2313","OG50","SP04-ARL_220527_OG50_0082","04:15","04:15","Rodentia","Hoplomys_gymnurus","","SP04-ARL_220527_OG50_0082-r0060",NA,NA,0.53403036,-79.14419137,316,"old-growth forest","old-growth forest",NA,55,"camera_trap","old-growth","condylobasalLength",52.765
"2314","OG50","SP04-ARL_220527_OG50_0082","04:15","04:15","Rodentia","Hoplomys_gymnurus","","SP04-ARL_220527_OG50_0082-r0060",NA,NA,0.53403036,-79.14419137,316,"old-growth forest","old-growth forest",NA,55,"camera_trap","old-growth","earLength",19.1675
"2315","OG50","SP04-ARL_220527_OG50_0082","04:15","04:15","Rodentia","Hoplomys_gymnurus","","SP04-ARL_220527_OG50_0082-r0060",NA,NA,0.53403036,-79.14419137,316,"old-growth forest","old-growth forest",NA,55,"camera_trap","old-growth","forefootLength",25.285
"2316","OG50","SP04-ARL_220527_OG50_0082","04:15","04:15","Rodentia","Hoplomys_gymnurus","","SP04-ARL_220527_OG50_0082-r0060",NA,NA,0.53403036,-79.14419137,316,"old-growth forest","old-growth forest",NA,55,"camera_trap","old-growth","forefootWidth",9.61
"2317","OG50","SP04-ARL_220527_OG50_0082","04:15","04:15","Rodentia","Hoplomys_gymnurus","","SP04-ARL_220527_OG50_0082-r0060",NA,NA,0.53403036,-79.14419137,316,"old-growth forest","old-growth forest",NA,55,"camera_trap","old-growth","forefootclawLength",4.6475
"2318","OG50","SP04-ARL_220527_OG50_0082","04:15","04:15","Rodentia","Hoplomys_gymnurus","","SP04-ARL_220527_OG50_0082-r0060",NA,NA,0.53403036,-79.14419137,316,"old-growth forest","old-growth forest",NA,55,"camera_trap","old-growth","headandbodyLength",177.035
"2319","OG50","SP04-ARL_220527_OG50_0082","04:15","04:15","Rodentia","Hoplomys_gymnurus","","SP04-ARL_220527_OG50_0082-r0060",NA,NA,0.53403036,-79.14419137,316,"old-growth forest","old-growth forest",NA,55,"camera_trap","old-growth","hindfootLength",56.2525
"2320","OG50","SP04-ARL_220527_OG50_0082","04:15","04:15","Rodentia","Hoplomys_gymnurus","","SP04-ARL_220527_OG50_0082-r0060",NA,NA,0.53403036,-79.14419137,316,"old-growth forest","old-growth forest",NA,55,"camera_trap","old-growth","hindfootWidth",11.2675
"2321","OG50","SP04-ARL_220527_OG50_0082","04:15","04:15","Rodentia","Hoplomys_gymnurus","","SP04-ARL_220527_OG50_0082-r0060",NA,NA,0.53403036,-79.14419137,316,"old-growth forest","old-growth forest",NA,55,"camera_trap","old-growth","mandibleDiagonal",20.655
"2322","OG50","SP04-ARL_220527_OG50_0082","04:15","04:15","Rodentia","Hoplomys_gymnurus","","SP04-ARL_220527_OG50_0082-r0060",NA,NA,0.53403036,-79.14419137,316,"old-growth forest","old-growth forest",NA,55,"camera_trap","old-growth","mandibleLength",20.0475
"2323","OG50","SP04-ARL_220527_OG50_0082","04:15","04:15","Rodentia","Hoplomys_gymnurus","","SP04-ARL_220527_OG50_0082-r0060",NA,NA,0.53403036,-79.14419137,316,"old-growth forest","old-growth forest",NA,55,"camera_trap","old-growth","mandibleWidth",23.0775
"2324","OG50","SP04-ARL_220527_OG50_0082","04:15","04:15","Rodentia","Hoplomys_gymnurus","","SP04-ARL_220527_OG50_0082-r0060",NA,NA,0.53403036,-79.14419137,316,"old-growth forest","old-growth forest",NA,55,"camera_trap","old-growth","mandibularcorpusHeight",8.9675
"2325","OG50","SP04-ARL_220527_OG50_0082","04:15","04:15","Rodentia","Hoplomys_gymnurus","","SP04-ARL_220527_OG50_0082-r0060",NA,NA,0.53403036,-79.14419137,316,"old-growth forest","old-growth forest",NA,55,"camera_trap","old-growth","maxillarytoothrowAlveolarlength",8.9225
"2326","OG50","SP04-ARL_220527_OG50_0082","04:15","04:15","Rodentia","Hoplomys_gymnurus","","SP04-ARL_220527_OG50_0082-r0060",NA,NA,0.53403036,-79.14419137,316,"old-growth forest","old-growth forest",NA,55,"camera_trap","old-growth","rostrumLength",21.61
"2327","OG50","SP04-ARL_220527_OG50_0082","04:15","04:15","Rodentia","Hoplomys_gymnurus","","SP04-ARL_220527_OG50_0082-r0060",NA,NA,0.53403036,-79.14419137,316,"old-growth forest","old-growth forest",NA,55,"camera_trap","old-growth","tailLength",188.0475
"2328","OG50","SP04-ARL_220527_OG50_0082","04:15","04:15","Rodentia","Hoplomys_gymnurus","","SP04-ARL_220527_OG50_0082-r0060",NA,NA,0.53403036,-79.14419137,316,"old-growth forest","old-growth forest",NA,55,"camera_trap","old-growth","vibrissaeLength",92.7625
"2329","OG50","SP04-ARL_220527_OG50_0082","04:15","04:15","Rodentia","Hoplomys_gymnurus","","SP04-ARL_220527_OG50_0082-r0060",NA,NA,0.53403036,-79.14419137,316,"old-growth forest","old-growth forest",NA,55,"camera_trap","old-growth","zygomaticBreadth",28.115
"2330","OG50","SP04-ARL_220524_OG50_0080","07:31","07:31","Rodentia","Hoplomys_gymnurus","","SP04-ARL_220524_OG50_0080-r0052",NA,NA,0.53403036,-79.14419137,316,"old-growth forest","old-growth forest",NA,55,"camera_trap","old-growth","BodyMass",240
"2331","OG50","SP04-ARL_220524_OG50_0080","07:31","07:31","Rodentia","Hoplomys_gymnurus","","SP04-ARL_220524_OG50_0080-r0052",NA,NA,0.53403036,-79.14419137,316,"old-growth forest","old-growth forest",NA,55,"camera_trap","old-growth","Sex",NA
"2332","OG50","SP04-ARL_220524_OG50_0080","07:31","07:31","Rodentia","Hoplomys_gymnurus","","SP04-ARL_220524_OG50_0080-r0052",NA,NA,0.53403036,-79.14419137,316,"old-growth forest","old-growth forest",NA,55,"camera_trap","old-growth","acrossincisortipsBreadth",3.86
"2333","OG50","SP04-ARL_220524_OG50_0080","07:31","07:31","Rodentia","Hoplomys_gymnurus","","SP04-ARL_220524_OG50_0080-r0052",NA,NA,0.53403036,-79.14419137,316,"old-growth forest","old-growth forest",NA,55,"camera_trap","old-growth","condylobasalLength",52.765
"2334","OG50","SP04-ARL_220524_OG50_0080","07:31","07:31","Rodentia","Hoplomys_gymnurus","","SP04-ARL_220524_OG50_0080-r0052",NA,NA,0.53403036,-79.14419137,316,"old-growth forest","old-growth forest",NA,55,"camera_trap","old-growth","earLength",19.1675
"2335","OG50","SP04-ARL_220524_OG50_0080","07:31","07:31","Rodentia","Hoplomys_gymnurus","","SP04-ARL_220524_OG50_0080-r0052",NA,NA,0.53403036,-79.14419137,316,"old-growth forest","old-growth forest",NA,55,"camera_trap","old-growth","forefootLength",25.285
"2336","OG50","SP04-ARL_220524_OG50_0080","07:31","07:31","Rodentia","Hoplomys_gymnurus","","SP04-ARL_220524_OG50_0080-r0052",NA,NA,0.53403036,-79.14419137,316,"old-growth forest","old-growth forest",NA,55,"camera_trap","old-growth","forefootWidth",9.61
"2337","OG50","SP04-ARL_220524_OG50_0080","07:31","07:31","Rodentia","Hoplomys_gymnurus","","SP04-ARL_220524_OG50_0080-r0052",NA,NA,0.53403036,-79.14419137,316,"old-growth forest","old-growth forest",NA,55,"camera_trap","old-growth","forefootclawLength",4.6475
"2338","OG50","SP04-ARL_220524_OG50_0080","07:31","07:31","Rodentia","Hoplomys_gymnurus","","SP04-ARL_220524_OG50_0080-r0052",NA,NA,0.53403036,-79.14419137,316,"old-growth forest","old-growth forest",NA,55,"camera_trap","old-growth","headandbodyLength",177.035
"2339","OG50","SP04-ARL_220524_OG50_0080","07:31","07:31","Rodentia","Hoplomys_gymnurus","","SP04-ARL_220524_OG50_0080-r0052",NA,NA,0.53403036,-79.14419137,316,"old-growth forest","old-growth forest",NA,55,"camera_trap","old-growth","hindfootLength",56.2525
"2340","OG50","SP04-ARL_220524_OG50_0080","07:31","07:31","Rodentia","Hoplomys_gymnurus","","SP04-ARL_220524_OG50_0080-r0052",NA,NA,0.53403036,-79.14419137,316,"old-growth forest","old-growth forest",NA,55,"camera_trap","old-growth","hindfootWidth",11.2675
"2341","OG50","SP04-ARL_220524_OG50_0080","07:31","07:31","Rodentia","Hoplomys_gymnurus","","SP04-ARL_220524_OG50_0080-r0052",NA,NA,0.53403036,-79.14419137,316,"old-growth forest","old-growth forest",NA,55,"camera_trap","old-growth","mandibleDiagonal",20.655
"2342","OG50","SP04-ARL_220524_OG50_0080","07:31","07:31","Rodentia","Hoplomys_gymnurus","","SP04-ARL_220524_OG50_0080-r0052",NA,NA,0.53403036,-79.14419137,316,"old-growth forest","old-growth forest",NA,55,"camera_trap","old-growth","mandibleLength",20.0475
"2343","OG50","SP04-ARL_220524_OG50_0080","07:31","07:31","Rodentia","Hoplomys_gymnurus","","SP04-ARL_220524_OG50_0080-r0052",NA,NA,0.53403036,-79.14419137,316,"old-growth forest","old-growth forest",NA,55,"camera_trap","old-growth","mandibleWidth",23.0775
"2344","OG50","SP04-ARL_220524_OG50_0080","07:31","07:31","Rodentia","Hoplomys_gymnurus","","SP04-ARL_220524_OG50_0080-r0052",NA,NA,0.53403036,-79.14419137,316,"old-growth forest","old-growth forest",NA,55,"camera_trap","old-growth","mandibularcorpusHeight",8.9675
"2345","OG50","SP04-ARL_220524_OG50_0080","07:31","07:31","Rodentia","Hoplomys_gymnurus","","SP04-ARL_220524_OG50_0080-r0052",NA,NA,0.53403036,-79.14419137,316,"old-growth forest","old-growth forest",NA,55,"camera_trap","old-growth","maxillarytoothrowAlveolarlength",8.9225
"2346","OG50","SP04-ARL_220524_OG50_0080","07:31","07:31","Rodentia","Hoplomys_gymnurus","","SP04-ARL_220524_OG50_0080-r0052",NA,NA,0.53403036,-79.14419137,316,"old-growth forest","old-growth forest",NA,55,"camera_trap","old-growth","rostrumLength",21.61
"2347","OG50","SP04-ARL_220524_OG50_0080","07:31","07:31","Rodentia","Hoplomys_gymnurus","","SP04-ARL_220524_OG50_0080-r0052",NA,NA,0.53403036,-79.14419137,316,"old-growth forest","old-growth forest",NA,55,"camera_trap","old-growth","tailLength",188.0475
"2348","OG50","SP04-ARL_220524_OG50_0080","07:31","07:31","Rodentia","Hoplomys_gymnurus","","SP04-ARL_220524_OG50_0080-r0052",NA,NA,0.53403036,-79.14419137,316,"old-growth forest","old-growth forest",NA,55,"camera_trap","old-growth","vibrissaeLength",92.7625
"2349","OG50","SP04-ARL_220524_OG50_0080","07:31","07:31","Rodentia","Hoplomys_gymnurus","","SP04-ARL_220524_OG50_0080-r0052",NA,NA,0.53403036,-79.14419137,316,"old-growth forest","old-growth forest",NA,55,"camera_trap","old-growth","zygomaticBreadth",28.115
"2350","OG50","SP04-ARL_220524_OG50_0080","20:56","20:56","Rodentia","Hoplomys_gymnurus","","SP04-ARL_220524_OG50_0080-r0053",NA,NA,0.53403036,-79.14419137,316,"old-growth forest","old-growth forest",NA,55,"camera_trap","old-growth","BodyMass",240
"2351","OG50","SP04-ARL_220524_OG50_0080","20:56","20:56","Rodentia","Hoplomys_gymnurus","","SP04-ARL_220524_OG50_0080-r0053",NA,NA,0.53403036,-79.14419137,316,"old-growth forest","old-growth forest",NA,55,"camera_trap","old-growth","Sex",NA
"2352","OG50","SP04-ARL_220524_OG50_0080","20:56","20:56","Rodentia","Hoplomys_gymnurus","","SP04-ARL_220524_OG50_0080-r0053",NA,NA,0.53403036,-79.14419137,316,"old-growth forest","old-growth forest",NA,55,"camera_trap","old-growth","acrossincisortipsBreadth",3.86
"2353","OG50","SP04-ARL_220524_OG50_0080","20:56","20:56","Rodentia","Hoplomys_gymnurus","","SP04-ARL_220524_OG50_0080-r0053",NA,NA,0.53403036,-79.14419137,316,"old-growth forest","old-growth forest",NA,55,"camera_trap","old-growth","condylobasalLength",52.765
"2354","OG50","SP04-ARL_220524_OG50_0080","20:56","20:56","Rodentia","Hoplomys_gymnurus","","SP04-ARL_220524_OG50_0080-r0053",NA,NA,0.53403036,-79.14419137,316,"old-growth forest","old-growth forest",NA,55,"camera_trap","old-growth","earLength",19.1675
"2355","OG50","SP04-ARL_220524_OG50_0080","20:56","20:56","Rodentia","Hoplomys_gymnurus","","SP04-ARL_220524_OG50_0080-r0053",NA,NA,0.53403036,-79.14419137,316,"old-growth forest","old-growth forest",NA,55,"camera_trap","old-growth","forefootLength",25.285
"2356","OG50","SP04-ARL_220524_OG50_0080","20:56","20:56","Rodentia","Hoplomys_gymnurus","","SP04-ARL_220524_OG50_0080-r0053",NA,NA,0.53403036,-79.14419137,316,"old-growth forest","old-growth forest",NA,55,"camera_trap","old-growth","forefootWidth",9.61
"2357","OG50","SP04-ARL_220524_OG50_0080","20:56","20:56","Rodentia","Hoplomys_gymnurus","","SP04-ARL_220524_OG50_0080-r0053",NA,NA,0.53403036,-79.14419137,316,"old-growth forest","old-growth forest",NA,55,"camera_trap","old-growth","forefootclawLength",4.6475
"2358","OG50","SP04-ARL_220524_OG50_0080","20:56","20:56","Rodentia","Hoplomys_gymnurus","","SP04-ARL_220524_OG50_0080-r0053",NA,NA,0.53403036,-79.14419137,316,"old-growth forest","old-growth forest",NA,55,"camera_trap","old-growth","headandbodyLength",177.035
"2359","OG50","SP04-ARL_220524_OG50_0080","20:56","20:56","Rodentia","Hoplomys_gymnurus","","SP04-ARL_220524_OG50_0080-r0053",NA,NA,0.53403036,-79.14419137,316,"old-growth forest","old-growth forest",NA,55,"camera_trap","old-growth","hindfootLength",56.2525
"2360","OG50","SP04-ARL_220524_OG50_0080","20:56","20:56","Rodentia","Hoplomys_gymnurus","","SP04-ARL_220524_OG50_0080-r0053",NA,NA,0.53403036,-79.14419137,316,"old-growth forest","old-growth forest",NA,55,"camera_trap","old-growth","hindfootWidth",11.2675
"2361","OG50","SP04-ARL_220524_OG50_0080","20:56","20:56","Rodentia","Hoplomys_gymnurus","","SP04-ARL_220524_OG50_0080-r0053",NA,NA,0.53403036,-79.14419137,316,"old-growth forest","old-growth forest",NA,55,"camera_trap","old-growth","mandibleDiagonal",20.655
"2362","OG50","SP04-ARL_220524_OG50_0080","20:56","20:56","Rodentia","Hoplomys_gymnurus","","SP04-ARL_220524_OG50_0080-r0053",NA,NA,0.53403036,-79.14419137,316,"old-growth forest","old-growth forest",NA,55,"camera_trap","old-growth","mandibleLength",20.0475
"2363","OG50","SP04-ARL_220524_OG50_0080","20:56","20:56","Rodentia","Hoplomys_gymnurus","","SP04-ARL_220524_OG50_0080-r0053",NA,NA,0.53403036,-79.14419137,316,"old-growth forest","old-growth forest",NA,55,"camera_trap","old-growth","mandibleWidth",23.0775
"2364","OG50","SP04-ARL_220524_OG50_0080","20:56","20:56","Rodentia","Hoplomys_gymnurus","","SP04-ARL_220524_OG50_0080-r0053",NA,NA,0.53403036,-79.14419137,316,"old-growth forest","old-growth forest",NA,55,"camera_trap","old-growth","mandibularcorpusHeight",8.9675
"2365","OG50","SP04-ARL_220524_OG50_0080","20:56","20:56","Rodentia","Hoplomys_gymnurus","","SP04-ARL_220524_OG50_0080-r0053",NA,NA,0.53403036,-79.14419137,316,"old-growth forest","old-growth forest",NA,55,"camera_trap","old-growth","maxillarytoothrowAlveolarlength",8.9225
"2366","OG50","SP04-ARL_220524_OG50_0080","20:56","20:56","Rodentia","Hoplomys_gymnurus","","SP04-ARL_220524_OG50_0080-r0053",NA,NA,0.53403036,-79.14419137,316,"old-growth forest","old-growth forest",NA,55,"camera_trap","old-growth","rostrumLength",21.61
"2367","OG50","SP04-ARL_220524_OG50_0080","20:56","20:56","Rodentia","Hoplomys_gymnurus","","SP04-ARL_220524_OG50_0080-r0053",NA,NA,0.53403036,-79.14419137,316,"old-growth forest","old-growth forest",NA,55,"camera_trap","old-growth","tailLength",188.0475
"2368","OG50","SP04-ARL_220524_OG50_0080","20:56","20:56","Rodentia","Hoplomys_gymnurus","","SP04-ARL_220524_OG50_0080-r0053",NA,NA,0.53403036,-79.14419137,316,"old-growth forest","old-growth forest",NA,55,"camera_trap","old-growth","vibrissaeLength",92.7625
"2369","OG50","SP04-ARL_220524_OG50_0080","20:56","20:56","Rodentia","Hoplomys_gymnurus","","SP04-ARL_220524_OG50_0080-r0053",NA,NA,0.53403036,-79.14419137,316,"old-growth forest","old-growth forest",NA,55,"camera_trap","old-growth","zygomaticBreadth",28.115
"2370","OG50","SP04-ARL_220524_OG50_0080","21:04","21:04","Rodentia","Hoplomys_gymnurus","","SP04-ARL_220524_OG50_0080-r0054",NA,NA,0.53403036,-79.14419137,316,"old-growth forest","old-growth forest",NA,55,"camera_trap","old-growth","BodyMass",240
"2371","OG50","SP04-ARL_220524_OG50_0080","21:04","21:04","Rodentia","Hoplomys_gymnurus","","SP04-ARL_220524_OG50_0080-r0054",NA,NA,0.53403036,-79.14419137,316,"old-growth forest","old-growth forest",NA,55,"camera_trap","old-growth","Sex",NA
"2372","OG50","SP04-ARL_220524_OG50_0080","21:04","21:04","Rodentia","Hoplomys_gymnurus","","SP04-ARL_220524_OG50_0080-r0054",NA,NA,0.53403036,-79.14419137,316,"old-growth forest","old-growth forest",NA,55,"camera_trap","old-growth","acrossincisortipsBreadth",3.86
"2373","OG50","SP04-ARL_220524_OG50_0080","21:04","21:04","Rodentia","Hoplomys_gymnurus","","SP04-ARL_220524_OG50_0080-r0054",NA,NA,0.53403036,-79.14419137,316,"old-growth forest","old-growth forest",NA,55,"camera_trap","old-growth","condylobasalLength",52.765
"2374","OG50","SP04-ARL_220524_OG50_0080","21:04","21:04","Rodentia","Hoplomys_gymnurus","","SP04-ARL_220524_OG50_0080-r0054",NA,NA,0.53403036,-79.14419137,316,"old-growth forest","old-growth forest",NA,55,"camera_trap","old-growth","earLength",19.1675
"2375","OG50","SP04-ARL_220524_OG50_0080","21:04","21:04","Rodentia","Hoplomys_gymnurus","","SP04-ARL_220524_OG50_0080-r0054",NA,NA,0.53403036,-79.14419137,316,"old-growth forest","old-growth forest",NA,55,"camera_trap","old-growth","forefootLength",25.285
"2376","OG50","SP04-ARL_220524_OG50_0080","21:04","21:04","Rodentia","Hoplomys_gymnurus","","SP04-ARL_220524_OG50_0080-r0054",NA,NA,0.53403036,-79.14419137,316,"old-growth forest","old-growth forest",NA,55,"camera_trap","old-growth","forefootWidth",9.61
"2377","OG50","SP04-ARL_220524_OG50_0080","21:04","21:04","Rodentia","Hoplomys_gymnurus","","SP04-ARL_220524_OG50_0080-r0054",NA,NA,0.53403036,-79.14419137,316,"old-growth forest","old-growth forest",NA,55,"camera_trap","old-growth","forefootclawLength",4.6475
"2378","OG50","SP04-ARL_220524_OG50_0080","21:04","21:04","Rodentia","Hoplomys_gymnurus","","SP04-ARL_220524_OG50_0080-r0054",NA,NA,0.53403036,-79.14419137,316,"old-growth forest","old-growth forest",NA,55,"camera_trap","old-growth","headandbodyLength",177.035
"2379","OG50","SP04-ARL_220524_OG50_0080","21:04","21:04","Rodentia","Hoplomys_gymnurus","","SP04-ARL_220524_OG50_0080-r0054",NA,NA,0.53403036,-79.14419137,316,"old-growth forest","old-growth forest",NA,55,"camera_trap","old-growth","hindfootLength",56.2525
"2380","OG50","SP04-ARL_220524_OG50_0080","21:04","21:04","Rodentia","Hoplomys_gymnurus","","SP04-ARL_220524_OG50_0080-r0054",NA,NA,0.53403036,-79.14419137,316,"old-growth forest","old-growth forest",NA,55,"camera_trap","old-growth","hindfootWidth",11.2675
"2381","OG50","SP04-ARL_220524_OG50_0080","21:04","21:04","Rodentia","Hoplomys_gymnurus","","SP04-ARL_220524_OG50_0080-r0054",NA,NA,0.53403036,-79.14419137,316,"old-growth forest","old-growth forest",NA,55,"camera_trap","old-growth","mandibleDiagonal",20.655
"2382","OG50","SP04-ARL_220524_OG50_0080","21:04","21:04","Rodentia","Hoplomys_gymnurus","","SP04-ARL_220524_OG50_0080-r0054",NA,NA,0.53403036,-79.14419137,316,"old-growth forest","old-growth forest",NA,55,"camera_trap","old-growth","mandibleLength",20.0475
"2383","OG50","SP04-ARL_220524_OG50_0080","21:04","21:04","Rodentia","Hoplomys_gymnurus","","SP04-ARL_220524_OG50_0080-r0054",NA,NA,0.53403036,-79.14419137,316,"old-growth forest","old-growth forest",NA,55,"camera_trap","old-growth","mandibleWidth",23.0775
"2384","OG50","SP04-ARL_220524_OG50_0080","21:04","21:04","Rodentia","Hoplomys_gymnurus","","SP04-ARL_220524_OG50_0080-r0054",NA,NA,0.53403036,-79.14419137,316,"old-growth forest","old-growth forest",NA,55,"camera_trap","old-growth","mandibularcorpusHeight",8.9675
"2385","OG50","SP04-ARL_220524_OG50_0080","21:04","21:04","Rodentia","Hoplomys_gymnurus","","SP04-ARL_220524_OG50_0080-r0054",NA,NA,0.53403036,-79.14419137,316,"old-growth forest","old-growth forest",NA,55,"camera_trap","old-growth","maxillarytoothrowAlveolarlength",8.9225
"2386","OG50","SP04-ARL_220524_OG50_0080","21:04","21:04","Rodentia","Hoplomys_gymnurus","","SP04-ARL_220524_OG50_0080-r0054",NA,NA,0.53403036,-79.14419137,316,"old-growth forest","old-growth forest",NA,55,"camera_trap","old-growth","rostrumLength",21.61
"2387","OG50","SP04-ARL_220524_OG50_0080","21:04","21:04","Rodentia","Hoplomys_gymnurus","","SP04-ARL_220524_OG50_0080-r0054",NA,NA,0.53403036,-79.14419137,316,"old-growth forest","old-growth forest",NA,55,"camera_trap","old-growth","tailLength",188.0475
"2388","OG50","SP04-ARL_220524_OG50_0080","21:04","21:04","Rodentia","Hoplomys_gymnurus","","SP04-ARL_220524_OG50_0080-r0054",NA,NA,0.53403036,-79.14419137,316,"old-growth forest","old-growth forest",NA,55,"camera_trap","old-growth","vibrissaeLength",92.7625
"2389","OG50","SP04-ARL_220524_OG50_0080","21:04","21:04","Rodentia","Hoplomys_gymnurus","","SP04-ARL_220524_OG50_0080-r0054",NA,NA,0.53403036,-79.14419137,316,"old-growth forest","old-growth forest",NA,55,"camera_trap","old-growth","zygomaticBreadth",28.115
"2390","OG50","SP04-ARL_220523_OG50_0079","22:36","22:36","Rodentia","Trasandinomys_sp","","SP04-ARL_220523_OG50_0079-r0051",NA,NA,0.53403036,-79.14419137,316,"old-growth forest","old-growth forest",NA,55,"camera_trap","old-growth",NA,NA
"2391","OG50","SP04-ARL_220525_OG50_0081","12:48","12:48","Rodentia","Hoplomys_gymnurus","","SP04-ARL_220525_OG50_0081-r0055",NA,NA,0.53403036,-79.14419137,316,"old-growth forest","old-growth forest",NA,55,"camera_trap","old-growth","BodyMass",240
"2392","OG50","SP04-ARL_220525_OG50_0081","12:48","12:48","Rodentia","Hoplomys_gymnurus","","SP04-ARL_220525_OG50_0081-r0055",NA,NA,0.53403036,-79.14419137,316,"old-growth forest","old-growth forest",NA,55,"camera_trap","old-growth","Sex",NA
"2393","OG50","SP04-ARL_220525_OG50_0081","12:48","12:48","Rodentia","Hoplomys_gymnurus","","SP04-ARL_220525_OG50_0081-r0055",NA,NA,0.53403036,-79.14419137,316,"old-growth forest","old-growth forest",NA,55,"camera_trap","old-growth","acrossincisortipsBreadth",3.86
"2394","OG50","SP04-ARL_220525_OG50_0081","12:48","12:48","Rodentia","Hoplomys_gymnurus","","SP04-ARL_220525_OG50_0081-r0055",NA,NA,0.53403036,-79.14419137,316,"old-growth forest","old-growth forest",NA,55,"camera_trap","old-growth","condylobasalLength",52.765
"2395","OG50","SP04-ARL_220525_OG50_0081","12:48","12:48","Rodentia","Hoplomys_gymnurus","","SP04-ARL_220525_OG50_0081-r0055",NA,NA,0.53403036,-79.14419137,316,"old-growth forest","old-growth forest",NA,55,"camera_trap","old-growth","earLength",19.1675
"2396","OG50","SP04-ARL_220525_OG50_0081","12:48","12:48","Rodentia","Hoplomys_gymnurus","","SP04-ARL_220525_OG50_0081-r0055",NA,NA,0.53403036,-79.14419137,316,"old-growth forest","old-growth forest",NA,55,"camera_trap","old-growth","forefootLength",25.285
"2397","OG50","SP04-ARL_220525_OG50_0081","12:48","12:48","Rodentia","Hoplomys_gymnurus","","SP04-ARL_220525_OG50_0081-r0055",NA,NA,0.53403036,-79.14419137,316,"old-growth forest","old-growth forest",NA,55,"camera_trap","old-growth","forefootWidth",9.61
"2398","OG50","SP04-ARL_220525_OG50_0081","12:48","12:48","Rodentia","Hoplomys_gymnurus","","SP04-ARL_220525_OG50_0081-r0055",NA,NA,0.53403036,-79.14419137,316,"old-growth forest","old-growth forest",NA,55,"camera_trap","old-growth","forefootclawLength",4.6475
"2399","OG50","SP04-ARL_220525_OG50_0081","12:48","12:48","Rodentia","Hoplomys_gymnurus","","SP04-ARL_220525_OG50_0081-r0055",NA,NA,0.53403036,-79.14419137,316,"old-growth forest","old-growth forest",NA,55,"camera_trap","old-growth","headandbodyLength",177.035
"2400","OG50","SP04-ARL_220525_OG50_0081","12:48","12:48","Rodentia","Hoplomys_gymnurus","","SP04-ARL_220525_OG50_0081-r0055",NA,NA,0.53403036,-79.14419137,316,"old-growth forest","old-growth forest",NA,55,"camera_trap","old-growth","hindfootLength",56.2525
"2401","OG50","SP04-ARL_220525_OG50_0081","12:48","12:48","Rodentia","Hoplomys_gymnurus","","SP04-ARL_220525_OG50_0081-r0055",NA,NA,0.53403036,-79.14419137,316,"old-growth forest","old-growth forest",NA,55,"camera_trap","old-growth","hindfootWidth",11.2675
"2402","OG50","SP04-ARL_220525_OG50_0081","12:48","12:48","Rodentia","Hoplomys_gymnurus","","SP04-ARL_220525_OG50_0081-r0055",NA,NA,0.53403036,-79.14419137,316,"old-growth forest","old-growth forest",NA,55,"camera_trap","old-growth","mandibleDiagonal",20.655
"2403","OG50","SP04-ARL_220525_OG50_0081","12:48","12:48","Rodentia","Hoplomys_gymnurus","","SP04-ARL_220525_OG50_0081-r0055",NA,NA,0.53403036,-79.14419137,316,"old-growth forest","old-growth forest",NA,55,"camera_trap","old-growth","mandibleLength",20.0475
"2404","OG50","SP04-ARL_220525_OG50_0081","12:48","12:48","Rodentia","Hoplomys_gymnurus","","SP04-ARL_220525_OG50_0081-r0055",NA,NA,0.53403036,-79.14419137,316,"old-growth forest","old-growth forest",NA,55,"camera_trap","old-growth","mandibleWidth",23.0775
"2405","OG50","SP04-ARL_220525_OG50_0081","12:48","12:48","Rodentia","Hoplomys_gymnurus","","SP04-ARL_220525_OG50_0081-r0055",NA,NA,0.53403036,-79.14419137,316,"old-growth forest","old-growth forest",NA,55,"camera_trap","old-growth","mandibularcorpusHeight",8.9675
"2406","OG50","SP04-ARL_220525_OG50_0081","12:48","12:48","Rodentia","Hoplomys_gymnurus","","SP04-ARL_220525_OG50_0081-r0055",NA,NA,0.53403036,-79.14419137,316,"old-growth forest","old-growth forest",NA,55,"camera_trap","old-growth","maxillarytoothrowAlveolarlength",8.9225
"2407","OG50","SP04-ARL_220525_OG50_0081","12:48","12:48","Rodentia","Hoplomys_gymnurus","","SP04-ARL_220525_OG50_0081-r0055",NA,NA,0.53403036,-79.14419137,316,"old-growth forest","old-growth forest",NA,55,"camera_trap","old-growth","rostrumLength",21.61
"2408","OG50","SP04-ARL_220525_OG50_0081","12:48","12:48","Rodentia","Hoplomys_gymnurus","","SP04-ARL_220525_OG50_0081-r0055",NA,NA,0.53403036,-79.14419137,316,"old-growth forest","old-growth forest",NA,55,"camera_trap","old-growth","tailLength",188.0475
"2409","OG50","SP04-ARL_220525_OG50_0081","12:48","12:48","Rodentia","Hoplomys_gymnurus","","SP04-ARL_220525_OG50_0081-r0055",NA,NA,0.53403036,-79.14419137,316,"old-growth forest","old-growth forest",NA,55,"camera_trap","old-growth","vibrissaeLength",92.7625
"2410","OG50","SP04-ARL_220525_OG50_0081","12:48","12:48","Rodentia","Hoplomys_gymnurus","","SP04-ARL_220525_OG50_0081-r0055",NA,NA,0.53403036,-79.14419137,316,"old-growth forest","old-growth forest",NA,55,"camera_trap","old-growth","zygomaticBreadth",28.115
"2411","OG51","SP04-ARL_231009_OG51_0271","15:10","15:10","Rodentia","Cuniculus_paca","","SP04-ARL_231009_OG51_0271-r0188",NA,NA,0.55223173,-79.1374752,228,"old-growth forest","old-growth forest",NA,55,"camera_trap","old-growth","BodyMass",8172.55
"2412","OG51","SP04-ARL_231009_OG51_0271","15:10","15:10","Rodentia","Cuniculus_paca","","SP04-ARL_231009_OG51_0271-r0188",NA,NA,0.55223173,-79.1374752,228,"old-growth forest","old-growth forest",NA,55,"camera_trap","old-growth","Sex",NA
"2413","OG51","SP04-ARL_231009_OG51_0271","15:10","15:10","Rodentia","Cuniculus_paca","","SP04-ARL_231009_OG51_0271-r0188",NA,NA,0.55223173,-79.1374752,228,"old-growth forest","old-growth forest",NA,55,"camera_trap","old-growth","acrossincisortipsBreadth",9.00666666666667
"2414","OG51","SP04-ARL_231009_OG51_0271","15:10","15:10","Rodentia","Cuniculus_paca","","SP04-ARL_231009_OG51_0271-r0188",NA,NA,0.55223173,-79.1374752,228,"old-growth forest","old-growth forest",NA,55,"camera_trap","old-growth","condylobasalLength",129.675
"2415","OG51","SP04-ARL_231009_OG51_0271","15:10","15:10","Rodentia","Cuniculus_paca","","SP04-ARL_231009_OG51_0271-r0188",NA,NA,0.55223173,-79.1374752,228,"old-growth forest","old-growth forest",NA,55,"camera_trap","old-growth","mandibleDiagonal",65.91
"2416","OG51","SP04-ARL_231009_OG51_0271","15:10","15:10","Rodentia","Cuniculus_paca","","SP04-ARL_231009_OG51_0271-r0188",NA,NA,0.55223173,-79.1374752,228,"old-growth forest","old-growth forest",NA,55,"camera_trap","old-growth","mandibleLength",66.27
"2417","OG51","SP04-ARL_231009_OG51_0271","15:10","15:10","Rodentia","Cuniculus_paca","","SP04-ARL_231009_OG51_0271-r0188",NA,NA,0.55223173,-79.1374752,228,"old-growth forest","old-growth forest",NA,55,"camera_trap","old-growth","mandibleWidth",NA
"2418","OG51","SP04-ARL_231009_OG51_0271","15:10","15:10","Rodentia","Cuniculus_paca","","SP04-ARL_231009_OG51_0271-r0188",NA,NA,0.55223173,-79.1374752,228,"old-growth forest","old-growth forest",NA,55,"camera_trap","old-growth","mandibularcorpusHeight",28.6866666666667
"2419","OG51","SP04-ARL_231009_OG51_0271","15:10","15:10","Rodentia","Cuniculus_paca","","SP04-ARL_231009_OG51_0271-r0188",NA,NA,0.55223173,-79.1374752,228,"old-growth forest","old-growth forest",NA,55,"camera_trap","old-growth","maxillarytoothrowAlveolarlength",29.035
"2420","OG51","SP04-ARL_231009_OG51_0271","15:10","15:10","Rodentia","Cuniculus_paca","","SP04-ARL_231009_OG51_0271-r0188",NA,NA,0.55223173,-79.1374752,228,"old-growth forest","old-growth forest",NA,55,"camera_trap","old-growth","rostrumLength",55.72
"2421","OG51","SP04-ARL_231009_OG51_0271","15:10","15:10","Rodentia","Cuniculus_paca","","SP04-ARL_231009_OG51_0271-r0188",NA,NA,0.55223173,-79.1374752,228,"old-growth forest","old-growth forest",NA,55,"camera_trap","old-growth","zygomaticBreadth",94.45
"2422","OG51","SP04-ARL_231011_OG51_0272","17:19","17:19","Rodentia","Proechimys_semispinosus","","SP04-ARL_231011_OG51_0272-r0189",NA,NA,0.55223173,-79.1374752,228,"old-growth forest","old-growth forest",NA,55,"camera_trap","old-growth","BodyMass",360.5
"2423","OG51","SP04-ARL_231011_OG51_0272","17:19","17:19","Rodentia","Proechimys_semispinosus","","SP04-ARL_231011_OG51_0272-r0189",NA,NA,0.55223173,-79.1374752,228,"old-growth forest","old-growth forest",NA,55,"camera_trap","old-growth","Sex",NA
"2424","OG51","SP04-ARL_231011_OG51_0272","17:19","17:19","Rodentia","Proechimys_semispinosus","","SP04-ARL_231011_OG51_0272-r0189",NA,NA,0.55223173,-79.1374752,228,"old-growth forest","old-growth forest",NA,55,"camera_trap","old-growth","acrossincisortipsBreadth",7.283
"2425","OG51","SP04-ARL_231011_OG51_0272","17:19","17:19","Rodentia","Proechimys_semispinosus","","SP04-ARL_231011_OG51_0272-r0189",NA,NA,0.55223173,-79.1374752,228,"old-growth forest","old-growth forest",NA,55,"camera_trap","old-growth","condylobasalLength",44.546
"2426","OG51","SP04-ARL_231011_OG51_0272","17:19","17:19","Rodentia","Proechimys_semispinosus","","SP04-ARL_231011_OG51_0272-r0189",NA,NA,0.55223173,-79.1374752,228,"old-growth forest","old-growth forest",NA,55,"camera_trap","old-growth","earLength",15.0225
"2427","OG51","SP04-ARL_231011_OG51_0272","17:19","17:19","Rodentia","Proechimys_semispinosus","","SP04-ARL_231011_OG51_0272-r0189",NA,NA,0.55223173,-79.1374752,228,"old-growth forest","old-growth forest",NA,55,"camera_trap","old-growth","forefootLength",18.13
"2428","OG51","SP04-ARL_231011_OG51_0272","17:19","17:19","Rodentia","Proechimys_semispinosus","","SP04-ARL_231011_OG51_0272-r0189",NA,NA,0.55223173,-79.1374752,228,"old-growth forest","old-growth forest",NA,55,"camera_trap","old-growth","forefootWidth",6.8325
"2429","OG51","SP04-ARL_231011_OG51_0272","17:19","17:19","Rodentia","Proechimys_semispinosus","","SP04-ARL_231011_OG51_0272-r0189",NA,NA,0.55223173,-79.1374752,228,"old-growth forest","old-growth forest",NA,55,"camera_trap","old-growth","forefootclawLength",3.08
"2430","OG51","SP04-ARL_231011_OG51_0272","17:19","17:19","Rodentia","Proechimys_semispinosus","","SP04-ARL_231011_OG51_0272-r0189",NA,NA,0.55223173,-79.1374752,228,"old-growth forest","old-growth forest",NA,55,"camera_trap","old-growth","headandbodyLength",209.8225
"2431","OG51","SP04-ARL_231011_OG51_0272","17:19","17:19","Rodentia","Proechimys_semispinosus","","SP04-ARL_231011_OG51_0272-r0189",NA,NA,0.55223173,-79.1374752,228,"old-growth forest","old-growth forest",NA,55,"camera_trap","old-growth","hindfootLength",44.63
"2432","OG51","SP04-ARL_231011_OG51_0272","17:19","17:19","Rodentia","Proechimys_semispinosus","","SP04-ARL_231011_OG51_0272-r0189",NA,NA,0.55223173,-79.1374752,228,"old-growth forest","old-growth forest",NA,55,"camera_trap","old-growth","hindfootWidth",9.2
"2433","OG51","SP04-ARL_231011_OG51_0272","17:19","17:19","Rodentia","Proechimys_semispinosus","","SP04-ARL_231011_OG51_0272-r0189",NA,NA,0.55223173,-79.1374752,228,"old-growth forest","old-growth forest",NA,55,"camera_trap","old-growth","mandibleDiagonal",22.782
"2434","OG51","SP04-ARL_231011_OG51_0272","17:19","17:19","Rodentia","Proechimys_semispinosus","","SP04-ARL_231011_OG51_0272-r0189",NA,NA,0.55223173,-79.1374752,228,"old-growth forest","old-growth forest",NA,55,"camera_trap","old-growth","mandibleLength",22.9
"2435","OG51","SP04-ARL_231011_OG51_0272","17:19","17:19","Rodentia","Proechimys_semispinosus","","SP04-ARL_231011_OG51_0272-r0189",NA,NA,0.55223173,-79.1374752,228,"old-growth forest","old-growth forest",NA,55,"camera_trap","old-growth","mandibleWidth",26.8021428571429
"2436","OG51","SP04-ARL_231011_OG51_0272","17:19","17:19","Rodentia","Proechimys_semispinosus","","SP04-ARL_231011_OG51_0272-r0189",NA,NA,0.55223173,-79.1374752,228,"old-growth forest","old-growth forest",NA,55,"camera_trap","old-growth","mandibularcorpusHeight",11.66
"2437","OG51","SP04-ARL_231011_OG51_0272","17:19","17:19","Rodentia","Proechimys_semispinosus","","SP04-ARL_231011_OG51_0272-r0189",NA,NA,0.55223173,-79.1374752,228,"old-growth forest","old-growth forest",NA,55,"camera_trap","old-growth","maxillarytoothrowAlveolarlength",12.98
"2438","OG51","SP04-ARL_231011_OG51_0272","17:19","17:19","Rodentia","Proechimys_semispinosus","","SP04-ARL_231011_OG51_0272-r0189",NA,NA,0.55223173,-79.1374752,228,"old-growth forest","old-growth forest",NA,55,"camera_trap","old-growth","rostrumLength",23.417
"2439","OG51","SP04-ARL_231011_OG51_0272","17:19","17:19","Rodentia","Proechimys_semispinosus","","SP04-ARL_231011_OG51_0272-r0189",NA,NA,0.55223173,-79.1374752,228,"old-growth forest","old-growth forest",NA,55,"camera_trap","old-growth","tailLength",60.87
"2440","OG51","SP04-ARL_231011_OG51_0272","17:19","17:19","Rodentia","Proechimys_semispinosus","","SP04-ARL_231011_OG51_0272-r0189",NA,NA,0.55223173,-79.1374752,228,"old-growth forest","old-growth forest",NA,55,"camera_trap","old-growth","vibrissaeLength",63.0425
"2441","OG51","SP04-ARL_231011_OG51_0272","17:19","17:19","Rodentia","Proechimys_semispinosus","","SP04-ARL_231011_OG51_0272-r0189",NA,NA,0.55223173,-79.1374752,228,"old-growth forest","old-growth forest",NA,55,"camera_trap","old-growth","zygomaticBreadth",29.363
"2442","OG51","SP04-ARL_231011_OG51_0272","19:29","19:29","Rodentia","Proechimys_semispinosus","","SP04-ARL_231011_OG51_0272-r0190",NA,NA,0.55223173,-79.1374752,228,"old-growth forest","old-growth forest",NA,55,"camera_trap","old-growth","BodyMass",360.5
"2443","OG51","SP04-ARL_231011_OG51_0272","19:29","19:29","Rodentia","Proechimys_semispinosus","","SP04-ARL_231011_OG51_0272-r0190",NA,NA,0.55223173,-79.1374752,228,"old-growth forest","old-growth forest",NA,55,"camera_trap","old-growth","Sex",NA
"2444","OG51","SP04-ARL_231011_OG51_0272","19:29","19:29","Rodentia","Proechimys_semispinosus","","SP04-ARL_231011_OG51_0272-r0190",NA,NA,0.55223173,-79.1374752,228,"old-growth forest","old-growth forest",NA,55,"camera_trap","old-growth","acrossincisortipsBreadth",7.283
"2445","OG51","SP04-ARL_231011_OG51_0272","19:29","19:29","Rodentia","Proechimys_semispinosus","","SP04-ARL_231011_OG51_0272-r0190",NA,NA,0.55223173,-79.1374752,228,"old-growth forest","old-growth forest",NA,55,"camera_trap","old-growth","condylobasalLength",44.546
"2446","OG51","SP04-ARL_231011_OG51_0272","19:29","19:29","Rodentia","Proechimys_semispinosus","","SP04-ARL_231011_OG51_0272-r0190",NA,NA,0.55223173,-79.1374752,228,"old-growth forest","old-growth forest",NA,55,"camera_trap","old-growth","earLength",15.0225
"2447","OG51","SP04-ARL_231011_OG51_0272","19:29","19:29","Rodentia","Proechimys_semispinosus","","SP04-ARL_231011_OG51_0272-r0190",NA,NA,0.55223173,-79.1374752,228,"old-growth forest","old-growth forest",NA,55,"camera_trap","old-growth","forefootLength",18.13
"2448","OG51","SP04-ARL_231011_OG51_0272","19:29","19:29","Rodentia","Proechimys_semispinosus","","SP04-ARL_231011_OG51_0272-r0190",NA,NA,0.55223173,-79.1374752,228,"old-growth forest","old-growth forest",NA,55,"camera_trap","old-growth","forefootWidth",6.8325
"2449","OG51","SP04-ARL_231011_OG51_0272","19:29","19:29","Rodentia","Proechimys_semispinosus","","SP04-ARL_231011_OG51_0272-r0190",NA,NA,0.55223173,-79.1374752,228,"old-growth forest","old-growth forest",NA,55,"camera_trap","old-growth","forefootclawLength",3.08
"2450","OG51","SP04-ARL_231011_OG51_0272","19:29","19:29","Rodentia","Proechimys_semispinosus","","SP04-ARL_231011_OG51_0272-r0190",NA,NA,0.55223173,-79.1374752,228,"old-growth forest","old-growth forest",NA,55,"camera_trap","old-growth","headandbodyLength",209.8225
"2451","OG51","SP04-ARL_231011_OG51_0272","19:29","19:29","Rodentia","Proechimys_semispinosus","","SP04-ARL_231011_OG51_0272-r0190",NA,NA,0.55223173,-79.1374752,228,"old-growth forest","old-growth forest",NA,55,"camera_trap","old-growth","hindfootLength",44.63
"2452","OG51","SP04-ARL_231011_OG51_0272","19:29","19:29","Rodentia","Proechimys_semispinosus","","SP04-ARL_231011_OG51_0272-r0190",NA,NA,0.55223173,-79.1374752,228,"old-growth forest","old-growth forest",NA,55,"camera_trap","old-growth","hindfootWidth",9.2
"2453","OG51","SP04-ARL_231011_OG51_0272","19:29","19:29","Rodentia","Proechimys_semispinosus","","SP04-ARL_231011_OG51_0272-r0190",NA,NA,0.55223173,-79.1374752,228,"old-growth forest","old-growth forest",NA,55,"camera_trap","old-growth","mandibleDiagonal",22.782
"2454","OG51","SP04-ARL_231011_OG51_0272","19:29","19:29","Rodentia","Proechimys_semispinosus","","SP04-ARL_231011_OG51_0272-r0190",NA,NA,0.55223173,-79.1374752,228,"old-growth forest","old-growth forest",NA,55,"camera_trap","old-growth","mandibleLength",22.9
"2455","OG51","SP04-ARL_231011_OG51_0272","19:29","19:29","Rodentia","Proechimys_semispinosus","","SP04-ARL_231011_OG51_0272-r0190",NA,NA,0.55223173,-79.1374752,228,"old-growth forest","old-growth forest",NA,55,"camera_trap","old-growth","mandibleWidth",26.8021428571429
"2456","OG51","SP04-ARL_231011_OG51_0272","19:29","19:29","Rodentia","Proechimys_semispinosus","","SP04-ARL_231011_OG51_0272-r0190",NA,NA,0.55223173,-79.1374752,228,"old-growth forest","old-growth forest",NA,55,"camera_trap","old-growth","mandibularcorpusHeight",11.66
"2457","OG51","SP04-ARL_231011_OG51_0272","19:29","19:29","Rodentia","Proechimys_semispinosus","","SP04-ARL_231011_OG51_0272-r0190",NA,NA,0.55223173,-79.1374752,228,"old-growth forest","old-growth forest",NA,55,"camera_trap","old-growth","maxillarytoothrowAlveolarlength",12.98
"2458","OG51","SP04-ARL_231011_OG51_0272","19:29","19:29","Rodentia","Proechimys_semispinosus","","SP04-ARL_231011_OG51_0272-r0190",NA,NA,0.55223173,-79.1374752,228,"old-growth forest","old-growth forest",NA,55,"camera_trap","old-growth","rostrumLength",23.417
"2459","OG51","SP04-ARL_231011_OG51_0272","19:29","19:29","Rodentia","Proechimys_semispinosus","","SP04-ARL_231011_OG51_0272-r0190",NA,NA,0.55223173,-79.1374752,228,"old-growth forest","old-growth forest",NA,55,"camera_trap","old-growth","tailLength",60.87
"2460","OG51","SP04-ARL_231011_OG51_0272","19:29","19:29","Rodentia","Proechimys_semispinosus","","SP04-ARL_231011_OG51_0272-r0190",NA,NA,0.55223173,-79.1374752,228,"old-growth forest","old-growth forest",NA,55,"camera_trap","old-growth","vibrissaeLength",63.0425
"2461","OG51","SP04-ARL_231011_OG51_0272","19:29","19:29","Rodentia","Proechimys_semispinosus","","SP04-ARL_231011_OG51_0272-r0190",NA,NA,0.55223173,-79.1374752,228,"old-growth forest","old-growth forest",NA,55,"camera_trap","old-growth","zygomaticBreadth",29.363
"2462","OG52","SP04-ARL_231009_OG52_0273","02:39","03:10","Rodentia","Heteromys_australis","","SP04-ARL_231009_OG52_0273-r0191","PREX",NA,0.54567888,-79.13756064,225,"old-growth forest","old-growth forest",NA,55,"camera_trap","old-growth","BodyMass",267.5
"2463","OG52","SP04-ARL_231009_OG52_0273","02:39","03:10","Rodentia","Heteromys_australis","","SP04-ARL_231009_OG52_0273-r0191","PREX",NA,0.54567888,-79.13756064,225,"old-growth forest","old-growth forest",NA,55,"camera_trap","old-growth","Sex",NA
"2464","OG52","SP04-ARL_231009_OG52_0273","02:39","03:10","Rodentia","Heteromys_australis","","SP04-ARL_231009_OG52_0273-r0191","PREX",NA,0.54567888,-79.13756064,225,"old-growth forest","old-growth forest",NA,55,"camera_trap","old-growth","acrossincisortipsBreadth",2.47142857142857
"2465","OG52","SP04-ARL_231009_OG52_0273","02:39","03:10","Rodentia","Heteromys_australis","","SP04-ARL_231009_OG52_0273-r0191","PREX",NA,0.54567888,-79.13756064,225,"old-growth forest","old-growth forest",NA,55,"camera_trap","old-growth","condylobasalLength",27.8885714285714
"2466","OG52","SP04-ARL_231009_OG52_0273","02:39","03:10","Rodentia","Heteromys_australis","","SP04-ARL_231009_OG52_0273-r0191","PREX",NA,0.54567888,-79.13756064,225,"old-growth forest","old-growth forest",NA,55,"camera_trap","old-growth","earLength",14.48
"2467","OG52","SP04-ARL_231009_OG52_0273","02:39","03:10","Rodentia","Heteromys_australis","","SP04-ARL_231009_OG52_0273-r0191","PREX",NA,0.54567888,-79.13756064,225,"old-growth forest","old-growth forest",NA,55,"camera_trap","old-growth","forefootLength",9.59
"2468","OG52","SP04-ARL_231009_OG52_0273","02:39","03:10","Rodentia","Heteromys_australis","","SP04-ARL_231009_OG52_0273-r0191","PREX",NA,0.54567888,-79.13756064,225,"old-growth forest","old-growth forest",NA,55,"camera_trap","old-growth","forefootWidth",4.752
"2469","OG52","SP04-ARL_231009_OG52_0273","02:39","03:10","Rodentia","Heteromys_australis","","SP04-ARL_231009_OG52_0273-r0191","PREX",NA,0.54567888,-79.13756064,225,"old-growth forest","old-growth forest",NA,55,"camera_trap","old-growth","forefootclawLength",2.154
"2470","OG52","SP04-ARL_231009_OG52_0273","02:39","03:10","Rodentia","Heteromys_australis","","SP04-ARL_231009_OG52_0273-r0191","PREX",NA,0.54567888,-79.13756064,225,"old-growth forest","old-growth forest",NA,55,"camera_trap","old-growth","headandbodyLength",86.534
"2471","OG52","SP04-ARL_231009_OG52_0273","02:39","03:10","Rodentia","Heteromys_australis","","SP04-ARL_231009_OG52_0273-r0191","PREX",NA,0.54567888,-79.13756064,225,"old-growth forest","old-growth forest",NA,55,"camera_trap","old-growth","hindfootLength",24.968
"2472","OG52","SP04-ARL_231009_OG52_0273","02:39","03:10","Rodentia","Heteromys_australis","","SP04-ARL_231009_OG52_0273-r0191","PREX",NA,0.54567888,-79.13756064,225,"old-growth forest","old-growth forest",NA,55,"camera_trap","old-growth","hindfootWidth",5.532
"2473","OG52","SP04-ARL_231009_OG52_0273","02:39","03:10","Rodentia","Heteromys_australis","","SP04-ARL_231009_OG52_0273-r0191","PREX",NA,0.54567888,-79.13756064,225,"old-growth forest","old-growth forest",NA,55,"camera_trap","old-growth","mandibleDiagonal",13.1585714285714
"2474","OG52","SP04-ARL_231009_OG52_0273","02:39","03:10","Rodentia","Heteromys_australis","","SP04-ARL_231009_OG52_0273-r0191","PREX",NA,0.54567888,-79.13756064,225,"old-growth forest","old-growth forest",NA,55,"camera_trap","old-growth","mandibleLength",11.8242857142857
"2475","OG52","SP04-ARL_231009_OG52_0273","02:39","03:10","Rodentia","Heteromys_australis","","SP04-ARL_231009_OG52_0273-r0191","PREX",NA,0.54567888,-79.13756064,225,"old-growth forest","old-growth forest",NA,55,"camera_trap","old-growth","mandibleWidth",12.1716666666667
"2476","OG52","SP04-ARL_231009_OG52_0273","02:39","03:10","Rodentia","Heteromys_australis","","SP04-ARL_231009_OG52_0273-r0191","PREX",NA,0.54567888,-79.13756064,225,"old-growth forest","old-growth forest",NA,55,"camera_trap","old-growth","mandibularcorpusHeight",5.44428571428571
"2477","OG52","SP04-ARL_231009_OG52_0273","02:39","03:10","Rodentia","Heteromys_australis","","SP04-ARL_231009_OG52_0273-r0191","PREX",NA,0.54567888,-79.13756064,225,"old-growth forest","old-growth forest",NA,55,"camera_trap","old-growth","maxillarytoothrowAlveolarlength",4.90285714285714
"2478","OG52","SP04-ARL_231009_OG52_0273","02:39","03:10","Rodentia","Heteromys_australis","","SP04-ARL_231009_OG52_0273-r0191","PREX",NA,0.54567888,-79.13756064,225,"old-growth forest","old-growth forest",NA,55,"camera_trap","old-growth","rostrumLength",12.7657142857143
"2479","OG52","SP04-ARL_231009_OG52_0273","02:39","03:10","Rodentia","Heteromys_australis","","SP04-ARL_231009_OG52_0273-r0191","PREX",NA,0.54567888,-79.13756064,225,"old-growth forest","old-growth forest",NA,55,"camera_trap","old-growth","tailLength",84.278
"2480","OG52","SP04-ARL_231009_OG52_0273","02:39","03:10","Rodentia","Heteromys_australis","","SP04-ARL_231009_OG52_0273-r0191","PREX",NA,0.54567888,-79.13756064,225,"old-growth forest","old-growth forest",NA,55,"camera_trap","old-growth","vibrissaeLength",32.712
"2481","OG52","SP04-ARL_231009_OG52_0273","02:39","03:10","Rodentia","Heteromys_australis","","SP04-ARL_231009_OG52_0273-r0191","PREX",NA,0.54567888,-79.13756064,225,"old-growth forest","old-growth forest",NA,55,"camera_trap","old-growth","zygomaticBreadth",15.41
"2482","OG52","SP04-ARL_231009_OG52_0273","02:44","02:44","Rodentia","Proechimys_semispinosus","","SP04-ARL_231009_OG52_0273-r0192","PREX",NA,0.54567888,-79.13756064,225,"old-growth forest","old-growth forest",NA,55,"camera_trap","old-growth","BodyMass",360.5
"2483","OG52","SP04-ARL_231009_OG52_0273","02:44","02:44","Rodentia","Proechimys_semispinosus","","SP04-ARL_231009_OG52_0273-r0192","PREX",NA,0.54567888,-79.13756064,225,"old-growth forest","old-growth forest",NA,55,"camera_trap","old-growth","Sex",NA
"2484","OG52","SP04-ARL_231009_OG52_0273","02:44","02:44","Rodentia","Proechimys_semispinosus","","SP04-ARL_231009_OG52_0273-r0192","PREX",NA,0.54567888,-79.13756064,225,"old-growth forest","old-growth forest",NA,55,"camera_trap","old-growth","acrossincisortipsBreadth",7.283
"2485","OG52","SP04-ARL_231009_OG52_0273","02:44","02:44","Rodentia","Proechimys_semispinosus","","SP04-ARL_231009_OG52_0273-r0192","PREX",NA,0.54567888,-79.13756064,225,"old-growth forest","old-growth forest",NA,55,"camera_trap","old-growth","condylobasalLength",44.546
"2486","OG52","SP04-ARL_231009_OG52_0273","02:44","02:44","Rodentia","Proechimys_semispinosus","","SP04-ARL_231009_OG52_0273-r0192","PREX",NA,0.54567888,-79.13756064,225,"old-growth forest","old-growth forest",NA,55,"camera_trap","old-growth","earLength",15.0225
"2487","OG52","SP04-ARL_231009_OG52_0273","02:44","02:44","Rodentia","Proechimys_semispinosus","","SP04-ARL_231009_OG52_0273-r0192","PREX",NA,0.54567888,-79.13756064,225,"old-growth forest","old-growth forest",NA,55,"camera_trap","old-growth","forefootLength",18.13
"2488","OG52","SP04-ARL_231009_OG52_0273","02:44","02:44","Rodentia","Proechimys_semispinosus","","SP04-ARL_231009_OG52_0273-r0192","PREX",NA,0.54567888,-79.13756064,225,"old-growth forest","old-growth forest",NA,55,"camera_trap","old-growth","forefootWidth",6.8325
"2489","OG52","SP04-ARL_231009_OG52_0273","02:44","02:44","Rodentia","Proechimys_semispinosus","","SP04-ARL_231009_OG52_0273-r0192","PREX",NA,0.54567888,-79.13756064,225,"old-growth forest","old-growth forest",NA,55,"camera_trap","old-growth","forefootclawLength",3.08
"2490","OG52","SP04-ARL_231009_OG52_0273","02:44","02:44","Rodentia","Proechimys_semispinosus","","SP04-ARL_231009_OG52_0273-r0192","PREX",NA,0.54567888,-79.13756064,225,"old-growth forest","old-growth forest",NA,55,"camera_trap","old-growth","headandbodyLength",209.8225
"2491","OG52","SP04-ARL_231009_OG52_0273","02:44","02:44","Rodentia","Proechimys_semispinosus","","SP04-ARL_231009_OG52_0273-r0192","PREX",NA,0.54567888,-79.13756064,225,"old-growth forest","old-growth forest",NA,55,"camera_trap","old-growth","hindfootLength",44.63
"2492","OG52","SP04-ARL_231009_OG52_0273","02:44","02:44","Rodentia","Proechimys_semispinosus","","SP04-ARL_231009_OG52_0273-r0192","PREX",NA,0.54567888,-79.13756064,225,"old-growth forest","old-growth forest",NA,55,"camera_trap","old-growth","hindfootWidth",9.2
"2493","OG52","SP04-ARL_231009_OG52_0273","02:44","02:44","Rodentia","Proechimys_semispinosus","","SP04-ARL_231009_OG52_0273-r0192","PREX",NA,0.54567888,-79.13756064,225,"old-growth forest","old-growth forest",NA,55,"camera_trap","old-growth","mandibleDiagonal",22.782
"2494","OG52","SP04-ARL_231009_OG52_0273","02:44","02:44","Rodentia","Proechimys_semispinosus","","SP04-ARL_231009_OG52_0273-r0192","PREX",NA,0.54567888,-79.13756064,225,"old-growth forest","old-growth forest",NA,55,"camera_trap","old-growth","mandibleLength",22.9
"2495","OG52","SP04-ARL_231009_OG52_0273","02:44","02:44","Rodentia","Proechimys_semispinosus","","SP04-ARL_231009_OG52_0273-r0192","PREX",NA,0.54567888,-79.13756064,225,"old-growth forest","old-growth forest",NA,55,"camera_trap","old-growth","mandibleWidth",26.8021428571429
"2496","OG52","SP04-ARL_231009_OG52_0273","02:44","02:44","Rodentia","Proechimys_semispinosus","","SP04-ARL_231009_OG52_0273-r0192","PREX",NA,0.54567888,-79.13756064,225,"old-growth forest","old-growth forest",NA,55,"camera_trap","old-growth","mandibularcorpusHeight",11.66
"2497","OG52","SP04-ARL_231009_OG52_0273","02:44","02:44","Rodentia","Proechimys_semispinosus","","SP04-ARL_231009_OG52_0273-r0192","PREX",NA,0.54567888,-79.13756064,225,"old-growth forest","old-growth forest",NA,55,"camera_trap","old-growth","maxillarytoothrowAlveolarlength",12.98
"2498","OG52","SP04-ARL_231009_OG52_0273","02:44","02:44","Rodentia","Proechimys_semispinosus","","SP04-ARL_231009_OG52_0273-r0192","PREX",NA,0.54567888,-79.13756064,225,"old-growth forest","old-growth forest",NA,55,"camera_trap","old-growth","rostrumLength",23.417
"2499","OG52","SP04-ARL_231009_OG52_0273","02:44","02:44","Rodentia","Proechimys_semispinosus","","SP04-ARL_231009_OG52_0273-r0192","PREX",NA,0.54567888,-79.13756064,225,"old-growth forest","old-growth forest",NA,55,"camera_trap","old-growth","tailLength",60.87
"2500","OG52","SP04-ARL_231009_OG52_0273","02:44","02:44","Rodentia","Proechimys_semispinosus","","SP04-ARL_231009_OG52_0273-r0192","PREX",NA,0.54567888,-79.13756064,225,"old-growth forest","old-growth forest",NA,55,"camera_trap","old-growth","vibrissaeLength",63.0425
"2501","OG52","SP04-ARL_231009_OG52_0273","02:44","02:44","Rodentia","Proechimys_semispinosus","","SP04-ARL_231009_OG52_0273-r0192","PREX",NA,0.54567888,-79.13756064,225,"old-growth forest","old-growth forest",NA,55,"camera_trap","old-growth","zygomaticBreadth",29.363
"2502","OG52","SP04-ARL_231010_OG52_0274","09:09","09:09","Rodentia","Proechimys_semispinosus","","SP04-ARL_231010_OG52_0274-r0193","PREX",NA,0.54567888,-79.13756064,225,"old-growth forest","old-growth forest",NA,55,"camera_trap","old-growth","BodyMass",360.5
"2503","OG52","SP04-ARL_231010_OG52_0274","09:09","09:09","Rodentia","Proechimys_semispinosus","","SP04-ARL_231010_OG52_0274-r0193","PREX",NA,0.54567888,-79.13756064,225,"old-growth forest","old-growth forest",NA,55,"camera_trap","old-growth","Sex",NA
"2504","OG52","SP04-ARL_231010_OG52_0274","09:09","09:09","Rodentia","Proechimys_semispinosus","","SP04-ARL_231010_OG52_0274-r0193","PREX",NA,0.54567888,-79.13756064,225,"old-growth forest","old-growth forest",NA,55,"camera_trap","old-growth","acrossincisortipsBreadth",7.283
"2505","OG52","SP04-ARL_231010_OG52_0274","09:09","09:09","Rodentia","Proechimys_semispinosus","","SP04-ARL_231010_OG52_0274-r0193","PREX",NA,0.54567888,-79.13756064,225,"old-growth forest","old-growth forest",NA,55,"camera_trap","old-growth","condylobasalLength",44.546
"2506","OG52","SP04-ARL_231010_OG52_0274","09:09","09:09","Rodentia","Proechimys_semispinosus","","SP04-ARL_231010_OG52_0274-r0193","PREX",NA,0.54567888,-79.13756064,225,"old-growth forest","old-growth forest",NA,55,"camera_trap","old-growth","earLength",15.0225
"2507","OG52","SP04-ARL_231010_OG52_0274","09:09","09:09","Rodentia","Proechimys_semispinosus","","SP04-ARL_231010_OG52_0274-r0193","PREX",NA,0.54567888,-79.13756064,225,"old-growth forest","old-growth forest",NA,55,"camera_trap","old-growth","forefootLength",18.13
"2508","OG52","SP04-ARL_231010_OG52_0274","09:09","09:09","Rodentia","Proechimys_semispinosus","","SP04-ARL_231010_OG52_0274-r0193","PREX",NA,0.54567888,-79.13756064,225,"old-growth forest","old-growth forest",NA,55,"camera_trap","old-growth","forefootWidth",6.8325
"2509","OG52","SP04-ARL_231010_OG52_0274","09:09","09:09","Rodentia","Proechimys_semispinosus","","SP04-ARL_231010_OG52_0274-r0193","PREX",NA,0.54567888,-79.13756064,225,"old-growth forest","old-growth forest",NA,55,"camera_trap","old-growth","forefootclawLength",3.08
"2510","OG52","SP04-ARL_231010_OG52_0274","09:09","09:09","Rodentia","Proechimys_semispinosus","","SP04-ARL_231010_OG52_0274-r0193","PREX",NA,0.54567888,-79.13756064,225,"old-growth forest","old-growth forest",NA,55,"camera_trap","old-growth","headandbodyLength",209.8225
"2511","OG52","SP04-ARL_231010_OG52_0274","09:09","09:09","Rodentia","Proechimys_semispinosus","","SP04-ARL_231010_OG52_0274-r0193","PREX",NA,0.54567888,-79.13756064,225,"old-growth forest","old-growth forest",NA,55,"camera_trap","old-growth","hindfootLength",44.63
"2512","OG52","SP04-ARL_231010_OG52_0274","09:09","09:09","Rodentia","Proechimys_semispinosus","","SP04-ARL_231010_OG52_0274-r0193","PREX",NA,0.54567888,-79.13756064,225,"old-growth forest","old-growth forest",NA,55,"camera_trap","old-growth","hindfootWidth",9.2
"2513","OG52","SP04-ARL_231010_OG52_0274","09:09","09:09","Rodentia","Proechimys_semispinosus","","SP04-ARL_231010_OG52_0274-r0193","PREX",NA,0.54567888,-79.13756064,225,"old-growth forest","old-growth forest",NA,55,"camera_trap","old-growth","mandibleDiagonal",22.782
"2514","OG52","SP04-ARL_231010_OG52_0274","09:09","09:09","Rodentia","Proechimys_semispinosus","","SP04-ARL_231010_OG52_0274-r0193","PREX",NA,0.54567888,-79.13756064,225,"old-growth forest","old-growth forest",NA,55,"camera_trap","old-growth","mandibleLength",22.9
"2515","OG52","SP04-ARL_231010_OG52_0274","09:09","09:09","Rodentia","Proechimys_semispinosus","","SP04-ARL_231010_OG52_0274-r0193","PREX",NA,0.54567888,-79.13756064,225,"old-growth forest","old-growth forest",NA,55,"camera_trap","old-growth","mandibleWidth",26.8021428571429
"2516","OG52","SP04-ARL_231010_OG52_0274","09:09","09:09","Rodentia","Proechimys_semispinosus","","SP04-ARL_231010_OG52_0274-r0193","PREX",NA,0.54567888,-79.13756064,225,"old-growth forest","old-growth forest",NA,55,"camera_trap","old-growth","mandibularcorpusHeight",11.66
"2517","OG52","SP04-ARL_231010_OG52_0274","09:09","09:09","Rodentia","Proechimys_semispinosus","","SP04-ARL_231010_OG52_0274-r0193","PREX",NA,0.54567888,-79.13756064,225,"old-growth forest","old-growth forest",NA,55,"camera_trap","old-growth","maxillarytoothrowAlveolarlength",12.98
"2518","OG52","SP04-ARL_231010_OG52_0274","09:09","09:09","Rodentia","Proechimys_semispinosus","","SP04-ARL_231010_OG52_0274-r0193","PREX",NA,0.54567888,-79.13756064,225,"old-growth forest","old-growth forest",NA,55,"camera_trap","old-growth","rostrumLength",23.417
"2519","OG52","SP04-ARL_231010_OG52_0274","09:09","09:09","Rodentia","Proechimys_semispinosus","","SP04-ARL_231010_OG52_0274-r0193","PREX",NA,0.54567888,-79.13756064,225,"old-growth forest","old-growth forest",NA,55,"camera_trap","old-growth","tailLength",60.87
"2520","OG52","SP04-ARL_231010_OG52_0274","09:09","09:09","Rodentia","Proechimys_semispinosus","","SP04-ARL_231010_OG52_0274-r0193","PREX",NA,0.54567888,-79.13756064,225,"old-growth forest","old-growth forest",NA,55,"camera_trap","old-growth","vibrissaeLength",63.0425
"2521","OG52","SP04-ARL_231010_OG52_0274","09:09","09:09","Rodentia","Proechimys_semispinosus","","SP04-ARL_231010_OG52_0274-r0193","PREX",NA,0.54567888,-79.13756064,225,"old-growth forest","old-growth forest",NA,55,"camera_trap","old-growth","zygomaticBreadth",29.363
"2522","OG52","SP04-ARL_231010_OG52_0274","11:02","11:02","Rodentia","Proechimys_semispinosus","","SP04-ARL_231010_OG52_0274-r0194","PREX",NA,0.54567888,-79.13756064,225,"old-growth forest","old-growth forest",NA,55,"camera_trap","old-growth","BodyMass",360.5
"2523","OG52","SP04-ARL_231010_OG52_0274","11:02","11:02","Rodentia","Proechimys_semispinosus","","SP04-ARL_231010_OG52_0274-r0194","PREX",NA,0.54567888,-79.13756064,225,"old-growth forest","old-growth forest",NA,55,"camera_trap","old-growth","Sex",NA
"2524","OG52","SP04-ARL_231010_OG52_0274","11:02","11:02","Rodentia","Proechimys_semispinosus","","SP04-ARL_231010_OG52_0274-r0194","PREX",NA,0.54567888,-79.13756064,225,"old-growth forest","old-growth forest",NA,55,"camera_trap","old-growth","acrossincisortipsBreadth",7.283
"2525","OG52","SP04-ARL_231010_OG52_0274","11:02","11:02","Rodentia","Proechimys_semispinosus","","SP04-ARL_231010_OG52_0274-r0194","PREX",NA,0.54567888,-79.13756064,225,"old-growth forest","old-growth forest",NA,55,"camera_trap","old-growth","condylobasalLength",44.546
"2526","OG52","SP04-ARL_231010_OG52_0274","11:02","11:02","Rodentia","Proechimys_semispinosus","","SP04-ARL_231010_OG52_0274-r0194","PREX",NA,0.54567888,-79.13756064,225,"old-growth forest","old-growth forest",NA,55,"camera_trap","old-growth","earLength",15.0225
"2527","OG52","SP04-ARL_231010_OG52_0274","11:02","11:02","Rodentia","Proechimys_semispinosus","","SP04-ARL_231010_OG52_0274-r0194","PREX",NA,0.54567888,-79.13756064,225,"old-growth forest","old-growth forest",NA,55,"camera_trap","old-growth","forefootLength",18.13
"2528","OG52","SP04-ARL_231010_OG52_0274","11:02","11:02","Rodentia","Proechimys_semispinosus","","SP04-ARL_231010_OG52_0274-r0194","PREX",NA,0.54567888,-79.13756064,225,"old-growth forest","old-growth forest",NA,55,"camera_trap","old-growth","forefootWidth",6.8325
"2529","OG52","SP04-ARL_231010_OG52_0274","11:02","11:02","Rodentia","Proechimys_semispinosus","","SP04-ARL_231010_OG52_0274-r0194","PREX",NA,0.54567888,-79.13756064,225,"old-growth forest","old-growth forest",NA,55,"camera_trap","old-growth","forefootclawLength",3.08
"2530","OG52","SP04-ARL_231010_OG52_0274","11:02","11:02","Rodentia","Proechimys_semispinosus","","SP04-ARL_231010_OG52_0274-r0194","PREX",NA,0.54567888,-79.13756064,225,"old-growth forest","old-growth forest",NA,55,"camera_trap","old-growth","headandbodyLength",209.8225
"2531","OG52","SP04-ARL_231010_OG52_0274","11:02","11:02","Rodentia","Proechimys_semispinosus","","SP04-ARL_231010_OG52_0274-r0194","PREX",NA,0.54567888,-79.13756064,225,"old-growth forest","old-growth forest",NA,55,"camera_trap","old-growth","hindfootLength",44.63
"2532","OG52","SP04-ARL_231010_OG52_0274","11:02","11:02","Rodentia","Proechimys_semispinosus","","SP04-ARL_231010_OG52_0274-r0194","PREX",NA,0.54567888,-79.13756064,225,"old-growth forest","old-growth forest",NA,55,"camera_trap","old-growth","hindfootWidth",9.2
"2533","OG52","SP04-ARL_231010_OG52_0274","11:02","11:02","Rodentia","Proechimys_semispinosus","","SP04-ARL_231010_OG52_0274-r0194","PREX",NA,0.54567888,-79.13756064,225,"old-growth forest","old-growth forest",NA,55,"camera_trap","old-growth","mandibleDiagonal",22.782
"2534","OG52","SP04-ARL_231010_OG52_0274","11:02","11:02","Rodentia","Proechimys_semispinosus","","SP04-ARL_231010_OG52_0274-r0194","PREX",NA,0.54567888,-79.13756064,225,"old-growth forest","old-growth forest",NA,55,"camera_trap","old-growth","mandibleLength",22.9
"2535","OG52","SP04-ARL_231010_OG52_0274","11:02","11:02","Rodentia","Proechimys_semispinosus","","SP04-ARL_231010_OG52_0274-r0194","PREX",NA,0.54567888,-79.13756064,225,"old-growth forest","old-growth forest",NA,55,"camera_trap","old-growth","mandibleWidth",26.8021428571429
"2536","OG52","SP04-ARL_231010_OG52_0274","11:02","11:02","Rodentia","Proechimys_semispinosus","","SP04-ARL_231010_OG52_0274-r0194","PREX",NA,0.54567888,-79.13756064,225,"old-growth forest","old-growth forest",NA,55,"camera_trap","old-growth","mandibularcorpusHeight",11.66
"2537","OG52","SP04-ARL_231010_OG52_0274","11:02","11:02","Rodentia","Proechimys_semispinosus","","SP04-ARL_231010_OG52_0274-r0194","PREX",NA,0.54567888,-79.13756064,225,"old-growth forest","old-growth forest",NA,55,"camera_trap","old-growth","maxillarytoothrowAlveolarlength",12.98
"2538","OG52","SP04-ARL_231010_OG52_0274","11:02","11:02","Rodentia","Proechimys_semispinosus","","SP04-ARL_231010_OG52_0274-r0194","PREX",NA,0.54567888,-79.13756064,225,"old-growth forest","old-growth forest",NA,55,"camera_trap","old-growth","rostrumLength",23.417
"2539","OG52","SP04-ARL_231010_OG52_0274","11:02","11:02","Rodentia","Proechimys_semispinosus","","SP04-ARL_231010_OG52_0274-r0194","PREX",NA,0.54567888,-79.13756064,225,"old-growth forest","old-growth forest",NA,55,"camera_trap","old-growth","tailLength",60.87
"2540","OG52","SP04-ARL_231010_OG52_0274","11:02","11:02","Rodentia","Proechimys_semispinosus","","SP04-ARL_231010_OG52_0274-r0194","PREX",NA,0.54567888,-79.13756064,225,"old-growth forest","old-growth forest",NA,55,"camera_trap","old-growth","vibrissaeLength",63.0425
"2541","OG52","SP04-ARL_231010_OG52_0274","11:02","11:02","Rodentia","Proechimys_semispinosus","","SP04-ARL_231010_OG52_0274-r0194","PREX",NA,0.54567888,-79.13756064,225,"old-growth forest","old-growth forest",NA,55,"camera_trap","old-growth","zygomaticBreadth",29.363
"2542","OG52","SP04-ARL_231010_OG52_0274","16:13","16:13","Rodentia","Dasyprocta_punctata","","SP04-ARL_231010_OG52_0274-r0195","PREX",NA,0.54567888,-79.13756064,225,"old-growth forest","old-growth forest",NA,55,"camera_trap","old-growth","BodyMass",2674.98
"2543","OG52","SP04-ARL_231010_OG52_0274","16:13","16:13","Rodentia","Dasyprocta_punctata","","SP04-ARL_231010_OG52_0274-r0195","PREX",NA,0.54567888,-79.13756064,225,"old-growth forest","old-growth forest",NA,55,"camera_trap","old-growth","Sex",NA
"2544","OG52","SP04-ARL_231010_OG52_0274","16:13","16:13","Rodentia","Dasyprocta_punctata","","SP04-ARL_231010_OG52_0274-r0195","PREX",NA,0.54567888,-79.13756064,225,"old-growth forest","old-growth forest",NA,55,"camera_trap","old-growth","acrossincisortipsBreadth",8.504
"2545","OG52","SP04-ARL_231010_OG52_0274","16:13","16:13","Rodentia","Dasyprocta_punctata","","SP04-ARL_231010_OG52_0274-r0195","PREX",NA,0.54567888,-79.13756064,225,"old-growth forest","old-growth forest",NA,55,"camera_trap","old-growth","condylobasalLength",75.74
"2546","OG52","SP04-ARL_231010_OG52_0274","16:13","16:13","Rodentia","Dasyprocta_punctata","","SP04-ARL_231010_OG52_0274-r0195","PREX",NA,0.54567888,-79.13756064,225,"old-growth forest","old-growth forest",NA,55,"camera_trap","old-growth","earLength",28.585
"2547","OG52","SP04-ARL_231010_OG52_0274","16:13","16:13","Rodentia","Dasyprocta_punctata","","SP04-ARL_231010_OG52_0274-r0195","PREX",NA,0.54567888,-79.13756064,225,"old-growth forest","old-growth forest",NA,55,"camera_trap","old-growth","forefootLength",49.595
"2548","OG52","SP04-ARL_231010_OG52_0274","16:13","16:13","Rodentia","Dasyprocta_punctata","","SP04-ARL_231010_OG52_0274-r0195","PREX",NA,0.54567888,-79.13756064,225,"old-growth forest","old-growth forest",NA,55,"camera_trap","old-growth","forefootWidth",19.78
"2549","OG52","SP04-ARL_231010_OG52_0274","16:13","16:13","Rodentia","Dasyprocta_punctata","","SP04-ARL_231010_OG52_0274-r0195","PREX",NA,0.54567888,-79.13756064,225,"old-growth forest","old-growth forest",NA,55,"camera_trap","old-growth","forefootclawLength",16.905
"2550","OG52","SP04-ARL_231010_OG52_0274","16:13","16:13","Rodentia","Dasyprocta_punctata","","SP04-ARL_231010_OG52_0274-r0195","PREX",NA,0.54567888,-79.13756064,225,"old-growth forest","old-growth forest",NA,55,"camera_trap","old-growth","headandbodyLength",554.18
"2551","OG52","SP04-ARL_231010_OG52_0274","16:13","16:13","Rodentia","Dasyprocta_punctata","","SP04-ARL_231010_OG52_0274-r0195","PREX",NA,0.54567888,-79.13756064,225,"old-growth forest","old-growth forest",NA,55,"camera_trap","old-growth","hindfootLength",103.92
"2552","OG52","SP04-ARL_231010_OG52_0274","16:13","16:13","Rodentia","Dasyprocta_punctata","","SP04-ARL_231010_OG52_0274-r0195","PREX",NA,0.54567888,-79.13756064,225,"old-growth forest","old-growth forest",NA,55,"camera_trap","old-growth","hindfootWidth",19.56
"2553","OG52","SP04-ARL_231010_OG52_0274","16:13","16:13","Rodentia","Dasyprocta_punctata","","SP04-ARL_231010_OG52_0274-r0195","PREX",NA,0.54567888,-79.13756064,225,"old-growth forest","old-growth forest",NA,55,"camera_trap","old-growth","mandibleDiagonal",43.53
"2554","OG52","SP04-ARL_231010_OG52_0274","16:13","16:13","Rodentia","Dasyprocta_punctata","","SP04-ARL_231010_OG52_0274-r0195","PREX",NA,0.54567888,-79.13756064,225,"old-growth forest","old-growth forest",NA,55,"camera_trap","old-growth","mandibleLength",41.0966666666667
"2555","OG52","SP04-ARL_231010_OG52_0274","16:13","16:13","Rodentia","Dasyprocta_punctata","","SP04-ARL_231010_OG52_0274-r0195","PREX",NA,0.54567888,-79.13756064,225,"old-growth forest","old-growth forest",NA,55,"camera_trap","old-growth","mandibleWidth",37.215
"2556","OG52","SP04-ARL_231010_OG52_0274","16:13","16:13","Rodentia","Dasyprocta_punctata","","SP04-ARL_231010_OG52_0274-r0195","PREX",NA,0.54567888,-79.13756064,225,"old-growth forest","old-growth forest",NA,55,"camera_trap","old-growth","mandibularcorpusHeight",15.5533333333333
"2557","OG52","SP04-ARL_231010_OG52_0274","16:13","16:13","Rodentia","Dasyprocta_punctata","","SP04-ARL_231010_OG52_0274-r0195","PREX",NA,0.54567888,-79.13756064,225,"old-growth forest","old-growth forest",NA,55,"camera_trap","old-growth","maxillarytoothrowAlveolarlength",18.02
"2558","OG52","SP04-ARL_231010_OG52_0274","16:13","16:13","Rodentia","Dasyprocta_punctata","","SP04-ARL_231010_OG52_0274-r0195","PREX",NA,0.54567888,-79.13756064,225,"old-growth forest","old-growth forest",NA,55,"camera_trap","old-growth","rostrumLength",38.132
"2559","OG52","SP04-ARL_231010_OG52_0274","16:13","16:13","Rodentia","Dasyprocta_punctata","","SP04-ARL_231010_OG52_0274-r0195","PREX",NA,0.54567888,-79.13756064,225,"old-growth forest","old-growth forest",NA,55,"camera_trap","old-growth","tailLength",15.515
"2560","OG52","SP04-ARL_231010_OG52_0274","16:13","16:13","Rodentia","Dasyprocta_punctata","","SP04-ARL_231010_OG52_0274-r0195","PREX",NA,0.54567888,-79.13756064,225,"old-growth forest","old-growth forest",NA,55,"camera_trap","old-growth","vibrissaeLength",79.02
"2561","OG52","SP04-ARL_231010_OG52_0274","16:13","16:13","Rodentia","Dasyprocta_punctata","","SP04-ARL_231010_OG52_0274-r0195","PREX",NA,0.54567888,-79.13756064,225,"old-growth forest","old-growth forest",NA,55,"camera_trap","old-growth","zygomaticBreadth",47.4975
"2562","OG52","SP04-ARL_231010_OG52_0274","08:37","08:37","Rodentia","Dasyprocta_punctata","","SP04-ARL_231010_OG52_0274-r0196","PREX",NA,0.54567888,-79.13756064,225,"old-growth forest","old-growth forest",NA,55,"camera_trap","old-growth","BodyMass",2674.98
"2563","OG52","SP04-ARL_231010_OG52_0274","08:37","08:37","Rodentia","Dasyprocta_punctata","","SP04-ARL_231010_OG52_0274-r0196","PREX",NA,0.54567888,-79.13756064,225,"old-growth forest","old-growth forest",NA,55,"camera_trap","old-growth","Sex",NA
"2564","OG52","SP04-ARL_231010_OG52_0274","08:37","08:37","Rodentia","Dasyprocta_punctata","","SP04-ARL_231010_OG52_0274-r0196","PREX",NA,0.54567888,-79.13756064,225,"old-growth forest","old-growth forest",NA,55,"camera_trap","old-growth","acrossincisortipsBreadth",8.504
"2565","OG52","SP04-ARL_231010_OG52_0274","08:37","08:37","Rodentia","Dasyprocta_punctata","","SP04-ARL_231010_OG52_0274-r0196","PREX",NA,0.54567888,-79.13756064,225,"old-growth forest","old-growth forest",NA,55,"camera_trap","old-growth","condylobasalLength",75.74
"2566","OG52","SP04-ARL_231010_OG52_0274","08:37","08:37","Rodentia","Dasyprocta_punctata","","SP04-ARL_231010_OG52_0274-r0196","PREX",NA,0.54567888,-79.13756064,225,"old-growth forest","old-growth forest",NA,55,"camera_trap","old-growth","earLength",28.585
"2567","OG52","SP04-ARL_231010_OG52_0274","08:37","08:37","Rodentia","Dasyprocta_punctata","","SP04-ARL_231010_OG52_0274-r0196","PREX",NA,0.54567888,-79.13756064,225,"old-growth forest","old-growth forest",NA,55,"camera_trap","old-growth","forefootLength",49.595
"2568","OG52","SP04-ARL_231010_OG52_0274","08:37","08:37","Rodentia","Dasyprocta_punctata","","SP04-ARL_231010_OG52_0274-r0196","PREX",NA,0.54567888,-79.13756064,225,"old-growth forest","old-growth forest",NA,55,"camera_trap","old-growth","forefootWidth",19.78
"2569","OG52","SP04-ARL_231010_OG52_0274","08:37","08:37","Rodentia","Dasyprocta_punctata","","SP04-ARL_231010_OG52_0274-r0196","PREX",NA,0.54567888,-79.13756064,225,"old-growth forest","old-growth forest",NA,55,"camera_trap","old-growth","forefootclawLength",16.905
"2570","OG52","SP04-ARL_231010_OG52_0274","08:37","08:37","Rodentia","Dasyprocta_punctata","","SP04-ARL_231010_OG52_0274-r0196","PREX",NA,0.54567888,-79.13756064,225,"old-growth forest","old-growth forest",NA,55,"camera_trap","old-growth","headandbodyLength",554.18
"2571","OG52","SP04-ARL_231010_OG52_0274","08:37","08:37","Rodentia","Dasyprocta_punctata","","SP04-ARL_231010_OG52_0274-r0196","PREX",NA,0.54567888,-79.13756064,225,"old-growth forest","old-growth forest",NA,55,"camera_trap","old-growth","hindfootLength",103.92
"2572","OG52","SP04-ARL_231010_OG52_0274","08:37","08:37","Rodentia","Dasyprocta_punctata","","SP04-ARL_231010_OG52_0274-r0196","PREX",NA,0.54567888,-79.13756064,225,"old-growth forest","old-growth forest",NA,55,"camera_trap","old-growth","hindfootWidth",19.56
"2573","OG52","SP04-ARL_231010_OG52_0274","08:37","08:37","Rodentia","Dasyprocta_punctata","","SP04-ARL_231010_OG52_0274-r0196","PREX",NA,0.54567888,-79.13756064,225,"old-growth forest","old-growth forest",NA,55,"camera_trap","old-growth","mandibleDiagonal",43.53
"2574","OG52","SP04-ARL_231010_OG52_0274","08:37","08:37","Rodentia","Dasyprocta_punctata","","SP04-ARL_231010_OG52_0274-r0196","PREX",NA,0.54567888,-79.13756064,225,"old-growth forest","old-growth forest",NA,55,"camera_trap","old-growth","mandibleLength",41.0966666666667
"2575","OG52","SP04-ARL_231010_OG52_0274","08:37","08:37","Rodentia","Dasyprocta_punctata","","SP04-ARL_231010_OG52_0274-r0196","PREX",NA,0.54567888,-79.13756064,225,"old-growth forest","old-growth forest",NA,55,"camera_trap","old-growth","mandibleWidth",37.215
"2576","OG52","SP04-ARL_231010_OG52_0274","08:37","08:37","Rodentia","Dasyprocta_punctata","","SP04-ARL_231010_OG52_0274-r0196","PREX",NA,0.54567888,-79.13756064,225,"old-growth forest","old-growth forest",NA,55,"camera_trap","old-growth","mandibularcorpusHeight",15.5533333333333
"2577","OG52","SP04-ARL_231010_OG52_0274","08:37","08:37","Rodentia","Dasyprocta_punctata","","SP04-ARL_231010_OG52_0274-r0196","PREX",NA,0.54567888,-79.13756064,225,"old-growth forest","old-growth forest",NA,55,"camera_trap","old-growth","maxillarytoothrowAlveolarlength",18.02
"2578","OG52","SP04-ARL_231010_OG52_0274","08:37","08:37","Rodentia","Dasyprocta_punctata","","SP04-ARL_231010_OG52_0274-r0196","PREX",NA,0.54567888,-79.13756064,225,"old-growth forest","old-growth forest",NA,55,"camera_trap","old-growth","rostrumLength",38.132
"2579","OG52","SP04-ARL_231010_OG52_0274","08:37","08:37","Rodentia","Dasyprocta_punctata","","SP04-ARL_231010_OG52_0274-r0196","PREX",NA,0.54567888,-79.13756064,225,"old-growth forest","old-growth forest",NA,55,"camera_trap","old-growth","tailLength",15.515
"2580","OG52","SP04-ARL_231010_OG52_0274","08:37","08:37","Rodentia","Dasyprocta_punctata","","SP04-ARL_231010_OG52_0274-r0196","PREX",NA,0.54567888,-79.13756064,225,"old-growth forest","old-growth forest",NA,55,"camera_trap","old-growth","vibrissaeLength",79.02
"2581","OG52","SP04-ARL_231010_OG52_0274","08:37","08:37","Rodentia","Dasyprocta_punctata","","SP04-ARL_231010_OG52_0274-r0196","PREX",NA,0.54567888,-79.13756064,225,"old-growth forest","old-growth forest",NA,55,"camera_trap","old-growth","zygomaticBreadth",47.4975
"2582","OG52","SP04-ARL_231010_OG52_0274","21:52","21:52","Rodentia","Proechimys_semispinosus","","SP04-ARL_231010_OG52_0274-r0197","PREX",NA,0.54567888,-79.13756064,225,"old-growth forest","old-growth forest",NA,55,"camera_trap","old-growth","BodyMass",360.5
"2583","OG52","SP04-ARL_231010_OG52_0274","21:52","21:52","Rodentia","Proechimys_semispinosus","","SP04-ARL_231010_OG52_0274-r0197","PREX",NA,0.54567888,-79.13756064,225,"old-growth forest","old-growth forest",NA,55,"camera_trap","old-growth","Sex",NA
"2584","OG52","SP04-ARL_231010_OG52_0274","21:52","21:52","Rodentia","Proechimys_semispinosus","","SP04-ARL_231010_OG52_0274-r0197","PREX",NA,0.54567888,-79.13756064,225,"old-growth forest","old-growth forest",NA,55,"camera_trap","old-growth","acrossincisortipsBreadth",7.283
"2585","OG52","SP04-ARL_231010_OG52_0274","21:52","21:52","Rodentia","Proechimys_semispinosus","","SP04-ARL_231010_OG52_0274-r0197","PREX",NA,0.54567888,-79.13756064,225,"old-growth forest","old-growth forest",NA,55,"camera_trap","old-growth","condylobasalLength",44.546
"2586","OG52","SP04-ARL_231010_OG52_0274","21:52","21:52","Rodentia","Proechimys_semispinosus","","SP04-ARL_231010_OG52_0274-r0197","PREX",NA,0.54567888,-79.13756064,225,"old-growth forest","old-growth forest",NA,55,"camera_trap","old-growth","earLength",15.0225
"2587","OG52","SP04-ARL_231010_OG52_0274","21:52","21:52","Rodentia","Proechimys_semispinosus","","SP04-ARL_231010_OG52_0274-r0197","PREX",NA,0.54567888,-79.13756064,225,"old-growth forest","old-growth forest",NA,55,"camera_trap","old-growth","forefootLength",18.13
"2588","OG52","SP04-ARL_231010_OG52_0274","21:52","21:52","Rodentia","Proechimys_semispinosus","","SP04-ARL_231010_OG52_0274-r0197","PREX",NA,0.54567888,-79.13756064,225,"old-growth forest","old-growth forest",NA,55,"camera_trap","old-growth","forefootWidth",6.8325
"2589","OG52","SP04-ARL_231010_OG52_0274","21:52","21:52","Rodentia","Proechimys_semispinosus","","SP04-ARL_231010_OG52_0274-r0197","PREX",NA,0.54567888,-79.13756064,225,"old-growth forest","old-growth forest",NA,55,"camera_trap","old-growth","forefootclawLength",3.08
"2590","OG52","SP04-ARL_231010_OG52_0274","21:52","21:52","Rodentia","Proechimys_semispinosus","","SP04-ARL_231010_OG52_0274-r0197","PREX",NA,0.54567888,-79.13756064,225,"old-growth forest","old-growth forest",NA,55,"camera_trap","old-growth","headandbodyLength",209.8225
"2591","OG52","SP04-ARL_231010_OG52_0274","21:52","21:52","Rodentia","Proechimys_semispinosus","","SP04-ARL_231010_OG52_0274-r0197","PREX",NA,0.54567888,-79.13756064,225,"old-growth forest","old-growth forest",NA,55,"camera_trap","old-growth","hindfootLength",44.63
"2592","OG52","SP04-ARL_231010_OG52_0274","21:52","21:52","Rodentia","Proechimys_semispinosus","","SP04-ARL_231010_OG52_0274-r0197","PREX",NA,0.54567888,-79.13756064,225,"old-growth forest","old-growth forest",NA,55,"camera_trap","old-growth","hindfootWidth",9.2
"2593","OG52","SP04-ARL_231010_OG52_0274","21:52","21:52","Rodentia","Proechimys_semispinosus","","SP04-ARL_231010_OG52_0274-r0197","PREX",NA,0.54567888,-79.13756064,225,"old-growth forest","old-growth forest",NA,55,"camera_trap","old-growth","mandibleDiagonal",22.782
"2594","OG52","SP04-ARL_231010_OG52_0274","21:52","21:52","Rodentia","Proechimys_semispinosus","","SP04-ARL_231010_OG52_0274-r0197","PREX",NA,0.54567888,-79.13756064,225,"old-growth forest","old-growth forest",NA,55,"camera_trap","old-growth","mandibleLength",22.9
"2595","OG52","SP04-ARL_231010_OG52_0274","21:52","21:52","Rodentia","Proechimys_semispinosus","","SP04-ARL_231010_OG52_0274-r0197","PREX",NA,0.54567888,-79.13756064,225,"old-growth forest","old-growth forest",NA,55,"camera_trap","old-growth","mandibleWidth",26.8021428571429
"2596","OG52","SP04-ARL_231010_OG52_0274","21:52","21:52","Rodentia","Proechimys_semispinosus","","SP04-ARL_231010_OG52_0274-r0197","PREX",NA,0.54567888,-79.13756064,225,"old-growth forest","old-growth forest",NA,55,"camera_trap","old-growth","mandibularcorpusHeight",11.66
"2597","OG52","SP04-ARL_231010_OG52_0274","21:52","21:52","Rodentia","Proechimys_semispinosus","","SP04-ARL_231010_OG52_0274-r0197","PREX",NA,0.54567888,-79.13756064,225,"old-growth forest","old-growth forest",NA,55,"camera_trap","old-growth","maxillarytoothrowAlveolarlength",12.98
"2598","OG52","SP04-ARL_231010_OG52_0274","21:52","21:52","Rodentia","Proechimys_semispinosus","","SP04-ARL_231010_OG52_0274-r0197","PREX",NA,0.54567888,-79.13756064,225,"old-growth forest","old-growth forest",NA,55,"camera_trap","old-growth","rostrumLength",23.417
"2599","OG52","SP04-ARL_231010_OG52_0274","21:52","21:52","Rodentia","Proechimys_semispinosus","","SP04-ARL_231010_OG52_0274-r0197","PREX",NA,0.54567888,-79.13756064,225,"old-growth forest","old-growth forest",NA,55,"camera_trap","old-growth","tailLength",60.87
"2600","OG52","SP04-ARL_231010_OG52_0274","21:52","21:52","Rodentia","Proechimys_semispinosus","","SP04-ARL_231010_OG52_0274-r0197","PREX",NA,0.54567888,-79.13756064,225,"old-growth forest","old-growth forest",NA,55,"camera_trap","old-growth","vibrissaeLength",63.0425
"2601","OG52","SP04-ARL_231010_OG52_0274","21:52","21:52","Rodentia","Proechimys_semispinosus","","SP04-ARL_231010_OG52_0274-r0197","PREX",NA,0.54567888,-79.13756064,225,"old-growth forest","old-growth forest",NA,55,"camera_trap","old-growth","zygomaticBreadth",29.363
"2602","OG52","SP04-ARL_231011_OG52_0275","10:31","10:39","Rodentia","Proechimys_semispinosus","","SP04-ARL_231011_OG52_0275-r0198","PREX",NA,0.54567888,-79.13756064,225,"old-growth forest","old-growth forest",NA,55,"camera_trap","old-growth","BodyMass",360.5
"2603","OG52","SP04-ARL_231011_OG52_0275","10:31","10:39","Rodentia","Proechimys_semispinosus","","SP04-ARL_231011_OG52_0275-r0198","PREX",NA,0.54567888,-79.13756064,225,"old-growth forest","old-growth forest",NA,55,"camera_trap","old-growth","Sex",NA
"2604","OG52","SP04-ARL_231011_OG52_0275","10:31","10:39","Rodentia","Proechimys_semispinosus","","SP04-ARL_231011_OG52_0275-r0198","PREX",NA,0.54567888,-79.13756064,225,"old-growth forest","old-growth forest",NA,55,"camera_trap","old-growth","acrossincisortipsBreadth",7.283
"2605","OG52","SP04-ARL_231011_OG52_0275","10:31","10:39","Rodentia","Proechimys_semispinosus","","SP04-ARL_231011_OG52_0275-r0198","PREX",NA,0.54567888,-79.13756064,225,"old-growth forest","old-growth forest",NA,55,"camera_trap","old-growth","condylobasalLength",44.546
"2606","OG52","SP04-ARL_231011_OG52_0275","10:31","10:39","Rodentia","Proechimys_semispinosus","","SP04-ARL_231011_OG52_0275-r0198","PREX",NA,0.54567888,-79.13756064,225,"old-growth forest","old-growth forest",NA,55,"camera_trap","old-growth","earLength",15.0225
"2607","OG52","SP04-ARL_231011_OG52_0275","10:31","10:39","Rodentia","Proechimys_semispinosus","","SP04-ARL_231011_OG52_0275-r0198","PREX",NA,0.54567888,-79.13756064,225,"old-growth forest","old-growth forest",NA,55,"camera_trap","old-growth","forefootLength",18.13
"2608","OG52","SP04-ARL_231011_OG52_0275","10:31","10:39","Rodentia","Proechimys_semispinosus","","SP04-ARL_231011_OG52_0275-r0198","PREX",NA,0.54567888,-79.13756064,225,"old-growth forest","old-growth forest",NA,55,"camera_trap","old-growth","forefootWidth",6.8325
"2609","OG52","SP04-ARL_231011_OG52_0275","10:31","10:39","Rodentia","Proechimys_semispinosus","","SP04-ARL_231011_OG52_0275-r0198","PREX",NA,0.54567888,-79.13756064,225,"old-growth forest","old-growth forest",NA,55,"camera_trap","old-growth","forefootclawLength",3.08
"2610","OG52","SP04-ARL_231011_OG52_0275","10:31","10:39","Rodentia","Proechimys_semispinosus","","SP04-ARL_231011_OG52_0275-r0198","PREX",NA,0.54567888,-79.13756064,225,"old-growth forest","old-growth forest",NA,55,"camera_trap","old-growth","headandbodyLength",209.8225
"2611","OG52","SP04-ARL_231011_OG52_0275","10:31","10:39","Rodentia","Proechimys_semispinosus","","SP04-ARL_231011_OG52_0275-r0198","PREX",NA,0.54567888,-79.13756064,225,"old-growth forest","old-growth forest",NA,55,"camera_trap","old-growth","hindfootLength",44.63
"2612","OG52","SP04-ARL_231011_OG52_0275","10:31","10:39","Rodentia","Proechimys_semispinosus","","SP04-ARL_231011_OG52_0275-r0198","PREX",NA,0.54567888,-79.13756064,225,"old-growth forest","old-growth forest",NA,55,"camera_trap","old-growth","hindfootWidth",9.2
"2613","OG52","SP04-ARL_231011_OG52_0275","10:31","10:39","Rodentia","Proechimys_semispinosus","","SP04-ARL_231011_OG52_0275-r0198","PREX",NA,0.54567888,-79.13756064,225,"old-growth forest","old-growth forest",NA,55,"camera_trap","old-growth","mandibleDiagonal",22.782
"2614","OG52","SP04-ARL_231011_OG52_0275","10:31","10:39","Rodentia","Proechimys_semispinosus","","SP04-ARL_231011_OG52_0275-r0198","PREX",NA,0.54567888,-79.13756064,225,"old-growth forest","old-growth forest",NA,55,"camera_trap","old-growth","mandibleLength",22.9
"2615","OG52","SP04-ARL_231011_OG52_0275","10:31","10:39","Rodentia","Proechimys_semispinosus","","SP04-ARL_231011_OG52_0275-r0198","PREX",NA,0.54567888,-79.13756064,225,"old-growth forest","old-growth forest",NA,55,"camera_trap","old-growth","mandibleWidth",26.8021428571429
"2616","OG52","SP04-ARL_231011_OG52_0275","10:31","10:39","Rodentia","Proechimys_semispinosus","","SP04-ARL_231011_OG52_0275-r0198","PREX",NA,0.54567888,-79.13756064,225,"old-growth forest","old-growth forest",NA,55,"camera_trap","old-growth","mandibularcorpusHeight",11.66
"2617","OG52","SP04-ARL_231011_OG52_0275","10:31","10:39","Rodentia","Proechimys_semispinosus","","SP04-ARL_231011_OG52_0275-r0198","PREX",NA,0.54567888,-79.13756064,225,"old-growth forest","old-growth forest",NA,55,"camera_trap","old-growth","maxillarytoothrowAlveolarlength",12.98
"2618","OG52","SP04-ARL_231011_OG52_0275","10:31","10:39","Rodentia","Proechimys_semispinosus","","SP04-ARL_231011_OG52_0275-r0198","PREX",NA,0.54567888,-79.13756064,225,"old-growth forest","old-growth forest",NA,55,"camera_trap","old-growth","rostrumLength",23.417
"2619","OG52","SP04-ARL_231011_OG52_0275","10:31","10:39","Rodentia","Proechimys_semispinosus","","SP04-ARL_231011_OG52_0275-r0198","PREX",NA,0.54567888,-79.13756064,225,"old-growth forest","old-growth forest",NA,55,"camera_trap","old-growth","tailLength",60.87
"2620","OG52","SP04-ARL_231011_OG52_0275","10:31","10:39","Rodentia","Proechimys_semispinosus","","SP04-ARL_231011_OG52_0275-r0198","PREX",NA,0.54567888,-79.13756064,225,"old-growth forest","old-growth forest",NA,55,"camera_trap","old-growth","vibrissaeLength",63.0425
"2621","OG52","SP04-ARL_231011_OG52_0275","10:31","10:39","Rodentia","Proechimys_semispinosus","","SP04-ARL_231011_OG52_0275-r0198","PREX",NA,0.54567888,-79.13756064,225,"old-growth forest","old-growth forest",NA,55,"camera_trap","old-growth","zygomaticBreadth",29.363
"2622","OG52","SP04-ARL_231011_OG52_0275","03:30","03:30","Rodentia","Proechimys_semispinosus","","SP04-ARL_231011_OG52_0275-r0199","PREX",NA,0.54567888,-79.13756064,225,"old-growth forest","old-growth forest",NA,55,"camera_trap","old-growth","BodyMass",360.5
"2623","OG52","SP04-ARL_231011_OG52_0275","03:30","03:30","Rodentia","Proechimys_semispinosus","","SP04-ARL_231011_OG52_0275-r0199","PREX",NA,0.54567888,-79.13756064,225,"old-growth forest","old-growth forest",NA,55,"camera_trap","old-growth","Sex",NA
"2624","OG52","SP04-ARL_231011_OG52_0275","03:30","03:30","Rodentia","Proechimys_semispinosus","","SP04-ARL_231011_OG52_0275-r0199","PREX",NA,0.54567888,-79.13756064,225,"old-growth forest","old-growth forest",NA,55,"camera_trap","old-growth","acrossincisortipsBreadth",7.283
"2625","OG52","SP04-ARL_231011_OG52_0275","03:30","03:30","Rodentia","Proechimys_semispinosus","","SP04-ARL_231011_OG52_0275-r0199","PREX",NA,0.54567888,-79.13756064,225,"old-growth forest","old-growth forest",NA,55,"camera_trap","old-growth","condylobasalLength",44.546
"2626","OG52","SP04-ARL_231011_OG52_0275","03:30","03:30","Rodentia","Proechimys_semispinosus","","SP04-ARL_231011_OG52_0275-r0199","PREX",NA,0.54567888,-79.13756064,225,"old-growth forest","old-growth forest",NA,55,"camera_trap","old-growth","earLength",15.0225
"2627","OG52","SP04-ARL_231011_OG52_0275","03:30","03:30","Rodentia","Proechimys_semispinosus","","SP04-ARL_231011_OG52_0275-r0199","PREX",NA,0.54567888,-79.13756064,225,"old-growth forest","old-growth forest",NA,55,"camera_trap","old-growth","forefootLength",18.13
"2628","OG52","SP04-ARL_231011_OG52_0275","03:30","03:30","Rodentia","Proechimys_semispinosus","","SP04-ARL_231011_OG52_0275-r0199","PREX",NA,0.54567888,-79.13756064,225,"old-growth forest","old-growth forest",NA,55,"camera_trap","old-growth","forefootWidth",6.8325
"2629","OG52","SP04-ARL_231011_OG52_0275","03:30","03:30","Rodentia","Proechimys_semispinosus","","SP04-ARL_231011_OG52_0275-r0199","PREX",NA,0.54567888,-79.13756064,225,"old-growth forest","old-growth forest",NA,55,"camera_trap","old-growth","forefootclawLength",3.08
"2630","OG52","SP04-ARL_231011_OG52_0275","03:30","03:30","Rodentia","Proechimys_semispinosus","","SP04-ARL_231011_OG52_0275-r0199","PREX",NA,0.54567888,-79.13756064,225,"old-growth forest","old-growth forest",NA,55,"camera_trap","old-growth","headandbodyLength",209.8225
"2631","OG52","SP04-ARL_231011_OG52_0275","03:30","03:30","Rodentia","Proechimys_semispinosus","","SP04-ARL_231011_OG52_0275-r0199","PREX",NA,0.54567888,-79.13756064,225,"old-growth forest","old-growth forest",NA,55,"camera_trap","old-growth","hindfootLength",44.63
"2632","OG52","SP04-ARL_231011_OG52_0275","03:30","03:30","Rodentia","Proechimys_semispinosus","","SP04-ARL_231011_OG52_0275-r0199","PREX",NA,0.54567888,-79.13756064,225,"old-growth forest","old-growth forest",NA,55,"camera_trap","old-growth","hindfootWidth",9.2
"2633","OG52","SP04-ARL_231011_OG52_0275","03:30","03:30","Rodentia","Proechimys_semispinosus","","SP04-ARL_231011_OG52_0275-r0199","PREX",NA,0.54567888,-79.13756064,225,"old-growth forest","old-growth forest",NA,55,"camera_trap","old-growth","mandibleDiagonal",22.782
"2634","OG52","SP04-ARL_231011_OG52_0275","03:30","03:30","Rodentia","Proechimys_semispinosus","","SP04-ARL_231011_OG52_0275-r0199","PREX",NA,0.54567888,-79.13756064,225,"old-growth forest","old-growth forest",NA,55,"camera_trap","old-growth","mandibleLength",22.9
"2635","OG52","SP04-ARL_231011_OG52_0275","03:30","03:30","Rodentia","Proechimys_semispinosus","","SP04-ARL_231011_OG52_0275-r0199","PREX",NA,0.54567888,-79.13756064,225,"old-growth forest","old-growth forest",NA,55,"camera_trap","old-growth","mandibleWidth",26.8021428571429
"2636","OG52","SP04-ARL_231011_OG52_0275","03:30","03:30","Rodentia","Proechimys_semispinosus","","SP04-ARL_231011_OG52_0275-r0199","PREX",NA,0.54567888,-79.13756064,225,"old-growth forest","old-growth forest",NA,55,"camera_trap","old-growth","mandibularcorpusHeight",11.66
"2637","OG52","SP04-ARL_231011_OG52_0275","03:30","03:30","Rodentia","Proechimys_semispinosus","","SP04-ARL_231011_OG52_0275-r0199","PREX",NA,0.54567888,-79.13756064,225,"old-growth forest","old-growth forest",NA,55,"camera_trap","old-growth","maxillarytoothrowAlveolarlength",12.98
"2638","OG52","SP04-ARL_231011_OG52_0275","03:30","03:30","Rodentia","Proechimys_semispinosus","","SP04-ARL_231011_OG52_0275-r0199","PREX",NA,0.54567888,-79.13756064,225,"old-growth forest","old-growth forest",NA,55,"camera_trap","old-growth","rostrumLength",23.417
"2639","OG52","SP04-ARL_231011_OG52_0275","03:30","03:30","Rodentia","Proechimys_semispinosus","","SP04-ARL_231011_OG52_0275-r0199","PREX",NA,0.54567888,-79.13756064,225,"old-growth forest","old-growth forest",NA,55,"camera_trap","old-growth","tailLength",60.87
"2640","OG52","SP04-ARL_231011_OG52_0275","03:30","03:30","Rodentia","Proechimys_semispinosus","","SP04-ARL_231011_OG52_0275-r0199","PREX",NA,0.54567888,-79.13756064,225,"old-growth forest","old-growth forest",NA,55,"camera_trap","old-growth","vibrissaeLength",63.0425
"2641","OG52","SP04-ARL_231011_OG52_0275","03:30","03:30","Rodentia","Proechimys_semispinosus","","SP04-ARL_231011_OG52_0275-r0199","PREX",NA,0.54567888,-79.13756064,225,"old-growth forest","old-growth forest",NA,55,"camera_trap","old-growth","zygomaticBreadth",29.363
"2642","OG52","SP04-ARL_231011_OG52_0275","09:53","09:53","Rodentia","Dasyprocta_punctata","","SP04-ARL_231011_OG52_0275-r0200","PREX",NA,0.54567888,-79.13756064,225,"old-growth forest","old-growth forest",NA,55,"camera_trap","old-growth","BodyMass",2674.98
"2643","OG52","SP04-ARL_231011_OG52_0275","09:53","09:53","Rodentia","Dasyprocta_punctata","","SP04-ARL_231011_OG52_0275-r0200","PREX",NA,0.54567888,-79.13756064,225,"old-growth forest","old-growth forest",NA,55,"camera_trap","old-growth","Sex",NA
"2644","OG52","SP04-ARL_231011_OG52_0275","09:53","09:53","Rodentia","Dasyprocta_punctata","","SP04-ARL_231011_OG52_0275-r0200","PREX",NA,0.54567888,-79.13756064,225,"old-growth forest","old-growth forest",NA,55,"camera_trap","old-growth","acrossincisortipsBreadth",8.504
"2645","OG52","SP04-ARL_231011_OG52_0275","09:53","09:53","Rodentia","Dasyprocta_punctata","","SP04-ARL_231011_OG52_0275-r0200","PREX",NA,0.54567888,-79.13756064,225,"old-growth forest","old-growth forest",NA,55,"camera_trap","old-growth","condylobasalLength",75.74
"2646","OG52","SP04-ARL_231011_OG52_0275","09:53","09:53","Rodentia","Dasyprocta_punctata","","SP04-ARL_231011_OG52_0275-r0200","PREX",NA,0.54567888,-79.13756064,225,"old-growth forest","old-growth forest",NA,55,"camera_trap","old-growth","earLength",28.585
"2647","OG52","SP04-ARL_231011_OG52_0275","09:53","09:53","Rodentia","Dasyprocta_punctata","","SP04-ARL_231011_OG52_0275-r0200","PREX",NA,0.54567888,-79.13756064,225,"old-growth forest","old-growth forest",NA,55,"camera_trap","old-growth","forefootLength",49.595
"2648","OG52","SP04-ARL_231011_OG52_0275","09:53","09:53","Rodentia","Dasyprocta_punctata","","SP04-ARL_231011_OG52_0275-r0200","PREX",NA,0.54567888,-79.13756064,225,"old-growth forest","old-growth forest",NA,55,"camera_trap","old-growth","forefootWidth",19.78
"2649","OG52","SP04-ARL_231011_OG52_0275","09:53","09:53","Rodentia","Dasyprocta_punctata","","SP04-ARL_231011_OG52_0275-r0200","PREX",NA,0.54567888,-79.13756064,225,"old-growth forest","old-growth forest",NA,55,"camera_trap","old-growth","forefootclawLength",16.905
"2650","OG52","SP04-ARL_231011_OG52_0275","09:53","09:53","Rodentia","Dasyprocta_punctata","","SP04-ARL_231011_OG52_0275-r0200","PREX",NA,0.54567888,-79.13756064,225,"old-growth forest","old-growth forest",NA,55,"camera_trap","old-growth","headandbodyLength",554.18
"2651","OG52","SP04-ARL_231011_OG52_0275","09:53","09:53","Rodentia","Dasyprocta_punctata","","SP04-ARL_231011_OG52_0275-r0200","PREX",NA,0.54567888,-79.13756064,225,"old-growth forest","old-growth forest",NA,55,"camera_trap","old-growth","hindfootLength",103.92
"2652","OG52","SP04-ARL_231011_OG52_0275","09:53","09:53","Rodentia","Dasyprocta_punctata","","SP04-ARL_231011_OG52_0275-r0200","PREX",NA,0.54567888,-79.13756064,225,"old-growth forest","old-growth forest",NA,55,"camera_trap","old-growth","hindfootWidth",19.56
"2653","OG52","SP04-ARL_231011_OG52_0275","09:53","09:53","Rodentia","Dasyprocta_punctata","","SP04-ARL_231011_OG52_0275-r0200","PREX",NA,0.54567888,-79.13756064,225,"old-growth forest","old-growth forest",NA,55,"camera_trap","old-growth","mandibleDiagonal",43.53
"2654","OG52","SP04-ARL_231011_OG52_0275","09:53","09:53","Rodentia","Dasyprocta_punctata","","SP04-ARL_231011_OG52_0275-r0200","PREX",NA,0.54567888,-79.13756064,225,"old-growth forest","old-growth forest",NA,55,"camera_trap","old-growth","mandibleLength",41.0966666666667
"2655","OG52","SP04-ARL_231011_OG52_0275","09:53","09:53","Rodentia","Dasyprocta_punctata","","SP04-ARL_231011_OG52_0275-r0200","PREX",NA,0.54567888,-79.13756064,225,"old-growth forest","old-growth forest",NA,55,"camera_trap","old-growth","mandibleWidth",37.215
"2656","OG52","SP04-ARL_231011_OG52_0275","09:53","09:53","Rodentia","Dasyprocta_punctata","","SP04-ARL_231011_OG52_0275-r0200","PREX",NA,0.54567888,-79.13756064,225,"old-growth forest","old-growth forest",NA,55,"camera_trap","old-growth","mandibularcorpusHeight",15.5533333333333
"2657","OG52","SP04-ARL_231011_OG52_0275","09:53","09:53","Rodentia","Dasyprocta_punctata","","SP04-ARL_231011_OG52_0275-r0200","PREX",NA,0.54567888,-79.13756064,225,"old-growth forest","old-growth forest",NA,55,"camera_trap","old-growth","maxillarytoothrowAlveolarlength",18.02
"2658","OG52","SP04-ARL_231011_OG52_0275","09:53","09:53","Rodentia","Dasyprocta_punctata","","SP04-ARL_231011_OG52_0275-r0200","PREX",NA,0.54567888,-79.13756064,225,"old-growth forest","old-growth forest",NA,55,"camera_trap","old-growth","rostrumLength",38.132
"2659","OG52","SP04-ARL_231011_OG52_0275","09:53","09:53","Rodentia","Dasyprocta_punctata","","SP04-ARL_231011_OG52_0275-r0200","PREX",NA,0.54567888,-79.13756064,225,"old-growth forest","old-growth forest",NA,55,"camera_trap","old-growth","tailLength",15.515
"2660","OG52","SP04-ARL_231011_OG52_0275","09:53","09:53","Rodentia","Dasyprocta_punctata","","SP04-ARL_231011_OG52_0275-r0200","PREX",NA,0.54567888,-79.13756064,225,"old-growth forest","old-growth forest",NA,55,"camera_trap","old-growth","vibrissaeLength",79.02
"2661","OG52","SP04-ARL_231011_OG52_0275","09:53","09:53","Rodentia","Dasyprocta_punctata","","SP04-ARL_231011_OG52_0275-r0200","PREX",NA,0.54567888,-79.13756064,225,"old-growth forest","old-growth forest",NA,55,"camera_trap","old-growth","zygomaticBreadth",47.4975
"2662","OG52","SP04-ARL_231011_OG52_0275","08:13","08:15","Birds","Rhynchortyx_cinctus","","SP04-ARL_231011_OG52_0275-r0201","PREX",NA,0.54567888,-79.13756064,225,"old-growth forest","old-growth forest",NA,55,"camera_trap","old-growth","Age",NA
"2663","OG52","SP04-ARL_231011_OG52_0275","08:13","08:15","Birds","Rhynchortyx_cinctus","","SP04-ARL_231011_OG52_0275-r0201","PREX",NA,0.54567888,-79.13756064,225,"old-growth forest","old-growth forest",NA,55,"camera_trap","old-growth","Beak.Depth",11.1
"2664","OG52","SP04-ARL_231011_OG52_0275","08:13","08:15","Birds","Rhynchortyx_cinctus","","SP04-ARL_231011_OG52_0275-r0201","PREX",NA,0.54567888,-79.13756064,225,"old-growth forest","old-growth forest",NA,55,"camera_trap","old-growth","Beak.Length_Culmen",15.54
"2665","OG52","SP04-ARL_231011_OG52_0275","08:13","08:15","Birds","Rhynchortyx_cinctus","","SP04-ARL_231011_OG52_0275-r0201","PREX",NA,0.54567888,-79.13756064,225,"old-growth forest","old-growth forest",NA,55,"camera_trap","old-growth","Beak.Length_Nares",9.95
"2666","OG52","SP04-ARL_231011_OG52_0275","08:13","08:15","Birds","Rhynchortyx_cinctus","","SP04-ARL_231011_OG52_0275-r0201","PREX",NA,0.54567888,-79.13756064,225,"old-growth forest","old-growth forest",NA,55,"camera_trap","old-growth","Beak.Width",7.94
"2667","OG52","SP04-ARL_231011_OG52_0275","08:13","08:15","Birds","Rhynchortyx_cinctus","","SP04-ARL_231011_OG52_0275-r0201","PREX",NA,0.54567888,-79.13756064,225,"old-growth forest","old-growth forest",NA,55,"camera_trap","old-growth","BodyMass",150
"2668","OG52","SP04-ARL_231011_OG52_0275","08:13","08:15","Birds","Rhynchortyx_cinctus","","SP04-ARL_231011_OG52_0275-r0201","PREX",NA,0.54567888,-79.13756064,225,"old-growth forest","old-growth forest",NA,55,"camera_trap","old-growth","Hand.wing.Index",36.25
"2669","OG52","SP04-ARL_231011_OG52_0275","08:13","08:15","Birds","Rhynchortyx_cinctus","","SP04-ARL_231011_OG52_0275-r0201","PREX",NA,0.54567888,-79.13756064,225,"old-growth forest","old-growth forest",NA,55,"camera_trap","old-growth","Kipps.Distance",39.575
"2670","OG52","SP04-ARL_231011_OG52_0275","08:13","08:15","Birds","Rhynchortyx_cinctus","","SP04-ARL_231011_OG52_0275-r0201","PREX",NA,0.54567888,-79.13756064,225,"old-growth forest","old-growth forest",NA,55,"camera_trap","old-growth","Secondary1",69.675
"2671","OG52","SP04-ARL_231011_OG52_0275","08:13","08:15","Birds","Rhynchortyx_cinctus","","SP04-ARL_231011_OG52_0275-r0201","PREX",NA,0.54567888,-79.13756064,225,"old-growth forest","old-growth forest",NA,55,"camera_trap","old-growth","Sex",NA
"2672","OG52","SP04-ARL_231011_OG52_0275","08:13","08:15","Birds","Rhynchortyx_cinctus","","SP04-ARL_231011_OG52_0275-r0201","PREX",NA,0.54567888,-79.13756064,225,"old-growth forest","old-growth forest",NA,55,"camera_trap","old-growth","Tail.Length",45.6
"2673","OG52","SP04-ARL_231011_OG52_0275","08:13","08:15","Birds","Rhynchortyx_cinctus","","SP04-ARL_231011_OG52_0275-r0201","PREX",NA,0.54567888,-79.13756064,225,"old-growth forest","old-growth forest",NA,55,"camera_trap","old-growth","Tarsus.Length",31.62
"2674","OG52","SP04-ARL_231011_OG52_0275","08:13","08:15","Birds","Rhynchortyx_cinctus","","SP04-ARL_231011_OG52_0275-r0201","PREX",NA,0.54567888,-79.13756064,225,"old-growth forest","old-growth forest",NA,55,"camera_trap","old-growth","Wing.Length",110.2
"2675","OG52","SP04-ARL_231011_OG52_0275","08:13","08:15","Birds","Rhynchortyx_cinctus","","SP04-ARL_231011_OG52_0275-r0202","PREX",NA,0.54567888,-79.13756064,225,"old-growth forest","old-growth forest",NA,55,"camera_trap","old-growth","Age",NA
"2676","OG52","SP04-ARL_231011_OG52_0275","08:13","08:15","Birds","Rhynchortyx_cinctus","","SP04-ARL_231011_OG52_0275-r0202","PREX",NA,0.54567888,-79.13756064,225,"old-growth forest","old-growth forest",NA,55,"camera_trap","old-growth","Beak.Depth",11.1
"2677","OG52","SP04-ARL_231011_OG52_0275","08:13","08:15","Birds","Rhynchortyx_cinctus","","SP04-ARL_231011_OG52_0275-r0202","PREX",NA,0.54567888,-79.13756064,225,"old-growth forest","old-growth forest",NA,55,"camera_trap","old-growth","Beak.Length_Culmen",15.54
"2678","OG52","SP04-ARL_231011_OG52_0275","08:13","08:15","Birds","Rhynchortyx_cinctus","","SP04-ARL_231011_OG52_0275-r0202","PREX",NA,0.54567888,-79.13756064,225,"old-growth forest","old-growth forest",NA,55,"camera_trap","old-growth","Beak.Length_Nares",9.95
"2679","OG52","SP04-ARL_231011_OG52_0275","08:13","08:15","Birds","Rhynchortyx_cinctus","","SP04-ARL_231011_OG52_0275-r0202","PREX",NA,0.54567888,-79.13756064,225,"old-growth forest","old-growth forest",NA,55,"camera_trap","old-growth","Beak.Width",7.94
"2680","OG52","SP04-ARL_231011_OG52_0275","08:13","08:15","Birds","Rhynchortyx_cinctus","","SP04-ARL_231011_OG52_0275-r0202","PREX",NA,0.54567888,-79.13756064,225,"old-growth forest","old-growth forest",NA,55,"camera_trap","old-growth","BodyMass",150
"2681","OG52","SP04-ARL_231011_OG52_0275","08:13","08:15","Birds","Rhynchortyx_cinctus","","SP04-ARL_231011_OG52_0275-r0202","PREX",NA,0.54567888,-79.13756064,225,"old-growth forest","old-growth forest",NA,55,"camera_trap","old-growth","Hand.wing.Index",36.25
"2682","OG52","SP04-ARL_231011_OG52_0275","08:13","08:15","Birds","Rhynchortyx_cinctus","","SP04-ARL_231011_OG52_0275-r0202","PREX",NA,0.54567888,-79.13756064,225,"old-growth forest","old-growth forest",NA,55,"camera_trap","old-growth","Kipps.Distance",39.575
"2683","OG52","SP04-ARL_231011_OG52_0275","08:13","08:15","Birds","Rhynchortyx_cinctus","","SP04-ARL_231011_OG52_0275-r0202","PREX",NA,0.54567888,-79.13756064,225,"old-growth forest","old-growth forest",NA,55,"camera_trap","old-growth","Secondary1",69.675
"2684","OG52","SP04-ARL_231011_OG52_0275","08:13","08:15","Birds","Rhynchortyx_cinctus","","SP04-ARL_231011_OG52_0275-r0202","PREX",NA,0.54567888,-79.13756064,225,"old-growth forest","old-growth forest",NA,55,"camera_trap","old-growth","Sex",NA
"2685","OG52","SP04-ARL_231011_OG52_0275","08:13","08:15","Birds","Rhynchortyx_cinctus","","SP04-ARL_231011_OG52_0275-r0202","PREX",NA,0.54567888,-79.13756064,225,"old-growth forest","old-growth forest",NA,55,"camera_trap","old-growth","Tail.Length",45.6
"2686","OG52","SP04-ARL_231011_OG52_0275","08:13","08:15","Birds","Rhynchortyx_cinctus","","SP04-ARL_231011_OG52_0275-r0202","PREX",NA,0.54567888,-79.13756064,225,"old-growth forest","old-growth forest",NA,55,"camera_trap","old-growth","Tarsus.Length",31.62
"2687","OG52","SP04-ARL_231011_OG52_0275","08:13","08:15","Birds","Rhynchortyx_cinctus","","SP04-ARL_231011_OG52_0275-r0202","PREX",NA,0.54567888,-79.13756064,225,"old-growth forest","old-growth forest",NA,55,"camera_trap","old-growth","Wing.Length",110.2
"2688","OG52","SP04-ARL_231012_OG52_0276","17:46","17:47","Rodentia","Dasyprocta_punctata","","SP04-ARL_231012_OG52_0276-r0203","PREX",NA,0.54567888,-79.13756064,225,"old-growth forest","old-growth forest",NA,55,"camera_trap","old-growth","BodyMass",2674.98
"2689","OG52","SP04-ARL_231012_OG52_0276","17:46","17:47","Rodentia","Dasyprocta_punctata","","SP04-ARL_231012_OG52_0276-r0203","PREX",NA,0.54567888,-79.13756064,225,"old-growth forest","old-growth forest",NA,55,"camera_trap","old-growth","Sex",NA
"2690","OG52","SP04-ARL_231012_OG52_0276","17:46","17:47","Rodentia","Dasyprocta_punctata","","SP04-ARL_231012_OG52_0276-r0203","PREX",NA,0.54567888,-79.13756064,225,"old-growth forest","old-growth forest",NA,55,"camera_trap","old-growth","acrossincisortipsBreadth",8.504
"2691","OG52","SP04-ARL_231012_OG52_0276","17:46","17:47","Rodentia","Dasyprocta_punctata","","SP04-ARL_231012_OG52_0276-r0203","PREX",NA,0.54567888,-79.13756064,225,"old-growth forest","old-growth forest",NA,55,"camera_trap","old-growth","condylobasalLength",75.74
"2692","OG52","SP04-ARL_231012_OG52_0276","17:46","17:47","Rodentia","Dasyprocta_punctata","","SP04-ARL_231012_OG52_0276-r0203","PREX",NA,0.54567888,-79.13756064,225,"old-growth forest","old-growth forest",NA,55,"camera_trap","old-growth","earLength",28.585
"2693","OG52","SP04-ARL_231012_OG52_0276","17:46","17:47","Rodentia","Dasyprocta_punctata","","SP04-ARL_231012_OG52_0276-r0203","PREX",NA,0.54567888,-79.13756064,225,"old-growth forest","old-growth forest",NA,55,"camera_trap","old-growth","forefootLength",49.595
"2694","OG52","SP04-ARL_231012_OG52_0276","17:46","17:47","Rodentia","Dasyprocta_punctata","","SP04-ARL_231012_OG52_0276-r0203","PREX",NA,0.54567888,-79.13756064,225,"old-growth forest","old-growth forest",NA,55,"camera_trap","old-growth","forefootWidth",19.78
"2695","OG52","SP04-ARL_231012_OG52_0276","17:46","17:47","Rodentia","Dasyprocta_punctata","","SP04-ARL_231012_OG52_0276-r0203","PREX",NA,0.54567888,-79.13756064,225,"old-growth forest","old-growth forest",NA,55,"camera_trap","old-growth","forefootclawLength",16.905
"2696","OG52","SP04-ARL_231012_OG52_0276","17:46","17:47","Rodentia","Dasyprocta_punctata","","SP04-ARL_231012_OG52_0276-r0203","PREX",NA,0.54567888,-79.13756064,225,"old-growth forest","old-growth forest",NA,55,"camera_trap","old-growth","headandbodyLength",554.18
"2697","OG52","SP04-ARL_231012_OG52_0276","17:46","17:47","Rodentia","Dasyprocta_punctata","","SP04-ARL_231012_OG52_0276-r0203","PREX",NA,0.54567888,-79.13756064,225,"old-growth forest","old-growth forest",NA,55,"camera_trap","old-growth","hindfootLength",103.92
"2698","OG52","SP04-ARL_231012_OG52_0276","17:46","17:47","Rodentia","Dasyprocta_punctata","","SP04-ARL_231012_OG52_0276-r0203","PREX",NA,0.54567888,-79.13756064,225,"old-growth forest","old-growth forest",NA,55,"camera_trap","old-growth","hindfootWidth",19.56
"2699","OG52","SP04-ARL_231012_OG52_0276","17:46","17:47","Rodentia","Dasyprocta_punctata","","SP04-ARL_231012_OG52_0276-r0203","PREX",NA,0.54567888,-79.13756064,225,"old-growth forest","old-growth forest",NA,55,"camera_trap","old-growth","mandibleDiagonal",43.53
"2700","OG52","SP04-ARL_231012_OG52_0276","17:46","17:47","Rodentia","Dasyprocta_punctata","","SP04-ARL_231012_OG52_0276-r0203","PREX",NA,0.54567888,-79.13756064,225,"old-growth forest","old-growth forest",NA,55,"camera_trap","old-growth","mandibleLength",41.0966666666667
"2701","OG52","SP04-ARL_231012_OG52_0276","17:46","17:47","Rodentia","Dasyprocta_punctata","","SP04-ARL_231012_OG52_0276-r0203","PREX",NA,0.54567888,-79.13756064,225,"old-growth forest","old-growth forest",NA,55,"camera_trap","old-growth","mandibleWidth",37.215
"2702","OG52","SP04-ARL_231012_OG52_0276","17:46","17:47","Rodentia","Dasyprocta_punctata","","SP04-ARL_231012_OG52_0276-r0203","PREX",NA,0.54567888,-79.13756064,225,"old-growth forest","old-growth forest",NA,55,"camera_trap","old-growth","mandibularcorpusHeight",15.5533333333333
"2703","OG52","SP04-ARL_231012_OG52_0276","17:46","17:47","Rodentia","Dasyprocta_punctata","","SP04-ARL_231012_OG52_0276-r0203","PREX",NA,0.54567888,-79.13756064,225,"old-growth forest","old-growth forest",NA,55,"camera_trap","old-growth","maxillarytoothrowAlveolarlength",18.02
"2704","OG52","SP04-ARL_231012_OG52_0276","17:46","17:47","Rodentia","Dasyprocta_punctata","","SP04-ARL_231012_OG52_0276-r0203","PREX",NA,0.54567888,-79.13756064,225,"old-growth forest","old-growth forest",NA,55,"camera_trap","old-growth","rostrumLength",38.132
"2705","OG52","SP04-ARL_231012_OG52_0276","17:46","17:47","Rodentia","Dasyprocta_punctata","","SP04-ARL_231012_OG52_0276-r0203","PREX",NA,0.54567888,-79.13756064,225,"old-growth forest","old-growth forest",NA,55,"camera_trap","old-growth","tailLength",15.515
"2706","OG52","SP04-ARL_231012_OG52_0276","17:46","17:47","Rodentia","Dasyprocta_punctata","","SP04-ARL_231012_OG52_0276-r0203","PREX",NA,0.54567888,-79.13756064,225,"old-growth forest","old-growth forest",NA,55,"camera_trap","old-growth","vibrissaeLength",79.02
"2707","OG52","SP04-ARL_231012_OG52_0276","17:46","17:47","Rodentia","Dasyprocta_punctata","","SP04-ARL_231012_OG52_0276-r0203","PREX",NA,0.54567888,-79.13756064,225,"old-growth forest","old-growth forest",NA,55,"camera_trap","old-growth","zygomaticBreadth",47.4975
"2708","OG52","SP04-ARL_231012_OG52_0276","00:26","00:26","Rodentia","Proechimys_semispinosus","","SP04-ARL_231012_OG52_0276-r0204","PREX",NA,0.54567888,-79.13756064,225,"old-growth forest","old-growth forest",NA,55,"camera_trap","old-growth","BodyMass",360.5
"2709","OG52","SP04-ARL_231012_OG52_0276","00:26","00:26","Rodentia","Proechimys_semispinosus","","SP04-ARL_231012_OG52_0276-r0204","PREX",NA,0.54567888,-79.13756064,225,"old-growth forest","old-growth forest",NA,55,"camera_trap","old-growth","Sex",NA
"2710","OG52","SP04-ARL_231012_OG52_0276","00:26","00:26","Rodentia","Proechimys_semispinosus","","SP04-ARL_231012_OG52_0276-r0204","PREX",NA,0.54567888,-79.13756064,225,"old-growth forest","old-growth forest",NA,55,"camera_trap","old-growth","acrossincisortipsBreadth",7.283
"2711","OG52","SP04-ARL_231012_OG52_0276","00:26","00:26","Rodentia","Proechimys_semispinosus","","SP04-ARL_231012_OG52_0276-r0204","PREX",NA,0.54567888,-79.13756064,225,"old-growth forest","old-growth forest",NA,55,"camera_trap","old-growth","condylobasalLength",44.546
"2712","OG52","SP04-ARL_231012_OG52_0276","00:26","00:26","Rodentia","Proechimys_semispinosus","","SP04-ARL_231012_OG52_0276-r0204","PREX",NA,0.54567888,-79.13756064,225,"old-growth forest","old-growth forest",NA,55,"camera_trap","old-growth","earLength",15.0225
"2713","OG52","SP04-ARL_231012_OG52_0276","00:26","00:26","Rodentia","Proechimys_semispinosus","","SP04-ARL_231012_OG52_0276-r0204","PREX",NA,0.54567888,-79.13756064,225,"old-growth forest","old-growth forest",NA,55,"camera_trap","old-growth","forefootLength",18.13
"2714","OG52","SP04-ARL_231012_OG52_0276","00:26","00:26","Rodentia","Proechimys_semispinosus","","SP04-ARL_231012_OG52_0276-r0204","PREX",NA,0.54567888,-79.13756064,225,"old-growth forest","old-growth forest",NA,55,"camera_trap","old-growth","forefootWidth",6.8325
"2715","OG52","SP04-ARL_231012_OG52_0276","00:26","00:26","Rodentia","Proechimys_semispinosus","","SP04-ARL_231012_OG52_0276-r0204","PREX",NA,0.54567888,-79.13756064,225,"old-growth forest","old-growth forest",NA,55,"camera_trap","old-growth","forefootclawLength",3.08
"2716","OG52","SP04-ARL_231012_OG52_0276","00:26","00:26","Rodentia","Proechimys_semispinosus","","SP04-ARL_231012_OG52_0276-r0204","PREX",NA,0.54567888,-79.13756064,225,"old-growth forest","old-growth forest",NA,55,"camera_trap","old-growth","headandbodyLength",209.8225
"2717","OG52","SP04-ARL_231012_OG52_0276","00:26","00:26","Rodentia","Proechimys_semispinosus","","SP04-ARL_231012_OG52_0276-r0204","PREX",NA,0.54567888,-79.13756064,225,"old-growth forest","old-growth forest",NA,55,"camera_trap","old-growth","hindfootLength",44.63
"2718","OG52","SP04-ARL_231012_OG52_0276","00:26","00:26","Rodentia","Proechimys_semispinosus","","SP04-ARL_231012_OG52_0276-r0204","PREX",NA,0.54567888,-79.13756064,225,"old-growth forest","old-growth forest",NA,55,"camera_trap","old-growth","hindfootWidth",9.2
"2719","OG52","SP04-ARL_231012_OG52_0276","00:26","00:26","Rodentia","Proechimys_semispinosus","","SP04-ARL_231012_OG52_0276-r0204","PREX",NA,0.54567888,-79.13756064,225,"old-growth forest","old-growth forest",NA,55,"camera_trap","old-growth","mandibleDiagonal",22.782
"2720","OG52","SP04-ARL_231012_OG52_0276","00:26","00:26","Rodentia","Proechimys_semispinosus","","SP04-ARL_231012_OG52_0276-r0204","PREX",NA,0.54567888,-79.13756064,225,"old-growth forest","old-growth forest",NA,55,"camera_trap","old-growth","mandibleLength",22.9
"2721","OG52","SP04-ARL_231012_OG52_0276","00:26","00:26","Rodentia","Proechimys_semispinosus","","SP04-ARL_231012_OG52_0276-r0204","PREX",NA,0.54567888,-79.13756064,225,"old-growth forest","old-growth forest",NA,55,"camera_trap","old-growth","mandibleWidth",26.8021428571429
"2722","OG52","SP04-ARL_231012_OG52_0276","00:26","00:26","Rodentia","Proechimys_semispinosus","","SP04-ARL_231012_OG52_0276-r0204","PREX",NA,0.54567888,-79.13756064,225,"old-growth forest","old-growth forest",NA,55,"camera_trap","old-growth","mandibularcorpusHeight",11.66
"2723","OG52","SP04-ARL_231012_OG52_0276","00:26","00:26","Rodentia","Proechimys_semispinosus","","SP04-ARL_231012_OG52_0276-r0204","PREX",NA,0.54567888,-79.13756064,225,"old-growth forest","old-growth forest",NA,55,"camera_trap","old-growth","maxillarytoothrowAlveolarlength",12.98
"2724","OG52","SP04-ARL_231012_OG52_0276","00:26","00:26","Rodentia","Proechimys_semispinosus","","SP04-ARL_231012_OG52_0276-r0204","PREX",NA,0.54567888,-79.13756064,225,"old-growth forest","old-growth forest",NA,55,"camera_trap","old-growth","rostrumLength",23.417
"2725","OG52","SP04-ARL_231012_OG52_0276","00:26","00:26","Rodentia","Proechimys_semispinosus","","SP04-ARL_231012_OG52_0276-r0204","PREX",NA,0.54567888,-79.13756064,225,"old-growth forest","old-growth forest",NA,55,"camera_trap","old-growth","tailLength",60.87
"2726","OG52","SP04-ARL_231012_OG52_0276","00:26","00:26","Rodentia","Proechimys_semispinosus","","SP04-ARL_231012_OG52_0276-r0204","PREX",NA,0.54567888,-79.13756064,225,"old-growth forest","old-growth forest",NA,55,"camera_trap","old-growth","vibrissaeLength",63.0425
"2727","OG52","SP04-ARL_231012_OG52_0276","00:26","00:26","Rodentia","Proechimys_semispinosus","","SP04-ARL_231012_OG52_0276-r0204","PREX",NA,0.54567888,-79.13756064,225,"old-growth forest","old-growth forest",NA,55,"camera_trap","old-growth","zygomaticBreadth",29.363
"2728","OG52","SP04-ARL_231012_OG52_0276","02:11","02:12","Rodentia","Proechimys_semispinosus","","SP04-ARL_231012_OG52_0276-r0205","PREX",NA,0.54567888,-79.13756064,225,"old-growth forest","old-growth forest",NA,55,"camera_trap","old-growth","BodyMass",360.5
"2729","OG52","SP04-ARL_231012_OG52_0276","02:11","02:12","Rodentia","Proechimys_semispinosus","","SP04-ARL_231012_OG52_0276-r0205","PREX",NA,0.54567888,-79.13756064,225,"old-growth forest","old-growth forest",NA,55,"camera_trap","old-growth","Sex",NA
"2730","OG52","SP04-ARL_231012_OG52_0276","02:11","02:12","Rodentia","Proechimys_semispinosus","","SP04-ARL_231012_OG52_0276-r0205","PREX",NA,0.54567888,-79.13756064,225,"old-growth forest","old-growth forest",NA,55,"camera_trap","old-growth","acrossincisortipsBreadth",7.283
"2731","OG52","SP04-ARL_231012_OG52_0276","02:11","02:12","Rodentia","Proechimys_semispinosus","","SP04-ARL_231012_OG52_0276-r0205","PREX",NA,0.54567888,-79.13756064,225,"old-growth forest","old-growth forest",NA,55,"camera_trap","old-growth","condylobasalLength",44.546
"2732","OG52","SP04-ARL_231012_OG52_0276","02:11","02:12","Rodentia","Proechimys_semispinosus","","SP04-ARL_231012_OG52_0276-r0205","PREX",NA,0.54567888,-79.13756064,225,"old-growth forest","old-growth forest",NA,55,"camera_trap","old-growth","earLength",15.0225
"2733","OG52","SP04-ARL_231012_OG52_0276","02:11","02:12","Rodentia","Proechimys_semispinosus","","SP04-ARL_231012_OG52_0276-r0205","PREX",NA,0.54567888,-79.13756064,225,"old-growth forest","old-growth forest",NA,55,"camera_trap","old-growth","forefootLength",18.13
"2734","OG52","SP04-ARL_231012_OG52_0276","02:11","02:12","Rodentia","Proechimys_semispinosus","","SP04-ARL_231012_OG52_0276-r0205","PREX",NA,0.54567888,-79.13756064,225,"old-growth forest","old-growth forest",NA,55,"camera_trap","old-growth","forefootWidth",6.8325
"2735","OG52","SP04-ARL_231012_OG52_0276","02:11","02:12","Rodentia","Proechimys_semispinosus","","SP04-ARL_231012_OG52_0276-r0205","PREX",NA,0.54567888,-79.13756064,225,"old-growth forest","old-growth forest",NA,55,"camera_trap","old-growth","forefootclawLength",3.08
"2736","OG52","SP04-ARL_231012_OG52_0276","02:11","02:12","Rodentia","Proechimys_semispinosus","","SP04-ARL_231012_OG52_0276-r0205","PREX",NA,0.54567888,-79.13756064,225,"old-growth forest","old-growth forest",NA,55,"camera_trap","old-growth","headandbodyLength",209.8225
"2737","OG52","SP04-ARL_231012_OG52_0276","02:11","02:12","Rodentia","Proechimys_semispinosus","","SP04-ARL_231012_OG52_0276-r0205","PREX",NA,0.54567888,-79.13756064,225,"old-growth forest","old-growth forest",NA,55,"camera_trap","old-growth","hindfootLength",44.63
"2738","OG52","SP04-ARL_231012_OG52_0276","02:11","02:12","Rodentia","Proechimys_semispinosus","","SP04-ARL_231012_OG52_0276-r0205","PREX",NA,0.54567888,-79.13756064,225,"old-growth forest","old-growth forest",NA,55,"camera_trap","old-growth","hindfootWidth",9.2
"2739","OG52","SP04-ARL_231012_OG52_0276","02:11","02:12","Rodentia","Proechimys_semispinosus","","SP04-ARL_231012_OG52_0276-r0205","PREX",NA,0.54567888,-79.13756064,225,"old-growth forest","old-growth forest",NA,55,"camera_trap","old-growth","mandibleDiagonal",22.782
"2740","OG52","SP04-ARL_231012_OG52_0276","02:11","02:12","Rodentia","Proechimys_semispinosus","","SP04-ARL_231012_OG52_0276-r0205","PREX",NA,0.54567888,-79.13756064,225,"old-growth forest","old-growth forest",NA,55,"camera_trap","old-growth","mandibleLength",22.9
"2741","OG52","SP04-ARL_231012_OG52_0276","02:11","02:12","Rodentia","Proechimys_semispinosus","","SP04-ARL_231012_OG52_0276-r0205","PREX",NA,0.54567888,-79.13756064,225,"old-growth forest","old-growth forest",NA,55,"camera_trap","old-growth","mandibleWidth",26.8021428571429
"2742","OG52","SP04-ARL_231012_OG52_0276","02:11","02:12","Rodentia","Proechimys_semispinosus","","SP04-ARL_231012_OG52_0276-r0205","PREX",NA,0.54567888,-79.13756064,225,"old-growth forest","old-growth forest",NA,55,"camera_trap","old-growth","mandibularcorpusHeight",11.66
"2743","OG52","SP04-ARL_231012_OG52_0276","02:11","02:12","Rodentia","Proechimys_semispinosus","","SP04-ARL_231012_OG52_0276-r0205","PREX",NA,0.54567888,-79.13756064,225,"old-growth forest","old-growth forest",NA,55,"camera_trap","old-growth","maxillarytoothrowAlveolarlength",12.98
"2744","OG52","SP04-ARL_231012_OG52_0276","02:11","02:12","Rodentia","Proechimys_semispinosus","","SP04-ARL_231012_OG52_0276-r0205","PREX",NA,0.54567888,-79.13756064,225,"old-growth forest","old-growth forest",NA,55,"camera_trap","old-growth","rostrumLength",23.417
"2745","OG52","SP04-ARL_231012_OG52_0276","02:11","02:12","Rodentia","Proechimys_semispinosus","","SP04-ARL_231012_OG52_0276-r0205","PREX",NA,0.54567888,-79.13756064,225,"old-growth forest","old-growth forest",NA,55,"camera_trap","old-growth","tailLength",60.87
"2746","OG52","SP04-ARL_231012_OG52_0276","02:11","02:12","Rodentia","Proechimys_semispinosus","","SP04-ARL_231012_OG52_0276-r0205","PREX",NA,0.54567888,-79.13756064,225,"old-growth forest","old-growth forest",NA,55,"camera_trap","old-growth","vibrissaeLength",63.0425
"2747","OG52","SP04-ARL_231012_OG52_0276","02:11","02:12","Rodentia","Proechimys_semispinosus","","SP04-ARL_231012_OG52_0276-r0205","PREX",NA,0.54567888,-79.13756064,225,"old-growth forest","old-growth forest",NA,55,"camera_trap","old-growth","zygomaticBreadth",29.363
"2748","OG52","SP04-ARL_231013_OG52_0277","01:47","01:47","Rodentia","Proechimys_semispinosus","","SP04-ARL_231013_OG52_0277-r0206","PREX",NA,0.54567888,-79.13756064,225,"old-growth forest","old-growth forest",NA,55,"camera_trap","old-growth","BodyMass",360.5
"2749","OG52","SP04-ARL_231013_OG52_0277","01:47","01:47","Rodentia","Proechimys_semispinosus","","SP04-ARL_231013_OG52_0277-r0206","PREX",NA,0.54567888,-79.13756064,225,"old-growth forest","old-growth forest",NA,55,"camera_trap","old-growth","Sex",NA
"2750","OG52","SP04-ARL_231013_OG52_0277","01:47","01:47","Rodentia","Proechimys_semispinosus","","SP04-ARL_231013_OG52_0277-r0206","PREX",NA,0.54567888,-79.13756064,225,"old-growth forest","old-growth forest",NA,55,"camera_trap","old-growth","acrossincisortipsBreadth",7.283
"2751","OG52","SP04-ARL_231013_OG52_0277","01:47","01:47","Rodentia","Proechimys_semispinosus","","SP04-ARL_231013_OG52_0277-r0206","PREX",NA,0.54567888,-79.13756064,225,"old-growth forest","old-growth forest",NA,55,"camera_trap","old-growth","condylobasalLength",44.546
"2752","OG52","SP04-ARL_231013_OG52_0277","01:47","01:47","Rodentia","Proechimys_semispinosus","","SP04-ARL_231013_OG52_0277-r0206","PREX",NA,0.54567888,-79.13756064,225,"old-growth forest","old-growth forest",NA,55,"camera_trap","old-growth","earLength",15.0225
"2753","OG52","SP04-ARL_231013_OG52_0277","01:47","01:47","Rodentia","Proechimys_semispinosus","","SP04-ARL_231013_OG52_0277-r0206","PREX",NA,0.54567888,-79.13756064,225,"old-growth forest","old-growth forest",NA,55,"camera_trap","old-growth","forefootLength",18.13
"2754","OG52","SP04-ARL_231013_OG52_0277","01:47","01:47","Rodentia","Proechimys_semispinosus","","SP04-ARL_231013_OG52_0277-r0206","PREX",NA,0.54567888,-79.13756064,225,"old-growth forest","old-growth forest",NA,55,"camera_trap","old-growth","forefootWidth",6.8325
"2755","OG52","SP04-ARL_231013_OG52_0277","01:47","01:47","Rodentia","Proechimys_semispinosus","","SP04-ARL_231013_OG52_0277-r0206","PREX",NA,0.54567888,-79.13756064,225,"old-growth forest","old-growth forest",NA,55,"camera_trap","old-growth","forefootclawLength",3.08
"2756","OG52","SP04-ARL_231013_OG52_0277","01:47","01:47","Rodentia","Proechimys_semispinosus","","SP04-ARL_231013_OG52_0277-r0206","PREX",NA,0.54567888,-79.13756064,225,"old-growth forest","old-growth forest",NA,55,"camera_trap","old-growth","headandbodyLength",209.8225
"2757","OG52","SP04-ARL_231013_OG52_0277","01:47","01:47","Rodentia","Proechimys_semispinosus","","SP04-ARL_231013_OG52_0277-r0206","PREX",NA,0.54567888,-79.13756064,225,"old-growth forest","old-growth forest",NA,55,"camera_trap","old-growth","hindfootLength",44.63
"2758","OG52","SP04-ARL_231013_OG52_0277","01:47","01:47","Rodentia","Proechimys_semispinosus","","SP04-ARL_231013_OG52_0277-r0206","PREX",NA,0.54567888,-79.13756064,225,"old-growth forest","old-growth forest",NA,55,"camera_trap","old-growth","hindfootWidth",9.2
"2759","OG52","SP04-ARL_231013_OG52_0277","01:47","01:47","Rodentia","Proechimys_semispinosus","","SP04-ARL_231013_OG52_0277-r0206","PREX",NA,0.54567888,-79.13756064,225,"old-growth forest","old-growth forest",NA,55,"camera_trap","old-growth","mandibleDiagonal",22.782
"2760","OG52","SP04-ARL_231013_OG52_0277","01:47","01:47","Rodentia","Proechimys_semispinosus","","SP04-ARL_231013_OG52_0277-r0206","PREX",NA,0.54567888,-79.13756064,225,"old-growth forest","old-growth forest",NA,55,"camera_trap","old-growth","mandibleLength",22.9
"2761","OG52","SP04-ARL_231013_OG52_0277","01:47","01:47","Rodentia","Proechimys_semispinosus","","SP04-ARL_231013_OG52_0277-r0206","PREX",NA,0.54567888,-79.13756064,225,"old-growth forest","old-growth forest",NA,55,"camera_trap","old-growth","mandibleWidth",26.8021428571429
"2762","OG52","SP04-ARL_231013_OG52_0277","01:47","01:47","Rodentia","Proechimys_semispinosus","","SP04-ARL_231013_OG52_0277-r0206","PREX",NA,0.54567888,-79.13756064,225,"old-growth forest","old-growth forest",NA,55,"camera_trap","old-growth","mandibularcorpusHeight",11.66
"2763","OG52","SP04-ARL_231013_OG52_0277","01:47","01:47","Rodentia","Proechimys_semispinosus","","SP04-ARL_231013_OG52_0277-r0206","PREX",NA,0.54567888,-79.13756064,225,"old-growth forest","old-growth forest",NA,55,"camera_trap","old-growth","maxillarytoothrowAlveolarlength",12.98
"2764","OG52","SP04-ARL_231013_OG52_0277","01:47","01:47","Rodentia","Proechimys_semispinosus","","SP04-ARL_231013_OG52_0277-r0206","PREX",NA,0.54567888,-79.13756064,225,"old-growth forest","old-growth forest",NA,55,"camera_trap","old-growth","rostrumLength",23.417
"2765","OG52","SP04-ARL_231013_OG52_0277","01:47","01:47","Rodentia","Proechimys_semispinosus","","SP04-ARL_231013_OG52_0277-r0206","PREX",NA,0.54567888,-79.13756064,225,"old-growth forest","old-growth forest",NA,55,"camera_trap","old-growth","tailLength",60.87
"2766","OG52","SP04-ARL_231013_OG52_0277","01:47","01:47","Rodentia","Proechimys_semispinosus","","SP04-ARL_231013_OG52_0277-r0206","PREX",NA,0.54567888,-79.13756064,225,"old-growth forest","old-growth forest",NA,55,"camera_trap","old-growth","vibrissaeLength",63.0425
"2767","OG52","SP04-ARL_231013_OG52_0277","01:47","01:47","Rodentia","Proechimys_semispinosus","","SP04-ARL_231013_OG52_0277-r0206","PREX",NA,0.54567888,-79.13756064,225,"old-growth forest","old-growth forest",NA,55,"camera_trap","old-growth","zygomaticBreadth",29.363
"2768","OG52","SP04-ARL_231015_OG52_0278","00:47","00:47","Rodentia","Trasandinomys_sp","","SP04-ARL_231015_OG52_0278-r0207","PREX",NA,0.54567888,-79.13756064,225,"old-growth forest","old-growth forest",NA,55,"camera_trap","old-growth",NA,NA
"2769","PA57","SP04-ARL_220421_PA57_0036","03:56","03:57","Rodentia","Heteromys_australis","","SP04-ARL_220421_PA57_0036-r0035","PREX",NA,0.51139197,-79.20887752,375,"active pasture","active pasture",NA,0,"camera_trap","pasture","BodyMass",267.5
"2770","PA57","SP04-ARL_220421_PA57_0036","03:56","03:57","Rodentia","Heteromys_australis","","SP04-ARL_220421_PA57_0036-r0035","PREX",NA,0.51139197,-79.20887752,375,"active pasture","active pasture",NA,0,"camera_trap","pasture","Sex",NA
"2771","PA57","SP04-ARL_220421_PA57_0036","03:56","03:57","Rodentia","Heteromys_australis","","SP04-ARL_220421_PA57_0036-r0035","PREX",NA,0.51139197,-79.20887752,375,"active pasture","active pasture",NA,0,"camera_trap","pasture","acrossincisortipsBreadth",2.47142857142857
"2772","PA57","SP04-ARL_220421_PA57_0036","03:56","03:57","Rodentia","Heteromys_australis","","SP04-ARL_220421_PA57_0036-r0035","PREX",NA,0.51139197,-79.20887752,375,"active pasture","active pasture",NA,0,"camera_trap","pasture","condylobasalLength",27.8885714285714
"2773","PA57","SP04-ARL_220421_PA57_0036","03:56","03:57","Rodentia","Heteromys_australis","","SP04-ARL_220421_PA57_0036-r0035","PREX",NA,0.51139197,-79.20887752,375,"active pasture","active pasture",NA,0,"camera_trap","pasture","earLength",14.48
"2774","PA57","SP04-ARL_220421_PA57_0036","03:56","03:57","Rodentia","Heteromys_australis","","SP04-ARL_220421_PA57_0036-r0035","PREX",NA,0.51139197,-79.20887752,375,"active pasture","active pasture",NA,0,"camera_trap","pasture","forefootLength",9.59
"2775","PA57","SP04-ARL_220421_PA57_0036","03:56","03:57","Rodentia","Heteromys_australis","","SP04-ARL_220421_PA57_0036-r0035","PREX",NA,0.51139197,-79.20887752,375,"active pasture","active pasture",NA,0,"camera_trap","pasture","forefootWidth",4.752
"2776","PA57","SP04-ARL_220421_PA57_0036","03:56","03:57","Rodentia","Heteromys_australis","","SP04-ARL_220421_PA57_0036-r0035","PREX",NA,0.51139197,-79.20887752,375,"active pasture","active pasture",NA,0,"camera_trap","pasture","forefootclawLength",2.154
"2777","PA57","SP04-ARL_220421_PA57_0036","03:56","03:57","Rodentia","Heteromys_australis","","SP04-ARL_220421_PA57_0036-r0035","PREX",NA,0.51139197,-79.20887752,375,"active pasture","active pasture",NA,0,"camera_trap","pasture","headandbodyLength",86.534
"2778","PA57","SP04-ARL_220421_PA57_0036","03:56","03:57","Rodentia","Heteromys_australis","","SP04-ARL_220421_PA57_0036-r0035","PREX",NA,0.51139197,-79.20887752,375,"active pasture","active pasture",NA,0,"camera_trap","pasture","hindfootLength",24.968
"2779","PA57","SP04-ARL_220421_PA57_0036","03:56","03:57","Rodentia","Heteromys_australis","","SP04-ARL_220421_PA57_0036-r0035","PREX",NA,0.51139197,-79.20887752,375,"active pasture","active pasture",NA,0,"camera_trap","pasture","hindfootWidth",5.532
"2780","PA57","SP04-ARL_220421_PA57_0036","03:56","03:57","Rodentia","Heteromys_australis","","SP04-ARL_220421_PA57_0036-r0035","PREX",NA,0.51139197,-79.20887752,375,"active pasture","active pasture",NA,0,"camera_trap","pasture","mandibleDiagonal",13.1585714285714
"2781","PA57","SP04-ARL_220421_PA57_0036","03:56","03:57","Rodentia","Heteromys_australis","","SP04-ARL_220421_PA57_0036-r0035","PREX",NA,0.51139197,-79.20887752,375,"active pasture","active pasture",NA,0,"camera_trap","pasture","mandibleLength",11.8242857142857
"2782","PA57","SP04-ARL_220421_PA57_0036","03:56","03:57","Rodentia","Heteromys_australis","","SP04-ARL_220421_PA57_0036-r0035","PREX",NA,0.51139197,-79.20887752,375,"active pasture","active pasture",NA,0,"camera_trap","pasture","mandibleWidth",12.1716666666667
"2783","PA57","SP04-ARL_220421_PA57_0036","03:56","03:57","Rodentia","Heteromys_australis","","SP04-ARL_220421_PA57_0036-r0035","PREX",NA,0.51139197,-79.20887752,375,"active pasture","active pasture",NA,0,"camera_trap","pasture","mandibularcorpusHeight",5.44428571428571
"2784","PA57","SP04-ARL_220421_PA57_0036","03:56","03:57","Rodentia","Heteromys_australis","","SP04-ARL_220421_PA57_0036-r0035","PREX",NA,0.51139197,-79.20887752,375,"active pasture","active pasture",NA,0,"camera_trap","pasture","maxillarytoothrowAlveolarlength",4.90285714285714
"2785","PA57","SP04-ARL_220421_PA57_0036","03:56","03:57","Rodentia","Heteromys_australis","","SP04-ARL_220421_PA57_0036-r0035","PREX",NA,0.51139197,-79.20887752,375,"active pasture","active pasture",NA,0,"camera_trap","pasture","rostrumLength",12.7657142857143
"2786","PA57","SP04-ARL_220421_PA57_0036","03:56","03:57","Rodentia","Heteromys_australis","","SP04-ARL_220421_PA57_0036-r0035","PREX",NA,0.51139197,-79.20887752,375,"active pasture","active pasture",NA,0,"camera_trap","pasture","tailLength",84.278
"2787","PA57","SP04-ARL_220421_PA57_0036","03:56","03:57","Rodentia","Heteromys_australis","","SP04-ARL_220421_PA57_0036-r0035","PREX",NA,0.51139197,-79.20887752,375,"active pasture","active pasture",NA,0,"camera_trap","pasture","vibrissaeLength",32.712
"2788","PA57","SP04-ARL_220421_PA57_0036","03:56","03:57","Rodentia","Heteromys_australis","","SP04-ARL_220421_PA57_0036-r0035","PREX",NA,0.51139197,-79.20887752,375,"active pasture","active pasture",NA,0,"camera_trap","pasture","zygomaticBreadth",15.41
"2789","PA57","SP04-ARL_220421_PA57_0036","04:36","04:37","Rodentia","Heteromys_australis","","SP04-ARL_220421_PA57_0036-r0036","PREX",NA,0.51139197,-79.20887752,375,"active pasture","active pasture",NA,0,"camera_trap","pasture","BodyMass",267.5
"2790","PA57","SP04-ARL_220421_PA57_0036","04:36","04:37","Rodentia","Heteromys_australis","","SP04-ARL_220421_PA57_0036-r0036","PREX",NA,0.51139197,-79.20887752,375,"active pasture","active pasture",NA,0,"camera_trap","pasture","Sex",NA
"2791","PA57","SP04-ARL_220421_PA57_0036","04:36","04:37","Rodentia","Heteromys_australis","","SP04-ARL_220421_PA57_0036-r0036","PREX",NA,0.51139197,-79.20887752,375,"active pasture","active pasture",NA,0,"camera_trap","pasture","acrossincisortipsBreadth",2.47142857142857
"2792","PA57","SP04-ARL_220421_PA57_0036","04:36","04:37","Rodentia","Heteromys_australis","","SP04-ARL_220421_PA57_0036-r0036","PREX",NA,0.51139197,-79.20887752,375,"active pasture","active pasture",NA,0,"camera_trap","pasture","condylobasalLength",27.8885714285714
"2793","PA57","SP04-ARL_220421_PA57_0036","04:36","04:37","Rodentia","Heteromys_australis","","SP04-ARL_220421_PA57_0036-r0036","PREX",NA,0.51139197,-79.20887752,375,"active pasture","active pasture",NA,0,"camera_trap","pasture","earLength",14.48
"2794","PA57","SP04-ARL_220421_PA57_0036","04:36","04:37","Rodentia","Heteromys_australis","","SP04-ARL_220421_PA57_0036-r0036","PREX",NA,0.51139197,-79.20887752,375,"active pasture","active pasture",NA,0,"camera_trap","pasture","forefootLength",9.59
"2795","PA57","SP04-ARL_220421_PA57_0036","04:36","04:37","Rodentia","Heteromys_australis","","SP04-ARL_220421_PA57_0036-r0036","PREX",NA,0.51139197,-79.20887752,375,"active pasture","active pasture",NA,0,"camera_trap","pasture","forefootWidth",4.752
"2796","PA57","SP04-ARL_220421_PA57_0036","04:36","04:37","Rodentia","Heteromys_australis","","SP04-ARL_220421_PA57_0036-r0036","PREX",NA,0.51139197,-79.20887752,375,"active pasture","active pasture",NA,0,"camera_trap","pasture","forefootclawLength",2.154
"2797","PA57","SP04-ARL_220421_PA57_0036","04:36","04:37","Rodentia","Heteromys_australis","","SP04-ARL_220421_PA57_0036-r0036","PREX",NA,0.51139197,-79.20887752,375,"active pasture","active pasture",NA,0,"camera_trap","pasture","headandbodyLength",86.534
"2798","PA57","SP04-ARL_220421_PA57_0036","04:36","04:37","Rodentia","Heteromys_australis","","SP04-ARL_220421_PA57_0036-r0036","PREX",NA,0.51139197,-79.20887752,375,"active pasture","active pasture",NA,0,"camera_trap","pasture","hindfootLength",24.968
"2799","PA57","SP04-ARL_220421_PA57_0036","04:36","04:37","Rodentia","Heteromys_australis","","SP04-ARL_220421_PA57_0036-r0036","PREX",NA,0.51139197,-79.20887752,375,"active pasture","active pasture",NA,0,"camera_trap","pasture","hindfootWidth",5.532
"2800","PA57","SP04-ARL_220421_PA57_0036","04:36","04:37","Rodentia","Heteromys_australis","","SP04-ARL_220421_PA57_0036-r0036","PREX",NA,0.51139197,-79.20887752,375,"active pasture","active pasture",NA,0,"camera_trap","pasture","mandibleDiagonal",13.1585714285714
"2801","PA57","SP04-ARL_220421_PA57_0036","04:36","04:37","Rodentia","Heteromys_australis","","SP04-ARL_220421_PA57_0036-r0036","PREX",NA,0.51139197,-79.20887752,375,"active pasture","active pasture",NA,0,"camera_trap","pasture","mandibleLength",11.8242857142857
"2802","PA57","SP04-ARL_220421_PA57_0036","04:36","04:37","Rodentia","Heteromys_australis","","SP04-ARL_220421_PA57_0036-r0036","PREX",NA,0.51139197,-79.20887752,375,"active pasture","active pasture",NA,0,"camera_trap","pasture","mandibleWidth",12.1716666666667
"2803","PA57","SP04-ARL_220421_PA57_0036","04:36","04:37","Rodentia","Heteromys_australis","","SP04-ARL_220421_PA57_0036-r0036","PREX",NA,0.51139197,-79.20887752,375,"active pasture","active pasture",NA,0,"camera_trap","pasture","mandibularcorpusHeight",5.44428571428571
"2804","PA57","SP04-ARL_220421_PA57_0036","04:36","04:37","Rodentia","Heteromys_australis","","SP04-ARL_220421_PA57_0036-r0036","PREX",NA,0.51139197,-79.20887752,375,"active pasture","active pasture",NA,0,"camera_trap","pasture","maxillarytoothrowAlveolarlength",4.90285714285714
"2805","PA57","SP04-ARL_220421_PA57_0036","04:36","04:37","Rodentia","Heteromys_australis","","SP04-ARL_220421_PA57_0036-r0036","PREX",NA,0.51139197,-79.20887752,375,"active pasture","active pasture",NA,0,"camera_trap","pasture","rostrumLength",12.7657142857143
"2806","PA57","SP04-ARL_220421_PA57_0036","04:36","04:37","Rodentia","Heteromys_australis","","SP04-ARL_220421_PA57_0036-r0036","PREX",NA,0.51139197,-79.20887752,375,"active pasture","active pasture",NA,0,"camera_trap","pasture","tailLength",84.278
"2807","PA57","SP04-ARL_220421_PA57_0036","04:36","04:37","Rodentia","Heteromys_australis","","SP04-ARL_220421_PA57_0036-r0036","PREX",NA,0.51139197,-79.20887752,375,"active pasture","active pasture",NA,0,"camera_trap","pasture","vibrissaeLength",32.712
"2808","PA57","SP04-ARL_220421_PA57_0036","04:36","04:37","Rodentia","Heteromys_australis","","SP04-ARL_220421_PA57_0036-r0036","PREX",NA,0.51139197,-79.20887752,375,"active pasture","active pasture",NA,0,"camera_trap","pasture","zygomaticBreadth",15.41
"2809","PA57","SP04-ARL_220421_PA57_0036","04:46","04:47","Rodentia","Heteromys_australis","","SP04-ARL_220421_PA57_0036-r0037","PREX",NA,0.51139197,-79.20887752,375,"active pasture","active pasture",NA,0,"camera_trap","pasture","BodyMass",267.5
"2810","PA57","SP04-ARL_220421_PA57_0036","04:46","04:47","Rodentia","Heteromys_australis","","SP04-ARL_220421_PA57_0036-r0037","PREX",NA,0.51139197,-79.20887752,375,"active pasture","active pasture",NA,0,"camera_trap","pasture","Sex",NA
"2811","PA57","SP04-ARL_220421_PA57_0036","04:46","04:47","Rodentia","Heteromys_australis","","SP04-ARL_220421_PA57_0036-r0037","PREX",NA,0.51139197,-79.20887752,375,"active pasture","active pasture",NA,0,"camera_trap","pasture","acrossincisortipsBreadth",2.47142857142857
"2812","PA57","SP04-ARL_220421_PA57_0036","04:46","04:47","Rodentia","Heteromys_australis","","SP04-ARL_220421_PA57_0036-r0037","PREX",NA,0.51139197,-79.20887752,375,"active pasture","active pasture",NA,0,"camera_trap","pasture","condylobasalLength",27.8885714285714
"2813","PA57","SP04-ARL_220421_PA57_0036","04:46","04:47","Rodentia","Heteromys_australis","","SP04-ARL_220421_PA57_0036-r0037","PREX",NA,0.51139197,-79.20887752,375,"active pasture","active pasture",NA,0,"camera_trap","pasture","earLength",14.48
"2814","PA57","SP04-ARL_220421_PA57_0036","04:46","04:47","Rodentia","Heteromys_australis","","SP04-ARL_220421_PA57_0036-r0037","PREX",NA,0.51139197,-79.20887752,375,"active pasture","active pasture",NA,0,"camera_trap","pasture","forefootLength",9.59
"2815","PA57","SP04-ARL_220421_PA57_0036","04:46","04:47","Rodentia","Heteromys_australis","","SP04-ARL_220421_PA57_0036-r0037","PREX",NA,0.51139197,-79.20887752,375,"active pasture","active pasture",NA,0,"camera_trap","pasture","forefootWidth",4.752
"2816","PA57","SP04-ARL_220421_PA57_0036","04:46","04:47","Rodentia","Heteromys_australis","","SP04-ARL_220421_PA57_0036-r0037","PREX",NA,0.51139197,-79.20887752,375,"active pasture","active pasture",NA,0,"camera_trap","pasture","forefootclawLength",2.154
"2817","PA57","SP04-ARL_220421_PA57_0036","04:46","04:47","Rodentia","Heteromys_australis","","SP04-ARL_220421_PA57_0036-r0037","PREX",NA,0.51139197,-79.20887752,375,"active pasture","active pasture",NA,0,"camera_trap","pasture","headandbodyLength",86.534
"2818","PA57","SP04-ARL_220421_PA57_0036","04:46","04:47","Rodentia","Heteromys_australis","","SP04-ARL_220421_PA57_0036-r0037","PREX",NA,0.51139197,-79.20887752,375,"active pasture","active pasture",NA,0,"camera_trap","pasture","hindfootLength",24.968
"2819","PA57","SP04-ARL_220421_PA57_0036","04:46","04:47","Rodentia","Heteromys_australis","","SP04-ARL_220421_PA57_0036-r0037","PREX",NA,0.51139197,-79.20887752,375,"active pasture","active pasture",NA,0,"camera_trap","pasture","hindfootWidth",5.532
"2820","PA57","SP04-ARL_220421_PA57_0036","04:46","04:47","Rodentia","Heteromys_australis","","SP04-ARL_220421_PA57_0036-r0037","PREX",NA,0.51139197,-79.20887752,375,"active pasture","active pasture",NA,0,"camera_trap","pasture","mandibleDiagonal",13.1585714285714
"2821","PA57","SP04-ARL_220421_PA57_0036","04:46","04:47","Rodentia","Heteromys_australis","","SP04-ARL_220421_PA57_0036-r0037","PREX",NA,0.51139197,-79.20887752,375,"active pasture","active pasture",NA,0,"camera_trap","pasture","mandibleLength",11.8242857142857
"2822","PA57","SP04-ARL_220421_PA57_0036","04:46","04:47","Rodentia","Heteromys_australis","","SP04-ARL_220421_PA57_0036-r0037","PREX",NA,0.51139197,-79.20887752,375,"active pasture","active pasture",NA,0,"camera_trap","pasture","mandibleWidth",12.1716666666667
"2823","PA57","SP04-ARL_220421_PA57_0036","04:46","04:47","Rodentia","Heteromys_australis","","SP04-ARL_220421_PA57_0036-r0037","PREX",NA,0.51139197,-79.20887752,375,"active pasture","active pasture",NA,0,"camera_trap","pasture","mandibularcorpusHeight",5.44428571428571
"2824","PA57","SP04-ARL_220421_PA57_0036","04:46","04:47","Rodentia","Heteromys_australis","","SP04-ARL_220421_PA57_0036-r0037","PREX",NA,0.51139197,-79.20887752,375,"active pasture","active pasture",NA,0,"camera_trap","pasture","maxillarytoothrowAlveolarlength",4.90285714285714
"2825","PA57","SP04-ARL_220421_PA57_0036","04:46","04:47","Rodentia","Heteromys_australis","","SP04-ARL_220421_PA57_0036-r0037","PREX",NA,0.51139197,-79.20887752,375,"active pasture","active pasture",NA,0,"camera_trap","pasture","rostrumLength",12.7657142857143
"2826","PA57","SP04-ARL_220421_PA57_0036","04:46","04:47","Rodentia","Heteromys_australis","","SP04-ARL_220421_PA57_0036-r0037","PREX",NA,0.51139197,-79.20887752,375,"active pasture","active pasture",NA,0,"camera_trap","pasture","tailLength",84.278
"2827","PA57","SP04-ARL_220421_PA57_0036","04:46","04:47","Rodentia","Heteromys_australis","","SP04-ARL_220421_PA57_0036-r0037","PREX",NA,0.51139197,-79.20887752,375,"active pasture","active pasture",NA,0,"camera_trap","pasture","vibrissaeLength",32.712
"2828","PA57","SP04-ARL_220421_PA57_0036","04:46","04:47","Rodentia","Heteromys_australis","","SP04-ARL_220421_PA57_0036-r0037","PREX",NA,0.51139197,-79.20887752,375,"active pasture","active pasture",NA,0,"camera_trap","pasture","zygomaticBreadth",15.41
"2829","PR19","SP04-ARL_230410_PR19_0220","01:38","01:38","Rodentia","Proechimys_semispinosus","","SP04-ARL_230410_PR19_0220-r0151","PREX",NA,0.55271929,-79.17482117,177,"pasture regeneration","pasture regeneration early",2017,6,"camera_trap","pasture","BodyMass",360.5
"2830","PR19","SP04-ARL_230410_PR19_0220","01:38","01:38","Rodentia","Proechimys_semispinosus","","SP04-ARL_230410_PR19_0220-r0151","PREX",NA,0.55271929,-79.17482117,177,"pasture regeneration","pasture regeneration early",2017,6,"camera_trap","pasture","Sex",NA
"2831","PR19","SP04-ARL_230410_PR19_0220","01:38","01:38","Rodentia","Proechimys_semispinosus","","SP04-ARL_230410_PR19_0220-r0151","PREX",NA,0.55271929,-79.17482117,177,"pasture regeneration","pasture regeneration early",2017,6,"camera_trap","pasture","acrossincisortipsBreadth",7.283
"2832","PR19","SP04-ARL_230410_PR19_0220","01:38","01:38","Rodentia","Proechimys_semispinosus","","SP04-ARL_230410_PR19_0220-r0151","PREX",NA,0.55271929,-79.17482117,177,"pasture regeneration","pasture regeneration early",2017,6,"camera_trap","pasture","condylobasalLength",44.546
"2833","PR19","SP04-ARL_230410_PR19_0220","01:38","01:38","Rodentia","Proechimys_semispinosus","","SP04-ARL_230410_PR19_0220-r0151","PREX",NA,0.55271929,-79.17482117,177,"pasture regeneration","pasture regeneration early",2017,6,"camera_trap","pasture","earLength",15.0225
"2834","PR19","SP04-ARL_230410_PR19_0220","01:38","01:38","Rodentia","Proechimys_semispinosus","","SP04-ARL_230410_PR19_0220-r0151","PREX",NA,0.55271929,-79.17482117,177,"pasture regeneration","pasture regeneration early",2017,6,"camera_trap","pasture","forefootLength",18.13
"2835","PR19","SP04-ARL_230410_PR19_0220","01:38","01:38","Rodentia","Proechimys_semispinosus","","SP04-ARL_230410_PR19_0220-r0151","PREX",NA,0.55271929,-79.17482117,177,"pasture regeneration","pasture regeneration early",2017,6,"camera_trap","pasture","forefootWidth",6.8325
"2836","PR19","SP04-ARL_230410_PR19_0220","01:38","01:38","Rodentia","Proechimys_semispinosus","","SP04-ARL_230410_PR19_0220-r0151","PREX",NA,0.55271929,-79.17482117,177,"pasture regeneration","pasture regeneration early",2017,6,"camera_trap","pasture","forefootclawLength",3.08
"2837","PR19","SP04-ARL_230410_PR19_0220","01:38","01:38","Rodentia","Proechimys_semispinosus","","SP04-ARL_230410_PR19_0220-r0151","PREX",NA,0.55271929,-79.17482117,177,"pasture regeneration","pasture regeneration early",2017,6,"camera_trap","pasture","headandbodyLength",209.8225
"2838","PR19","SP04-ARL_230410_PR19_0220","01:38","01:38","Rodentia","Proechimys_semispinosus","","SP04-ARL_230410_PR19_0220-r0151","PREX",NA,0.55271929,-79.17482117,177,"pasture regeneration","pasture regeneration early",2017,6,"camera_trap","pasture","hindfootLength",44.63
"2839","PR19","SP04-ARL_230410_PR19_0220","01:38","01:38","Rodentia","Proechimys_semispinosus","","SP04-ARL_230410_PR19_0220-r0151","PREX",NA,0.55271929,-79.17482117,177,"pasture regeneration","pasture regeneration early",2017,6,"camera_trap","pasture","hindfootWidth",9.2
"2840","PR19","SP04-ARL_230410_PR19_0220","01:38","01:38","Rodentia","Proechimys_semispinosus","","SP04-ARL_230410_PR19_0220-r0151","PREX",NA,0.55271929,-79.17482117,177,"pasture regeneration","pasture regeneration early",2017,6,"camera_trap","pasture","mandibleDiagonal",22.782
"2841","PR19","SP04-ARL_230410_PR19_0220","01:38","01:38","Rodentia","Proechimys_semispinosus","","SP04-ARL_230410_PR19_0220-r0151","PREX",NA,0.55271929,-79.17482117,177,"pasture regeneration","pasture regeneration early",2017,6,"camera_trap","pasture","mandibleLength",22.9
"2842","PR19","SP04-ARL_230410_PR19_0220","01:38","01:38","Rodentia","Proechimys_semispinosus","","SP04-ARL_230410_PR19_0220-r0151","PREX",NA,0.55271929,-79.17482117,177,"pasture regeneration","pasture regeneration early",2017,6,"camera_trap","pasture","mandibleWidth",26.8021428571429
"2843","PR19","SP04-ARL_230410_PR19_0220","01:38","01:38","Rodentia","Proechimys_semispinosus","","SP04-ARL_230410_PR19_0220-r0151","PREX",NA,0.55271929,-79.17482117,177,"pasture regeneration","pasture regeneration early",2017,6,"camera_trap","pasture","mandibularcorpusHeight",11.66
"2844","PR19","SP04-ARL_230410_PR19_0220","01:38","01:38","Rodentia","Proechimys_semispinosus","","SP04-ARL_230410_PR19_0220-r0151","PREX",NA,0.55271929,-79.17482117,177,"pasture regeneration","pasture regeneration early",2017,6,"camera_trap","pasture","maxillarytoothrowAlveolarlength",12.98
"2845","PR19","SP04-ARL_230410_PR19_0220","01:38","01:38","Rodentia","Proechimys_semispinosus","","SP04-ARL_230410_PR19_0220-r0151","PREX",NA,0.55271929,-79.17482117,177,"pasture regeneration","pasture regeneration early",2017,6,"camera_trap","pasture","rostrumLength",23.417
"2846","PR19","SP04-ARL_230410_PR19_0220","01:38","01:38","Rodentia","Proechimys_semispinosus","","SP04-ARL_230410_PR19_0220-r0151","PREX",NA,0.55271929,-79.17482117,177,"pasture regeneration","pasture regeneration early",2017,6,"camera_trap","pasture","tailLength",60.87
"2847","PR19","SP04-ARL_230410_PR19_0220","01:38","01:38","Rodentia","Proechimys_semispinosus","","SP04-ARL_230410_PR19_0220-r0151","PREX",NA,0.55271929,-79.17482117,177,"pasture regeneration","pasture regeneration early",2017,6,"camera_trap","pasture","vibrissaeLength",63.0425
"2848","PR19","SP04-ARL_230410_PR19_0220","01:38","01:38","Rodentia","Proechimys_semispinosus","","SP04-ARL_230410_PR19_0220-r0151","PREX",NA,0.55271929,-79.17482117,177,"pasture regeneration","pasture regeneration early",2017,6,"camera_trap","pasture","zygomaticBreadth",29.363
"2849","PR19","SP04-ARL_230410_PR19_0220","03:30","03:31","Rodentia","Proechimys_semispinosus","","SP04-ARL_230410_PR19_0220-r0152","PREX",NA,0.55271929,-79.17482117,177,"pasture regeneration","pasture regeneration early",2017,6,"camera_trap","pasture","BodyMass",360.5
"2850","PR19","SP04-ARL_230410_PR19_0220","03:30","03:31","Rodentia","Proechimys_semispinosus","","SP04-ARL_230410_PR19_0220-r0152","PREX",NA,0.55271929,-79.17482117,177,"pasture regeneration","pasture regeneration early",2017,6,"camera_trap","pasture","Sex",NA
"2851","PR19","SP04-ARL_230410_PR19_0220","03:30","03:31","Rodentia","Proechimys_semispinosus","","SP04-ARL_230410_PR19_0220-r0152","PREX",NA,0.55271929,-79.17482117,177,"pasture regeneration","pasture regeneration early",2017,6,"camera_trap","pasture","acrossincisortipsBreadth",7.283
"2852","PR19","SP04-ARL_230410_PR19_0220","03:30","03:31","Rodentia","Proechimys_semispinosus","","SP04-ARL_230410_PR19_0220-r0152","PREX",NA,0.55271929,-79.17482117,177,"pasture regeneration","pasture regeneration early",2017,6,"camera_trap","pasture","condylobasalLength",44.546
"2853","PR19","SP04-ARL_230410_PR19_0220","03:30","03:31","Rodentia","Proechimys_semispinosus","","SP04-ARL_230410_PR19_0220-r0152","PREX",NA,0.55271929,-79.17482117,177,"pasture regeneration","pasture regeneration early",2017,6,"camera_trap","pasture","earLength",15.0225
"2854","PR19","SP04-ARL_230410_PR19_0220","03:30","03:31","Rodentia","Proechimys_semispinosus","","SP04-ARL_230410_PR19_0220-r0152","PREX",NA,0.55271929,-79.17482117,177,"pasture regeneration","pasture regeneration early",2017,6,"camera_trap","pasture","forefootLength",18.13
"2855","PR19","SP04-ARL_230410_PR19_0220","03:30","03:31","Rodentia","Proechimys_semispinosus","","SP04-ARL_230410_PR19_0220-r0152","PREX",NA,0.55271929,-79.17482117,177,"pasture regeneration","pasture regeneration early",2017,6,"camera_trap","pasture","forefootWidth",6.8325
"2856","PR19","SP04-ARL_230410_PR19_0220","03:30","03:31","Rodentia","Proechimys_semispinosus","","SP04-ARL_230410_PR19_0220-r0152","PREX",NA,0.55271929,-79.17482117,177,"pasture regeneration","pasture regeneration early",2017,6,"camera_trap","pasture","forefootclawLength",3.08
"2857","PR19","SP04-ARL_230410_PR19_0220","03:30","03:31","Rodentia","Proechimys_semispinosus","","SP04-ARL_230410_PR19_0220-r0152","PREX",NA,0.55271929,-79.17482117,177,"pasture regeneration","pasture regeneration early",2017,6,"camera_trap","pasture","headandbodyLength",209.8225
"2858","PR19","SP04-ARL_230410_PR19_0220","03:30","03:31","Rodentia","Proechimys_semispinosus","","SP04-ARL_230410_PR19_0220-r0152","PREX",NA,0.55271929,-79.17482117,177,"pasture regeneration","pasture regeneration early",2017,6,"camera_trap","pasture","hindfootLength",44.63
"2859","PR19","SP04-ARL_230410_PR19_0220","03:30","03:31","Rodentia","Proechimys_semispinosus","","SP04-ARL_230410_PR19_0220-r0152","PREX",NA,0.55271929,-79.17482117,177,"pasture regeneration","pasture regeneration early",2017,6,"camera_trap","pasture","hindfootWidth",9.2
"2860","PR19","SP04-ARL_230410_PR19_0220","03:30","03:31","Rodentia","Proechimys_semispinosus","","SP04-ARL_230410_PR19_0220-r0152","PREX",NA,0.55271929,-79.17482117,177,"pasture regeneration","pasture regeneration early",2017,6,"camera_trap","pasture","mandibleDiagonal",22.782
"2861","PR19","SP04-ARL_230410_PR19_0220","03:30","03:31","Rodentia","Proechimys_semispinosus","","SP04-ARL_230410_PR19_0220-r0152","PREX",NA,0.55271929,-79.17482117,177,"pasture regeneration","pasture regeneration early",2017,6,"camera_trap","pasture","mandibleLength",22.9
"2862","PR19","SP04-ARL_230410_PR19_0220","03:30","03:31","Rodentia","Proechimys_semispinosus","","SP04-ARL_230410_PR19_0220-r0152","PREX",NA,0.55271929,-79.17482117,177,"pasture regeneration","pasture regeneration early",2017,6,"camera_trap","pasture","mandibleWidth",26.8021428571429
"2863","PR19","SP04-ARL_230410_PR19_0220","03:30","03:31","Rodentia","Proechimys_semispinosus","","SP04-ARL_230410_PR19_0220-r0152","PREX",NA,0.55271929,-79.17482117,177,"pasture regeneration","pasture regeneration early",2017,6,"camera_trap","pasture","mandibularcorpusHeight",11.66
"2864","PR19","SP04-ARL_230410_PR19_0220","03:30","03:31","Rodentia","Proechimys_semispinosus","","SP04-ARL_230410_PR19_0220-r0152","PREX",NA,0.55271929,-79.17482117,177,"pasture regeneration","pasture regeneration early",2017,6,"camera_trap","pasture","maxillarytoothrowAlveolarlength",12.98
"2865","PR19","SP04-ARL_230410_PR19_0220","03:30","03:31","Rodentia","Proechimys_semispinosus","","SP04-ARL_230410_PR19_0220-r0152","PREX",NA,0.55271929,-79.17482117,177,"pasture regeneration","pasture regeneration early",2017,6,"camera_trap","pasture","rostrumLength",23.417
"2866","PR19","SP04-ARL_230410_PR19_0220","03:30","03:31","Rodentia","Proechimys_semispinosus","","SP04-ARL_230410_PR19_0220-r0152","PREX",NA,0.55271929,-79.17482117,177,"pasture regeneration","pasture regeneration early",2017,6,"camera_trap","pasture","tailLength",60.87
"2867","PR19","SP04-ARL_230410_PR19_0220","03:30","03:31","Rodentia","Proechimys_semispinosus","","SP04-ARL_230410_PR19_0220-r0152","PREX",NA,0.55271929,-79.17482117,177,"pasture regeneration","pasture regeneration early",2017,6,"camera_trap","pasture","vibrissaeLength",63.0425
"2868","PR19","SP04-ARL_230410_PR19_0220","03:30","03:31","Rodentia","Proechimys_semispinosus","","SP04-ARL_230410_PR19_0220-r0152","PREX",NA,0.55271929,-79.17482117,177,"pasture regeneration","pasture regeneration early",2017,6,"camera_trap","pasture","zygomaticBreadth",29.363
"2869","PR19","SP04-ARL_230410_PR19_0220","06:19","06:22","Rodentia","Proechimys_semispinosus","","SP04-ARL_230410_PR19_0220-r0153","PREX",NA,0.55271929,-79.17482117,177,"pasture regeneration","pasture regeneration early",2017,6,"camera_trap","pasture","BodyMass",360.5
"2870","PR19","SP04-ARL_230410_PR19_0220","06:19","06:22","Rodentia","Proechimys_semispinosus","","SP04-ARL_230410_PR19_0220-r0153","PREX",NA,0.55271929,-79.17482117,177,"pasture regeneration","pasture regeneration early",2017,6,"camera_trap","pasture","Sex",NA
"2871","PR19","SP04-ARL_230410_PR19_0220","06:19","06:22","Rodentia","Proechimys_semispinosus","","SP04-ARL_230410_PR19_0220-r0153","PREX",NA,0.55271929,-79.17482117,177,"pasture regeneration","pasture regeneration early",2017,6,"camera_trap","pasture","acrossincisortipsBreadth",7.283
"2872","PR19","SP04-ARL_230410_PR19_0220","06:19","06:22","Rodentia","Proechimys_semispinosus","","SP04-ARL_230410_PR19_0220-r0153","PREX",NA,0.55271929,-79.17482117,177,"pasture regeneration","pasture regeneration early",2017,6,"camera_trap","pasture","condylobasalLength",44.546
"2873","PR19","SP04-ARL_230410_PR19_0220","06:19","06:22","Rodentia","Proechimys_semispinosus","","SP04-ARL_230410_PR19_0220-r0153","PREX",NA,0.55271929,-79.17482117,177,"pasture regeneration","pasture regeneration early",2017,6,"camera_trap","pasture","earLength",15.0225
"2874","PR19","SP04-ARL_230410_PR19_0220","06:19","06:22","Rodentia","Proechimys_semispinosus","","SP04-ARL_230410_PR19_0220-r0153","PREX",NA,0.55271929,-79.17482117,177,"pasture regeneration","pasture regeneration early",2017,6,"camera_trap","pasture","forefootLength",18.13
"2875","PR19","SP04-ARL_230410_PR19_0220","06:19","06:22","Rodentia","Proechimys_semispinosus","","SP04-ARL_230410_PR19_0220-r0153","PREX",NA,0.55271929,-79.17482117,177,"pasture regeneration","pasture regeneration early",2017,6,"camera_trap","pasture","forefootWidth",6.8325
"2876","PR19","SP04-ARL_230410_PR19_0220","06:19","06:22","Rodentia","Proechimys_semispinosus","","SP04-ARL_230410_PR19_0220-r0153","PREX",NA,0.55271929,-79.17482117,177,"pasture regeneration","pasture regeneration early",2017,6,"camera_trap","pasture","forefootclawLength",3.08
"2877","PR19","SP04-ARL_230410_PR19_0220","06:19","06:22","Rodentia","Proechimys_semispinosus","","SP04-ARL_230410_PR19_0220-r0153","PREX",NA,0.55271929,-79.17482117,177,"pasture regeneration","pasture regeneration early",2017,6,"camera_trap","pasture","headandbodyLength",209.8225
"2878","PR19","SP04-ARL_230410_PR19_0220","06:19","06:22","Rodentia","Proechimys_semispinosus","","SP04-ARL_230410_PR19_0220-r0153","PREX",NA,0.55271929,-79.17482117,177,"pasture regeneration","pasture regeneration early",2017,6,"camera_trap","pasture","hindfootLength",44.63
"2879","PR19","SP04-ARL_230410_PR19_0220","06:19","06:22","Rodentia","Proechimys_semispinosus","","SP04-ARL_230410_PR19_0220-r0153","PREX",NA,0.55271929,-79.17482117,177,"pasture regeneration","pasture regeneration early",2017,6,"camera_trap","pasture","hindfootWidth",9.2
"2880","PR19","SP04-ARL_230410_PR19_0220","06:19","06:22","Rodentia","Proechimys_semispinosus","","SP04-ARL_230410_PR19_0220-r0153","PREX",NA,0.55271929,-79.17482117,177,"pasture regeneration","pasture regeneration early",2017,6,"camera_trap","pasture","mandibleDiagonal",22.782
"2881","PR19","SP04-ARL_230410_PR19_0220","06:19","06:22","Rodentia","Proechimys_semispinosus","","SP04-ARL_230410_PR19_0220-r0153","PREX",NA,0.55271929,-79.17482117,177,"pasture regeneration","pasture regeneration early",2017,6,"camera_trap","pasture","mandibleLength",22.9
"2882","PR19","SP04-ARL_230410_PR19_0220","06:19","06:22","Rodentia","Proechimys_semispinosus","","SP04-ARL_230410_PR19_0220-r0153","PREX",NA,0.55271929,-79.17482117,177,"pasture regeneration","pasture regeneration early",2017,6,"camera_trap","pasture","mandibleWidth",26.8021428571429
"2883","PR19","SP04-ARL_230410_PR19_0220","06:19","06:22","Rodentia","Proechimys_semispinosus","","SP04-ARL_230410_PR19_0220-r0153","PREX",NA,0.55271929,-79.17482117,177,"pasture regeneration","pasture regeneration early",2017,6,"camera_trap","pasture","mandibularcorpusHeight",11.66
"2884","PR19","SP04-ARL_230410_PR19_0220","06:19","06:22","Rodentia","Proechimys_semispinosus","","SP04-ARL_230410_PR19_0220-r0153","PREX",NA,0.55271929,-79.17482117,177,"pasture regeneration","pasture regeneration early",2017,6,"camera_trap","pasture","maxillarytoothrowAlveolarlength",12.98
"2885","PR19","SP04-ARL_230410_PR19_0220","06:19","06:22","Rodentia","Proechimys_semispinosus","","SP04-ARL_230410_PR19_0220-r0153","PREX",NA,0.55271929,-79.17482117,177,"pasture regeneration","pasture regeneration early",2017,6,"camera_trap","pasture","rostrumLength",23.417
"2886","PR19","SP04-ARL_230410_PR19_0220","06:19","06:22","Rodentia","Proechimys_semispinosus","","SP04-ARL_230410_PR19_0220-r0153","PREX",NA,0.55271929,-79.17482117,177,"pasture regeneration","pasture regeneration early",2017,6,"camera_trap","pasture","tailLength",60.87
"2887","PR19","SP04-ARL_230410_PR19_0220","06:19","06:22","Rodentia","Proechimys_semispinosus","","SP04-ARL_230410_PR19_0220-r0153","PREX",NA,0.55271929,-79.17482117,177,"pasture regeneration","pasture regeneration early",2017,6,"camera_trap","pasture","vibrissaeLength",63.0425
"2888","PR19","SP04-ARL_230410_PR19_0220","06:19","06:22","Rodentia","Proechimys_semispinosus","","SP04-ARL_230410_PR19_0220-r0153","PREX",NA,0.55271929,-79.17482117,177,"pasture regeneration","pasture regeneration early",2017,6,"camera_trap","pasture","zygomaticBreadth",29.363
"2889","PR19","SP04-ARL_230410_PR19_0220","01:38","01:38","Rodentia","Proechimys_semispinosus","","SP04-ARL_230410_PR19_0220-r0154","PREX",NA,0.55271929,-79.17482117,177,"pasture regeneration","pasture regeneration early",2017,6,"camera_trap","pasture","BodyMass",360.5
"2890","PR19","SP04-ARL_230410_PR19_0220","01:38","01:38","Rodentia","Proechimys_semispinosus","","SP04-ARL_230410_PR19_0220-r0154","PREX",NA,0.55271929,-79.17482117,177,"pasture regeneration","pasture regeneration early",2017,6,"camera_trap","pasture","Sex",NA
"2891","PR19","SP04-ARL_230410_PR19_0220","01:38","01:38","Rodentia","Proechimys_semispinosus","","SP04-ARL_230410_PR19_0220-r0154","PREX",NA,0.55271929,-79.17482117,177,"pasture regeneration","pasture regeneration early",2017,6,"camera_trap","pasture","acrossincisortipsBreadth",7.283
"2892","PR19","SP04-ARL_230410_PR19_0220","01:38","01:38","Rodentia","Proechimys_semispinosus","","SP04-ARL_230410_PR19_0220-r0154","PREX",NA,0.55271929,-79.17482117,177,"pasture regeneration","pasture regeneration early",2017,6,"camera_trap","pasture","condylobasalLength",44.546
"2893","PR19","SP04-ARL_230410_PR19_0220","01:38","01:38","Rodentia","Proechimys_semispinosus","","SP04-ARL_230410_PR19_0220-r0154","PREX",NA,0.55271929,-79.17482117,177,"pasture regeneration","pasture regeneration early",2017,6,"camera_trap","pasture","earLength",15.0225
"2894","PR19","SP04-ARL_230410_PR19_0220","01:38","01:38","Rodentia","Proechimys_semispinosus","","SP04-ARL_230410_PR19_0220-r0154","PREX",NA,0.55271929,-79.17482117,177,"pasture regeneration","pasture regeneration early",2017,6,"camera_trap","pasture","forefootLength",18.13
"2895","PR19","SP04-ARL_230410_PR19_0220","01:38","01:38","Rodentia","Proechimys_semispinosus","","SP04-ARL_230410_PR19_0220-r0154","PREX",NA,0.55271929,-79.17482117,177,"pasture regeneration","pasture regeneration early",2017,6,"camera_trap","pasture","forefootWidth",6.8325
"2896","PR19","SP04-ARL_230410_PR19_0220","01:38","01:38","Rodentia","Proechimys_semispinosus","","SP04-ARL_230410_PR19_0220-r0154","PREX",NA,0.55271929,-79.17482117,177,"pasture regeneration","pasture regeneration early",2017,6,"camera_trap","pasture","forefootclawLength",3.08
"2897","PR19","SP04-ARL_230410_PR19_0220","01:38","01:38","Rodentia","Proechimys_semispinosus","","SP04-ARL_230410_PR19_0220-r0154","PREX",NA,0.55271929,-79.17482117,177,"pasture regeneration","pasture regeneration early",2017,6,"camera_trap","pasture","headandbodyLength",209.8225
"2898","PR19","SP04-ARL_230410_PR19_0220","01:38","01:38","Rodentia","Proechimys_semispinosus","","SP04-ARL_230410_PR19_0220-r0154","PREX",NA,0.55271929,-79.17482117,177,"pasture regeneration","pasture regeneration early",2017,6,"camera_trap","pasture","hindfootLength",44.63
"2899","PR19","SP04-ARL_230410_PR19_0220","01:38","01:38","Rodentia","Proechimys_semispinosus","","SP04-ARL_230410_PR19_0220-r0154","PREX",NA,0.55271929,-79.17482117,177,"pasture regeneration","pasture regeneration early",2017,6,"camera_trap","pasture","hindfootWidth",9.2
"2900","PR19","SP04-ARL_230410_PR19_0220","01:38","01:38","Rodentia","Proechimys_semispinosus","","SP04-ARL_230410_PR19_0220-r0154","PREX",NA,0.55271929,-79.17482117,177,"pasture regeneration","pasture regeneration early",2017,6,"camera_trap","pasture","mandibleDiagonal",22.782
"2901","PR19","SP04-ARL_230410_PR19_0220","01:38","01:38","Rodentia","Proechimys_semispinosus","","SP04-ARL_230410_PR19_0220-r0154","PREX",NA,0.55271929,-79.17482117,177,"pasture regeneration","pasture regeneration early",2017,6,"camera_trap","pasture","mandibleLength",22.9
"2902","PR19","SP04-ARL_230410_PR19_0220","01:38","01:38","Rodentia","Proechimys_semispinosus","","SP04-ARL_230410_PR19_0220-r0154","PREX",NA,0.55271929,-79.17482117,177,"pasture regeneration","pasture regeneration early",2017,6,"camera_trap","pasture","mandibleWidth",26.8021428571429
"2903","PR19","SP04-ARL_230410_PR19_0220","01:38","01:38","Rodentia","Proechimys_semispinosus","","SP04-ARL_230410_PR19_0220-r0154","PREX",NA,0.55271929,-79.17482117,177,"pasture regeneration","pasture regeneration early",2017,6,"camera_trap","pasture","mandibularcorpusHeight",11.66
"2904","PR19","SP04-ARL_230410_PR19_0220","01:38","01:38","Rodentia","Proechimys_semispinosus","","SP04-ARL_230410_PR19_0220-r0154","PREX",NA,0.55271929,-79.17482117,177,"pasture regeneration","pasture regeneration early",2017,6,"camera_trap","pasture","maxillarytoothrowAlveolarlength",12.98
"2905","PR19","SP04-ARL_230410_PR19_0220","01:38","01:38","Rodentia","Proechimys_semispinosus","","SP04-ARL_230410_PR19_0220-r0154","PREX",NA,0.55271929,-79.17482117,177,"pasture regeneration","pasture regeneration early",2017,6,"camera_trap","pasture","rostrumLength",23.417
"2906","PR19","SP04-ARL_230410_PR19_0220","01:38","01:38","Rodentia","Proechimys_semispinosus","","SP04-ARL_230410_PR19_0220-r0154","PREX",NA,0.55271929,-79.17482117,177,"pasture regeneration","pasture regeneration early",2017,6,"camera_trap","pasture","tailLength",60.87
"2907","PR19","SP04-ARL_230410_PR19_0220","01:38","01:38","Rodentia","Proechimys_semispinosus","","SP04-ARL_230410_PR19_0220-r0154","PREX",NA,0.55271929,-79.17482117,177,"pasture regeneration","pasture regeneration early",2017,6,"camera_trap","pasture","vibrissaeLength",63.0425
"2908","PR19","SP04-ARL_230410_PR19_0220","01:38","01:38","Rodentia","Proechimys_semispinosus","","SP04-ARL_230410_PR19_0220-r0154","PREX",NA,0.55271929,-79.17482117,177,"pasture regeneration","pasture regeneration early",2017,6,"camera_trap","pasture","zygomaticBreadth",29.363
"2909","PR19","SP04-ARL_230414_PR19_0221","08:37","08:37","Birds","Arremon_aurantiirostris","","SP04-ARL_230414_PR19_0221-r0155","PREX",NA,0.55271929,-79.17482117,177,"pasture regeneration","pasture regeneration early",2017,6,"camera_trap","pasture","Age",NA
"2910","PR19","SP04-ARL_230414_PR19_0221","08:37","08:37","Birds","Arremon_aurantiirostris","","SP04-ARL_230414_PR19_0221-r0155","PREX",NA,0.55271929,-79.17482117,177,"pasture regeneration","pasture regeneration early",2017,6,"camera_trap","pasture","Beak.Depth",8.52962962962963
"2911","PR19","SP04-ARL_230414_PR19_0221","08:37","08:37","Birds","Arremon_aurantiirostris","","SP04-ARL_230414_PR19_0221-r0155","PREX",NA,0.55271929,-79.17482117,177,"pasture regeneration","pasture regeneration early",2017,6,"camera_trap","pasture","Beak.Length_Culmen",16
"2912","PR19","SP04-ARL_230414_PR19_0221","08:37","08:37","Birds","Arremon_aurantiirostris","","SP04-ARL_230414_PR19_0221-r0155","PREX",NA,0.55271929,-79.17482117,177,"pasture regeneration","pasture regeneration early",2017,6,"camera_trap","pasture","Beak.Length_Nares",10.8923076923077
"2913","PR19","SP04-ARL_230414_PR19_0221","08:37","08:37","Birds","Arremon_aurantiirostris","","SP04-ARL_230414_PR19_0221-r0155","PREX",NA,0.55271929,-79.17482117,177,"pasture regeneration","pasture regeneration early",2017,6,"camera_trap","pasture","Beak.Width",6.57407407407407
"2914","PR19","SP04-ARL_230414_PR19_0221","08:37","08:37","Birds","Arremon_aurantiirostris","","SP04-ARL_230414_PR19_0221-r0155","PREX",NA,0.55271929,-79.17482117,177,"pasture regeneration","pasture regeneration early",2017,6,"camera_trap","pasture","BodyMass",34.5
"2915","PR19","SP04-ARL_230414_PR19_0221","08:37","08:37","Birds","Arremon_aurantiirostris","","SP04-ARL_230414_PR19_0221-r0155","PREX",NA,0.55271929,-79.17482117,177,"pasture regeneration","pasture regeneration early",2017,6,"camera_trap","pasture","Hand.wing.Index",11.3076923076923
"2916","PR19","SP04-ARL_230414_PR19_0221","08:37","08:37","Birds","Arremon_aurantiirostris","","SP04-ARL_230414_PR19_0221-r0155","PREX",NA,0.55271929,-79.17482117,177,"pasture regeneration","pasture regeneration early",2017,6,"camera_trap","pasture","Kipps.Distance",8.30769230769231
"2917","PR19","SP04-ARL_230414_PR19_0221","08:37","08:37","Birds","Arremon_aurantiirostris","","SP04-ARL_230414_PR19_0221-r0155","PREX",NA,0.55271929,-79.17482117,177,"pasture regeneration","pasture regeneration early",2017,6,"camera_trap","pasture","Secondary1",65.1307692307692
"2918","PR19","SP04-ARL_230414_PR19_0221","08:37","08:37","Birds","Arremon_aurantiirostris","","SP04-ARL_230414_PR19_0221-r0155","PREX",NA,0.55271929,-79.17482117,177,"pasture regeneration","pasture regeneration early",2017,6,"camera_trap","pasture","Sex",NA
"2919","PR19","SP04-ARL_230414_PR19_0221","08:37","08:37","Birds","Arremon_aurantiirostris","","SP04-ARL_230414_PR19_0221-r0155","PREX",NA,0.55271929,-79.17482117,177,"pasture regeneration","pasture regeneration early",2017,6,"camera_trap","pasture","Tail.Length",66.3787878787879
"2920","PR19","SP04-ARL_230414_PR19_0221","08:37","08:37","Birds","Arremon_aurantiirostris","","SP04-ARL_230414_PR19_0221-r0155","PREX",NA,0.55271929,-79.17482117,177,"pasture regeneration","pasture regeneration early",2017,6,"camera_trap","pasture","Tarsus.Length",25.469696969697
"2921","PR19","SP04-ARL_230414_PR19_0221","08:37","08:37","Birds","Arremon_aurantiirostris","","SP04-ARL_230414_PR19_0221-r0155","PREX",NA,0.55271929,-79.17482117,177,"pasture regeneration","pasture regeneration early",2017,6,"camera_trap","pasture","Wing.Length",72.7333333333333
"2922","PR19","SP04-ARL_230415_PR19_0222","03:52","03:52","Rodentia","Trasandinomys_sp","","SP04-ARL_230415_PR19_0222-r0156","PREX",NA,0.55271929,-79.17482117,177,"pasture regeneration","pasture regeneration early",2017,6,"camera_trap","pasture",NA,NA
"2923","PR21","SP04-ARL_220427_PR21_0041","09:26","09:26","Artiodactyla","Tayassu_pecari","","SP04-ARL_220427_PR21_0041-r0017","PREX",NA,0.50802424,-79.18995397,560,"pasture regeneration","pasture regeneration late",1987,36,"camera_trap","pasture","BodyMass",32233.69
"2924","PR21","SP04-ARL_220427_PR21_0041","09:26","09:26","Artiodactyla","Tayassu_pecari","","SP04-ARL_220427_PR21_0041-r0017","PREX",NA,0.50802424,-79.18995397,560,"pasture regeneration","pasture regeneration late",1987,36,"camera_trap","pasture","Sex",NA
"2925","PR21","SP04-ARL_220427_PR21_0041","09:26","09:26","Artiodactyla","Tayassu_pecari","","SP04-ARL_220427_PR21_0041-r0017","PREX",NA,0.50802424,-79.18995397,560,"pasture regeneration","pasture regeneration late",1987,36,"camera_trap","pasture","acrossincisortipsBreadth",17.645
"2926","PR21","SP04-ARL_220427_PR21_0041","09:26","09:26","Artiodactyla","Tayassu_pecari","","SP04-ARL_220427_PR21_0041-r0017","PREX",NA,0.50802424,-79.18995397,560,"pasture regeneration","pasture regeneration late",1987,36,"camera_trap","pasture","condylobasalLength",201.415
"2927","PR21","SP04-ARL_220427_PR21_0041","09:26","09:26","Artiodactyla","Tayassu_pecari","","SP04-ARL_220427_PR21_0041-r0017","PREX",NA,0.50802424,-79.18995397,560,"pasture regeneration","pasture regeneration late",1987,36,"camera_trap","pasture","mandibleDiagonal",131.46
"2928","PR21","SP04-ARL_220427_PR21_0041","09:26","09:26","Artiodactyla","Tayassu_pecari","","SP04-ARL_220427_PR21_0041-r0017","PREX",NA,0.50802424,-79.18995397,560,"pasture regeneration","pasture regeneration late",1987,36,"camera_trap","pasture","mandibleLength",119.51
"2929","PR21","SP04-ARL_220427_PR21_0041","09:26","09:26","Artiodactyla","Tayassu_pecari","","SP04-ARL_220427_PR21_0041-r0017","PREX",NA,0.50802424,-79.18995397,560,"pasture regeneration","pasture regeneration late",1987,36,"camera_trap","pasture","mandibleWidth",91.9633333333333
"2930","PR21","SP04-ARL_220427_PR21_0041","09:26","09:26","Artiodactyla","Tayassu_pecari","","SP04-ARL_220427_PR21_0041-r0017","PREX",NA,0.50802424,-79.18995397,560,"pasture regeneration","pasture regeneration late",1987,36,"camera_trap","pasture","mandibularcorpusHeight",42.0366666666667
"2931","PR21","SP04-ARL_220427_PR21_0041","09:26","09:26","Artiodactyla","Tayassu_pecari","","SP04-ARL_220427_PR21_0041-r0017","PREX",NA,0.50802424,-79.18995397,560,"pasture regeneration","pasture regeneration late",1987,36,"camera_trap","pasture","maxillarytoothrowAlveolarlength",68.395
"2932","PR21","SP04-ARL_220427_PR21_0041","09:26","09:26","Artiodactyla","Tayassu_pecari","","SP04-ARL_220427_PR21_0041-r0017","PREX",NA,0.50802424,-79.18995397,560,"pasture regeneration","pasture regeneration late",1987,36,"camera_trap","pasture","rostrumLength",139.605
"2933","PR21","SP04-ARL_220427_PR21_0041","09:26","09:26","Artiodactyla","Tayassu_pecari","","SP04-ARL_220427_PR21_0041-r0017","PREX",NA,0.50802424,-79.18995397,560,"pasture regeneration","pasture regeneration late",1987,36,"camera_trap","pasture","zygomaticBreadth",118.2325
"2934","PR21","SP04-ARL_220427_PR21_0041","09:26","09:26","Artiodactyla","Tayassu_pecari","","SP04-ARL_220427_PR21_0041-r0018","PREX",NA,0.50802424,-79.18995397,560,"pasture regeneration","pasture regeneration late",1987,36,"camera_trap","pasture","BodyMass",32233.69
"2935","PR21","SP04-ARL_220427_PR21_0041","09:26","09:26","Artiodactyla","Tayassu_pecari","","SP04-ARL_220427_PR21_0041-r0018","PREX",NA,0.50802424,-79.18995397,560,"pasture regeneration","pasture regeneration late",1987,36,"camera_trap","pasture","Sex",NA
"2936","PR21","SP04-ARL_220427_PR21_0041","09:26","09:26","Artiodactyla","Tayassu_pecari","","SP04-ARL_220427_PR21_0041-r0018","PREX",NA,0.50802424,-79.18995397,560,"pasture regeneration","pasture regeneration late",1987,36,"camera_trap","pasture","acrossincisortipsBreadth",17.645
"2937","PR21","SP04-ARL_220427_PR21_0041","09:26","09:26","Artiodactyla","Tayassu_pecari","","SP04-ARL_220427_PR21_0041-r0018","PREX",NA,0.50802424,-79.18995397,560,"pasture regeneration","pasture regeneration late",1987,36,"camera_trap","pasture","condylobasalLength",201.415
"2938","PR21","SP04-ARL_220427_PR21_0041","09:26","09:26","Artiodactyla","Tayassu_pecari","","SP04-ARL_220427_PR21_0041-r0018","PREX",NA,0.50802424,-79.18995397,560,"pasture regeneration","pasture regeneration late",1987,36,"camera_trap","pasture","mandibleDiagonal",131.46
"2939","PR21","SP04-ARL_220427_PR21_0041","09:26","09:26","Artiodactyla","Tayassu_pecari","","SP04-ARL_220427_PR21_0041-r0018","PREX",NA,0.50802424,-79.18995397,560,"pasture regeneration","pasture regeneration late",1987,36,"camera_trap","pasture","mandibleLength",119.51
"2940","PR21","SP04-ARL_220427_PR21_0041","09:26","09:26","Artiodactyla","Tayassu_pecari","","SP04-ARL_220427_PR21_0041-r0018","PREX",NA,0.50802424,-79.18995397,560,"pasture regeneration","pasture regeneration late",1987,36,"camera_trap","pasture","mandibleWidth",91.9633333333333
"2941","PR21","SP04-ARL_220427_PR21_0041","09:26","09:26","Artiodactyla","Tayassu_pecari","","SP04-ARL_220427_PR21_0041-r0018","PREX",NA,0.50802424,-79.18995397,560,"pasture regeneration","pasture regeneration late",1987,36,"camera_trap","pasture","mandibularcorpusHeight",42.0366666666667
"2942","PR21","SP04-ARL_220427_PR21_0041","09:26","09:26","Artiodactyla","Tayassu_pecari","","SP04-ARL_220427_PR21_0041-r0018","PREX",NA,0.50802424,-79.18995397,560,"pasture regeneration","pasture regeneration late",1987,36,"camera_trap","pasture","maxillarytoothrowAlveolarlength",68.395
"2943","PR21","SP04-ARL_220427_PR21_0041","09:26","09:26","Artiodactyla","Tayassu_pecari","","SP04-ARL_220427_PR21_0041-r0018","PREX",NA,0.50802424,-79.18995397,560,"pasture regeneration","pasture regeneration late",1987,36,"camera_trap","pasture","rostrumLength",139.605
"2944","PR21","SP04-ARL_220427_PR21_0041","09:26","09:26","Artiodactyla","Tayassu_pecari","","SP04-ARL_220427_PR21_0041-r0018","PREX",NA,0.50802424,-79.18995397,560,"pasture regeneration","pasture regeneration late",1987,36,"camera_trap","pasture","zygomaticBreadth",118.2325
"2945","PR21","SP04-ARL_220427_PR21_0041","09:40","09:40","Artiodactyla","Tayassu_pecari","","SP04-ARL_220427_PR21_0041-r0019","PREX",NA,0.50802424,-79.18995397,560,"pasture regeneration","pasture regeneration late",1987,36,"camera_trap","pasture","BodyMass",32233.69
"2946","PR21","SP04-ARL_220427_PR21_0041","09:40","09:40","Artiodactyla","Tayassu_pecari","","SP04-ARL_220427_PR21_0041-r0019","PREX",NA,0.50802424,-79.18995397,560,"pasture regeneration","pasture regeneration late",1987,36,"camera_trap","pasture","Sex",NA
"2947","PR21","SP04-ARL_220427_PR21_0041","09:40","09:40","Artiodactyla","Tayassu_pecari","","SP04-ARL_220427_PR21_0041-r0019","PREX",NA,0.50802424,-79.18995397,560,"pasture regeneration","pasture regeneration late",1987,36,"camera_trap","pasture","acrossincisortipsBreadth",17.645
"2948","PR21","SP04-ARL_220427_PR21_0041","09:40","09:40","Artiodactyla","Tayassu_pecari","","SP04-ARL_220427_PR21_0041-r0019","PREX",NA,0.50802424,-79.18995397,560,"pasture regeneration","pasture regeneration late",1987,36,"camera_trap","pasture","condylobasalLength",201.415
"2949","PR21","SP04-ARL_220427_PR21_0041","09:40","09:40","Artiodactyla","Tayassu_pecari","","SP04-ARL_220427_PR21_0041-r0019","PREX",NA,0.50802424,-79.18995397,560,"pasture regeneration","pasture regeneration late",1987,36,"camera_trap","pasture","mandibleDiagonal",131.46
"2950","PR21","SP04-ARL_220427_PR21_0041","09:40","09:40","Artiodactyla","Tayassu_pecari","","SP04-ARL_220427_PR21_0041-r0019","PREX",NA,0.50802424,-79.18995397,560,"pasture regeneration","pasture regeneration late",1987,36,"camera_trap","pasture","mandibleLength",119.51
"2951","PR21","SP04-ARL_220427_PR21_0041","09:40","09:40","Artiodactyla","Tayassu_pecari","","SP04-ARL_220427_PR21_0041-r0019","PREX",NA,0.50802424,-79.18995397,560,"pasture regeneration","pasture regeneration late",1987,36,"camera_trap","pasture","mandibleWidth",91.9633333333333
"2952","PR21","SP04-ARL_220427_PR21_0041","09:40","09:40","Artiodactyla","Tayassu_pecari","","SP04-ARL_220427_PR21_0041-r0019","PREX",NA,0.50802424,-79.18995397,560,"pasture regeneration","pasture regeneration late",1987,36,"camera_trap","pasture","mandibularcorpusHeight",42.0366666666667
"2953","PR21","SP04-ARL_220427_PR21_0041","09:40","09:40","Artiodactyla","Tayassu_pecari","","SP04-ARL_220427_PR21_0041-r0019","PREX",NA,0.50802424,-79.18995397,560,"pasture regeneration","pasture regeneration late",1987,36,"camera_trap","pasture","maxillarytoothrowAlveolarlength",68.395
"2954","PR21","SP04-ARL_220427_PR21_0041","09:40","09:40","Artiodactyla","Tayassu_pecari","","SP04-ARL_220427_PR21_0041-r0019","PREX",NA,0.50802424,-79.18995397,560,"pasture regeneration","pasture regeneration late",1987,36,"camera_trap","pasture","rostrumLength",139.605
"2955","PR21","SP04-ARL_220427_PR21_0041","09:40","09:40","Artiodactyla","Tayassu_pecari","","SP04-ARL_220427_PR21_0041-r0019","PREX",NA,0.50802424,-79.18995397,560,"pasture regeneration","pasture regeneration late",1987,36,"camera_trap","pasture","zygomaticBreadth",118.2325
"2956","PR21","SP04-ARL_220427_PR21_0041","08:35","08:35","Birds","Odontophorus_erythrops","","SP04-ARL_220427_PR21_0041-r0021","PREX",NA,0.50802424,-79.18995397,560,"pasture regeneration","pasture regeneration late",1987,36,"camera_trap","pasture","Age",NA
"2957","PR21","SP04-ARL_220427_PR21_0041","08:35","08:35","Birds","Odontophorus_erythrops","","SP04-ARL_220427_PR21_0041-r0021","PREX",NA,0.50802424,-79.18995397,560,"pasture regeneration","pasture regeneration late",1987,36,"camera_trap","pasture","Beak.Depth",12.92
"2958","PR21","SP04-ARL_220427_PR21_0041","08:35","08:35","Birds","Odontophorus_erythrops","","SP04-ARL_220427_PR21_0041-r0021","PREX",NA,0.50802424,-79.18995397,560,"pasture regeneration","pasture regeneration late",1987,36,"camera_trap","pasture","Beak.Length_Culmen",20.98
"2959","PR21","SP04-ARL_220427_PR21_0041","08:35","08:35","Birds","Odontophorus_erythrops","","SP04-ARL_220427_PR21_0041-r0021","PREX",NA,0.50802424,-79.18995397,560,"pasture regeneration","pasture regeneration late",1987,36,"camera_trap","pasture","Beak.Length_Nares",11.6
"2960","PR21","SP04-ARL_220427_PR21_0041","08:35","08:35","Birds","Odontophorus_erythrops","","SP04-ARL_220427_PR21_0041-r0021","PREX",NA,0.50802424,-79.18995397,560,"pasture regeneration","pasture regeneration late",1987,36,"camera_trap","pasture","Beak.Width",8.86
"2961","PR21","SP04-ARL_220427_PR21_0041","08:35","08:35","Birds","Odontophorus_erythrops","","SP04-ARL_220427_PR21_0041-r0021","PREX",NA,0.50802424,-79.18995397,560,"pasture regeneration","pasture regeneration late",1987,36,"camera_trap","pasture","BodyMass",335
"2962","PR21","SP04-ARL_220427_PR21_0041","08:35","08:35","Birds","Odontophorus_erythrops","","SP04-ARL_220427_PR21_0041-r0021","PREX",NA,0.50802424,-79.18995397,560,"pasture regeneration","pasture regeneration late",1987,36,"camera_trap","pasture","Hand.wing.Index",27.05
"2963","PR21","SP04-ARL_220427_PR21_0041","08:35","08:35","Birds","Odontophorus_erythrops","","SP04-ARL_220427_PR21_0041-r0021","PREX",NA,0.50802424,-79.18995397,560,"pasture regeneration","pasture regeneration late",1987,36,"camera_trap","pasture","Kipps.Distance",38.25
"2964","PR21","SP04-ARL_220427_PR21_0041","08:35","08:35","Birds","Odontophorus_erythrops","","SP04-ARL_220427_PR21_0041-r0021","PREX",NA,0.50802424,-79.18995397,560,"pasture regeneration","pasture regeneration late",1987,36,"camera_trap","pasture","Secondary1",103
"2965","PR21","SP04-ARL_220427_PR21_0041","08:35","08:35","Birds","Odontophorus_erythrops","","SP04-ARL_220427_PR21_0041-r0021","PREX",NA,0.50802424,-79.18995397,560,"pasture regeneration","pasture regeneration late",1987,36,"camera_trap","pasture","Sex",NA
"2966","PR21","SP04-ARL_220427_PR21_0041","08:35","08:35","Birds","Odontophorus_erythrops","","SP04-ARL_220427_PR21_0041-r0021","PREX",NA,0.50802424,-79.18995397,560,"pasture regeneration","pasture regeneration late",1987,36,"camera_trap","pasture","Tail.Length",58
"2967","PR21","SP04-ARL_220427_PR21_0041","08:35","08:35","Birds","Odontophorus_erythrops","","SP04-ARL_220427_PR21_0041-r0021","PREX",NA,0.50802424,-79.18995397,560,"pasture regeneration","pasture regeneration late",1987,36,"camera_trap","pasture","Tarsus.Length",41.6
"2968","PR21","SP04-ARL_220427_PR21_0041","08:35","08:35","Birds","Odontophorus_erythrops","","SP04-ARL_220427_PR21_0041-r0021","PREX",NA,0.50802424,-79.18995397,560,"pasture regeneration","pasture regeneration late",1987,36,"camera_trap","pasture","Wing.Length",143
"2969","PR21","SP04-ARL_220427_PR21_0041","12:10","12:10","Artiodactyla","Tayassu_pecari","","SP04-ARL_220427_PR21_0041-r0020","PREX",NA,0.50802424,-79.18995397,560,"pasture regeneration","pasture regeneration late",1987,36,"camera_trap","pasture","BodyMass",32233.69
"2970","PR21","SP04-ARL_220427_PR21_0041","12:10","12:10","Artiodactyla","Tayassu_pecari","","SP04-ARL_220427_PR21_0041-r0020","PREX",NA,0.50802424,-79.18995397,560,"pasture regeneration","pasture regeneration late",1987,36,"camera_trap","pasture","Sex",NA
"2971","PR21","SP04-ARL_220427_PR21_0041","12:10","12:10","Artiodactyla","Tayassu_pecari","","SP04-ARL_220427_PR21_0041-r0020","PREX",NA,0.50802424,-79.18995397,560,"pasture regeneration","pasture regeneration late",1987,36,"camera_trap","pasture","acrossincisortipsBreadth",17.645
"2972","PR21","SP04-ARL_220427_PR21_0041","12:10","12:10","Artiodactyla","Tayassu_pecari","","SP04-ARL_220427_PR21_0041-r0020","PREX",NA,0.50802424,-79.18995397,560,"pasture regeneration","pasture regeneration late",1987,36,"camera_trap","pasture","condylobasalLength",201.415
"2973","PR21","SP04-ARL_220427_PR21_0041","12:10","12:10","Artiodactyla","Tayassu_pecari","","SP04-ARL_220427_PR21_0041-r0020","PREX",NA,0.50802424,-79.18995397,560,"pasture regeneration","pasture regeneration late",1987,36,"camera_trap","pasture","mandibleDiagonal",131.46
"2974","PR21","SP04-ARL_220427_PR21_0041","12:10","12:10","Artiodactyla","Tayassu_pecari","","SP04-ARL_220427_PR21_0041-r0020","PREX",NA,0.50802424,-79.18995397,560,"pasture regeneration","pasture regeneration late",1987,36,"camera_trap","pasture","mandibleLength",119.51
"2975","PR21","SP04-ARL_220427_PR21_0041","12:10","12:10","Artiodactyla","Tayassu_pecari","","SP04-ARL_220427_PR21_0041-r0020","PREX",NA,0.50802424,-79.18995397,560,"pasture regeneration","pasture regeneration late",1987,36,"camera_trap","pasture","mandibleWidth",91.9633333333333
"2976","PR21","SP04-ARL_220427_PR21_0041","12:10","12:10","Artiodactyla","Tayassu_pecari","","SP04-ARL_220427_PR21_0041-r0020","PREX",NA,0.50802424,-79.18995397,560,"pasture regeneration","pasture regeneration late",1987,36,"camera_trap","pasture","mandibularcorpusHeight",42.0366666666667
"2977","PR21","SP04-ARL_220427_PR21_0041","12:10","12:10","Artiodactyla","Tayassu_pecari","","SP04-ARL_220427_PR21_0041-r0020","PREX",NA,0.50802424,-79.18995397,560,"pasture regeneration","pasture regeneration late",1987,36,"camera_trap","pasture","maxillarytoothrowAlveolarlength",68.395
"2978","PR21","SP04-ARL_220427_PR21_0041","12:10","12:10","Artiodactyla","Tayassu_pecari","","SP04-ARL_220427_PR21_0041-r0020","PREX",NA,0.50802424,-79.18995397,560,"pasture regeneration","pasture regeneration late",1987,36,"camera_trap","pasture","rostrumLength",139.605
"2979","PR21","SP04-ARL_220427_PR21_0041","12:10","12:10","Artiodactyla","Tayassu_pecari","","SP04-ARL_220427_PR21_0041-r0020","PREX",NA,0.50802424,-79.18995397,560,"pasture regeneration","pasture regeneration late",1987,36,"camera_trap","pasture","zygomaticBreadth",118.2325
"2980","PR24","SP04-ARL_220411_PR24_0012","04:31","04:32","Rodentia","Hoplomys_gymnurus","","SP04-ARL_220411_PR24_0012-r0001",NA,NA,0.52082042,-79.21365335,381,"pasture regeneration","pasture regeneration late",2002,21,"camera_trap","pasture","BodyMass",240
"2981","PR24","SP04-ARL_220411_PR24_0012","04:31","04:32","Rodentia","Hoplomys_gymnurus","","SP04-ARL_220411_PR24_0012-r0001",NA,NA,0.52082042,-79.21365335,381,"pasture regeneration","pasture regeneration late",2002,21,"camera_trap","pasture","Sex",NA
"2982","PR24","SP04-ARL_220411_PR24_0012","04:31","04:32","Rodentia","Hoplomys_gymnurus","","SP04-ARL_220411_PR24_0012-r0001",NA,NA,0.52082042,-79.21365335,381,"pasture regeneration","pasture regeneration late",2002,21,"camera_trap","pasture","acrossincisortipsBreadth",3.86
"2983","PR24","SP04-ARL_220411_PR24_0012","04:31","04:32","Rodentia","Hoplomys_gymnurus","","SP04-ARL_220411_PR24_0012-r0001",NA,NA,0.52082042,-79.21365335,381,"pasture regeneration","pasture regeneration late",2002,21,"camera_trap","pasture","condylobasalLength",52.765
"2984","PR24","SP04-ARL_220411_PR24_0012","04:31","04:32","Rodentia","Hoplomys_gymnurus","","SP04-ARL_220411_PR24_0012-r0001",NA,NA,0.52082042,-79.21365335,381,"pasture regeneration","pasture regeneration late",2002,21,"camera_trap","pasture","earLength",19.1675
"2985","PR24","SP04-ARL_220411_PR24_0012","04:31","04:32","Rodentia","Hoplomys_gymnurus","","SP04-ARL_220411_PR24_0012-r0001",NA,NA,0.52082042,-79.21365335,381,"pasture regeneration","pasture regeneration late",2002,21,"camera_trap","pasture","forefootLength",25.285
"2986","PR24","SP04-ARL_220411_PR24_0012","04:31","04:32","Rodentia","Hoplomys_gymnurus","","SP04-ARL_220411_PR24_0012-r0001",NA,NA,0.52082042,-79.21365335,381,"pasture regeneration","pasture regeneration late",2002,21,"camera_trap","pasture","forefootWidth",9.61
"2987","PR24","SP04-ARL_220411_PR24_0012","04:31","04:32","Rodentia","Hoplomys_gymnurus","","SP04-ARL_220411_PR24_0012-r0001",NA,NA,0.52082042,-79.21365335,381,"pasture regeneration","pasture regeneration late",2002,21,"camera_trap","pasture","forefootclawLength",4.6475
"2988","PR24","SP04-ARL_220411_PR24_0012","04:31","04:32","Rodentia","Hoplomys_gymnurus","","SP04-ARL_220411_PR24_0012-r0001",NA,NA,0.52082042,-79.21365335,381,"pasture regeneration","pasture regeneration late",2002,21,"camera_trap","pasture","headandbodyLength",177.035
"2989","PR24","SP04-ARL_220411_PR24_0012","04:31","04:32","Rodentia","Hoplomys_gymnurus","","SP04-ARL_220411_PR24_0012-r0001",NA,NA,0.52082042,-79.21365335,381,"pasture regeneration","pasture regeneration late",2002,21,"camera_trap","pasture","hindfootLength",56.2525
"2990","PR24","SP04-ARL_220411_PR24_0012","04:31","04:32","Rodentia","Hoplomys_gymnurus","","SP04-ARL_220411_PR24_0012-r0001",NA,NA,0.52082042,-79.21365335,381,"pasture regeneration","pasture regeneration late",2002,21,"camera_trap","pasture","hindfootWidth",11.2675
"2991","PR24","SP04-ARL_220411_PR24_0012","04:31","04:32","Rodentia","Hoplomys_gymnurus","","SP04-ARL_220411_PR24_0012-r0001",NA,NA,0.52082042,-79.21365335,381,"pasture regeneration","pasture regeneration late",2002,21,"camera_trap","pasture","mandibleDiagonal",20.655
"2992","PR24","SP04-ARL_220411_PR24_0012","04:31","04:32","Rodentia","Hoplomys_gymnurus","","SP04-ARL_220411_PR24_0012-r0001",NA,NA,0.52082042,-79.21365335,381,"pasture regeneration","pasture regeneration late",2002,21,"camera_trap","pasture","mandibleLength",20.0475
"2993","PR24","SP04-ARL_220411_PR24_0012","04:31","04:32","Rodentia","Hoplomys_gymnurus","","SP04-ARL_220411_PR24_0012-r0001",NA,NA,0.52082042,-79.21365335,381,"pasture regeneration","pasture regeneration late",2002,21,"camera_trap","pasture","mandibleWidth",23.0775
"2994","PR24","SP04-ARL_220411_PR24_0012","04:31","04:32","Rodentia","Hoplomys_gymnurus","","SP04-ARL_220411_PR24_0012-r0001",NA,NA,0.52082042,-79.21365335,381,"pasture regeneration","pasture regeneration late",2002,21,"camera_trap","pasture","mandibularcorpusHeight",8.9675
"2995","PR24","SP04-ARL_220411_PR24_0012","04:31","04:32","Rodentia","Hoplomys_gymnurus","","SP04-ARL_220411_PR24_0012-r0001",NA,NA,0.52082042,-79.21365335,381,"pasture regeneration","pasture regeneration late",2002,21,"camera_trap","pasture","maxillarytoothrowAlveolarlength",8.9225
"2996","PR24","SP04-ARL_220411_PR24_0012","04:31","04:32","Rodentia","Hoplomys_gymnurus","","SP04-ARL_220411_PR24_0012-r0001",NA,NA,0.52082042,-79.21365335,381,"pasture regeneration","pasture regeneration late",2002,21,"camera_trap","pasture","rostrumLength",21.61
"2997","PR24","SP04-ARL_220411_PR24_0012","04:31","04:32","Rodentia","Hoplomys_gymnurus","","SP04-ARL_220411_PR24_0012-r0001",NA,NA,0.52082042,-79.21365335,381,"pasture regeneration","pasture regeneration late",2002,21,"camera_trap","pasture","tailLength",188.0475
"2998","PR24","SP04-ARL_220411_PR24_0012","04:31","04:32","Rodentia","Hoplomys_gymnurus","","SP04-ARL_220411_PR24_0012-r0001",NA,NA,0.52082042,-79.21365335,381,"pasture regeneration","pasture regeneration late",2002,21,"camera_trap","pasture","vibrissaeLength",92.7625
"2999","PR24","SP04-ARL_220411_PR24_0012","04:31","04:32","Rodentia","Hoplomys_gymnurus","","SP04-ARL_220411_PR24_0012-r0001",NA,NA,0.52082042,-79.21365335,381,"pasture regeneration","pasture regeneration late",2002,21,"camera_trap","pasture","zygomaticBreadth",28.115
"3000","PR24","SP04-ARL_220412_PR24_0013","03:10","03:11","Rodentia","Hoplomys_gymnurus","","SP04-ARL_220412_PR24_0013-r0002",NA,NA,0.52082042,-79.21365335,381,"pasture regeneration","pasture regeneration late",2002,21,"camera_trap","pasture","BodyMass",240
"3001","PR24","SP04-ARL_220412_PR24_0013","03:10","03:11","Rodentia","Hoplomys_gymnurus","","SP04-ARL_220412_PR24_0013-r0002",NA,NA,0.52082042,-79.21365335,381,"pasture regeneration","pasture regeneration late",2002,21,"camera_trap","pasture","Sex",NA
"3002","PR24","SP04-ARL_220412_PR24_0013","03:10","03:11","Rodentia","Hoplomys_gymnurus","","SP04-ARL_220412_PR24_0013-r0002",NA,NA,0.52082042,-79.21365335,381,"pasture regeneration","pasture regeneration late",2002,21,"camera_trap","pasture","acrossincisortipsBreadth",3.86
"3003","PR24","SP04-ARL_220412_PR24_0013","03:10","03:11","Rodentia","Hoplomys_gymnurus","","SP04-ARL_220412_PR24_0013-r0002",NA,NA,0.52082042,-79.21365335,381,"pasture regeneration","pasture regeneration late",2002,21,"camera_trap","pasture","condylobasalLength",52.765
"3004","PR24","SP04-ARL_220412_PR24_0013","03:10","03:11","Rodentia","Hoplomys_gymnurus","","SP04-ARL_220412_PR24_0013-r0002",NA,NA,0.52082042,-79.21365335,381,"pasture regeneration","pasture regeneration late",2002,21,"camera_trap","pasture","earLength",19.1675
"3005","PR24","SP04-ARL_220412_PR24_0013","03:10","03:11","Rodentia","Hoplomys_gymnurus","","SP04-ARL_220412_PR24_0013-r0002",NA,NA,0.52082042,-79.21365335,381,"pasture regeneration","pasture regeneration late",2002,21,"camera_trap","pasture","forefootLength",25.285
"3006","PR24","SP04-ARL_220412_PR24_0013","03:10","03:11","Rodentia","Hoplomys_gymnurus","","SP04-ARL_220412_PR24_0013-r0002",NA,NA,0.52082042,-79.21365335,381,"pasture regeneration","pasture regeneration late",2002,21,"camera_trap","pasture","forefootWidth",9.61
"3007","PR24","SP04-ARL_220412_PR24_0013","03:10","03:11","Rodentia","Hoplomys_gymnurus","","SP04-ARL_220412_PR24_0013-r0002",NA,NA,0.52082042,-79.21365335,381,"pasture regeneration","pasture regeneration late",2002,21,"camera_trap","pasture","forefootclawLength",4.6475
"3008","PR24","SP04-ARL_220412_PR24_0013","03:10","03:11","Rodentia","Hoplomys_gymnurus","","SP04-ARL_220412_PR24_0013-r0002",NA,NA,0.52082042,-79.21365335,381,"pasture regeneration","pasture regeneration late",2002,21,"camera_trap","pasture","headandbodyLength",177.035
"3009","PR24","SP04-ARL_220412_PR24_0013","03:10","03:11","Rodentia","Hoplomys_gymnurus","","SP04-ARL_220412_PR24_0013-r0002",NA,NA,0.52082042,-79.21365335,381,"pasture regeneration","pasture regeneration late",2002,21,"camera_trap","pasture","hindfootLength",56.2525
"3010","PR24","SP04-ARL_220412_PR24_0013","03:10","03:11","Rodentia","Hoplomys_gymnurus","","SP04-ARL_220412_PR24_0013-r0002",NA,NA,0.52082042,-79.21365335,381,"pasture regeneration","pasture regeneration late",2002,21,"camera_trap","pasture","hindfootWidth",11.2675
"3011","PR24","SP04-ARL_220412_PR24_0013","03:10","03:11","Rodentia","Hoplomys_gymnurus","","SP04-ARL_220412_PR24_0013-r0002",NA,NA,0.52082042,-79.21365335,381,"pasture regeneration","pasture regeneration late",2002,21,"camera_trap","pasture","mandibleDiagonal",20.655
"3012","PR24","SP04-ARL_220412_PR24_0013","03:10","03:11","Rodentia","Hoplomys_gymnurus","","SP04-ARL_220412_PR24_0013-r0002",NA,NA,0.52082042,-79.21365335,381,"pasture regeneration","pasture regeneration late",2002,21,"camera_trap","pasture","mandibleLength",20.0475
"3013","PR24","SP04-ARL_220412_PR24_0013","03:10","03:11","Rodentia","Hoplomys_gymnurus","","SP04-ARL_220412_PR24_0013-r0002",NA,NA,0.52082042,-79.21365335,381,"pasture regeneration","pasture regeneration late",2002,21,"camera_trap","pasture","mandibleWidth",23.0775
"3014","PR24","SP04-ARL_220412_PR24_0013","03:10","03:11","Rodentia","Hoplomys_gymnurus","","SP04-ARL_220412_PR24_0013-r0002",NA,NA,0.52082042,-79.21365335,381,"pasture regeneration","pasture regeneration late",2002,21,"camera_trap","pasture","mandibularcorpusHeight",8.9675
"3015","PR24","SP04-ARL_220412_PR24_0013","03:10","03:11","Rodentia","Hoplomys_gymnurus","","SP04-ARL_220412_PR24_0013-r0002",NA,NA,0.52082042,-79.21365335,381,"pasture regeneration","pasture regeneration late",2002,21,"camera_trap","pasture","maxillarytoothrowAlveolarlength",8.9225
"3016","PR24","SP04-ARL_220412_PR24_0013","03:10","03:11","Rodentia","Hoplomys_gymnurus","","SP04-ARL_220412_PR24_0013-r0002",NA,NA,0.52082042,-79.21365335,381,"pasture regeneration","pasture regeneration late",2002,21,"camera_trap","pasture","rostrumLength",21.61
"3017","PR24","SP04-ARL_220412_PR24_0013","03:10","03:11","Rodentia","Hoplomys_gymnurus","","SP04-ARL_220412_PR24_0013-r0002",NA,NA,0.52082042,-79.21365335,381,"pasture regeneration","pasture regeneration late",2002,21,"camera_trap","pasture","tailLength",188.0475
"3018","PR24","SP04-ARL_220412_PR24_0013","03:10","03:11","Rodentia","Hoplomys_gymnurus","","SP04-ARL_220412_PR24_0013-r0002",NA,NA,0.52082042,-79.21365335,381,"pasture regeneration","pasture regeneration late",2002,21,"camera_trap","pasture","vibrissaeLength",92.7625
"3019","PR24","SP04-ARL_220412_PR24_0013","03:10","03:11","Rodentia","Hoplomys_gymnurus","","SP04-ARL_220412_PR24_0013-r0002",NA,NA,0.52082042,-79.21365335,381,"pasture regeneration","pasture regeneration late",2002,21,"camera_trap","pasture","zygomaticBreadth",28.115
"3020","PR24","SP04-ARL_220412_PR24_0013","","","Rodentia","Hoplomys_gymnurus","video erased","SP04-ARL_220412_PR24_0013-r0003",NA,NA,0.52082042,-79.21365335,381,"pasture regeneration","pasture regeneration late",2002,21,"camera_trap","pasture","BodyMass",240
"3021","PR24","SP04-ARL_220412_PR24_0013","","","Rodentia","Hoplomys_gymnurus","video erased","SP04-ARL_220412_PR24_0013-r0003",NA,NA,0.52082042,-79.21365335,381,"pasture regeneration","pasture regeneration late",2002,21,"camera_trap","pasture","Sex",NA
"3022","PR24","SP04-ARL_220412_PR24_0013","","","Rodentia","Hoplomys_gymnurus","video erased","SP04-ARL_220412_PR24_0013-r0003",NA,NA,0.52082042,-79.21365335,381,"pasture regeneration","pasture regeneration late",2002,21,"camera_trap","pasture","acrossincisortipsBreadth",3.86
"3023","PR24","SP04-ARL_220412_PR24_0013","","","Rodentia","Hoplomys_gymnurus","video erased","SP04-ARL_220412_PR24_0013-r0003",NA,NA,0.52082042,-79.21365335,381,"pasture regeneration","pasture regeneration late",2002,21,"camera_trap","pasture","condylobasalLength",52.765
"3024","PR24","SP04-ARL_220412_PR24_0013","","","Rodentia","Hoplomys_gymnurus","video erased","SP04-ARL_220412_PR24_0013-r0003",NA,NA,0.52082042,-79.21365335,381,"pasture regeneration","pasture regeneration late",2002,21,"camera_trap","pasture","earLength",19.1675
"3025","PR24","SP04-ARL_220412_PR24_0013","","","Rodentia","Hoplomys_gymnurus","video erased","SP04-ARL_220412_PR24_0013-r0003",NA,NA,0.52082042,-79.21365335,381,"pasture regeneration","pasture regeneration late",2002,21,"camera_trap","pasture","forefootLength",25.285
"3026","PR24","SP04-ARL_220412_PR24_0013","","","Rodentia","Hoplomys_gymnurus","video erased","SP04-ARL_220412_PR24_0013-r0003",NA,NA,0.52082042,-79.21365335,381,"pasture regeneration","pasture regeneration late",2002,21,"camera_trap","pasture","forefootWidth",9.61
"3027","PR24","SP04-ARL_220412_PR24_0013","","","Rodentia","Hoplomys_gymnurus","video erased","SP04-ARL_220412_PR24_0013-r0003",NA,NA,0.52082042,-79.21365335,381,"pasture regeneration","pasture regeneration late",2002,21,"camera_trap","pasture","forefootclawLength",4.6475
"3028","PR24","SP04-ARL_220412_PR24_0013","","","Rodentia","Hoplomys_gymnurus","video erased","SP04-ARL_220412_PR24_0013-r0003",NA,NA,0.52082042,-79.21365335,381,"pasture regeneration","pasture regeneration late",2002,21,"camera_trap","pasture","headandbodyLength",177.035
"3029","PR24","SP04-ARL_220412_PR24_0013","","","Rodentia","Hoplomys_gymnurus","video erased","SP04-ARL_220412_PR24_0013-r0003",NA,NA,0.52082042,-79.21365335,381,"pasture regeneration","pasture regeneration late",2002,21,"camera_trap","pasture","hindfootLength",56.2525
"3030","PR24","SP04-ARL_220412_PR24_0013","","","Rodentia","Hoplomys_gymnurus","video erased","SP04-ARL_220412_PR24_0013-r0003",NA,NA,0.52082042,-79.21365335,381,"pasture regeneration","pasture regeneration late",2002,21,"camera_trap","pasture","hindfootWidth",11.2675
"3031","PR24","SP04-ARL_220412_PR24_0013","","","Rodentia","Hoplomys_gymnurus","video erased","SP04-ARL_220412_PR24_0013-r0003",NA,NA,0.52082042,-79.21365335,381,"pasture regeneration","pasture regeneration late",2002,21,"camera_trap","pasture","mandibleDiagonal",20.655
"3032","PR24","SP04-ARL_220412_PR24_0013","","","Rodentia","Hoplomys_gymnurus","video erased","SP04-ARL_220412_PR24_0013-r0003",NA,NA,0.52082042,-79.21365335,381,"pasture regeneration","pasture regeneration late",2002,21,"camera_trap","pasture","mandibleLength",20.0475
"3033","PR24","SP04-ARL_220412_PR24_0013","","","Rodentia","Hoplomys_gymnurus","video erased","SP04-ARL_220412_PR24_0013-r0003",NA,NA,0.52082042,-79.21365335,381,"pasture regeneration","pasture regeneration late",2002,21,"camera_trap","pasture","mandibleWidth",23.0775
"3034","PR24","SP04-ARL_220412_PR24_0013","","","Rodentia","Hoplomys_gymnurus","video erased","SP04-ARL_220412_PR24_0013-r0003",NA,NA,0.52082042,-79.21365335,381,"pasture regeneration","pasture regeneration late",2002,21,"camera_trap","pasture","mandibularcorpusHeight",8.9675
"3035","PR24","SP04-ARL_220412_PR24_0013","","","Rodentia","Hoplomys_gymnurus","video erased","SP04-ARL_220412_PR24_0013-r0003",NA,NA,0.52082042,-79.21365335,381,"pasture regeneration","pasture regeneration late",2002,21,"camera_trap","pasture","maxillarytoothrowAlveolarlength",8.9225
"3036","PR24","SP04-ARL_220412_PR24_0013","","","Rodentia","Hoplomys_gymnurus","video erased","SP04-ARL_220412_PR24_0013-r0003",NA,NA,0.52082042,-79.21365335,381,"pasture regeneration","pasture regeneration late",2002,21,"camera_trap","pasture","rostrumLength",21.61
"3037","PR24","SP04-ARL_220412_PR24_0013","","","Rodentia","Hoplomys_gymnurus","video erased","SP04-ARL_220412_PR24_0013-r0003",NA,NA,0.52082042,-79.21365335,381,"pasture regeneration","pasture regeneration late",2002,21,"camera_trap","pasture","tailLength",188.0475
"3038","PR24","SP04-ARL_220412_PR24_0013","","","Rodentia","Hoplomys_gymnurus","video erased","SP04-ARL_220412_PR24_0013-r0003",NA,NA,0.52082042,-79.21365335,381,"pasture regeneration","pasture regeneration late",2002,21,"camera_trap","pasture","vibrissaeLength",92.7625
"3039","PR24","SP04-ARL_220412_PR24_0013","","","Rodentia","Hoplomys_gymnurus","video erased","SP04-ARL_220412_PR24_0013-r0003",NA,NA,0.52082042,-79.21365335,381,"pasture regeneration","pasture regeneration late",2002,21,"camera_trap","pasture","zygomaticBreadth",28.115
"3040","PR24","SP04-ARL_220410_PR24_0087","04:49","04:49","Rodentia","Hoplomys_gymnurus","","SP04-ARL_220410_PR24_0087-r0065",NA,NA,0.52082042,-79.21365335,381,"pasture regeneration","pasture regeneration late",2002,21,"camera_trap","pasture","BodyMass",240
"3041","PR24","SP04-ARL_220410_PR24_0087","04:49","04:49","Rodentia","Hoplomys_gymnurus","","SP04-ARL_220410_PR24_0087-r0065",NA,NA,0.52082042,-79.21365335,381,"pasture regeneration","pasture regeneration late",2002,21,"camera_trap","pasture","Sex",NA
"3042","PR24","SP04-ARL_220410_PR24_0087","04:49","04:49","Rodentia","Hoplomys_gymnurus","","SP04-ARL_220410_PR24_0087-r0065",NA,NA,0.52082042,-79.21365335,381,"pasture regeneration","pasture regeneration late",2002,21,"camera_trap","pasture","acrossincisortipsBreadth",3.86
"3043","PR24","SP04-ARL_220410_PR24_0087","04:49","04:49","Rodentia","Hoplomys_gymnurus","","SP04-ARL_220410_PR24_0087-r0065",NA,NA,0.52082042,-79.21365335,381,"pasture regeneration","pasture regeneration late",2002,21,"camera_trap","pasture","condylobasalLength",52.765
"3044","PR24","SP04-ARL_220410_PR24_0087","04:49","04:49","Rodentia","Hoplomys_gymnurus","","SP04-ARL_220410_PR24_0087-r0065",NA,NA,0.52082042,-79.21365335,381,"pasture regeneration","pasture regeneration late",2002,21,"camera_trap","pasture","earLength",19.1675
"3045","PR24","SP04-ARL_220410_PR24_0087","04:49","04:49","Rodentia","Hoplomys_gymnurus","","SP04-ARL_220410_PR24_0087-r0065",NA,NA,0.52082042,-79.21365335,381,"pasture regeneration","pasture regeneration late",2002,21,"camera_trap","pasture","forefootLength",25.285
"3046","PR24","SP04-ARL_220410_PR24_0087","04:49","04:49","Rodentia","Hoplomys_gymnurus","","SP04-ARL_220410_PR24_0087-r0065",NA,NA,0.52082042,-79.21365335,381,"pasture regeneration","pasture regeneration late",2002,21,"camera_trap","pasture","forefootWidth",9.61
"3047","PR24","SP04-ARL_220410_PR24_0087","04:49","04:49","Rodentia","Hoplomys_gymnurus","","SP04-ARL_220410_PR24_0087-r0065",NA,NA,0.52082042,-79.21365335,381,"pasture regeneration","pasture regeneration late",2002,21,"camera_trap","pasture","forefootclawLength",4.6475
"3048","PR24","SP04-ARL_220410_PR24_0087","04:49","04:49","Rodentia","Hoplomys_gymnurus","","SP04-ARL_220410_PR24_0087-r0065",NA,NA,0.52082042,-79.21365335,381,"pasture regeneration","pasture regeneration late",2002,21,"camera_trap","pasture","headandbodyLength",177.035
"3049","PR24","SP04-ARL_220410_PR24_0087","04:49","04:49","Rodentia","Hoplomys_gymnurus","","SP04-ARL_220410_PR24_0087-r0065",NA,NA,0.52082042,-79.21365335,381,"pasture regeneration","pasture regeneration late",2002,21,"camera_trap","pasture","hindfootLength",56.2525
"3050","PR24","SP04-ARL_220410_PR24_0087","04:49","04:49","Rodentia","Hoplomys_gymnurus","","SP04-ARL_220410_PR24_0087-r0065",NA,NA,0.52082042,-79.21365335,381,"pasture regeneration","pasture regeneration late",2002,21,"camera_trap","pasture","hindfootWidth",11.2675
"3051","PR24","SP04-ARL_220410_PR24_0087","04:49","04:49","Rodentia","Hoplomys_gymnurus","","SP04-ARL_220410_PR24_0087-r0065",NA,NA,0.52082042,-79.21365335,381,"pasture regeneration","pasture regeneration late",2002,21,"camera_trap","pasture","mandibleDiagonal",20.655
"3052","PR24","SP04-ARL_220410_PR24_0087","04:49","04:49","Rodentia","Hoplomys_gymnurus","","SP04-ARL_220410_PR24_0087-r0065",NA,NA,0.52082042,-79.21365335,381,"pasture regeneration","pasture regeneration late",2002,21,"camera_trap","pasture","mandibleLength",20.0475
"3053","PR24","SP04-ARL_220410_PR24_0087","04:49","04:49","Rodentia","Hoplomys_gymnurus","","SP04-ARL_220410_PR24_0087-r0065",NA,NA,0.52082042,-79.21365335,381,"pasture regeneration","pasture regeneration late",2002,21,"camera_trap","pasture","mandibleWidth",23.0775
"3054","PR24","SP04-ARL_220410_PR24_0087","04:49","04:49","Rodentia","Hoplomys_gymnurus","","SP04-ARL_220410_PR24_0087-r0065",NA,NA,0.52082042,-79.21365335,381,"pasture regeneration","pasture regeneration late",2002,21,"camera_trap","pasture","mandibularcorpusHeight",8.9675
"3055","PR24","SP04-ARL_220410_PR24_0087","04:49","04:49","Rodentia","Hoplomys_gymnurus","","SP04-ARL_220410_PR24_0087-r0065",NA,NA,0.52082042,-79.21365335,381,"pasture regeneration","pasture regeneration late",2002,21,"camera_trap","pasture","maxillarytoothrowAlveolarlength",8.9225
"3056","PR24","SP04-ARL_220410_PR24_0087","04:49","04:49","Rodentia","Hoplomys_gymnurus","","SP04-ARL_220410_PR24_0087-r0065",NA,NA,0.52082042,-79.21365335,381,"pasture regeneration","pasture regeneration late",2002,21,"camera_trap","pasture","rostrumLength",21.61
"3057","PR24","SP04-ARL_220410_PR24_0087","04:49","04:49","Rodentia","Hoplomys_gymnurus","","SP04-ARL_220410_PR24_0087-r0065",NA,NA,0.52082042,-79.21365335,381,"pasture regeneration","pasture regeneration late",2002,21,"camera_trap","pasture","tailLength",188.0475
"3058","PR24","SP04-ARL_220410_PR24_0087","04:49","04:49","Rodentia","Hoplomys_gymnurus","","SP04-ARL_220410_PR24_0087-r0065",NA,NA,0.52082042,-79.21365335,381,"pasture regeneration","pasture regeneration late",2002,21,"camera_trap","pasture","vibrissaeLength",92.7625
"3059","PR24","SP04-ARL_220410_PR24_0087","04:49","04:49","Rodentia","Hoplomys_gymnurus","","SP04-ARL_220410_PR24_0087-r0065",NA,NA,0.52082042,-79.21365335,381,"pasture regeneration","pasture regeneration late",2002,21,"camera_trap","pasture","zygomaticBreadth",28.115
"3060","PR26","SP04-ARL_220511_PR26_0083","19:47","19:47","Birds","Geotrygon_montana","","SP04-ARL_220511_PR26_0083-r0061","PREX",NA,0.52646596,-79.20464664,325,"pasture regeneration","pasture regeneration late",1995,28,"camera_trap","pasture","Age",NA
"3061","PR26","SP04-ARL_220511_PR26_0083","19:47","19:47","Birds","Geotrygon_montana","","SP04-ARL_220511_PR26_0083-r0061","PREX",NA,0.52646596,-79.20464664,325,"pasture regeneration","pasture regeneration late",1995,28,"camera_trap","pasture","Beak.Depth",4.44848484848485
"3062","PR26","SP04-ARL_220511_PR26_0083","19:47","19:47","Birds","Geotrygon_montana","","SP04-ARL_220511_PR26_0083-r0061","PREX",NA,0.52646596,-79.20464664,325,"pasture regeneration","pasture regeneration late",1995,28,"camera_trap","pasture","Beak.Length_Culmen",19.536
"3063","PR26","SP04-ARL_220511_PR26_0083","19:47","19:47","Birds","Geotrygon_montana","","SP04-ARL_220511_PR26_0083-r0061","PREX",NA,0.52646596,-79.20464664,325,"pasture regeneration","pasture regeneration late",1995,28,"camera_trap","pasture","Beak.Length_Nares",8.95384615384615
"3064","PR26","SP04-ARL_220511_PR26_0083","19:47","19:47","Birds","Geotrygon_montana","","SP04-ARL_220511_PR26_0083-r0061","PREX",NA,0.52646596,-79.20464664,325,"pasture regeneration","pasture regeneration late",1995,28,"camera_trap","pasture","Beak.Width",3.47586206896552
"3065","PR26","SP04-ARL_220511_PR26_0083","19:47","19:47","Birds","Geotrygon_montana","","SP04-ARL_220511_PR26_0083-r0061","PREX",NA,0.52646596,-79.20464664,325,"pasture regeneration","pasture regeneration late",1995,28,"camera_trap","pasture","BodyMass",133.9
"3066","PR26","SP04-ARL_220511_PR26_0083","19:47","19:47","Birds","Geotrygon_montana","","SP04-ARL_220511_PR26_0083-r0061","PREX",NA,0.52646596,-79.20464664,325,"pasture regeneration","pasture regeneration late",1995,28,"camera_trap","pasture","Hand.wing.Index",27.1
"3067","PR26","SP04-ARL_220511_PR26_0083","19:47","19:47","Birds","Geotrygon_montana","","SP04-ARL_220511_PR26_0083-r0061","PREX",NA,0.52646596,-79.20464664,325,"pasture regeneration","pasture regeneration late",1995,28,"camera_trap","pasture","Kipps.Distance",36.7478260869565
"3068","PR26","SP04-ARL_220511_PR26_0083","19:47","19:47","Birds","Geotrygon_montana","","SP04-ARL_220511_PR26_0083-r0061","PREX",NA,0.52646596,-79.20464664,325,"pasture regeneration","pasture regeneration late",1995,28,"camera_trap","pasture","Secondary1",99.195652173913
"3069","PR26","SP04-ARL_220511_PR26_0083","19:47","19:47","Birds","Geotrygon_montana","","SP04-ARL_220511_PR26_0083-r0061","PREX",NA,0.52646596,-79.20464664,325,"pasture regeneration","pasture regeneration late",1995,28,"camera_trap","pasture","Sex",NA
"3070","PR26","SP04-ARL_220511_PR26_0083","19:47","19:47","Birds","Geotrygon_montana","","SP04-ARL_220511_PR26_0083-r0061","PREX",NA,0.52646596,-79.20464664,325,"pasture regeneration","pasture regeneration late",1995,28,"camera_trap","pasture","Tail.Length",76.278125
"3071","PR26","SP04-ARL_220511_PR26_0083","19:47","19:47","Birds","Geotrygon_montana","","SP04-ARL_220511_PR26_0083-r0061","PREX",NA,0.52646596,-79.20464664,325,"pasture regeneration","pasture regeneration late",1995,28,"camera_trap","pasture","Tarsus.Length",26.9405405405405
"3072","PR26","SP04-ARL_220511_PR26_0083","19:47","19:47","Birds","Geotrygon_montana","","SP04-ARL_220511_PR26_0083-r0061","PREX",NA,0.52646596,-79.20464664,325,"pasture regeneration","pasture regeneration late",1995,28,"camera_trap","pasture","Wing.Length",136.52972972973
"3073","PR26","SP04-ARL_220512_PR26_0084","18:44","18:44","Birds","Crypturellus_berlepschi","","SP04-ARL_220512_PR26_0084-r0062","PREX",NA,0.52646596,-79.20464664,325,"pasture regeneration","pasture regeneration late",1995,28,"camera_trap","pasture","Age",NA
"3074","PR26","SP04-ARL_220512_PR26_0084","18:44","18:44","Birds","Crypturellus_berlepschi","","SP04-ARL_220512_PR26_0084-r0062","PREX",NA,0.52646596,-79.20464664,325,"pasture regeneration","pasture regeneration late",1995,28,"camera_trap","pasture","Beak.Depth",6.5
"3075","PR26","SP04-ARL_220512_PR26_0084","18:44","18:44","Birds","Crypturellus_berlepschi","","SP04-ARL_220512_PR26_0084-r0062","PREX",NA,0.52646596,-79.20464664,325,"pasture regeneration","pasture regeneration late",1995,28,"camera_trap","pasture","Beak.Length_Culmen",27.86
"3076","PR26","SP04-ARL_220512_PR26_0084","18:44","18:44","Birds","Crypturellus_berlepschi","","SP04-ARL_220512_PR26_0084-r0062","PREX",NA,0.52646596,-79.20464664,325,"pasture regeneration","pasture regeneration late",1995,28,"camera_trap","pasture","Beak.Length_Nares",10.48
"3077","PR26","SP04-ARL_220512_PR26_0084","18:44","18:44","Birds","Crypturellus_berlepschi","","SP04-ARL_220512_PR26_0084-r0062","PREX",NA,0.52646596,-79.20464664,325,"pasture regeneration","pasture regeneration late",1995,28,"camera_trap","pasture","Beak.Width",5.34
"3078","PR26","SP04-ARL_220512_PR26_0084","18:44","18:44","Birds","Crypturellus_berlepschi","","SP04-ARL_220512_PR26_0084-r0062","PREX",NA,0.52646596,-79.20464664,325,"pasture regeneration","pasture regeneration late",1995,28,"camera_trap","pasture","BodyMass",516.8
"3079","PR26","SP04-ARL_220512_PR26_0084","18:44","18:44","Birds","Crypturellus_berlepschi","","SP04-ARL_220512_PR26_0084-r0062","PREX",NA,0.52646596,-79.20464664,325,"pasture regeneration","pasture regeneration late",1995,28,"camera_trap","pasture","Hand.wing.Index",23.3
"3080","PR26","SP04-ARL_220512_PR26_0084","18:44","18:44","Birds","Crypturellus_berlepschi","","SP04-ARL_220512_PR26_0084-r0062","PREX",NA,0.52646596,-79.20464664,325,"pasture regeneration","pasture regeneration late",1995,28,"camera_trap","pasture","Kipps.Distance",38.14
"3081","PR26","SP04-ARL_220512_PR26_0084","18:44","18:44","Birds","Crypturellus_berlepschi","","SP04-ARL_220512_PR26_0084-r0062","PREX",NA,0.52646596,-79.20464664,325,"pasture regeneration","pasture regeneration late",1995,28,"camera_trap","pasture","Secondary1",126.48
"3082","PR26","SP04-ARL_220512_PR26_0084","18:44","18:44","Birds","Crypturellus_berlepschi","","SP04-ARL_220512_PR26_0084-r0062","PREX",NA,0.52646596,-79.20464664,325,"pasture regeneration","pasture regeneration late",1995,28,"camera_trap","pasture","Sex",NA
"3083","PR26","SP04-ARL_220512_PR26_0084","18:44","18:44","Birds","Crypturellus_berlepschi","","SP04-ARL_220512_PR26_0084-r0062","PREX",NA,0.52646596,-79.20464664,325,"pasture regeneration","pasture regeneration late",1995,28,"camera_trap","pasture","Tail.Length",54.2
"3084","PR26","SP04-ARL_220512_PR26_0084","18:44","18:44","Birds","Crypturellus_berlepschi","","SP04-ARL_220512_PR26_0084-r0062","PREX",NA,0.52646596,-79.20464664,325,"pasture regeneration","pasture regeneration late",1995,28,"camera_trap","pasture","Tarsus.Length",53.36
"3085","PR26","SP04-ARL_220512_PR26_0084","18:44","18:44","Birds","Crypturellus_berlepschi","","SP04-ARL_220512_PR26_0084-r0062","PREX",NA,0.52646596,-79.20464664,325,"pasture regeneration","pasture regeneration late",1995,28,"camera_trap","pasture","Wing.Length",164.6
"3086","PR26","SP04-ARL_220516_PR26_0085","13:10","13:10","Birds","Patagioenas_goodsoni","","SP04-ARL_220516_PR26_0085-r0063","PREX",NA,0.52646596,-79.20464664,325,"pasture regeneration","pasture regeneration late",1995,28,"camera_trap","pasture","Age",NA
"3087","PR26","SP04-ARL_220516_PR26_0085","13:10","13:10","Birds","Patagioenas_goodsoni","","SP04-ARL_220516_PR26_0085-r0063","PREX",NA,0.52646596,-79.20464664,325,"pasture regeneration","pasture regeneration late",1995,28,"camera_trap","pasture","Beak.Depth",5.18333333333333
"3088","PR26","SP04-ARL_220516_PR26_0085","13:10","13:10","Birds","Patagioenas_goodsoni","","SP04-ARL_220516_PR26_0085-r0063","PREX",NA,0.52646596,-79.20464664,325,"pasture regeneration","pasture regeneration late",1995,28,"camera_trap","pasture","Beak.Length_Culmen",17.0166666666667
"3089","PR26","SP04-ARL_220516_PR26_0085","13:10","13:10","Birds","Patagioenas_goodsoni","","SP04-ARL_220516_PR26_0085-r0063","PREX",NA,0.52646596,-79.20464664,325,"pasture regeneration","pasture regeneration late",1995,28,"camera_trap","pasture","Beak.Length_Nares",9.05
"3090","PR26","SP04-ARL_220516_PR26_0085","13:10","13:10","Birds","Patagioenas_goodsoni","","SP04-ARL_220516_PR26_0085-r0063","PREX",NA,0.52646596,-79.20464664,325,"pasture regeneration","pasture regeneration late",1995,28,"camera_trap","pasture","Beak.Width",3.98333333333333
"3091","PR26","SP04-ARL_220516_PR26_0085","13:10","13:10","Birds","Patagioenas_goodsoni","","SP04-ARL_220516_PR26_0085-r0063","PREX",NA,0.52646596,-79.20464664,325,"pasture regeneration","pasture regeneration late",1995,28,"camera_trap","pasture","BodyMass",176
"3092","PR26","SP04-ARL_220516_PR26_0085","13:10","13:10","Birds","Patagioenas_goodsoni","","SP04-ARL_220516_PR26_0085-r0063","PREX",NA,0.52646596,-79.20464664,325,"pasture regeneration","pasture regeneration late",1995,28,"camera_trap","pasture","Hand.wing.Index",34.2
"3093","PR26","SP04-ARL_220516_PR26_0085","13:10","13:10","Birds","Patagioenas_goodsoni","","SP04-ARL_220516_PR26_0085-r0063","PREX",NA,0.52646596,-79.20464664,325,"pasture regeneration","pasture regeneration late",1995,28,"camera_trap","pasture","Kipps.Distance",50.8833333333333
"3094","PR26","SP04-ARL_220516_PR26_0085","13:10","13:10","Birds","Patagioenas_goodsoni","","SP04-ARL_220516_PR26_0085-r0063","PREX",NA,0.52646596,-79.20464664,325,"pasture regeneration","pasture regeneration late",1995,28,"camera_trap","pasture","Secondary1",97.8
"3095","PR26","SP04-ARL_220516_PR26_0085","13:10","13:10","Birds","Patagioenas_goodsoni","","SP04-ARL_220516_PR26_0085-r0063","PREX",NA,0.52646596,-79.20464664,325,"pasture regeneration","pasture regeneration late",1995,28,"camera_trap","pasture","Sex",NA
"3096","PR26","SP04-ARL_220516_PR26_0085","13:10","13:10","Birds","Patagioenas_goodsoni","","SP04-ARL_220516_PR26_0085-r0063","PREX",NA,0.52646596,-79.20464664,325,"pasture regeneration","pasture regeneration late",1995,28,"camera_trap","pasture","Tail.Length",99.6166666666667
"3097","PR26","SP04-ARL_220516_PR26_0085","13:10","13:10","Birds","Patagioenas_goodsoni","","SP04-ARL_220516_PR26_0085-r0063","PREX",NA,0.52646596,-79.20464664,325,"pasture regeneration","pasture regeneration late",1995,28,"camera_trap","pasture","Tarsus.Length",20
"3098","PR26","SP04-ARL_220516_PR26_0085","13:10","13:10","Birds","Patagioenas_goodsoni","","SP04-ARL_220516_PR26_0085-r0063","PREX",NA,0.52646596,-79.20464664,325,"pasture regeneration","pasture regeneration late",1995,28,"camera_trap","pasture","Wing.Length",148.666666666667
"3099","PR29","SP04-ARL_231119_PR29_0325","10:53","10:58","Birds","Leptotila_verreauxi","","SP04-ARL_231119_PR29_0325-r0219",NA,NA,0.47292046,-79.23064005,173,"pasture regeneration","pasture regeneration early",2017,6,"camera_trap","pasture","Age",NA
"3100","PR29","SP04-ARL_231119_PR29_0325","10:53","10:58","Birds","Leptotila_verreauxi","","SP04-ARL_231119_PR29_0325-r0219",NA,NA,0.47292046,-79.23064005,173,"pasture regeneration","pasture regeneration early",2017,6,"camera_trap","pasture","Beak.Depth",4.03333333333333
"3101","PR29","SP04-ARL_231119_PR29_0325","10:53","10:58","Birds","Leptotila_verreauxi","","SP04-ARL_231119_PR29_0325-r0219",NA,NA,0.47292046,-79.23064005,173,"pasture regeneration","pasture regeneration early",2017,6,"camera_trap","pasture","Beak.Length_Culmen",19.4916666666667
"3102","PR29","SP04-ARL_231119_PR29_0325","10:53","10:58","Birds","Leptotila_verreauxi","","SP04-ARL_231119_PR29_0325-r0219",NA,NA,0.47292046,-79.23064005,173,"pasture regeneration","pasture regeneration early",2017,6,"camera_trap","pasture","Beak.Length_Nares",10.0235294117647
"3103","PR29","SP04-ARL_231119_PR29_0325","10:53","10:58","Birds","Leptotila_verreauxi","","SP04-ARL_231119_PR29_0325-r0219",NA,NA,0.47292046,-79.23064005,173,"pasture regeneration","pasture regeneration early",2017,6,"camera_trap","pasture","Beak.Width",3.63157894736842
"3104","PR29","SP04-ARL_231119_PR29_0325","10:53","10:58","Birds","Leptotila_verreauxi","","SP04-ARL_231119_PR29_0325-r0219",NA,NA,0.47292046,-79.23064005,173,"pasture regeneration","pasture regeneration early",2017,6,"camera_trap","pasture","BodyMass",146.9
"3105","PR29","SP04-ARL_231119_PR29_0325","10:53","10:58","Birds","Leptotila_verreauxi","","SP04-ARL_231119_PR29_0325-r0219",NA,NA,0.47292046,-79.23064005,173,"pasture regeneration","pasture regeneration early",2017,6,"camera_trap","pasture","Hand.wing.Index",22.15
"3106","PR29","SP04-ARL_231119_PR29_0325","10:53","10:58","Birds","Leptotila_verreauxi","","SP04-ARL_231119_PR29_0325-r0219",NA,NA,0.47292046,-79.23064005,173,"pasture regeneration","pasture regeneration early",2017,6,"camera_trap","pasture","Kipps.Distance",29.7875
"3107","PR29","SP04-ARL_231119_PR29_0325","10:53","10:58","Birds","Leptotila_verreauxi","","SP04-ARL_231119_PR29_0325-r0219",NA,NA,0.47292046,-79.23064005,173,"pasture regeneration","pasture regeneration early",2017,6,"camera_trap","pasture","Secondary1",104.60625
"3108","PR29","SP04-ARL_231119_PR29_0325","10:53","10:58","Birds","Leptotila_verreauxi","","SP04-ARL_231119_PR29_0325-r0219",NA,NA,0.47292046,-79.23064005,173,"pasture regeneration","pasture regeneration early",2017,6,"camera_trap","pasture","Sex",NA
"3109","PR29","SP04-ARL_231119_PR29_0325","10:53","10:58","Birds","Leptotila_verreauxi","","SP04-ARL_231119_PR29_0325-r0219",NA,NA,0.47292046,-79.23064005,173,"pasture regeneration","pasture regeneration early",2017,6,"camera_trap","pasture","Tail.Length",102.128125
"3110","PR29","SP04-ARL_231119_PR29_0325","10:53","10:58","Birds","Leptotila_verreauxi","","SP04-ARL_231119_PR29_0325-r0219",NA,NA,0.47292046,-79.23064005,173,"pasture regeneration","pasture regeneration early",2017,6,"camera_trap","pasture","Tarsus.Length",27.6558823529412
"3111","PR29","SP04-ARL_231119_PR29_0325","10:53","10:58","Birds","Leptotila_verreauxi","","SP04-ARL_231119_PR29_0325-r0219",NA,NA,0.47292046,-79.23064005,173,"pasture regeneration","pasture regeneration early",2017,6,"camera_trap","pasture","Wing.Length",136.741666666667
"3112","PR31","SP04-ARL_231111_PR31_0311","23:52","23:52","Rodentia","Proechimys_semispinosus","","SP04-ARL_231111_PR31_0311-r0211","PREX",NA,0.47902624,-79.21005517,316,"pasture regeneration","pasture regeneration late",2007,16,"camera_trap","pasture","BodyMass",360.5
"3113","PR31","SP04-ARL_231111_PR31_0311","23:52","23:52","Rodentia","Proechimys_semispinosus","","SP04-ARL_231111_PR31_0311-r0211","PREX",NA,0.47902624,-79.21005517,316,"pasture regeneration","pasture regeneration late",2007,16,"camera_trap","pasture","Sex",NA
"3114","PR31","SP04-ARL_231111_PR31_0311","23:52","23:52","Rodentia","Proechimys_semispinosus","","SP04-ARL_231111_PR31_0311-r0211","PREX",NA,0.47902624,-79.21005517,316,"pasture regeneration","pasture regeneration late",2007,16,"camera_trap","pasture","acrossincisortipsBreadth",7.283
"3115","PR31","SP04-ARL_231111_PR31_0311","23:52","23:52","Rodentia","Proechimys_semispinosus","","SP04-ARL_231111_PR31_0311-r0211","PREX",NA,0.47902624,-79.21005517,316,"pasture regeneration","pasture regeneration late",2007,16,"camera_trap","pasture","condylobasalLength",44.546
"3116","PR31","SP04-ARL_231111_PR31_0311","23:52","23:52","Rodentia","Proechimys_semispinosus","","SP04-ARL_231111_PR31_0311-r0211","PREX",NA,0.47902624,-79.21005517,316,"pasture regeneration","pasture regeneration late",2007,16,"camera_trap","pasture","earLength",15.0225
"3117","PR31","SP04-ARL_231111_PR31_0311","23:52","23:52","Rodentia","Proechimys_semispinosus","","SP04-ARL_231111_PR31_0311-r0211","PREX",NA,0.47902624,-79.21005517,316,"pasture regeneration","pasture regeneration late",2007,16,"camera_trap","pasture","forefootLength",18.13
"3118","PR31","SP04-ARL_231111_PR31_0311","23:52","23:52","Rodentia","Proechimys_semispinosus","","SP04-ARL_231111_PR31_0311-r0211","PREX",NA,0.47902624,-79.21005517,316,"pasture regeneration","pasture regeneration late",2007,16,"camera_trap","pasture","forefootWidth",6.8325
"3119","PR31","SP04-ARL_231111_PR31_0311","23:52","23:52","Rodentia","Proechimys_semispinosus","","SP04-ARL_231111_PR31_0311-r0211","PREX",NA,0.47902624,-79.21005517,316,"pasture regeneration","pasture regeneration late",2007,16,"camera_trap","pasture","forefootclawLength",3.08
"3120","PR31","SP04-ARL_231111_PR31_0311","23:52","23:52","Rodentia","Proechimys_semispinosus","","SP04-ARL_231111_PR31_0311-r0211","PREX",NA,0.47902624,-79.21005517,316,"pasture regeneration","pasture regeneration late",2007,16,"camera_trap","pasture","headandbodyLength",209.8225
"3121","PR31","SP04-ARL_231111_PR31_0311","23:52","23:52","Rodentia","Proechimys_semispinosus","","SP04-ARL_231111_PR31_0311-r0211","PREX",NA,0.47902624,-79.21005517,316,"pasture regeneration","pasture regeneration late",2007,16,"camera_trap","pasture","hindfootLength",44.63
"3122","PR31","SP04-ARL_231111_PR31_0311","23:52","23:52","Rodentia","Proechimys_semispinosus","","SP04-ARL_231111_PR31_0311-r0211","PREX",NA,0.47902624,-79.21005517,316,"pasture regeneration","pasture regeneration late",2007,16,"camera_trap","pasture","hindfootWidth",9.2
"3123","PR31","SP04-ARL_231111_PR31_0311","23:52","23:52","Rodentia","Proechimys_semispinosus","","SP04-ARL_231111_PR31_0311-r0211","PREX",NA,0.47902624,-79.21005517,316,"pasture regeneration","pasture regeneration late",2007,16,"camera_trap","pasture","mandibleDiagonal",22.782
"3124","PR31","SP04-ARL_231111_PR31_0311","23:52","23:52","Rodentia","Proechimys_semispinosus","","SP04-ARL_231111_PR31_0311-r0211","PREX",NA,0.47902624,-79.21005517,316,"pasture regeneration","pasture regeneration late",2007,16,"camera_trap","pasture","mandibleLength",22.9
"3125","PR31","SP04-ARL_231111_PR31_0311","23:52","23:52","Rodentia","Proechimys_semispinosus","","SP04-ARL_231111_PR31_0311-r0211","PREX",NA,0.47902624,-79.21005517,316,"pasture regeneration","pasture regeneration late",2007,16,"camera_trap","pasture","mandibleWidth",26.8021428571429
"3126","PR31","SP04-ARL_231111_PR31_0311","23:52","23:52","Rodentia","Proechimys_semispinosus","","SP04-ARL_231111_PR31_0311-r0211","PREX",NA,0.47902624,-79.21005517,316,"pasture regeneration","pasture regeneration late",2007,16,"camera_trap","pasture","mandibularcorpusHeight",11.66
"3127","PR31","SP04-ARL_231111_PR31_0311","23:52","23:52","Rodentia","Proechimys_semispinosus","","SP04-ARL_231111_PR31_0311-r0211","PREX",NA,0.47902624,-79.21005517,316,"pasture regeneration","pasture regeneration late",2007,16,"camera_trap","pasture","maxillarytoothrowAlveolarlength",12.98
"3128","PR31","SP04-ARL_231111_PR31_0311","23:52","23:52","Rodentia","Proechimys_semispinosus","","SP04-ARL_231111_PR31_0311-r0211","PREX",NA,0.47902624,-79.21005517,316,"pasture regeneration","pasture regeneration late",2007,16,"camera_trap","pasture","rostrumLength",23.417
"3129","PR31","SP04-ARL_231111_PR31_0311","23:52","23:52","Rodentia","Proechimys_semispinosus","","SP04-ARL_231111_PR31_0311-r0211","PREX",NA,0.47902624,-79.21005517,316,"pasture regeneration","pasture regeneration late",2007,16,"camera_trap","pasture","tailLength",60.87
"3130","PR31","SP04-ARL_231111_PR31_0311","23:52","23:52","Rodentia","Proechimys_semispinosus","","SP04-ARL_231111_PR31_0311-r0211","PREX",NA,0.47902624,-79.21005517,316,"pasture regeneration","pasture regeneration late",2007,16,"camera_trap","pasture","vibrissaeLength",63.0425
"3131","PR31","SP04-ARL_231111_PR31_0311","23:52","23:52","Rodentia","Proechimys_semispinosus","","SP04-ARL_231111_PR31_0311-r0211","PREX",NA,0.47902624,-79.21005517,316,"pasture regeneration","pasture regeneration late",2007,16,"camera_trap","pasture","zygomaticBreadth",29.363
"3132","PR31","SP04-ARL_231112_PR31_0312","00:50","00:50","Rodentia","Proechimys_semispinosus","","SP04-ARL_231112_PR31_0312-r0212","PREX",NA,0.47902624,-79.21005517,316,"pasture regeneration","pasture regeneration late",2007,16,"camera_trap","pasture","BodyMass",360.5
"3133","PR31","SP04-ARL_231112_PR31_0312","00:50","00:50","Rodentia","Proechimys_semispinosus","","SP04-ARL_231112_PR31_0312-r0212","PREX",NA,0.47902624,-79.21005517,316,"pasture regeneration","pasture regeneration late",2007,16,"camera_trap","pasture","Sex",NA
"3134","PR31","SP04-ARL_231112_PR31_0312","00:50","00:50","Rodentia","Proechimys_semispinosus","","SP04-ARL_231112_PR31_0312-r0212","PREX",NA,0.47902624,-79.21005517,316,"pasture regeneration","pasture regeneration late",2007,16,"camera_trap","pasture","acrossincisortipsBreadth",7.283
"3135","PR31","SP04-ARL_231112_PR31_0312","00:50","00:50","Rodentia","Proechimys_semispinosus","","SP04-ARL_231112_PR31_0312-r0212","PREX",NA,0.47902624,-79.21005517,316,"pasture regeneration","pasture regeneration late",2007,16,"camera_trap","pasture","condylobasalLength",44.546
"3136","PR31","SP04-ARL_231112_PR31_0312","00:50","00:50","Rodentia","Proechimys_semispinosus","","SP04-ARL_231112_PR31_0312-r0212","PREX",NA,0.47902624,-79.21005517,316,"pasture regeneration","pasture regeneration late",2007,16,"camera_trap","pasture","earLength",15.0225
"3137","PR31","SP04-ARL_231112_PR31_0312","00:50","00:50","Rodentia","Proechimys_semispinosus","","SP04-ARL_231112_PR31_0312-r0212","PREX",NA,0.47902624,-79.21005517,316,"pasture regeneration","pasture regeneration late",2007,16,"camera_trap","pasture","forefootLength",18.13
"3138","PR31","SP04-ARL_231112_PR31_0312","00:50","00:50","Rodentia","Proechimys_semispinosus","","SP04-ARL_231112_PR31_0312-r0212","PREX",NA,0.47902624,-79.21005517,316,"pasture regeneration","pasture regeneration late",2007,16,"camera_trap","pasture","forefootWidth",6.8325
"3139","PR31","SP04-ARL_231112_PR31_0312","00:50","00:50","Rodentia","Proechimys_semispinosus","","SP04-ARL_231112_PR31_0312-r0212","PREX",NA,0.47902624,-79.21005517,316,"pasture regeneration","pasture regeneration late",2007,16,"camera_trap","pasture","forefootclawLength",3.08
"3140","PR31","SP04-ARL_231112_PR31_0312","00:50","00:50","Rodentia","Proechimys_semispinosus","","SP04-ARL_231112_PR31_0312-r0212","PREX",NA,0.47902624,-79.21005517,316,"pasture regeneration","pasture regeneration late",2007,16,"camera_trap","pasture","headandbodyLength",209.8225
"3141","PR31","SP04-ARL_231112_PR31_0312","00:50","00:50","Rodentia","Proechimys_semispinosus","","SP04-ARL_231112_PR31_0312-r0212","PREX",NA,0.47902624,-79.21005517,316,"pasture regeneration","pasture regeneration late",2007,16,"camera_trap","pasture","hindfootLength",44.63
"3142","PR31","SP04-ARL_231112_PR31_0312","00:50","00:50","Rodentia","Proechimys_semispinosus","","SP04-ARL_231112_PR31_0312-r0212","PREX",NA,0.47902624,-79.21005517,316,"pasture regeneration","pasture regeneration late",2007,16,"camera_trap","pasture","hindfootWidth",9.2
"3143","PR31","SP04-ARL_231112_PR31_0312","00:50","00:50","Rodentia","Proechimys_semispinosus","","SP04-ARL_231112_PR31_0312-r0212","PREX",NA,0.47902624,-79.21005517,316,"pasture regeneration","pasture regeneration late",2007,16,"camera_trap","pasture","mandibleDiagonal",22.782
"3144","PR31","SP04-ARL_231112_PR31_0312","00:50","00:50","Rodentia","Proechimys_semispinosus","","SP04-ARL_231112_PR31_0312-r0212","PREX",NA,0.47902624,-79.21005517,316,"pasture regeneration","pasture regeneration late",2007,16,"camera_trap","pasture","mandibleLength",22.9
"3145","PR31","SP04-ARL_231112_PR31_0312","00:50","00:50","Rodentia","Proechimys_semispinosus","","SP04-ARL_231112_PR31_0312-r0212","PREX",NA,0.47902624,-79.21005517,316,"pasture regeneration","pasture regeneration late",2007,16,"camera_trap","pasture","mandibleWidth",26.8021428571429
"3146","PR31","SP04-ARL_231112_PR31_0312","00:50","00:50","Rodentia","Proechimys_semispinosus","","SP04-ARL_231112_PR31_0312-r0212","PREX",NA,0.47902624,-79.21005517,316,"pasture regeneration","pasture regeneration late",2007,16,"camera_trap","pasture","mandibularcorpusHeight",11.66
"3147","PR31","SP04-ARL_231112_PR31_0312","00:50","00:50","Rodentia","Proechimys_semispinosus","","SP04-ARL_231112_PR31_0312-r0212","PREX",NA,0.47902624,-79.21005517,316,"pasture regeneration","pasture regeneration late",2007,16,"camera_trap","pasture","maxillarytoothrowAlveolarlength",12.98
"3148","PR31","SP04-ARL_231112_PR31_0312","00:50","00:50","Rodentia","Proechimys_semispinosus","","SP04-ARL_231112_PR31_0312-r0212","PREX",NA,0.47902624,-79.21005517,316,"pasture regeneration","pasture regeneration late",2007,16,"camera_trap","pasture","rostrumLength",23.417
"3149","PR31","SP04-ARL_231112_PR31_0312","00:50","00:50","Rodentia","Proechimys_semispinosus","","SP04-ARL_231112_PR31_0312-r0212","PREX",NA,0.47902624,-79.21005517,316,"pasture regeneration","pasture regeneration late",2007,16,"camera_trap","pasture","tailLength",60.87
"3150","PR31","SP04-ARL_231112_PR31_0312","00:50","00:50","Rodentia","Proechimys_semispinosus","","SP04-ARL_231112_PR31_0312-r0212","PREX",NA,0.47902624,-79.21005517,316,"pasture regeneration","pasture regeneration late",2007,16,"camera_trap","pasture","vibrissaeLength",63.0425
"3151","PR31","SP04-ARL_231112_PR31_0312","00:50","00:50","Rodentia","Proechimys_semispinosus","","SP04-ARL_231112_PR31_0312-r0212","PREX",NA,0.47902624,-79.21005517,316,"pasture regeneration","pasture regeneration late",2007,16,"camera_trap","pasture","zygomaticBreadth",29.363
"3152","PR31","SP04-ARL_231112_PR31_0312","07:03","07:03","Birds","Crypturellus_berlepschi","","SP04-ARL_231112_PR31_0312-r0213","PREX",NA,0.47902624,-79.21005517,316,"pasture regeneration","pasture regeneration late",2007,16,"camera_trap","pasture","Age",NA
"3153","PR31","SP04-ARL_231112_PR31_0312","07:03","07:03","Birds","Crypturellus_berlepschi","","SP04-ARL_231112_PR31_0312-r0213","PREX",NA,0.47902624,-79.21005517,316,"pasture regeneration","pasture regeneration late",2007,16,"camera_trap","pasture","Beak.Depth",6.5
"3154","PR31","SP04-ARL_231112_PR31_0312","07:03","07:03","Birds","Crypturellus_berlepschi","","SP04-ARL_231112_PR31_0312-r0213","PREX",NA,0.47902624,-79.21005517,316,"pasture regeneration","pasture regeneration late",2007,16,"camera_trap","pasture","Beak.Length_Culmen",27.86
"3155","PR31","SP04-ARL_231112_PR31_0312","07:03","07:03","Birds","Crypturellus_berlepschi","","SP04-ARL_231112_PR31_0312-r0213","PREX",NA,0.47902624,-79.21005517,316,"pasture regeneration","pasture regeneration late",2007,16,"camera_trap","pasture","Beak.Length_Nares",10.48
"3156","PR31","SP04-ARL_231112_PR31_0312","07:03","07:03","Birds","Crypturellus_berlepschi","","SP04-ARL_231112_PR31_0312-r0213","PREX",NA,0.47902624,-79.21005517,316,"pasture regeneration","pasture regeneration late",2007,16,"camera_trap","pasture","Beak.Width",5.34
"3157","PR31","SP04-ARL_231112_PR31_0312","07:03","07:03","Birds","Crypturellus_berlepschi","","SP04-ARL_231112_PR31_0312-r0213","PREX",NA,0.47902624,-79.21005517,316,"pasture regeneration","pasture regeneration late",2007,16,"camera_trap","pasture","BodyMass",516.8
"3158","PR31","SP04-ARL_231112_PR31_0312","07:03","07:03","Birds","Crypturellus_berlepschi","","SP04-ARL_231112_PR31_0312-r0213","PREX",NA,0.47902624,-79.21005517,316,"pasture regeneration","pasture regeneration late",2007,16,"camera_trap","pasture","Hand.wing.Index",23.3
"3159","PR31","SP04-ARL_231112_PR31_0312","07:03","07:03","Birds","Crypturellus_berlepschi","","SP04-ARL_231112_PR31_0312-r0213","PREX",NA,0.47902624,-79.21005517,316,"pasture regeneration","pasture regeneration late",2007,16,"camera_trap","pasture","Kipps.Distance",38.14
"3160","PR31","SP04-ARL_231112_PR31_0312","07:03","07:03","Birds","Crypturellus_berlepschi","","SP04-ARL_231112_PR31_0312-r0213","PREX",NA,0.47902624,-79.21005517,316,"pasture regeneration","pasture regeneration late",2007,16,"camera_trap","pasture","Secondary1",126.48
"3161","PR31","SP04-ARL_231112_PR31_0312","07:03","07:03","Birds","Crypturellus_berlepschi","","SP04-ARL_231112_PR31_0312-r0213","PREX",NA,0.47902624,-79.21005517,316,"pasture regeneration","pasture regeneration late",2007,16,"camera_trap","pasture","Sex",NA
"3162","PR31","SP04-ARL_231112_PR31_0312","07:03","07:03","Birds","Crypturellus_berlepschi","","SP04-ARL_231112_PR31_0312-r0213","PREX",NA,0.47902624,-79.21005517,316,"pasture regeneration","pasture regeneration late",2007,16,"camera_trap","pasture","Tail.Length",54.2
"3163","PR31","SP04-ARL_231112_PR31_0312","07:03","07:03","Birds","Crypturellus_berlepschi","","SP04-ARL_231112_PR31_0312-r0213","PREX",NA,0.47902624,-79.21005517,316,"pasture regeneration","pasture regeneration late",2007,16,"camera_trap","pasture","Tarsus.Length",53.36
"3164","PR31","SP04-ARL_231112_PR31_0312","07:03","07:03","Birds","Crypturellus_berlepschi","","SP04-ARL_231112_PR31_0312-r0213","PREX",NA,0.47902624,-79.21005517,316,"pasture regeneration","pasture regeneration late",2007,16,"camera_trap","pasture","Wing.Length",164.6
"3165","PR32","SP04-ARL_221115_PR32_0158","13:17","13:17","Birds","Crypturellus_berlepschi","","SP04-ARL_221115_PR32_0158-r0117",NA,NA,0.47927521,-79.21729879,339,"pasture regeneration","pasture regeneration late",2007,16,"camera_trap","pasture","Age",NA
"3166","PR32","SP04-ARL_221115_PR32_0158","13:17","13:17","Birds","Crypturellus_berlepschi","","SP04-ARL_221115_PR32_0158-r0117",NA,NA,0.47927521,-79.21729879,339,"pasture regeneration","pasture regeneration late",2007,16,"camera_trap","pasture","Beak.Depth",6.5
"3167","PR32","SP04-ARL_221115_PR32_0158","13:17","13:17","Birds","Crypturellus_berlepschi","","SP04-ARL_221115_PR32_0158-r0117",NA,NA,0.47927521,-79.21729879,339,"pasture regeneration","pasture regeneration late",2007,16,"camera_trap","pasture","Beak.Length_Culmen",27.86
"3168","PR32","SP04-ARL_221115_PR32_0158","13:17","13:17","Birds","Crypturellus_berlepschi","","SP04-ARL_221115_PR32_0158-r0117",NA,NA,0.47927521,-79.21729879,339,"pasture regeneration","pasture regeneration late",2007,16,"camera_trap","pasture","Beak.Length_Nares",10.48
"3169","PR32","SP04-ARL_221115_PR32_0158","13:17","13:17","Birds","Crypturellus_berlepschi","","SP04-ARL_221115_PR32_0158-r0117",NA,NA,0.47927521,-79.21729879,339,"pasture regeneration","pasture regeneration late",2007,16,"camera_trap","pasture","Beak.Width",5.34
"3170","PR32","SP04-ARL_221115_PR32_0158","13:17","13:17","Birds","Crypturellus_berlepschi","","SP04-ARL_221115_PR32_0158-r0117",NA,NA,0.47927521,-79.21729879,339,"pasture regeneration","pasture regeneration late",2007,16,"camera_trap","pasture","BodyMass",516.8
"3171","PR32","SP04-ARL_221115_PR32_0158","13:17","13:17","Birds","Crypturellus_berlepschi","","SP04-ARL_221115_PR32_0158-r0117",NA,NA,0.47927521,-79.21729879,339,"pasture regeneration","pasture regeneration late",2007,16,"camera_trap","pasture","Hand.wing.Index",23.3
"3172","PR32","SP04-ARL_221115_PR32_0158","13:17","13:17","Birds","Crypturellus_berlepschi","","SP04-ARL_221115_PR32_0158-r0117",NA,NA,0.47927521,-79.21729879,339,"pasture regeneration","pasture regeneration late",2007,16,"camera_trap","pasture","Kipps.Distance",38.14
"3173","PR32","SP04-ARL_221115_PR32_0158","13:17","13:17","Birds","Crypturellus_berlepschi","","SP04-ARL_221115_PR32_0158-r0117",NA,NA,0.47927521,-79.21729879,339,"pasture regeneration","pasture regeneration late",2007,16,"camera_trap","pasture","Secondary1",126.48
"3174","PR32","SP04-ARL_221115_PR32_0158","13:17","13:17","Birds","Crypturellus_berlepschi","","SP04-ARL_221115_PR32_0158-r0117",NA,NA,0.47927521,-79.21729879,339,"pasture regeneration","pasture regeneration late",2007,16,"camera_trap","pasture","Sex",NA
"3175","PR32","SP04-ARL_221115_PR32_0158","13:17","13:17","Birds","Crypturellus_berlepschi","","SP04-ARL_221115_PR32_0158-r0117",NA,NA,0.47927521,-79.21729879,339,"pasture regeneration","pasture regeneration late",2007,16,"camera_trap","pasture","Tail.Length",54.2
"3176","PR32","SP04-ARL_221115_PR32_0158","13:17","13:17","Birds","Crypturellus_berlepschi","","SP04-ARL_221115_PR32_0158-r0117",NA,NA,0.47927521,-79.21729879,339,"pasture regeneration","pasture regeneration late",2007,16,"camera_trap","pasture","Tarsus.Length",53.36
"3177","PR32","SP04-ARL_221115_PR32_0158","13:17","13:17","Birds","Crypturellus_berlepschi","","SP04-ARL_221115_PR32_0158-r0117",NA,NA,0.47927521,-79.21729879,339,"pasture regeneration","pasture regeneration late",2007,16,"camera_trap","pasture","Wing.Length",164.6
"3178","PR32","SP04-ARL_221116_PR32_0159","07:15","07:15","Birds","Crypturellus_berlepschi","","SP04-ARL_221116_PR32_0159-r0118",NA,NA,0.47927521,-79.21729879,339,"pasture regeneration","pasture regeneration late",2007,16,"camera_trap","pasture","Age",NA
"3179","PR32","SP04-ARL_221116_PR32_0159","07:15","07:15","Birds","Crypturellus_berlepschi","","SP04-ARL_221116_PR32_0159-r0118",NA,NA,0.47927521,-79.21729879,339,"pasture regeneration","pasture regeneration late",2007,16,"camera_trap","pasture","Beak.Depth",6.5
"3180","PR32","SP04-ARL_221116_PR32_0159","07:15","07:15","Birds","Crypturellus_berlepschi","","SP04-ARL_221116_PR32_0159-r0118",NA,NA,0.47927521,-79.21729879,339,"pasture regeneration","pasture regeneration late",2007,16,"camera_trap","pasture","Beak.Length_Culmen",27.86
"3181","PR32","SP04-ARL_221116_PR32_0159","07:15","07:15","Birds","Crypturellus_berlepschi","","SP04-ARL_221116_PR32_0159-r0118",NA,NA,0.47927521,-79.21729879,339,"pasture regeneration","pasture regeneration late",2007,16,"camera_trap","pasture","Beak.Length_Nares",10.48
"3182","PR32","SP04-ARL_221116_PR32_0159","07:15","07:15","Birds","Crypturellus_berlepschi","","SP04-ARL_221116_PR32_0159-r0118",NA,NA,0.47927521,-79.21729879,339,"pasture regeneration","pasture regeneration late",2007,16,"camera_trap","pasture","Beak.Width",5.34
"3183","PR32","SP04-ARL_221116_PR32_0159","07:15","07:15","Birds","Crypturellus_berlepschi","","SP04-ARL_221116_PR32_0159-r0118",NA,NA,0.47927521,-79.21729879,339,"pasture regeneration","pasture regeneration late",2007,16,"camera_trap","pasture","BodyMass",516.8
"3184","PR32","SP04-ARL_221116_PR32_0159","07:15","07:15","Birds","Crypturellus_berlepschi","","SP04-ARL_221116_PR32_0159-r0118",NA,NA,0.47927521,-79.21729879,339,"pasture regeneration","pasture regeneration late",2007,16,"camera_trap","pasture","Hand.wing.Index",23.3
"3185","PR32","SP04-ARL_221116_PR32_0159","07:15","07:15","Birds","Crypturellus_berlepschi","","SP04-ARL_221116_PR32_0159-r0118",NA,NA,0.47927521,-79.21729879,339,"pasture regeneration","pasture regeneration late",2007,16,"camera_trap","pasture","Kipps.Distance",38.14
"3186","PR32","SP04-ARL_221116_PR32_0159","07:15","07:15","Birds","Crypturellus_berlepschi","","SP04-ARL_221116_PR32_0159-r0118",NA,NA,0.47927521,-79.21729879,339,"pasture regeneration","pasture regeneration late",2007,16,"camera_trap","pasture","Secondary1",126.48
"3187","PR32","SP04-ARL_221116_PR32_0159","07:15","07:15","Birds","Crypturellus_berlepschi","","SP04-ARL_221116_PR32_0159-r0118",NA,NA,0.47927521,-79.21729879,339,"pasture regeneration","pasture regeneration late",2007,16,"camera_trap","pasture","Sex",NA
"3188","PR32","SP04-ARL_221116_PR32_0159","07:15","07:15","Birds","Crypturellus_berlepschi","","SP04-ARL_221116_PR32_0159-r0118",NA,NA,0.47927521,-79.21729879,339,"pasture regeneration","pasture regeneration late",2007,16,"camera_trap","pasture","Tail.Length",54.2
"3189","PR32","SP04-ARL_221116_PR32_0159","07:15","07:15","Birds","Crypturellus_berlepschi","","SP04-ARL_221116_PR32_0159-r0118",NA,NA,0.47927521,-79.21729879,339,"pasture regeneration","pasture regeneration late",2007,16,"camera_trap","pasture","Tarsus.Length",53.36
"3190","PR32","SP04-ARL_221116_PR32_0159","07:15","07:15","Birds","Crypturellus_berlepschi","","SP04-ARL_221116_PR32_0159-r0118",NA,NA,0.47927521,-79.21729879,339,"pasture regeneration","pasture regeneration late",2007,16,"camera_trap","pasture","Wing.Length",164.6
"3191","PR32","SP04-ARL_221116_PR32_0159","17:43","17:43","Birds","Crypturellus_berlepschi","","SP04-ARL_221116_PR32_0159-r0119",NA,NA,0.47927521,-79.21729879,339,"pasture regeneration","pasture regeneration late",2007,16,"camera_trap","pasture","Age",NA
"3192","PR32","SP04-ARL_221116_PR32_0159","17:43","17:43","Birds","Crypturellus_berlepschi","","SP04-ARL_221116_PR32_0159-r0119",NA,NA,0.47927521,-79.21729879,339,"pasture regeneration","pasture regeneration late",2007,16,"camera_trap","pasture","Beak.Depth",6.5
"3193","PR32","SP04-ARL_221116_PR32_0159","17:43","17:43","Birds","Crypturellus_berlepschi","","SP04-ARL_221116_PR32_0159-r0119",NA,NA,0.47927521,-79.21729879,339,"pasture regeneration","pasture regeneration late",2007,16,"camera_trap","pasture","Beak.Length_Culmen",27.86
"3194","PR32","SP04-ARL_221116_PR32_0159","17:43","17:43","Birds","Crypturellus_berlepschi","","SP04-ARL_221116_PR32_0159-r0119",NA,NA,0.47927521,-79.21729879,339,"pasture regeneration","pasture regeneration late",2007,16,"camera_trap","pasture","Beak.Length_Nares",10.48
"3195","PR32","SP04-ARL_221116_PR32_0159","17:43","17:43","Birds","Crypturellus_berlepschi","","SP04-ARL_221116_PR32_0159-r0119",NA,NA,0.47927521,-79.21729879,339,"pasture regeneration","pasture regeneration late",2007,16,"camera_trap","pasture","Beak.Width",5.34
"3196","PR32","SP04-ARL_221116_PR32_0159","17:43","17:43","Birds","Crypturellus_berlepschi","","SP04-ARL_221116_PR32_0159-r0119",NA,NA,0.47927521,-79.21729879,339,"pasture regeneration","pasture regeneration late",2007,16,"camera_trap","pasture","BodyMass",516.8
"3197","PR32","SP04-ARL_221116_PR32_0159","17:43","17:43","Birds","Crypturellus_berlepschi","","SP04-ARL_221116_PR32_0159-r0119",NA,NA,0.47927521,-79.21729879,339,"pasture regeneration","pasture regeneration late",2007,16,"camera_trap","pasture","Hand.wing.Index",23.3
"3198","PR32","SP04-ARL_221116_PR32_0159","17:43","17:43","Birds","Crypturellus_berlepschi","","SP04-ARL_221116_PR32_0159-r0119",NA,NA,0.47927521,-79.21729879,339,"pasture regeneration","pasture regeneration late",2007,16,"camera_trap","pasture","Kipps.Distance",38.14
"3199","PR32","SP04-ARL_221116_PR32_0159","17:43","17:43","Birds","Crypturellus_berlepschi","","SP04-ARL_221116_PR32_0159-r0119",NA,NA,0.47927521,-79.21729879,339,"pasture regeneration","pasture regeneration late",2007,16,"camera_trap","pasture","Secondary1",126.48
"3200","PR32","SP04-ARL_221116_PR32_0159","17:43","17:43","Birds","Crypturellus_berlepschi","","SP04-ARL_221116_PR32_0159-r0119",NA,NA,0.47927521,-79.21729879,339,"pasture regeneration","pasture regeneration late",2007,16,"camera_trap","pasture","Sex",NA
"3201","PR32","SP04-ARL_221116_PR32_0159","17:43","17:43","Birds","Crypturellus_berlepschi","","SP04-ARL_221116_PR32_0159-r0119",NA,NA,0.47927521,-79.21729879,339,"pasture regeneration","pasture regeneration late",2007,16,"camera_trap","pasture","Tail.Length",54.2
"3202","PR32","SP04-ARL_221116_PR32_0159","17:43","17:43","Birds","Crypturellus_berlepschi","","SP04-ARL_221116_PR32_0159-r0119",NA,NA,0.47927521,-79.21729879,339,"pasture regeneration","pasture regeneration late",2007,16,"camera_trap","pasture","Tarsus.Length",53.36
"3203","PR32","SP04-ARL_221116_PR32_0159","17:43","17:43","Birds","Crypturellus_berlepschi","","SP04-ARL_221116_PR32_0159-r0119",NA,NA,0.47927521,-79.21729879,339,"pasture regeneration","pasture regeneration late",2007,16,"camera_trap","pasture","Wing.Length",164.6
"3204","PR32","SP04-ARL_221117_PR32_0160","10:59","10:59","Birds","Crypturellus_berlepschi","","SP04-ARL_221117_PR32_0160-r0120",NA,NA,0.47927521,-79.21729879,339,"pasture regeneration","pasture regeneration late",2007,16,"camera_trap","pasture","Age",NA
"3205","PR32","SP04-ARL_221117_PR32_0160","10:59","10:59","Birds","Crypturellus_berlepschi","","SP04-ARL_221117_PR32_0160-r0120",NA,NA,0.47927521,-79.21729879,339,"pasture regeneration","pasture regeneration late",2007,16,"camera_trap","pasture","Beak.Depth",6.5
"3206","PR32","SP04-ARL_221117_PR32_0160","10:59","10:59","Birds","Crypturellus_berlepschi","","SP04-ARL_221117_PR32_0160-r0120",NA,NA,0.47927521,-79.21729879,339,"pasture regeneration","pasture regeneration late",2007,16,"camera_trap","pasture","Beak.Length_Culmen",27.86
"3207","PR32","SP04-ARL_221117_PR32_0160","10:59","10:59","Birds","Crypturellus_berlepschi","","SP04-ARL_221117_PR32_0160-r0120",NA,NA,0.47927521,-79.21729879,339,"pasture regeneration","pasture regeneration late",2007,16,"camera_trap","pasture","Beak.Length_Nares",10.48
"3208","PR32","SP04-ARL_221117_PR32_0160","10:59","10:59","Birds","Crypturellus_berlepschi","","SP04-ARL_221117_PR32_0160-r0120",NA,NA,0.47927521,-79.21729879,339,"pasture regeneration","pasture regeneration late",2007,16,"camera_trap","pasture","Beak.Width",5.34
"3209","PR32","SP04-ARL_221117_PR32_0160","10:59","10:59","Birds","Crypturellus_berlepschi","","SP04-ARL_221117_PR32_0160-r0120",NA,NA,0.47927521,-79.21729879,339,"pasture regeneration","pasture regeneration late",2007,16,"camera_trap","pasture","BodyMass",516.8
"3210","PR32","SP04-ARL_221117_PR32_0160","10:59","10:59","Birds","Crypturellus_berlepschi","","SP04-ARL_221117_PR32_0160-r0120",NA,NA,0.47927521,-79.21729879,339,"pasture regeneration","pasture regeneration late",2007,16,"camera_trap","pasture","Hand.wing.Index",23.3
"3211","PR32","SP04-ARL_221117_PR32_0160","10:59","10:59","Birds","Crypturellus_berlepschi","","SP04-ARL_221117_PR32_0160-r0120",NA,NA,0.47927521,-79.21729879,339,"pasture regeneration","pasture regeneration late",2007,16,"camera_trap","pasture","Kipps.Distance",38.14
"3212","PR32","SP04-ARL_221117_PR32_0160","10:59","10:59","Birds","Crypturellus_berlepschi","","SP04-ARL_221117_PR32_0160-r0120",NA,NA,0.47927521,-79.21729879,339,"pasture regeneration","pasture regeneration late",2007,16,"camera_trap","pasture","Secondary1",126.48
"3213","PR32","SP04-ARL_221117_PR32_0160","10:59","10:59","Birds","Crypturellus_berlepschi","","SP04-ARL_221117_PR32_0160-r0120",NA,NA,0.47927521,-79.21729879,339,"pasture regeneration","pasture regeneration late",2007,16,"camera_trap","pasture","Sex",NA
"3214","PR32","SP04-ARL_221117_PR32_0160","10:59","10:59","Birds","Crypturellus_berlepschi","","SP04-ARL_221117_PR32_0160-r0120",NA,NA,0.47927521,-79.21729879,339,"pasture regeneration","pasture regeneration late",2007,16,"camera_trap","pasture","Tail.Length",54.2
"3215","PR32","SP04-ARL_221117_PR32_0160","10:59","10:59","Birds","Crypturellus_berlepschi","","SP04-ARL_221117_PR32_0160-r0120",NA,NA,0.47927521,-79.21729879,339,"pasture regeneration","pasture regeneration late",2007,16,"camera_trap","pasture","Tarsus.Length",53.36
"3216","PR32","SP04-ARL_221117_PR32_0160","10:59","10:59","Birds","Crypturellus_berlepschi","","SP04-ARL_221117_PR32_0160-r0120",NA,NA,0.47927521,-79.21729879,339,"pasture regeneration","pasture regeneration late",2007,16,"camera_trap","pasture","Wing.Length",164.6
"3217","PR32","SP04-ARL_221117_PR32_0160","18:01","18:01","Birds","Crypturellus_berlepschi","","SP04-ARL_221117_PR32_0160-r0121",NA,NA,0.47927521,-79.21729879,339,"pasture regeneration","pasture regeneration late",2007,16,"camera_trap","pasture","Age",NA
"3218","PR32","SP04-ARL_221117_PR32_0160","18:01","18:01","Birds","Crypturellus_berlepschi","","SP04-ARL_221117_PR32_0160-r0121",NA,NA,0.47927521,-79.21729879,339,"pasture regeneration","pasture regeneration late",2007,16,"camera_trap","pasture","Beak.Depth",6.5
"3219","PR32","SP04-ARL_221117_PR32_0160","18:01","18:01","Birds","Crypturellus_berlepschi","","SP04-ARL_221117_PR32_0160-r0121",NA,NA,0.47927521,-79.21729879,339,"pasture regeneration","pasture regeneration late",2007,16,"camera_trap","pasture","Beak.Length_Culmen",27.86
"3220","PR32","SP04-ARL_221117_PR32_0160","18:01","18:01","Birds","Crypturellus_berlepschi","","SP04-ARL_221117_PR32_0160-r0121",NA,NA,0.47927521,-79.21729879,339,"pasture regeneration","pasture regeneration late",2007,16,"camera_trap","pasture","Beak.Length_Nares",10.48
"3221","PR32","SP04-ARL_221117_PR32_0160","18:01","18:01","Birds","Crypturellus_berlepschi","","SP04-ARL_221117_PR32_0160-r0121",NA,NA,0.47927521,-79.21729879,339,"pasture regeneration","pasture regeneration late",2007,16,"camera_trap","pasture","Beak.Width",5.34
"3222","PR32","SP04-ARL_221117_PR32_0160","18:01","18:01","Birds","Crypturellus_berlepschi","","SP04-ARL_221117_PR32_0160-r0121",NA,NA,0.47927521,-79.21729879,339,"pasture regeneration","pasture regeneration late",2007,16,"camera_trap","pasture","BodyMass",516.8
"3223","PR32","SP04-ARL_221117_PR32_0160","18:01","18:01","Birds","Crypturellus_berlepschi","","SP04-ARL_221117_PR32_0160-r0121",NA,NA,0.47927521,-79.21729879,339,"pasture regeneration","pasture regeneration late",2007,16,"camera_trap","pasture","Hand.wing.Index",23.3
"3224","PR32","SP04-ARL_221117_PR32_0160","18:01","18:01","Birds","Crypturellus_berlepschi","","SP04-ARL_221117_PR32_0160-r0121",NA,NA,0.47927521,-79.21729879,339,"pasture regeneration","pasture regeneration late",2007,16,"camera_trap","pasture","Kipps.Distance",38.14
"3225","PR32","SP04-ARL_221117_PR32_0160","18:01","18:01","Birds","Crypturellus_berlepschi","","SP04-ARL_221117_PR32_0160-r0121",NA,NA,0.47927521,-79.21729879,339,"pasture regeneration","pasture regeneration late",2007,16,"camera_trap","pasture","Secondary1",126.48
"3226","PR32","SP04-ARL_221117_PR32_0160","18:01","18:01","Birds","Crypturellus_berlepschi","","SP04-ARL_221117_PR32_0160-r0121",NA,NA,0.47927521,-79.21729879,339,"pasture regeneration","pasture regeneration late",2007,16,"camera_trap","pasture","Sex",NA
"3227","PR32","SP04-ARL_221117_PR32_0160","18:01","18:01","Birds","Crypturellus_berlepschi","","SP04-ARL_221117_PR32_0160-r0121",NA,NA,0.47927521,-79.21729879,339,"pasture regeneration","pasture regeneration late",2007,16,"camera_trap","pasture","Tail.Length",54.2
"3228","PR32","SP04-ARL_221117_PR32_0160","18:01","18:01","Birds","Crypturellus_berlepschi","","SP04-ARL_221117_PR32_0160-r0121",NA,NA,0.47927521,-79.21729879,339,"pasture regeneration","pasture regeneration late",2007,16,"camera_trap","pasture","Tarsus.Length",53.36
"3229","PR32","SP04-ARL_221117_PR32_0160","18:01","18:01","Birds","Crypturellus_berlepschi","","SP04-ARL_221117_PR32_0160-r0121",NA,NA,0.47927521,-79.21729879,339,"pasture regeneration","pasture regeneration late",2007,16,"camera_trap","pasture","Wing.Length",164.6
"3230","PR32","SP04-ARL_221117_PR32_0160","18:01","18:01","Birds","Crypturellus_berlepschi","","SP04-ARL_221117_PR32_0160-r0122",NA,NA,0.47927521,-79.21729879,339,"pasture regeneration","pasture regeneration late",2007,16,"camera_trap","pasture","Age",NA
"3231","PR32","SP04-ARL_221117_PR32_0160","18:01","18:01","Birds","Crypturellus_berlepschi","","SP04-ARL_221117_PR32_0160-r0122",NA,NA,0.47927521,-79.21729879,339,"pasture regeneration","pasture regeneration late",2007,16,"camera_trap","pasture","Beak.Depth",6.5
"3232","PR32","SP04-ARL_221117_PR32_0160","18:01","18:01","Birds","Crypturellus_berlepschi","","SP04-ARL_221117_PR32_0160-r0122",NA,NA,0.47927521,-79.21729879,339,"pasture regeneration","pasture regeneration late",2007,16,"camera_trap","pasture","Beak.Length_Culmen",27.86
"3233","PR32","SP04-ARL_221117_PR32_0160","18:01","18:01","Birds","Crypturellus_berlepschi","","SP04-ARL_221117_PR32_0160-r0122",NA,NA,0.47927521,-79.21729879,339,"pasture regeneration","pasture regeneration late",2007,16,"camera_trap","pasture","Beak.Length_Nares",10.48
"3234","PR32","SP04-ARL_221117_PR32_0160","18:01","18:01","Birds","Crypturellus_berlepschi","","SP04-ARL_221117_PR32_0160-r0122",NA,NA,0.47927521,-79.21729879,339,"pasture regeneration","pasture regeneration late",2007,16,"camera_trap","pasture","Beak.Width",5.34
"3235","PR32","SP04-ARL_221117_PR32_0160","18:01","18:01","Birds","Crypturellus_berlepschi","","SP04-ARL_221117_PR32_0160-r0122",NA,NA,0.47927521,-79.21729879,339,"pasture regeneration","pasture regeneration late",2007,16,"camera_trap","pasture","BodyMass",516.8
"3236","PR32","SP04-ARL_221117_PR32_0160","18:01","18:01","Birds","Crypturellus_berlepschi","","SP04-ARL_221117_PR32_0160-r0122",NA,NA,0.47927521,-79.21729879,339,"pasture regeneration","pasture regeneration late",2007,16,"camera_trap","pasture","Hand.wing.Index",23.3
"3237","PR32","SP04-ARL_221117_PR32_0160","18:01","18:01","Birds","Crypturellus_berlepschi","","SP04-ARL_221117_PR32_0160-r0122",NA,NA,0.47927521,-79.21729879,339,"pasture regeneration","pasture regeneration late",2007,16,"camera_trap","pasture","Kipps.Distance",38.14
"3238","PR32","SP04-ARL_221117_PR32_0160","18:01","18:01","Birds","Crypturellus_berlepschi","","SP04-ARL_221117_PR32_0160-r0122",NA,NA,0.47927521,-79.21729879,339,"pasture regeneration","pasture regeneration late",2007,16,"camera_trap","pasture","Secondary1",126.48
"3239","PR32","SP04-ARL_221117_PR32_0160","18:01","18:01","Birds","Crypturellus_berlepschi","","SP04-ARL_221117_PR32_0160-r0122",NA,NA,0.47927521,-79.21729879,339,"pasture regeneration","pasture regeneration late",2007,16,"camera_trap","pasture","Sex",NA
"3240","PR32","SP04-ARL_221117_PR32_0160","18:01","18:01","Birds","Crypturellus_berlepschi","","SP04-ARL_221117_PR32_0160-r0122",NA,NA,0.47927521,-79.21729879,339,"pasture regeneration","pasture regeneration late",2007,16,"camera_trap","pasture","Tail.Length",54.2
"3241","PR32","SP04-ARL_221117_PR32_0160","18:01","18:01","Birds","Crypturellus_berlepschi","","SP04-ARL_221117_PR32_0160-r0122",NA,NA,0.47927521,-79.21729879,339,"pasture regeneration","pasture regeneration late",2007,16,"camera_trap","pasture","Tarsus.Length",53.36
"3242","PR32","SP04-ARL_221117_PR32_0160","18:01","18:01","Birds","Crypturellus_berlepschi","","SP04-ARL_221117_PR32_0160-r0122",NA,NA,0.47927521,-79.21729879,339,"pasture regeneration","pasture regeneration late",2007,16,"camera_trap","pasture","Wing.Length",164.6
"3243","PR34","SP04-ARL_221106_PR34_0142","13:24","13:34","Rodentia","Notosciurus_granatensis","","SP04-ARL_221106_PR34_0142-r0113","PREX",NA,0.49350932,-79.13794296,615,"pasture regeneration","pasture regeneration late",1985,38,"camera_trap","pasture","BodyMass",250
"3244","PR34","SP04-ARL_221106_PR34_0142","13:24","13:34","Rodentia","Notosciurus_granatensis","","SP04-ARL_221106_PR34_0142-r0113","PREX",NA,0.49350932,-79.13794296,615,"pasture regeneration","pasture regeneration late",1985,38,"camera_trap","pasture","Sex",NA
"3245","PR34","SP04-ARL_221106_PR34_0142","13:24","13:34","Rodentia","Notosciurus_granatensis","","SP04-ARL_221106_PR34_0142-r0113","PREX",NA,0.49350932,-79.13794296,615,"pasture regeneration","pasture regeneration late",1985,38,"camera_trap","pasture","acrossincisortipsBreadth",9.046
"3246","PR34","SP04-ARL_221106_PR34_0142","13:24","13:34","Rodentia","Notosciurus_granatensis","","SP04-ARL_221106_PR34_0142-r0113","PREX",NA,0.49350932,-79.13794296,615,"pasture regeneration","pasture regeneration late",1985,38,"camera_trap","pasture","condylobasalLength",44.628
"3247","PR34","SP04-ARL_221106_PR34_0142","13:24","13:34","Rodentia","Notosciurus_granatensis","","SP04-ARL_221106_PR34_0142-r0113","PREX",NA,0.49350932,-79.13794296,615,"pasture regeneration","pasture regeneration late",1985,38,"camera_trap","pasture","earLength",20.705
"3248","PR34","SP04-ARL_221106_PR34_0142","13:24","13:34","Rodentia","Notosciurus_granatensis","","SP04-ARL_221106_PR34_0142-r0113","PREX",NA,0.49350932,-79.13794296,615,"pasture regeneration","pasture regeneration late",1985,38,"camera_trap","pasture","forefootLength",32.7475
"3249","PR34","SP04-ARL_221106_PR34_0142","13:24","13:34","Rodentia","Notosciurus_granatensis","","SP04-ARL_221106_PR34_0142-r0113","PREX",NA,0.49350932,-79.13794296,615,"pasture regeneration","pasture regeneration late",1985,38,"camera_trap","pasture","forefootWidth",16.3325
"3250","PR34","SP04-ARL_221106_PR34_0142","13:24","13:34","Rodentia","Notosciurus_granatensis","","SP04-ARL_221106_PR34_0142-r0113","PREX",NA,0.49350932,-79.13794296,615,"pasture regeneration","pasture regeneration late",1985,38,"camera_trap","pasture","forefootclawLength",12.8925
"3251","PR34","SP04-ARL_221106_PR34_0142","13:24","13:34","Rodentia","Notosciurus_granatensis","","SP04-ARL_221106_PR34_0142-r0113","PREX",NA,0.49350932,-79.13794296,615,"pasture regeneration","pasture regeneration late",1985,38,"camera_trap","pasture","headandbodyLength",205.4475
"3252","PR34","SP04-ARL_221106_PR34_0142","13:24","13:34","Rodentia","Notosciurus_granatensis","","SP04-ARL_221106_PR34_0142-r0113","PREX",NA,0.49350932,-79.13794296,615,"pasture regeneration","pasture regeneration late",1985,38,"camera_trap","pasture","hindfootLength",47.5475
"3253","PR34","SP04-ARL_221106_PR34_0142","13:24","13:34","Rodentia","Notosciurus_granatensis","","SP04-ARL_221106_PR34_0142-r0113","PREX",NA,0.49350932,-79.13794296,615,"pasture regeneration","pasture regeneration late",1985,38,"camera_trap","pasture","hindfootWidth",17.79
"3254","PR34","SP04-ARL_221106_PR34_0142","13:24","13:34","Rodentia","Notosciurus_granatensis","","SP04-ARL_221106_PR34_0142-r0113","PREX",NA,0.49350932,-79.13794296,615,"pasture regeneration","pasture regeneration late",1985,38,"camera_trap","pasture","mandibleDiagonal",27.82
"3255","PR34","SP04-ARL_221106_PR34_0142","13:24","13:34","Rodentia","Notosciurus_granatensis","","SP04-ARL_221106_PR34_0142-r0113","PREX",NA,0.49350932,-79.13794296,615,"pasture regeneration","pasture regeneration late",1985,38,"camera_trap","pasture","mandibleLength",19.8825
"3256","PR34","SP04-ARL_221106_PR34_0142","13:24","13:34","Rodentia","Notosciurus_granatensis","","SP04-ARL_221106_PR34_0142-r0113","PREX",NA,0.49350932,-79.13794296,615,"pasture regeneration","pasture regeneration late",1985,38,"camera_trap","pasture","mandibleWidth",33.4
"3257","PR34","SP04-ARL_221106_PR34_0142","13:24","13:34","Rodentia","Notosciurus_granatensis","","SP04-ARL_221106_PR34_0142-r0113","PREX",NA,0.49350932,-79.13794296,615,"pasture regeneration","pasture regeneration late",1985,38,"camera_trap","pasture","mandibularcorpusHeight",14.9375
"3258","PR34","SP04-ARL_221106_PR34_0142","13:24","13:34","Rodentia","Notosciurus_granatensis","","SP04-ARL_221106_PR34_0142-r0113","PREX",NA,0.49350932,-79.13794296,615,"pasture regeneration","pasture regeneration late",1985,38,"camera_trap","pasture","maxillarytoothrowAlveolarlength",14.858
"3259","PR34","SP04-ARL_221106_PR34_0142","13:24","13:34","Rodentia","Notosciurus_granatensis","","SP04-ARL_221106_PR34_0142-r0113","PREX",NA,0.49350932,-79.13794296,615,"pasture regeneration","pasture regeneration late",1985,38,"camera_trap","pasture","rostrumLength",21.624
"3260","PR34","SP04-ARL_221106_PR34_0142","13:24","13:34","Rodentia","Notosciurus_granatensis","","SP04-ARL_221106_PR34_0142-r0113","PREX",NA,0.49350932,-79.13794296,615,"pasture regeneration","pasture regeneration late",1985,38,"camera_trap","pasture","tailLength",165.04
"3261","PR34","SP04-ARL_221106_PR34_0142","13:24","13:34","Rodentia","Notosciurus_granatensis","","SP04-ARL_221106_PR34_0142-r0113","PREX",NA,0.49350932,-79.13794296,615,"pasture regeneration","pasture regeneration late",1985,38,"camera_trap","pasture","vibrissaeLength",45.3925
"3262","PR34","SP04-ARL_221106_PR34_0142","13:24","13:34","Rodentia","Notosciurus_granatensis","","SP04-ARL_221106_PR34_0142-r0113","PREX",NA,0.49350932,-79.13794296,615,"pasture regeneration","pasture regeneration late",1985,38,"camera_trap","pasture","zygomaticBreadth",35.878
"3263","PR34","SP04-ARL_221107_PR34_0143","10:55","10:55","Birds","Geotrygon_montana","","SP04-ARL_221107_PR34_0143-r0114","PREX",NA,0.49350932,-79.13794296,615,"pasture regeneration","pasture regeneration late",1985,38,"camera_trap","pasture","Age",NA
"3264","PR34","SP04-ARL_221107_PR34_0143","10:55","10:55","Birds","Geotrygon_montana","","SP04-ARL_221107_PR34_0143-r0114","PREX",NA,0.49350932,-79.13794296,615,"pasture regeneration","pasture regeneration late",1985,38,"camera_trap","pasture","Beak.Depth",4.44848484848485
"3265","PR34","SP04-ARL_221107_PR34_0143","10:55","10:55","Birds","Geotrygon_montana","","SP04-ARL_221107_PR34_0143-r0114","PREX",NA,0.49350932,-79.13794296,615,"pasture regeneration","pasture regeneration late",1985,38,"camera_trap","pasture","Beak.Length_Culmen",19.536
"3266","PR34","SP04-ARL_221107_PR34_0143","10:55","10:55","Birds","Geotrygon_montana","","SP04-ARL_221107_PR34_0143-r0114","PREX",NA,0.49350932,-79.13794296,615,"pasture regeneration","pasture regeneration late",1985,38,"camera_trap","pasture","Beak.Length_Nares",8.95384615384615
"3267","PR34","SP04-ARL_221107_PR34_0143","10:55","10:55","Birds","Geotrygon_montana","","SP04-ARL_221107_PR34_0143-r0114","PREX",NA,0.49350932,-79.13794296,615,"pasture regeneration","pasture regeneration late",1985,38,"camera_trap","pasture","Beak.Width",3.47586206896552
"3268","PR34","SP04-ARL_221107_PR34_0143","10:55","10:55","Birds","Geotrygon_montana","","SP04-ARL_221107_PR34_0143-r0114","PREX",NA,0.49350932,-79.13794296,615,"pasture regeneration","pasture regeneration late",1985,38,"camera_trap","pasture","BodyMass",133.9
"3269","PR34","SP04-ARL_221107_PR34_0143","10:55","10:55","Birds","Geotrygon_montana","","SP04-ARL_221107_PR34_0143-r0114","PREX",NA,0.49350932,-79.13794296,615,"pasture regeneration","pasture regeneration late",1985,38,"camera_trap","pasture","Hand.wing.Index",27.1
"3270","PR34","SP04-ARL_221107_PR34_0143","10:55","10:55","Birds","Geotrygon_montana","","SP04-ARL_221107_PR34_0143-r0114","PREX",NA,0.49350932,-79.13794296,615,"pasture regeneration","pasture regeneration late",1985,38,"camera_trap","pasture","Kipps.Distance",36.7478260869565
"3271","PR34","SP04-ARL_221107_PR34_0143","10:55","10:55","Birds","Geotrygon_montana","","SP04-ARL_221107_PR34_0143-r0114","PREX",NA,0.49350932,-79.13794296,615,"pasture regeneration","pasture regeneration late",1985,38,"camera_trap","pasture","Secondary1",99.195652173913
"3272","PR34","SP04-ARL_221107_PR34_0143","10:55","10:55","Birds","Geotrygon_montana","","SP04-ARL_221107_PR34_0143-r0114","PREX",NA,0.49350932,-79.13794296,615,"pasture regeneration","pasture regeneration late",1985,38,"camera_trap","pasture","Sex",NA
"3273","PR34","SP04-ARL_221107_PR34_0143","10:55","10:55","Birds","Geotrygon_montana","","SP04-ARL_221107_PR34_0143-r0114","PREX",NA,0.49350932,-79.13794296,615,"pasture regeneration","pasture regeneration late",1985,38,"camera_trap","pasture","Tail.Length",76.278125
"3274","PR34","SP04-ARL_221107_PR34_0143","10:55","10:55","Birds","Geotrygon_montana","","SP04-ARL_221107_PR34_0143-r0114","PREX",NA,0.49350932,-79.13794296,615,"pasture regeneration","pasture regeneration late",1985,38,"camera_trap","pasture","Tarsus.Length",26.9405405405405
"3275","PR34","SP04-ARL_221107_PR34_0143","10:55","10:55","Birds","Geotrygon_montana","","SP04-ARL_221107_PR34_0143-r0114","PREX",NA,0.49350932,-79.13794296,615,"pasture regeneration","pasture regeneration late",1985,38,"camera_trap","pasture","Wing.Length",136.52972972973
"3276","PR34","SP04-ARL_221104_PR34_0141","14:28","14:28","Birds","Geotrygon_montana","","SP04-ARL_221104_PR34_0141-r0115","PREX",NA,0.49350932,-79.13794296,615,"pasture regeneration","pasture regeneration late",1985,38,"camera_trap","pasture","Age",NA
"3277","PR34","SP04-ARL_221104_PR34_0141","14:28","14:28","Birds","Geotrygon_montana","","SP04-ARL_221104_PR34_0141-r0115","PREX",NA,0.49350932,-79.13794296,615,"pasture regeneration","pasture regeneration late",1985,38,"camera_trap","pasture","Beak.Depth",4.44848484848485
"3278","PR34","SP04-ARL_221104_PR34_0141","14:28","14:28","Birds","Geotrygon_montana","","SP04-ARL_221104_PR34_0141-r0115","PREX",NA,0.49350932,-79.13794296,615,"pasture regeneration","pasture regeneration late",1985,38,"camera_trap","pasture","Beak.Length_Culmen",19.536
"3279","PR34","SP04-ARL_221104_PR34_0141","14:28","14:28","Birds","Geotrygon_montana","","SP04-ARL_221104_PR34_0141-r0115","PREX",NA,0.49350932,-79.13794296,615,"pasture regeneration","pasture regeneration late",1985,38,"camera_trap","pasture","Beak.Length_Nares",8.95384615384615
"3280","PR34","SP04-ARL_221104_PR34_0141","14:28","14:28","Birds","Geotrygon_montana","","SP04-ARL_221104_PR34_0141-r0115","PREX",NA,0.49350932,-79.13794296,615,"pasture regeneration","pasture regeneration late",1985,38,"camera_trap","pasture","Beak.Width",3.47586206896552
"3281","PR34","SP04-ARL_221104_PR34_0141","14:28","14:28","Birds","Geotrygon_montana","","SP04-ARL_221104_PR34_0141-r0115","PREX",NA,0.49350932,-79.13794296,615,"pasture regeneration","pasture regeneration late",1985,38,"camera_trap","pasture","BodyMass",133.9
"3282","PR34","SP04-ARL_221104_PR34_0141","14:28","14:28","Birds","Geotrygon_montana","","SP04-ARL_221104_PR34_0141-r0115","PREX",NA,0.49350932,-79.13794296,615,"pasture regeneration","pasture regeneration late",1985,38,"camera_trap","pasture","Hand.wing.Index",27.1
"3283","PR34","SP04-ARL_221104_PR34_0141","14:28","14:28","Birds","Geotrygon_montana","","SP04-ARL_221104_PR34_0141-r0115","PREX",NA,0.49350932,-79.13794296,615,"pasture regeneration","pasture regeneration late",1985,38,"camera_trap","pasture","Kipps.Distance",36.7478260869565
"3284","PR34","SP04-ARL_221104_PR34_0141","14:28","14:28","Birds","Geotrygon_montana","","SP04-ARL_221104_PR34_0141-r0115","PREX",NA,0.49350932,-79.13794296,615,"pasture regeneration","pasture regeneration late",1985,38,"camera_trap","pasture","Secondary1",99.195652173913
"3285","PR34","SP04-ARL_221104_PR34_0141","14:28","14:28","Birds","Geotrygon_montana","","SP04-ARL_221104_PR34_0141-r0115","PREX",NA,0.49350932,-79.13794296,615,"pasture regeneration","pasture regeneration late",1985,38,"camera_trap","pasture","Sex",NA
"3286","PR34","SP04-ARL_221104_PR34_0141","14:28","14:28","Birds","Geotrygon_montana","","SP04-ARL_221104_PR34_0141-r0115","PREX",NA,0.49350932,-79.13794296,615,"pasture regeneration","pasture regeneration late",1985,38,"camera_trap","pasture","Tail.Length",76.278125
"3287","PR34","SP04-ARL_221104_PR34_0141","14:28","14:28","Birds","Geotrygon_montana","","SP04-ARL_221104_PR34_0141-r0115","PREX",NA,0.49350932,-79.13794296,615,"pasture regeneration","pasture regeneration late",1985,38,"camera_trap","pasture","Tarsus.Length",26.9405405405405
"3288","PR34","SP04-ARL_221104_PR34_0141","14:28","14:28","Birds","Geotrygon_montana","","SP04-ARL_221104_PR34_0141-r0115","PREX",NA,0.49350932,-79.13794296,615,"pasture regeneration","pasture regeneration late",1985,38,"camera_trap","pasture","Wing.Length",136.52972972973
