project,collector,date,Plot_ID,Legacy_7G,observation_ID,Bat_ID,Bat_sp,Bat_acronym,Dispertion_ID,Seed_Morpho,Family,Seed_sp
SP04,SE,25/03/2022,PR23,PR_early,1,b0002,Carollia_perspicillata,Car_per,d0001,M_01,Salicaceae,Banara_guianensis
SP04,SE,25/03/2022,PR23,PR_early,1,b0003,Carollia_castanea,Car_cas,d0002,M_03,Piperaceae,Piper_ottoniifolium
SP04,SE,25/03/2022,PR23,PR_early,1,b0004,Carollia_castanea,Car_cas,d0003,M_04,Piperaceae,Piper_multiplinervium
SP04,SE,25/03/2022,PR23,PR_early,1,b0006,Carollia_castanea,Car_cas,d0004,M_05,Piperaceae,Piper_sp1
SP04,SE,25/03/2022,PR23,PR_early,1,b0006,Carollia_castanea,Car_cas,d0005,M_06,Solanaceae,Solanum_erianthum
SP04,SE,25/03/2022,PR23,PR_early,1,b0007,Lichonycteris_obscura,Lic_obs,d0006,M_07,Melastomataceae,Conostegia_cuatrecasasii
SP04,SE,25/03/2022,PR23,PR_early,1,b0010,Dermanura_rosenbergi,Der_ros,d0007,M_01,Salicaceae,Banara_guianensis
SP04,SE,25/03/2022,PR23,PR_early,1,b0011,Carollia_brevicaudum,Car_bre,d0008,M_08,Piperaceae,Piper_longifolium
SP04,SE,25/03/2022,PR23,PR_early,1,b0013,Dermanura_rosenbergi,Der_ros,d0009,M_07,Melastomataceae,Conostegia_cuatrecasasii
SP04,SE,25/03/2022,PR23,PR_early,1,b0014,Carollia_brevicaudum,Car_bre,d0010,M_09,Hypericaceae,Vismia_baccifera
SP04,SE,25/03/2022,PR23,PR_early,1,b0016,Dermanura_rosenbergi,Der_ros,d0011,M_10,Undetermined,Morpho_1
SP04,SE,25/03/2022,PR23,PR_early,1,b0017,Dermanura_ravus,Der_rav,d0012,M_06,Solanaceae,Solanum_erianthum
SP04,SE,26/03/2022,PR23,PR_early,2,b0020,Dermanura_ravus,Der_rav,d0013,M_11,Moraceae,Ficus_paraensis
SP04,SE,26/03/2022,PR23,PR_early,2,b0023,Carollia_castanea,Car_cas,d0014,M_03,Piperaceae,Piper_ottoniifolium
SP04,SE,26/03/2022,PR23,PR_early,2,b0024,Dermanura_rosenbergi,Der_ros,d0015,M_06,Solanaceae,Solanum_erianthum
SP04,SE,26/03/2022,PR23,PR_early,2,b0025,Carollia_castanea,Car_cas,d0016,M_05,Piperaceae,Piper_sp1
SP04,SE,26/03/2022,PR23,PR_early,2,b0025,Carollia_castanea,Car_cas,d0017,M_12,Piperaceae,Piper_longifolium
SP04,SE,26/03/2022,PR23,PR_early,2,b0028,Carollia_castanea,Car_cas,d0018,M_05,Piperaceae,Piper_sp1
SP04,SE,26/03/2022,PR23,PR_early,2,b0033,Carollia_perspicillata,Car_per,d0019,M_13,Solanaceae,Solanum_sp2
SP04,SE,26/03/2022,PR23,PR_early,2,b0035,Carollia_perspicillata,Car_per,d0020,M_14,Araceae,Philodendron_sp1
SP04,SE,26/03/2022,PR23,PR_early,2,b0036,Dermanura_rosenbergi,Der_ros,d0021,M_07,Melastomataceae,Conostegia_cuatrecasasii
SP04,SE,26/03/2022,PR23,PR_early,2,b0038,Dermanura_rosenbergi,Der_ros,d0022,M_15,Salicaceae,Morpho_18
SP04,SE,26/03/2022,PR23,PR_early,2,b0040,Carollia_perspicillata,Car_per,d0023,M_13,Solanaceae,Solanum_sp2
SP04,SE,26/03/2022,PR23,PR_early,2,b0042,Carollia_castanea,Car_cas,d0024,M_14,Araceae,Philodendron_sp1
SP04,SE,27/03/2022,PR23,PR_early,3,b0043,Carollia_castanea,Car_cas,d0025,M_16,Piperaceae,Piper_sp1
SP04,SE,27/03/2022,PR23,PR_early,3,b0044,Carollia_castanea,Car_cas,d0026,M_16,Piperaceae,Piper_sp1
SP04,SE,27/03/2022,PR23,PR_early,3,b0045,Rhinophylla_alethina,Rhi_ale,d0027,M_01,Salicaceae,Banara_guianensis
SP04,SE,27/03/2022,PR23,PR_early,3,b0045,Rhinophylla_alethina,Rhi_ale,d0028,M_06,Solanaceae,Solanum_erianthum
SP04,SE,31/03/2022,CR03,CR_early,4,b0061,Carollia_perspicillata,Car_per,d0029,M_01,Salicaceae,Banara_guianensis
SP04,SE,31/03/2022,CR03,CR_early,4,b0061,Carollia_perspicillata,Car_per,d0030,M_13,Solanaceae,Solanum_sp2
SP04,SE,31/03/2022,CR03,CR_early,4,b0062,Carollia_perspicillata,Car_per,d0031,M_13,Solanaceae,Solanum_sp2
SP04,SE,31/03/2022,CR03,CR_early,4,b0062,Carollia_perspicillata,Car_per,d0032,M_19,Salicaceae,Morpho_17
SP04,SE,31/03/2022,CR03,CR_early,4,b0063,Carollia_perspicillata,Car_per,d0033,M_20,Piperaceae,Piper_sp1
SP04,SE,31/03/2022,CR03,CR_early,4,b0064,Carollia_perspicillata,Car_per,d0034,M_03,Piperaceae,Piper_ottoniifolium
SP04,SE,31/03/2022,CR03,CR_early,4,b0064,Carollia_perspicillata,Car_per,d0035,M_21,Piperaceae,Piper_peltatum
SP04,SE,31/03/2022,CR03,CR_early,4,b0065,Carollia_castanea,Car_cas,d0036,M_03,Piperaceae,Piper_ottoniifolium
SP04,SE,31/03/2022,CR03,CR_early,4,b0065,Carollia_castanea,Car_cas,d0037,M_07,Melastomataceae,Conostegia_cuatrecasasii
SP04,SE,31/03/2022,CR03,CR_early,4,b0065,Carollia_castanea,Car_cas,d0038,M_21,Piperaceae,Piper_peltatum
SP04,SE,31/03/2022,CR03,CR_early,4,b0067,Carollia_perspicillata,Car_per,d0039,M_13,Solanaceae,Solanum_sp2
SP04,SE,31/03/2022,CR03,CR_early,4,b0067,Carollia_perspicillata,Car_per,d0040,M_19,Salicaceae,Morpho_17
SP04,SE,31/03/2022,CR03,CR_early,4,b0070,Carollia_perspicillata,Car_per,d0041,M_19,Salicaceae,Morpho_17
SP04,SE,31/03/2022,CR03,CR_early,4,b0074,Sturnia_luisi,Stu_lui,d0042,M_13,Solanaceae,Solanum_sp2
SP04,SE,31/03/2022,CR03,CR_early,4,b0075,Carollia_perspicillata,Car_per,d0043,M_13,Solanaceae,Solanum_sp2
SP04,SE,31/03/2022,CR03,CR_early,4,b0078,Carollia_perspicillata,Car_per,d0044,M_13,Solanaceae,Solanum_sp2
SP04,SE,31/03/2022,CR03,CR_early,4,b0080,Carollia_perspicillata,Car_per,d0045,M_19,Salicaceae,Morpho_17
SP04,SE,01/04/2022,CR03,CR_early,5,b0107,Phylloderma_stenops,Phd_ste,d0046,M_23,Cucurbitaceae,Gurania_sp
SP04,SE,02/04/2022,CR03,CR_early,6,b0113,Carollia_brevicaudum,Car_bre,d0047,M_16,Piperaceae,Piper_sp1
SP04,SE,02/04/2022,CR03,CR_early,6,b0113,Carollia_brevicaudum,Car_bre,d0048,M_24,Undetermined,Morpho_2
SP04,SE,02/04/2022,CR03,CR_early,6,b0113,Carollia_brevicaudum,Car_bre,d0049,M_25,Undetermined,Morpho_2
SP04,SE,03/04/2022,PR24,PR_late,7,b0115,Dermanura_rosenbergi,Der_ros,d0050,M_07,Melastomataceae,Conostegia_cuatrecasasii
SP04,SE,03/04/2022,PR24,PR_late,7,b0115,Dermanura_rosenbergi,Der_ros,d0051,M_26,Melastomataceae,Bellucia_sp
SP04,SE,03/04/2022,PR24,PR_late,7,b0124,Carollia_perspicillata,Car_per,d0052,M_16,Piperaceae,Piper_sp1
SP04,SE,03/04/2022,PR24,PR_late,7,b0127,Carollia_castanea,Car_cas,d0053,M_16,Piperaceae,Piper_sp1
SP04,SE,03/04/2022,PR24,PR_late,7,b0128,Carollia_perspicillata,Car_per,d0054,M_13,Solanaceae,Solanum_sp2
SP04,SE,03/04/2022,PR24,PR_late,7,b0134,Carollia_perspicillata,Car_per,d0055,M_16,Piperaceae,Piper_sp1
SP04,SE,03/04/2022,PR24,PR_late,7,b0139,Dermanura_rosenbergi,Der_ros,d0056,M_01,Salicaceae,Banara_guianensis
SP04,SE,03/04/2022,PR24,PR_late,7,b0146,Dermanura_rosenbergi,Der_ros,d0057,M_01,Salicaceae,Banara_guianensis
SP04,SE,03/04/2022,PR24,PR_late,7,b0150,Dermanura_rosenbergi,Der_ros,d0058,M_01,Salicaceae,Banara_guianensis
SP04,SE,03/04/2022,PR24,PR_late,7,b0154,Carollia_perspicillata,Car_per,d0059,M_01,Salicaceae,Banara_guianensis
SP04,SE,03/04/2022,PR24,PR_late,7,b0157,Vampyriscus_nymphaea,Vri_nym,d0060,M_33,Urticaceae,Cecropia_membranacea
SP04,SE,03/04/2022,PR24,PR_late,7,b0159,Carollia_brevicaudum,Car_bre,d0061,M_13,Solanaceae,Solanum_sp2
SP04,SE,03/04/2022,PR24,PR_late,7,b0163,Carollia_perspicillata,Car_per,d0062,M_13,Solanaceae,Solanum_sp2
SP04,SE,03/04/2022,PR24,PR_late,7,b0177,Carollia_perspicillata,Car_per,d0063,M_19,Salicaceae,Morpho_17
SP04,SE,03/04/2022,PR24,PR_late,7,b0178,Carollia_castanea,Car_cas,d0064,M_28,Piperaceae,Piper_sp2
SP04,SE,05/04/2022,PR24,PR_late,8,b0184,Carollia_castanea,Car_cas,d0065,M_03,Piperaceae,Piper_ottoniifolium
SP04,SE,05/04/2022,PR24,PR_late,8,b0184,Carollia_castanea,Car_cas,d0066,M_16,Piperaceae,Piper_sp1
SP04,SE,05/04/2022,PR24,PR_late,8,b0185,Carollia_castanea,Car_cas,d0067,M_16,Piperaceae,Piper_sp1
SP04,SE,05/04/2022,PR24,PR_late,8,b0187,Dermanura_rosenbergi,Der_ros,d0068,M_01,Salicaceae,Banara_guianensis
SP04,SE,06/04/2022,PR24,PR_late,9,b0189,Carollia_castanea,Car_cas,d0069,M_01,Salicaceae,Banara_guianensis
SP04,SE,06/04/2022,PR24,PR_late,9,b0189,Carollia_castanea,Car_cas,d0070,M_04,Piperaceae,Piper_multiplinervium
SP04,SE,06/04/2022,PR24,PR_late,9,b0192,Carollia_castanea,Car_cas,d0071,M_04,Piperaceae,Piper_multiplinervium
SP04,SE,06/04/2022,PR24,PR_late,9,b0199,Dermanura_rosenbergi,Der_ros,d0072,M_01,Salicaceae,Banara_guianensis
SP04,SE,09/04/2022,CR11,CR_late,10,b0201,Carollia_brevicaudum,Car_bre,d0073,M_16,Piperaceae,Piper_sp1
SP04,SE,09/04/2022,CR11,CR_late,10,b0201,Carollia_brevicaudum,Car_bre,d0074,M_29,Solanaceae,Solanum_jamaicense
SP04,SE,09/04/2022,CR11,CR_late,10,b0208,Carollia_castanea,Car_cas,d0075,M_03,Piperaceae,Piper_ottoniifolium
SP04,SE,10/04/2022,CR11,CR_late,11,b0209,Dermanura_ravus,Der_rav,d0076,M_16,Piperaceae,Piper_sp1
SP04,SE,10/04/2022,CR11,CR_late,11,b0209,Dermanura_ravus,Der_rav,d0077,M_28,Piperaceae,Piper_sp2
SP04,SE,10/04/2022,CR11,CR_late,11,b0210,Carollia_perspicillata,Car_per,d0078,M_16,Piperaceae,Piper_sp1
SP04,SE,10/04/2022,CR11,CR_late,11,b0210,Carollia_perspicillata,Car_per,d0079,M_28,Piperaceae,Piper_sp2
SP04,SE,11/04/2022,CR11,CR_late,12,b0211,Carollia_perspicillata,Car_per,d0080,M_28,Piperaceae,Piper_sp2
SP04,SE,11/04/2022,CR11,CR_late,12,b0212,Carollia_castanea,Car_cas,d0081,M_16,Piperaceae,Piper_sp1
SP04,SE,11/04/2022,CR11,CR_late,12,b0212,Carollia_castanea,Car_cas,d0082,M_28,Piperaceae,Piper_sp2
SP04,SE,11/04/2022,CR11,CR_late,12,b0216,Vampyressa_thyone,Vre_thy,d0083,M_37,Moraceae,Ficus_paraensis
SP04,SE,11/04/2022,CR11,CR_late,12,b0221,Vampyressa_thyone,Vre_thy,d0084,M_37,Moraceae,Ficus_paraensis
SP04,SE,11/04/2022,CR11,CR_late,12,b0223,Rhinophylla_alethina,Rhi_ale,d0085,M_41,Undetermined,Morpho_19
SP04,SE,12/04/2022,OG45,Old_growth,13,b0227,Carollia_perspicillata,Car_per,d0086,M_16,Piperaceae,Piper_sp1
SP04,SE,12/04/2022,OG45,Old_growth,13,b0227,Carollia_perspicillata,Car_per,d0087,M_19,Salicaceae,Morpho_17
SP04,SE,12/04/2022,OG45,Old_growth,13,b0232,Carollia_perspicillata,Car_per,d0088,M_13,Solanaceae,Solanum_sp2
SP04,SE,12/04/2022,OG45,Old_growth,13,b0234,Carollia_perspicillata,Car_per,d0089,M_16,Piperaceae,Piper_sp1
SP04,SE,12/04/2022,OG45,Old_growth,13,b0234,Carollia_perspicillata,Car_per,d0090,M_19,Salicaceae,Morpho_17
SP04,SE,17/04/2022,CA62,Cacao,16,b0239,Dermanura_ravus,Der_rav,d0091,M_16,Piperaceae,Piper_sp1
SP04,SE,17/04/2022,CA62,Cacao,16,b0241,Carollia_perspicillata,Car_per,d0092,M_13,Solanaceae,Solanum_sp2
SP04,SE,17/04/2022,CA62,Cacao,16,b0246,Carollia_perspicillata,Car_per,d0093,M_04,Piperaceae,Piper_multiplinervium
SP04,SE,17/04/2022,CA62,Cacao,16,b0248,Carollia_perspicillata,Car_per,d0094,M_13,Solanaceae,Solanum_sp2
SP04,SE,17/04/2022,CA62,Cacao,16,b0248,Carollia_perspicillata,Car_per,d0095,M_16,Piperaceae,Piper_sp1
SP04,SE,17/04/2022,CA62,Cacao,16,b0253,Uroderma_convexum,Uro_con,d0096,M_13,Solanaceae,Solanum_sp2
SP04,SE,19/04/2022,CA62,Cacao,18,b0257,Sturnia_luisi,Stu_lui,d0097,M_13,Solanaceae,Solanum_sp2
SP04,SE,19/04/2022,CA62,Cacao,18,b0258,Uroderma_convexum,Uro_con,d0098,M_13,Solanaceae,Solanum_sp2
SP04,SE,19/04/2022,CA62,Cacao,18,b0260,Carollia_perspicillata,Car_per,d0099,M_19,Salicaceae,Morpho_17
SP04,SE,19/04/2022,CA62,Cacao,18,b0263,Carollia_castanea,Car_cas,d0100,M_05,Piperaceae,Piper_sp1
SP04,SE,19/04/2022,CA62,Cacao,18,b0264,Carollia_perspicillata,Car_per,d0101,M_13,Solanaceae,Solanum_sp2
SP04,SE,19/04/2022,CA62,Cacao,18,b0273,Platyrrhinus_helleri,Pla_hel,d0102,M_33,Urticaceae,Cecropia_membranacea
SP04,SE,19/04/2022,CA62,Cacao,18,b0274,Sturnia_luisi,Stu_lui,d0103,M_13,Solanaceae,Solanum_sp2
SP04,SE,19/04/2022,CA62,Cacao,18,b0278,Carollia_perspicillata,Car_per,d0104,M_13,Solanaceae,Solanum_sp2
SP04,SE,19/04/2022,CA62,Cacao,18,b0278,Carollia_perspicillata,Car_per,d0105,M_19,Salicaceae,Morpho_17
SP04,SE,19/04/2022,CA62,Cacao,18,b0281,Carollia_perspicillata,Car_per,d0106,M_13,Solanaceae,Solanum_sp2
SP04,SE,19/04/2022,CA62,Cacao,18,b0283,Uroderma_convexum,Uro_con,d0107,M_13,Solanaceae,Solanum_sp2
SP04,SE,19/04/2022,CA62,Cacao,18,b0286,Carollia_castanea,Car_cas,d0108,M_16,Piperaceae,Piper_sp1
SP04,SE,19/04/2022,CA62,Cacao,18,b0293,Uroderma_convexum,Uro_con,d0109,M_13,Solanaceae,Solanum_sp2
SP04,SE,19/04/2022,CA62,Cacao,18,b0294,Uroderma_convexum,Uro_con,d0110,M_13,Solanaceae,Solanum_sp2
SP04,SE,19/04/2022,CA62,Cacao,18,b0296,Uroderma_convexum,Uro_con,d0111,M_13,Solanaceae,Solanum_sp2
SP04,SE,19/04/2022,CA62,Cacao,18,b0297,Uroderma_convexum,Uro_con,d0112,M_13,Solanaceae,Solanum_sp2
SP04,SE,19/04/2022,CA62,Cacao,18,b0302,Uroderma_convexum,Uro_con,d0113,M_13,Solanaceae,Solanum_sp2
SP04,SE,19/04/2022,CA62,Cacao,18,b0304,Enchisthenes_hartii,Enc_har,d0114,M_13,Solanaceae,Solanum_sp2
SP04,SE,19/04/2022,CA62,Cacao,18,b0304,Enchisthenes_hartii,Enc_har,d0115,M_16,Piperaceae,Piper_sp1
SP04,SE,24/04/2022,OG38,Old_growth,19,b0315,Carollia_perspicillata,Car_per,d0116,M_16,Piperaceae,Piper_sp1
SP04,SE,24/04/2022,OG38,Old_growth,19,b0317,Rhinophylla_alethina,Rhi_ale,d0117,M_36,Undetermined,Morpho_10
SP04,SE,24/04/2022,OG38,Old_growth,19,b0317,Rhinophylla_alethina,Rhi_ale,d0118,M_42,Undetermined,Morpho_11
SP04,SE,24/04/2022,OG38,Old_growth,19,b0319,Carollia_brevicaudum,Car_bre,d0119,M_13,Solanaceae,Solanum_sp2
SP04,SE,24/04/2022,OG38,Old_growth,19,b0320,Carollia_brevicaudum,Car_bre,d0120,M_13,Solanaceae,Solanum_sp2
SP04,SE,24/04/2022,OG38,Old_growth,19,b0321,Carollia_brevicaudum,Car_bre,d0121,M_13,Solanaceae,Solanum_sp2
SP04,SE,24/04/2022,OG38,Old_growth,19,b0322,Rhinophylla_alethina,Rhi_ale,d0122,M_36,Undetermined,Morpho_10
SP04,SE,24/04/2022,OG38,Old_growth,19,b0324,Carollia_castanea,Car_cas,d0123,M_28,Piperaceae,Piper_sp2
SP04,SE,24/04/2022,OG38,Old_growth,19,b0324,Carollia_castanea,Car_cas,d0124,M_38,Piperaceae,Piper_sp4
SP04,SE,25/04/2022,OG38,Old_growth,20,b0325,Artibeus_lituratus,Art_lit,d0125,M_33,Urticaceae,Cecropia_membranacea
SP04,SE,03/05/2022,CR04,CR_late,22,b0327,Carollia_castanea,Car_cas,d0126,M_05,Piperaceae,Piper_sp1
SP04,SE,03/05/2022,CR04,CR_late,22,b0328,Carollia_brevicaudum,Car_bre,d0127,M_36,Undetermined,Morpho_10
SP04,SE,04/05/2022,CR04,CR_late,23,b0333,Carollia_castanea,Car_cas,d0128,M_28,Piperaceae,Piper_sp2
SP04,SE,05/05/2022,CR04,CR_late,24,b0336,Carollia_perspicillata,Car_per,d0129,M_13,Solanaceae,Solanum_sp2
SP04,SE,05/05/2022,CR04,CR_late,24,b0337,Carollia_castanea,Car_cas,d0130,M_28,Piperaceae,Piper_sp2
SP04,SE,05/05/2022,CR04,CR_late,24,b0337,Carollia_castanea,Car_cas,d0131,M_39,Piperaceae,Piper_ottoniifolium
SP04,SE,05/05/2022,CR04,CR_late,24,b0338,Carollia_brevicaudum,Car_bre,d0132,M_28,Piperaceae,Piper_sp2
SP04,SE,05/05/2022,CR04,CR_late,24,b0341,Carollia_perspicillata,Car_per,d0133,M_09,Hypericaceae,Vismia_baccifera
SP04,SE,05/05/2022,CR04,CR_late,24,b0343,Carollia_perspicillata,Car_per,d0134,M_19,Salicaceae,Morpho_17
SP04,SE,06/05/2022,PR21,PR_late,25,b0346,Carollia_castanea,Car_cas,d0135,M_39,Piperaceae,Piper_ottoniifolium
SP04,SE,06/05/2022,PR21,PR_late,25,b0349,Carollia_brevicaudum,Car_bre,d0136,M_39,Piperaceae,Piper_ottoniifolium
SP04,SE,06/05/2022,PR21,PR_late,25,b0350,Carollia_castanea,Car_cas,d0137,M_39,Piperaceae,Piper_ottoniifolium
SP04,SE,06/05/2022,PR21,PR_late,25,b0351,Dermanura_rosenbergi,Der_ros,d0138,M_39,Piperaceae,Piper_ottoniifolium
SP04,SE,06/05/2022,PR21,PR_late,25,b0353,Dermanura_rosenbergi,Der_ros,d0139,M_39,Piperaceae,Piper_ottoniifolium
SP04,SE,06/05/2022,PR21,PR_late,25,b0354,Carollia_perspicillata,Car_per,d0140,M_39,Piperaceae,Piper_ottoniifolium
SP04,SE,06/05/2022,PR21,PR_late,25,b0363,Carollia_brevicaudum,Car_bre,d0141,M_19,Salicaceae,Morpho_17
SP04,SE,06/05/2022,PR21,PR_late,25,b0364,Carollia_brevicaudum,Car_bre,d0142,M_09,Hypericaceae,Vismia_baccifera
SP04,SE,06/05/2022,PR21,PR_late,25,b0366,Carollia_brevicaudum,Car_bre,d0143,M_14,Araceae,Philodendron_sp1
SP04,SE,06/05/2022,PR21,PR_late,25,b0369,Carollia_castanea,Car_cas,d0144,M_39,Piperaceae,Piper_ottoniifolium
SP04,SE,07/05/2022,PR21,PR_late,26,b0374,Carollia_castanea,Car_cas,d0145,M_39,Piperaceae,Piper_ottoniifolium
SP04,SE,07/05/2022,PR21,PR_late,26,b0376,Carollia_perspicillata,Car_per,d0146,M_39,Piperaceae,Piper_ottoniifolium
SP04,SE,11/05/2022,CR06,CR_late,28,b0386,Dermanura_rosenbergi,Der_ros,d0147,M_03,Piperaceae,Piper_ottoniifolium
SP04,SE,11/05/2022,CR06,CR_late,28,b0389,Carollia_castanea,Car_cas,d0148,M_04,Piperaceae,Piper_multiplinervium
SP04,SE,11/05/2022,CR06,CR_late,28,b0390,Vampyressa_thyone,Vre_thy,d0149,M_27,Undetermined,Morpho_3
SP04,SE,11/05/2022,CR06,CR_late,28,b0398,Carollia_perspicillata,Car_per,d0150,M_09,Hypericaceae,Vismia_baccifera
SP04,SE,11/05/2022,CR06,CR_late,28,b0398,Carollia_perspicillata,Car_per,d0151,M_13,Solanaceae,Solanum_sp2
SP04,SE,11/05/2022,CR06,CR_late,28,b0399,Carollia_castanea,Car_cas,d0152,M_16,Piperaceae,Piper_sp1
SP04,SE,11/05/2022,CR06,CR_late,28,b0399,Carollia_castanea,Car_cas,d0153,M_29,Solanaceae,Solanum_jamaicense
SP04,SE,11/05/2022,CR06,CR_late,28,b0402,Artibeus_lituratus,Art_lit,d0154,M_15,Salicaceae,Morpho_18
SP04,SE,11/05/2022,CR06,CR_late,28,b0404,Enchisthenes_hartii,Enc_har,d0155,M_15,Salicaceae,Morpho_18
SP04,SE,11/05/2022,CR06,CR_late,28,b0406,Carollia_perspicillata,Car_per,d0156,M_15,Salicaceae,Morpho_18
SP04,SE,11/05/2022,CR06,CR_late,28,b0410,Enchisthenes_hartii,Enc_har,d0157,M_15,Salicaceae,Morpho_18
SP04,SE,11/05/2022,CR06,CR_late,28,b0413,Vampyressa_thyone,Vre_thy,d0158,M_27,Undetermined,Morpho_3
SP04,SE,11/05/2022,CR06,CR_late,28,b0414,Carollia_castanea,Car_cas,d0159,M_05,Piperaceae,Piper_sp1
SP04,SE,11/05/2022,CR06,CR_late,28,b0423,Carollia_perspicillata,Car_per,d0160,M_13,Solanaceae,Solanum_sp2
SP04,SE,11/05/2022,CR06,CR_late,28,b0426,Carollia_perspicillata,Car_per,d0161,M_19,Salicaceae,Morpho_17
SP04,SE,12/05/2022,CR06,CR_late,29,b0433,Rhinophylla_alethina,Rhi_ale,d0162,M_04,Piperaceae,Piper_multiplinervium
SP04,SE,12/05/2022,CR06,CR_late,29,b0441,Carollia_perspicillata,Car_per,d0163,M_13,Solanaceae,Solanum_sp2
SP04,SE,17/05/2022,CA64,Cacao,31,b0461,Carollia_castanea,Car_cas,d0164,M_44,Piperaceae,Piper_peltatum
SP04,SE,17/05/2022,CA64,Cacao,31,b0462,Carollia_brevicaudum,Car_bre,d0165,M_45,Undetermined,Morpho_12
SP04,SE,17/05/2022,CA64,Cacao,31,b0463,Carollia_perspicillata,Car_per,d0166,M_05,Piperaceae,Piper_sp1
SP04,SE,17/05/2022,CA64,Cacao,31,b0463,Carollia_perspicillata,Car_per,d0167,M_44,Piperaceae,Piper_peltatum
SP04,SE,17/05/2022,CA64,Cacao,31,b0463,Carollia_perspicillata,Car_per,d0168,M_46,Solanaceae,Solanum_sp4
SP04,SE,17/05/2022,CA64,Cacao,31,b0464,Carollia_castanea,Car_cas,d0169,M_44,Piperaceae,Piper_peltatum
SP04,SE,17/05/2022,CA64,Cacao,31,b0465,Sturnia_luisi,Stu_lui,d0170,M_13,Solanaceae,Solanum_sp2
SP04,SE,17/05/2022,CA64,Cacao,31,b0467,Sturnia_luisi,Stu_lui,d0171,M_47,Urticaceae,Cecropia_membranacea
SP04,SE,17/05/2022,CA64,Cacao,31,b0468,Vampyressa_thyone,Vre_thy,d0172,M_37,Moraceae,Ficus_paraensis
SP04,SE,17/05/2022,CA64,Cacao,31,b0470,Sturnia_luisi,Stu_lui,d0173,M_13,Solanaceae,Solanum_sp2
SP04,SE,17/05/2022,CA64,Cacao,31,b0471,Sturnia_luisi,Stu_lui,d0174,M_13,Solanaceae,Solanum_sp2
SP04,SE,19/05/2022,CA64,Cacao,33,b0474,Carollia_brevicaudum,Car_bre,d0175,M_48,Schlegeliaceae,Exarata_chocoensis
SP04,SE,19/05/2022,CA64,Cacao,33,b0475,Carollia_perspicillata,Car_per,d0176,M_15,Salicaceae,Morpho_18
SP04,SE,19/05/2022,CA64,Cacao,33,b0476,Carollia_perspicillata,Car_per,d0177,M_46,Solanaceae,Solanum_sp4
SP04,SE,19/05/2022,CA64,Cacao,33,b0478,Carollia_perspicillata,Car_per,d0178,M_13,Solanaceae,Solanum_sp2
SP04,SE,19/05/2022,CA64,Cacao,33,b0478,Carollia_perspicillata,Car_per,d0179,M_46,Solanaceae,Solanum_sp4
SP04,SE,19/05/2022,CA64,Cacao,33,b0481,Carollia_brevicaudum,Car_bre,d0180,M_33,Urticaceae,Cecropia_membranacea
SP04,SE,19/05/2022,CA64,Cacao,33,b0481,Carollia_brevicaudum,Car_bre,d0181,M_44,Piperaceae,Piper_peltatum
SP04,SE,19/05/2022,CA64,Cacao,33,b0483,Carollia_perspicillata,Car_per,d0182,M_13,Solanaceae,Solanum_sp2
SP04,SE,19/05/2022,CA64,Cacao,33,b0483,Carollia_perspicillata,Car_per,d0183,M_46,Solanaceae,Solanum_sp4
SP04,SE,22/05/2022,OG48,Old_growth,34,b0486,Vampyressa_thyone,Vre_thy,d0184,M_27,Undetermined,Morpho_3
SP04,SE,23/05/2022,OG48,Old_growth,34,b0495,Carollia_castanea,Car_cas,d0185,M_28,Piperaceae,Piper_sp2
SP04,SE,23/05/2022,OG48,Old_growth,34,b0504,Carollia_castanea,Car_cas,d0186,M_39,Piperaceae,Piper_ottoniifolium
SP04,SE,23/05/2022,OG48,Old_growth,34,b0506,Carollia_brevicaudum,Car_bre,d0187,M_19,Salicaceae,Morpho_17
SP04,SE,24/05/2022,OG48,Old_growth,36,b0516,Dermanura_rosenbergi,Der_ros,d0188,M_27,Undetermined,Morpho_3
SP04,SE,24/05/2022,OG48,Old_growth,36,b0518,Carollia_perspicillata,Car_per,d0189,M_09,Hypericaceae,Vismia_baccifera
SP04,SE,24/05/2022,OG48,Old_growth,36,b0523,Carollia_perspicillata,Car_per,d0190,M_39,Piperaceae,Piper_ottoniifolium
SP04,SE,24/05/2022,OG48,Old_growth,36,b0523,Carollia_perspicillata,Car_per,d0191,M_47,Urticaceae,Cecropia_membranacea
SP04,SE,25/05/2022,OG50,Old_growth,37,b0527,Vampyressa_thyone,Vre_thy,d0192,M_37,Moraceae,Ficus_paraensis
SP04,SE,25/05/2022,OG50,Old_growth,37,b0529,Carollia_perspicillata,Car_per,d0193,M_49,Araceae,Philodendron_sp1
SP04,SE,25/05/2022,OG50,Old_growth,37,b0531,Dermanura_rosenbergi,Der_ros,d0194,M_37,Moraceae,Ficus_paraensis
SP04,SE,26/05/2022,OG50,Old_growth,38,b0532,Carollia_brevicaudum,Car_bre,d0195,M_13,Solanaceae,Solanum_sp2
SP04,SE,26/05/2022,OG50,Old_growth,38,b0533,Carollia_perspicillata,Car_per,d0196,M_19,Salicaceae,Morpho_17
SP04,SE,26/05/2022,OG50,Old_growth,38,b0535,Carollia_brevicaudum,Car_bre,d0197,M_19,Salicaceae,Morpho_17
SP04,SE,26/05/2022,OG50,Old_growth,38,b0536,Rhinophylla_alethina,Rhi_ale,d0198,M_49,Araceae,Philodendron_sp1
SP04,SE,26/05/2022,OG50,Old_growth,38,b0538,Platyrrhinus_dorsalis,Pla_dor,d0199,M_33,Urticaceae,Cecropia_membranacea
SP04,SE,27/05/2022,OG50,Old_growth,39,b0540,Carollia_castanea,Car_cas,d0200,M_39,Piperaceae,Piper_ottoniifolium
SP04,SE,27/05/2022,OG50,Old_growth,39,b0540,Carollia_castanea,Car_cas,d0201,M_50,Araceae,Philodendron_sp1
SP04,SE,22/08/2022,PA57,Pasture,40,b0542,Carollia_perspicillata,Car_per,d0202,M_05,Piperaceae,Piper_sp1
SP04,SE,22/08/2022,PA57,Pasture,40,b0542,Carollia_perspicillata,Car_per,d0203,M_13,Solanaceae,Solanum_sp2
SP04,SE,22/08/2022,PA57,Pasture,40,b0543,Sturnia_luisi,Stu_lui,d0204,M_13,Solanaceae,Solanum_sp2
SP04,SE,22/08/2022,PA57,Pasture,40,b0545,Sturnia_luisi,Stu_lui,d0205,M_13,Solanaceae,Solanum_sp2
SP04,SE,22/08/2022,PA57,Pasture,40,b0548,Sturnia_luisi,Stu_lui,d0206,M_13,Solanaceae,Solanum_sp2
SP04,SE,22/08/2022,PA57,Pasture,40,b0550,Sturnia_luisi,Stu_lui,d0207,M_13,Solanaceae,Solanum_sp2
SP04,SE,22/08/2022,PA57,Pasture,40,b0554,Sturnia_luisi,Stu_lui,d0208,M_13,Solanaceae,Solanum_sp2
SP04,SE,22/08/2022,PA57,Pasture,40,b0556,Carollia_perspicillata,Car_per,d0209,M_13,Solanaceae,Solanum_sp2
SP04,SE,22/08/2022,PA57,Pasture,40,b0556,Carollia_perspicillata,Car_per,d0210,M_16,Piperaceae,Piper_sp1
SP04,SE,22/08/2022,PA57,Pasture,40,b0556,Carollia_perspicillata,Car_per,d0211,M_51,Piperaceae,Piper_longifolium
SP04,SE,22/08/2022,PA57,Pasture,40,b0557,Dermanura_ravus,Der_rav,d0212,M_01,Salicaceae,Banara_guianensis
SP04,SE,22/08/2022,PA57,Pasture,40,b0558,Sturnia_luisi,Stu_lui,d0213,M_13,Solanaceae,Solanum_sp2
SP04,SE,22/08/2022,PA57,Pasture,40,b0562,Sturnia_luisi,Stu_lui,d0214,M_13,Solanaceae,Solanum_sp2
SP04,SE,22/08/2022,PA57,Pasture,40,b0563,Uroderma_convexum,Uro_con,d0215,M_13,Solanaceae,Solanum_sp2
SP04,SE,22/08/2022,PA57,Pasture,40,b0565,Sturnia_luisi,Stu_lui,d0216,M_13,Solanaceae,Solanum_sp2
SP04,SE,22/08/2022,PA57,Pasture,40,b0566,Sturnia_luisi,Stu_lui,d0217,M_13,Solanaceae,Solanum_sp2
SP04,SE,22/08/2022,PA57,Pasture,40,b0573,Sturnia_luisi,Stu_lui,d0218,M_13,Solanaceae,Solanum_sp2
SP04,SE,22/08/2022,PA57,Pasture,40,b0573,Sturnia_luisi,Stu_lui,d0219,M_46,Solanaceae,Solanum_sp4
SP04,SE,23/08/2022,PA57,Pasture,41,b0588,Sturnia_luisi,Stu_lui,d0220,M_46,Solanaceae,Solanum_sp4
SP04,SE,23/08/2022,PA57,Pasture,41,b0589,Sturnia_luisi,Stu_lui,d0221,M_13,Solanaceae,Solanum_sp2
SP04,SE,23/08/2022,PA57,Pasture,41,b0592,Uroderma_convexum,Uro_con,d0222,M_13,Solanaceae,Solanum_sp2
SP04,SE,23/08/2022,PA57,Pasture,41,b0601,Uroderma_convexum,Uro_con,d0223,M_13,Solanaceae,Solanum_sp2
SP04,SE,23/08/2022,PA57,Pasture,41,b0602,Sturnia_luisi,Stu_lui,d0224,M_13,Solanaceae,Solanum_sp2
SP04,SE,23/08/2022,PA57,Pasture,41,b0612,Sturnia_luisi,Stu_lui,d0225,M_13,Solanaceae,Solanum_sp2
SP04,SE,23/08/2022,PA57,Pasture,41,b0614,Carollia_perspicillata,Car_per,d0226,M_19,Salicaceae,Morpho_17
SP04,SE,23/08/2022,PA57,Pasture,41,b0616,Uroderma_convexum,Uro_con,d0227,M_13,Solanaceae,Solanum_sp2
SP04,SE,23/08/2022,PA57,Pasture,41,b0619,Carollia_perspicillata,Car_per,d0228,M_09,Hypericaceae,Vismia_baccifera
SP04,SE,23/08/2022,PA57,Pasture,41,b0619,Carollia_perspicillata,Car_per,d0229,M_13,Solanaceae,Solanum_sp2
SP04,SE,23/08/2022,PA57,Pasture,41,b0623,Uroderma_convexum,Uro_con,d0230,M_13,Solanaceae,Solanum_sp2
SP04,SE,23/08/2022,PA57,Pasture,41,b0625,Uroderma_convexum,Uro_con,d0231,M_15,Salicaceae,Morpho_18
SP04,SE,24/08/2022,PA57,Pasture,42,b0636,Sturnia_luisi,Stu_lui,d0232,M_52,Urticaceae,Cecropia_membranacea
SP04,SE,24/08/2022,PA57,Pasture,42,b0637,Sturnia_luisi,Stu_lui,d0233,M_13,Solanaceae,Solanum_sp2
SP04,SE,24/08/2022,PA57,Pasture,42,b0640,Sturnia_luisi,Stu_lui,d0234,M_13,Solanaceae,Solanum_sp2
SP04,SE,24/08/2022,PA57,Pasture,42,b0642,Uroderma_convexum,Uro_con,d0235,M_13,Solanaceae,Solanum_sp2
SP04,SE,24/08/2022,PA57,Pasture,42,b0648,Uroderma_convexum,Uro_con,d0236,M_13,Solanaceae,Solanum_sp2
SP04,SE,24/08/2022,PA57,Pasture,42,b0649,Sturnia_luisi,Stu_lui,d0237,M_13,Solanaceae,Solanum_sp2
SP04,SE,24/08/2022,PA57,Pasture,42,b0654,Uroderma_convexum,Uro_con,d0238,M_13,Solanaceae,Solanum_sp2
SP04,SE,26/08/2022,OG39,Old_growth,43,b0672,Carollia_castanea,Car_cas,d0239,M_09,Hypericaceae,Vismia_baccifera
SP04,SE,26/08/2022,OG39,Old_growth,43,b0672,Carollia_castanea,Car_cas,d0240,M_53,Piperaceae,Piper_sp2
SP04,SE,26/08/2022,OG39,Old_growth,43,b0680,Carollia_perspicillata,Car_per,d0241,M_19,Salicaceae,Morpho_17
SP04,SE,26/08/2022,OG39,Old_growth,43,b0689,Carollia_perspicillata,Car_per,d0242,M_19,Salicaceae,Morpho_17
SP04,SE,27/08/2022,OG39,Old_growth,44,b0694,Carollia_castanea,Car_cas,d0243,M_06,Solanaceae,Solanum_erianthum
SP04,SE,28/08/2022,OG39,Old_growth,45,b0704,Carollia_brevicaudum,Car_bre,d0244,M_19,Salicaceae,Morpho_17
SP04,SE,28/08/2022,OG39,Old_growth,45,b0706,Dermanura_rosenbergi,Der_ros,d0245,M_15,Salicaceae,Morpho_18
SP04,SE,28/08/2022,OG39,Old_growth,45,b0712,Carollia_perspicillata,Car_per,d0246,M_54,Hypericaceae,Vismia_baccifera
SP04,SE,31/08/2022,PR26,PR_late,46,b0716,Carollia_brevicaudum,Car_bre,d0247,M_55,Piperaceae,Piper_multiplinervium
SP04,SE,31/08/2022,PR26,PR_late,46,b0717,Carollia_castanea,Car_cas,d0248,M_03,Piperaceae,Piper_ottoniifolium
SP04,SE,31/08/2022,PR26,PR_late,46,b0718,Carollia_brevicaudum,Car_bre,d0249,M_09,Hypericaceae,Vismia_baccifera
SP04,SE,31/08/2022,PR26,PR_late,46,b0719,Carollia_castanea,Car_cas,d0250,M_03,Piperaceae,Piper_ottoniifolium
SP04,SE,01/09/2022,PR26,PR_late,47,b0727,Vampyriscus_nymphaea,Vri_nym,d0251,M_52,Urticaceae,Cecropia_membranacea
SP04,SE,01/09/2022,PR26,PR_late,47,b0728,Carollia_castanea,Car_cas,d0252,M_03,Piperaceae,Piper_ottoniifolium
SP04,SE,01/09/2022,PR26,PR_late,47,b0735,Carollia_castanea,Car_cas,d0253,M_03,Piperaceae,Piper_ottoniifolium
SP04,SE,01/09/2022,PR26,PR_late,47,b0736,Carollia_perspicillata,Car_per,d0254,M_19,Salicaceae,Morpho_17
SP04,SE,01/09/2022,PR26,PR_late,47,b0737,Carollia_perspicillata,Car_per,d0255,M_56,Araceae,Philodendron_sp1
SP04,SE,02/09/2022,PR26,PR_late,48,b0740,Carollia_brevicaudum,Car_bre,d0256,M_03,Piperaceae,Piper_ottoniifolium
SP04,SE,02/09/2022,PR26,PR_late,48,b0743,Dermanura_rosenbergi,Der_ros,d0257,M_15,Salicaceae,Morpho_18
SP04,SE,02/09/2022,PR26,PR_late,48,b0748,Platyrrhinus_helleri,Pla_hel,d0258,M_57,Urticaceae,Cecropia_insignis
SP04,SE,05/09/2022,OG41,Old_growth,49,b0753,Carollia_perspicillata,Car_per,d0259,M_19,Salicaceae,Morpho_17
SP04,SE,05/09/2022,OG41,Old_growth,49,b0761,Dermanura_rosenbergi,Der_ros,d0260,M_03,Piperaceae,Piper_ottoniifolium
SP04,SE,05/09/2022,OG41,Old_growth,49,b0762,Carollia_castanea,Car_cas,d0261,M_04,Piperaceae,Piper_multiplinervium
SP04,SE,05/09/2022,OG41,Old_growth,49,b0763,Dermanura_rosenbergi,Der_ros,d0262,M_57,Urticaceae,Cecropia_insignis
SP04,SE,05/09/2022,OG41,Old_growth,49,b0765,Carollia_castanea,Car_cas,d0263,M_03,Piperaceae,Piper_ottoniifolium
SP04,SE,05/09/2022,OG41,Old_growth,49,b0769,Carollia_perspicillata,Car_per,d0264,M_19,Salicaceae,Morpho_17
SP04,SE,05/09/2022,OG41,Old_growth,49,b0778,Vampyressa_thyone,Vre_thy,d0265,M_37,Moraceae,Ficus_paraensis
SP04,SE,05/09/2022,OG41,Old_growth,49,b0781,Vampyriscus_nymphaea,Vri_nym,d0266,M_52,Urticaceae,Cecropia_membranacea
SP04,SE,07/09/2022,OG41,Old_growth,51,b0786,Vampyressa_thyone,Vre_thy,d0267,M_37,Moraceae,Ficus_paraensis
SP04,SE,07/09/2022,OG41,Old_growth,51,b0787,Dermanura_rosenbergi,Der_ros,d0268,M_60,Undetermined,Morpho_3
SP04,SE,09/09/2022,CA60,Cacao,52,b0790,Lichonycteris_obscura,Lic_obs,d0269,M_07,Melastomataceae,Conostegia_cuatrecasasii
SP04,SE,09/09/2022,CA60,Cacao,52,b0793,Carollia_brevicaudum,Car_bre,d0270,M_46,Solanaceae,Solanum_sp4
SP04,SE,10/09/2022,CA60,Cacao,53,b0794,Carollia_perspicillata,Car_per,d0271,M_61,Araceae,Philodendron_sp1
SP04,SE,10/09/2022,CA60,Cacao,53,b0795,Dermanura_ravus,Der_rav,d0272,M_01,Salicaceae,Banara_guianensis
SP04,SE,10/09/2022,CA60,Cacao,53,b0796,Sturnia_luisi,Stu_lui,d0273,M_13,Solanaceae,Solanum_sp2
SP04,SE,12/09/2022,PA56,Pasture,55,b0800,Carollia_brevicaudum,Car_bre,d0274,M_13,Solanaceae,Solanum_sp2
SP04,SE,12/09/2022,PA56,Pasture,55,b0801,Carollia_perspicillata,Car_per,d0275,M_19,Salicaceae,Morpho_17
SP04,SE,13/09/2022,PA56,Pasture,56,b0808,Carollia_perspicillata,Car_per,d0276,M_19,Salicaceae,Morpho_17
SP04,SE,13/09/2022,PA56,Pasture,56,b0810,Carollia_perspicillata,Car_per,d0277,M_71,Hypericaceae,Vismia_baccifera
SP04,SE,13/09/2022,PA56,Pasture,56,b0812,Vampyressa_thyone,Vre_thy,d0278,M_37,Moraceae,Ficus_paraensis
SP04,SE,14/09/2022,PA56,Pasture,57,b0816,Sturnia_luisi,Stu_lui,d0279,M_13,Solanaceae,Solanum_sp2
SP04,SE,14/09/2022,PA56,Pasture,57,b0820,Uroderma_convexum,Uro_con,d0280,M_13,Solanaceae,Solanum_sp2
SP04,SE,14/09/2022,PA56,Pasture,57,b0821,Carollia_castanea,Car_cas,d0281,M_63,Piperaceae,Piper_sp2
SP04,SE,14/09/2022,PA56,Pasture,57,b0823,Dermanura_rosenbergi,Der_ros,d0282,M_63,Piperaceae,Piper_sp2
SP04,SE,16/09/2022,PA58,Pasture,58,b0825,Sturnia_luisi,Stu_lui,d0283,M_13,Solanaceae,Solanum_sp2
SP04,SE,16/09/2022,PA58,Pasture,58,b0827,Carollia_castanea,Car_cas,d0284,M_55,Piperaceae,Piper_multiplinervium
SP04,SE,16/09/2022,PA58,Pasture,58,b0829,Dermanura_ravus,Der_rav,d0285,M_37,Moraceae,Ficus_paraensis
SP04,SE,17/09/2022,PA58,Pasture,59,b0834,Platyrrhinus_helleri,Pla_hel,d0286,M_52,Urticaceae,Cecropia_membranacea
SP04,SE,18/09/2022,PA58,Pasture,60,b0839,Carollia_perspicillata,Car_per,d0287,M_44,Piperaceae,Piper_peltatum
SP04,SE,18/09/2022,PA58,Pasture,60,b0839,Carollia_perspicillata,Car_per,d0288,M_55,Piperaceae,Piper_multiplinervium
SP04,SE,21/09/2022,CA61,Cacao,61,b0841,Lichonycteris_obscura,Lic_obs,d0289,M_64,Melastomataceae,Conostegia_cuatrecasasii
SP04,SE,21/09/2022,CA61,Cacao,61,b0842,Carollia_castanea,Car_cas,d0290,M_44,Piperaceae,Piper_peltatum
SP04,SE,21/09/2022,CA61,Cacao,61,b0842,Carollia_castanea,Car_cas,d0291,M_51,Piperaceae,Piper_longifolium
SP04,SE,21/09/2022,CA61,Cacao,61,b0843,Carollia_castanea,Car_cas,d0292,M_44,Piperaceae,Piper_peltatum
SP04,SE,21/09/2022,CA61,Cacao,61,b0844,Carollia_perspicillata,Car_per,d0293,M_44,Piperaceae,Piper_peltatum
SP04,SE,21/09/2022,CA61,Cacao,61,b0846,Carollia_perspicillata,Car_per,d0294,M_19,Salicaceae,Morpho_17
SP04,SE,21/09/2022,CA61,Cacao,61,b0846,Carollia_perspicillata,Car_per,d0295,M_64,Melastomataceae,Conostegia_cuatrecasasii
SP04,SE,21/09/2022,CA61,Cacao,61,b0848,Carollia_perspicillata,Car_per,d0296,M_19,Salicaceae,Morpho_17
SP04,SE,21/09/2022,CA61,Cacao,61,b0850,Sturnia_luisi,Stu_lui,d0297,M_13,Solanaceae,Solanum_sp2
SP04,SE,21/09/2022,CA61,Cacao,61,b0852,Dermanura_ravus,Der_rav,d0298,M_65,Moraceae,Ficus_pertusa
SP04,SE,22/09/2022,CA61,Cacao,62,b0854,Carollia_castanea,Car_cas,d0299,M_03,Piperaceae,Piper_ottoniifolium
SP04,SE,22/09/2022,CA61,Cacao,62,b0858,Uroderma_convexum,Uro_con,d0300,M_13,Solanaceae,Solanum_sp2
SP04,SE,24/09/2022,PA54,Pasture,64,b0863,Carollia_perspicillata,Car_per,d0301,M_51,Piperaceae,Piper_longifolium
SP04,SE,24/09/2022,PA54,Pasture,64,b0865,Carollia_perspicillata,Car_per,d0302,M_19,Salicaceae,Morpho_17
SP04,SE,24/09/2022,PA54,Pasture,64,b0867,Carollia_perspicillata,Car_per,d0303,M_13,Solanaceae,Solanum_sp2
SP04,SE,24/09/2022,PA54,Pasture,64,b0868,Carollia_perspicillata,Car_per,d0304,M_57,Urticaceae,Cecropia_insignis
SP04,SE,24/09/2022,PA54,Pasture,64,b0872,Carollia_perspicillata,Car_per,d0305,M_66,Undetermined,Morpho_6
SP04,SE,25/09/2022,PA54,Pasture,65,b0874,Carollia_brevicaudum,Car_bre,d0306,M_44,Piperaceae,Piper_peltatum
SP04,SE,26/09/2022,PA54,Pasture,66,b0881,Vampyressa_thyone,Vre_thy,d0307,M_65,Moraceae,Ficus_pertusa
SP04,SE,26/09/2022,PA54,Pasture,66,b0882,Carollia_brevicaudum,Car_bre,d0308,M_19,Salicaceae,Morpho_17
SP04,SE,26/09/2022,PA54,Pasture,66,b0885,Artibeus_aequatorialis,Art_aeq,d0309,M_65,Moraceae,Ficus_pertusa
SP04,SE,26/09/2022,PA54,Pasture,66,b0886,Carollia_perspicillata,Car_per,d0310,M_28,Piperaceae,Piper_sp2
SP04,SE,26/09/2022,PA54,Pasture,66,b0888,Sturnia_luisi,Stu_lui,d0311,M_52,Urticaceae,Cecropia_membranacea
SP04,SE,26/09/2022,PA54,Pasture,66,b0889,Artibeus_aequatorialis,Art_aeq,d0312,M_57,Urticaceae,Cecropia_insignis
SP04,SE,25/10/2022,OG49,Old_growth,67,b0897,Carollia_perspicillata,Car_per,d0313,M_67,Piperaceae,Piper_longifolium
SP04,SE,25/10/2022,OG49,Old_growth,67,b0898,Carollia_brevicaudum,Car_bre,d0314,M_61,Araceae,Philodendron_sp1
SP04,SE,25/10/2022,OG49,Old_growth,67,b0898,Carollia_brevicaudum,Car_bre,d0315,M_66,Undetermined,Morpho_6
SP04,SE,25/10/2022,OG49,Old_growth,67,b0898,Carollia_brevicaudum,Car_bre,d0316,M_68,Piperaceae,Piper_sp1
SP04,SE,25/10/2022,OG49,Old_growth,67,b0903,Carollia_perspicillata,Car_per,d0317,M_13,Solanaceae,Solanum_sp2
SP04,SE,25/10/2022,OG49,Old_growth,67,b0903,Carollia_perspicillata,Car_per,d0318,M_55,Piperaceae,Piper_multiplinervium
SP04,SE,25/10/2022,OG49,Old_growth,67,b0903,Carollia_perspicillata,Car_per,d0319,M_66,Undetermined,Morpho_6
SP04,SE,25/10/2022,OG49,Old_growth,67,b0904,Carollia_perspicillata,Car_per,d0320,M_09,Hypericaceae,Vismia_baccifera
SP04,SE,25/10/2022,OG49,Old_growth,67,b0904,Carollia_perspicillata,Car_per,d0321,M_19,Salicaceae,Morpho_17
SP04,SE,25/10/2022,OG49,Old_growth,67,b0904,Carollia_perspicillata,Car_per,d0322,M_69,Piperaceae,Piper_ottoniifolium
SP04,SE,25/10/2022,OG49,Old_growth,67,b0906,Vampyressa_thyone,Vre_thy,d0323,M_37,Moraceae,Ficus_paraensis
SP04,SE,26/10/2022,OG49,Old_growth,68,b0909,Vampyressa_thyone,Vre_thy,d0324,M_37,Moraceae,Ficus_paraensis
SP04,SE,26/10/2022,OG49,Old_growth,68,b0910,Artibeus_aequatorialis,Art_aeq,d0325,M_37,Moraceae,Ficus_paraensis
SP04,SE,26/10/2022,OG49,Old_growth,68,b0915,Carollia_brevicaudum,Car_bre,d0326,M_55,Piperaceae,Piper_multiplinervium
SP04,SE,27/10/2022,OG49,Old_growth,69,b0922,Artibeus_aequatorialis,Art_aeq,d0327,M_52,Urticaceae,Cecropia_membranacea
SP04,SE,27/10/2022,OG49,Old_growth,69,b0925,Carollia_perspicillata,Car_per,d0328,M_71,Hypericaceae,Vismia_baccifera
SP04,SE,27/10/2022,OG49,Old_growth,69,b0926,Carollia_brevicaudum,Car_bre,d0329,M_13,Solanaceae,Solanum_sp2
SP04,SE,28/10/2022,CR18,CR_early,70,b0928,Carollia_castanea,Car_cas,d0330,M_55,Piperaceae,Piper_multiplinervium
SP04,SE,28/10/2022,CR18,CR_early,70,b0928,Carollia_castanea,Car_cas,d0331,M_63,Piperaceae,Piper_sp2
SP04,SE,28/10/2022,CR18,CR_early,70,b0931,Carollia_castanea,Car_cas,d0332,M_03,Piperaceae,Piper_ottoniifolium
SP04,SE,28/10/2022,CR18,CR_early,70,b0931,Carollia_castanea,Car_cas,d0333,M_55,Piperaceae,Piper_multiplinervium
SP04,SE,28/10/2022,CR18,CR_early,70,b0932,Carollia_castanea,Car_cas,d0334,M_63,Piperaceae,Piper_sp2
SP04,SE,28/10/2022,CR18,CR_early,70,b0938,Carollia_perspicillata,Car_per,d0335,M_63,Piperaceae,Piper_sp2
SP04,SE,28/10/2022,CR18,CR_early,70,b0938,Carollia_perspicillata,Car_per,d0336,M_72,Piperaceae,Piper_ottoniifolium
SP04,SE,28/10/2022,CR18,CR_early,70,b0938,Carollia_perspicillata,Car_per,d0337,M_73,Piperaceae,Piper_sp5
SP04,SE,28/10/2022,CR18,CR_early,70,b0939,Platyrrhinus_matapalensis,Pla_mat,d0338,M_52,Urticaceae,Cecropia_membranacea
SP04,SE,28/10/2022,CR18,CR_early,70,b0940,Dermanura_rosenbergi,Der_ros,d0339,M_07,Melastomataceae,Conostegia_cuatrecasasii
SP04,SE,28/10/2022,CR18,CR_early,70,b0942,Dermanura_rosenbergi,Der_ros,d0340,M_74,Undetermined,Morpho_3
SP04,SE,28/10/2022,CR18,CR_early,70,b0943,Carollia_castanea,Car_cas,d0341,M_04,Piperaceae,Piper_multiplinervium
SP04,SE,28/10/2022,CR18,CR_early,70,b0943,Carollia_castanea,Car_cas,d0342,M_75,Piperaceae,Piper_ottoniifolium
SP04,SE,28/10/2022,CR18,CR_early,70,b0945,Dermanura_ravus,Der_rav,d0343,M_65,Moraceae,Ficus_pertusa
SP04,SE,28/10/2022,CR18,CR_early,70,b0947,Dermanura_rosenbergi,Der_ros,d0344,M_64,Melastomataceae,Conostegia_cuatrecasasii
SP04,SE,28/10/2022,CR18,CR_early,70,b0948,Carollia_perspicillata,Car_per,d0345,M_68,Piperaceae,Piper_sp1
SP04,SE,28/10/2022,CR18,CR_early,70,b0949,Carollia_brevicaudum,Car_bre,d0346,M_71,Hypericaceae,Vismia_baccifera
SP04,SE,29/10/2022,CR18,CR_early,71,b0953,Carollia_castanea,Car_cas,d0347,M_64,Melastomataceae,Conostegia_cuatrecasasii
SP04,SE,29/10/2022,CR18,CR_early,71,b0953,Carollia_castanea,Car_cas,d0348,M_72,Piperaceae,Piper_ottoniifolium
SP04,SE,29/10/2022,CR18,CR_early,71,b0955,Dermanura_rosenbergi,Der_ros,d0349,M_07,Melastomataceae,Conostegia_cuatrecasasii
SP04,SE,29/10/2022,CR18,CR_early,71,b0956,Vampyressa_thyone,Vre_thy,d0350,M_37,Moraceae,Ficus_paraensis
SP04,SE,29/10/2022,CR18,CR_early,71,b0958,Carollia_perspicillata,Car_per,d0351,M_50,Araceae,Philodendron_sp1
SP04,SE,29/10/2022,CR18,CR_early,71,b0960,Dermanura_rosenbergi,Der_ros,d0352,M_64,Melastomataceae,Conostegia_cuatrecasasii
SP04,SE,29/10/2022,CR18,CR_early,71,b0961,Sturnia_luisi,Stu_lui,d0353,M_52,Urticaceae,Cecropia_membranacea
SP04,SE,29/10/2022,CR18,CR_early,71,b0965,Carollia_castanea,Car_cas,d0354,M_55,Piperaceae,Piper_multiplinervium
SP04,SE,29/10/2022,CR18,CR_early,71,b0967,Vampyressa_thyone,Vre_thy,d0355,M_37,Moraceae,Ficus_paraensis
SP04,SE,29/10/2022,CR18,CR_early,71,b0968,Rhinophylla_alethina,Rhi_ale,d0356,M_36,Undetermined,Morpho_10
SP04,SE,29/10/2022,CR18,CR_early,71,b0970,Dermanura_rosenbergi,Der_ros,d0357,M_07,Melastomataceae,Conostegia_cuatrecasasii
SP04,SE,29/10/2022,CR18,CR_early,71,b0971,Carollia_brevicaudum,Car_bre,d0358,M_19,Salicaceae,Morpho_17
SP04,SE,30/10/2022,CR18,CR_early,72,b0974,Platyrrhinus_matapalensis,Pla_mat,d0359,M_47,Urticaceae,Cecropia_membranacea
SP04,SE,30/10/2022,CR18,CR_early,72,b0975,Platyrrhinus_matapalensis,Pla_mat,d0360,M_52,Urticaceae,Cecropia_membranacea
SP04,SE,30/10/2022,CR18,CR_early,72,b0976,Carollia_perspicillata,Car_per,d0361,M_06,Solanaceae,Solanum_erianthum
SP04,SE,30/10/2022,CR18,CR_early,72,b0976,Carollia_perspicillata,Car_per,d0362,M_13,Solanaceae,Solanum_sp2
SP04,SE,30/10/2022,CR18,CR_early,72,b0976,Carollia_perspicillata,Car_per,d0363,M_52,Urticaceae,Cecropia_membranacea
SP04,SE,30/10/2022,CR18,CR_early,72,b0977,Dermanura_rosenbergi,Der_ros,d0364,M_41,Undetermined,Morpho_19
SP04,SE,30/10/2022,CR18,CR_early,72,b0978,Carollia_castanea,Car_cas,d0365,M_41,Undetermined,Morpho_19
SP04,SE,30/10/2022,CR18,CR_early,72,b0979,Dermanura_rosenbergi,Der_ros,d0366,M_64,Melastomataceae,Conostegia_cuatrecasasii
SP04,SE,30/10/2022,CR18,CR_early,72,b0981,Carollia_brevicaudum,Car_bre,d0367,M_13,Solanaceae,Solanum_sp2
SP04,SE,30/10/2022,CR18,CR_early,72,b0983,Platyrrhinus_dorsalis,Pla_dor,d0368,M_52,Urticaceae,Cecropia_membranacea
SP04,SE,04/11/2022,PR34,PR_late,73,b0984,Carollia_brevicaudum,Car_bre,d0369,M_55,Piperaceae,Piper_multiplinervium
SP04,SE,04/11/2022,PR34,PR_late,73,b0984,Carollia_brevicaudum,Car_bre,d0370,M_63,Piperaceae,Piper_sp2
SP04,SE,04/11/2022,PR34,PR_late,73,b0985,Carollia_perspicillata,Car_per,d0371,M_55,Piperaceae,Piper_multiplinervium
SP04,SE,04/11/2022,PR34,PR_late,73,b0986,Carollia_castanea,Car_cas,d0372,M_63,Piperaceae,Piper_sp2
SP04,SE,04/11/2022,PR34,PR_late,73,b0989,Carollia_castanea,Car_cas,d0373,M_55,Piperaceae,Piper_multiplinervium
SP04,SE,04/11/2022,PR34,PR_late,73,b0990,Dermanura_rosenbergi,Der_ros,d0374,M_63,Piperaceae,Piper_sp2
SP04,SE,04/11/2022,PR34,PR_late,73,b0992,Carollia_castanea,Car_cas,d0375,M_55,Piperaceae,Piper_multiplinervium
SP04,SE,04/11/2022,PR34,PR_late,73,b0992,Carollia_castanea,Car_cas,d0376,M_63,Piperaceae,Piper_sp2
SP04,SE,04/11/2022,PR34,PR_late,73,b0993,Dermanura_rosenbergi,Der_ros,d0377,M_63,Piperaceae,Piper_sp2
SP04,SE,04/11/2022,PR34,PR_late,73,b0994,Vampyressa_thyone,Vre_thy,d0378,M_07,Melastomataceae,Conostegia_cuatrecasasii
SP04,SE,04/11/2022,PR34,PR_late,73,b0996,Dermanura_rosenbergi,Der_ros,d0379,M_63,Piperaceae,Piper_sp2
SP04,SE,04/11/2022,PR34,PR_late,73,b0997,Carollia_castanea,Car_cas,d0380,M_63,Piperaceae,Piper_sp2
SP04,SE,04/11/2022,PR34,PR_late,73,b0998,Carollia_perspicillata,Car_per,d0381,M_04,Piperaceae,Piper_multiplinervium
SP04,SE,04/11/2022,PR34,PR_late,73,b0998,Carollia_perspicillata,Car_per,d0382,M_71,Hypericaceae,Vismia_baccifera
SP04,SE,04/11/2022,PR34,PR_late,73,b0999,Carollia_brevicaudum,Car_bre,d0383,M_04,Piperaceae,Piper_multiplinervium
SP04,SE,04/11/2022,PR34,PR_late,73,b1000,Carollia_castanea,Car_cas,d0384,M_55,Piperaceae,Piper_multiplinervium
SP04,SE,04/11/2022,PR34,PR_late,73,b1000,Carollia_castanea,Car_cas,d0385,M_63,Piperaceae,Piper_sp2
SP04,SE,05/11/2022,PR34,PR_late,74,b1002,Carollia_perspicillata,Car_per,d0386,M_71,Hypericaceae,Vismia_baccifera
SP04,SE,05/11/2022,PR34,PR_late,74,b1003,Carollia_perspicillata,Car_per,d0387,M_71,Hypericaceae,Vismia_baccifera
SP04,SE,06/11/2022,PR34,PR_late,75,b1008,Carollia_castanea,Car_cas,d0388,M_55,Piperaceae,Piper_multiplinervium
SP04,SE,06/11/2022,PR34,PR_late,75,b1010,Carollia_perspicillata,Car_per,d0389,M_63,Piperaceae,Piper_sp2
SP04,SE,06/11/2022,PR34,PR_late,75,b1013,Carollia_perspicillata,Car_per,d0390,M_19,Salicaceae,Morpho_17
SP04,SE,07/11/2022,CR14,CR_late,76,b1015,Carollia_perspicillata,Car_per,d0391,M_04,Piperaceae,Piper_multiplinervium
SP04,SE,07/11/2022,CR14,CR_late,76,b1016,Carollia_brevicaudum,Car_bre,d0392,M_55,Piperaceae,Piper_multiplinervium
SP04,SE,07/11/2022,CR14,CR_late,76,b1017,Carollia_perspicillata,Car_per,d0393,M_04,Piperaceae,Piper_multiplinervium
SP04,SE,07/11/2022,CR14,CR_late,76,b1019,Carollia_castanea,Car_cas,d0394,M_63,Piperaceae,Piper_sp2
SP04,SE,07/11/2022,CR14,CR_late,76,b1022,Carollia_castanea,Car_cas,d0395,M_55,Piperaceae,Piper_multiplinervium
SP04,SE,07/11/2022,CR14,CR_late,76,b1023,Carollia_castanea,Car_cas,d0396,M_55,Piperaceae,Piper_multiplinervium
SP04,SE,07/11/2022,CR14,CR_late,76,b1024,Dermanura_rosenbergi,Der_ros,d0397,M_63,Piperaceae,Piper_sp2
SP04,SE,07/11/2022,CR14,CR_late,76,b1031,Carollia_brevicaudum,Car_bre,d0398,M_04,Piperaceae,Piper_multiplinervium
SP04,SE,08/11/2022,CR14,CR_late,77,b1034,Carollia_castanea,Car_cas,d0399,M_04,Piperaceae,Piper_multiplinervium
SP04,SE,08/11/2022,CR14,CR_late,77,b1034,Carollia_castanea,Car_cas,d0400,M_63,Piperaceae,Piper_sp2
SP04,SE,08/11/2022,CR14,CR_late,77,b1035,Carollia_castanea,Car_cas,d0401,M_20,Piperaceae,Piper_sp1
SP04,SE,08/11/2022,CR14,CR_late,77,b1035,Carollia_castanea,Car_cas,d0402,M_63,Piperaceae,Piper_sp2
SP04,SE,08/11/2022,CR14,CR_late,77,b1036,Carollia_perspicillata,Car_per,d0403,M_46,Solanaceae,Solanum_sp4
SP04,SE,08/11/2022,CR14,CR_late,77,b1036,Carollia_perspicillata,Car_per,d0404,M_55,Piperaceae,Piper_multiplinervium
SP04,SE,08/11/2022,CR14,CR_late,77,b1036,Carollia_perspicillata,Car_per,d0405,M_64,Melastomataceae,Conostegia_cuatrecasasii
SP04,SE,09/11/2022,CR14,CR_late,78,b1042,Carollia_perspicillata,Car_per,d0406,M_71,Hypericaceae,Vismia_baccifera
SP04,SE,14/11/2022,PR32,PR_late,79,b1048,Carollia_perspicillata,Car_per,d0407,M_56,Araceae,Philodendron_sp1
SP04,SE,14/11/2022,PR32,PR_late,79,b1049,Carollia_perspicillata,Car_per,d0408,M_04,Piperaceae,Piper_multiplinervium
SP04,SE,14/11/2022,PR32,PR_late,79,b1049,Carollia_perspicillata,Car_per,d0409,M_78,Solanaceae,Morpho_20
SP04,SE,14/11/2022,PR32,PR_late,79,b1051,Carollia_castanea,Car_cas,d0410,M_01,Salicaceae,Banara_guianensis
SP04,SE,14/11/2022,PR32,PR_late,79,b1051,Carollia_castanea,Car_cas,d0411,M_64,Melastomataceae,Conostegia_cuatrecasasii
SP04,SE,14/11/2022,PR32,PR_late,79,b1053,Dermanura_rosenbergi,Der_ros,d0412,M_28,Piperaceae,Piper_sp2
SP04,SE,14/11/2022,PR32,PR_late,79,b1056,Carollia_castanea,Car_cas,d0413,M_68,Piperaceae,Piper_sp1
SP04,SE,14/11/2022,PR32,PR_late,79,b1058,Dermanura_rosenbergi,Der_ros,d0414,M_79,Piperaceae,Piper_ottoniifolium
SP04,SE,14/11/2022,PR32,PR_late,79,b1059,Dermanura_rosenbergi,Der_ros,d0415,M_07,Melastomataceae,Conostegia_cuatrecasasii
SP04,SE,14/11/2022,PR32,PR_late,79,b1060,Carollia_brevicaudum,Car_bre,d0416,M_63,Piperaceae,Piper_sp2
SP04,SE,14/11/2022,PR32,PR_late,79,b1061,Dermanura_rosenbergi,Der_ros,d0417,M_07,Melastomataceae,Conostegia_cuatrecasasii
SP04,SE,14/11/2022,PR32,PR_late,79,b1062,Dermanura_rosenbergi,Der_ros,d0418,M_07,Melastomataceae,Conostegia_cuatrecasasii
SP04,SE,14/11/2022,PR32,PR_late,79,b1063,Carollia_castanea,Car_cas,d0419,M_55,Piperaceae,Piper_multiplinervium
SP04,SE,14/11/2022,PR32,PR_late,79,b1065,Rhinophylla_alethina,Rhi_ale,d0420,M_55,Piperaceae,Piper_multiplinervium
SP04,SE,14/11/2022,PR32,PR_late,79,b1065,Rhinophylla_alethina,Rhi_ale,d0421,M_56,Araceae,Philodendron_sp1
SP04,SE,14/11/2022,PR32,PR_late,79,b1067,Carollia_brevicaudum,Car_bre,d0422,M_68,Piperaceae,Piper_sp1
SP04,SE,14/11/2022,PR32,PR_late,79,b1073,Dermanura_rosenbergi,Der_ros,d0423,M_28,Piperaceae,Piper_sp2
SP04,SE,14/11/2022,PR32,PR_late,79,b1074,Dermanura_rosenbergi,Der_ros,d0424,M_56,Araceae,Philodendron_sp1
SP04,SE,14/11/2022,PR32,PR_late,79,b1076,Dermanura_rosenbergi,Der_ros,d0425,M_07,Melastomataceae,Conostegia_cuatrecasasii
SP04,SE,14/11/2022,PR32,PR_late,79,b1077,Dermanura_rosenbergi,Der_ros,d0426,M_04,Piperaceae,Piper_multiplinervium
SP04,SE,14/11/2022,PR32,PR_late,79,b1078,Carollia_castanea,Car_cas,d0427,M_55,Piperaceae,Piper_multiplinervium
SP04,SE,15/11/2022,PR32,PR_late,80,b1084,Dermanura_rosenbergi,Der_ros,d0428,M_07,Melastomataceae,Conostegia_cuatrecasasii
SP04,SE,15/11/2022,PR32,PR_late,80,b1087,Carollia_castanea,Car_cas,d0429,M_68,Piperaceae,Piper_sp1
SP04,SE,15/11/2022,PR32,PR_late,80,b1090,Dermanura_rosenbergi,Der_ros,d0430,M_07,Melastomataceae,Conostegia_cuatrecasasii
SP04,SE,15/11/2022,PR32,PR_late,80,b1091,Dermanura_rosenbergi,Der_ros,d0431,M_07,Melastomataceae,Conostegia_cuatrecasasii
SP04,SE,15/11/2022,PR32,PR_late,80,b1092,Dermanura_rosenbergi,Der_ros,d0432,M_57,Urticaceae,Cecropia_insignis
SP04,SE,15/11/2022,PR32,PR_late,80,b1094,Dermanura_rosenbergi,Der_ros,d0433,M_07,Melastomataceae,Conostegia_cuatrecasasii
SP04,SE,15/11/2022,PR32,PR_late,80,b1097,Dermanura_rosenbergi,Der_ros,d0434,M_07,Melastomataceae,Conostegia_cuatrecasasii
SP04,SE,15/11/2022,PR32,PR_late,80,b1098,Carollia_castanea,Car_cas,d0435,M_68,Piperaceae,Piper_sp1
SP04,SE,16/11/2022,PR32,PR_late,81,b1099,Rhinophylla_alethina,Rhi_ale,d0436,M_38,Piperaceae,Piper_sp4
SP04,SE,16/11/2022,PR32,PR_late,81,b1099,Rhinophylla_alethina,Rhi_ale,d0437,M_56,Araceae,Philodendron_sp1
SP04,SE,16/11/2022,PR32,PR_late,81,b1100,Dermanura_rosenbergi,Der_ros,d0438,M_28,Piperaceae,Piper_sp2
SP04,SE,16/11/2022,PR32,PR_late,81,b1101,Dermanura_rosenbergi,Der_ros,d0439,M_07,Melastomataceae,Conostegia_cuatrecasasii
SP04,SE,16/11/2022,PR32,PR_late,81,b1103,Lichonycteris_obscura,Lic_obs,d0440,M_07,Melastomataceae,Conostegia_cuatrecasasii
SP04,SE,16/11/2022,PR32,PR_late,81,b1106,Dermanura_rosenbergi,Der_ros,d0441,M_07,Melastomataceae,Conostegia_cuatrecasasii
SP04,SE,16/11/2022,PR32,PR_late,81,b1107,Dermanura_rosenbergi,Der_ros,d0442,M_07,Melastomataceae,Conostegia_cuatrecasasii
SP04,SE,16/11/2022,PR32,PR_late,81,b1108,Carollia_castanea,Car_cas,d0443,M_55,Piperaceae,Piper_multiplinervium
SP04,SE,16/11/2022,PR32,PR_late,81,b1109,Dermanura_rosenbergi,Der_ros,d0444,M_07,Melastomataceae,Conostegia_cuatrecasasii
SP04,SE,17/11/2022,CR12,CR_late,82,b1114,Carollia_perspicillata,Car_per,d0445,M_68,Piperaceae,Piper_sp1
SP04,SE,17/11/2022,CR12,CR_late,82,b1116,Carollia_perspicillata,Car_per,d0446,M_07,Melastomataceae,Conostegia_cuatrecasasii
SP04,SE,17/11/2022,CR12,CR_late,82,b1116,Carollia_perspicillata,Car_per,d0447,M_68,Piperaceae,Piper_sp1
SP04,SE,17/11/2022,CR12,CR_late,82,b1117,Dermanura_rosenbergi,Der_ros,d0448,M_63,Piperaceae,Piper_sp2
SP04,SE,17/11/2022,CR12,CR_late,82,b1118,Carollia_perspicillata,Car_per,d0449,M_68,Piperaceae,Piper_sp1
SP04,SE,17/11/2022,CR12,CR_late,82,b1119,Carollia_castanea,Car_cas,d0450,M_55,Piperaceae,Piper_multiplinervium
SP04,SE,17/11/2022,CR12,CR_late,82,b1119,Carollia_castanea,Car_cas,d0451,M_68,Piperaceae,Piper_sp1
SP04,SE,17/11/2022,CR12,CR_late,82,b1120,Dermanura_rosenbergi,Der_ros,d0452,M_63,Piperaceae,Piper_sp2
SP04,SE,17/11/2022,CR12,CR_late,82,b1121,Dermanura_rosenbergi,Der_ros,d0453,M_68,Piperaceae,Piper_sp1
SP04,SE,17/11/2022,CR12,CR_late,82,b1122,Carollia_brevicaudum,Car_bre,d0454,M_68,Piperaceae,Piper_sp1
SP04,SE,17/11/2022,CR12,CR_late,82,b1123,Rhinophylla_alethina,Rhi_ale,d0455,M_81,Undetermined,Morpho_5
SP04,SE,17/11/2022,CR12,CR_late,82,b1124,Dermanura_rosenbergi,Der_ros,d0456,M_07,Melastomataceae,Conostegia_cuatrecasasii
SP04,SE,17/11/2022,CR12,CR_late,82,b1126,Carollia_perspicillata,Car_per,d0457,M_55,Piperaceae,Piper_multiplinervium
SP04,SE,17/11/2022,CR12,CR_late,82,b1126,Carollia_perspicillata,Car_per,d0458,M_63,Piperaceae,Piper_sp2
SP04,SE,17/11/2022,CR12,CR_late,82,b1127,Dermanura_rosenbergi,Der_ros,d0459,M_07,Melastomataceae,Conostegia_cuatrecasasii
SP04,SE,19/11/2022,CR12,CR_late,84,b1130,Rhinophylla_alethina,Rhi_ale,d0460,M_56,Araceae,Philodendron_sp1
SP04,SE,19/11/2022,CR12,CR_late,84,b1131,Dermanura_rosenbergi,Der_ros,d0461,M_81,Undetermined,Morpho_5
SP04,SE,19/11/2022,CR12,CR_late,84,b1132,Carollia_castanea,Car_cas,d0462,M_28,Piperaceae,Piper_sp2
SP04,SE,19/11/2022,CR12,CR_late,84,b1132,Carollia_castanea,Car_cas,d0463,M_55,Piperaceae,Piper_multiplinervium
SP04,SE,19/11/2022,CR12,CR_late,84,b1133,Carollia_castanea,Car_cas,d0464,M_55,Piperaceae,Piper_multiplinervium
SP04,SE,23/11/2022,OG47,Old_growth,85,b1136,Carollia_brevicaudum,Car_bre,d0465,M_06,Solanaceae,Solanum_erianthum
SP04,SE,23/11/2022,OG47,Old_growth,85,b1136,Carollia_brevicaudum,Car_bre,d0466,M_13,Solanaceae,Solanum_sp2
SP04,SE,23/11/2022,OG47,Old_growth,85,b1137,Rhinophylla_alethina,Rhi_ale,d0467,M_108,Undetermined,Morpho_8
SP04,SE,23/11/2022,OG47,Old_growth,85,b1139,Carollia_castanea,Car_cas,d0468,M_03,Piperaceae,Piper_ottoniifolium
SP04,SE,23/11/2022,OG47,Old_growth,85,b1139,Carollia_castanea,Car_cas,d0469,M_06,Solanaceae,Solanum_erianthum
SP04,SE,24/11/2022,OG47,Old_growth,86,b1143,Carollia_perspicillata,Car_per,d0470,M_68,Piperaceae,Piper_sp1
SP04,SE,24/11/2022,OG47,Old_growth,86,b1144,Carollia_castanea,Car_cas,d0471,M_55,Piperaceae,Piper_multiplinervium
SP04,SE,24/11/2022,OG47,Old_growth,86,b1145,Vampyriscus_nymphaea,Vri_nym,d0472,M_52,Urticaceae,Cecropia_membranacea
SP04,SE,24/11/2022,OG47,Old_growth,86,b1146,Chiroderma_villosum,Chi_vil,d0473,M_37,Moraceae,Ficus_paraensis
SP04,SE,24/11/2022,OG47,Old_growth,86,b1148,Dermanura_rosenbergi,Der_ros,d0474,M_07,Melastomataceae,Conostegia_cuatrecasasii
SP04,SE,24/11/2022,OG47,Old_growth,86,b1149,Carollia_brevicaudum,Car_bre,d0475,M_68,Piperaceae,Piper_sp1
SP04,SE,25/11/2022,OG47,Old_growth,87,b1153,Carollia_perspicillata,Car_per,d0476,M_07,Melastomataceae,Conostegia_cuatrecasasii
SP04,SE,25/11/2022,OG47,Old_growth,87,b1153,Carollia_perspicillata,Car_per,d0477,M_68,Piperaceae,Piper_sp1
SP04,SE,29/11/2022,OG46,Old_growth,88,b1157,Rhinophylla_alethina,Rhi_ale,d0478,M_63,Piperaceae,Piper_sp2
SP04,SE,30/11/2022,OG46,Old_growth,89,b1158,Rhinophylla_alethina,Rhi_ale,d0479,M_108,Undetermined,Morpho_8
SP04,SE,30/11/2022,OG46,Old_growth,89,b1159,Rhinophylla_alethina,Rhi_ale,d0480,M_45,Undetermined,Morpho_12
SP04,SE,01/12/2022,OG46,Old_growth,90,b1162,Dermanura_rosenbergi,Der_ros,d0481,M_57,Urticaceae,Cecropia_insignis
SP04,SE,02/12/2022,OG44,Old_growth,91,b1166,Carollia_castanea,Car_cas,d0482,M_55,Piperaceae,Piper_multiplinervium
SP04,SE,13/12/2022,CR13,CR_early,94,b1169,Carollia_perspicillata,Car_per,d0483,M_55,Piperaceae,Piper_multiplinervium
SP04,SE,13/12/2022,CR13,CR_early,94,b1169,Carollia_perspicillata,Car_per,d0484,M_68,Piperaceae,Piper_sp1
SP04,SE,13/12/2022,CR13,CR_early,94,b1170,Rhinophylla_alethina,Rhi_ale,d0485,M_111,Undetermined,Morpho_8
SP04,SE,13/12/2022,CR13,CR_early,94,b1174,Carollia_castanea,Car_cas,d0486,M_05,Piperaceae,Piper_sp1
SP04,SE,13/12/2022,CR13,CR_early,94,b1174,Carollia_castanea,Car_cas,d0487,M_55,Piperaceae,Piper_multiplinervium
SP04,SE,13/12/2022,CR13,CR_early,94,b1174,Carollia_castanea,Car_cas,d0488,M_83,Piperaceae,Piper_peltatum
SP04,SE,13/12/2022,CR13,CR_early,94,b1175,Carollia_castanea,Car_cas,d0489,M_55,Piperaceae,Piper_multiplinervium
SP04,SE,13/12/2022,CR13,CR_early,94,b1176,Rhinophylla_alethina,Rhi_ale,d0490,M_36,Undetermined,Morpho_10
SP04,SE,13/12/2022,CR13,CR_early,94,b1178,Carollia_perspicillata,Car_per,d0491,M_19,Salicaceae,Morpho_17
SP04,SE,13/12/2022,CR13,CR_early,94,b1178,Carollia_perspicillata,Car_per,d0492,M_55,Piperaceae,Piper_multiplinervium
SP04,SE,13/12/2022,CR13,CR_early,94,b1179,Rhinophylla_alethina,Rhi_ale,d0493,M_85,Piperaceae,Piper_multiplinervium
SP04,SE,14/12/2022,CR13,CR_early,95,b1180,Rhinophylla_alethina,Rhi_ale,d0494,M_85,Piperaceae,Piper_multiplinervium
SP04,SE,14/12/2022,CR13,CR_early,95,b1182,Dermanura_rosenbergi,Der_ros,d0495,M_100,Urticaceae,Cecropia_insignis
SP04,SE,15/12/2022,CR13,CR_early,96,b1184,Dermanura_rosenbergi,Der_ros,d0496,M_101,Piperaceae,Piper_ottoniifolium
SP04,SE,16/12/2022,PR33,PR_early,97,b1186,Dermanura_ravus,Der_rav,d0497,M_95,Piperaceae,Piper_sp2
SP04,SE,16/12/2022,PR33,PR_early,97,b1187,Carollia_perspicillata,Car_per,d0498,M_68,Piperaceae,Piper_sp1
SP04,SE,16/12/2022,PR33,PR_early,97,b1188,Sturnia_luisi,Stu_lui,d0499,M_13,Solanaceae,Solanum_sp2
SP04,SE,16/12/2022,PR33,PR_early,97,b1189,Sturnia_luisi,Stu_lui,d0500,M_13,Solanaceae,Solanum_sp2
SP04,SE,16/12/2022,PR33,PR_early,97,b1190,Carollia_perspicillata,Car_per,d0501,M_68,Piperaceae,Piper_sp1
SP04,SE,16/12/2022,PR33,PR_early,97,b1193,Carollia_castanea,Car_cas,d0502,M_04,Piperaceae,Piper_multiplinervium
SP04,SE,16/12/2022,PR33,PR_early,97,b1193,Carollia_castanea,Car_cas,d0503,M_68,Piperaceae,Piper_sp1
SP04,SE,17/12/2022,PR33,PR_early,98,b1194,Dermanura_ravus,Der_rav,d0504,M_68,Piperaceae,Piper_sp1
SP04,SE,17/12/2022,PR33,PR_early,98,b1196,Carollia_perspicillata,Car_per,d0505,M_13,Solanaceae,Solanum_sp2
SP04,SE,17/12/2022,PR33,PR_early,98,b1197,Dermanura_rosenbergi,Der_ros,d0506,M_19,Salicaceae,Morpho_17
SP04,SE,17/12/2022,PR33,PR_early,98,b1199,Dermanura_rosenbergi,Der_ros,d0507,M_68,Piperaceae,Piper_sp1
SP04,SE,17/12/2022,PR33,PR_early,98,b1200,Carollia_perspicillata,Car_per,d0508,M_68,Piperaceae,Piper_sp1
SP04,SE,19/12/2022,PR33,PR_early,99,b1203,Carollia_castanea,Car_cas,d0509,M_05,Piperaceae,Piper_sp1
SP04,SE,19/12/2022,PR33,PR_early,99,b1204,Carollia_castanea,Car_cas,d0510,M_13,Solanaceae,Solanum_sp2
SP04,SE,21/03/2023,CA59,Cacao,100,b1209,Carollia_brevicaudum,Car_bre,d0511,M_09,Hypericaceae,Vismia_baccifera
SP04,SE,21/03/2023,CA59,Cacao,100,b1210,Carollia_perspicillata,Car_per,d0512,M_13,Solanaceae,Solanum_sp2
SP04,SE,21/03/2023,CA59,Cacao,100,b1210,Carollia_perspicillata,Car_per,d0513,M_68,Piperaceae,Piper_sp1
SP04,SE,21/03/2023,CA59,Cacao,100,b1215,Vampyriscus_nymphaea,Vri_nym,d0514,M_15,Salicaceae,Morpho_18
SP04,SE,22/03/2023,CA59,Cacao,101,b1220,Vampyressa_thyone,Vre_thy,d0515,M_37,Moraceae,Ficus_paraensis
SP04,SE,22/03/2023,CA59,Cacao,101,b1221,Chiroderma_villosum,Chi_vil,d0516,M_86,Moraceae,Ficus_sp1
SP04,SE,22/03/2023,CA59,Cacao,101,b1225,Uroderma_convexum,Uro_con,d0517,M_86,Moraceae,Ficus_sp1
SP04,SE,22/03/2023,CA59,Cacao,101,b1226,Carollia_castanea,Car_cas,d0518,M_06,Solanaceae,Solanum_erianthum
SP04,SE,23/03/2023,CA59,Cacao,102,b1230,Carollia_brevicaudum,Car_bre,d0519,M_05,Piperaceae,Piper_sp1
SP04,SE,23/03/2023,CA59,Cacao,102,b1235,Sturnia_luisi,Stu_lui,d0520,M_19,Salicaceae,Morpho_17
SP04,SE,23/03/2023,CA59,Cacao,102,b1236,Uroderma_convexum,Uro_con,d0521,M_15,Salicaceae,Morpho_18
SP04,SE,23/03/2023,CA59,Cacao,102,b1240,Platyrrhinus_matapalensis,Pla_mat,d0522,M_52,Urticaceae,Cecropia_membranacea
SP04,SE,26/03/2023,PR22,PR_early,103,b1241,Dermanura_rosenbergi,Der_ros,d0523,M_01,Salicaceae,Banara_guianensis
SP04,SE,26/03/2023,PR22,PR_early,103,b1242,Carollia_perspicillata,Car_per,d0524,M_09,Hypericaceae,Vismia_baccifera
SP04,SE,26/03/2023,PR22,PR_early,103,b1243,Carollia_perspicillata,Car_per,d0525,M_68,Piperaceae,Piper_sp1
SP04,SE,26/03/2023,PR22,PR_early,103,b1244,Carollia_castanea,Car_cas,d0526,M_68,Piperaceae,Piper_sp1
SP04,SE,26/03/2023,PR22,PR_early,103,b1245,Sturnia_luisi,Stu_lui,d0527,M_13,Solanaceae,Solanum_sp2
SP04,SE,26/03/2023,PR22,PR_early,103,b1246,Dermanura_rosenbergi,Der_ros,d0528,M_01,Salicaceae,Banara_guianensis
SP04,SE,26/03/2023,PR22,PR_early,103,b1246,Dermanura_rosenbergi,Der_ros,d0529,M_68,Piperaceae,Piper_sp1
SP04,SE,26/03/2023,PR22,PR_early,103,b1247,Carollia_perspicillata,Car_per,d0530,M_13,Solanaceae,Solanum_sp2
SP04,SE,26/03/2023,PR22,PR_early,103,b1250,Carollia_perspicillata,Car_per,d0531,M_09,Hypericaceae,Vismia_baccifera
SP04,SE,26/03/2023,PR22,PR_early,103,b1252,Carollia_perspicillata,Car_per,d0532,M_01,Salicaceae,Banara_guianensis
SP04,SE,26/03/2023,PR22,PR_early,103,b1252,Carollia_perspicillata,Car_per,d0533,M_54,Hypericaceae,Vismia_baccifera
SP04,SE,26/03/2023,PR22,PR_early,103,b1252,Carollia_perspicillata,Car_per,d0534,M_68,Piperaceae,Piper_sp1
SP04,SE,27/03/2023,PR22,PR_early,104,b1257,Carollia_brevicaudum,Car_bre,d0535,M_54,Hypericaceae,Vismia_baccifera
SP04,SE,27/03/2023,PR22,PR_early,104,b1258,Rhinophylla_alethina,Rhi_ale,d0536,M_87,Salicaceae,Banara_guianensis
SP04,SE,27/03/2023,PR22,PR_early,104,b1259,Carollia_perspicillata,Car_per,d0537,M_01,Salicaceae,Banara_guianensis
SP04,SE,27/03/2023,PR22,PR_early,104,b1260,Carollia_brevicaudum,Car_bre,d0538,M_09,Hypericaceae,Vismia_baccifera
SP04,SE,27/03/2023,PR22,PR_early,104,b1261,Carollia_perspicillata,Car_per,d0539,M_09,Hypericaceae,Vismia_baccifera
SP04,SE,27/03/2023,PR22,PR_early,104,b1263,Carollia_perspicillata,Car_per,d0540,M_05,Piperaceae,Piper_sp1
SP04,SE,27/03/2023,PR22,PR_early,104,b1263,Carollia_perspicillata,Car_per,d0541,M_13,Solanaceae,Solanum_sp2
SP04,SE,27/03/2023,PR22,PR_early,104,b1268,Dermanura_rosenbergi,Der_ros,d0542,M_01,Salicaceae,Banara_guianensis
SP04,SE,27/03/2023,PR22,PR_early,104,b1268,Dermanura_rosenbergi,Der_ros,d0543,M_68,Piperaceae,Piper_sp1
SP04,SE,27/03/2023,PR22,PR_early,104,b1270,Platyrrhinus_matapalensis,Pla_mat,d0544,M_52,Urticaceae,Cecropia_membranacea
SP04,SE,27/03/2023,PR22,PR_early,104,b1271,Carollia_perspicillata,Car_per,d0545,M_01,Salicaceae,Banara_guianensis
SP04,SE,27/03/2023,PR22,PR_early,104,b1272,Carollia_perspicillata,Car_per,d0546,M_01,Salicaceae,Banara_guianensis
SP04,SE,27/03/2023,PR22,PR_early,104,b1272,Carollia_perspicillata,Car_per,d0547,M_68,Piperaceae,Piper_sp1
SP04,SE,27/03/2023,PR22,PR_early,104,b1274,Carollia_brevicaudum,Car_bre,d0548,M_01,Salicaceae,Banara_guianensis
SP04,SE,27/03/2023,PR22,PR_early,104,b1277,Carollia_perspicillata,Car_per,d0549,M_01,Salicaceae,Banara_guianensis
SP04,SE,27/03/2023,PR22,PR_early,104,b1280,Carollia_perspicillata,Car_per,d0550,M_01,Salicaceae,Banara_guianensis
SP04,SE,27/03/2023,PR22,PR_early,104,b1281,Carollia_brevicaudum,Car_bre,d0551,M_54,Hypericaceae,Vismia_baccifera
SP04,SE,29/03/2023,CR05,CR_early,106,b1284,Dermanura_rosenbergi,Der_ros,d0552,M_01,Salicaceae,Banara_guianensis
SP04,SE,29/03/2023,CR05,CR_early,106,b1284,Dermanura_rosenbergi,Der_ros,d0553,M_46,Solanaceae,Solanum_sp4
SP04,SE,29/03/2023,CR05,CR_early,106,b1285,Carollia_perspicillata,Car_per,d0554,M_54,Hypericaceae,Vismia_baccifera
SP04,SE,29/03/2023,CR05,CR_early,106,b1296,Carollia_perspicillata,Car_per,d0555,M_46,Solanaceae,Solanum_sp4
SP04,SE,29/03/2023,CR05,CR_early,106,b1297,Carollia_castanea,Car_cas,d0556,M_01,Salicaceae,Banara_guianensis
SP04,SE,29/03/2023,CR05,CR_early,106,b1297,Carollia_castanea,Car_cas,d0557,M_38,Piperaceae,Piper_sp4
SP04,SE,29/03/2023,CR05,CR_early,106,b1297,Carollia_castanea,Car_cas,d0558,M_68,Piperaceae,Piper_sp1
SP04,SE,29/03/2023,CR05,CR_early,106,b1298,Carollia_perspicillata,Car_per,d0559,M_06,Solanaceae,Solanum_erianthum
SP04,SE,29/03/2023,CR05,CR_early,106,b1298,Carollia_perspicillata,Car_per,d0560,M_68,Piperaceae,Piper_sp1
SP04,SE,29/03/2023,CR05,CR_early,106,b1304,Carollia_perspicillata,Car_per,d0561,M_09,Hypericaceae,Vismia_baccifera
SP04,SE,29/03/2023,CR05,CR_early,106,b1304,Carollia_perspicillata,Car_per,d0562,M_68,Piperaceae,Piper_sp1
SP04,SE,29/03/2023,CR05,CR_early,106,b1305,Carollia_perspicillata,Car_per,d0563,M_46,Solanaceae,Solanum_sp4
SP04,SE,29/03/2023,CR05,CR_early,106,b1305,Carollia_perspicillata,Car_per,d0564,M_68,Piperaceae,Piper_sp1
SP04,SE,29/03/2023,CR05,CR_early,106,b1318,Carollia_perspicillata,Car_per,d0565,M_05,Piperaceae,Piper_sp1
SP04,SE,29/03/2023,CR05,CR_early,106,b1325,Carollia_perspicillata,Car_per,d0566,M_68,Piperaceae,Piper_sp1
SP04,SE,29/03/2023,CR05,CR_early,106,b1326,Carollia_castanea,Car_cas,d0567,M_05,Piperaceae,Piper_sp1
SP04,SE,29/03/2023,CR05,CR_early,106,b1327,Carollia_castanea,Car_cas,d0568,M_89,Piperaceae,Piper_multiplinervium
SP04,SE,29/03/2023,CR05,CR_early,106,b1329,Carollia_brevicaudum,Car_bre,d0569,M_01,Salicaceae,Banara_guianensis
SP04,SE,29/03/2023,CR05,CR_early,106,b1329,Carollia_brevicaudum,Car_bre,d0570,M_68,Piperaceae,Piper_sp1
SP04,SE,29/03/2023,CR05,CR_early,106,b1334,Carollia_perspicillata,Car_per,d0571,M_68,Piperaceae,Piper_sp1
SP04,SE,29/03/2023,CR05,CR_early,106,b1338,Carollia_perspicillata,Car_per,d0572,M_09,Hypericaceae,Vismia_baccifera
SP04,SE,29/03/2023,CR05,CR_early,106,b1340,Dermanura_ravus,Der_rav,d0573,M_37,Moraceae,Ficus_paraensis
SP04,SE,29/03/2023,CR05,CR_early,106,b1341,Carollia_perspicillata,Car_per,d0574,M_68,Piperaceae,Piper_sp1
SP04,SE,29/03/2023,CR05,CR_early,106,b1342,Vampyressa_thyone,Vre_thy,d0575,M_37,Moraceae,Ficus_paraensis
SP04,SE,29/03/2023,CR05,CR_early,106,b1345,Carollia_perspicillata,Car_per,d0576,M_01,Salicaceae,Banara_guianensis
SP04,SE,29/03/2023,CR05,CR_early,106,b1345,Carollia_perspicillata,Car_per,d0577,M_68,Piperaceae,Piper_sp1
SP04,SE,29/03/2023,CR05,CR_early,106,b1348,Platyrrhinus_matapalensis,Pla_mat,d0578,M_52,Urticaceae,Cecropia_membranacea
SP04,SE,29/03/2023,CR05,CR_early,106,b1351,Sturnia_luisi,Stu_lui,d0579,M_13,Solanaceae,Solanum_sp2
SP04,SE,29/03/2023,CR05,CR_early,106,b1352,Sturnira_perla,Stu_per,d0580,M_20,Piperaceae,Piper_sp1
SP04,SE,31/03/2023,CR05,CR_early,108,b1355,Vampyressa_thyone,Vre_thy,d0581,M_37,Moraceae,Ficus_paraensis
SP04,SE,31/03/2023,CR05,CR_early,108,b1359,Vampyressa_thyone,Vre_thy,d0582,M_37,Moraceae,Ficus_paraensis
SP04,SE,31/03/2023,CR05,CR_early,108,b1360,Vampyriscus_nymphaea,Vri_nym,d0583,M_52,Urticaceae,Cecropia_membranacea
SP04,SE,31/03/2023,CR05,CR_early,108,b1368,Carollia_castanea,Car_cas,d0584,M_05,Piperaceae,Piper_sp1
SP04,SE,10/04/2023,OG42,Old_growth,109,b1370,Carollia_castanea,Car_cas,d0585,M_05,Piperaceae,Piper_sp1
SP04,SE,10/04/2023,OG42,Old_growth,109,b1374,Carollia_perspicillata,Car_per,d0586,M_61,Araceae,Philodendron_sp1
SP04,SE,10/04/2023,OG42,Old_growth,109,b1375,Carollia_perspicillata,Car_per,d0587,M_68,Piperaceae,Piper_sp1
SP04,SE,10/04/2023,OG42,Old_growth,109,b1376,Dermanura_rosenbergi,Der_ros,d0588,M_91,Undetermined,Morpho_7
SP04,SE,10/04/2023,OG42,Old_growth,109,b1380,Carollia_perspicillata,Car_per,d0589,M_13,Solanaceae,Solanum_sp2
SP04,SE,10/04/2023,OG42,Old_growth,109,b1382,Carollia_brevicaudum,Car_bre,d0590,M_68,Piperaceae,Piper_sp1
SP04,SE,10/04/2023,OG42,Old_growth,109,b1384,Carollia_perspicillata,Car_per,d0591,M_44,Piperaceae,Piper_peltatum
SP04,SE,10/04/2023,OG42,Old_growth,109,b1385,Vampyressa_thyone,Vre_thy,d0592,M_37,Moraceae,Ficus_paraensis
SP04,SE,10/04/2023,OG42,Old_growth,109,b1387,Vampyressa_thyone,Vre_thy,d0593,M_37,Moraceae,Ficus_paraensis
SP04,SE,10/04/2023,OG42,Old_growth,109,b1389,Carollia_perspicillata,Car_per,d0594,M_44,Piperaceae,Piper_peltatum
SP04,SE,10/04/2023,OG42,Old_growth,109,b1395,Carollia_perspicillata,Car_per,d0595,M_13,Solanaceae,Solanum_sp2
SP04,SE,10/04/2023,OG42,Old_growth,109,b1397,Carollia_perspicillata,Car_per,d0596,M_68,Piperaceae,Piper_sp1
SP04,SE,10/04/2023,OG42,Old_growth,109,b1402,Carollia_castanea,Car_cas,d0597,M_05,Piperaceae,Piper_sp1
SP04,SE,10/04/2023,OG42,Old_growth,109,b1404,Dermanura_rosenbergi,Der_ros,d0598,M_69,Piperaceae,Piper_ottoniifolium
SP04,SE,10/04/2023,OG42,Old_growth,109,b1426,Carollia_brevicaudum,Car_bre,d0599,M_06,Solanaceae,Solanum_erianthum
SP04,SE,10/04/2023,OG42,Old_growth,109,b1442,Vampyriscus_nymphaea,Vri_nym,d0600,M_52,Urticaceae,Cecropia_membranacea
SP04,SE,10/04/2023,OG42,Old_growth,109,b1444,Lichonycteris_obscura,Lic_obs,d0601,M_64,Melastomataceae,Conostegia_cuatrecasasii
SP04,SE,10/04/2023,OG42,Old_growth,109,b1445,Vampyriscus_nymphaea,Vri_nym,d0602,M_52,Urticaceae,Cecropia_membranacea
SP04,SE,11/04/2023,OG42,Old_growth,110,b1450,Carollia_brevicaudum,Car_bre,d0603,M_06,Solanaceae,Solanum_erianthum
SP04,SE,11/04/2023,OG42,Old_growth,110,b1452,Carollia_castanea,Car_cas,d0604,M_72,Piperaceae,Piper_ottoniifolium
SP04,SE,11/04/2023,OG42,Old_growth,110,b1454,Carollia_perspicillata,Car_per,d0605,M_05,Piperaceae,Piper_sp1
SP04,SE,11/04/2023,OG42,Old_growth,110,b1455,Carollia_brevicaudum,Car_bre,d0606,M_13,Solanaceae,Solanum_sp2
SP04,SE,11/04/2023,OG42,Old_growth,110,b1455,Carollia_brevicaudum,Car_bre,d0607,M_44,Piperaceae,Piper_peltatum
SP04,SE,11/04/2023,OG42,Old_growth,110,b1458,Carollia_perspicillata,Car_per,d0608,M_13,Solanaceae,Solanum_sp2
SP04,SE,11/04/2023,OG42,Old_growth,110,b1459,Carollia_perspicillata,Car_per,d0609,M_44,Piperaceae,Piper_peltatum
SP04,SE,11/04/2023,OG42,Old_growth,110,b1461,Carollia_perspicillata,Car_per,d0610,M_44,Piperaceae,Piper_peltatum
SP04,SE,11/04/2023,OG42,Old_growth,110,b1469,Lichonycteris_obscura,Lic_obs,d0611,M_64,Melastomataceae,Conostegia_cuatrecasasii
SP04,SE,11/04/2023,OG42,Old_growth,110,b1473,Carollia_castanea,Car_cas,d0612,M_15,Salicaceae,Morpho_18
SP04,SE,11/04/2023,OG42,Old_growth,110,b1473,Carollia_castanea,Car_cas,d0613,M_91,Undetermined,Morpho_7
SP04,SE,13/04/2023,PR19,PR_early,112,b1477,Carollia_castanea,Car_cas,d0614,M_05,Piperaceae,Piper_sp1
SP04,SE,13/04/2023,PR19,PR_early,112,b1480,Carollia_castanea,Car_cas,d0615,M_05,Piperaceae,Piper_sp1
SP04,SE,13/04/2023,PR19,PR_early,112,b1480,Carollia_castanea,Car_cas,d0616,M_44,Piperaceae,Piper_peltatum
SP04,SE,13/04/2023,PR19,PR_early,112,b1486,Sturnia_luisi,Stu_lui,d0617,M_13,Solanaceae,Solanum_sp2
SP04,SE,13/04/2023,PR19,PR_early,112,b1487,Carollia_perspicillata,Car_per,d0618,M_13,Solanaceae,Solanum_sp2
SP04,SE,13/04/2023,PR19,PR_early,112,b1487,Carollia_perspicillata,Car_per,d0619,M_20,Piperaceae,Piper_sp1
SP04,SE,13/04/2023,PR19,PR_early,112,b1488,Carollia_perspicillata,Car_per,d0620,M_13,Solanaceae,Solanum_sp2
SP04,SE,13/04/2023,PR19,PR_early,112,b1488,Carollia_perspicillata,Car_per,d0621,M_68,Piperaceae,Piper_sp1
SP04,SE,13/04/2023,PR19,PR_early,112,b1489,Carollia_perspicillata,Car_per,d0622,M_13,Solanaceae,Solanum_sp2
SP04,SE,13/04/2023,PR19,PR_early,112,b1489,Carollia_perspicillata,Car_per,d0623,M_44,Piperaceae,Piper_peltatum
SP04,SE,14/04/2023,PR19,PR_early,113,b1496,Carollia_perspicillata,Car_per,d0624,M_54,Hypericaceae,Vismia_baccifera
SP04,SE,14/04/2023,PR19,PR_early,113,b1497,Carollia_brevicaudum,Car_bre,d0625,M_05,Piperaceae,Piper_sp1
SP04,SE,14/04/2023,PR19,PR_early,113,b1497,Carollia_brevicaudum,Car_bre,d0626,M_61,Araceae,Philodendron_sp1
SP04,SE,14/04/2023,PR19,PR_early,113,b1499,Carollia_perspicillata,Car_per,d0627,M_05,Piperaceae,Piper_sp1
SP04,SE,14/04/2023,PR19,PR_early,113,b1499,Carollia_perspicillata,Car_per,d0628,M_13,Solanaceae,Solanum_sp2
SP04,SE,14/04/2023,PR19,PR_early,113,b1501,Uroderma_convexum,Uro_con,d0629,M_13,Solanaceae,Solanum_sp2
SP04,SE,14/04/2023,PR19,PR_early,113,b1505,Uroderma_convexum,Uro_con,d0630,M_13,Solanaceae,Solanum_sp2
SP04,SE,14/04/2023,PR19,PR_early,113,b1507,Carollia_perspicillata,Car_per,d0631,M_13,Solanaceae,Solanum_sp2
SP04,SE,14/04/2023,PR19,PR_early,113,b1509,Carollia_castanea,Car_cas,d0632,M_05,Piperaceae,Piper_sp1
SP04,SE,14/04/2023,PR19,PR_early,113,b1511,Dermanura_ravus,Der_rav,d0633,M_15,Salicaceae,Morpho_18
SP04,SE,14/04/2023,PR19,PR_early,113,b1521,Platyrrhinus_helleri,Pla_hel,d0634,M_52,Urticaceae,Cecropia_membranacea
SP04,SE,19/04/2023,PR36,PR_early,115,b1522,Carollia_perspicillata,Car_per,d0635,M_69,Piperaceae,Piper_ottoniifolium
SP04,SE,19/04/2023,PR36,PR_early,115,b1523,Carollia_perspicillata,Car_per,d0636,M_06,Solanaceae,Solanum_erianthum
SP04,SE,19/04/2023,PR36,PR_early,115,b1527,Carollia_perspicillata,Car_per,d0637,M_09,Hypericaceae,Vismia_baccifera
SP04,SE,19/04/2023,PR36,PR_early,115,b1527,Carollia_perspicillata,Car_per,d0638,M_13,Solanaceae,Solanum_sp2
SP04,SE,19/04/2023,PR36,PR_early,115,b1528,Carollia_perspicillata,Car_per,d0639,M_54,Hypericaceae,Vismia_baccifera
SP04,SE,19/04/2023,PR36,PR_early,115,b1534,Carollia_perspicillata,Car_per,d0640,M_09,Hypericaceae,Vismia_baccifera
SP04,SE,19/04/2023,PR36,PR_early,115,b1535,Carollia_perspicillata,Car_per,d0641,M_09,Hypericaceae,Vismia_baccifera
SP04,SE,19/04/2023,PR36,PR_early,115,b1537,Carollia_perspicillata,Car_per,d0642,M_06,Solanaceae,Solanum_erianthum
SP04,SE,19/04/2023,PR36,PR_early,115,b1543,Carollia_brevicaudum,Car_bre,d0643,M_13,Solanaceae,Solanum_sp2
SP04,SE,19/04/2023,PR36,PR_early,115,b1547,Carollia_perspicillata,Car_per,d0644,M_09,Hypericaceae,Vismia_baccifera
SP04,SE,19/04/2023,PR36,PR_early,115,b1549,Carollia_castanea,Car_cas,d0645,M_06,Solanaceae,Solanum_erianthum
SP04,SE,19/04/2023,PR36,PR_early,115,b1555,Artibeus_lituratus,Art_lit,d0646,M_52,Urticaceae,Cecropia_membranacea
SP04,SE,19/04/2023,PR36,PR_early,115,b1556,Carollia_perspicillata,Car_per,d0647,M_09,Hypericaceae,Vismia_baccifera
SP04,SE,19/04/2023,PR36,PR_early,115,b1559,Carollia_castanea,Car_cas,d0648,M_54,Hypericaceae,Vismia_baccifera
SP04,SE,19/04/2023,PR36,PR_early,115,b1566,Carollia_perspicillata,Car_per,d0649,M_05,Piperaceae,Piper_sp1
SP04,SE,19/04/2023,PR36,PR_early,115,b1568,Carollia_perspicillata,Car_per,d0650,M_54,Hypericaceae,Vismia_baccifera
SP04,SE,19/04/2023,PR36,PR_early,115,b1572,Carollia_perspicillata,Car_per,d0651,M_06,Solanaceae,Solanum_erianthum
SP04,SE,19/04/2023,PR36,PR_early,115,b1576,Carollia_castanea,Car_cas,d0652,M_09,Hypericaceae,Vismia_baccifera
SP04,SE,19/04/2023,PR36,PR_early,115,b1577,Carollia_perspicillata,Car_per,d0653,M_09,Hypericaceae,Vismia_baccifera
SP04,SE,19/04/2023,PR36,PR_early,115,b1585,Sturnia_luisi,Stu_lui,d0654,M_52,Urticaceae,Cecropia_membranacea
SP04,SE,19/04/2023,PR36,PR_early,115,b1587,Platyrrhinus_dorsalis,Pla_dor,d0655,M_52,Urticaceae,Cecropia_membranacea
SP04,SE,19/04/2023,PR36,PR_early,115,b1589,Artibeus_aequatorialis,Art_aeq,d0656,M_52,Urticaceae,Cecropia_membranacea
SP04,SE,20/04/2023,PR36,PR_early,116,b1592,Dermanura_rosenbergi,Der_ros,d0657,M_06,Solanaceae,Solanum_erianthum
SP04,SE,20/04/2023,PR36,PR_early,116,b1596,Carollia_perspicillata,Car_per,d0658,M_09,Hypericaceae,Vismia_baccifera
SP04,SE,20/04/2023,PR36,PR_early,116,b1604,Carollia_perspicillata,Car_per,d0659,M_54,Hypericaceae,Vismia_baccifera
SP04,SE,20/04/2023,PR36,PR_early,116,b1605,Carollia_perspicillata,Car_per,d0660,M_54,Hypericaceae,Vismia_baccifera
SP04,SE,20/04/2023,PR36,PR_early,116,b1606,Carollia_perspicillata,Car_per,d0661,M_04,Piperaceae,Piper_multiplinervium
SP04,SE,20/04/2023,PR36,PR_early,116,b1606,Carollia_perspicillata,Car_per,d0662,M_09,Hypericaceae,Vismia_baccifera
SP04,SE,20/04/2023,PR36,PR_early,116,b1608,Carollia_castanea,Car_cas,d0663,M_09,Hypericaceae,Vismia_baccifera
SP04,SE,20/04/2023,PR36,PR_early,116,b1609,Carollia_perspicillata,Car_per,d0664,M_06,Solanaceae,Solanum_erianthum
SP04,SE,20/04/2023,PR36,PR_early,116,b1610,Carollia_perspicillata,Car_per,d0665,M_06,Solanaceae,Solanum_erianthum
SP04,SE,21/04/2023,PR36,PR_early,117,b1614,Carollia_brevicaudum,Car_bre,d0666,M_09,Hypericaceae,Vismia_baccifera
SP04,SE,21/04/2023,PR36,PR_early,117,b1614,Carollia_brevicaudum,Car_bre,d0667,M_72,Piperaceae,Piper_ottoniifolium
SP04,SE,21/04/2023,PR36,PR_early,117,b1615,Carollia_brevicaudum,Car_bre,d0668,M_05,Piperaceae,Piper_sp1
SP04,SE,21/04/2023,PR36,PR_early,117,b1615,Carollia_brevicaudum,Car_bre,d0669,M_54,Hypericaceae,Vismia_baccifera
SP04,SE,21/04/2023,PR36,PR_early,117,b1616,Carollia_perspicillata,Car_per,d0670,M_54,Hypericaceae,Vismia_baccifera
SP04,SE,21/04/2023,PR36,PR_early,117,b1617,Carollia_perspicillata,Car_per,d0671,M_09,Hypericaceae,Vismia_baccifera
SP04,SE,21/04/2023,PR36,PR_early,117,b1617,Carollia_perspicillata,Car_per,d0672,M_72,Piperaceae,Piper_ottoniifolium
SP04,SE,22/04/2023,CR17,CR_early,118,b1619,Carollia_perspicillata,Car_per,d0673,M_54,Hypericaceae,Vismia_baccifera
SP04,SE,22/04/2023,CR17,CR_early,118,b1621,Vampyriscus_nymphaea,Vri_nym,d0674,M_52,Urticaceae,Cecropia_membranacea
SP04,SE,22/04/2023,CR17,CR_early,118,b1623,Carollia_brevicaudum,Car_bre,d0675,M_54,Hypericaceae,Vismia_baccifera
SP04,SE,22/04/2023,CR17,CR_early,118,b1624,Carollia_castanea,Car_cas,d0676,M_05,Piperaceae,Piper_sp1
SP04,SE,22/04/2023,CR17,CR_early,118,b1624,Carollia_castanea,Car_cas,d0677,M_54,Hypericaceae,Vismia_baccifera
SP04,SE,22/04/2023,CR17,CR_early,118,b1626,Carollia_brevicaudum,Car_bre,d0678,M_54,Hypericaceae,Vismia_baccifera
SP04,SE,22/04/2023,CR17,CR_early,118,b1627,Carollia_perspicillata,Car_per,d0679,M_05,Piperaceae,Piper_sp1
SP04,SE,22/04/2023,CR17,CR_early,118,b1628,Carollia_perspicillata,Car_per,d0680,M_54,Hypericaceae,Vismia_baccifera
SP04,SE,22/04/2023,CR17,CR_early,118,b1629,Carollia_perspicillata,Car_per,d0681,M_54,Hypericaceae,Vismia_baccifera
SP04,SE,22/04/2023,CR17,CR_early,118,b1630,Carollia_perspicillata,Car_per,d0682,M_03,Piperaceae,Piper_ottoniifolium
SP04,SE,22/04/2023,CR17,CR_early,118,b1630,Carollia_perspicillata,Car_per,d0683,M_44,Piperaceae,Piper_peltatum
SP04,SE,22/04/2023,CR17,CR_early,118,b1632,Carollia_castanea,Car_cas,d0684,M_03,Piperaceae,Piper_ottoniifolium
SP04,SE,22/04/2023,CR17,CR_early,118,b1632,Carollia_castanea,Car_cas,d0685,M_05,Piperaceae,Piper_sp1
SP04,SE,22/04/2023,CR17,CR_early,118,b1634,Carollia_castanea,Car_cas,d0686,M_54,Hypericaceae,Vismia_baccifera
SP04,SE,22/04/2023,CR17,CR_early,118,b1638,Carollia_perspicillata,Car_per,d0687,M_54,Hypericaceae,Vismia_baccifera
SP04,SE,22/04/2023,CR17,CR_early,118,b1642,Dermanura_ravus,Der_rav,d0688,M_15,Salicaceae,Morpho_18
SP04,SE,22/04/2023,CR17,CR_early,118,b1643,Carollia_brevicaudum,Car_bre,d0689,M_54,Hypericaceae,Vismia_baccifera
SP04,SE,22/04/2023,CR17,CR_early,118,b1644,Rhinophylla_alethina,Rhi_ale,d0690,M_19,Salicaceae,Morpho_17
SP04,SE,22/04/2023,CR17,CR_early,118,b1645,Carollia_perspicillata,Car_per,d0691,M_09,Hypericaceae,Vismia_baccifera
SP04,SE,22/04/2023,CR17,CR_early,118,b1647,Carollia_perspicillata,Car_per,d0692,M_09,Hypericaceae,Vismia_baccifera
SP04,SE,22/04/2023,CR17,CR_early,118,b1651,Carollia_perspicillata,Car_per,d0693,M_54,Hypericaceae,Vismia_baccifera
SP04,SE,22/04/2023,CR17,CR_early,118,b1652,Vampyriscus_nymphaea,Vri_nym,d0694,M_52,Urticaceae,Cecropia_membranacea
SP04,SE,22/04/2023,CR17,CR_early,118,b1661,Carollia_perspicillata,Car_per,d0695,M_09,Hypericaceae,Vismia_baccifera
SP04,SE,22/04/2023,CR17,CR_early,118,b1662,Carollia_brevicaudum,Car_bre,d0696,M_09,Hypericaceae,Vismia_baccifera
SP04,SE,22/04/2023,CR17,CR_early,118,b1664,Dermanura_rosenbergi,Der_ros,d0697,M_06,Solanaceae,Solanum_erianthum
SP04,SE,22/04/2023,CR17,CR_early,118,b1666,Dermanura_rosenbergi,Der_ros,d0698,M_06,Solanaceae,Solanum_erianthum
SP04,SE,22/04/2023,CR17,CR_early,118,b1679,Carollia_perspicillata,Car_per,d0699,M_13,Solanaceae,Solanum_sp2
SP04,SE,22/04/2023,CR17,CR_early,118,b1696,Carollia_perspicillata,Car_per,d0700,M_09,Hypericaceae,Vismia_baccifera
SP04,SE,23/04/2023,CR17,CR_early,119,b1698,Carollia_castanea,Car_cas,d0701,M_09,Hypericaceae,Vismia_baccifera
SP04,SE,23/04/2023,CR17,CR_early,119,b1698,Carollia_castanea,Car_cas,d0702,M_38,Piperaceae,Piper_sp4
SP04,SE,23/04/2023,CR17,CR_early,119,b1704,Carollia_brevicaudum,Car_bre,d0703,M_54,Hypericaceae,Vismia_baccifera
SP04,SE,23/04/2023,CR17,CR_early,119,b1707,Carollia_perspicillata,Car_per,d0704,M_09,Hypericaceae,Vismia_baccifera
SP04,SE,23/04/2023,CR17,CR_early,119,b1710,Carollia_perspicillata,Car_per,d0705,M_54,Hypericaceae,Vismia_baccifera
SP04,SE,23/04/2023,CR17,CR_early,119,b1711,Carollia_perspicillata,Car_per,d0706,M_54,Hypericaceae,Vismia_baccifera
SP04,SE,23/04/2023,CR17,CR_early,119,b1712,Carollia_brevicaudum,Car_bre,d0707,M_71,Hypericaceae,Vismia_baccifera
SP04,SE,23/04/2023,CR17,CR_early,119,b1716,Carollia_perspicillata,Car_per,d0708,M_54,Hypericaceae,Vismia_baccifera
SP04,SE,23/04/2023,CR17,CR_early,119,b1716,Carollia_perspicillata,Car_per,d0709,M_69,Piperaceae,Piper_ottoniifolium
SP04,SE,23/04/2023,CR17,CR_early,119,b1720,Carollia_castanea,Car_cas,d0710,M_09,Hypericaceae,Vismia_baccifera
SP04,SE,23/04/2023,CR17,CR_early,119,b1723,Carollia_perspicillata,Car_per,d0711,M_54,Hypericaceae,Vismia_baccifera
SP04,SE,23/04/2023,CR17,CR_early,119,b1727,Carollia_perspicillata,Car_per,d0712,M_03,Piperaceae,Piper_ottoniifolium
SP04,SE,23/04/2023,CR17,CR_early,119,b1727,Carollia_perspicillata,Car_per,d0713,M_09,Hypericaceae,Vismia_baccifera
SP04,SE,23/04/2023,CR17,CR_early,119,b1730,Dermanura_rosenbergi,Der_ros,d0714,M_01,Salicaceae,Banara_guianensis
SP04,SE,23/04/2023,CR17,CR_early,119,b1733,Carollia_perspicillata,Car_per,d0715,M_09,Hypericaceae,Vismia_baccifera
SP04,SE,23/04/2023,CR17,CR_early,119,b1733,Carollia_perspicillata,Car_per,d0716,M_69,Piperaceae,Piper_ottoniifolium
SP04,SE,24/04/2023,CR17,CR_early,120,b1738,Carollia_perspicillata,Car_per,d0717,M_19,Salicaceae,Morpho_17
SP04,SE,25/04/2023,CR16,CR_early,121,b1746,Carollia_perspicillata,Car_per,d0718,M_71,Hypericaceae,Vismia_baccifera
SP04,SE,25/04/2023,CR16,CR_early,121,b1758,Carollia_brevicaudum,Car_bre,d0719,M_71,Hypericaceae,Vismia_baccifera
SP04,SE,25/04/2023,CR16,CR_early,121,b1761,Dermanura_ravus,Der_rav,d0720,M_01,Salicaceae,Banara_guianensis
SP04,SE,25/04/2023,CR16,CR_early,121,b1770,Carollia_brevicaudum,Car_bre,d0721,M_09,Hypericaceae,Vismia_baccifera
SP04,SE,25/04/2023,CR16,CR_early,121,b1776,Dermanura_rosenbergi,Der_ros,d0722,M_06,Solanaceae,Solanum_erianthum
SP04,SE,25/04/2023,CR16,CR_early,121,b1778,Carollia_castanea,Car_cas,d0723,M_63,Piperaceae,Piper_sp2
SP04,SE,25/04/2023,CR16,CR_early,121,b1780,Carollia_brevicaudum,Car_bre,d0724,M_54,Hypericaceae,Vismia_baccifera
SP04,SE,25/04/2023,CR16,CR_early,121,b1781,Carollia_brevicaudum,Car_bre,d0725,M_09,Hypericaceae,Vismia_baccifera
SP04,SE,25/04/2023,CR16,CR_early,121,b1783,Carollia_brevicaudum,Car_bre,d0726,M_13,Solanaceae,Solanum_sp2
SP04,SE,25/04/2023,CR16,CR_early,121,b1787,Carollia_perspicillata,Car_per,d0727,M_13,Solanaceae,Solanum_sp2
SP04,SE,25/04/2023,CR16,CR_early,121,b1793,Carollia_brevicaudum,Car_bre,d0728,M_06,Solanaceae,Solanum_erianthum
SP04,SE,25/04/2023,CR16,CR_early,121,b1794,Carollia_brevicaudum,Car_bre,d0729,M_09,Hypericaceae,Vismia_baccifera
SP04,SE,25/04/2023,CR16,CR_early,121,b1795,Carollia_perspicillata,Car_per,d0730,M_19,Salicaceae,Morpho_17
SP04,SE,25/04/2023,CR16,CR_early,121,b1798,Carollia_brevicaudum,Car_bre,d0731,M_54,Hypericaceae,Vismia_baccifera
SP04,SE,25/04/2023,CR16,CR_early,121,b1804,Carollia_perspicillata,Car_per,d0732,M_54,Hypericaceae,Vismia_baccifera
SP04,SE,26/04/2023,CR16,CR_early,122,b1806,Vampyriscus_nymphaea,Vri_nym,d0733,M_52,Urticaceae,Cecropia_membranacea
SP04,SE,26/04/2023,CR16,CR_early,122,b1807,Carollia_castanea,Car_cas,d0734,M_95,Piperaceae,Piper_sp2
SP04,SE,26/04/2023,CR16,CR_early,122,b1809,Carollia_brevicaudum,Car_bre,d0735,M_09,Hypericaceae,Vismia_baccifera
SP04,SE,26/04/2023,CR16,CR_early,122,b1809,Carollia_brevicaudum,Car_bre,d0736,M_69,Piperaceae,Piper_ottoniifolium
SP04,SE,26/04/2023,CR16,CR_early,122,b1811,Carollia_castanea,Car_cas,d0737,M_05,Piperaceae,Piper_sp1
SP04,SE,26/04/2023,CR16,CR_early,122,b1811,Carollia_castanea,Car_cas,d0738,M_38,Piperaceae,Piper_sp4
SP04,SE,26/04/2023,CR16,CR_early,122,b1812,Carollia_perspicillata,Car_per,d0739,M_54,Hypericaceae,Vismia_baccifera
SP04,SE,26/04/2023,CR16,CR_early,122,b1813,Carollia_perspicillata,Car_per,d0740,M_54,Hypericaceae,Vismia_baccifera
SP04,SE,26/04/2023,CR16,CR_early,122,b1814,Carollia_perspicillata,Car_per,d0741,M_54,Hypericaceae,Vismia_baccifera
SP04,SE,26/04/2023,CR16,CR_early,122,b1814,Carollia_perspicillata,Car_per,d0742,M_95,Piperaceae,Piper_sp2
SP04,SE,26/04/2023,CR16,CR_early,122,b1816,Carollia_castanea,Car_cas,d0743,M_09,Hypericaceae,Vismia_baccifera
SP04,SE,26/04/2023,CR16,CR_early,122,b1818,Carollia_perspicillata,Car_per,d0744,M_54,Hypericaceae,Vismia_baccifera
SP04,SE,26/04/2023,CR16,CR_early,122,b1819,Carollia_brevicaudum,Car_bre,d0745,M_03,Piperaceae,Piper_ottoniifolium
SP04,SE,27/04/2023,CR16,CR_early,123,b1823,Dermanura_ravus,Der_rav,d0746,M_37,Moraceae,Ficus_paraensis
SP04,SE,27/04/2023,CR16,CR_early,123,b1824,Carollia_castanea,Car_cas,d0747,M_63,Piperaceae,Piper_sp2
SP04,SE,27/04/2023,CR16,CR_early,123,b1831,Carollia_perspicillata,Car_per,d0748,M_09,Hypericaceae,Vismia_baccifera
SP04,SE,27/04/2023,CR16,CR_early,123,b1832,Sturnia_luisi,Stu_lui,d0749,M_13,Solanaceae,Solanum_sp2
SP04,SE,03/05/2023,PR27,PR_late,124,b1833,Carollia_perspicillata,Car_per,d0750,M_20,Piperaceae,Piper_sp1
SP04,SE,03/05/2023,PR27,PR_late,124,b1833,Carollia_perspicillata,Car_per,d0751,M_44,Piperaceae,Piper_peltatum
SP04,SE,03/05/2023,PR27,PR_late,124,b1833,Carollia_perspicillata,Car_per,d0752,M_68,Piperaceae,Piper_sp1
SP04,SE,03/05/2023,PR27,PR_late,124,b1838,Platyrrhinus_dorsalis,Pla_dor,d0753,M_98,Urticaceae,Cecropia_hispidissima
SP04,SE,03/05/2023,PR27,PR_late,124,b1839,Carollia_brevicaudum,Car_bre,d0754,M_71,Hypericaceae,Vismia_baccifera
SP04,SE,03/05/2023,PR27,PR_late,124,b1840,Carollia_perspicillata,Car_per,d0755,M_99,Piperaceae,Piper_sp1
SP04,SE,06/05/2023,CR08,CR_late,127,b1849,Carollia_brevicaudum,Car_bre,d0756,M_05,Piperaceae,Piper_sp1
SP04,SE,06/05/2023,CR08,CR_late,127,b1850,Carollia_castanea,Car_cas,d0757,M_05,Piperaceae,Piper_sp1
SP04,SE,06/05/2023,CR08,CR_late,127,b1851,Carollia_castanea,Car_cas,d0758,M_73,Piperaceae,Piper_sp5
SP04,SE,06/05/2023,CR08,CR_late,127,b1852,Carollia_perspicillata,Car_per,d0759,M_13,Solanaceae,Solanum_sp2
SP04,SE,06/05/2023,CR08,CR_late,127,b1853,Carollia_castanea,Car_cas,d0760,M_55,Piperaceae,Piper_multiplinervium
SP04,SE,06/05/2023,CR08,CR_late,127,b1854,Lichonycteris_obscura,Lic_obs,d0761,M_07,Melastomataceae,Conostegia_cuatrecasasii
SP04,SE,08/05/2023,CR08,CR_late,129,b1856,Carollia_perspicillata,Car_per,d0762,M_20,Piperaceae,Piper_sp1
SP04,SE,08/05/2023,CR08,CR_late,129,b1858,Carollia_brevicaudum,Car_bre,d0763,M_05,Piperaceae,Piper_sp1
SP04,SE,08/05/2023,CR08,CR_late,129,b1858,Carollia_brevicaudum,Car_bre,d0764,M_13,Solanaceae,Solanum_sp2
SP04,SE,08/05/2023,CR08,CR_late,129,b1858,Carollia_brevicaudum,Car_bre,d0765,M_19,Salicaceae,Morpho_17
SP04,SE,08/05/2023,CR08,CR_late,129,b1858,Carollia_brevicaudum,Car_bre,d0766,M_54,Hypericaceae,Vismia_baccifera
SP04,SE,08/05/2023,CR08,CR_late,129,b1859,Platyrrhinus_dorsalis,Pla_dor,d0767,M_52,Urticaceae,Cecropia_membranacea
SP04,SE,08/05/2023,CR08,CR_late,129,b1860,Dermanura_rosenbergi,Der_ros,d0768,M_07,Melastomataceae,Conostegia_cuatrecasasii
SP04,SE,08/05/2023,CR08,CR_late,129,b1861,Dermanura_rosenbergi,Der_ros,d0769,M_41,Undetermined,Morpho_19
SP04,SE,09/05/2023,CR07,CR_late,130,b1864,Carollia_brevicaudum,Car_bre,d0770,M_20,Piperaceae,Piper_sp1
SP04,SE,09/05/2023,CR07,CR_late,130,b1864,Carollia_brevicaudum,Car_bre,d0771,M_71,Hypericaceae,Vismia_baccifera
SP04,SE,09/05/2023,CR07,CR_late,130,b1865,Dermanura_rosenbergi,Der_ros,d0772,M_07,Melastomataceae,Conostegia_cuatrecasasii
SP04,SE,09/05/2023,CR07,CR_late,130,b1867,Carollia_castanea,Car_cas,d0773,M_55,Piperaceae,Piper_multiplinervium
SP04,SE,09/05/2023,CR07,CR_late,130,b1871,Vampyriscus_nymphaea,Vri_nym,d0774,M_52,Urticaceae,Cecropia_membranacea
SP04,SE,09/05/2023,CR07,CR_late,130,b1872,Carollia_castanea,Car_cas,d0775,M_05,Piperaceae,Piper_sp1
SP04,SE,09/05/2023,CR07,CR_late,130,b1872,Carollia_castanea,Car_cas,d0776,M_20,Piperaceae,Piper_sp1
SP04,SE,09/05/2023,CR07,CR_late,130,b1872,Carollia_castanea,Car_cas,d0777,M_102,Piperaceae,Piper_ottoniifolium
SP04,SE,09/05/2023,CR07,CR_late,130,b1877,Vampyressa_thyone,Vre_thy,d0778,M_103,Undetermined,Morpho_3
SP04,SE,09/05/2023,CR07,CR_late,130,b1882,Carollia_castanea,Car_cas,d0779,M_89,Piperaceae,Piper_multiplinervium
SP04,SE,09/05/2023,CR07,CR_late,130,b1883,Carollia_perspicillata,Car_per,d0780,M_19,Salicaceae,Morpho_17
SP04,SE,09/05/2023,CR07,CR_late,130,b1884,Carollia_brevicaudum,Car_bre,d0781,M_71,Hypericaceae,Vismia_baccifera
SP04,SE,09/05/2023,CR07,CR_late,130,b1890,Dermanura_rosenbergi,Der_ros,d0782,M_07,Melastomataceae,Conostegia_cuatrecasasii
SP04,SE,09/05/2023,CR07,CR_late,130,b1891,Dermanura_rosenbergi,Der_ros,d0783,M_07,Melastomataceae,Conostegia_cuatrecasasii
SP04,SE,11/05/2023,CR07,CR_late,132,b1895,Dermanura_ravus,Der_rav,d0784,M_74,Undetermined,Morpho_3
SP04,SE,11/05/2023,CR07,CR_late,132,b1896,Dermanura_ravus,Der_rav,d0785,M_103,Undetermined,Morpho_3
SP04,SE,11/05/2023,CR07,CR_late,132,b1898,Carollia_castanea,Car_cas,d0786,M_07,Melastomataceae,Conostegia_cuatrecasasii
SP04,SE,11/05/2023,CR07,CR_late,132,b1898,Carollia_castanea,Car_cas,d0787,M_55,Piperaceae,Piper_multiplinervium
SP04,SE,11/05/2023,CR07,CR_late,132,b1899,Carollia_perspicillata,Car_per,d0788,M_19,Salicaceae,Morpho_17
SP04,SE,11/05/2023,CR07,CR_late,132,b1899,Carollia_perspicillata,Car_per,d0789,M_73,Piperaceae,Piper_sp5
SP04,SE,11/05/2023,CR07,CR_late,132,b1900,Carollia_brevicaudum,Car_bre,d0790,M_19,Salicaceae,Morpho_17
SP04,SE,11/05/2023,CR07,CR_late,132,b1900,Carollia_brevicaudum,Car_bre,d0791,M_71,Hypericaceae,Vismia_baccifera
SP04,SE,11/05/2023,CR07,CR_late,132,b1901,Platyrrhinus_dorsalis,Pla_dor,d0792,M_57,Urticaceae,Cecropia_insignis
SP04,SE,16/05/2023,OG43,Old_growth,133,b1902,Dermanura_rosenbergi,Der_ros,d0793,M_39,Piperaceae,Piper_ottoniifolium
SP04,SE,16/05/2023,OG43,Old_growth,133,b1902,Dermanura_rosenbergi,Der_ros,d0794,M_104,Solanaceae,Morpho_21
SP04,SE,16/05/2023,OG43,Old_growth,133,b1905,Carollia_perspicillata,Car_per,d0795,M_05,Piperaceae,Piper_sp1
SP04,SE,16/05/2023,OG43,Old_growth,133,b1905,Carollia_perspicillata,Car_per,d0796,M_19,Salicaceae,Morpho_17
SP04,SE,16/05/2023,OG43,Old_growth,133,b1908,Vampyriscus_nymphaea,Vri_nym,d0797,M_52,Urticaceae,Cecropia_membranacea
SP04,SE,16/05/2023,OG43,Old_growth,133,b1909,Carollia_perspicillata,Car_per,d0798,M_51,Piperaceae,Piper_longifolium
SP04,SE,16/05/2023,OG43,Old_growth,133,b1910,Carollia_perspicillata,Car_per,d0799,M_54,Hypericaceae,Vismia_baccifera
SP04,SE,16/05/2023,OG43,Old_growth,133,b1910,Carollia_perspicillata,Car_per,d0800,M_99,Piperaceae,Piper_sp1
SP04,SE,16/05/2023,OG43,Old_growth,133,b1913,Carollia_perspicillata,Car_per,d0801,M_19,Salicaceae,Morpho_17
SP04,SE,16/05/2023,OG43,Old_growth,133,b1914,Carollia_perspicillata,Car_per,d0802,M_51,Piperaceae,Piper_longifolium
SP04,SE,16/05/2023,OG43,Old_growth,133,b1918,Platyrrhinus_dorsalis,Pla_dor,d0803,M_47,Urticaceae,Cecropia_membranacea
SP04,SE,16/05/2023,OG43,Old_growth,133,b1919,Vampyriscus_nymphaea,Vri_nym,d0804,M_52,Urticaceae,Cecropia_membranacea
SP04,SE,16/05/2023,OG43,Old_growth,133,b1920,Carollia_castanea,Car_cas,d0805,M_03,Piperaceae,Piper_ottoniifolium
SP04,SE,16/05/2023,OG43,Old_growth,133,b1921,Carollia_perspicillata,Car_per,d0806,M_09,Hypericaceae,Vismia_baccifera
SP04,SE,16/05/2023,OG43,Old_growth,133,b1921,Carollia_perspicillata,Car_per,d0807,M_56,Araceae,Philodendron_sp1
SP04,SE,17/05/2023,OG43,Old_growth,134,b1924,Vampyriscus_nymphaea,Vri_nym,d0808,M_52,Urticaceae,Cecropia_membranacea
SP04,SE,17/05/2023,OG43,Old_growth,134,b1925,Dermanura_rosenbergi,Der_ros,d0809,M_104,Solanaceae,Morpho_21
SP04,SE,17/05/2023,OG43,Old_growth,134,b1928,Rhinophylla_alethina,Rhi_ale,d0810,M_49,Araceae,Philodendron_sp1
SP04,SE,17/05/2023,OG43,Old_growth,134,b1928,Rhinophylla_alethina,Rhi_ale,d0811,M_55,Piperaceae,Piper_multiplinervium
SP04,SE,18/05/2023,OG43,Old_growth,135,b1933,Carollia_perspicillata,Car_per,d0812,M_20,Piperaceae,Piper_sp1
SP04,SE,18/05/2023,OG43,Old_growth,135,b1934,Dermanura_rosenbergi,Der_ros,d0813,M_28,Piperaceae,Piper_sp2
SP04,SE,18/05/2023,OG43,Old_growth,135,b1935,Carollia_perspicillata,Car_per,d0814,M_54,Hypericaceae,Vismia_baccifera
SP04,SE,18/05/2023,OG43,Old_growth,135,b1936,Carollia_perspicillata,Car_per,d0815,M_05,Piperaceae,Piper_sp1
SP04,SE,18/05/2023,OG43,Old_growth,135,b1936,Carollia_perspicillata,Car_per,d0816,M_51,Piperaceae,Piper_longifolium
SP04,SE,18/05/2023,OG43,Old_growth,135,b1939,Platyrrhinus_dorsalis,Pla_dor,d0817,M_52,Urticaceae,Cecropia_membranacea
SP04,SE,19/05/2023,OG28,Old_growth,136,b1948,Carollia_brevicaudum,Car_bre,d0818,M_19,Salicaceae,Morpho_17
SP04,SE,19/05/2023,OG28,Old_growth,136,b1948,Carollia_brevicaudum,Car_bre,d0819,M_68,Piperaceae,Piper_sp1
SP04,SE,19/05/2023,OG28,Old_growth,136,b1951,Carollia_perspicillata,Car_per,d0820,M_73,Piperaceae,Piper_sp5
SP04,SE,20/05/2023,OG28,Old_growth,137,b1955,Lichonycteris_obscura,Lic_obs,d0821,M_07,Melastomataceae,Conostegia_cuatrecasasii
SP04,SE,20/05/2023,OG28,Old_growth,137,b1956,Dermanura_rosenbergi,Der_ros,d0822,M_52,Urticaceae,Cecropia_membranacea
SP04,SE,20/05/2023,OG28,Old_growth,137,b1959,Rhinophylla_alethina,Rhi_ale,d0823,M_49,Araceae,Philodendron_sp1
SP04,SE,20/05/2023,OG28,Old_growth,137,b1960,Carollia_perspicillata,Car_per,d0824,M_13,Solanaceae,Solanum_sp2
SP04,SE,20/05/2023,OG28,Old_growth,137,b1960,Carollia_perspicillata,Car_per,d0825,M_15,Salicaceae,Morpho_18
SP04,SE,20/05/2023,OG28,Old_growth,137,b1960,Carollia_perspicillata,Car_per,d0826,M_99,Piperaceae,Piper_sp1
SP04,SE,20/05/2023,OG28,Old_growth,137,b1965,Carollia_brevicaudum,Car_bre,d0827,M_20,Piperaceae,Piper_sp1
SP04,SE,20/05/2023,OG28,Old_growth,137,b1969,Carollia_castanea,Car_cas,d0828,M_05,Piperaceae,Piper_sp1
SP04,SE,20/05/2023,OG28,Old_growth,137,b1970,Carollia_brevicaudum,Car_bre,d0829,M_19,Salicaceae,Morpho_17
SP04,SE,21/05/2023,OG28,Old_growth,138,b1972,Dermanura_ravus,Der_rav,d0830,M_11,Moraceae,Ficus_paraensis
SP04,SE,21/05/2023,OG28,Old_growth,138,b1973,Carollia_perspicillata,Car_per,d0831,M_20,Piperaceae,Piper_sp1
SP04,SE,21/05/2023,OG28,Old_growth,138,b1973,Carollia_perspicillata,Car_per,d0832,M_54,Hypericaceae,Vismia_baccifera
SP04,SE,21/05/2023,OG28,Old_growth,138,b1975,Carollia_perspicillata,Car_per,d0833,M_19,Salicaceae,Morpho_17
SP04,SE,21/05/2023,OG28,Old_growth,138,b1979,Carollia_perspicillata,Car_per,d0834,M_19,Salicaceae,Morpho_17
SP04,SE,21/05/2023,OG28,Old_growth,138,b1979,Carollia_perspicillata,Car_per,d0835,M_20,Piperaceae,Piper_sp1
SP04,SE,30/06/2023,OG40,Old_growth,139,b1983,Dermanura_rosenbergi,Der_ros,d0836,M_104,Solanaceae,Morpho_21
SP04,SE,30/06/2023,OG40,Old_growth,139,b1984,Vampyressa_thyone,Vre_thy,d0837,M_11,Moraceae,Ficus_paraensis
SP04,SE,30/06/2023,OG40,Old_growth,139,b1990,Chiroderma_gorgasi,Chi_gor,d0838,M_04,Piperaceae,Piper_multiplinervium
SP04,SE,30/06/2023,OG40,Old_growth,139,b1991,Vampyressa_thyone,Vre_thy,d0839,M_65,Moraceae,Ficus_pertusa
SP04,SE,30/06/2023,OG40,Old_growth,139,b1992,Carollia_brevicaudum,Car_bre,d0840,M_04,Piperaceae,Piper_multiplinervium
SP04,SE,30/06/2023,OG40,Old_growth,139,b1996,Carollia_perspicillata,Car_per,d0841,M_54,Hypericaceae,Vismia_baccifera
SP04,SE,30/06/2023,OG40,Old_growth,139,b2006,Carollia_perspicillata,Car_per,d0842,M_51,Piperaceae,Piper_longifolium
SP04,SE,30/06/2023,OG40,Old_growth,139,b2007,Dermanura_ravus,Der_rav,d0843,M_15,Salicaceae,Morpho_18
SP04,SE,30/06/2023,OG40,Old_growth,139,b2008,Dermanura_ravus,Der_rav,d0844,M_15,Salicaceae,Morpho_18
SP04,SE,01/07/2023,OG40,Old_growth,140,b2014,Vampyressa_thyone,Vre_thy,d0845,M_65,Moraceae,Ficus_pertusa
SP04,SE,01/07/2023,OG40,Old_growth,140,b2018,Carollia_perspicillata,Car_per,d0846,M_105,Undetermined,Morpho_16
SP04,SE,01/07/2023,OG40,Old_growth,140,b2019,Artibeus_lituratus,Art_lit,d0847,M_98,Urticaceae,Cecropia_hispidissima
SP04,SE,02/07/2023,OG40,Old_growth,141,b2028,Vampyressa_thyone,Vre_thy,d0848,M_65,Moraceae,Ficus_pertusa
SP04,SE,05/07/2023,PA55,Pasture,142,b2033,Dermanura_ravus,Der_rav,d0849,M_15,Salicaceae,Morpho_18
SP04,SE,05/07/2023,PA55,Pasture,142,b2034,Dermanura_ravus,Der_rav,d0850,M_15,Salicaceae,Morpho_18
SP04,SE,05/07/2023,PA55,Pasture,142,b2036,Artibeus_lituratus,Art_lit,d0851,M_15,Salicaceae,Morpho_18
SP04,SE,05/07/2023,PA55,Pasture,142,b2041,Dermanura_rosenbergi,Der_ros,d0852,M_07,Melastomataceae,Conostegia_cuatrecasasii
SP04,SE,06/07/2023,PA55,Pasture,143,b2043,Dermanura_ravus,Der_rav,d0853,M_11,Moraceae,Ficus_paraensis
SP04,SE,06/07/2023,PA55,Pasture,143,b2044,Carollia_perspicillata,Car_per,d0854,M_15,Salicaceae,Morpho_18
SP04,SE,06/07/2023,PA55,Pasture,143,b2047,Dermanura_ravus,Der_rav,d0855,M_15,Salicaceae,Morpho_18
SP04,SE,07/07/2023,PA55,Pasture,144,b2057,Dermanura_ravus,Der_rav,d0856,M_15,Salicaceae,Morpho_18
SP04,SE,07/07/2023,PA55,Pasture,144,b2058,Dermanura_rosenbergi,Der_ros,d0857,M_15,Salicaceae,Morpho_18
SP04,SE,07/07/2023,PA55,Pasture,144,b2060,Dermanura_ravus,Der_rav,d0858,M_15,Salicaceae,Morpho_18
SP04,SE,09/10/2023,OG51,Old_growth,145,b2062,Carollia_perspicillata,Car_per,d0859,M_55,Piperaceae,Piper_multiplinervium
SP04,SE,09/10/2023,OG51,Old_growth,145,b2067,Carollia_perspicillata,Car_per,d0860,M_55,Piperaceae,Piper_multiplinervium
SP04,SE,09/10/2023,OG51,Old_growth,145,b2072,Artibeus_lituratus,Art_lit,d0861,M_106,Moraceae,Ficus_sp2
SP04,SE,09/10/2023,OG51,Old_growth,145,b2073,Vampyressa_thyone,Vre_thy,d0862,M_11,Moraceae,Ficus_paraensis
SP04,SE,09/10/2023,OG51,Old_growth,145,b2074,Carollia_perspicillata,Car_per,d0863,M_06,Solanaceae,Solanum_erianthum
SP04,SE,09/10/2023,OG51,Old_growth,145,b2074,Carollia_perspicillata,Car_per,d0864,M_44,Piperaceae,Piper_peltatum
SP04,SE,09/10/2023,OG51,Old_growth,145,b2076,Carollia_perspicillata,Car_per,d0865,M_15,Salicaceae,Morpho_18
SP04,SE,09/10/2023,OG51,Old_growth,145,b2077,Dermanura_ravus,Der_rav,d0866,M_11,Moraceae,Ficus_paraensis
SP04,SE,09/10/2023,OG51,Old_growth,145,b2080,Vampyressa_thyone,Vre_thy,d0867,M_37,Moraceae,Ficus_paraensis
SP04,SE,09/10/2023,OG51,Old_growth,145,b2081,Carollia_perspicillata,Car_per,d0868,M_13,Solanaceae,Solanum_sp2
SP04,SE,09/10/2023,OG51,Old_growth,145,b2087,Carollia_castanea,Car_cas,d0869,M_03,Piperaceae,Piper_ottoniifolium
SP04,SE,09/10/2023,OG51,Old_growth,145,b2087,Carollia_castanea,Car_cas,d0870,M_55,Piperaceae,Piper_multiplinervium
SP04,SE,09/10/2023,OG51,Old_growth,145,b2092,Carollia_perspicillata,Car_per,d0871,M_15,Salicaceae,Morpho_18
SP04,SE,09/10/2023,OG51,Old_growth,145,b2092,Carollia_perspicillata,Car_per,d0872,M_21,Piperaceae,Piper_peltatum
SP04,SE,11/10/2023,OG51,Old_growth,147,b2124,Carollia_castanea,Car_cas,d0873,M_55,Piperaceae,Piper_multiplinervium
SP04,SE,12/10/2023,OG52,Old_growth,148,b2129,Carollia_perspicillata,Car_per,d0874,M_06,Solanaceae,Solanum_erianthum
SP04,SE,12/10/2023,OG52,Old_growth,148,b2129,Carollia_perspicillata,Car_per,d0875,M_95,Piperaceae,Piper_sp2
SP04,SE,12/10/2023,OG52,Old_growth,148,b2140,Carollia_perspicillata,Car_per,d0876,M_44,Piperaceae,Piper_peltatum
SP04,SE,12/10/2023,OG52,Old_growth,148,b2140,Carollia_perspicillata,Car_per,d0877,M_54,Hypericaceae,Vismia_baccifera
SP04,SE,12/10/2023,OG52,Old_growth,148,b2153,Artibeus_aequatorialis,Art_aeq,d0878,M_52,Urticaceae,Cecropia_membranacea
SP04,SE,12/10/2023,OG52,Old_growth,148,b2157,Carollia_perspicillata,Car_per,d0879,M_15,Salicaceae,Morpho_18
SP04,SE,12/10/2023,OG52,Old_growth,148,b2157,Carollia_perspicillata,Car_per,d0880,M_108,Undetermined,Morpho_8
SP04,SE,12/10/2023,OG52,Old_growth,148,b2159,Carollia_perspicillata,Car_per,d0881,M_54,Hypericaceae,Vismia_baccifera
SP04,SE,12/10/2023,OG52,Old_growth,148,b2160,Artibeus_aequatorialis,Art_aeq,d0882,M_57,Urticaceae,Cecropia_insignis
SP04,SE,13/10/2023,OG52,Old_growth,149,b2176,Carollia_castanea,Car_cas,d0883,M_28,Piperaceae,Piper_sp2
SP04,SE,13/10/2023,OG52,Old_growth,149,b2176,Carollia_castanea,Car_cas,d0884,M_73,Piperaceae,Piper_sp5
SP04,SE,13/10/2023,OG52,Old_growth,149,b2177,Platyrrhinus_dorsalis,Pla_dor,d0885,M_52,Urticaceae,Cecropia_membranacea
SP04,SE,13/10/2023,OG52,Old_growth,149,b2179,Artibeus_aequatorialis,Art_aeq,d0886,M_52,Urticaceae,Cecropia_membranacea
SP04,SE,13/10/2023,OG52,Old_growth,149,b2183,Dermanura_rosenbergi,Der_ros,d0887,M_60,Undetermined,Morpho_3
SP04,SE,14/10/2023,OG52,Old_growth,150,b2191,Carollia_perspicillata,Car_per,d0888,M_54,Hypericaceae,Vismia_baccifera
SP04,SE,14/10/2023,OG52,Old_growth,150,b2196,Platyrrhinus_dorsalis,Pla_dor,d0889,M_52,Urticaceae,Cecropia_membranacea
SP04,SE,14/10/2023,OG52,Old_growth,150,b2200,Artibeus_aequatorialis,Art_aeq,d0890,M_52,Urticaceae,Cecropia_membranacea
SP04,SE,15/10/2023,CA63,Cacao,151,b2203,Vampyressa_thyone,Vre_thy,d0891,M_11,Moraceae,Ficus_paraensis
SP04,SE,15/10/2023,CA63,Cacao,151,b2205,Carollia_perspicillata,Car_per,d0892,M_03,Piperaceae,Piper_ottoniifolium
SP04,SE,15/10/2023,CA63,Cacao,151,b2205,Carollia_perspicillata,Car_per,d0893,M_06,Solanaceae,Solanum_erianthum
SP04,SE,15/10/2023,CA63,Cacao,151,b2205,Carollia_perspicillata,Car_per,d0894,M_55,Piperaceae,Piper_multiplinervium
SP04,SE,15/10/2023,CA63,Cacao,151,b2205,Carollia_perspicillata,Car_per,d0895,M_109,Moraceae,Ficus_sp2
SP04,SE,15/10/2023,CA63,Cacao,151,b2206,Artibeus_aequatorialis,Art_aeq,d0896,M_52,Urticaceae,Cecropia_membranacea
SP04,SE,15/10/2023,CA63,Cacao,151,b2206,Artibeus_aequatorialis,Art_aeq,d0897,M_109,Moraceae,Ficus_sp2
SP04,SE,15/10/2023,CA63,Cacao,151,b2207,Carollia_castanea,Car_cas,d0898,M_95,Piperaceae,Piper_sp2
SP04,SE,15/10/2023,CA63,Cacao,151,b2210,Carollia_castanea,Car_cas,d0899,M_03,Piperaceae,Piper_ottoniifolium
SP04,SE,15/10/2023,CA63,Cacao,151,b2216,Platyrrhinus_dorsalis,Pla_dor,d0900,M_52,Urticaceae,Cecropia_membranacea
SP04,SE,15/10/2023,CA63,Cacao,151,b2222,Carollia_perspicillata,Car_per,d0901,M_48,Schlegeliaceae,Exarata_chocoensis
SP04,SE,15/10/2023,CA63,Cacao,151,b2227,Platyrrhinus_matapalensis,Pla_mat,d0902,M_52,Urticaceae,Cecropia_membranacea
SP04,SE,17/10/2023,CA63,Cacao,153,b2231,Carollia_castanea,Car_cas,d0903,M_55,Piperaceae,Piper_multiplinervium
SP04,SE,23/10/2023,OG37,Old_growth,154,b2233,Carollia_brevicaudum,Car_bre,d0904,M_51,Piperaceae,Piper_longifolium
SP04,SE,23/10/2023,OG37,Old_growth,154,b2237,Carollia_perspicillata,Car_per,d0905,M_55,Piperaceae,Piper_multiplinervium
SP04,SE,23/10/2023,OG37,Old_growth,154,b2238,Carollia_perspicillata,Car_per,d0906,M_54,Hypericaceae,Vismia_baccifera
SP04,SE,23/10/2023,OG37,Old_growth,154,b2239,Carollia_castanea,Car_cas,d0907,M_55,Piperaceae,Piper_multiplinervium
SP04,SE,23/10/2023,OG37,Old_growth,154,b2240,Carollia_perspicillata,Car_per,d0908,M_63,Piperaceae,Piper_sp2
SP04,SE,23/10/2023,OG37,Old_growth,154,b2246,Dermanura_rosenbergi,Der_ros,d0909,M_01,Salicaceae,Banara_guianensis
SP04,SE,23/10/2023,OG37,Old_growth,154,b2247,Carollia_brevicaudum,Car_bre,d0910,M_63,Piperaceae,Piper_sp2
SP04,SE,23/10/2023,OG37,Old_growth,154,b2250,Carollia_perspicillata,Car_per,d0911,M_54,Hypericaceae,Vismia_baccifera
SP04,SE,23/10/2023,OG37,Old_growth,154,b2251,Artibeus_lituratus,Art_lit,d0912,M_52,Urticaceae,Cecropia_membranacea
SP04,SE,23/10/2023,OG37,Old_growth,154,b2253,Artibeus_aequatorialis,Art_aeq,d0913,M_100,Urticaceae,Cecropia_insignis
SP04,SE,23/10/2023,OG37,Old_growth,154,b2256,Carollia_perspicillata,Car_per,d0914,M_54,Hypericaceae,Vismia_baccifera
SP04,SE,23/10/2023,OG37,Old_growth,154,b2257,Rhinophylla_alethina,Rhi_ale,d0915,M_45,Undetermined,Morpho_12
SP04,SE,23/10/2023,OG37,Old_growth,154,b2258,Carollia_castanea,Car_cas,d0916,M_55,Piperaceae,Piper_multiplinervium
SP04,SE,26/10/2023,PR20,PR_early,157,b2262,Carollia_castanea,Car_cas,d0917,M_55,Piperaceae,Piper_multiplinervium
SP04,SE,29/10/2023,PR25,PR_early,160,b2264,Carollia_perspicillata,Car_per,d0918,M_09,Hypericaceae,Vismia_baccifera
SP04,SE,29/10/2023,PR25,PR_early,160,b2264,Carollia_perspicillata,Car_per,d0919,M_55,Piperaceae,Piper_multiplinervium
SP04,SE,30/10/2023,PR25,PR_early,161,b2268,Carollia_brevicaudum,Car_bre,d0920,M_54,Hypericaceae,Vismia_baccifera
SP04,SE,31/10/2023,PR25,PR_early,162,b2271,Carollia_perspicillata,Car_per,d0921,M_54,Hypericaceae,Vismia_baccifera
SP04,SE,31/10/2023,PR25,PR_early,162,b2271,Carollia_perspicillata,Car_per,d0922,M_63,Piperaceae,Piper_sp2
SP04,SE,31/10/2023,PR25,PR_early,162,b2272,Carollia_perspicillata,Car_per,d0923,M_68,Piperaceae,Piper_sp1
SP04,SE,31/10/2023,PR25,PR_early,162,b2273,Carollia_perspicillata,Car_per,d0924,M_20,Piperaceae,Piper_sp1
SP04,SE,31/10/2023,PR25,PR_early,162,b2273,Carollia_perspicillata,Car_per,d0925,M_54,Hypericaceae,Vismia_baccifera
SP04,SE,31/10/2023,PR25,PR_early,162,b2273,Carollia_perspicillata,Car_per,d0926,M_55,Piperaceae,Piper_multiplinervium
SP04,SE,31/10/2023,PR25,PR_early,162,b2274,Carollia_brevicaudum,Car_bre,d0927,M_54,Hypericaceae,Vismia_baccifera
SP04,SE,31/10/2023,PR25,PR_early,162,b2275,Carollia_castanea,Car_cas,d0928,M_63,Piperaceae,Piper_sp2
SP04,SE,31/10/2023,PR25,PR_early,162,b2276,Carollia_brevicaudum,Car_bre,d0929,M_54,Hypericaceae,Vismia_baccifera
SP04,SE,31/10/2023,PR25,PR_early,162,b2277,Platyrrhinus_dorsalis,Pla_dor,d0930,M_98,Urticaceae,Cecropia_hispidissima
SP04,SE,31/10/2023,PR25,PR_early,162,b2278,Carollia_perspicillata,Car_per,d0931,M_110,Undetermined,Morpho_8
SP04,SE,31/10/2023,PR25,PR_early,162,b2279,Carollia_brevicaudum,Car_bre,d0932,M_51,Piperaceae,Piper_longifolium
SP04,SE,31/10/2023,PR25,PR_early,162,b2279,Carollia_brevicaudum,Car_bre,d0933,M_54,Hypericaceae,Vismia_baccifera
SP04,SE,01/11/2023,CR01,CR_early,163,b2283,Carollia_perspicillata,Car_per,d0934,M_54,Hypericaceae,Vismia_baccifera
SP04,SE,01/11/2023,CR01,CR_early,163,b2284,Carollia_perspicillata,Car_per,d0935,M_54,Hypericaceae,Vismia_baccifera
SP04,SE,01/11/2023,CR01,CR_early,163,b2286,Carollia_castanea,Car_cas,d0936,M_55,Piperaceae,Piper_multiplinervium
SP04,SE,01/11/2023,CR01,CR_early,163,b2287,Carollia_perspicillata,Car_per,d0937,M_56,Araceae,Philodendron_sp1
SP04,SE,01/11/2023,CR01,CR_early,163,b2288,Carollia_perspicillata,Car_per,d0938,M_01,Salicaceae,Banara_guianensis
SP04,SE,01/11/2023,CR01,CR_early,163,b2288,Carollia_perspicillata,Car_per,d0939,M_50,Araceae,Philodendron_sp1
SP04,SE,01/11/2023,CR01,CR_early,163,b2288,Carollia_perspicillata,Car_per,d0940,M_68,Piperaceae,Piper_sp1
SP04,SE,01/11/2023,CR01,CR_early,163,b2289,Carollia_perspicillata,Car_per,d0941,M_68,Piperaceae,Piper_sp1
SP04,SE,01/11/2023,CR01,CR_early,163,b2293,Carollia_castanea,Car_cas,d0942,M_55,Piperaceae,Piper_multiplinervium
SP04,SE,01/11/2023,CR01,CR_early,163,b2294,Dermanura_rosenbergi,Der_ros,d0943,M_01,Salicaceae,Banara_guianensis
SP04,SE,01/11/2023,CR01,CR_early,163,b2297,Carollia_castanea,Car_cas,d0944,M_05,Piperaceae,Piper_sp1
SP04,SE,01/11/2023,CR01,CR_early,163,b2297,Carollia_castanea,Car_cas,d0945,M_68,Piperaceae,Piper_sp1
SP04,SE,01/11/2023,CR01,CR_early,163,b2298,Carollia_brevicaudum,Car_bre,d0946,M_54,Hypericaceae,Vismia_baccifera
SP04,SE,01/11/2023,CR01,CR_early,163,b2298,Carollia_brevicaudum,Car_bre,d0947,M_68,Piperaceae,Piper_sp1
SP04,SE,01/11/2023,CR01,CR_early,163,b2299,Carollia_perspicillata,Car_per,d0948,M_55,Piperaceae,Piper_multiplinervium
SP04,SE,01/11/2023,CR01,CR_early,163,b2302,Dermanura_rosenbergi,Der_ros,d0949,M_103,Undetermined,Morpho_3
SP04,SE,01/11/2023,CR01,CR_early,163,b2310,Platyrrhinus_dorsalis,Pla_dor,d0950,M_52,Urticaceae,Cecropia_membranacea
SP04,SE,02/11/2023,CR01,CR_early,164,b2312,Platyrrhinus_dorsalis,Pla_dor,d0951,M_52,Urticaceae,Cecropia_membranacea
SP04,SE,02/11/2023,CR01,CR_early,164,b2314,Carollia_perspicillata,Car_per,d0952,M_54,Hypericaceae,Vismia_baccifera
SP04,SE,02/11/2023,CR01,CR_early,164,b2314,Carollia_perspicillata,Car_per,d0953,M_68,Piperaceae,Piper_sp1
SP04,SE,02/11/2023,CR01,CR_early,164,b2314,Carollia_perspicillata,Car_per,d0954,M_112,Piperaceae,Piper_longifolium
SP04,SE,02/11/2023,CR01,CR_early,164,b2323,Dermanura_rosenbergi,Der_ros,d0955,M_63,Piperaceae,Piper_sp2
SP04,SE,02/11/2023,CR01,CR_early,164,b2324,Carollia_perspicillata,Car_per,d0956,M_54,Hypericaceae,Vismia_baccifera
SP04,SE,02/11/2023,CR01,CR_early,164,b2324,Carollia_perspicillata,Car_per,d0957,M_110,Undetermined,Morpho_8
SP04,SE,02/11/2023,CR01,CR_early,164,b2330,Carollia_perspicillata,Car_per,d0958,M_54,Hypericaceae,Vismia_baccifera
SP04,SE,02/11/2023,CR01,CR_early,164,b2334,Dermanura_rosenbergi,Der_ros,d0959,M_01,Salicaceae,Banara_guianensis
SP04,SE,02/11/2023,CR01,CR_early,164,b2335,Dermanura_rosenbergi,Der_ros,d0960,M_103,Undetermined,Morpho_3
SP04,SE,02/11/2023,CR01,CR_early,164,b2341,Platyrrhinus_dorsalis,Pla_dor,d0961,M_52,Urticaceae,Cecropia_membranacea
SP04,SE,02/11/2023,CR01,CR_early,164,b2342,Platyrrhinus_dorsalis,Pla_dor,d0962,M_98,Urticaceae,Cecropia_hispidissima
SP04,SE,03/11/2023,CR01,CR_early,165,b2343,Carollia_perspicillata,Car_per,d0963,M_54,Hypericaceae,Vismia_baccifera
SP04,SE,03/11/2023,CR01,CR_early,165,b2345,Dermanura_rosenbergi,Der_ros,d0964,M_52,Urticaceae,Cecropia_membranacea
SP04,SE,03/11/2023,CR01,CR_early,165,b2347,Carollia_castanea,Car_cas,d0965,M_63,Piperaceae,Piper_sp2
SP04,SE,03/11/2023,CR01,CR_early,165,b2348,Carollia_perspicillata,Car_per,d0966,M_54,Hypericaceae,Vismia_baccifera
SP04,SE,03/11/2023,CR01,CR_early,165,b2348,Carollia_perspicillata,Car_per,d0967,M_63,Piperaceae,Piper_sp2
SP04,SE,03/11/2023,CR01,CR_early,165,b2349,Platyrrhinus_dorsalis,Pla_dor,d0968,M_98,Urticaceae,Cecropia_hispidissima
SP04,SE,03/11/2023,CR01,CR_early,165,b2350,Carollia_perspicillata,Car_per,d0969,M_19,Salicaceae,Morpho_17
SP04,SE,03/11/2023,CR01,CR_early,165,b2350,Carollia_perspicillata,Car_per,d0970,M_54,Hypericaceae,Vismia_baccifera
SP04,SE,03/11/2023,CR01,CR_early,165,b2350,Carollia_perspicillata,Car_per,d0971,M_55,Piperaceae,Piper_multiplinervium
SP04,SE,03/11/2023,CR01,CR_early,165,b2352,Carollia_perspicillata,Car_per,d0972,M_54,Hypericaceae,Vismia_baccifera
SP04,SE,03/11/2023,CR01,CR_early,165,b2353,Carollia_castanea,Car_cas,d0973,M_01,Salicaceae,Banara_guianensis
SP04,SE,03/11/2023,CR01,CR_early,165,b2353,Carollia_castanea,Car_cas,d0974,M_41,Undetermined,Morpho_19
SP04,SE,03/11/2023,CR01,CR_early,165,b2353,Carollia_castanea,Car_cas,d0975,M_55,Piperaceae,Piper_multiplinervium
SP04,SE,03/11/2023,CR01,CR_early,165,b2361,Platyrrhinus_dorsalis,Pla_dor,d0976,M_52,Urticaceae,Cecropia_membranacea
SP04,SE,03/11/2023,CR01,CR_early,165,b2363,Platyrrhinus_dorsalis,Pla_dor,d0977,M_57,Urticaceae,Cecropia_insignis
SP04,SE,03/11/2023,CR01,CR_early,165,b2372,Carollia_perspicillata,Car_per,d0978,M_01,Salicaceae,Banara_guianensis
SP04,SE,03/11/2023,CR01,CR_early,165,b2372,Carollia_perspicillata,Car_per,d0979,M_54,Hypericaceae,Vismia_baccifera
SP04,SE,09/11/2023,PR31,PR_late,167,b2373,Carollia_perspicillata,Car_per,d0980,M_63,Piperaceae,Piper_sp2
SP04,SE,09/11/2023,PR31,PR_late,167,b2373,Carollia_perspicillata,Car_per,d0981,M_68,Piperaceae,Piper_sp1
SP04,SE,09/11/2023,PR31,PR_late,167,b2379,Carollia_castanea,Car_cas,d0982,M_63,Piperaceae,Piper_sp2
SP04,SE,10/11/2023,PR31,PR_late,168,b2384,Dermanura_ravus,Der_rav,d0983,M_95,Piperaceae,Piper_sp2
SP04,SE,11/11/2023,CR10,CR_late,169,b2392,Carollia_brevicaudum,Car_bre,d0984,M_63,Piperaceae,Piper_sp2
SP04,SE,11/11/2023,CR10,CR_late,169,b2394,Carollia_castanea,Car_cas,d0985,M_05,Piperaceae,Piper_sp1
SP04,SE,11/11/2023,CR10,CR_late,169,b2394,Carollia_castanea,Car_cas,d0986,M_55,Piperaceae,Piper_multiplinervium
SP04,SE,11/11/2023,CR10,CR_late,169,b2394,Carollia_castanea,Car_cas,d0987,M_63,Piperaceae,Piper_sp2
SP04,SE,11/11/2023,CR10,CR_late,169,b2401,Carollia_castanea,Car_cas,d0988,M_55,Piperaceae,Piper_multiplinervium
SP04,SE,11/11/2023,CR10,CR_late,169,b2405,Carollia_perspicillata,Car_per,d0989,M_55,Piperaceae,Piper_multiplinervium
SP04,SE,11/11/2023,CR10,CR_late,169,b2409,Carollia_castanea,Car_cas,d0990,M_55,Piperaceae,Piper_multiplinervium
SP04,SE,11/11/2023,CR10,CR_late,169,b2410,Carollia_perspicillata,Car_per,d0991,M_55,Piperaceae,Piper_multiplinervium
SP04,SE,13/11/2023,CR10,CR_late,171,b2419,Rhinophylla_alethina,Rhi_ale,d0992,M_36,Undetermined,Morpho_10
SP04,SE,19/11/2023,PA53,Pasture,172,b2421,Carollia_castanea,Car_cas,d0993,M_63,Piperaceae,Piper_sp2
SP04,SE,19/11/2023,PA53,Pasture,172,b2421,Carollia_castanea,Car_cas,d0994,M_68,Piperaceae,Piper_sp1
SP04,SE,20/11/2023,PA53,Pasture,173,b2424,Vampyriscus_nymphaea,Vri_nym,d0995,M_52,Urticaceae,Cecropia_membranacea
SP04,SE,20/11/2023,PA53,Pasture,173,b2426,Vampyressa_thyone,Vre_thy,d0996,M_37,Moraceae,Ficus_paraensis
SP04,SE,22/11/2023,CR02,CR_early,175,b2428,Carollia_perspicillata,Car_per,d0997,M_54,Hypericaceae,Vismia_baccifera
SP04,SE,22/11/2023,CR02,CR_early,175,b2432,Carollia_brevicaudum,Car_bre,d0998,M_13,Solanaceae,Solanum_sp2
SP04,SE,22/11/2023,CR02,CR_early,175,b2432,Carollia_brevicaudum,Car_bre,d0999,M_19,Salicaceae,Morpho_17
SP04,SE,22/11/2023,CR02,CR_early,175,b2432,Carollia_brevicaudum,Car_bre,d1000,M_68,Piperaceae,Piper_sp1
SP04,SE,22/11/2023,CR02,CR_early,175,b2434,Carollia_castanea,Car_cas,d1001,M_95,Piperaceae,Piper_sp2
SP04,SE,22/11/2023,CR02,CR_early,175,b2436,Dermanura_rosenbergi,Der_ros,d1002,M_63,Piperaceae,Piper_sp2
SP04,SE,22/11/2023,CR02,CR_early,175,b2438,Carollia_castanea,Car_cas,d1003,M_55,Piperaceae,Piper_multiplinervium
SP04,SE,23/11/2023,CR02,CR_early,176,b2442,Dermanura_rosenbergi,Der_ros,d1004,M_57,Urticaceae,Cecropia_insignis
SP04,SE,23/11/2023,CR02,CR_early,176,b2447,Carollia_castanea,Car_cas,d1005,M_03,Piperaceae,Piper_ottoniifolium
SP04,SE,25/11/2023,PR30,PR_late,178,b2455,Dermanura_rosenbergi,Der_ros,d1006,M_07,Melastomataceae,Conostegia_cuatrecasasii
SP04,SE,25/11/2023,PR30,PR_late,178,b2455,Dermanura_rosenbergi,Der_ros,d1007,M_102,Piperaceae,Piper_ottoniifolium
SP04,SE,25/11/2023,PR30,PR_late,178,b2456,Vampyriscus_nymphaea,Vri_nym,d1008,M_52,Urticaceae,Cecropia_membranacea
SP04,SE,25/11/2023,PR30,PR_late,178,b2459,Carollia_perspicillata,Car_per,d1009,M_68,Piperaceae,Piper_sp1
SP04,SE,25/11/2023,PR30,PR_late,178,b2460,Carollia_castanea,Car_cas,d1010,M_03,Piperaceae,Piper_ottoniifolium
SP04,SE,25/11/2023,PR30,PR_late,178,b2460,Carollia_castanea,Car_cas,d1011,M_95,Piperaceae,Piper_sp2
SP04,SE,25/11/2023,PR30,PR_late,178,b2461,Carollia_castanea,Car_cas,d1012,M_05,Piperaceae,Piper_sp1
SP04,SE,25/11/2023,PR30,PR_late,178,b2465,Platyrrhinus_dorsalis,Pla_dor,d1013,M_52,Urticaceae,Cecropia_membranacea
SP04,SE,25/11/2023,PR30,PR_late,178,b2466,Carollia_perspicillata,Car_per,d1014,M_13,Solanaceae,Solanum_sp2
SP04,SE,25/11/2023,PR30,PR_late,178,b2466,Carollia_perspicillata,Car_per,d1015,M_19,Salicaceae,Morpho_17
SP04,SE,25/11/2023,PR30,PR_late,178,b2466,Carollia_perspicillata,Car_per,d1016,M_68,Piperaceae,Piper_sp1
SP04,SE,26/11/2023,PR30,PR_late,179,b2475,Carollia_castanea,Car_cas,d1017,M_05,Piperaceae,Piper_sp1
SP04,SE,28/11/2023,PR29,PR_early,181,b2476,Carollia_perspicillata,Car_per,d1018,M_05,Piperaceae,Piper_sp1
SP04,SE,28/11/2023,PR29,PR_early,181,b2476,Carollia_perspicillata,Car_per,d1019,M_29,Solanaceae,Solanum_jamaicense
SP04,SE,28/11/2023,PR29,PR_early,181,b2476,Carollia_perspicillata,Car_per,d1020,M_68,Piperaceae,Piper_sp1
SP04,SE,28/11/2023,PR29,PR_early,181,b2476,Carollia_perspicillata,Car_per,d1021,M_104,Solanaceae,Morpho_21
SP04,SE,28/11/2023,PR29,PR_early,181,b2478,Carollia_castanea,Car_cas,d1022,M_55,Piperaceae,Piper_multiplinervium
SP04,SE,28/11/2023,PR29,PR_early,181,b2478,Carollia_castanea,Car_cas,d1023,M_68,Piperaceae,Piper_sp1
SP04,SE,28/11/2023,PR29,PR_early,181,b2479,Carollia_castanea,Car_cas,d1024,M_55,Piperaceae,Piper_multiplinervium
SP04,SE,28/11/2023,PR29,PR_early,181,b2482,Dermanura_rosenbergi,Der_ros,d1025,M_52,Urticaceae,Cecropia_membranacea
SP04,SE,28/11/2023,PR29,PR_early,181,b2484,Dermanura_rosenbergi,Der_ros,d1026,M_52,Urticaceae,Cecropia_membranacea
SP04,SE,28/11/2023,PR29,PR_early,181,b2485,Carollia_castanea,Car_cas,d1027,M_03,Piperaceae,Piper_ottoniifolium
SP04,SE,28/11/2023,PR29,PR_early,181,b2485,Carollia_castanea,Car_cas,d1028,M_05,Piperaceae,Piper_sp1
SP04,SE,28/11/2023,PR29,PR_early,181,b2486,Carollia_castanea,Car_cas,d1029,M_68,Piperaceae,Piper_sp1
SP04,SE,28/11/2023,PR29,PR_early,181,b2488,Carollia_perspicillata,Car_per,d1030,M_19,Salicaceae,Morpho_17
SP04,SE,28/11/2023,PR29,PR_early,181,b2489,Dermanura_rosenbergi,Der_ros,d1031,M_52,Urticaceae,Cecropia_membranacea
SP04,SE,28/11/2023,PR29,PR_early,181,b2490,Carollia_perspicillata,Car_per,d1032,M_20,Piperaceae,Piper_sp1
SP04,SE,28/11/2023,PR29,PR_early,181,b2493,Carollia_castanea,Car_cas,d1033,M_20,Piperaceae,Piper_sp1
SP04,SE,28/11/2023,PR29,PR_early,181,b2493,Carollia_castanea,Car_cas,d1034,M_113,Undetermined,Morpho_14
SP04,SE,28/11/2023,PR29,PR_early,181,b2499,Carollia_castanea,Car_cas,d1035,M_05,Piperaceae,Piper_sp1
SP04,SE,30/11/2023,PR29,PR_early,183,b2504,Rhinophylla_alethina,Rhi_ale,d1036,M_113,Undetermined,Morpho_14
SP04,SE,30/11/2023,PR29,PR_early,183,b2506,Carollia_castanea,Car_cas,d1037,M_03,Piperaceae,Piper_ottoniifolium
SP04,SE,30/11/2023,PR29,PR_early,183,b2506,Carollia_castanea,Car_cas,d1038,M_44,Piperaceae,Piper_peltatum
SP04,SE,30/11/2023,PR29,PR_early,183,b2506,Carollia_castanea,Car_cas,d1039,M_113,Undetermined,Morpho_14
SP04,SE,30/11/2023,PR29,PR_early,183,b2507,Carollia_castanea,Car_cas,d1040,M_55,Piperaceae,Piper_multiplinervium
SP04,SE,30/11/2023,PR29,PR_early,183,b2508,Dermanura_rosenbergi,Der_ros,d1041,M_07,Melastomataceae,Conostegia_cuatrecasasii
SP04,SE,30/11/2023,PR29,PR_early,183,b2509,Carollia_perspicillata,Car_per,d1042,M_54,Hypericaceae,Vismia_baccifera
SP04,SE,30/11/2023,PR29,PR_early,183,b2509,Carollia_perspicillata,Car_per,d1043,M_113,Undetermined,Morpho_14
SP04,SE,01/12/2023,CR09,CR_early,184,b2516,Carollia_castanea,Car_cas,d1044,M_68,Piperaceae,Piper_sp1
SP04,SE,01/12/2023,CR09,CR_early,184,b2517,Carollia_castanea,Car_cas,d1045,M_05,Piperaceae,Piper_sp1
SP04,SE,01/12/2023,CR09,CR_early,184,b2517,Carollia_castanea,Car_cas,d1046,M_68,Piperaceae,Piper_sp1
SP04,SE,01/12/2023,CR09,CR_early,184,b2519,Carollia_castanea,Car_cas,d1047,M_55,Piperaceae,Piper_multiplinervium
SP04,SE,01/12/2023,CR09,CR_early,184,b2519,Carollia_castanea,Car_cas,d1048,M_68,Piperaceae,Piper_sp1
SP04,SE,01/12/2023,CR09,CR_early,184,b2521,Dermanura_rosenbergi,Der_ros,d1049,M_52,Urticaceae,Cecropia_membranacea
SP04,SE,01/12/2023,CR09,CR_early,184,b2525,Vampyressa_thyone,Vre_thy,d1050,M_03,Piperaceae,Piper_ottoniifolium
SP04,SE,01/12/2023,CR09,CR_early,184,b2525,Vampyressa_thyone,Vre_thy,d1051,M_11,Moraceae,Ficus_paraensis
SP04,SE,01/12/2023,CR09,CR_early,184,b2526,Dermanura_rosenbergi,Der_ros,d1052,M_07,Melastomataceae,Conostegia_cuatrecasasii
SP04,SE,01/12/2023,CR09,CR_early,184,b2526,Dermanura_rosenbergi,Der_ros,d1053,M_52,Urticaceae,Cecropia_membranacea
SP04,SE,01/12/2023,CR09,CR_early,184,b2527,Dermanura_rosenbergi,Der_ros,d1054,M_68,Piperaceae,Piper_sp1
SP04,SE,01/12/2023,CR09,CR_early,184,b2529,Carollia_castanea,Car_cas,d1055,M_20,Piperaceae,Piper_sp1
SP04,SE,01/12/2023,CR09,CR_early,184,b2529,Carollia_castanea,Car_cas,d1056,M_113,Undetermined,Morpho_14
SP04,SE,01/12/2023,CR09,CR_early,184,b2530,Carollia_castanea,Car_cas,d1057,M_55,Piperaceae,Piper_multiplinervium
SP04,SE,01/12/2023,CR09,CR_early,184,b2531,Carollia_castanea,Car_cas,d1058,M_38,Piperaceae,Piper_sp4
SP04,SE,01/12/2023,CR09,CR_early,184,b2533,Carollia_perspicillata,Car_per,d1059,M_68,Piperaceae,Piper_sp1
SP04,SE,01/12/2023,CR09,CR_early,184,b2537,Carollia_perspicillata,Car_per,d1060,M_54,Hypericaceae,Vismia_baccifera
SP04,SE,01/12/2023,CR09,CR_early,184,b2538,Carollia_perspicillata,Car_per,d1061,M_114,Undetermined,Morpho_9
SP04,SE,02/12/2023,CR09,CR_early,185,b2544,Carollia_perspicillata,Car_per,d1062,M_16,Piperaceae,Piper_sp1
SP04,SE,02/12/2023,CR09,CR_early,185,b2546,Carollia_perspicillata,Car_per,d1063,M_68,Piperaceae,Piper_sp1
SP04,SE,02/12/2023,CR09,CR_early,185,b2547,Vampyressa_thyone,Vre_thy,d1064,M_37,Moraceae,Ficus_paraensis
SP04,SE,02/12/2023,CR09,CR_early,185,b2551,Carollia_castanea,Car_cas,d1065,M_68,Piperaceae,Piper_sp1
SP04,SE,02/12/2023,CR09,CR_early,185,b2553,Dermanura_ravus,Der_rav,d1066,M_37,Moraceae,Ficus_paraensis
SP04,SE,02/12/2023,CR09,CR_early,185,b2554,Carollia_perspicillata,Car_per,d1067,M_54,Hypericaceae,Vismia_baccifera
SP04,SE,02/12/2023,CR09,CR_early,185,b2556,Carollia_perspicillata,Car_per,d1068,M_54,Hypericaceae,Vismia_baccifera
SP04,SE,02/12/2023,CR09,CR_early,185,b2556,Carollia_perspicillata,Car_per,d1069,M_68,Piperaceae,Piper_sp1
