"","Plot_ID","individual_ID_primary","individual_ID_secondary","n_individuals","arrival","departure","type","unit","value","number","uncertainty","comment","interaction_ID","taxon","animal_species","timeStart","timeEnd","plant_species","PREX","Matrix","Latitude","Longitude","Elevation","Treatment","Treatment2","Regeneration_year","RegTime","method","Legacy"
"1","CA60","SP04-ARL_221008_CA60_0089-p0134","SP04-ARL_221008_CA60_0089-b0375",2,"10:59","11:00","Swallowed","fruit",10,189,"","","SP04-ARL_221008_CA60_0089-b0375-I0189","Birds","Ramphocelus_flammigerus","10:59","11:00","A-PA5603",NA,NA,0.510266,-79.2272,440,"active cacao","active cacao",NA,0,"direct_obs","cacao"
"2","CA60","SP04-ARL_221008_CA60_0089-p0134","SP04-ARL_221009_CA60_0090-b0377",2,"08:01","08:02","Swallowed","fruit",3,190,"","","SP04-ARL_221009_CA60_0090-b0377-I0190","Birds","Ramphocelus_flammigerus","08:01","08:02","A-PA5603",NA,NA,0.510266,-79.2272,440,"active cacao","active cacao",NA,0,"direct_obs","cacao"
"3","CA60","SP04-ARL_221008_CA60_0089-p0134","SP04-ARL_221009_CA60_0090-b0387",6,"09:58","10:04","Swallowed","fruit",3,193,"","","SP04-ARL_221009_CA60_0090-b0387-I0193","Birds","Ramphocelus_flammigerus","09:58","10:04","A-PA5603",NA,NA,0.510266,-79.2272,440,"active cacao","active cacao",NA,0,"direct_obs","cacao"
"4","CA60","SP04-ARL_221008_CA60_0089-p0134","SP04-ARL_221009_CA60_0090-b0388",6,"09:58","10:04","Swallowed","fruit",3,194,"","","SP04-ARL_221009_CA60_0090-b0388-I0194","Birds","Ramphocelus_flammigerus","09:58","10:04","A-PA5603",NA,NA,0.510266,-79.2272,440,"active cacao","active cacao",NA,0,"direct_obs","cacao"
"5","CA60","SP04-ARL_221008_CA60_0089-p0134","SP04-ARL_221010_CA60_0091-b0398",4,"08:08","08:10","Swallowed","fruit",8,199,"","","SP04-ARL_221010_CA60_0091-b0398-I0199","Birds","Ramphocelus_flammigerus","08:08","08:10","A-PA5603",NA,NA,0.510266,-79.2272,440,"active cacao","active cacao",NA,0,"direct_obs","cacao"
"6","CA60","SP04-ARL_221008_CA60_0089-p0134","SP04-ARL_221010_CA60_0091-b0399",4,"08:08","08:10","Swallowed","fruit",3,200,"","","SP04-ARL_221010_CA60_0091-b0399-I0200","Birds","Ramphocelus_flammigerus","08:08","08:10","A-PA5603",NA,NA,0.510266,-79.2272,440,"active cacao","active cacao",NA,0,"direct_obs","cacao"
"7","CR01","SP04-ARL_231026_CR01_0283-p0617","SP04-ARL_231026_CR01_0283-b1315",1,"06:36","06:38","Swalloweded","fruit",3,682,"","","SP04-ARL_231026_CR01_0283-b1315-I0682","Birds","Manacus_manacus","06:36","06:38","Palicourea_timbiquensis",NA,NA,0.49654763,-79.17820655,560,"cacao regeneration","cacao regeneration early",2017,6,"direct_obs","cacao"
"8","CR01","SP04-ARL_231026_CR01_0283-p0617","SP04-ARL_231031_CR01_0288-b1344",1,"09:16","09:18","Swalloweded","fruit",3,703,"","","SP04-ARL_231031_CR01_0288-b1344-I0703","Birds","Ceratopipra_mentalis","09:16","09:18","Palicourea_timbiquensis",NA,NA,0.49654763,-79.17820655,560,"cacao regeneration","cacao regeneration early",2017,6,"direct_obs","cacao"
"9","CR01","SP04-ARL_231026_CR01_0283-p0617","SP04-ARL_231026_CR01_0283-b1317",1,"08:48","08:56","Swalloweded","fruit",2,684,"","","SP04-ARL_231026_CR01_0283-b1317-I0684","Birds","Ceratopipra_mentalis","08:48","08:56","Palicourea_timbiquensis",NA,NA,0.49654763,-79.17820655,560,"cacao regeneration","cacao regeneration early",2017,6,"direct_obs","cacao"
"10","CR01","SP04-ARL_231026_CR01_0283-p0617","SP04-ARL_231026_CR01_0283-b1318",2,"10:16","10:18","Swalloweded","fruit",2,685,"","","SP04-ARL_231026_CR01_0283-b1318-I0685","Birds","Coereba_flaveola","10:16","10:18","Palicourea_timbiquensis",NA,NA,0.49654763,-79.17820655,560,"cacao regeneration","cacao regeneration early",2017,6,"direct_obs","cacao"
"11","CR01","SP04-ARL_231026_CR01_0283-p0617","SP04-ARL_231026_CR01_0283-b1320",1,"10:20","10:20","Swalloweded","fruit",2,686,"","","SP04-ARL_231026_CR01_0283-b1320-I0686","Birds","Manacus_manacus","10:20","10:20","Palicourea_timbiquensis",NA,NA,0.49654763,-79.17820655,560,"cacao regeneration","cacao regeneration early",2017,6,"direct_obs","cacao"
"12","CR01","SP04-ARL_231026_CR01_0283-p0617","SP04-ARL_231026_CR01_0283-b1321",2,"10:34","10:35","Swalloweded","fruit",2,687,"","","SP04-ARL_231026_CR01_0283-b1321-I0687","Birds","Euphonia_xanthogaster","10:34","10:35","Palicourea_timbiquensis",NA,NA,0.49654763,-79.17820655,560,"cacao regeneration","cacao regeneration early",2017,6,"direct_obs","cacao"
"13","CR01","SP04-ARL_231026_CR01_0283-p0617","SP04-ARL_231027_CR01_0284-b1327",6,"07:46","07:46","Swalloweded","fruit",5,692,"","","SP04-ARL_231027_CR01_0284-b1327-I0692","Birds","Tachyphonus_delatrii","07:46","07:46","Palicourea_timbiquensis",NA,NA,0.49654763,-79.17820655,560,"cacao regeneration","cacao regeneration early",2017,6,"direct_obs","cacao"
"14","CR01","SP04-ARL_231026_CR01_0283-p0617","SP04-ARL_231026_CR01_0283-b1324",1,"10:47","10:47","Swalloweded","fruit",1,689,"","","SP04-ARL_231026_CR01_0283-b1324-I0689","Birds","Manacus_manacus","10:47","10:47","Palicourea_timbiquensis",NA,NA,0.49654763,-79.17820655,560,"cacao regeneration","cacao regeneration early",2017,6,"direct_obs","cacao"
"15","CR01","SP04-ARL_231026_CR01_0283-p0617","SP04-ARL_231027_CR01_0284-b1325",1,"07:43","07:43","Swalloweded","fruit",1,690,"","","SP04-ARL_231027_CR01_0284-b1325-I0690","Birds","Lepidothrix_coronata","07:43","07:43","Palicourea_timbiquensis",NA,NA,0.49654763,-79.17820655,560,"cacao regeneration","cacao regeneration early",2017,6,"direct_obs","cacao"
"16","CR01","SP04-ARL_231026_CR01_0283-p0617","SP04-ARL_231027_CR01_0284-b1326",1,"07:44","07:44","CarriedAway","fruit",1,691,"","","SP04-ARL_231027_CR01_0284-b1326-I0691","Birds","Lipaugus_unirufus","07:44","07:44","Palicourea_timbiquensis",NA,NA,0.49654763,-79.17820655,560,"cacao regeneration","cacao regeneration early",2017,6,"direct_obs","cacao"
"17","CR01","SP04-ARL_231026_CR01_0283-p0617","SP04-ARL_231031_CR01_0288-b1343",1,"09:16","09:16","Swalloweded","fruit",2,702,"","","SP04-ARL_231031_CR01_0288-b1343-I0702","Birds","Manacus_manacus","09:16","09:16","Palicourea_timbiquensis",NA,NA,0.49654763,-79.17820655,560,"cacao regeneration","cacao regeneration early",2017,6,"direct_obs","cacao"
"18","CR01","SP04-ARL_231026_CR01_0283-p0617","SP04-ARL_231031_CR01_0288-b1340",2,"06:40","06:41","Swalloweded","fruit",3,700,"","","SP04-ARL_231031_CR01_0288-b1340-I0700","Birds","Manacus_manacus","06:40","06:41","Palicourea_timbiquensis",NA,NA,0.49654763,-79.17820655,560,"cacao regeneration","cacao regeneration early",2017,6,"direct_obs","cacao"
"19","CR01","SP04-ARL_231026_CR01_0283-p0617","SP04-ARL_231027_CR01_0284-b1339",1,"10:13","10:13","Swalloweded","fruit",1,699,"","","SP04-ARL_231027_CR01_0284-b1339-I0699","Birds","Lipaugus_unirufus","10:13","10:13","Palicourea_timbiquensis",NA,NA,0.49654763,-79.17820655,560,"cacao regeneration","cacao regeneration early",2017,6,"direct_obs","cacao"
"20","CR01","SP04-ARL_231026_CR01_0283-p0625","SP04-ARL_231026_CR01_0283-b1316",1,"07:23","07:23","Swalloweded","fruit",1,683,"","","SP04-ARL_231026_CR01_0283-b1316-I0683","Birds","Lepidothrix_coronata","07:23","07:23","Conostegia_'rosada'",NA,NA,0.49654763,-79.17820655,560,"cacao regeneration","cacao regeneration early",2017,6,"direct_obs","cacao"
"21","CR01","SP04-ARL_231026_CR01_0283-p0647","SP04-ARL_231031_CR01_0288-b1345",1,"10:10","10:13","Pecked","fruit",5,704,"","","SP04-ARL_231031_CR01_0288-b1345-I0704","Birds","Thraupis_palmarum","10:10","10:13","Vismia_baccifera",NA,NA,0.49654763,-79.17820655,560,"cacao regeneration","cacao regeneration early",2017,6,"direct_obs","cacao"
"22","CR01","SP04-ARL_231026_CR01_0283-p0648","SP04-ARL_231027_CR01_0284-b1333",1,"08:35","08:35","Pecked","fruit",3,693,"","","SP04-ARL_231027_CR01_0284-b1333-I0693","Birds","Tangara_larvata","08:35","08:35","Cecropia_hispidissima",NA,NA,0.49654763,-79.17820655,560,"cacao regeneration","cacao regeneration early",2017,6,"direct_obs","cacao"
"23","CR01","SP04-ARL_231026_CR01_0283-p0648","SP04-ARL_231027_CR01_0284-b1337",1,"09:30","09:34","Pecked","fruit",1,697,"","","SP04-ARL_231027_CR01_0284-b1337-I0697","Birds","Tangara_palmeri","09:30","09:34","Cecropia_hispidissima",NA,NA,0.49654763,-79.17820655,560,"cacao regeneration","cacao regeneration early",2017,6,"direct_obs","cacao"
"24","CR01","SP04-ARL_231026_CR01_0283-p0648","SP04-ARL_231031_CR01_0288-b1347",1,"10:44","10:44","Pecked","fruit",2,706,"","","SP04-ARL_231031_CR01_0288-b1347-I0706","Birds","Thraupis_palmarum","10:44","10:44","Cecropia_hispidissima",NA,NA,0.49654763,-79.17820655,560,"cacao regeneration","cacao regeneration early",2017,6,"direct_obs","cacao"
"25","CR01","SP04-ARL_231026_CR01_0283-p0648","SP04-ARL_231027_CR01_0284-b1336",1,"09:34","09:37","Pecked","fruit",3,696,"","","SP04-ARL_231027_CR01_0284-b1336-I0696","Birds","Ramphocelus_flammigerus","09:34","09:37","Cecropia_hispidissima",NA,NA,0.49654763,-79.17820655,560,"cacao regeneration","cacao regeneration early",2017,6,"direct_obs","cacao"
"26","CR01","SP04-ARL_231026_CR01_0283-p0648","SP04-ARL_231031_CR01_0288-b1342",1,"08:18","08:18","Pecked","fruit",2,701,"","","SP04-ARL_231031_CR01_0288-b1342-I0701","Birds","Lipaugus_unirufus","08:18","08:18","Cecropia_hispidissima",NA,NA,0.49654763,-79.17820655,560,"cacao regeneration","cacao regeneration early",2017,6,"direct_obs","cacao"
"27","CR01","SP04-ARL_231026_CR01_0283-p0648","SP04-ARL_231031_CR01_0288-b1346",1,"10:23","10:23","Pecked","fruit",2,705,"","","SP04-ARL_231031_CR01_0288-b1346-I0705","Birds","Thraupis_palmarum","10:23","10:23","Cecropia_hispidissima",NA,NA,0.49654763,-79.17820655,560,"cacao regeneration","cacao regeneration early",2017,6,"direct_obs","cacao"
"28","CR01","SP04-ARL_231026_CR01_0283-p0653","SP04-ARL_231027_CR01_0284-b1338",1,"09:30","09:34","Pecked","fruit",1,698,"","","SP04-ARL_231027_CR01_0284-b1338-I0698","Birds","Tangara_palmeri","09:30","09:34","Cecropia_garciae",NA,NA,0.49654763,-79.17820655,560,"cacao regeneration","cacao regeneration early",2017,6,"direct_obs","cacao"
"29","CR01","SP04-ARL_231026_CR01_0283-p0654","SP04-ARL_231026_CR01_0283-b1323",1,"10:36","10:43","Pecked","fruit",20,688,"","","SP04-ARL_231026_CR01_0283-b1323-I0688","Birds","Cyanocompsa_cyanoides","10:36","10:43","A-CR0101",NA,NA,0.49654763,-79.17820655,560,"cacao regeneration","cacao regeneration early",2017,6,"direct_obs","cacao"
"30","CR01","SP04-ARL_231026_CR01_0283-p0654","SP04-ARL_231027_CR01_0284-b1335",1,"09:20","09:20","Swalloweded","fruit",1,695,"","","SP04-ARL_231027_CR01_0284-b1335-I0695","Birds","Lepidothrix_coronata","09:20","09:20","A-CR0101",NA,NA,0.49654763,-79.17820655,560,"cacao regeneration","cacao regeneration early",2017,6,"direct_obs","cacao"
"31","CR01","SP04-ARL_231026_CR01_0283-p0654","SP04-ARL_231027_CR01_0284-b1334",1,"08:38","08:38","Swalloweded","fruit",2,694,"","","SP04-ARL_231027_CR01_0284-b1334-I0694","Birds","Lepidothrix_coronata","08:38","08:38","A-CR0101",NA,NA,0.49654763,-79.17820655,560,"cacao regeneration","cacao regeneration early",2017,6,"direct_obs","cacao"
"32","CR01","SP04-ARL_231026_CR01_0283-p0665","SP04-ARL_231031_CR01_0288-b1348",1,"10:49","10:49","Swalloweded","fruit",3,707,"","","SP04-ARL_231031_CR01_0288-b1348-I0707","Birds","Tangara_florida","10:49","10:49","A-CR1303",NA,NA,0.49654763,-79.17820655,560,"cacao regeneration","cacao regeneration early",2017,6,"direct_obs","cacao"
"33","CR02","SP04-ARL_231101_CR02_0298-p0663","SP04-ARL_231101_CR02_0298-b1392",5,"09:19","09:19","Swalloweded","fruit",2,729,"","","SP04-ARL_231101_CR02_0298-b1392-I0729","Birds","Tachyphonus_delatrii","09:19","09:19","Miconia_centronioides","PREX",NA,0.50150484,-79.22593494,400,"cacao regeneration","cacao regeneration early",2015,8,"direct_obs","cacao"
"34","CR02","SP04-ARL_231101_CR02_0298-p0663","SP04-ARL_231101_CR02_0298-b1397",1,"09:34","09:36","Swalloweded","fruit",3,730,"","","SP04-ARL_231101_CR02_0298-b1397-I0730","Birds","Manacus_manacus","09:34","09:36","Miconia_centronioides","PREX",NA,0.50150484,-79.22593494,400,"cacao regeneration","cacao regeneration early",2015,8,"direct_obs","cacao"
"35","CR02","SP04-ARL_231101_CR02_0298-p0663","SP04-ARL_231102_CR02_0299-b1398",1,"08:42","08:43","Swalloweded","fruit",3,731,"","","SP04-ARL_231102_CR02_0299-b1398-I0731","Birds","Manacus_manacus","08:42","08:43","Miconia_centronioides","PREX",NA,0.50150484,-79.22593494,400,"cacao regeneration","cacao regeneration early",2015,8,"direct_obs","cacao"
"36","CR02","SP04-ARL_231101_CR02_0298-p0663","SP04-ARL_231102_CR02_0299-b1399",1,"08:45","08:45","Swalloweded","fruit",1,732,"","","SP04-ARL_231102_CR02_0299-b1399-I0732","Birds","Manacus_manacus","08:45","08:45","Miconia_centronioides","PREX",NA,0.50150484,-79.22593494,400,"cacao regeneration","cacao regeneration early",2015,8,"direct_obs","cacao"
"37","CR02","SP04-ARL_231101_CR02_0298-p0666","SP04-ARL_231102_CR02_0299-b1400",2,"09:08","09:09","Swalloweded","fruit",5,733,"","","SP04-ARL_231102_CR02_0299-b1400-I0733","Birds","Tangara_cyanicollis","09:08","09:09","A-CR1303","PREX",NA,0.50150484,-79.22593494,400,"cacao regeneration","cacao regeneration early",2015,8,"direct_obs","cacao"
"38","CR02","SP04-ARL_231101_CR02_0298-p0666","SP04-ARL_231103_CR02_0300-b1402",1,"07:53","07:53","Swalloweded","fruit",2,734,"","","SP04-ARL_231103_CR02_0300-b1402-I0734","Birds","Manacus_manacus","07:53","07:53","A-CR1303","PREX",NA,0.50150484,-79.22593494,400,"cacao regeneration","cacao regeneration early",2015,8,"direct_obs","cacao"
"39","CR02","SP04-ARL_231101_CR02_0298-p0666","SP04-ARL_231103_CR02_0300-b1403",2,"08:59","09:04","Swalloweded","fruit",12,735,"","","SP04-ARL_231103_CR02_0300-b1403-I0735","Birds","Dacnis_venusta","08:59","09:04","A-CR1303","PREX",NA,0.50150484,-79.22593494,400,"cacao regeneration","cacao regeneration early",2015,8,"direct_obs","cacao"
"40","CR02","SP04-ARL_231101_CR02_0298-p0666","SP04-ARL_231103_CR02_0300-b1405",1,"08:59","09:04","Swalloweded","fruit",6,736,"","","SP04-ARL_231103_CR02_0300-b1405-I0736","Birds","Tangara_gyrola","08:59","09:04","A-CR1303","PREX",NA,0.50150484,-79.22593494,400,"cacao regeneration","cacao regeneration early",2015,8,"direct_obs","cacao"
"41","CR02","SP04-ARL_231101_CR02_0298-p0666","SP04-ARL_231103_CR02_0300-b1406",1,"08:59","09:04","Swalloweded","fruit",4,737,"","","SP04-ARL_231103_CR02_0300-b1406-I0737","Birds","Tangara_lavinia","08:59","09:04","A-CR1303","PREX",NA,0.50150484,-79.22593494,400,"cacao regeneration","cacao regeneration early",2015,8,"direct_obs","cacao"
"42","CR04","SP04-ARL_220425_CR04_0042-p0039","SP04-ARL_220427_CR04_0044-b0217",1,"10:20","10:42","Dropped","seed",15,118,"","rever interacao","SP04-ARL_220427_CR04_0044-b0217-I0118","Primates","Cebus_capucinus","10:20","10:42","Wettinia_quinaria","PREX",NA,0.51167917,-79.18947658,560,"cacao regeneration","cacao regeneration late",2002,21,"direct_obs","cacao"
"43","CR04","SP04-ARL_220425_CR04_0042-p0052","SP04-ARL_220425_CR04_0042-b0149",4,"09:28","09:32","Swallowed","fruit",11,90,"","","SP04-ARL_220425_CR04_0042-b0149-I0090","Birds","Ramphastos_ambiguus","09:28","09:32","Miconia_'peciolo rojo'","PREX",NA,0.51167917,-79.18947658,560,"cacao regeneration","cacao regeneration late",2002,21,"direct_obs","cacao"
"44","CR04","SP04-ARL_220425_CR04_0042-p0052","SP04-ARL_220425_CR04_0042-b0153",1,"09:34","09:36","Swallowed","fruit",10,91,"","","SP04-ARL_220425_CR04_0042-b0153-I0091","Birds","Cephalopterus_penduliger","09:34","09:36","Miconia_'peciolo rojo'","PREX",NA,0.51167917,-79.18947658,560,"cacao regeneration","cacao regeneration late",2002,21,"direct_obs","cacao"
"45","CR04","SP04-ARL_220425_CR04_0042-p0052","SP04-ARL_220427_CR04_0044-b0195",1,"06:39","06:39","Swallowed","fruit",2,109,"","","SP04-ARL_220427_CR04_0044-b0195-I0109","Birds","Lipaugus_unirufus","06:39","06:39","Miconia_'peciolo rojo'","PREX",NA,0.51167917,-79.18947658,560,"cacao regeneration","cacao regeneration late",2002,21,"direct_obs","cacao"
"46","CR04","SP04-ARL_220425_CR04_0042-p0052","SP04-ARL_220427_CR04_0044-b0196",2,"06:30","06:32","Swallowed","fruit",2,110,"","","SP04-ARL_220427_CR04_0044-b0196-I0110","Birds","Trogon_chionurus","06:30","06:32","Miconia_'peciolo rojo'","PREX",NA,0.51167917,-79.18947658,560,"cacao regeneration","cacao regeneration late",2002,21,"direct_obs","cacao"
"47","CR04","SP04-ARL_220425_CR04_0042-p0052","SP04-ARL_220426_CR04_0043-b0193",2,"10:42","10:42","Swallowed","fruit",2,108,"","","SP04-ARL_220426_CR04_0043-b0193-I0108","Birds","Lipaugus_unirufus","10:40","10:42","Miconia_'peciolo rojo'","PREX",NA,0.51167917,-79.18947658,560,"cacao regeneration","cacao regeneration late",2002,21,"direct_obs","cacao"
"48","CR04","SP04-ARL_220425_CR04_0042-p0053","SP04-ARL_220425_CR04_0042-b0156",3,"09:35","09:41","Swallowed","fruit",6,94,"","","SP04-ARL_220425_CR04_0042-b0156-I0094","Birds","Ramphastos_ambiguus","09:35","09:41","Nectandra_purpurea_cf.","PREX",NA,0.51167917,-79.18947658,560,"cacao regeneration","cacao regeneration late",2002,21,"direct_obs","cacao"
"49","CR04","SP04-ARL_220425_CR04_0042-p0053","SP04-ARL_220425_CR04_0042-b0154",1,"10:40","10:43","Swallowed","fruit",10,92,"","","SP04-ARL_220425_CR04_0042-b0154-I0092","Birds","Lipaugus_unirufus","10:40","10:43","Nectandra_purpurea_cf.","PREX",NA,0.51167917,-79.18947658,560,"cacao regeneration","cacao regeneration late",2002,21,"direct_obs","cacao"
"50","CR04","SP04-ARL_220425_CR04_0042-p0053","SP04-ARL_220425_CR04_0042-b0155",1,"09:35","09:41","Swallowed","fruit",6,93,"","","SP04-ARL_220425_CR04_0042-b0155-I0093","Birds","Ramphastos_ambiguus","09:35","09:41","Nectandra_purpurea_cf.","PREX",NA,0.51167917,-79.18947658,560,"cacao regeneration","cacao regeneration late",2002,21,"direct_obs","cacao"
"51","CR04","SP04-ARL_220425_CR04_0042-p0053","SP04-ARL_220426_CR04_0043-b0168",2,"09:58","10:02","Swallowed","fruit",15,98,"","","SP04-ARL_220426_CR04_0043-b0168-I0098","Birds","Ramphastos_brevis","09:58","10:02","Nectandra_purpurea_cf.","PREX",NA,0.51167917,-79.18947658,560,"cacao regeneration","cacao regeneration late",2002,21,"direct_obs","cacao"
"52","CR04","SP04-ARL_220425_CR04_0042-p0053","SP04-ARL_220426_CR04_0043-b0170",2,"10:00","10:03","Swallowed","fruit",15,99,"","","SP04-ARL_220426_CR04_0043-b0170-I0099","Birds","Ramphastos_brevis","10:00","10:03","Nectandra_purpurea_cf.","PREX",NA,0.51167917,-79.18947658,560,"cacao regeneration","cacao regeneration late",2002,21,"direct_obs","cacao"
"53","CR04","SP04-ARL_220425_CR04_0042-p0053","SP04-ARL_220426_CR04_0043-b0172",4,"10:02","10:04","Swallowed","fruit",8,100,"","","SP04-ARL_220426_CR04_0043-b0172-I0100","Birds","Ramphastos_brevis","10:02","10:04","Nectandra_purpurea_cf.","PREX",NA,0.51167917,-79.18947658,560,"cacao regeneration","cacao regeneration late",2002,21,"direct_obs","cacao"
"54","CR04","SP04-ARL_220425_CR04_0042-p0053","SP04-ARL_220426_CR04_0043-b0176",2,"10:05","10:11","Swallowed","fruit",10,101,"","","SP04-ARL_220426_CR04_0043-b0176-I0101","Birds","Ramphastos_brevis","10:05","10:11","Nectandra_purpurea_cf.","PREX",NA,0.51167917,-79.18947658,560,"cacao regeneration","cacao regeneration late",2002,21,"direct_obs","cacao"
"55","CR04","SP04-ARL_220425_CR04_0042-p0053","SP04-ARL_220426_CR04_0043-b0178",1,"10:38","10:40","Swallowed","fruit",5,102,"","","SP04-ARL_220426_CR04_0043-b0178-I0102","Birds","Ramphastos_ambiguus","10:38","10:40","Nectandra_purpurea_cf.","PREX",NA,0.51167917,-79.18947658,560,"cacao regeneration","cacao regeneration late",2002,21,"direct_obs","cacao"
"56","CR04","SP04-ARL_220425_CR04_0042-p0053","SP04-ARL_220426_CR04_0043-b0179",3,"10:38","10:52","Swallowed","fruit",15,103,"","","SP04-ARL_220426_CR04_0043-b0179-I0103","Birds","Ramphastos_ambiguus","10:38","10:52","Nectandra_purpurea_cf.","PREX",NA,0.51167917,-79.18947658,560,"cacao regeneration","cacao regeneration late",2002,21,"direct_obs","cacao"
"57","CR04","SP04-ARL_220425_CR04_0042-p0053","SP04-ARL_220426_CR04_0043-b0182",3,"11:11","11:19","Swallowed","fruit",3,104,"","","SP04-ARL_220426_CR04_0043-b0182-I0104","Birds","Ramphastos_ambiguus","11:11","11:19","Nectandra_purpurea_cf.","PREX",NA,0.51167917,-79.18947658,560,"cacao regeneration","cacao regeneration late",2002,21,"direct_obs","cacao"
"58","CR04","SP04-ARL_220425_CR04_0042-p0053","SP04-ARL_220426_CR04_0043-b0185",3,"11:27","11:36","Swallowed","fruit",8,105,"","","SP04-ARL_220426_CR04_0043-b0185-I0105","Birds","Ramphastos_ambiguus","11:27","11:36","Nectandra_purpurea_cf.","PREX",NA,0.51167917,-79.18947658,560,"cacao regeneration","cacao regeneration late",2002,21,"direct_obs","cacao"
"59","CR04","SP04-ARL_220425_CR04_0042-p0053","SP04-ARL_220426_CR04_0043-b0188",2,"11:24","11:27","Swallowed","fruit",4,106,"","","SP04-ARL_220426_CR04_0043-b0188-I0106","Birds","Cephalopterus_penduliger","11:24","11:27","Nectandra_purpurea_cf.","PREX",NA,0.51167917,-79.18947658,560,"cacao regeneration","cacao regeneration late",2002,21,"direct_obs","cacao"
"60","CR04","SP04-ARL_220425_CR04_0042-p0053","SP04-ARL_220426_CR04_0043-b0190",3,"10:40","10:55","Swallowed","fruit",7,107,"","","SP04-ARL_220426_CR04_0043-b0190-I0107","Birds","Ramphastos_ambiguus","11:40","11:55","Nectandra_purpurea_cf.","PREX",NA,0.51167917,-79.18947658,560,"cacao regeneration","cacao regeneration late",2002,21,"direct_obs","cacao"
"61","CR04","SP04-ARL_220425_CR04_0042-p0053","SP04-ARL_220426_CR04_0043-b0159",4,"09:20","09:30","Swallowed","fruit",2,95,"","","SP04-ARL_220426_CR04_0043-b0159-I0095","Birds","Ramphastos_brevis","09:20","09:30","Nectandra_purpurea_cf.","PREX",NA,0.51167917,-79.18947658,560,"cacao regeneration","cacao regeneration late",2002,21,"direct_obs","cacao"
"62","CR04","SP04-ARL_220425_CR04_0042-p0053","SP04-ARL_220426_CR04_0043-b0163",2,"09:36","09:40","Swallowed","fruit",7,96,"","","SP04-ARL_220426_CR04_0043-b0163-I0096","Birds","Penelope_purpurascens","09:36","09:40","Nectandra_purpurea_cf.","PREX",NA,0.51167917,-79.18947658,560,"cacao regeneration","cacao regeneration late",2002,21,"direct_obs","cacao"
"63","CR04","SP04-ARL_220425_CR04_0042-p0053","SP04-ARL_220426_CR04_0043-b0165",3,"09:45","09:46","Swallowed","fruit",10,97,"","","SP04-ARL_220426_CR04_0043-b0165-I0097","Birds","Ramphastos_brevis","09:45","09:46","Nectandra_purpurea_cf.","PREX",NA,0.51167917,-79.18947658,560,"cacao regeneration","cacao regeneration late",2002,21,"direct_obs","cacao"
"64","CR04","SP04-ARL_220425_CR04_0042-p0053","SP04-ARL_220427_CR04_0044-b0198",1,"06:50","06:52","Swallowed","fruit",3,111,"","","SP04-ARL_220427_CR04_0044-b0198-I0111","Birds","Ramphastos_brevis","06:50","06:52","Nectandra_purpurea_cf.","PREX",NA,0.51167917,-79.18947658,560,"cacao regeneration","cacao regeneration late",2002,21,"direct_obs","cacao"
"65","CR04","SP04-ARL_220425_CR04_0042-p0053","SP04-ARL_220427_CR04_0044-b0199",2,"07:30","07:38","Swallowed","fruit",4,112,"","","SP04-ARL_220427_CR04_0044-b0199-I0112","Birds","Cephalopterus_penduliger","07:30","07:38","Nectandra_purpurea_cf.","PREX",NA,0.51167917,-79.18947658,560,"cacao regeneration","cacao regeneration late",2002,21,"direct_obs","cacao"
"66","CR04","SP04-ARL_220425_CR04_0042-p0053","SP04-ARL_220427_CR04_0044-b0201",6,"07:25","07:38","Swallowed","fruit",8,113,"","","SP04-ARL_220427_CR04_0044-b0201-I0113","Birds","Ramphastos_ambiguus","07:25","07:38","Nectandra_purpurea_cf.","PREX",NA,0.51167917,-79.18947658,560,"cacao regeneration","cacao regeneration late",2002,21,"direct_obs","cacao"
"67","CR04","SP04-ARL_220425_CR04_0042-p0053","SP04-ARL_220427_CR04_0044-b0207",6,"08:00","08:15","Swallowed","fruit",12,114,"","","SP04-ARL_220427_CR04_0044-b0207-I0114","Birds","Ramphastos_ambiguus","08:00","08:15","Nectandra_purpurea_cf.","PREX",NA,0.51167917,-79.18947658,560,"cacao regeneration","cacao regeneration late",2002,21,"direct_obs","cacao"
"68","CR04","SP04-ARL_220425_CR04_0042-p0053","SP04-ARL_220427_CR04_0044-b0213",2,"08:10","08:15","Swallowed","fruit",4,115,"","","SP04-ARL_220427_CR04_0044-b0213-I0115","Birds","Cephalopterus_penduliger","08:10","08:15","Nectandra_purpurea_cf.","PREX",NA,0.51167917,-79.18947658,560,"cacao regeneration","cacao regeneration late",2002,21,"direct_obs","cacao"
"69","CR04","SP04-ARL_220425_CR04_0042-p0053","SP04-ARL_220427_CR04_0044-b0216",1,"10:09","10:15","Swallowed","fruit",6,117,"","","SP04-ARL_220427_CR04_0044-b0216-I0117","Birds","Ramphastos_brevis","10:09","10:15","Nectandra_purpurea_cf.","PREX",NA,0.51167917,-79.18947658,560,"cacao regeneration","cacao regeneration late",2002,21,"direct_obs","cacao"
"70","CR04","SP04-ARL_220425_CR04_0042-p0054","SP04-ARL_220427_CR04_0044-b0215",1,"09:00","09:06","Swallowed","fruit",6,116,"","","SP04-ARL_220427_CR04_0044-b0215-I0116","Birds","Ramphastos_brevis","09:00","09:06","Pentagonia_macrophylla","PREX",NA,0.51167917,-79.18947658,560,"cacao regeneration","cacao regeneration late",2002,21,"direct_obs","cacao"
"71","CR05","SP04-ARL_230326_CR05_0178-p0288","SP04-ARL_230326_CR05_0178-b0885",1,"07:10","07:12","Pecked","fruit",8,438,"","","SP04-ARL_230326_CR05_0178-b0885-I0438","Birds","Thraupis_episcopus","07:10","07:12","Vismia_baccifera","PREX",NA,0.51178371,-79.20359237,377,"cacao regeneration","cacao regeneration early",2011,12,"direct_obs","cacao"
"72","CR05","SP04-ARL_230326_CR05_0178-p0288","SP04-ARL_230328_CR05_0180-b0918",1,"08:50","08:50","Pecked","fruit",3,466,"","","SP04-ARL_230328_CR05_0180-b0918-I0466","Birds","Thraupis_episcopus","08:50","08:51","Vismia_baccifera","PREX",NA,0.51178371,-79.20359237,377,"cacao regeneration","cacao regeneration early",2011,12,"direct_obs","cacao"
"73","CR05","SP04-ARL_230326_CR05_0178-p0288","SP04-ARL_230328_CR05_0180-b0918",1,"08:50","08:50","Dropped","fruit",1,465,"","","SP04-ARL_230328_CR05_0180-b0918-I0465","Birds","Thraupis_episcopus","08:50","08:51","Vismia_baccifera","PREX",NA,0.51178371,-79.20359237,377,"cacao regeneration","cacao regeneration early",2011,12,"direct_obs","cacao"
"74","CR05","SP04-ARL_230326_CR05_0178-p0288","SP04-ARL_230326_CR05_0178-b0888",2,"06:57","07:02","Swallowed","fruit",3,441,"","","SP04-ARL_230326_CR05_0178-b0888-I0441","Birds","Ramphocelus_flammigerus","06:57","07:02","Vismia_baccifera","PREX",NA,0.51178371,-79.20359237,377,"cacao regeneration","cacao regeneration early",2011,12,"direct_obs","cacao"
"75","CR05","SP04-ARL_230326_CR05_0178-p0288","SP04-ARL_230326_CR05_0178-b0890",2,"07:12","07:15","Pecked","fruit",4,442,"","","SP04-ARL_230326_CR05_0178-b0890-I0442","Birds","Dacnis_berlepschi","07:12","07:15","Vismia_baccifera","PREX",NA,0.51178371,-79.20359237,377,"cacao regeneration","cacao regeneration early",2011,12,"direct_obs","cacao"
"76","CR05","SP04-ARL_230326_CR05_0178-p0288","SP04-ARL_230328_CR05_0180-b0930",1,"09:30","09:31","Pecked","fruit",3,473,"","","SP04-ARL_230328_CR05_0180-b0930-I0473","Birds","Tachyphonus_delatrii","09:30","09:31","Vismia_baccifera","PREX",NA,0.51178371,-79.20359237,377,"cacao regeneration","cacao regeneration early",2011,12,"direct_obs","cacao"
"77","CR05","SP04-ARL_230326_CR05_0178-p0288","SP04-ARL_230328_CR05_0180-b0931",1,"10:10","10:11","Pecked","fruit",4,474,"","","SP04-ARL_230328_CR05_0180-b0931-I0474","Birds","Ramphocelus_flammigerus","10:10","10:11","Vismia_baccifera","PREX",NA,0.51178371,-79.20359237,377,"cacao regeneration","cacao regeneration early",2011,12,"direct_obs","cacao"
"78","CR05","SP04-ARL_230326_CR05_0178-p0288","SP04-ARL_230328_CR05_0180-b0928",2,"09:30","09:31","Pecked","fruit",3,472,"","","SP04-ARL_230328_CR05_0180-b0928-I0472","Birds","Ramphocelus_flammigerus","09:30","09:31","Vismia_baccifera","PREX",NA,0.51178371,-79.20359237,377,"cacao regeneration","cacao regeneration early",2011,12,"direct_obs","cacao"
"79","CR05","SP04-ARL_230326_CR05_0178-p0288","SP04-ARL_230326_CR05_0178-b0902",1,"08:20","08:21","Swallowed","fruit",1,451,"","","SP04-ARL_230326_CR05_0178-b0902-I0451","Birds","Thraupis_palmarum","08:20","08:21","Vismia_baccifera","PREX",NA,0.51178371,-79.20359237,377,"cacao regeneration","cacao regeneration early",2011,12,"direct_obs","cacao"
"80","CR05","SP04-ARL_230326_CR05_0178-p0288","SP04-ARL_230326_CR05_0178-b0907",2,"09:47","09:51","Pecked","fruit",2,455,"","","SP04-ARL_230326_CR05_0178-b0907-I0455","Birds","Thraupis_episcopus","09:47","09:51","Vismia_baccifera","PREX",NA,0.51178371,-79.20359237,377,"cacao regeneration","cacao regeneration early",2011,12,"direct_obs","cacao"
"81","CR05","SP04-ARL_230326_CR05_0178-p0294","SP04-ARL_230326_CR05_0178-b0895",2,"07:46","07:52","Pecked","fruit",8,445,"","","SP04-ARL_230326_CR05_0178-b0895-I0445","Birds","Thraupis_palmarum","07:46","07:52","Cecropia_hispidissima","PREX",NA,0.51178371,-79.20359237,377,"cacao regeneration","cacao regeneration early",2011,12,"direct_obs","cacao"
"82","CR05","SP04-ARL_230326_CR05_0178-p0294","SP04-ARL_230326_CR05_0178-b0894",1,"07:41","07:43","Pecked","fruit",5,444,"","","SP04-ARL_230326_CR05_0178-b0894-I0444","Birds","Thraupis_episcopus","07:41","07:43","Cecropia_hispidissima","PREX",NA,0.51178371,-79.20359237,377,"cacao regeneration","cacao regeneration early",2011,12,"direct_obs","cacao"
"83","CR05","SP04-ARL_230326_CR05_0178-p0294","SP04-ARL_230326_CR05_0178-b0901",1,"08:10","08:18","Pecked","fruit",1,449,"","","SP04-ARL_230326_CR05_0178-b0901-I0449","Birds","Ramphocelus_flammigerus","08:10","08:18","Cecropia_hispidissima","PREX",NA,0.51178371,-79.20359237,377,"cacao regeneration","cacao regeneration early",2011,12,"direct_obs","cacao"
"84","CR05","SP04-ARL_230326_CR05_0178-p0294","SP04-ARL_230326_CR05_0178-b0901",1,"08:10","08:18","CarryAway","fruit",1,450,"","","SP04-ARL_230326_CR05_0178-b0901-I0450","Birds","Ramphocelus_flammigerus","08:10","08:18","Cecropia_hispidissima","PREX",NA,0.51178371,-79.20359237,377,"cacao regeneration","cacao regeneration early",2011,12,"direct_obs","cacao"
"85","CR05","SP04-ARL_230326_CR05_0178-p0294","SP04-ARL_230326_CR05_0178-b0886",1,"06:31","06:32","Pecked","fruit",6,439,"","","SP04-ARL_230326_CR05_0178-b0886-I0439","Birds","Ramphocelus_flammigerus","06:31","06:32","Cecropia_hispidissima","PREX",NA,0.51178371,-79.20359237,377,"cacao regeneration","cacao regeneration early",2011,12,"direct_obs","cacao"
"86","CR05","SP04-ARL_230326_CR05_0178-p0294","SP04-ARL_230326_CR05_0178-b0887",1,"06:43","06:46","Pecked","fruit",8,440,"","","SP04-ARL_230326_CR05_0178-b0887-I0440","Birds","Ramphocelus_flammigerus","06:43","06:46","Cecropia_hispidissima","PREX",NA,0.51178371,-79.20359237,377,"cacao regeneration","cacao regeneration early",2011,12,"direct_obs","cacao"
"87","CR05","SP04-ARL_230326_CR05_0178-p0294","SP04-ARL_230326_CR05_0178-b0905",2,"09:25","09:26","Pecked","fruit",6,454,"","","SP04-ARL_230326_CR05_0178-b0905-I0454","Birds","Thraupis_episcopus","09:25","09:26","Cecropia_hispidissima","PREX",NA,0.51178371,-79.20359237,377,"cacao regeneration","cacao regeneration early",2011,12,"direct_obs","cacao"
"88","CR05","SP04-ARL_230326_CR05_0178-p0294","SP04-ARL_230326_CR05_0178-b0892",2,"07:23","07:26","Pecked","fruit",3,443,"","","SP04-ARL_230326_CR05_0178-b0892-I0443","Birds","Dacnis_berlepschi","07:23","07:26","Cecropia_hispidissima","PREX",NA,0.51178371,-79.20359237,377,"cacao regeneration","cacao regeneration early",2011,12,"direct_obs","cacao"
"89","CR05","SP04-ARL_230326_CR05_0178-p0294","SP04-ARL_230328_CR05_0180-b0921",2,"10:08","10:12","Pecked","fruit",26,469,"","","SP04-ARL_230328_CR05_0180-b0921-I0469","Birds","Thraupis_palmarum","10:08","10:12","Cecropia_hispidissima","PREX",NA,0.51178371,-79.20359237,377,"cacao regeneration","cacao regeneration early",2011,12,"direct_obs","cacao"
"90","CR05","SP04-ARL_230326_CR05_0178-p0294","SP04-ARL_230328_CR05_0180-b0913",1,"07:12","07:19","Pecked","fruit",3,461,"","","SP04-ARL_230328_CR05_0180-b0913-I0461","Birds","Thraupis_episcopus","07:12","07:19","Cecropia_hispidissima","PREX",NA,0.51178371,-79.20359237,377,"cacao regeneration","cacao regeneration early",2011,12,"direct_obs","cacao"
"91","CR05","SP04-ARL_230326_CR05_0178-p0294","SP04-ARL_230328_CR05_0180-b0927",1,"10:28","10:30","Pecked","fruit",8,471,"","","SP04-ARL_230328_CR05_0180-b0927-I0471","Birds","Thraupis_episcopus","10:28","10:30","Cecropia_hispidissima","PREX",NA,0.51178371,-79.20359237,377,"cacao regeneration","cacao regeneration early",2011,12,"direct_obs","cacao"
"92","CR05","SP04-ARL_230326_CR05_0178-p0294","SP04-ARL_230326_CR05_0178-b0897",1,"07:46","07:52","Pecked","fruit",8,446,"","","SP04-ARL_230326_CR05_0178-b0897-I0446","Birds","Ramphocelus_flammigerus","07:46","07:52","Cecropia_hispidissima","PREX",NA,0.51178371,-79.20359237,377,"cacao regeneration","cacao regeneration early",2011,12,"direct_obs","cacao"
"93","CR05","SP04-ARL_230326_CR05_0178-p0294","SP04-ARL_230326_CR05_0178-b0898",2,"07:46","07:52","Pecked","fruit",8,447,"","","SP04-ARL_230326_CR05_0178-b0898-I0447","Birds","Ramphocelus_flammigerus","07:46","07:52","Cecropia_hispidissima","PREX",NA,0.51178371,-79.20359237,377,"cacao regeneration","cacao regeneration early",2011,12,"direct_obs","cacao"
"94","CR05","SP04-ARL_230326_CR05_0178-p0294","SP04-ARL_230326_CR05_0178-b0903",1,"08:23","08:24","Pecked","fruit",2,452,"","","SP04-ARL_230326_CR05_0178-b0903-I0452","Birds","Thraupis_palmarum","08:23","08:24","Cecropia_hispidissima","PREX",NA,0.51178371,-79.20359237,377,"cacao regeneration","cacao regeneration early",2011,12,"direct_obs","cacao"
"95","CR05","SP04-ARL_230326_CR05_0178-p0294","SP04-ARL_230328_CR05_0180-b0914",1,"07:20","07:21","Pecked","fruit",1,462,"","","SP04-ARL_230328_CR05_0180-b0914-I0462","Birds","Saltator_maximus","07:20","07:21","Cecropia_hispidissima","PREX",NA,0.51178371,-79.20359237,377,"cacao regeneration","cacao regeneration early",2011,12,"direct_obs","cacao"
"96","CR05","SP04-ARL_230326_CR05_0178-p0294","SP04-ARL_230328_CR05_0180-b0915",2,"07:40","07:40","Pecked","fruit",4,463,"","","SP04-ARL_230328_CR05_0180-b0915-I0463","Birds","Ramphocelus_flammigerus","07:40","07:40","Cecropia_hispidissima","PREX",NA,0.51178371,-79.20359237,377,"cacao regeneration","cacao regeneration early",2011,12,"direct_obs","cacao"
"97","CR05","SP04-ARL_230326_CR05_0178-p0294","SP04-ARL_230328_CR05_0180-b0917",1,"08:40","08:44","Pecked","fruit",3,464,"","","SP04-ARL_230328_CR05_0180-b0917-I0464","Birds","Saltator_maximus","08:40","08:44","Cecropia_hispidissima","PREX",NA,0.51178371,-79.20359237,377,"cacao regeneration","cacao regeneration early",2011,12,"direct_obs","cacao"
"98","CR05","SP04-ARL_230326_CR05_0178-p0294","SP04-ARL_230326_CR05_0178-b0904",1,"08:27","08:35","Pecked","fruit",12,453,"","","SP04-ARL_230326_CR05_0178-b0904-I0453","Birds","Thraupis_palmarum","08:27","08:35","Cecropia_hispidissima","PREX",NA,0.51178371,-79.20359237,377,"cacao regeneration","cacao regeneration early",2011,12,"direct_obs","cacao"
"99","CR05","SP04-ARL_230326_CR05_0178-p0294","SP04-ARL_230328_CR05_0180-b0919",1,"08:58","08:58","Pecked","fruit",1,467,"","","SP04-ARL_230328_CR05_0180-b0919-I0467","Birds","Thraupis_episcopus","08:58","08:58","Cecropia_hispidissima","PREX",NA,0.51178371,-79.20359237,377,"cacao regeneration","cacao regeneration early",2011,12,"direct_obs","cacao"
"100","CR05","SP04-ARL_230326_CR05_0178-p0294","SP04-ARL_230328_CR05_0180-b0920",1,"09:32","09:34","Pecked","fruit",6,468,"","","SP04-ARL_230328_CR05_0180-b0920-I0468","Birds","Thraupis_palmarum","09:32","09:34","Cecropia_hispidissima","PREX",NA,0.51178371,-79.20359237,377,"cacao regeneration","cacao regeneration early",2011,12,"direct_obs","cacao"
"101","CR05","SP04-ARL_230326_CR05_0178-p0294","SP04-ARL_230328_CR05_0180-b0932",1,"10:49","10:49","Pecked","fruit",15,475,"","","SP04-ARL_230328_CR05_0180-b0932-I0475","Birds","Tangara_cyanicollis","10:49","10:50","Cecropia_hispidissima","PREX",NA,0.51178371,-79.20359237,377,"cacao regeneration","cacao regeneration early",2011,12,"direct_obs","cacao"
"102","CR05","SP04-ARL_230326_CR05_0178-p0294","SP04-ARL_230326_CR05_0178-b0911",2,"10:23","10:27","Pecked","fruit",4,459,"","","SP04-ARL_230326_CR05_0178-b0911-I0459","Birds","Ramphocelus_flammigerus","10:23","10:27","Cecropia_hispidissima","PREX",NA,0.51178371,-79.20359237,377,"cacao regeneration","cacao regeneration early",2011,12,"direct_obs","cacao"
"103","CR05","SP04-ARL_230326_CR05_0178-p0294","SP04-ARL_230328_CR05_0180-b0933",2,"10:52","10:52","Pecked","fruit",8,476,"","","SP04-ARL_230328_CR05_0180-b0933-I0476","Birds","Ramphocelus_flammigerus","10:52","10:53","Cecropia_hispidissima","PREX",NA,0.51178371,-79.20359237,377,"cacao regeneration","cacao regeneration early",2011,12,"direct_obs","cacao"
"104","CR05","SP04-ARL_230326_CR05_0178-p0323","SP04-ARL_230328_CR05_0180-b0912",2,"06:34","06:37","Pecked","fruit",6,460,"","","SP04-ARL_230328_CR05_0180-b0912-I0460","Birds","Ramphastos_brevis","06:34","06:37","Cecropia_insignis","PREX",NA,0.51178371,-79.20359237,377,"cacao regeneration","cacao regeneration early",2011,12,"direct_obs","cacao"
"105","CR05","SP04-ARL_230326_CR05_0178-p0323","SP04-ARL_230328_CR05_0180-b0923",4,"10:12","10:22","Pecked","fruit",2,470,"","","SP04-ARL_230328_CR05_0180-b0923-I0470","Birds","Pteroglossus_torquatus","10:12","10:22","Cecropia_insignis","PREX",NA,0.51178371,-79.20359237,377,"cacao regeneration","cacao regeneration early",2011,12,"direct_obs","cacao"
"106","CR05","SP04-ARL_230326_CR05_0178-p0328","SP04-ARL_230326_CR05_0178-b0900",1,"07:20","07:37","Bitten","fruit",12,448,"","","SP04-ARL_230326_CR05_0178-b0900-I0448","Rodentia","Notosciurus_granatensis","07:20","07:37","Theobroma_cacao","PREX",NA,0.51178371,-79.20359237,377,"cacao regeneration","cacao regeneration early",2011,12,"direct_obs","cacao"
"107","CR05","SP04-ARL_230326_CR05_0178-p0329","SP04-ARL_230326_CR05_0178-b0909",1,"10:07","10:09","CarryAway","fruit",1,458,"","","SP04-ARL_230326_CR05_0178-b0909-I0458","Birds","Mitrospingus_cassinii","10:07","10:09","A-CR0501","PREX",NA,0.51178371,-79.20359237,377,"cacao regeneration","cacao regeneration early",2011,12,"direct_obs","cacao"
"108","CR05","SP04-ARL_230326_CR05_0178-p0329","SP04-ARL_230326_CR05_0178-b0909",1,"10:07","10:09","Pecked","fruit",3,456,"","","SP04-ARL_230326_CR05_0178-b0909-I0456","Birds","Mitrospingus_cassinii","10:07","10:09","A-CR0501","PREX",NA,0.51178371,-79.20359237,377,"cacao regeneration","cacao regeneration early",2011,12,"direct_obs","cacao"
"109","CR05","SP04-ARL_230326_CR05_0178-p0329","SP04-ARL_230326_CR05_0178-b0910",1,"10:13","10:15","Pecked","fruit",3,457,"","","SP04-ARL_230326_CR05_0178-b0910-I0457","Birds","Mitrospingus_cassinii","10:13","10:15","A-CR0501","PREX",NA,0.51178371,-79.20359237,377,"cacao regeneration","cacao regeneration early",2011,12,"direct_obs","cacao"
"110","CR06","SP04-ARL_220511_CR06_0014-p0071","SP04-ARL_220511_CR06_0014-b0288",2,"08:45","08:49","Swallowed","fruit",3,151,"","","SP04-ARL_220511_CR06_0014-b0288-I0151","Birds","Tangara_lavinia","08:45","08:49","A-CR0601","PREX",NA,0.5206616,-79.21083174,397,"cacao regeneration","cacao regeneration late",1990,33,"direct_obs","cacao"
"111","CR06","SP04-ARL_220511_CR06_0014-p0071","SP04-ARL_220511_CR06_0014-b0298",1,"10:37","10:41","Swallowed","fruit",5,156,"","","SP04-ARL_220511_CR06_0014-b0298-I0156","Birds","Heterospingus_xanthopygius","10:37","10:41","A-CR0601","PREX",NA,0.5206616,-79.21083174,397,"cacao regeneration","cacao regeneration late",1990,33,"direct_obs","cacao"
"112","CR06","SP04-ARL_220511_CR06_0014-p0071","SP04-ARL_220511_CR06_0014-b0299",1,"10:37","10:41","Swallowed","fruit",3,157,"","","SP04-ARL_220511_CR06_0014-b0299-I0157","Birds","Manacus_manacus","10:37","10:41","A-CR0601","PREX",NA,0.5206616,-79.21083174,397,"cacao regeneration","cacao regeneration late",1990,33,"direct_obs","cacao"
"113","CR06","SP04-ARL_220511_CR06_0014-p0071","SP04-ARL_220511_CR06_0014-b0296",2,"10:37","10:41","Swallowed","fruit",5,155,"","","SP04-ARL_220511_CR06_0014-b0296-I0155","Birds","Chrysothlypis_salmoni","10:37","10:41","A-CR0601","PREX",NA,0.5206616,-79.21083174,397,"cacao regeneration","cacao regeneration late",1990,33,"direct_obs","cacao"
"114","CR06","SP04-ARL_220511_CR06_0014-p0071","SP04-ARL_220513_CR06_0016-b0303",4,"11:19","11:24","Swallowed","fruit",4,159,"","","SP04-ARL_220513_CR06_0016-b0303-I0159","Birds","Tachyphonus_delatrii","11:19","11:24","A-CR0601","PREX",NA,0.5206616,-79.21083174,397,"cacao regeneration","cacao regeneration late",1990,33,"direct_obs","cacao"
"115","CR06","SP04-ARL_220511_CR06_0014-p0073","SP04-ARL_220511_CR06_0014-b0290",1,"10:21","10:23","Swallowed","fruit",5,152,"","","SP04-ARL_220511_CR06_0014-b0290-I0152","Birds","Patagioenas_subvinacea","10:21","10:23","Banara_guianensis","PREX",NA,0.5206616,-79.21083174,397,"cacao regeneration","cacao regeneration late",1990,33,"direct_obs","cacao"
"116","CR06","SP04-ARL_220511_CR06_0014-p0076","SP04-ARL_220513_CR06_0016-b0301",2,"10:20","10:25","Swallowed","fruit",6,158,"","","SP04-ARL_220513_CR06_0016-b0301-I0158","Birds","Patagioenas_goodsoni","10:20","10:25","Banara_guianensis","PREX",NA,0.5206616,-79.21083174,397,"cacao regeneration","cacao regeneration late",1990,33,"direct_obs","cacao"
"117","CR06","SP04-ARL_220511_CR06_0014-p0076","SP04-ARL_220513_CR06_0016-b0307",2,"12:08","12:13","Swallowed","fruit",4,160,"","","SP04-ARL_220513_CR06_0016-b0307-I0160","Birds","Patagioenas_subvinacea","12:08","12:13","Banara_guianensis","PREX",NA,0.5206616,-79.21083174,397,"cacao regeneration","cacao regeneration late",1990,33,"direct_obs","cacao"
"118","CR06","SP04-ARL_220511_CR06_0014-p0081","SP04-ARL_220511_CR06_0014-b0293",3,"10:25","10:29","Swallowed","fruit",3,154,"","","SP04-ARL_220511_CR06_0014-b0293-I0154","Birds","Chrysothlypis_salmoni","10:25","10:29","Cecropia_insignis","PREX",NA,0.5206616,-79.21083174,397,"cacao regeneration","cacao regeneration late",1990,33,"direct_obs","cacao"
"119","CR06","SP04-ARL_220511_CR06_0014-p0081","SP04-ARL_220511_CR06_0014-b0291",2,"10:25","10:29","Swallowed","fruit",2,153,"","","SP04-ARL_220511_CR06_0014-b0291-I0153","Birds","Heterospingus_xanthopygius","10:25","10:29","Cecropia_insignis","PREX",NA,0.5206616,-79.21083174,397,"cacao regeneration","cacao regeneration late",1990,33,"direct_obs","cacao"
"120","CR07","SP04-ARL_230507_CR07_0237-p0447","SP04-ARL_230507_CR07_0237-b1140",1,"10:43","10:52","Pecked","fruit",25,599,"","","SP04-ARL_230507_CR07_0237-b1140-I0599","Birds","Euphonia_laniirostris","10:43","10:52","Cecropia_insignis",NA,NA,0.45898553,-79.20876011,168,"cacao regeneration","cacao regeneration late",2000,23,"direct_obs","cacao"
"121","CR07","SP04-ARL_230507_CR07_0237-p0447","SP04-ARL_230507_CR07_0237-b1141",5,"10:45","10:47","Pecked","fruit",11,600,"","","SP04-ARL_230507_CR07_0237-b1141-I0600","Birds","Tangara_gyrola","10:45","10:47","Cecropia_insignis",NA,NA,0.45898553,-79.20876011,168,"cacao regeneration","cacao regeneration late",2000,23,"direct_obs","cacao"
"122","CR07","SP04-ARL_230507_CR07_0237-p0448","SP04-ARL_230507_CR07_0237-b1131",1,"07:28","07:30","Swalloweded","fruit",4,593,"","","SP04-ARL_230507_CR07_0237-b1131-I0593","Birds","Ceratopipra_mentalis","07:28","07:30","Miconia_oraria",NA,NA,0.45898553,-79.20876011,168,"cacao regeneration","cacao regeneration late",2000,23,"direct_obs","cacao"
"123","CR07","SP04-ARL_230507_CR07_0237-p0448","SP04-ARL_230507_CR07_0237-b1132",2,"08:12","08:13","Swalloweded","fruit",3,594,"","","SP04-ARL_230507_CR07_0237-b1132-I0594","Birds","Manacus_manacus","08:12","08:13","Miconia_oraria",NA,NA,0.45898553,-79.20876011,168,"cacao regeneration","cacao regeneration late",2000,23,"direct_obs","cacao"
"124","CR07","SP04-ARL_230507_CR07_0237-p0448","SP04-ARL_230507_CR07_0237-b1134",2,"08:59","09:00","Swalloweded","fruit",4,595,"","","SP04-ARL_230507_CR07_0237-b1134-I0595","Birds","Manacus_manacus","08:59","09:00","Miconia_oraria",NA,NA,0.45898553,-79.20876011,168,"cacao regeneration","cacao regeneration late",2000,23,"direct_obs","cacao"
"125","CR07","SP04-ARL_230507_CR07_0237-p0448","SP04-ARL_230507_CR07_0237-b1136",1,"09:05","09:05","Swalloweded","fruit",4,596,"","","SP04-ARL_230507_CR07_0237-b1136-I0596","Birds","Ceratopipra_mentalis","09:05","09:05","Miconia_oraria",NA,NA,0.45898553,-79.20876011,168,"cacao regeneration","cacao regeneration late",2000,23,"direct_obs","cacao"
"126","CR07","SP04-ARL_230507_CR07_0237-p0448","SP04-ARL_230507_CR07_0237-b1137",2,"09:37","09:37","Swalloweded","fruit",3,597,"","","SP04-ARL_230507_CR07_0237-b1137-I0597","Birds","Manacus_manacus","09:37","09:37","Miconia_oraria",NA,NA,0.45898553,-79.20876011,168,"cacao regeneration","cacao regeneration late",2000,23,"direct_obs","cacao"
"127","CR07","SP04-ARL_230507_CR07_0237-p0448","SP04-ARL_230508_CR07_0238-b1159",1,"10:30","10:32","Swalloweded","fruit",12,606,"","","SP04-ARL_230508_CR07_0238-b1159-I0606","Birds","Ceratopipra_mentalis","10:30","10:32","Miconia_oraria",NA,NA,0.45898553,-79.20876011,168,"cacao regeneration","cacao regeneration late",2000,23,"direct_obs","cacao"
"128","CR07","SP04-ARL_230507_CR07_0237-p0448","SP04-ARL_230508_CR07_0238-b1153",1,"09:53","09:53","Swalloweded","fruit",6,603,"","","SP04-ARL_230508_CR07_0238-b1153-I0603","Birds","Ramphocelus_flammigerus","09:53","09:53","Miconia_oraria",NA,NA,0.45898553,-79.20876011,168,"cacao regeneration","cacao regeneration late",2000,23,"direct_obs","cacao"
"129","CR07","SP04-ARL_230507_CR07_0237-p0448","SP04-ARL_230508_CR07_0238-b1154",3,"10:30","10:30","Swalloweded","fruit",7,604,"","","SP04-ARL_230508_CR07_0238-b1154-I0604","Birds","Tangara_gyrola","10:30","10:30","Miconia_oraria",NA,NA,0.45898553,-79.20876011,168,"cacao regeneration","cacao regeneration late",2000,23,"direct_obs","cacao"
"130","CR07","SP04-ARL_230507_CR07_0237-p0448","SP04-ARL_230507_CR07_0237-b1146",5,"10:48","10:55","Swalloweded","fruit",15,601,"","","SP04-ARL_230507_CR07_0237-b1146-I0601","Birds","Tangara_gyrola","10:48","10:55","Miconia_oraria",NA,NA,0.45898553,-79.20876011,168,"cacao regeneration","cacao regeneration late",2000,23,"direct_obs","cacao"
"131","CR07","SP04-ARL_230507_CR07_0237-p0448","SP04-ARL_230508_CR07_0238-b1157",2,"10:27","10:28","Swalloweded","fruit",8,605,"","","SP04-ARL_230508_CR07_0238-b1157-I0605","Birds","Ceratopipra_mentalis","10:27","10:28","Miconia_oraria",NA,NA,0.45898553,-79.20876011,168,"cacao regeneration","cacao regeneration late",2000,23,"direct_obs","cacao"
"132","CR07","SP04-ARL_230507_CR07_0237-p0452","SP04-ARL_230508_CR07_0238-b1151",2,"08:51","08:52","Pecked","fruit",3,602,"","","SP04-ARL_230508_CR07_0238-b1151-I0602","Birds","Tangara_gyrola","08:51","08:52","Vismia_baccifera",NA,NA,0.45898553,-79.20876011,168,"cacao regeneration","cacao regeneration late",2000,23,"direct_obs","cacao"
"133","CR07","SP04-ARL_230507_CR07_0237-p0475","SP04-ARL_230507_CR07_0237-b1139",1,"10:25","10:25","Pecked","fruit",6,598,"","","SP04-ARL_230507_CR07_0237-b1139-I0598","Birds","Manacus_manacus","10:25","10:25","Piperacea_sp2",NA,NA,0.45898553,-79.20876011,168,"cacao regeneration","cacao regeneration late",2000,23,"direct_obs","cacao"
"134","CR08","SP04-ARL_230510_CR08_0240-p0453","SP04-ARL_230511_CR08_0241-b1183",1,"06:31","06:33","Swalloweded","fruit",13,617,"","","SP04-ARL_230511_CR08_0241-b1183-I0617","Birds","Manacus_manacus","06:31","06:33","Miconia_oraria",NA,NA,0.4592528,-79.21039418,172,"cacao regeneration","cacao regeneration late",1996,27,"direct_obs","cacao"
"135","CR08","SP04-ARL_230510_CR08_0240-p0453","SP04-ARL_230511_CR08_0241-b1184",2,"08:26","08:27","Swalloweded","fruit",8,618,"","","SP04-ARL_230511_CR08_0241-b1184-I0618","Birds","Ceratopipra_mentalis","08:26","08:27","Miconia_oraria",NA,NA,0.4592528,-79.21039418,172,"cacao regeneration","cacao regeneration late",1996,27,"direct_obs","cacao"
"136","CR08","SP04-ARL_230510_CR08_0240-p0453","SP04-ARL_230510_CR08_0240-b1166",4,"09:23","09:25","Swalloweded","fruit",6,610,"","","SP04-ARL_230510_CR08_0240-b1166-I0610","Birds","Tachyphonus_delatrii","09:23","09:25","Miconia_oraria",NA,NA,0.4592528,-79.21039418,172,"cacao regeneration","cacao regeneration late",1996,27,"direct_obs","cacao"
"137","CR08","SP04-ARL_230510_CR08_0240-p0453","SP04-ARL_230511_CR08_0241-b1180",3,"08:07","08:13","Swalloweded","fruit",2,616,"","","SP04-ARL_230511_CR08_0241-b1180-I0616","Birds","Tachyphonus_delatrii","08:07","08:13","Miconia_oraria",NA,NA,0.4592528,-79.21039418,172,"cacao regeneration","cacao regeneration late",1996,27,"direct_obs","cacao"
"138","CR08","SP04-ARL_230510_CR08_0240-p0453","SP04-ARL_230510_CR08_0240-b1163",1,"06:44","06:45","Swalloweded","fruit",11,608,"","","SP04-ARL_230510_CR08_0240-b1163-I0608","Birds","Manacus_manacus","06:44","06:45","Miconia_oraria",NA,NA,0.4592528,-79.21039418,172,"cacao regeneration","cacao regeneration late",1996,27,"direct_obs","cacao"
"139","CR08","SP04-ARL_230510_CR08_0240-p0453","SP04-ARL_230511_CR08_0241-b1175",1,"08:07","08:13","Swalloweded","fruit",2,613,"","","SP04-ARL_230511_CR08_0241-b1175-I0613","Birds","Tangara_lavinia","08:07","08:13","Miconia_oraria",NA,NA,0.4592528,-79.21039418,172,"cacao regeneration","cacao regeneration late",1996,27,"direct_obs","cacao"
"140","CR08","SP04-ARL_230510_CR08_0240-p0453","SP04-ARL_230511_CR08_0241-b1176",2,"08:07","08:13","Swalloweded","fruit",3,614,"","","SP04-ARL_230511_CR08_0241-b1176-I0614","Birds","Thraupis_palmarum","08:07","08:13","Miconia_oraria",NA,NA,0.4592528,-79.21039418,172,"cacao regeneration","cacao regeneration late",1996,27,"direct_obs","cacao"
"141","CR08","SP04-ARL_230510_CR08_0240-p0462","SP04-ARL_230510_CR08_0240-b1160",3,"06:40","06:47","Swalloweded","fruit",5,607,"","","SP04-ARL_230510_CR08_0240-b1160-I0607","Birds","Capito_squamatus","06:40","06:47","Miconia_centronioides",NA,NA,0.4592528,-79.21039418,172,"cacao regeneration","cacao regeneration late",1996,27,"direct_obs","cacao"
"142","CR08","SP04-ARL_230510_CR08_0240-p0462","SP04-ARL_230512_CR08_0242-b1198",1,"08:58","09:02","Swalloweded","fruit",2,625,"","","SP04-ARL_230512_CR08_0242-b1198-I0625","Birds","Tangara_gyrola","08:58","09:02","Miconia_centronioides",NA,NA,0.4592528,-79.21039418,172,"cacao regeneration","cacao regeneration late",1996,27,"direct_obs","cacao"
"143","CR08","SP04-ARL_230510_CR08_0240-p0462","SP04-ARL_230510_CR08_0240-b1164",2,"07:38","07:40","Swalloweded","fruit",6,609,"","","SP04-ARL_230510_CR08_0240-b1164-I0609","Birds","Heterospingus_xanthopygius","07:38","07:40","Miconia_centronioides",NA,NA,0.4592528,-79.21039418,172,"cacao regeneration","cacao regeneration late",1996,27,"direct_obs","cacao"
"144","CR08","SP04-ARL_230510_CR08_0240-p0462","SP04-ARL_230512_CR08_0242-b1201",2,"09:02","09:05","Swalloweded","fruit",4,627,"","","SP04-ARL_230512_CR08_0242-b1201-I0627","Birds","Tangara_larvata","09:02","09:05","Miconia_centronioides",NA,NA,0.4592528,-79.21039418,172,"cacao regeneration","cacao regeneration late",1996,27,"direct_obs","cacao"
"145","CR08","SP04-ARL_230510_CR08_0240-p0462","SP04-ARL_230511_CR08_0241-b1170",3,"06:54","06:56","Swalloweded","fruit",2,611,"","","SP04-ARL_230511_CR08_0241-b1170-I0611","Birds","Capito_squamatus","06:54","06:56","Miconia_centronioides",NA,NA,0.4592528,-79.21039418,172,"cacao regeneration","cacao regeneration late",1996,27,"direct_obs","cacao"
"146","CR08","SP04-ARL_230510_CR08_0240-p0462","SP04-ARL_230511_CR08_0241-b1173",2,"07:52","07:53","Pecked","fruit",3,612,"","","SP04-ARL_230511_CR08_0241-b1173-I0612","Birds","Thraupis_palmarum","07:52","07:53","Miconia_centronioides",NA,NA,0.4592528,-79.21039418,172,"cacao regeneration","cacao regeneration late",1996,27,"direct_obs","cacao"
"147","CR08","SP04-ARL_230510_CR08_0240-p0462","SP04-ARL_230512_CR08_0242-b1207",1,"09:13","09:17","Swalloweded","fruit",4,630,"","","SP04-ARL_230512_CR08_0242-b1207-I0630","Birds","Trogon_chionurus","09:13","09:17","Miconia_centronioides",NA,NA,0.4592528,-79.21039418,172,"cacao regeneration","cacao regeneration late",1996,27,"direct_obs","cacao"
"148","CR08","SP04-ARL_230510_CR08_0240-p0462","SP04-ARL_230512_CR08_0242-b1208",1,"09:15","09:17","Swalloweded","fruit",3,631,"","","SP04-ARL_230512_CR08_0242-b1208-I0631","Birds","Thraupis_palmarum","09:15","09:17","Miconia_centronioides",NA,NA,0.4592528,-79.21039418,172,"cacao regeneration","cacao regeneration late",1996,27,"direct_obs","cacao"
"149","CR08","SP04-ARL_230510_CR08_0240-p0462","SP04-ARL_230511_CR08_0241-b1178",2,"08:07","08:13","Pecked","fruit",2,615,"","","SP04-ARL_230511_CR08_0241-b1178-I0615","Birds","Thraupis_palmarum","08:07","08:13","Miconia_centronioides",NA,NA,0.4592528,-79.21039418,172,"cacao regeneration","cacao regeneration late",1996,27,"direct_obs","cacao"
"150","CR08","SP04-ARL_230510_CR08_0240-p0462","SP04-ARL_230512_CR08_0242-b1193",6,"08:58","09:02","Swalloweded","fruit",3,624,"","","SP04-ARL_230512_CR08_0242-b1193-I0624","Birds","Tachyphonus_delatrii","08:58","09:02","Miconia_centronioides",NA,NA,0.4592528,-79.21039418,172,"cacao regeneration","cacao regeneration late",1996,27,"direct_obs","cacao"
"151","CR08","SP04-ARL_230510_CR08_0240-p0462","SP04-ARL_230512_CR08_0242-b1206",1,"09:10","09:10","Swalloweded","fruit",1,629,"","","SP04-ARL_230512_CR08_0242-b1206-I0629","Birds","Tangara_florida","09:10","09:10","Miconia_centronioides",NA,NA,0.4592528,-79.21039418,172,"cacao regeneration","cacao regeneration late",1996,27,"direct_obs","cacao"
"152","CR08","SP04-ARL_230510_CR08_0240-p0462","SP04-ARL_230512_CR08_0242-b1199",2,"08:58","09:02","Swalloweded","fruit",4,626,"","","SP04-ARL_230512_CR08_0242-b1199-I0626","Birds","Tangara_lavinia","08:58","09:02","Miconia_centronioides",NA,NA,0.4592528,-79.21039418,172,"cacao regeneration","cacao regeneration late",1996,27,"direct_obs","cacao"
"153","CR08","SP04-ARL_230510_CR08_0240-p0462","SP04-ARL_230511_CR08_0241-b1186",1,"09:27","09:41","Swalloweded","fruit",3,619,"","","SP04-ARL_230511_CR08_0241-b1186-I0619","Birds","Trogon_chionurus","09:27","09:41","Miconia_centronioides",NA,NA,0.4592528,-79.21039418,172,"cacao regeneration","cacao regeneration late",1996,27,"direct_obs","cacao"
"154","CR08","SP04-ARL_230510_CR08_0240-p0462","SP04-ARL_230512_CR08_0242-b1203",3,"09:03","09:08","Swalloweded","fruit",12,628,"","","SP04-ARL_230512_CR08_0242-b1203-I0628","Birds","Capito_squamatus","09:03","09:08","Miconia_centronioides",NA,NA,0.4592528,-79.21039418,172,"cacao regeneration","cacao regeneration late",1996,27,"direct_obs","cacao"
"155","CR09","SP04-ARL_231120_CR09_0315-p0688","SP04-ARL_231120_CR09_0315-b1468",2,"07:16","07:18","Pecked","fruit",6,764,"","","SP04-ARL_231120_CR09_0315-b1468-I0764","Birds","Thraupis_palmarum","07:16","07:18","Cecropia_hispidissima","PREX",NA,0.47247446,-79.229619,159,"cacao regeneration","cacao regeneration early",2017,6,"direct_obs","cacao"
"156","CR09","SP04-ARL_231120_CR09_0315-p0688","SP04-ARL_231123_CR09_0317-b1470",1,"10:15","10:15","Pecked","fruit",2,765,"","","SP04-ARL_231123_CR09_0317-b1470-I0765","Birds","Ramphocelus_flammigerus","10:15","10:15","Cecropia_hispidissima","PREX",NA,0.47247446,-79.229619,159,"cacao regeneration","cacao regeneration early",2017,6,"direct_obs","cacao"
"157","CR09","SP04-ARL_231120_CR09_0315-p0691","SP04-ARL_231120_CR09_0315-b1464",4,"06:23","06:23","Swalloweded","fruit",2,763,"","","SP04-ARL_231120_CR09_0315-b1464-I0763","Birds","Tachyphonus_delatrii","06:23","06:23","Miconia_oraria","PREX",NA,0.47247446,-79.229619,159,"cacao regeneration","cacao regeneration early",2017,6,"direct_obs","cacao"
"158","CR10","SP04-ARL_231112_CR10_0308-p0685","SP04-ARL_231112_CR10_0308-b1457",1,"07:19","07:25","Pecked","fruit",15,757,"","","SP04-ARL_231112_CR10_0308-b1457-I0757","Birds","Tangara_gyrola","07:19","07:24","Cecropia_insignis","PREX",NA,0.4771745,-79.1995872,347,"cacao regeneration","cacao regeneration late",1999,24,"direct_obs","cacao"
"159","CR10","SP04-ARL_231112_CR10_0308-p0685","SP04-ARL_231112_CR10_0308-b1458",1,"07:19","07:24","Pecked","fruit",15,758,"","","SP04-ARL_231112_CR10_0308-b1458-I0758","Birds","Tangara_florida","07:19","07:24","Cecropia_insignis","PREX",NA,0.4771745,-79.1995872,347,"cacao regeneration","cacao regeneration late",1999,24,"direct_obs","cacao"
"160","CR10","SP04-ARL_231112_CR10_0308-p0685","SP04-ARL_231112_CR10_0308-b1445",12,"07:16","07:18","Pecked","fruit",12,756,"","","SP04-ARL_231112_CR10_0308-b1445-I0756","Birds","Tachyphonus_delatrii","07:16","07:18","Cecropia_insignis","PREX",NA,0.4771745,-79.1995872,347,"cacao regeneration","cacao regeneration late",1999,24,"direct_obs","cacao"
"161","CR10","SP04-ARL_231112_CR10_0308-p0685","SP04-ARL_231114_CR10_0310-b1461",2,"08:34","08:34","Pecked","fruit",2,761,"","","SP04-ARL_231114_CR10_0310-b1461-I0761","Birds","Tachyphonus_delatrii","08:34","08:34","Cecropia_insignis","PREX",NA,0.4771745,-79.1995872,347,"cacao regeneration","cacao regeneration late",1999,24,"direct_obs","cacao"
"162","CR10","SP04-ARL_231112_CR10_0308-p0685","SP04-ARL_231114_CR10_0310-b1463",1,"08:57","08:57","Pecked","fruit",2,762,"","","SP04-ARL_231114_CR10_0310-b1463-I0762","Birds","Tangara_florida","08:57","08:57","Cecropia_insignis","PREX",NA,0.4771745,-79.1995872,347,"cacao regeneration","cacao regeneration late",1999,24,"direct_obs","cacao"
"163","CR10","SP04-ARL_231112_CR10_0308-p0686","SP04-ARL_231112_CR10_0308-b1459",1,"09:37","09:42","Swalloweded","fruit",6,759,"","","SP04-ARL_231112_CR10_0308-b1459-I0759","Birds","Lepidothrix_coronata","09:37","09:42","Conostegia_'rosada'","PREX",NA,0.4771745,-79.1995872,347,"cacao regeneration","cacao regeneration late",1999,24,"direct_obs","cacao"
"164","CR10","SP04-ARL_231112_CR10_0308-p0686","SP04-ARL_231114_CR10_0310-b1460",1,"07:34","07:41","Swalloweded","fruit",4,760,"","","SP04-ARL_231114_CR10_0310-b1460-I0760","Birds","Lepidothrix_coronata","07:34","07:41","Conostegia_'rosada'","PREX",NA,0.4771745,-79.1995872,347,"cacao regeneration","cacao regeneration late",1999,24,"direct_obs","cacao"
"165","CR11","SP04-ARL_220409_CR11_0018-p0082","SP04-ARL_220409_CR11_0018-b0048",3,"06:23","06:37","Swallowed","fruit",5,34,"","","SP04-ARL_220409_CR11_0018-b0048-I0034","Birds","Ramphastos_ambiguus","06:23","06:37","Conostegia_superba","PREX",NA,0.47789256,-79.20507128,372,"cacao regeneration","cacao regeneration late",2000,23,"direct_obs","cacao"
"166","CR11","SP04-ARL_220409_CR11_0018-p0082","SP04-ARL_220411_CR11_0020-b0067",3,"06:33","06:39","Swallowed","fruit",1,48,"","","SP04-ARL_220411_CR11_0020-b0067-I0048","Birds","Ramphastos_ambiguus","06:33","06:39","Conostegia_superba","PREX",NA,0.47789256,-79.20507128,372,"cacao regeneration","cacao regeneration late",2000,23,"direct_obs","cacao"
"167","CR11","SP04-ARL_220409_CR11_0018-p0083","SP04-ARL_220411_CR11_0020-b0070",1,"06:42","06:44","Swallowed","fruit",3,49,"","","SP04-ARL_220411_CR11_0020-b0070-I0049","Birds","Ramphastos_brevis","06:42","06:44","Conostegia_superba","PREX",NA,0.47789256,-79.20507128,372,"cacao regeneration","cacao regeneration late",2000,23,"direct_obs","cacao"
"168","CR11","SP04-ARL_220409_CR11_0018-p0083","SP04-ARL_220411_CR11_0020-b0076",1,"09:10","09:17","Swallowed","fruit",2,54,"","","SP04-ARL_220411_CR11_0020-b0076-I0054","Birds","Lipaugus_unirufus","09:10","09:17","Conostegia_superba","PREX",NA,0.47789256,-79.20507128,372,"cacao regeneration","cacao regeneration late",2000,23,"direct_obs","cacao"
"169","CR11","SP04-ARL_220409_CR11_0018-p0083","SP04-ARL_220411_CR11_0020-b0072",1,"06:47","06:57","Swallowed","fruit",4,51,"","","SP04-ARL_220411_CR11_0020-b0072-I0051","Birds","Ramphastos_brevis","06:47","06:57","Conostegia_superba","PREX",NA,0.47789256,-79.20507128,372,"cacao regeneration","cacao regeneration late",2000,23,"direct_obs","cacao"
"170","CR11","SP04-ARL_220409_CR11_0018-p0083","SP04-ARL_220410_CR11_0019-b0059",3,"10:28","10:39","Swallowed","fruit",1,43,"","","SP04-ARL_220410_CR11_0019-b0059-I0043","Birds","Ramphastos_ambiguus","10:28","10:39","Conostegia_superba","PREX",NA,0.47789256,-79.20507128,372,"cacao regeneration","cacao regeneration late",2000,23,"direct_obs","cacao"
"171","CR11","SP04-ARL_220409_CR11_0018-p0083","SP04-ARL_220411_CR11_0020-b0074",2,"","","Swallowed","fruit",1,53,"","","SP04-ARL_220411_CR11_0020-b0074-I0053","Birds","Dacnis_cayana","","","Conostegia_superba","PREX",NA,0.47789256,-79.20507128,372,"cacao regeneration","cacao regeneration late",2000,23,"direct_obs","cacao"
"172","CR11","SP04-ARL_220409_CR11_0018-p0083","SP04-ARL_220411_CR11_0020-b0077",4,"09:25","09:30","CarryAway","fruit",1,56,"","","SP04-ARL_220411_CR11_0020-b0077-I0056","Birds","Tachyphonus_delatrii","09:25","09:30","Conostegia_superba","PREX",NA,0.47789256,-79.20507128,372,"cacao regeneration","cacao regeneration late",2000,23,"direct_obs","cacao"
"173","CR11","SP04-ARL_220409_CR11_0018-p0083","SP04-ARL_220411_CR11_0020-b0066",1,"06:20","06:23","Swallowed","fruit",1,47,"","","SP04-ARL_220411_CR11_0020-b0066-I0047","Birds","Ramphastos_brevis","06:20","06:23","Conostegia_superba","PREX",NA,0.47789256,-79.20507128,372,"cacao regeneration","cacao regeneration late",2000,23,"direct_obs","cacao"
"174","CR11","SP04-ARL_220409_CR11_0018-p0083","SP04-ARL_220409_CR11_0018-b0051",1,"08:27","08:37","Swallowed","fruit",12,35,"","","SP04-ARL_220409_CR11_0018-b0051-I0035","Birds","Ramphastos_brevis","","","Conostegia_superba","PREX",NA,0.47789256,-79.20507128,372,"cacao regeneration","cacao regeneration late",2000,23,"direct_obs","cacao"
"175","CR11","SP04-ARL_220409_CR11_0018-p0083","SP04-ARL_220411_CR11_0020-b0077",4,"09:25","09:30","Swallowed","fruit",1,55,"","","SP04-ARL_220411_CR11_0020-b0077-I0055","Birds","Tachyphonus_delatrii","09:25","09:30","Conostegia_superba","PREX",NA,0.47789256,-79.20507128,372,"cacao regeneration","cacao regeneration late",2000,23,"direct_obs","cacao"
"176","CR11","SP04-ARL_220409_CR11_0018-p0084","SP04-ARL_220410_CR11_0019-b0065",1,"10:30","10:30","Swallowed","fruit",1,46,"","","SP04-ARL_220410_CR11_0019-b0065-I0046","Birds","Lipaugus_unirufus","10:30","10:30","Conostegia_superba","PREX",NA,0.47789256,-79.20507128,372,"cacao regeneration","cacao regeneration late",2000,23,"direct_obs","cacao"
"177","CR11","SP04-ARL_220409_CR11_0018-p0084","SP04-ARL_220411_CR11_0020-b0071",1,"06:44","06:46","Swallowed","fruit",3,50,"","","SP04-ARL_220411_CR11_0020-b0071-I0050","Birds","Ramphastos_brevis","06:44","06:46","Conostegia_superba","PREX",NA,0.47789256,-79.20507128,372,"cacao regeneration","cacao regeneration late",2000,23,"direct_obs","cacao"
"178","CR11","SP04-ARL_220409_CR11_0018-p0084","SP04-ARL_220410_CR11_0019-b0055",1,"06:21","06:25","Swallowed","fruit",1,39,"","","SP04-ARL_220410_CR11_0019-b0055-I0039","Birds","Trogon_chionurus","06:21","06:25","Conostegia_superba","PREX",NA,0.47789256,-79.20507128,372,"cacao regeneration","cacao regeneration late",2000,23,"direct_obs","cacao"
"179","CR11","SP04-ARL_220409_CR11_0018-p0085","SP04-ARL_220410_CR11_0019-b0056",1,"06:37","06:40","Swallowed","fruit",1,40,"","","SP04-ARL_220410_CR11_0019-b0056-I0040","Birds","Turdus_maculirostris","06:37","06:40","Conostegia_superba","PREX",NA,0.47789256,-79.20507128,372,"cacao regeneration","cacao regeneration late",2000,23,"direct_obs","cacao"
"180","CR11","SP04-ARL_220409_CR11_0018-p0086","SP04-ARL_220410_CR11_0019-b0057",1,"08:27","08:27","Swallowed","fruit",10,41,"","","SP04-ARL_220410_CR11_0019-b0057-I0041","Birds","Turdus_maculirostris","08:27","08:27","Conostegia_superba","PREX",NA,0.47789256,-79.20507128,372,"cacao regeneration","cacao regeneration late",2000,23,"direct_obs","cacao"
"181","CR11","SP04-ARL_220409_CR11_0018-p0086","SP04-ARL_220411_CR11_0020-b0084",1,"10:33","10:37","Swallowed","fruit",8,61,"","","SP04-ARL_220411_CR11_0020-b0084-I0061","Birds","Ramphastos_brevis","10:33","10:37","Conostegia_superba","PREX",NA,0.47789256,-79.20507128,372,"cacao regeneration","cacao regeneration late",2000,23,"direct_obs","cacao"
"182","CR11","SP04-ARL_220409_CR11_0018-p0086","SP04-ARL_220411_CR11_0020-b0082",1,"09:56","09:56","Swallowed","fruit",4,58,"","","SP04-ARL_220411_CR11_0020-b0082-I0058","Birds","Ramphastos_brevis","09:56","09:56","Conostegia_superba","PREX",NA,0.47789256,-79.20507128,372,"cacao regeneration","cacao regeneration late",2000,23,"direct_obs","cacao"
"183","CR11","SP04-ARL_220409_CR11_0018-p0087","SP04-ARL_220411_CR11_0020-b0085",2,"10:49","10:50","Swallowed","fruit",2,62,"","","SP04-ARL_220411_CR11_0020-b0085-I0062","Birds","Ceratopipra_mentalis","10:49","10:50","Miconia_oraria","PREX",NA,0.47789256,-79.20507128,372,"cacao regeneration","cacao regeneration late",2000,23,"direct_obs","cacao"
"184","CR11","SP04-ARL_220409_CR11_0018-p0087","SP04-ARL_220409_CR11_0018-b0054",1,"","","Swallowed","fruit",1,38,"","","SP04-ARL_220409_CR11_0018-b0054-I0038","Birds","Ceratopipra_mentalis","","","Miconia_oraria","PREX",NA,0.47789256,-79.20507128,372,"cacao regeneration","cacao regeneration late",2000,23,"direct_obs","cacao"
"185","CR11","SP04-ARL_220409_CR11_0018-p0087","SP04-ARL_220410_CR11_0019-b0064",1,"10:49","10:49","Swallowed","fruit",1,45,"","","SP04-ARL_220410_CR11_0019-b0064-I0045","Birds","Lepidothrix_coronata","10:49","10:49","Miconia_oraria","PREX",NA,0.47789256,-79.20507128,372,"cacao regeneration","cacao regeneration late",2000,23,"direct_obs","cacao"
"186","CR11","SP04-ARL_220409_CR11_0018-p0087","SP04-ARL_220410_CR11_0019-b0058",1,"10:17","10:17","Swallowed","fruit",1,42,"","","SP04-ARL_220410_CR11_0019-b0058-I0042","Birds","Lepidothrix_coronata","10:17","10:17","Miconia_oraria","PREX",NA,0.47789256,-79.20507128,372,"cacao regeneration","cacao regeneration late",2000,23,"direct_obs","cacao"
"187","CR11","SP04-ARL_220409_CR11_0018-p0087","SP04-ARL_220410_CR11_0019-b0060",2,"10:43","10:46","Swallowed","fruit",2,44,"","","SP04-ARL_220410_CR11_0019-b0060-I0044","Birds","Ramphastos_ambiguus","10:28","10:39","Miconia_oraria","PREX",NA,0.47789256,-79.20507128,372,"cacao regeneration","cacao regeneration late",2000,23,"direct_obs","cacao"
"188","CR11","SP04-ARL_220409_CR11_0018-p0087","SP04-ARL_220411_CR11_0020-b0081",1,"09:51","09:51","Swallowed","fruit",1,57,"","","SP04-ARL_220411_CR11_0020-b0081-I0057","Birds","Lepidothrix_coronata","09:51","09:51","Miconia_oraria","PREX",NA,0.47789256,-79.20507128,372,"cacao regeneration","cacao regeneration late",2000,23,"direct_obs","cacao"
"189","CR11","SP04-ARL_220409_CR11_0018-p0088","SP04-ARL_220409_CR11_0018-b0053",1,"","","Swallowed","fruit",1,37,"","","SP04-ARL_220409_CR11_0018-b0053-I0037","Birds","Turdus_maculirostris","","","A-CR1111","PREX",NA,0.47789256,-79.20507128,372,"cacao regeneration","cacao regeneration late",2000,23,"direct_obs","cacao"
"190","CR11","SP04-ARL_220409_CR11_0018-p0088","SP04-ARL_220409_CR11_0018-b0052",1,"","","Swallowed","fruit",1,36,"","","SP04-ARL_220409_CR11_0018-b0052-I0036","Birds","Lepidothrix_coronata","","","A-CR1111","PREX",NA,0.47789256,-79.20507128,372,"cacao regeneration","cacao regeneration late",2000,23,"direct_obs","cacao"
"191","CR11","SP04-ARL_220409_CR11_0018-p0089","SP04-ARL_220411_CR11_0020-b0073",1,"08:43","08:43","Swallowed","fruit",8,52,"","","SP04-ARL_220411_CR11_0020-b0073-I0052","Birds","Lepidothrix_coronata","08:43","08:43","Palicourea_paratinctoria","PREX",NA,0.47789256,-79.20507128,372,"cacao regeneration","cacao regeneration late",2000,23,"direct_obs","cacao"
"192","CR11","SP04-ARL_220409_CR11_0018-p0089","SP04-ARL_220411_CR11_0020-b0083",1,"10:21","10:22","CarryAway","fruit",1,59,"","","SP04-ARL_220411_CR11_0020-b0083-I0059","Birds","Ceratopipra_mentalis","10:21","10:22","Palicourea_paratinctoria","PREX",NA,0.47789256,-79.20507128,372,"cacao regeneration","cacao regeneration late",2000,23,"direct_obs","cacao"
"193","CR11","SP04-ARL_220409_CR11_0018-p0089","SP04-ARL_220411_CR11_0020-b0083",1,"10:21","10:22","Swallowed","fruit",2,60,"","","SP04-ARL_220411_CR11_0020-b0083-I0060","Birds","Ceratopipra_mentalis","10:21","10:22","Palicourea_paratinctoria","PREX",NA,0.47789256,-79.20507128,372,"cacao regeneration","cacao regeneration late",2000,23,"direct_obs","cacao"
"194","CR12","SP04-ARL_221115_CR12_0120-p0243","SP04-ARL_221115_CR12_0120-b0681",2,"10:11","10:20","Swallowed","fruit",1,334,"","","SP04-ARL_221115_CR12_0120-b0681-I0334","Birds","Manacus_manacus","10:11","10:20","A-PR3201",NA,NA,0.48018456,-79.21406337,324,"cacao regeneration","cacao regeneration late",2008,15,"direct_obs","cacao"
"195","CR12","SP04-ARL_221115_CR12_0120-p0245","SP04-ARL_221117_CR12_0122-b0688",6,"09:08","09:08","Pecked","fruit",5,338,"","","SP04-ARL_221117_CR12_0122-b0688-I0338","Birds","Tachyphonus_delatrii","09:08","09:08","Miconia_oraria",NA,NA,0.48018456,-79.21406337,324,"cacao regeneration","cacao regeneration late",2008,15,"direct_obs","cacao"
"196","CR12","SP04-ARL_221115_CR12_0120-p0247","SP04-ARL_221115_CR12_0120-b0683",1,"10:21","10:22","CarryAway","fruit",1,335,"","","SP04-ARL_221115_CR12_0120-b0683-I0335","Birds","Saltator_grossus","10:21","10:22","Guatteria_pittieri",NA,NA,0.48018456,-79.21406337,324,"cacao regeneration","cacao regeneration late",2008,15,"direct_obs","cacao"
"197","CR12","SP04-ARL_221115_CR12_0120-p0247","SP04-ARL_221115_CR12_0120-b0684",1,"10:23","10:33","Swallowed","fruit",1,336,"","","SP04-ARL_221115_CR12_0120-b0684-I0336","Birds","Trogon_chionurus","10:23","10:33","Guatteria_pittieri",NA,NA,0.48018456,-79.21406337,324,"cacao regeneration","cacao regeneration late",2008,15,"direct_obs","cacao"
"198","CR12","SP04-ARL_221115_CR12_0120-p0247","SP04-ARL_221116_CR12_0121-b0685",3,"09:36","09:38","CarryAway","fruit",2,337,"","","SP04-ARL_221116_CR12_0121-b0685-I0337","Birds","Saltator_grossus","09:36","09:38","Guatteria_pittieri",NA,NA,0.48018456,-79.21406337,324,"cacao regeneration","cacao regeneration late",2008,15,"direct_obs","cacao"
"199","CR13","SP04-ARL_221019_CR13_0100-p0149","SP04-ARL_221021_CR13_0102-b0465",1,"09:24","09:24","Swallowed","fruit",1,227,"","","SP04-ARL_221021_CR13_0102-b0465-I0227","Birds","Arremon_aurantiirostris","09:24","09:24","A-CR1302","PREX",NA,0.48892263,-79.22616164,366,"cacao regeneration","cacao regeneration early",2022,1,"direct_obs","cacao"
"200","CR13","SP04-ARL_221019_CR13_0100-p0150","SP04-ARL_221019_CR13_0100-b0451",6,"06:37","06:51","Dropped","fruit",2,218,"","","SP04-ARL_221019_CR13_0100-b0451-I0218","Birds","Mitrospingus_cassinii","06:37","06:51","A-CR1303","PREX",NA,0.48892263,-79.22616164,366,"cacao regeneration","cacao regeneration early",2022,1,"direct_obs","cacao"
"201","CR13","SP04-ARL_221019_CR13_0100-p0150","SP04-ARL_221019_CR13_0100-b0452",6,"06:37","06:51","Swallowed","fruit",3,219,"","","SP04-ARL_221019_CR13_0100-b0452-I0219","Birds","Mitrospingus_cassinii","06:37","06:51","A-CR1303","PREX",NA,0.48892263,-79.22616164,366,"cacao regeneration","cacao regeneration early",2022,1,"direct_obs","cacao"
"202","CR13","SP04-ARL_221019_CR13_0100-p0150","SP04-ARL_221019_CR13_0100-b0458",1,"09:36","09:38","Swallowed","fruit",2,221,"","","SP04-ARL_221019_CR13_0100-b0458-I0221","Birds","Tangara_cyanicollis","09:36","09:38","A-CR1303","PREX",NA,0.48892263,-79.22616164,366,"cacao regeneration","cacao regeneration early",2022,1,"direct_obs","cacao"
"203","CR13","SP04-ARL_221019_CR13_0100-p0150","SP04-ARL_221019_CR13_0100-b0459",1,"09:36","09:38","Swallowed","fruit",3,222,"","","SP04-ARL_221019_CR13_0100-b0459-I0222","Birds","Tangara_gyrola","09:36","09:38","A-CR1303","PREX",NA,0.48892263,-79.22616164,366,"cacao regeneration","cacao regeneration early",2022,1,"direct_obs","cacao"
"204","CR13","SP04-ARL_221019_CR13_0100-p0150","SP04-ARL_221021_CR13_0102-b0463",1,"09:22","09:23","Swallowed","fruit",3,225,"","","SP04-ARL_221021_CR13_0102-b0463-I0225","Birds","Arremon_aurantiirostris","09:22","09:23","A-CR1303","PREX",NA,0.48892263,-79.22616164,366,"cacao regeneration","cacao regeneration early",2022,1,"direct_obs","cacao"
"205","CR13","SP04-ARL_221019_CR13_0100-p0152","SP04-ARL_221021_CR13_0102-b0466",2,"09:22","09:23","Swallowed","fruit",2,228,"","","SP04-ARL_221021_CR13_0102-b0466-I0228","Birds","Mitrospingus_cassinii","09:22","09:23","Cecropia_insignis","PREX",NA,0.48892263,-79.22616164,366,"cacao regeneration","cacao regeneration early",2022,1,"direct_obs","cacao"
"206","CR13","SP04-ARL_221019_CR13_0100-p0153","SP04-ARL_221019_CR13_0100-b0457",6,"06:47","06:51","Swallowed","fruit",3,220,"","","SP04-ARL_221019_CR13_0100-b0457-I0220","Birds","Mitrospingus_cassinii","06:47","06:51","A-PA5603","PREX",NA,0.48892263,-79.22616164,366,"cacao regeneration","cacao regeneration early",2022,1,"direct_obs","cacao"
"207","CR13","SP04-ARL_221019_CR13_0100-p0153","SP04-ARL_221021_CR13_0102-b0464",1,"09:23","09:23","Swallowed","fruit",2,226,"","","SP04-ARL_221021_CR13_0102-b0464-I0226","Birds","Arremon_aurantiirostris","09:23","09:23","A-PA5603","PREX",NA,0.48892263,-79.22616164,366,"cacao regeneration","cacao regeneration early",2022,1,"direct_obs","cacao"
"208","CR13","SP04-ARL_221019_CR13_0100-p0159","SP04-ARL_221020_CR13_0101-b0462",1,"09:27","09:38","Bitten","fruit",1,224,"","","SP04-ARL_221020_CR13_0101-b0462-I0224","Rodentia","Notosciurus_granatensis","09:27","09:38","Grias_peruviana","PREX",NA,0.48892263,-79.22616164,366,"cacao regeneration","cacao regeneration early",2022,1,"direct_obs","cacao"
"209","CR13","SP04-ARL_221019_CR13_0100-p0159","SP04-ARL_221019_CR13_0100-b0461",1,"09:40","09:48","Bitten","fruit",1,223,"","","SP04-ARL_221019_CR13_0100-b0461-I0223","Rodentia","Notosciurus_granatensis","09:40","09:48","Grias_peruviana","PREX",NA,0.48892263,-79.22616164,366,"cacao regeneration","cacao regeneration early",2022,1,"direct_obs","cacao"
"210","CR14","SP04-ARL_221108_CR14_0117-p0190","SP04-ARL_221108_CR14_0117-b0626",6,"06:22","06:38","Swallowed","fruit",60,308,"","","SP04-ARL_221108_CR14_0117-b0626-I0308","Birds","Ramphastos_ambiguus","06:22","06:38","Guatteria_pittieri","PREX",NA,0.49816025,-79.13850116,529,"cacao regeneration","cacao regeneration late",1985,38,"direct_obs","cacao"
"211","CR14","SP04-ARL_221108_CR14_0117-p0190","SP04-ARL_221109_CR14_0118-b0666",3,"09:08","09:27","Swallowed","fruit",37,323,"","","SP04-ARL_221109_CR14_0118-b0666-I0323","Birds","Ramphastos_ambiguus","09:08","09:27","Guatteria_pittieri","PREX",NA,0.49816025,-79.13850116,529,"cacao regeneration","cacao regeneration late",1985,38,"direct_obs","cacao"
"212","CR14","SP04-ARL_221108_CR14_0117-p0190","SP04-ARL_221109_CR14_0118-b0648",1,"06:32","06:36","Swallowed","fruit",20,315,"","","SP04-ARL_221109_CR14_0118-b0648-I0315","Birds","Pteroglossus_torquatus","06:32","06:36","Guatteria_pittieri","PREX",NA,0.49816025,-79.13850116,529,"cacao regeneration","cacao regeneration late",1985,38,"direct_obs","cacao"
"213","CR14","SP04-ARL_221108_CR14_0117-p0191","SP04-ARL_221108_CR14_0117-b0632",2,"06:33","06:36","Swallowed","fruit",12,309,"","","SP04-ARL_221108_CR14_0117-b0632-I0309","Birds","Ramphastos_ambiguus","06:33","06:36","Turpinia_occidentalis","PREX",NA,0.49816025,-79.13850116,529,"cacao regeneration","cacao regeneration late",1985,38,"direct_obs","cacao"
"214","CR14","SP04-ARL_221108_CR14_0117-p0191","SP04-ARL_221108_CR14_0117-b0640",4,"10:28","10:31","Swallowed","fruit",5,312,"","","SP04-ARL_221108_CR14_0117-b0640-I0312","Birds","Ramphastos_ambiguus","10:28","10:31","Turpinia_occidentalis","PREX",NA,0.49816025,-79.13850116,529,"cacao regeneration","cacao regeneration late",1985,38,"direct_obs","cacao"
"215","CR14","SP04-ARL_221108_CR14_0117-p0191","SP04-ARL_221108_CR14_0117-b0641",4,"10:28","10:31","Swallowed","fruit",3,313,"","","SP04-ARL_221108_CR14_0117-b0641-I0313","Birds","Ramphastos_ambiguus","10:28","10:31","Turpinia_occidentalis","PREX",NA,0.49816025,-79.13850116,529,"cacao regeneration","cacao regeneration late",1985,38,"direct_obs","cacao"
"216","CR14","SP04-ARL_221108_CR14_0117-p0191","SP04-ARL_221109_CR14_0118-b0652",4,"09:40","09:46","Swallowed","fruit",25,318,"","","SP04-ARL_221109_CR14_0118-b0652-I0318","Birds","Ramphastos_ambiguus","09:40","09:46","Turpinia_occidentalis","PREX",NA,0.49816025,-79.13850116,529,"cacao regeneration","cacao regeneration late",1985,38,"direct_obs","cacao"
"217","CR14","SP04-ARL_221108_CR14_0117-p0191","SP04-ARL_221109_CR14_0118-b0669",1,"10:45","10:48","Swallowed","fruit",12,324,"","","SP04-ARL_221109_CR14_0118-b0669-I0324","Primates","Cebus_capucinus","10:45","10:48","Turpinia_occidentalis","PREX",NA,0.49816025,-79.13850116,529,"cacao regeneration","cacao regeneration late",1985,38,"direct_obs","cacao"
"218","CR14","SP04-ARL_221108_CR14_0117-p0191","SP04-ARL_221110_CR14_0119-b0673",1,"09:38","09:39","Swallowed","fruit",4,328,"","","SP04-ARL_221110_CR14_0119-b0673-I0328","Birds","Ramphastos_ambiguus","09:38","09:39","Turpinia_occidentalis","PREX",NA,0.49816025,-79.13850116,529,"cacao regeneration","cacao regeneration late",1985,38,"direct_obs","cacao"
"219","CR14","SP04-ARL_221108_CR14_0117-p0191","SP04-ARL_221109_CR14_0118-b0650",2,"09:14","09:22","Swallowed","fruit",30,317,"","","SP04-ARL_221109_CR14_0118-b0650-I0317","Birds","Ramphastos_ambiguus","09:14","09:22","Turpinia_occidentalis","PREX",NA,0.49816025,-79.13850116,529,"cacao regeneration","cacao regeneration late",1985,38,"direct_obs","cacao"
"220","CR14","SP04-ARL_221108_CR14_0117-p0191","SP04-ARL_221110_CR14_0119-b0670",1,"06:48","06:48","Swallowed","fruit",5,325,"","","SP04-ARL_221110_CR14_0119-b0670-I0325","Birds","Ramphastos_ambiguus","06:48","06:48","Turpinia_occidentalis","PREX",NA,0.49816025,-79.13850116,529,"cacao regeneration","cacao regeneration late",1985,38,"direct_obs","cacao"
"221","CR14","SP04-ARL_221108_CR14_0117-p0191","SP04-ARL_221109_CR14_0118-b0656",4,"09:46","09:52","Swallowed","fruit",6,319,"","","SP04-ARL_221109_CR14_0118-b0656-I0319","Primates","Cebus_capucinus","09:46","09:52","Turpinia_occidentalis","PREX",NA,0.49816025,-79.13850116,529,"cacao regeneration","cacao regeneration late",1985,38,"direct_obs","cacao"
"222","CR14","SP04-ARL_221108_CR14_0117-p0191","SP04-ARL_221109_CR14_0118-b0660",1,"10:18","10:31","Swallowed","fruit",20,320,"","","SP04-ARL_221109_CR14_0118-b0660-I0320","Primates","Cebus_capucinus","10:18","10:31","Turpinia_occidentalis","PREX",NA,0.49816025,-79.13850116,529,"cacao regeneration","cacao regeneration late",1985,38,"direct_obs","cacao"
"223","CR14","SP04-ARL_221108_CR14_0117-p0191","SP04-ARL_221109_CR14_0118-b0680",1,"10:20","10:28","Swallowed","fruit",2,333,"","","SP04-ARL_221109_CR14_0118-b0680-I0333","Birds","Cephalopterus_penduliger","10:20","10:28","Turpinia_occidentalis","PREX",NA,0.49816025,-79.13850116,529,"cacao regeneration","cacao regeneration late",1985,38,"direct_obs","cacao"
"224","CR14","SP04-ARL_221108_CR14_0117-p0191","SP04-ARL_221110_CR14_0119-b0672",1,"09:15","09:18","CarryAway","fruit",2,327,"","","SP04-ARL_221110_CR14_0119-b0672-I0327","Birds","Electron_platyrhynchum","09:15","09:18","Turpinia_occidentalis","PREX",NA,0.49816025,-79.13850116,529,"cacao regeneration","cacao regeneration late",1985,38,"direct_obs","cacao"
"225","CR14","SP04-ARL_221108_CR14_0117-p0193","SP04-ARL_221108_CR14_0117-b0644",4,"10:32","10:42","Pecked","fruit",6,314,"","","SP04-ARL_221108_CR14_0117-b0644-I0314","Birds","Ramphastos_ambiguus","10:31","10:42","Cecropia_garciae","PREX",NA,0.49816025,-79.13850116,529,"cacao regeneration","cacao regeneration late",1985,38,"direct_obs","cacao"
"226","CR14","SP04-ARL_221108_CR14_0117-p0194","SP04-ARL_221110_CR14_0119-b0671",1,"09:23","09:25","Pecked","fruit",1,326,"","","SP04-ARL_221110_CR14_0119-b0671-I0326","Birds","Ramphastos_ambiguus","09:23","09:25","Cecropia_insignis","PREX",NA,0.49816025,-79.13850116,529,"cacao regeneration","cacao regeneration late",1985,38,"direct_obs","cacao"
"227","CR14","SP04-ARL_221108_CR14_0117-p0194","SP04-ARL_221108_CR14_0117-b0634",4,"10:15","10:25","Pecked","fruit",8,310,"","","SP04-ARL_221108_CR14_0117-b0634-I0310","Birds","Ramphastos_ambiguus","10:15","10:25","Cecropia_insignis","PREX",NA,0.49816025,-79.13850116,529,"cacao regeneration","cacao regeneration late",1985,38,"direct_obs","cacao"
"228","CR14","SP04-ARL_221108_CR14_0117-p0194","SP04-ARL_221109_CR14_0118-b0661",1,"09:58","10:02","Pecked","fruit",4,321,"","","SP04-ARL_221109_CR14_0118-b0661-I0321","Birds","Ramphastos_ambiguus","09:58","10:02","Cecropia_insignis","PREX",NA,0.49816025,-79.13850116,529,"cacao regeneration","cacao regeneration late",1985,38,"direct_obs","cacao"
"229","CR14","SP04-ARL_221108_CR14_0117-p0194","SP04-ARL_221109_CR14_0118-b0662",4,"10:28","10:31","Pecked","fruit",2,322,"","","SP04-ARL_221109_CR14_0118-b0662-I0322","Birds","Ramphastos_ambiguus","10:28","10:31","Cecropia_insignis","PREX",NA,0.49816025,-79.13850116,529,"cacao regeneration","cacao regeneration late",1985,38,"direct_obs","cacao"
"230","CR14","SP04-ARL_221108_CR14_0117-p0194","SP04-ARL_221108_CR14_0117-b0638",2,"10:24","10:29","Pecked","fruit",2,311,"","","SP04-ARL_221108_CR14_0117-b0638-I0311","Birds","Pteroglossus_torquatus","10:24","10:29","Cecropia_insignis","PREX",NA,0.49816025,-79.13850116,529,"cacao regeneration","cacao regeneration late",1985,38,"direct_obs","cacao"
"231","CR14","SP04-ARL_221108_CR14_0117-p0194","SP04-ARL_221109_CR14_0118-b0649",1,"08:58","09:05","Pecked","fruit",3,316,"","","SP04-ARL_221109_CR14_0118-b0649-I0316","Birds","Ramphastos_ambiguus","08:58","09:05","Cecropia_insignis","PREX",NA,0.49816025,-79.13850116,529,"cacao regeneration","cacao regeneration late",1985,38,"direct_obs","cacao"
"232","CR14","SP04-ARL_221108_CR14_0117-p0194","SP04-ARL_221110_CR14_0119-b0678",2,"10:39","10:46","Pecked","fruit",5,332,"","","SP04-ARL_221110_CR14_0119-b0678-I0332","Birds","Cephalopterus_penduliger","10:39","10:46","Cecropia_insignis","PREX",NA,0.49816025,-79.13850116,529,"cacao regeneration","cacao regeneration late",1985,38,"direct_obs","cacao"
"233","CR14","SP04-ARL_221108_CR14_0117-p0195","SP04-ARL_221110_CR14_0119-b0674",4,"09:30","10:07","Swallowed","fruit",6,329,"","","SP04-ARL_221110_CR14_0119-b0674-I0329","Birds","Patagioenas_goodsoni","09:30","10:07","Conostegia_'rosada'","PREX",NA,0.49816025,-79.13850116,529,"cacao regeneration","cacao regeneration late",1985,38,"direct_obs","cacao"
"234","CR14","SP04-ARL_221108_CR14_0117-p0195","SP04-ARL_221110_CR14_0119-b0675",4,"09:30","10:07","Swallowed","fruit",3,330,"","","SP04-ARL_221110_CR14_0119-b0675-I0330","Birds","Patagioenas_goodsoni","09:30","10:07","Conostegia_'rosada'","PREX",NA,0.49816025,-79.13850116,529,"cacao regeneration","cacao regeneration late",1985,38,"direct_obs","cacao"
"235","CR14","SP04-ARL_221108_CR14_0117-p0195","SP04-ARL_221110_CR14_0119-b0676",4,"09:30","10:07","Swallowed","fruit",2,331,"","","SP04-ARL_221110_CR14_0119-b0676-I0331","Birds","Patagioenas_goodsoni","09:30","10:07","Conostegia_'rosada'","PREX",NA,0.49816025,-79.13850116,529,"cacao regeneration","cacao regeneration late",1985,38,"direct_obs","cacao"
"236","CR16","SP04-ARL_230426_CR16_0202-p0385","SP04-ARL_230426_CR16_0202-b1105",2,"10:08","10:10","Swallowed","fruit",8,581,"","","SP04-ARL_230426_CR16_0202-b1105-I0581","Birds","Tangara_palmeri","10:08","10:10","Cecropia_hispidissima",NA,NA,0.51074639,-79.14442928,479,"cacao regeneration","cacao regeneration early",2015,8,"direct_obs","cacao"
"237","CR16","SP04-ARL_230426_CR16_0202-p0385","SP04-ARL_230426_CR16_0202-b1100",2,"08:47","08:48","Pecked","fruit",8,578,"","","SP04-ARL_230426_CR16_0202-b1100-I0578","Birds","Ramphocelus_flammigerus","08:47","08:48","Cecropia_hispidissima",NA,NA,0.51074639,-79.14442928,479,"cacao regeneration","cacao regeneration early",2015,8,"direct_obs","cacao"
"238","CR16","SP04-ARL_230426_CR16_0202-p0387","SP04-ARL_230427_CR16_0203-b1112",1,"09:58","09:59","Swallowed","fruit",1,584,"","","SP04-ARL_230427_CR16_0203-b1112-I0584","Birds","Thraupis_episcopus","09:58","09:59","Vismia_baccifera",NA,NA,0.51074639,-79.14442928,479,"cacao regeneration","cacao regeneration early",2015,8,"direct_obs","cacao"
"239","CR16","SP04-ARL_230426_CR16_0202-p0387","SP04-ARL_230428_CR16_0204-b1113",2,"10:13","10:15","Swallowed","fruit",1,585,"","","SP04-ARL_230428_CR16_0204-b1113-I0585","Birds","Tangara_cyanicollis","10:13","10:15","Vismia_baccifera",NA,NA,0.51074639,-79.14442928,479,"cacao regeneration","cacao regeneration early",2015,8,"direct_obs","cacao"
"240","CR16","SP04-ARL_230426_CR16_0202-p0397","SP04-ARL_230426_CR16_0202-b1096",4,"09:41","09:43","Swallowed","fruit",2,576,"","","SP04-ARL_230426_CR16_0202-b1096-I0576","Birds","Tachyphonus_delatrii","09:41","09:43","A-CR1601",NA,NA,0.51074639,-79.14442928,479,"cacao regeneration","cacao regeneration early",2015,8,"direct_obs","cacao"
"241","CR16","SP04-ARL_230426_CR16_0202-p0397","SP04-ARL_230426_CR16_0202-b1096",4,"09:41","09:43","CarryAway","fruit",1,577,"","","SP04-ARL_230426_CR16_0202-b1096-I0577","Birds","Tachyphonus_delatrii","09:41","09:43","A-CR1601",NA,NA,0.51074639,-79.14442928,479,"cacao regeneration","cacao regeneration early",2015,8,"direct_obs","cacao"
"242","CR16","SP04-ARL_230426_CR16_0202-p0397","SP04-ARL_230426_CR16_0202-b1107",1,"10:13","10:13","Swallowed","fruit",5,582,"","","SP04-ARL_230426_CR16_0202-b1107-I0582","Birds","Ornithion_brunneicapillus","10:13","10:13","A-CR1601",NA,NA,0.51074639,-79.14442928,479,"cacao regeneration","cacao regeneration early",2015,8,"direct_obs","cacao"
"243","CR16","SP04-ARL_230426_CR16_0202-p0397","SP04-ARL_230426_CR16_0202-b1103",2,"09:47","09:48","Swallowed","fruit",10,580,"","","SP04-ARL_230426_CR16_0202-b1103-I0580","Birds","Tangara_cyanicollis","09:47","09:48","A-CR1601",NA,NA,0.51074639,-79.14442928,479,"cacao regeneration","cacao regeneration early",2015,8,"direct_obs","cacao"
"244","CR16","SP04-ARL_230426_CR16_0202-p0397","SP04-ARL_230426_CR16_0202-b1102",1,"09:47","09:48","Swallowed","fruit",6,579,"","","SP04-ARL_230426_CR16_0202-b1102-I0579","Birds","Sporophila_corvina","09:47","09:48","A-CR1601",NA,NA,0.51074639,-79.14442928,479,"cacao regeneration","cacao regeneration early",2015,8,"direct_obs","cacao"
"245","CR16","SP04-ARL_230426_CR16_0202-p0398","SP04-ARL_230426_CR16_0202-b1095",1,"06:56","06:58","Swallowed","fruit",2,575,"","","SP04-ARL_230426_CR16_0202-b1095-I0575","Birds","Manacus_manacus","06:56","06:58","Palicourea_pseudaxillaris",NA,NA,0.51074639,-79.14442928,479,"cacao regeneration","cacao regeneration early",2015,8,"direct_obs","cacao"
"246","CR16","SP04-ARL_230426_CR16_0202-p0398","SP04-ARL_230427_CR16_0203-b1108",4,"09:17","09:17","Swallowed","fruit",2,583,"","","SP04-ARL_230427_CR16_0203-b1108-I0583","Birds","Tachyphonus_delatrii","09:17","09:17","Palicourea_pseudaxillaris",NA,NA,0.51074639,-79.14442928,479,"cacao regeneration","cacao regeneration early",2015,8,"direct_obs","cacao"
"247","CR17","SP04-ARL_230423_CR17_0199-p0375","SP04-ARL_230423_CR17_0199-b1085",1,"10:47","10:47","CarryAway","fruit",1,568,"","","SP04-ARL_230423_CR17_0199-b1085-I0568","Birds","Arremon_aurantiirostris","10:47","10:47","Miconia_sp5",NA,NA,0.51478038,-79.14413909,450,"cacao regeneration","cacao regeneration early",2014,9,"direct_obs","cacao"
"248","CR17","SP04-ARL_230423_CR17_0199-p0375","SP04-ARL_230424_CR17_0200-b1088",3,"08:07","08:09","Swallowed","fruit",5,570,"","","SP04-ARL_230424_CR17_0200-b1088-I0570","Birds","Mitrospingus_cassinii","08:07","08:09","Miconia_sp5",NA,NA,0.51478038,-79.14413909,450,"cacao regeneration","cacao regeneration early",2014,9,"direct_obs","cacao"
"249","CR17","SP04-ARL_230423_CR17_0199-p0377","SP04-ARL_230424_CR17_0200-b1091",1,"09:32","09:32","Pecked","fruit",1,571,"","","SP04-ARL_230424_CR17_0200-b1091-I0571","Birds","Heterospingus_xanthopygius","09:32","09:32","Trema_micrantha",NA,NA,0.51478038,-79.14413909,450,"cacao regeneration","cacao regeneration early",2014,9,"direct_obs","cacao"
"250","CR17","SP04-ARL_230423_CR17_0199-p0377","SP04-ARL_230424_CR17_0200-b1092",1,"09:32","09:32","Pecked","fruit",1,572,"","","SP04-ARL_230424_CR17_0200-b1092-I0572","Birds","Tangara_lavinia","09:32","09:32","Trema_micrantha",NA,NA,0.51478038,-79.14413909,450,"cacao regeneration","cacao regeneration early",2014,9,"direct_obs","cacao"
"251","CR17","SP04-ARL_230423_CR17_0199-p0377","SP04-ARL_230425_CR17_0201-b1094",1,"10:19","10:19","Pecked","fruit",1,574,"","","SP04-ARL_230425_CR17_0201-b1094-I0574","Birds","Tangara_florida","10:19","10:19","Trema_micrantha",NA,NA,0.51478038,-79.14413909,450,"cacao regeneration","cacao regeneration early",2014,9,"direct_obs","cacao"
"252","CR17","SP04-ARL_230423_CR17_0199-p0391","SP04-ARL_230424_CR17_0200-b1086",2,"07:48","07:51","Swallowed","fruit",3,569,"","","SP04-ARL_230424_CR17_0200-b1086-I0569","Birds","Manacus_manacus","07:48","07:51","Miconia_'alargada tres venas abajo'",NA,NA,0.51478038,-79.14413909,450,"cacao regeneration","cacao regeneration early",2014,9,"direct_obs","cacao"
"253","CR17","SP04-ARL_230423_CR17_0199-p0391","SP04-ARL_230425_CR17_0201-b1093",1,"08:35","08:38","Swallowed","fruit",3,573,"","","SP04-ARL_230425_CR17_0201-b1093-I0573","Birds","Manacus_manacus","08:35","08:38","Miconia_'alargada tres venas abajo'",NA,NA,0.51478038,-79.14413909,450,"cacao regeneration","cacao regeneration early",2014,9,"direct_obs","cacao"
"254","CR18","SP04-ARL_221028_CR18_0110-p0172","SP04-ARL_221101_CR18_0113-b0579",2,"09:38","09:40","Dropped","fruit",1,285,"","","SP04-ARL_221101_CR18_0113-b0579-I0285","Birds","Saltator_grossus","09:38","09:40","Guatteria_pittieri",NA,NA,0.53991814,-79.14419755,331,"cacao regeneration","cacao regeneration early",2013,10,"direct_obs","cacao"
"255","CR18","SP04-ARL_221028_CR18_0110-p0172","SP04-ARL_221101_CR18_0113-b0564",2,"06:58","07:01","CarryAway","fruit",2,274,"","","SP04-ARL_221101_CR18_0113-b0564-I0274","Birds","Saltator_grossus","06:58","07:01","Guatteria_pittieri",NA,NA,0.53991814,-79.14419755,331,"cacao regeneration","cacao regeneration early",2013,10,"direct_obs","cacao"
"256","CR18","SP04-ARL_221028_CR18_0110-p0173","SP04-ARL_221028_CR18_0110-b0521",1,"07:58","07:59","Swallowed","fruit",5,246,"","","SP04-ARL_221028_CR18_0110-b0521-I0246","Birds","Cyanerpes_caeruleus","07:58","07:59","A-PA5603",NA,NA,0.53991814,-79.14419755,331,"cacao regeneration","cacao regeneration early",2013,10,"direct_obs","cacao"
"257","CR18","SP04-ARL_221028_CR18_0110-p0173","SP04-ARL_221028_CR18_0110-b0522",1,"08:14","08:15","Swallowed","fruit",14,247,"","","SP04-ARL_221028_CR18_0110-b0522-I0247","Birds","Tangara_lavinia","08:14","08:15","A-PA5603",NA,NA,0.53991814,-79.14419755,331,"cacao regeneration","cacao regeneration early",2013,10,"direct_obs","cacao"
"258","CR18","SP04-ARL_221028_CR18_0110-p0173","SP04-ARL_221028_CR18_0110-b0523",5,"08:20","08:21","Swallowed","fruit",6,248,"","","SP04-ARL_221028_CR18_0110-b0523-I0248","Birds","Tachyphonus_delatrii","08:20","08:21","A-PA5603",NA,NA,0.53991814,-79.14419755,331,"cacao regeneration","cacao regeneration early",2013,10,"direct_obs","cacao"
"259","CR18","SP04-ARL_221028_CR18_0110-p0173","SP04-ARL_221028_CR18_0110-b0528",1,"09:21","09:22","Swallowed","fruit",6,249,"","","SP04-ARL_221028_CR18_0110-b0528-I0249","Birds","Dacnis_berlepschi","09:21","09:22","A-PA5603",NA,NA,0.53991814,-79.14419755,331,"cacao regeneration","cacao regeneration early",2013,10,"direct_obs","cacao"
"260","CR18","SP04-ARL_221028_CR18_0110-p0173","SP04-ARL_221028_CR18_0110-b0529",1,"09:24","09:25","Swallowed","fruit",5,250,"","","SP04-ARL_221028_CR18_0110-b0529-I0250","Birds","Ramphocelus_flammigerus","09:24","09:25","A-PA5603",NA,NA,0.53991814,-79.14419755,331,"cacao regeneration","cacao regeneration early",2013,10,"direct_obs","cacao"
"261","CR18","SP04-ARL_221028_CR18_0110-p0173","SP04-ARL_221028_CR18_0110-b0530",2,"09:38","09:39","Swallowed","fruit",5,251,"","","SP04-ARL_221028_CR18_0110-b0530-I0251","Birds","Tangara_palmeri","09:39","09:39","A-PA5603",NA,NA,0.53991814,-79.14419755,331,"cacao regeneration","cacao regeneration early",2013,10,"direct_obs","cacao"
"262","CR18","SP04-ARL_221028_CR18_0110-p0173","SP04-ARL_221028_CR18_0110-b0532",1,"09:41","09:42","Swallowed","fruit",7,252,"","","SP04-ARL_221028_CR18_0110-b0532-I0252","Birds","Dacnis_berlepschi","09:41","09:42","A-PA5603",NA,NA,0.53991814,-79.14419755,331,"cacao regeneration","cacao regeneration early",2013,10,"direct_obs","cacao"
"263","CR18","SP04-ARL_221028_CR18_0110-p0173","SP04-ARL_221028_CR18_0110-b0533",2,"09:43","09:45","Swallowed","fruit",10,253,"","","SP04-ARL_221028_CR18_0110-b0533-I0253","Birds","Chlorophanes_spiza","09:43","09:45","A-PA5603",NA,NA,0.53991814,-79.14419755,331,"cacao regeneration","cacao regeneration early",2013,10,"direct_obs","cacao"
"264","CR18","SP04-ARL_221028_CR18_0110-p0173","SP04-ARL_221028_CR18_0110-b0535",1,"09:46","09:47","Swallowed","fruit",20,254,"","","SP04-ARL_221028_CR18_0110-b0535-I0254","Birds","Tangara_lavinia","09:46","09:47","A-PA5603",NA,NA,0.53991814,-79.14419755,331,"cacao regeneration","cacao regeneration early",2013,10,"direct_obs","cacao"
"265","CR18","SP04-ARL_221028_CR18_0110-p0173","SP04-ARL_221029_CR18_0112-b0538",3,"06:40","06:46","Swallowed","fruit",11,255,"","","SP04-ARL_221029_CR18_0112-b0538-I0255","Birds","Tangara_lavinia","06:40","06:44","A-PA5603",NA,NA,0.53991814,-79.14419755,331,"cacao regeneration","cacao regeneration early",2013,10,"direct_obs","cacao"
"266","CR18","SP04-ARL_221028_CR18_0110-p0173","SP04-ARL_221029_CR18_0112-b0541",1,"07:00","07:01","Swallowed","fruit",4,256,"","","SP04-ARL_221029_CR18_0112-b0541-I0256","Birds","Tangara_lavinia","07:00","07:01","A-PA5603",NA,NA,0.53991814,-79.14419755,331,"cacao regeneration","cacao regeneration early",2013,10,"direct_obs","cacao"
"267","CR18","SP04-ARL_221028_CR18_0110-p0173","SP04-ARL_221029_CR18_0112-b0542",1,"07:08","07:10","Swallowed","fruit",6,257,"","","SP04-ARL_221029_CR18_0112-b0542-I0257","Birds","Saltator_maximus","07:08","07:10","A-PA5603",NA,NA,0.53991814,-79.14419755,331,"cacao regeneration","cacao regeneration early",2013,10,"direct_obs","cacao"
"268","CR18","SP04-ARL_221028_CR18_0110-p0173","SP04-ARL_221029_CR18_0112-b0543",1,"07:20","07:22","Swallowed","fruit",7,258,"","","SP04-ARL_221029_CR18_0112-b0543-I0258","Birds","Ramphocelus_flammigerus","07:20","07:22","A-PA5603",NA,NA,0.53991814,-79.14419755,331,"cacao regeneration","cacao regeneration early",2013,10,"direct_obs","cacao"
"269","CR18","SP04-ARL_221028_CR18_0110-p0173","SP04-ARL_221029_CR18_0112-b0544",1,"07:27","07:41","Swallowed","fruit",8,259,"","","SP04-ARL_221029_CR18_0112-b0544-I0259","Birds","Cyanerpes_caeruleus","07:27","07:41","A-PA5603",NA,NA,0.53991814,-79.14419755,331,"cacao regeneration","cacao regeneration early",2013,10,"direct_obs","cacao"
"270","CR18","SP04-ARL_221028_CR18_0110-p0173","SP04-ARL_221029_CR18_0112-b0545",3,"07:55","07:57","Swallowed","fruit",7,260,"","","SP04-ARL_221029_CR18_0112-b0545-I0260","Birds","Heterospingus_xanthopygius","07:55","07:57","A-PA5603",NA,NA,0.53991814,-79.14419755,331,"cacao regeneration","cacao regeneration early",2013,10,"direct_obs","cacao"
"271","CR18","SP04-ARL_221028_CR18_0110-p0173","SP04-ARL_221029_CR18_0112-b0548",1,"07:55","07:55","Swallowed","fruit",2,261,"","","SP04-ARL_221029_CR18_0112-b0548-I0261","Birds","Dacnis_berlepschi","07:55","07:55","A-PA5603",NA,NA,0.53991814,-79.14419755,331,"cacao regeneration","cacao regeneration early",2013,10,"direct_obs","cacao"
"272","CR18","SP04-ARL_221028_CR18_0110-p0173","SP04-ARL_221101_CR18_0113-b0566",1,"07:05","07:14","Swallowed","fruit",6,276,"","","SP04-ARL_221101_CR18_0113-b0566-I0276","Birds","Euphonia_xanthogaster","07:05","07:14","A-PA5603",NA,NA,0.53991814,-79.14419755,331,"cacao regeneration","cacao regeneration early",2013,10,"direct_obs","cacao"
"273","CR18","SP04-ARL_221028_CR18_0110-p0173","SP04-ARL_221029_CR18_0112-b0550",2,"08:12","08:14","Swallowed","fruit",3,263,"","","SP04-ARL_221029_CR18_0112-b0550-I0263","Birds","Tangara_larvata","08:12","08:14","A-PA5603",NA,NA,0.53991814,-79.14419755,331,"cacao regeneration","cacao regeneration early",2013,10,"direct_obs","cacao"
"274","CR18","SP04-ARL_221028_CR18_0110-p0173","SP04-ARL_221029_CR18_0112-b0552",2,"08:31","08:36","Swallowed","fruit",12,264,"","","SP04-ARL_221029_CR18_0112-b0552-I0264","Birds","Tangara_johannae","08:31","08:36","A-PA5603",NA,NA,0.53991814,-79.14419755,331,"cacao regeneration","cacao regeneration early",2013,10,"direct_obs","cacao"
"275","CR18","SP04-ARL_221028_CR18_0110-p0173","SP04-ARL_221029_CR18_0112-b0554",1,"08:34","08:36","Swallowed","fruit",3,265,"","","SP04-ARL_221029_CR18_0112-b0554-I0265","Birds","Chlorophanes_spiza","08:34","08:36","A-PA5603",NA,NA,0.53991814,-79.14419755,331,"cacao regeneration","cacao regeneration early",2013,10,"direct_obs","cacao"
"276","CR18","SP04-ARL_221028_CR18_0110-p0173","SP04-ARL_221029_CR18_0112-b0555",1,"08:34","08:36","Swallowed","fruit",3,266,"","","SP04-ARL_221029_CR18_0112-b0555-I0266","Birds","Cyanerpes_caeruleus","08:34","08:36","A-PA5603",NA,NA,0.53991814,-79.14419755,331,"cacao regeneration","cacao regeneration early",2013,10,"direct_obs","cacao"
"277","CR18","SP04-ARL_221028_CR18_0110-p0173","SP04-ARL_221029_CR18_0112-b0556",1,"08:34","08:42","Swallowed","fruit",6,267,"","","SP04-ARL_221029_CR18_0112-b0556-I0267","Birds","Euphonia_xanthogaster","08:34","08:42","A-PA5603",NA,NA,0.53991814,-79.14419755,331,"cacao regeneration","cacao regeneration early",2013,10,"direct_obs","cacao"
"278","CR18","SP04-ARL_221028_CR18_0110-p0173","SP04-ARL_221029_CR18_0112-b0557",1,"08:47","08:53","Swallowed","fruit",14,268,"","","SP04-ARL_221029_CR18_0112-b0557-I0268","Birds","Euphonia_xanthogaster","08:47","08:53","A-PA5603",NA,NA,0.53991814,-79.14419755,331,"cacao regeneration","cacao regeneration early",2013,10,"direct_obs","cacao"
"279","CR18","SP04-ARL_221028_CR18_0110-p0173","SP04-ARL_221029_CR18_0112-b0558",1,"09:30","09:32","Swallowed","fruit",8,269,"","","SP04-ARL_221029_CR18_0112-b0558-I0269","Birds","Chlorophanes_spiza","09:30","09:32","A-PA5603",NA,NA,0.53991814,-79.14419755,331,"cacao regeneration","cacao regeneration early",2013,10,"direct_obs","cacao"
"280","CR18","SP04-ARL_221028_CR18_0110-p0173","SP04-ARL_221029_CR18_0112-b0559",2,"10:57","11:00","Swallowed","fruit",4,270,"","","SP04-ARL_221029_CR18_0112-b0559-I0270","Birds","Cyanerpes_caeruleus","10:57","11:00","A-PA5603",NA,NA,0.53991814,-79.14419755,331,"cacao regeneration","cacao regeneration early",2013,10,"direct_obs","cacao"
"281","CR18","SP04-ARL_221028_CR18_0110-p0173","SP04-ARL_221101_CR18_0113-b0561",1,"06:11","06:13","Swallowed","fruit",4,271,"","","SP04-ARL_221101_CR18_0113-b0561-I0271","Birds","Tangara_lavinia","06:11","06:13","A-PA5603",NA,NA,0.53991814,-79.14419755,331,"cacao regeneration","cacao regeneration early",2013,10,"direct_obs","cacao"
"282","CR18","SP04-ARL_221028_CR18_0110-p0173","SP04-ARL_221101_CR18_0113-b0562",1,"06:43","06:46","Swallowed","fruit",4,272,"","","SP04-ARL_221101_CR18_0113-b0562-I0272","Birds","Tangara_lavinia","06:43","06:46","A-PA5603",NA,NA,0.53991814,-79.14419755,331,"cacao regeneration","cacao regeneration early",2013,10,"direct_obs","cacao"
"283","CR18","SP04-ARL_221028_CR18_0110-p0173","SP04-ARL_221101_CR18_0113-b0563",1,"06:52","06:52","Swallowed","fruit",4,273,"","","SP04-ARL_221101_CR18_0113-b0563-I0273","Birds","Euphonia_xanthogaster","06:52","06:52","A-PA5603",NA,NA,0.53991814,-79.14419755,331,"cacao regeneration","cacao regeneration early",2013,10,"direct_obs","cacao"
"284","CR18","SP04-ARL_221028_CR18_0110-p0173","SP04-ARL_221101_CR18_0113-b0583",2,"09:40","09:55","Swallowed","fruit",18,287,"","","SP04-ARL_221101_CR18_0113-b0583-I0287","Birds","Tangara_lavinia","09:40","09:55","A-PA5603",NA,NA,0.53991814,-79.14419755,331,"cacao regeneration","cacao regeneration early",2013,10,"direct_obs","cacao"
"285","CR18","SP04-ARL_221028_CR18_0110-p0173","SP04-ARL_221101_CR18_0113-b0585",2,"09:39","09:43","Swallowed","fruit",6,288,"","","SP04-ARL_221101_CR18_0113-b0585-I0288","Birds","Tangara_larvata","09:39","09:43","A-PA5603",NA,NA,0.53991814,-79.14419755,331,"cacao regeneration","cacao regeneration early",2013,10,"direct_obs","cacao"
"286","CR18","SP04-ARL_221028_CR18_0110-p0173","SP04-ARL_221101_CR18_0113-b0566",1,"07:05","07:14","Dropped","fruit",4,275,"","","SP04-ARL_221101_CR18_0113-b0566-I0275","Birds","Euphonia_xanthogaster","07:05","07:14","A-PA5603",NA,NA,0.53991814,-79.14419755,331,"cacao regeneration","cacao regeneration early",2013,10,"direct_obs","cacao"
"287","CR18","SP04-ARL_221028_CR18_0110-p0173","SP04-ARL_221101_CR18_0113-b0567",3,"07:11","07:14","Swallowed","fruit",15,277,"","","SP04-ARL_221101_CR18_0113-b0567-I0277","Birds","Dacnis_berlepschi","07:11","07:14","A-PA5603",NA,NA,0.53991814,-79.14419755,331,"cacao regeneration","cacao regeneration early",2013,10,"direct_obs","cacao"
"288","CR18","SP04-ARL_221028_CR18_0110-p0173","SP04-ARL_221101_CR18_0113-b0590",1,"10:11","10:20","Swallowed","fruit",3,291,"","","SP04-ARL_221101_CR18_0113-b0590-I0291","Birds","Cyanerpes_caeruleus","10:11","10:20","A-PA5603",NA,NA,0.53991814,-79.14419755,331,"cacao regeneration","cacao regeneration early",2013,10,"direct_obs","cacao"
"289","CR18","SP04-ARL_221028_CR18_0110-p0173","SP04-ARL_221101_CR18_0113-b0591",6,"10:20","10:32","Swallowed","fruit",15,292,"","","SP04-ARL_221101_CR18_0113-b0591-I0292","Birds","Dacnis_berlepschi","10:20","10:32","A-PA5603",NA,NA,0.53991814,-79.14419755,331,"cacao regeneration","cacao regeneration early",2013,10,"direct_obs","cacao"
"290","CR18","SP04-ARL_221028_CR18_0110-p0173","SP04-ARL_221101_CR18_0113-b0578",1,"09:29","09:33","Swallowed","fruit",7,284,"","","SP04-ARL_221101_CR18_0113-b0578-I0284","Birds","Cyanerpes_caeruleus","09:29","09:33","A-PA5603",NA,NA,0.53991814,-79.14419755,331,"cacao regeneration","cacao regeneration early",2013,10,"direct_obs","cacao"
"291","CR18","SP04-ARL_221028_CR18_0110-p0173","SP04-ARL_221101_CR18_0113-b0575",1,"08:19","08:21","Swallowed","fruit",4,281,"","","SP04-ARL_221101_CR18_0113-b0575-I0281","Birds","Tangara_lavinia","08:19","08:21","A-PA5603",NA,NA,0.53991814,-79.14419755,331,"cacao regeneration","cacao regeneration early",2013,10,"direct_obs","cacao"
"292","CR18","SP04-ARL_221028_CR18_0110-p0173","SP04-ARL_221101_CR18_0113-b0576",1,"08:55","08:57","Swallowed","fruit",6,282,"","","SP04-ARL_221101_CR18_0113-b0576-I0282","Birds","Chlorophanes_spiza","08:55","08:57","A-PA5603",NA,NA,0.53991814,-79.14419755,331,"cacao regeneration","cacao regeneration early",2013,10,"direct_obs","cacao"
"293","CR18","SP04-ARL_221028_CR18_0110-p0173","SP04-ARL_221101_CR18_0113-b0587",3,"09:37","09:53","Swallowed","fruit",10,289,"","","SP04-ARL_221101_CR18_0113-b0587-I0289","Birds","Euphonia_xanthogaster","09:37","09:53","A-PA5603",NA,NA,0.53991814,-79.14419755,331,"cacao regeneration","cacao regeneration early",2013,10,"direct_obs","cacao"
"294","CR18","SP04-ARL_221028_CR18_0110-p0173","SP04-ARL_221101_CR18_0113-b0581",2,"09:38","09:50","Swallowed","fruit",20,286,"","","SP04-ARL_221101_CR18_0113-b0581-I0286","Birds","Dacnis_berlepschi","09:38","09:50","A-PA5603",NA,NA,0.53991814,-79.14419755,331,"cacao regeneration","cacao regeneration early",2013,10,"direct_obs","cacao"
"295","CR18","SP04-ARL_221028_CR18_0110-p0175","SP04-ARL_221101_CR18_0113-b0577",1,"08:59","09:03","Swallowed","fruit",4,283,"","","SP04-ARL_221101_CR18_0113-b0577-I0283","Birds","Tangara_lavinia","08:59","09:03","A-CR1803",NA,NA,0.53991814,-79.14419755,331,"cacao regeneration","cacao regeneration early",2013,10,"direct_obs","cacao"
"296","CR18","SP04-ARL_221028_CR18_0110-p0175","SP04-ARL_221101_CR18_0113-b0574",1,"08:01","08:12","Swallowed","fruit",8,280,"","","SP04-ARL_221101_CR18_0113-b0574-I0280","Birds","Tangara_lavinia","08:01","08:12","A-CR1803",NA,NA,0.53991814,-79.14419755,331,"cacao regeneration","cacao regeneration early",2013,10,"direct_obs","cacao"
"297","CR18","SP04-ARL_221028_CR18_0110-p0175","SP04-ARL_221101_CR18_0113-b0570",4,"07:28","07:32","Swallowed","fruit",2,278,"","","SP04-ARL_221101_CR18_0113-b0570-I0278","Birds","Euphonia_xanthogaster","07:28","07:32","A-CR1803",NA,NA,0.53991814,-79.14419755,331,"cacao regeneration","cacao regeneration early",2013,10,"direct_obs","cacao"
"298","CR18","SP04-ARL_221028_CR18_0110-p0175","SP04-ARL_221029_CR18_0112-b0549",1,"07:40","07:46","Swallowed","fruit",5,262,"","","SP04-ARL_221029_CR18_0112-b0549-I0262","Birds","Cyanerpes_caeruleus","07:40","07:46","A-CR1803",NA,NA,0.53991814,-79.14419755,331,"cacao regeneration","cacao regeneration early",2013,10,"direct_obs","cacao"
"299","CR18","SP04-ARL_221028_CR18_0110-p0175","SP04-ARL_221101_CR18_0113-b0587",3,"09:37","09:53","Dropped","fruit",4,290,"","","SP04-ARL_221101_CR18_0113-b0587-I0290","Birds","Euphonia_xanthogaster","09:37","09:53","A-CR1803",NA,NA,0.53991814,-79.14419755,331,"cacao regeneration","cacao regeneration early",2013,10,"direct_obs","cacao"
"300","CR18","SP04-ARL_221028_CR18_0110-p0175","SP04-ARL_221101_CR18_0113-b0570",4,"07:28","07:32","CarryAway","fruit",3,279,"","","SP04-ARL_221101_CR18_0113-b0570-I0279","Birds","Euphonia_xanthogaster","07:28","07:32","A-CR1803",NA,NA,0.53991814,-79.14419755,331,"cacao regeneration","cacao regeneration early",2013,10,"direct_obs","cacao"
"301","OG28","SP04-ARL_230520_PR28_0251-p0499","SP04-ARL_230521_PR28_0252-b1227",3,"07:10","07:21","Pecked","fruit",1,643,"","","SP04-ARL_230521_PR28_0252-b1227-I0643","Birds","Amazona_farinosa","07:10","07:21","Brosimum_utile",NA,NA,0.46440563,-79.21261431,224,"old-growth forest","old-growth forest",NA,55,"direct_obs","old-growth"
"302","OG28","SP04-ARL_230520_PR28_0251-p0503","SP04-ARL_230520_PR28_0251-b1225",2,"07:18","07:19","Swalloweded","seed",1,642,"","","SP04-ARL_230520_PR28_0251-b1225-I0642","Birds","Ramphastos_ambiguus","07:18","07:19","Virola_reidii",NA,NA,0.46440563,-79.21261431,224,"old-growth forest","old-growth forest",NA,55,"direct_obs","old-growth"
"303","OG28","SP04-ARL_230520_PR28_0251-p0503","SP04-ARL_230522_PR28_0253-b1233",1,"08:10","08:17","Swalloweded","seed",3,647,"","","SP04-ARL_230522_PR28_0253-b1233-I0647","Birds","Ramphastos_ambiguus","08:09","08:11","Virola_reidii",NA,NA,0.46440563,-79.21261431,224,"old-growth forest","old-growth forest",NA,55,"direct_obs","old-growth"
"304","OG28","SP04-ARL_230520_PR28_0251-p0503","SP04-ARL_230521_PR28_0252-b1230",2,"07:36","07:37","Swalloweded","seed",2,644,"","","SP04-ARL_230521_PR28_0252-b1230-I0644","Birds","Ramphastos_ambiguus","07:36","07:37","Virola_reidii",NA,NA,0.46440563,-79.21261431,224,"old-growth forest","old-growth forest",NA,55,"direct_obs","old-growth"
"305","OG28","SP04-ARL_230520_PR28_0251-p0503","SP04-ARL_230522_PR28_0253-b1232",1,"06:46","06:50","Swalloweded","seed",1,645,"","","SP04-ARL_230522_PR28_0253-b1232-I0645","Birds","Ramphastos_ambiguus","06:46","06:50","Virola_reidii",NA,NA,0.46440563,-79.21261431,224,"old-growth forest","old-growth forest",NA,55,"direct_obs","old-growth"
"306","OG28","SP04-ARL_230520_PR28_0251-p0503","SP04-ARL_230522_PR28_0253-b1233",2,"08:09","08:11","Swalloweded","seed",5,646,"","","SP04-ARL_230522_PR28_0253-b1233-I0646","Birds","Ramphastos_ambiguus","08:09","08:11","Virola_reidii",NA,NA,0.46440563,-79.21261431,224,"old-growth forest","old-growth forest",NA,55,"direct_obs","old-growth"
"307","OG37","SP04-ARL_231023_OG37_0280-p0608","SP04-ARL_231024_OG37_0281-b1304",2,"09:06","09:08","CarriedAway","fruit",2,675,"","","SP04-ARL_231024_OG37_0281-b1304-I0675","Birds","Ramphastos_ambiguus","09:06","09:08","OG37-176",NA,NA,0.49819185,-79.17924819,550,"old-growth forest","old-growth forest",NA,55,"direct_obs","old-growth"
"308","OG37","SP04-ARL_231023_OG37_0280-p0609","SP04-ARL_231024_OG37_0281-b1302",1,"08:30","08:30","Swalloweded","fruit",1,672,"","","SP04-ARL_231024_OG37_0281-b1302-I0672","Birds","Euphonia_xanthogaster","08:30","08:30","Miconia_oraria",NA,NA,0.49819185,-79.17924819,550,"old-growth forest","old-growth forest",NA,55,"direct_obs","old-growth"
"309","OG37","SP04-ARL_231023_OG37_0280-p0609","SP04-ARL_231024_OG37_0281-b1303",1,"08:46","08:46","Swalloweded","fruit",1,674,"","","SP04-ARL_231024_OG37_0281-b1303-I0674","Birds","Masius_chrysopterus","08:46","08:46","Miconia_oraria",NA,NA,0.49819185,-79.17924819,550,"old-growth forest","old-growth forest",NA,55,"direct_obs","old-growth"
"310","OG37","SP04-ARL_231023_OG37_0280-p0611","SP04-ARL_231025_OG37_0282-b1308",2,"07:58","08:00","Swalloweded","fruit",5,678,"","","SP04-ARL_231025_OG37_0282-b1308-I0678","Birds","Masius_chrysopterus","07:58","08:00","Miconia_oraria",NA,NA,0.49819185,-79.17924819,550,"old-growth forest","old-growth forest",NA,55,"direct_obs","old-growth"
"311","OG37","SP04-ARL_231023_OG37_0280-p0611","SP04-ARL_231025_OG37_0282-b1310",2,"09:56","09:58","Swalloweded","fruit",2,679,"","","SP04-ARL_231025_OG37_0282-b1310-I0679","Birds","Chlorothraupis_olivacea","09:56","09:58","Miconia_oraria",NA,NA,0.49819185,-79.17924819,550,"old-growth forest","old-growth forest",NA,55,"direct_obs","old-growth"
"312","OG37","SP04-ARL_231023_OG37_0280-p0611","SP04-ARL_231025_OG37_0282-b1312",2,"09:58","09:58","Swalloweded","fruit",1,680,"","","SP04-ARL_231025_OG37_0282-b1312-I0680","Birds","Euphonia_xanthogaster","09:58","09:58","Miconia_oraria",NA,NA,0.49819185,-79.17924819,550,"old-growth forest","old-growth forest",NA,55,"direct_obs","old-growth"
"313","OG37","SP04-ARL_231023_OG37_0280-p0611","SP04-ARL_231025_OG37_0282-b1314",1,"10:06","10:06","Swalloweded","fruit",2,681,"","","SP04-ARL_231025_OG37_0282-b1314-I0681","Birds","Ceratopipra_mentalis","10:06","10:06","Miconia_oraria",NA,NA,0.49819185,-79.17924819,550,"old-growth forest","old-growth forest",NA,55,"direct_obs","old-growth"
"314","OG37","SP04-ARL_231023_OG37_0280-p0612","SP04-ARL_231024_OG37_0281-b1302",1,"08:31","08:31","Pecked","fruit",1,673,"","","SP04-ARL_231024_OG37_0281-b1302-I0673","Birds","Euphonia_xanthogaster","08:30","08:30","Miconia_sp3",NA,NA,0.49819185,-79.17924819,550,"old-growth forest","old-growth forest",NA,55,"direct_obs","old-growth"
"315","OG37","SP04-ARL_231023_OG37_0280-p0615","SP04-ARL_231023_OG37_0280-b1292",10,"10:56","10:59","Pecked","fruit",5,671,"","","SP04-ARL_231023_OG37_0280-b1292-I0671","Birds","Pyrrhura_melanura","10:56","10:59","Otoba_novogranatensis",NA,NA,0.49819185,-79.17924819,550,"old-growth forest","old-growth forest",NA,55,"direct_obs","old-growth"
"316","OG37","SP04-ARL_231023_OG37_0280-p0616","SP04-ARL_231024_OG37_0281-b1306",2,"09:12","09:24","Swalloweded","fruit",3,676,"","","SP04-ARL_231024_OG37_0281-b1306-I0676","Birds","Ramphastos_ambiguus","09:12","09:24","Nectandra_guadaripo",NA,NA,0.49819185,-79.17924819,550,"old-growth forest","old-growth forest",NA,55,"direct_obs","old-growth"
"317","OG37","SP04-ARL_231023_OG37_0280-p0616","SP04-ARL_231024_OG37_0281-b1306",2,"09:12","09:24","CarriedAway","fruit",5,677,"","","SP04-ARL_231024_OG37_0281-b1306-I0677","Birds","Ramphastos_ambiguus","09:12","09:24","Nectandra_guadaripo",NA,NA,0.49819185,-79.17924819,550,"old-growth forest","old-growth forest",NA,55,"direct_obs","old-growth"
"318","OG38","SP04-ARL_220508_OG38_0049-p0064","SP04-ARL_220508_OG38_0049-b0278",3,"10:44","10:45","Swallowed","fruit",2,146,"","","SP04-ARL_220508_OG38_0049-b0278-I0146","Birds","Tachyphonus_delatrii","10:44","10:45","Trichilia_surinamensis","PREX",NA,0.51305713,-79.19321874,535,"old-growth forest","old-growth forest",NA,55,"direct_obs","old-growth"
"319","OG38","SP04-ARL_220508_OG38_0049-p0064","SP04-ARL_220509_OG38_0050-b0281",3,"09:00","09:00","Swallowed","fruit",3,147,"","","SP04-ARL_220509_OG38_0050-b0281-I0147","Birds","Euphonia_xanthogaster","09:00","09:00","Trichilia_surinamensis","PREX",NA,0.51305713,-79.19321874,535,"old-growth forest","old-growth forest",NA,55,"direct_obs","old-growth"
"320","OG38","SP04-ARL_220508_OG38_0049-p0064","SP04-ARL_220509_OG38_0050-b0284",1,"09:36","09:38","Swallowed","fruit",5,148,"","","SP04-ARL_220509_OG38_0050-b0284-I0148","Birds","Lipaugus_unirufus","09:36","09:38","Trichilia_surinamensis","PREX",NA,0.51305713,-79.19321874,535,"old-growth forest","old-growth forest",NA,55,"direct_obs","old-growth"
"321","OG39","SP04-ARL_220420_OG39_0037-p0029","SP04-ARL_220420_OG39_0037-b0111",8,"08:48","08:51","CarryAway","fruit",1,80,"","","SP04-ARL_220420_OG39_0037-b0111-I0080","Birds","Tachyphonus_delatrii","08:48","08:51","Ficus_cf._pertusa","PREX",NA,0.52155163,-79.19538539,576,"old-growth forest","old-growth forest",NA,55,"direct_obs","old-growth"
"322","OG39","SP04-ARL_220420_OG39_0037-p0029","SP04-ARL_220420_OG39_0037-b0111",8,"08:48","08:51","Swallowed","fruit",2,79,"","","SP04-ARL_220420_OG39_0037-b0111-I0079","Birds","Tachyphonus_delatrii","08:48","08:51","Ficus_cf._pertusa","PREX",NA,0.52155163,-79.19538539,576,"old-growth forest","old-growth forest",NA,55,"direct_obs","old-growth"
"323","OG39","SP04-ARL_220420_OG39_0037-p0029","SP04-ARL_220420_OG39_0037-b0121",3,"08:51","08:53","Swallowed","fruit",1,84,"","","SP04-ARL_220420_OG39_0037-b0121-I0084","Birds","Rhytipterna_holerythra","08:51","08:53","Ficus_cf._pertusa","PREX",NA,0.52155163,-79.19538539,576,"old-growth forest","old-growth forest",NA,55,"direct_obs","old-growth"
"324","OG39","SP04-ARL_220420_OG39_0037-p0029","SP04-ARL_220420_OG39_0037-b0119",2,"08:52","08:56","Dropped","fruit",1,82,"","","SP04-ARL_220420_OG39_0037-b0119-I0082","Birds","Tangara_florida","08:52","08:56","Ficus_cf._pertusa","PREX",NA,0.52155163,-79.19538539,576,"old-growth forest","old-growth forest",NA,55,"direct_obs","old-growth"
"325","OG39","SP04-ARL_220420_OG39_0037-p0029","SP04-ARL_220420_OG39_0037-b0119",2,"08:52","08:56","Pecked","fruit",3,81,"","","SP04-ARL_220420_OG39_0037-b0119-I0081","Birds","Tangara_florida","08:52","08:56","Ficus_cf._pertusa","PREX",NA,0.52155163,-79.19538539,576,"old-growth forest","old-growth forest",NA,55,"direct_obs","old-growth"
"326","OG39","SP04-ARL_220420_OG39_0037-p0029","SP04-ARL_220420_OG39_0037-b0121",3,"08:51","08:53","CarryAway","fruit",1,83,"","","SP04-ARL_220420_OG39_0037-b0121-I0083","Birds","Rhytipterna_holerythra","08:51","08:53","Ficus_cf._pertusa","PREX",NA,0.52155163,-79.19538539,576,"old-growth forest","old-growth forest",NA,55,"direct_obs","old-growth"
"327","OG39","SP04-ARL_220420_OG39_0037-p0029","SP04-ARL_220421_OG39_0038-b0139",6,"10:22","10:35","Swallowed","fruit",3,88,"","","SP04-ARL_220421_OG39_0038-b0139-I0088","Birds","Tachyphonus_delatrii","10:22","10:25","Ficus_cf._pertusa","PREX",NA,0.52155163,-79.19538539,576,"old-growth forest","old-growth forest",NA,55,"direct_obs","old-growth"
"328","OG39","SP04-ARL_220420_OG39_0037-p0029","SP04-ARL_220422_OG39_0039-b0145",4,"07:46","07:46","Swallowed","fruit",1,89,"","","SP04-ARL_220422_OG39_0039-b0145-I0089","Birds","Tachyphonus_delatrii","07:46","07:46","Ficus_cf._pertusa","PREX",NA,0.52155163,-79.19538539,576,"old-growth forest","old-growth forest",NA,55,"direct_obs","old-growth"
"329","OG39","SP04-ARL_220420_OG39_0037-p0031","SP04-ARL_220420_OG39_0037-b0107",4,"06:42","06:46","Swallowed","fruit",3,78,"","","SP04-ARL_220420_OG39_0037-b0107-I0078","Birds","Tachyphonus_delatrii","06:42","06:46","Conostegia_'rosada'","PREX",NA,0.52155163,-79.19538539,576,"old-growth forest","old-growth forest",NA,55,"direct_obs","old-growth"
"330","OG39","SP04-ARL_220420_OG39_0037-p0031","SP04-ARL_220421_OG39_0038-b0137",2,"10:09","10:14","Swallowed","fruit",2,87,"","","SP04-ARL_220421_OG39_0038-b0137-I0087","Birds","Sapayoa_aenigma","10:09","10:14","Conostegia_'rosada'","PREX",NA,0.52155163,-79.19538539,576,"old-growth forest","old-growth forest",NA,55,"direct_obs","old-growth"
"331","OG39","SP04-ARL_220420_OG39_0037-p0031","SP04-ARL_220421_OG39_0038-b0124",7,"07:21","07:27","Swallowed","fruit",1,85,"","","SP04-ARL_220421_OG39_0038-b0124-I0085","Birds","Tachyphonus_delatrii","07:21","07:27","Conostegia_'rosada'","PREX",NA,0.52155163,-79.19538539,576,"old-growth forest","old-growth forest",NA,55,"direct_obs","old-growth"
"332","OG39","SP04-ARL_220420_OG39_0037-p0031","SP04-ARL_220421_OG39_0038-b0131",6,"10:09","10:14","Swallowed","fruit",3,86,"","","SP04-ARL_220421_OG39_0038-b0131-I0086","Birds","Tachyphonus_delatrii","10:09","10:14","Conostegia_'rosada'","PREX",NA,0.52155163,-79.19538539,576,"old-growth forest","old-growth forest",NA,55,"direct_obs","old-growth"
"333","OG40","SP04-ARL_230405_OG40_0184-p0335","SP04-ARL_230406_OG40_0185-b1044",3,"09:42","09:44","Swallowed","fruit",1,543,"","","SP04-ARL_230406_OG40_0185-b1044-I0543","Birds","Tachyphonus_delatrii","09:42","09:44","Wettinia_quinaria",NA,NA,0.52772307,-79.1724196,531,"old-growth forest","old-growth forest",NA,55,"direct_obs","old-growth"
"334","OG40","SP04-ARL_230405_OG40_0184-p0336","SP04-ARL_230406_OG40_0185-b1040",2,"07:29","07:29","Swallowed","seed",1,540,"","","SP04-ARL_230406_OG40_0185-b1040-I0540","Birds","Ramphastos_ambiguus","07:29","07:29","Virola_pavonis",NA,NA,0.52772307,-79.1724196,531,"old-growth forest","old-growth forest",NA,55,"direct_obs","old-growth"
"335","OG40","SP04-ARL_230405_OG40_0184-p0340","SP04-ARL_230405_OG40_0184-b1036",2,"08:39","08:47","Pecked","fruit",4,538,"","","SP04-ARL_230405_OG40_0184-b1036-I0538","Birds","Amazona_farinosa","08:39","08:47","Hortia_brasiliana",NA,NA,0.52772307,-79.1724196,531,"old-growth forest","old-growth forest",NA,55,"direct_obs","old-growth"
"336","OG40","SP04-ARL_230405_OG40_0184-p0340","SP04-ARL_230405_OG40_0184-b1038",2,"08:37","08:49","Pecked","fruit",4,539,"","","SP04-ARL_230405_OG40_0184-b1038-I0539","Birds","Ramphastos_ambiguus","08:37","08:49","Hortia_brasiliana",NA,NA,0.52772307,-79.1724196,531,"old-growth forest","old-growth forest",NA,55,"direct_obs","old-growth"
"337","OG40","SP04-ARL_230405_OG40_0184-p0340","SP04-ARL_230406_OG40_0185-b1053",3,"10:42","10:45","Pecked","fruit",1,546,"","","SP04-ARL_230406_OG40_0185-b1053-I0546","Birds","Ramphastos_ambiguus","10:42","10:45","Hortia_brasiliana",NA,NA,0.52772307,-79.1724196,531,"old-growth forest","old-growth forest",NA,55,"direct_obs","old-growth"
"338","OG40","SP04-ARL_230405_OG40_0184-p0341","SP04-ARL_230405_OG40_0184-b1029",7,"07:04","07:05","Pecked","fruit",6,537,"","","SP04-ARL_230405_OG40_0184-b1029-I0537","Birds","Ara_ambiguus","07:04","07:05","Conceveiba_martiana",NA,NA,0.52772307,-79.1724196,531,"old-growth forest","old-growth forest",NA,55,"direct_obs","old-growth"
"339","OG40","SP04-ARL_230405_OG40_0184-p0342","SP04-ARL_230405_OG40_0184-b1047",4,"10:27","10:29","Swallowed","fruit",3,544,"","","SP04-ARL_230405_OG40_0184-b1047-I0544","Birds","Chrysothlypis_salmoni","10:27","10:29","Miconia_'alargada tres venas abajo'",NA,NA,0.52772307,-79.1724196,531,"old-growth forest","old-growth forest",NA,55,"direct_obs","old-growth"
"340","OG40","SP04-ARL_230405_OG40_0184-p0342","SP04-ARL_230406_OG40_0185-b1051",2,"10:05","10:07","Swallowed","fruit",3,545,"","","SP04-ARL_230406_OG40_0185-b1051-I0545","Birds","Tangara_palmeri","10:05","10:07","Miconia_'alargada tres venas abajo'",NA,NA,0.52772307,-79.1724196,531,"old-growth forest","old-growth forest",NA,55,"direct_obs","old-growth"
"341","OG40","SP04-ARL_230405_OG40_0184-p0351","SP04-ARL_230406_OG40_0185-b1042",2,"08:40","08:44","Dropped","fruit",1,541,"","","SP04-ARL_230406_OG40_0185-b1042-I0541","Birds","Lepidothrix_coronata","08:40","08:44","Miconia_sp3",NA,NA,0.52772307,-79.1724196,531,"old-growth forest","old-growth forest",NA,55,"direct_obs","old-growth"
"342","OG40","SP04-ARL_230405_OG40_0184-p0351","SP04-ARL_230406_OG40_0185-b1042",2,"08:40","08:44","CarryAway","fruit",1,542,"","","SP04-ARL_230406_OG40_0185-b1042-I0542","Birds","Lepidothrix_coronata","08:40","08:44","Miconia_sp3",NA,NA,0.52772307,-79.1724196,531,"old-growth forest","old-growth forest",NA,55,"direct_obs","old-growth"
"343","OG41","SP04-ARL_221012_OG41_0095-p0143","SP04-ARL_221012_OG41_0095-b0415",6,"07:10","07:15","Dropped","fruit",2,208,"","","SP04-ARL_221012_OG41_0095-b0415-I0208","Birds","Tachyphonus_delatrii","07:10","07:15","Guarea guidonia","PREX",NA,0.52981297,-79.18850563,389,"old-growth forest","old-growth forest",NA,55,"direct_obs","old-growth"
"344","OG41","SP04-ARL_221012_OG41_0095-p0143","SP04-ARL_221012_OG41_0095-b0415",6,"07:10","07:15","CarryAway","fruit",1,207,"","","SP04-ARL_221012_OG41_0095-b0415-I0207","Birds","Tachyphonus_delatrii","07:10","07:15","Guarea guidonia","PREX",NA,0.52981297,-79.18850563,389,"old-growth forest","old-growth forest",NA,55,"direct_obs","old-growth"
"345","OG41","SP04-ARL_221012_OG41_0095-p0143","SP04-ARL_221013_OG41_0096-b0434",6,"07:04","07:21","Pecked","fruit",8,213,"","","SP04-ARL_221013_OG41_0096-b0434-I0213","Birds","Tachyphonus_delatrii","07:04","07:21","Guarea guidonia","PREX",NA,0.52981297,-79.18850563,389,"old-growth forest","old-growth forest",NA,55,"direct_obs","old-growth"
"346","OG41","SP04-ARL_221012_OG41_0095-p0143","SP04-ARL_221013_OG41_0096-b0443",8,"07:50","08:05","Pecked","fruit",3,217,"","","SP04-ARL_221013_OG41_0096-b0443-I0217","Birds","Tachyphonus_delatrii","07:50","08:05","Guarea guidonia","PREX",NA,0.52981297,-79.18850563,389,"old-growth forest","old-growth forest",NA,55,"direct_obs","old-growth"
"347","OG41","SP04-ARL_221012_OG41_0095-p0143","SP04-ARL_221012_OG41_0095-b0428",1,"10:14","10:25","Dropped","fruit",1,212,"","","SP04-ARL_221012_OG41_0095-b0428-I0212","Birds","Tachyphonus_delatrii","10:14","10:25","Guarea guidonia","PREX",NA,0.52981297,-79.18850563,389,"old-growth forest","old-growth forest",NA,55,"direct_obs","old-growth"
"348","OG41","SP04-ARL_221012_OG41_0095-p0143","SP04-ARL_221013_OG41_0096-b0443",8,"07:50","08:05","CarryAway","fruit",6,215,"","","SP04-ARL_221013_OG41_0096-b0443-I0215","Birds","Tachyphonus_delatrii","07:50","08:05","Guarea guidonia","PREX",NA,0.52981297,-79.18850563,389,"old-growth forest","old-growth forest",NA,55,"direct_obs","old-growth"
"349","OG41","SP04-ARL_221012_OG41_0095-p0143","SP04-ARL_221013_OG41_0096-b0443",8,"07:50","08:05","Dropped","fruit",3,216,"","","SP04-ARL_221013_OG41_0096-b0443-I0216","Birds","Tachyphonus_delatrii","07:50","08:05","Guarea guidonia","PREX",NA,0.52981297,-79.18850563,389,"old-growth forest","old-growth forest",NA,55,"direct_obs","old-growth"
"350","OG41","SP04-ARL_221012_OG41_0095-p0145","SP04-ARL_221012_OG41_0095-b0422",2,"09:30","09:40","Swallowed","fruit",1,210,"","","SP04-ARL_221012_OG41_0095-b0422-I0210","Birds","Lipaugus_unirufus","09:30","09:40","OG41-25","PREX",NA,0.52981297,-79.18850563,389,"old-growth forest","old-growth forest",NA,55,"direct_obs","old-growth"
"351","OG41","SP04-ARL_221012_OG41_0095-p0145","SP04-ARL_221013_OG41_0096-b0440",3,"07:37","07:49","Swallowed","fruit",2,214,"","","SP04-ARL_221013_OG41_0096-b0440-I0214","Birds","Querula_purpurata","07:37","07:49","OG41-25","PREX",NA,0.52981297,-79.18850563,389,"old-growth forest","old-growth forest",NA,55,"direct_obs","old-growth"
"352","OG41","SP04-ARL_221012_OG41_0095-p0145","SP04-ARL_221012_OG41_0095-b0424",1,"09:30","09:40","Swallowed","fruit",1,211,"","","SP04-ARL_221012_OG41_0095-b0424-I0211","Birds","Amazona_farinosa","09:30","09:40","OG41-25","PREX",NA,0.52981297,-79.18850563,389,"old-growth forest","old-growth forest",NA,55,"direct_obs","old-growth"
"353","OG41","SP04-ARL_221012_OG41_0095-p0145","SP04-ARL_221012_OG41_0095-b0421",1,"09:30","09:30","Swallowed","fruit",1,209,"","","SP04-ARL_221012_OG41_0095-b0421-I0209","Birds","Cephalopterus_penduliger","09:30","09:30","OG41-25","PREX",NA,0.52981297,-79.18850563,389,"old-growth forest","old-growth forest",NA,55,"direct_obs","old-growth"
"354","OG42","SP04-ARL_230410_OG42_0187-p0348","SP04-ARL_230411_OG42_0188-b1056",2,"06:48","06:51","Bitten","fruit",4,547,"","","SP04-ARL_230411_OG42_0188-b1056-I0547","Rodentia","Notosciurus_granatensis","06:48","06:51","Brosimum_utile","PREX",NA,0.53843029,-79.17462078,356,"old-growth forest","old-growth forest",NA,55,"direct_obs","old-growth"
"355","OG43","SP04-ARL_230517_OG43_0248-p0476","SP04-ARL_230517_OG43_0248-b1218",3,"08:17","08:19","Pecked","fruit",8,638,"","","SP04-ARL_230517_OG43_0248-b1218-I0638","Birds","Amazona_autumnalis","08:17","08:19","Matisia_bracteolosa",NA,NA,0.46447835,-79.21007388,238,"old-growth forest","old-growth forest",NA,55,"direct_obs","old-growth"
"356","OG43","SP04-ARL_230517_OG43_0248-p0482","SP04-ARL_230517_OG43_0248-b1214",1,"07:22","07:23","Swalloweded","fruit",2,635,"","","SP04-ARL_230517_OG43_0248-b1214-I0635","Birds","Lepidothrix_coronata","07:22","07:23","Miconia_oraria",NA,NA,0.46447835,-79.21007388,238,"old-growth forest","old-growth forest",NA,55,"direct_obs","old-growth"
"357","OG43","SP04-ARL_230517_OG43_0248-p0482","SP04-ARL_230517_OG43_0248-b1215",1,"07:29","07:29","Swalloweded","fruit",1,636,"","","SP04-ARL_230517_OG43_0248-b1215-I0636","Birds","Lepidothrix_coronata","07:29","07:29","Miconia_oraria",NA,NA,0.46447835,-79.21007388,238,"old-growth forest","old-growth forest",NA,55,"direct_obs","old-growth"
"358","OG43","SP04-ARL_230517_OG43_0248-p0482","SP04-ARL_230517_OG43_0248-b1216",2,"08:06","08:07","Swalloweded","fruit",3,637,"","","SP04-ARL_230517_OG43_0248-b1216-I0637","Birds","Lepidothrix_coronata","08:06","08:07","Miconia_oraria",NA,NA,0.46447835,-79.21007388,238,"old-growth forest","old-growth forest",NA,55,"direct_obs","old-growth"
"359","OG43","SP04-ARL_230517_OG43_0248-p0482","SP04-ARL_230517_OG43_0248-b1221",2,"09:57","09:58","Swalloweded","fruit",3,639,"","","SP04-ARL_230517_OG43_0248-b1221-I0639","Birds","Lepidothrix_coronata","09:57","09:58","Miconia_oraria",NA,NA,0.46447835,-79.21007388,238,"old-growth forest","old-growth forest",NA,55,"direct_obs","old-growth"
"360","OG43","SP04-ARL_230517_OG43_0248-p0482","SP04-ARL_230518_OG43_0249-b1223",1,"07:10","07:10","Swalloweded","fruit",3,640,"","","SP04-ARL_230518_OG43_0249-b1223-I0640","Birds","Lepidothrix_coronata","07:10","07:10","Miconia_oraria",NA,NA,0.46447835,-79.21007388,238,"old-growth forest","old-growth forest",NA,55,"direct_obs","old-growth"
"361","OG43","SP04-ARL_230517_OG43_0248-p0482","SP04-ARL_230518_OG43_0249-b1224",1,"07:26","07:26","Swalloweded","fruit",1,641,"","","SP04-ARL_230518_OG43_0249-b1224-I0641","Birds","Lepidothrix_coronata","07:26","07:26","Miconia_oraria",NA,NA,0.46447835,-79.21007388,238,"old-growth forest","old-growth forest",NA,55,"direct_obs","old-growth"
"362","OG43","SP04-ARL_230517_OG43_0248-p0485","SP04-ARL_230517_OG43_0248-b1209",5,"06:25","06:43","Swalloweded","seed",20,633,"","","SP04-ARL_230517_OG43_0248-b1209-I0633","Primates","Ateles_fusciceps","06:25","06:43","Otoba_gracilipes",NA,NA,0.46447835,-79.21007388,238,"old-growth forest","old-growth forest",NA,55,"direct_obs","old-growth"
"363","OG43","SP04-ARL_230517_OG43_0248-p0487","SP04-ARL_230517_OG43_0248-b1209",5,"06:25","06:43","Swalloweded","fruit",50,634,"","","SP04-ARL_230517_OG43_0248-b1209-I0634","Primates","Ateles_fusciceps","06:25","06:43","Osteophloeum_platis_cf.",NA,NA,0.46447835,-79.21007388,238,"old-growth forest","old-growth forest",NA,55,"direct_obs","old-growth"
"364","OG43","SP04-ARL_230517_OG43_0248-p0488","SP04-ARL_230517_OG43_0248-b1209",5,"06:25","06:43","Swalloweded","fruit",20,632,"","","SP04-ARL_230517_OG43_0248-b1209-I0632","Primates","Ateles_fusciceps","06:25","06:43","Guarea_bullata",NA,NA,0.46447835,-79.21007388,238,"old-growth forest","old-growth forest",NA,55,"direct_obs","old-growth"
"365","OG44","SP04-ARL_221203_OG44_0172-p0269","SP04-ARL_221203_OG44_0172-b0840",1,"09:08","09:08","Swallowed","fruit",5,406,"","","SP04-ARL_221203_OG44_0172-b0840-I0406","Birds","Lepidothrix_coronata","09:08","09:08","Conostegia_superba",NA,NA,0.47434948,-79.19810902,339,"old-growth forest","old-growth forest",NA,55,"direct_obs","old-growth"
"366","OG44","SP04-ARL_221203_OG44_0172-p0269","SP04-ARL_221203_OG44_0172-b0839",1,"07:51","07:52","Swallowed","fruit",3,405,"","","SP04-ARL_221203_OG44_0172-b0839-I0405","Birds","Lepidothrix_coronata","07:51","07:52","Conostegia_superba",NA,NA,0.47434948,-79.19810902,339,"old-growth forest","old-growth forest",NA,55,"direct_obs","old-growth"
"367","OG44","SP04-ARL_221203_OG44_0172-p0269","SP04-ARL_221203_OG44_0172-b0838",1,"07:28","07:30","Swallowed","fruit",3,404,"","","SP04-ARL_221203_OG44_0172-b0838-I0404","Birds","Lepidothrix_coronata","07:28","07:30","Conostegia_superba",NA,NA,0.47434948,-79.19810902,339,"old-growth forest","old-growth forest",NA,55,"direct_obs","old-growth"
"368","OG44","SP04-ARL_221203_OG44_0172-p0269","SP04-ARL_221204_OG44_0173-b0856",1,"10:56","10:56","Swallowed","fruit",3,417,"","","SP04-ARL_221204_OG44_0173-b0856-I0417","Birds","Lepidothrix_coronata","10:56","10:56","Conostegia_superba",NA,NA,0.47434948,-79.19810902,339,"old-growth forest","old-growth forest",NA,55,"direct_obs","old-growth"
"369","OG44","SP04-ARL_221203_OG44_0172-p0271","SP04-ARL_221205_OG44_0174-b0881",1,"10:46","10:47","Swallowed","fruit",4,435,"","","SP04-ARL_221205_OG44_0174-b0881-I0435","Birds","Lepidothrix_coronata","10:46","10:47","Conostegia_superba",NA,NA,0.47434948,-79.19810902,339,"old-growth forest","old-growth forest",NA,55,"direct_obs","old-growth"
"370","OG44","SP04-ARL_221203_OG44_0172-p0271","SP04-ARL_221205_OG44_0174-b0878",1,"09:58","09:59","Swallowed","fruit",6,432,"","","SP04-ARL_221205_OG44_0174-b0878-I0432","Birds","Lepidothrix_coronata","09:58","09:59","Conostegia_superba",NA,NA,0.47434948,-79.19810902,339,"old-growth forest","old-growth forest",NA,55,"direct_obs","old-growth"
"371","OG44","SP04-ARL_221203_OG44_0172-p0271","SP04-ARL_221205_OG44_0174-b0879",1,"10:11","10:12","Swallowed","fruit",6,433,"","","SP04-ARL_221205_OG44_0174-b0879-I0433","Birds","Lepidothrix_coronata","10:11","10:12","Conostegia_superba",NA,NA,0.47434948,-79.19810902,339,"old-growth forest","old-growth forest",NA,55,"direct_obs","old-growth"
"372","OG44","SP04-ARL_221203_OG44_0172-p0273","SP04-ARL_221203_OG44_0172-b0830",2,"06:38","06:40","Pecked","fruit",10,399,"","","SP04-ARL_221203_OG44_0172-b0830-I0399","Birds","Pteroglossus_torquatus","06:30","06:40","Cecropia_insignis",NA,NA,0.47434948,-79.19810902,339,"old-growth forest","old-growth forest",NA,55,"direct_obs","old-growth"
"373","OG44","SP04-ARL_221203_OG44_0172-p0273","SP04-ARL_221203_OG44_0172-b0832",2,"06:45","06:46","Pecked","fruit",4,400,"","","SP04-ARL_221203_OG44_0172-b0832-I0400","Birds","Pteroglossus_torquatus","06:45","06:46","Cecropia_insignis",NA,NA,0.47434948,-79.19810902,339,"old-growth forest","old-growth forest",NA,55,"direct_obs","old-growth"
"374","OG44","SP04-ARL_221203_OG44_0172-p0273","SP04-ARL_221203_OG44_0172-b0834",2,"06:54","06:56","Pecked","fruit",8,401,"","","SP04-ARL_221203_OG44_0172-b0834-I0401","Birds","Cyanerpes_caeruleus","06:54","06:56","Cecropia_insignis",NA,NA,0.47434948,-79.19810902,339,"old-growth forest","old-growth forest",NA,55,"direct_obs","old-growth"
"375","OG44","SP04-ARL_221203_OG44_0172-p0273","SP04-ARL_221203_OG44_0172-b0836",1,"07:00","07:00","Pecked","fruit",5,402,"","","SP04-ARL_221203_OG44_0172-b0836-I0402","Birds","Tangara_lavinia","07:00","07:00","Cecropia_insignis",NA,NA,0.47434948,-79.19810902,339,"old-growth forest","old-growth forest",NA,55,"direct_obs","old-growth"
"376","OG44","SP04-ARL_221203_OG44_0172-p0273","SP04-ARL_221203_OG44_0172-b0837",1,"07:02","07:04","Pecked","fruit",8,403,"","","SP04-ARL_221203_OG44_0172-b0837-I0403","Birds","Tangara_lavinia","07:02","07:04","Cecropia_insignis",NA,NA,0.47434948,-79.19810902,339,"old-growth forest","old-growth forest",NA,55,"direct_obs","old-growth"
"377","OG44","SP04-ARL_221203_OG44_0172-p0273","SP04-ARL_221205_OG44_0174-b0874",2,"08:38","08:44","Pecked","fruit",8,430,"","","SP04-ARL_221205_OG44_0174-b0874-I0430","Birds","Tangara_lavinia","08:38","08:44","Cecropia_insignis",NA,NA,0.47434948,-79.19810902,339,"old-growth forest","old-growth forest",NA,55,"direct_obs","old-growth"
"378","OG44","SP04-ARL_221203_OG44_0172-p0273","SP04-ARL_221205_OG44_0174-b0876",2,"08:38","08:44","Pecked","fruit",8,431,"","","SP04-ARL_221205_OG44_0174-b0876-I0431","Birds","Heterospingus_xanthopygius","08:38","08:44","Cecropia_insignis",NA,NA,0.47434948,-79.19810902,339,"old-growth forest","old-growth forest",NA,55,"direct_obs","old-growth"
"379","OG44","SP04-ARL_221203_OG44_0172-p0273","SP04-ARL_221203_OG44_0172-b0845",2,"09:25","09:29","Pecked","fruit",6,410,"","","SP04-ARL_221203_OG44_0172-b0845-I0410","Birds","Tangara_johannae","09:25","09:29","Cecropia_insignis",NA,NA,0.47434948,-79.19810902,339,"old-growth forest","old-growth forest",NA,55,"direct_obs","old-growth"
"380","OG44","SP04-ARL_221203_OG44_0172-p0273","SP04-ARL_221203_OG44_0172-b0841",2,"09:25","09:29","Pecked","fruit",8,407,"","","SP04-ARL_221203_OG44_0172-b0841-I0407","Birds","Tangara_lavinia","09:25","09:29","Cecropia_insignis",NA,NA,0.47434948,-79.19810902,339,"old-growth forest","old-growth forest",NA,55,"direct_obs","old-growth"
"381","OG44","SP04-ARL_221203_OG44_0172-p0273","SP04-ARL_221203_OG44_0172-b0843",1,"09:25","09:29","Pecked","fruit",6,408,"","","SP04-ARL_221203_OG44_0172-b0843-I0408","Birds","Capito_squamatus","09:25","09:29","Cecropia_insignis",NA,NA,0.47434948,-79.19810902,339,"old-growth forest","old-growth forest",NA,55,"direct_obs","old-growth"
"382","OG44","SP04-ARL_221203_OG44_0172-p0273","SP04-ARL_221203_OG44_0172-b0844",1,"09:25","09:29","Pecked","fruit",2,409,"","","SP04-ARL_221203_OG44_0172-b0844-I0409","Birds","Chlorophanes_spiza","09:25","09:29","Cecropia_insignis",NA,NA,0.47434948,-79.19810902,339,"old-growth forest","old-growth forest",NA,55,"direct_obs","old-growth"
"383","OG44","SP04-ARL_221203_OG44_0172-p0273","SP04-ARL_221204_OG44_0173-b0852",2,"08:05","08:08","Pecked","fruit",8,414,"","","SP04-ARL_221204_OG44_0173-b0852-I0414","Birds","Tangara_lavinia","08:05","08:08","Cecropia_insignis",NA,NA,0.47434948,-79.19810902,339,"old-growth forest","old-growth forest",NA,55,"direct_obs","old-growth"
"384","OG44","SP04-ARL_221203_OG44_0172-p0273","SP04-ARL_221205_OG44_0174-b0866",1,"08:10","08:12","Pecked","fruit",12,424,"","","SP04-ARL_221205_OG44_0174-b0866-I0424","Birds","Tangara_lavinia","08:10","08:12","Cecropia_insignis",NA,NA,0.47434948,-79.19810902,339,"old-growth forest","old-growth forest",NA,55,"direct_obs","old-growth"
"385","OG44","SP04-ARL_221203_OG44_0172-p0273","SP04-ARL_221205_OG44_0174-b0867",2,"08:23","08:24","Pecked","fruit",8,425,"","","SP04-ARL_221205_OG44_0174-b0867-I0425","Birds","Heterospingus_xanthopygius","08:23","08:24","Cecropia_insignis",NA,NA,0.47434948,-79.19810902,339,"old-growth forest","old-growth forest",NA,55,"direct_obs","old-growth"
"386","OG44","SP04-ARL_221203_OG44_0172-p0273","SP04-ARL_221204_OG44_0173-b0850",2,"08:03","08:04","Pecked","fruit",6,413,"","","SP04-ARL_221204_OG44_0173-b0850-I0413","Birds","Heterospingus_xanthopygius","08:03","08:04","Cecropia_insignis",NA,NA,0.47434948,-79.19810902,339,"old-growth forest","old-growth forest",NA,55,"direct_obs","old-growth"
"387","OG44","SP04-ARL_221203_OG44_0172-p0273","SP04-ARL_221205_OG44_0174-b0869",2,"08:23","08:25","Pecked","fruit",14,426,"","","SP04-ARL_221205_OG44_0174-b0869-I0426","Birds","Tangara_johannae","08:23","08:25","Cecropia_insignis",NA,NA,0.47434948,-79.19810902,339,"old-growth forest","old-growth forest",NA,55,"direct_obs","old-growth"
"388","OG44","SP04-ARL_221203_OG44_0172-p0273","SP04-ARL_221204_OG44_0173-b0854",1,"08:05","08:08","Pecked","fruit",3,415,"","","SP04-ARL_221204_OG44_0173-b0854-I0415","Birds","Tangara_florida","08:05","08:08","Cecropia_insignis",NA,NA,0.47434948,-79.19810902,339,"old-growth forest","old-growth forest",NA,55,"direct_obs","old-growth"
"389","OG44","SP04-ARL_221203_OG44_0172-p0273","SP04-ARL_221204_OG44_0173-b0855",1,"08:12","08:13","Pecked","fruit",3,416,"","","SP04-ARL_221204_OG44_0173-b0855-I0416","Birds","Tangara_johannae","08:12","08:13","Cecropia_insignis",NA,NA,0.47434948,-79.19810902,339,"old-growth forest","old-growth forest",NA,55,"direct_obs","old-growth"
"390","OG44","SP04-ARL_221203_OG44_0172-p0273","SP04-ARL_221205_OG44_0174-b0880",1,"10:34","10:37","Pecked","fruit",24,434,"","","SP04-ARL_221205_OG44_0174-b0880-I0434","Birds","Cyanerpes_caeruleus","10:34","10:37","Cecropia_insignis",NA,NA,0.47434948,-79.19810902,339,"old-growth forest","old-growth forest",NA,55,"direct_obs","old-growth"
"391","OG44","SP04-ARL_221203_OG44_0172-p0273","SP04-ARL_221205_OG44_0174-b0865",1,"08:10","08:12","Pecked","fruit",4,423,"","","SP04-ARL_221205_OG44_0174-b0865-I0423","Birds","Tangara_johannae","08:10","08:12","Cecropia_insignis",NA,NA,0.47434948,-79.19810902,339,"old-growth forest","old-growth forest",NA,55,"direct_obs","old-growth"
"392","OG44","SP04-ARL_221203_OG44_0172-p0273","SP04-ARL_221205_OG44_0174-b0884",1,"10:57","10:59","Pecked","fruit",6,437,"","","SP04-ARL_221205_OG44_0174-b0884-I0437","Birds","Cyanerpes_caeruleus","10:57","10:59","Cecropia_insignis",NA,NA,0.47434948,-79.19810902,339,"old-growth forest","old-growth forest",NA,55,"direct_obs","old-growth"
"393","OG44","SP04-ARL_221203_OG44_0172-p0273","SP04-ARL_221205_OG44_0174-b0873",1,"08:38","08:44","Pecked","fruit",6,429,"","","SP04-ARL_221205_OG44_0174-b0873-I0429","Birds","Tangara_palmeri","08:38","08:44","Cecropia_insignis",NA,NA,0.47434948,-79.19810902,339,"old-growth forest","old-growth forest",NA,55,"direct_obs","old-growth"
"394","OG44","SP04-ARL_221203_OG44_0172-p0273","SP04-ARL_221205_OG44_0174-b0870",2,"08:38","08:44","Pecked","fruit",8,427,"","","SP04-ARL_221205_OG44_0174-b0870-I0427","Birds","Tangara_johannae","08:38","08:44","Cecropia_insignis",NA,NA,0.47434948,-79.19810902,339,"old-growth forest","old-growth forest",NA,55,"direct_obs","old-growth"
"395","OG44","SP04-ARL_221203_OG44_0172-p0273","SP04-ARL_221205_OG44_0174-b0872",1,"08:38","08:44","Pecked","fruit",6,428,"","","SP04-ARL_221205_OG44_0174-b0872-I0428","Birds","Cyanerpes_caeruleus","08:38","08:44","Cecropia_insignis",NA,NA,0.47434948,-79.19810902,339,"old-growth forest","old-growth forest",NA,55,"direct_obs","old-growth"
"396","OG44","SP04-ARL_221203_OG44_0172-p0273","SP04-ARL_221205_OG44_0174-b0882",2,"10:57","10:59","Pecked","fruit",18,436,"","","SP04-ARL_221205_OG44_0174-b0882-I0436","Birds","Tangara_palmeri","10:57","10:59","Cecropia_insignis",NA,NA,0.47434948,-79.19810902,339,"old-growth forest","old-growth forest",NA,55,"direct_obs","old-growth"
"397","OG44","SP04-ARL_221203_OG44_0172-p0278","SP04-ARL_221205_OG44_0174-b0859",1,"07:14","07:16","Swallowed","fruit",3,419,"","","SP04-ARL_221205_OG44_0174-b0859-I0419","Birds","Lepidothrix_coronata","07:14","07:16","Tetrorchidium_andinum",NA,NA,0.47434948,-79.19810902,339,"old-growth forest","old-growth forest",NA,55,"direct_obs","old-growth"
"398","OG44","SP04-ARL_221203_OG44_0172-p0278","SP04-ARL_221203_OG44_0172-b0849",1,"09:47","09:47","Swallowed","fruit",2,412,"","","SP04-ARL_221203_OG44_0172-b0849-I0412","Birds","Lepidothrix_coronata","09:47","09:47","Tetrorchidium_andinum",NA,NA,0.47434948,-79.19810902,339,"old-growth forest","old-growth forest",NA,55,"direct_obs","old-growth"
"399","OG44","SP04-ARL_221203_OG44_0172-p0278","SP04-ARL_221205_OG44_0174-b0863",2,"07:14","07:16","Swallowed","fruit",4,422,"","","SP04-ARL_221205_OG44_0174-b0863-I0422","Birds","Tangara_johannae","07:14","07:16","Tetrorchidium_andinum",NA,NA,0.47434948,-79.19810902,339,"old-growth forest","old-growth forest",NA,55,"direct_obs","old-growth"
"400","OG44","SP04-ARL_221203_OG44_0172-p0278","SP04-ARL_221205_OG44_0174-b0857",2,"07:13","07:16","Swallowed","fruit",8,418,"","","SP04-ARL_221205_OG44_0174-b0857-I0418","Birds","Ceratopipra_mentalis","07:13","07:16","Tetrorchidium_andinum",NA,NA,0.47434948,-79.19810902,339,"old-growth forest","old-growth forest",NA,55,"direct_obs","old-growth"
"401","OG44","SP04-ARL_221203_OG44_0172-p0278","SP04-ARL_221205_OG44_0174-b0860",2,"07:14","07:16","Swallowed","fruit",5,420,"","","SP04-ARL_221205_OG44_0174-b0860-I0420","Birds","Chlorophanes_spiza","07:14","07:16","Tetrorchidium_andinum",NA,NA,0.47434948,-79.19810902,339,"old-growth forest","old-growth forest",NA,55,"direct_obs","old-growth"
"402","OG44","SP04-ARL_221203_OG44_0172-p0278","SP04-ARL_221203_OG44_0172-b0847",2,"09:47","09:47","Swallowed","fruit",4,411,"","","SP04-ARL_221203_OG44_0172-b0847-I0411","Birds","Chrysothlypis_salmoni","09:47","09:47","Tetrorchidium_andinum",NA,NA,0.47434948,-79.19810902,339,"old-growth forest","old-growth forest",NA,55,"direct_obs","old-growth"
"403","OG44","SP04-ARL_221203_OG44_0172-p0278","SP04-ARL_221205_OG44_0174-b0862",1,"07:14","07:16","Swallowed","fruit",4,421,"","","SP04-ARL_221205_OG44_0174-b0862-I0421","Birds","Tangara_lavinia","07:14","07:16","Tetrorchidium_andinum",NA,NA,0.47434948,-79.19810902,339,"old-growth forest","old-growth forest",NA,55,"direct_obs","old-growth"
"404","OG45","SP04-ARL_220412_OG45_0021-p0092","SP04-ARL_220412_OG45_0021-b0087",2,"08:30","08:57","Swallowed","fruit",3,63,"","","SP04-ARL_220412_OG45_0021-b0087-I0063","Primates","Cebus_capucinus","08:30","08:57","OG45-71","PREX",NA,0.47786124,-79.20347555,362,"old-growth forest","old-growth forest",NA,55,"direct_obs","old-growth"
"405","OG45","SP04-ARL_220412_OG45_0021-p0092","SP04-ARL_220412_OG45_0021-b0089",1,"09:47","10:06","Swallowed","fruit",1,64,"","","SP04-ARL_220412_OG45_0021-b0089-I0064","Birds","Patagioenas_subvinacea","09:47","10:06","OG45-71","PREX",NA,0.47786124,-79.20347555,362,"old-growth forest","old-growth forest",NA,55,"direct_obs","old-growth"
"406","OG45","SP04-ARL_220412_OG45_0021-p0092","SP04-ARL_220413_OG45_0022-b0090",4,"07:07","07:07","Swallowed","fruit",1,65,"","","SP04-ARL_220413_OG45_0022-b0090-I0065","Birds","Tachyphonus_delatrii","07:07","07:07","OG45-71","PREX",NA,0.47786124,-79.20347555,362,"old-growth forest","old-growth forest",NA,55,"direct_obs","old-growth"
"407","OG45","SP04-ARL_220412_OG45_0021-p0092","SP04-ARL_220413_OG45_0022-b0094",1,"07:10","07:15","Swallowed","fruit",1,66,"","","SP04-ARL_220413_OG45_0022-b0094-I0066","Birds","Patagioenas_subvinacea","07:10","07:15","OG45-71","PREX",NA,0.47786124,-79.20347555,362,"old-growth forest","old-growth forest",NA,55,"direct_obs","old-growth"
"408","OG45","SP04-ARL_220412_OG45_0021-p0092","SP04-ARL_220414_OG45_0023-b0103",1,"10:00","10:00","Swallowed","fruit",1,75,"","","SP04-ARL_220414_OG45_0023-b0103-I0075","Birds","Pteroglossus_torquatus","10:00","10:00","OG45-71","PREX",NA,0.47786124,-79.20347555,362,"old-growth forest","old-growth forest",NA,55,"direct_obs","old-growth"
"409","OG45","SP04-ARL_220412_OG45_0021-p0092","SP04-ARL_220414_OG45_0023-b0104",1,"10:11","10:11","Swallowed","fruit",1,76,"","","SP04-ARL_220414_OG45_0023-b0104-I0076","Birds","Pteroglossus_torquatus","10:11","10:11","OG45-71","PREX",NA,0.47786124,-79.20347555,362,"old-growth forest","old-growth forest",NA,55,"direct_obs","old-growth"
"410","OG45","SP04-ARL_220412_OG45_0021-p0092","SP04-ARL_220413_OG45_0022-b0096",3,"09:00","09:20","Swallowed","fruit",1,69,"","","SP04-ARL_220413_OG45_0022-b0096-I0069","Birds","Tachyphonus_delatrii","09:00","09:20","OG45-71","PREX",NA,0.47786124,-79.20347555,362,"old-growth forest","old-growth forest",NA,55,"direct_obs","old-growth"
"411","OG45","SP04-ARL_220412_OG45_0021-p0092","SP04-ARL_220413_OG45_0022-b0099",2,"","","Swallowed","fruit",1,70,"","","SP04-ARL_220413_OG45_0022-b0099-I0070","Birds","Patagioenas_goodsoni","","","OG45-71","PREX",NA,0.47786124,-79.20347555,362,"old-growth forest","old-growth forest",NA,55,"direct_obs","old-growth"
"412","OG45","SP04-ARL_220412_OG45_0021-p0093","SP04-ARL_220413_OG45_0022-b0095",1,"10:02","10:04","CarryAway","fruit",1,68,"","","SP04-ARL_220413_OG45_0022-b0095-I0068","Birds","Lipaugus_unirufus","10:02","10:04","Prestoea_ensiformis","PREX",NA,0.47786124,-79.20347555,362,"old-growth forest","old-growth forest",NA,55,"direct_obs","old-growth"
"413","OG45","SP04-ARL_220412_OG45_0021-p0093","SP04-ARL_220413_OG45_0022-b0095",1,"10:02","10:04","Swallowed","fruit",1,67,"","","SP04-ARL_220413_OG45_0022-b0095-I0067","Birds","Lipaugus_unirufus","10:02","10:04","Prestoea_ensiformis","PREX",NA,0.47786124,-79.20347555,362,"old-growth forest","old-growth forest",NA,55,"direct_obs","old-growth"
"414","OG45","SP04-ARL_220412_OG45_0021-p0093","SP04-ARL_220414_OG45_0023-b0102",1,"06:37","06:38","CarryAway","fruit",1,74,"","","SP04-ARL_220414_OG45_0023-b0102-I0074","Birds","Lipaugus_unirufus","06:37","06:38","Prestoea_ensiformis","PREX",NA,0.47786124,-79.20347555,362,"old-growth forest","old-growth forest",NA,55,"direct_obs","old-growth"
"415","OG45","SP04-ARL_220412_OG45_0021-p0093","SP04-ARL_220414_OG45_0023-b0102",1,"06:37","06:38","Swallowed","fruit",1,73,"","","SP04-ARL_220414_OG45_0023-b0102-I0073","Birds","Lipaugus_unirufus","06:37","06:38","Prestoea_ensiformis","PREX",NA,0.47786124,-79.20347555,362,"old-growth forest","old-growth forest",NA,55,"direct_obs","old-growth"
"416","OG45","SP04-ARL_220412_OG45_0021-p0093","SP04-ARL_220413_OG45_0022-b0101",1,"11:00","11:00","CarryAway","fruit",1,72,"","","SP04-ARL_220413_OG45_0022-b0101-I0072","Birds","Lipaugus_unirufus","11:00","11:00","Prestoea_ensiformis","PREX",NA,0.47786124,-79.20347555,362,"old-growth forest","old-growth forest",NA,55,"direct_obs","old-growth"
"417","OG45","SP04-ARL_220412_OG45_0021-p0093","SP04-ARL_220413_OG45_0022-b0101",1,"11:00","11:00","Swallowed","fruit",1,71,"","","SP04-ARL_220413_OG45_0022-b0101-I0071","Birds","Lipaugus_unirufus","11:00","11:00","Prestoea_ensiformis","PREX",NA,0.47786124,-79.20347555,362,"old-growth forest","old-growth forest",NA,55,"direct_obs","old-growth"
"418","OG46","SP04-ARL_221130_OG46_0169-p0279","SP04-ARL_221130_OG46_0169-b0824",3,"08:58","09:00","Swallowed","fruit",5,396,"","","SP04-ARL_221130_OG46_0169-b0824-I0396","Birds","Ramphastos_ambiguus","08:58","09:00","Brosimum_guianense","PREX",NA,0.47797846,-79.19469459,288,"old-growth forest","old-growth forest",NA,55,"direct_obs","old-growth"
"419","OG46","SP04-ARL_221130_OG46_0169-p0279","SP04-ARL_221202_OG46_0171-b0828",2,"07:58","07:59","Swallowed","fruit",1,398,"","","SP04-ARL_221202_OG46_0171-b0828-I0398","Birds","Trogon_comptus","07:58","07:58","Brosimum_guianense","PREX",NA,0.47797846,-79.19469459,288,"old-growth forest","old-growth forest",NA,55,"direct_obs","old-growth"
"420","OG46","SP04-ARL_221130_OG46_0169-p0282","SP04-ARL_221201_OG46_0170-b0827",1,"08:52","08:54","Swallowed","fruit",1,397,"","","SP04-ARL_221201_OG46_0170-b0827-I0397","Birds","Cephalopterus_penduliger","08:52","08:54","Protium_ecuadorense","PREX",NA,0.47797846,-79.19469459,288,"old-growth forest","old-growth forest",NA,55,"direct_obs","old-growth"
"421","OG47","SP04-ARL_221122_OG47_0126-p0261","SP04-ARL_221124_OG47_0128-b0820",2,"10:34","10:34","Pecked","fruit",2,394,"","","SP04-ARL_221124_OG47_0128-b0820-I0394","Birds","Patagioenas_goodsoni","10:34","10:34","Cecropia_insignis",NA,NA,0.48465799,-79.21398287,355,"old-growth forest","old-growth forest",NA,55,"direct_obs","old-growth"
"422","OG47","SP04-ARL_221122_OG47_0126-p0261","SP04-ARL_221124_OG47_0128-b0822",2,"10:56","10:58","Pecked","fruit",12,395,"","","SP04-ARL_221124_OG47_0128-b0822-I0395","Birds","Tachyphonus_delatrii","10:56","10:58","Cecropia_insignis",NA,NA,0.48465799,-79.21398287,355,"old-growth forest","old-growth forest",NA,55,"direct_obs","old-growth"
"423","OG47","SP04-ARL_221122_OG47_0126-p0263","SP04-ARL_221123_OG47_0127-b0816",2,"10:36","11:05","Swallowed","fruit",18,392,"","","SP04-ARL_221123_OG47_0127-b0816-I0392","Primates","Cebus_capucinus","10:36","11:05","Protium_ecuadorense",NA,NA,0.48465799,-79.21398287,355,"old-growth forest","old-growth forest",NA,55,"direct_obs","old-growth"
"424","OG47","SP04-ARL_221122_OG47_0126-p0263","SP04-ARL_221123_OG47_0127-b0818",2,"10:36","11:05","Swallowed","fruit",12,393,"","","SP04-ARL_221123_OG47_0127-b0818-I0393","Primates","Cebus_capucinus","10:36","11:05","Protium_ecuadorense",NA,NA,0.48465799,-79.21398287,355,"old-growth forest","old-growth forest",NA,55,"direct_obs","old-growth"
"425","OG48","SP04-ARL_220523_OG48_0063-p0101","SP04-ARL_220525_OG48_0065-b0314",4,"08:05","08:15","Swallowed","fruit",5,164,"","","SP04-ARL_220525_OG48_0065-b0314-I0164","Birds","Ramphastos_brevis","08:05","08:15","Brosimum_utile",NA,NA,0.53088989,-79.14462944,299,"old-growth forest","old-growth forest",NA,55,"direct_obs","old-growth"
"426","OG48","SP04-ARL_220523_OG48_0063-p0103","SP04-ARL_220524_OG48_0064-b0309",2,"08:47","08:49","Swallowed","fruit",2,161,"","","SP04-ARL_220524_OG48_0064-b0309-I0161","Birds","Lipaugus_unirufus","08:47","08:49","Prestoea_ensiformis",NA,NA,0.53088989,-79.14462944,299,"old-growth forest","old-growth forest",NA,55,"direct_obs","old-growth"
"427","OG48","SP04-ARL_220523_OG48_0063-p0103","SP04-ARL_220525_OG48_0065-b0318",1,"09:20","09:25","Swallowed","fruit",4,165,"","","SP04-ARL_220525_OG48_0065-b0318-I0165","Birds","Lipaugus_unirufus","09:20","09:25","Prestoea_ensiformis",NA,NA,0.53088989,-79.14462944,299,"old-growth forest","old-growth forest",NA,55,"direct_obs","old-growth"
"428","OG48","SP04-ARL_220523_OG48_0063-p0105","SP04-ARL_220524_OG48_0064-b0312",2,"10:47","10:48","Swallowed","fruit",3,163,"","","SP04-ARL_220524_OG48_0064-b0312-I0163","Birds","Tachyphonus_delatrii","10:47","10:48","Cecropia_hispidissima",NA,NA,0.53088989,-79.14462944,299,"old-growth forest","old-growth forest",NA,55,"direct_obs","old-growth"
"429","OG48","SP04-ARL_220523_OG48_0063-p0107","SP04-ARL_220524_OG48_0064-b0311",1,"09:57","10:20","Swallowed","fruit",3,162,"","","SP04-ARL_220524_OG48_0064-b0311-I0162","Birds","Patagioenas_subvinacea","09:57","10:20","Matisia_longipes",NA,NA,0.53088989,-79.14462944,299,"old-growth forest","old-growth forest",NA,55,"direct_obs","old-growth"
"430","OG49","SP04-ARL_221025_OG49_0108-p0162","SP04-ARL_221026_OG49_0109-b0497",6,"07:00","07:09","Swallowed","fruit",15,241,"","","SP04-ARL_221026_OG49_0109-b0497-I0241","Primates","Ateles_fusciceps","07:00","07:09","Pourouma_guianensis","PREX",NA,0.5315347,-79.14780642,310,"old-growth forest","old-growth forest",NA,55,"direct_obs","old-growth"
"431","OG49","SP04-ARL_221025_OG49_0108-p0162","SP04-ARL_221026_OG49_0109-b0503",8,"07:12","07:29","Swallowed","fruit",7,242,"","","SP04-ARL_221026_OG49_0109-b0503-I0242","Birds","Pyrilia_pulchra","07:12","07:29","Pourouma_guianensis","PREX",NA,0.5315347,-79.14780642,310,"old-growth forest","old-growth forest",NA,55,"direct_obs","old-growth"
"432","OG49","SP04-ARL_221025_OG49_0108-p0164","SP04-ARL_221026_OG49_0109-b0511",4,"10:17","10:17","Swallowed","fruit",1,243,"","","SP04-ARL_221026_OG49_0109-b0511-I0243","Birds","Tachyphonus_delatrii","10:17","10:17","Conostegia_'rosada'","PREX",NA,0.5315347,-79.14780642,310,"old-growth forest","old-growth forest",NA,55,"direct_obs","old-growth"
"433","OG49","SP04-ARL_221025_OG49_0108-p0165","SP04-ARL_221026_OG49_0109-b0511",4,"10:17","10:17","CarryAway","fruit",1,244,"","","SP04-ARL_221026_OG49_0109-b0511-I0244","Birds","Tachyphonus_delatrii","10:17","10:17","Miconia_sp3","PREX",NA,0.5315347,-79.14780642,310,"old-growth forest","old-growth forest",NA,55,"direct_obs","old-growth"
"434","OG49","SP04-ARL_221025_OG49_0108-p0168","SP04-ARL_221026_OG49_0109-b0515",6,"10:02","10:03","Swallowed","fruit",6,245,"","","SP04-ARL_221026_OG49_0109-b0515-I0245","Birds","Tachyphonus_delatrii","10:02","10:03","A-OG49002","PREX",NA,0.5315347,-79.14780642,310,"old-growth forest","old-growth forest",NA,55,"direct_obs","old-growth"
"435","OG50","SP04-ARL_220526_OG50_0066-p0110","SP04-ARL_220527_OG50_0067-b0321",4,"08:27","08:32","Swallowed","fruit",3,167,"","","SP04-ARL_220527_OG50_0067-b0321-I0167","Birds","Tachyphonus_delatrii","08:27","08:32","Prestoea_ensiformis",NA,NA,0.53403036,-79.14419137,316,"old-growth forest","old-growth forest",NA,55,"direct_obs","old-growth"
"436","OG50","SP04-ARL_220526_OG50_0066-p0115","SP04-ARL_220527_OG50_0067-b0319",2,"06:28","06:40","Swallowed","fruit",30,166,"","","SP04-ARL_220527_OG50_0067-b0319-I0166","Primates","Ateles_fusciceps","06:28","06:40","Hieronyma_alchorneoides",NA,NA,0.53403036,-79.14419137,316,"old-growth forest","old-growth forest",NA,55,"direct_obs","old-growth"
"437","OG50","SP04-ARL_220526_OG50_0066-p0115","SP04-ARL_220528_OG50_0068-b0330",2,"08:20","08:27","Swallowed","fruit",30,171,"","","SP04-ARL_220528_OG50_0068-b0330-I0171","Primates","Ateles_fusciceps","08:20","08:27","Hieronyma_alchorneoides",NA,NA,0.53403036,-79.14419137,316,"old-growth forest","old-growth forest",NA,55,"direct_obs","old-growth"
"438","OG50","SP04-ARL_220526_OG50_0066-p0115","SP04-ARL_220528_OG50_0068-b0325",1,"07:06","07:09","Swallowed","fruit",15,168,"","","SP04-ARL_220528_OG50_0068-b0325-I0168","Birds","Penelope_ortoni","07:06","07:09","Hieronyma_alchorneoides",NA,NA,0.53403036,-79.14419137,316,"old-growth forest","old-growth forest",NA,55,"direct_obs","old-growth"
"439","OG50","SP04-ARL_220526_OG50_0066-p0115","SP04-ARL_220528_OG50_0068-b0326",2,"07:10","07:20","Swallowed","fruit",50,169,"","","SP04-ARL_220528_OG50_0068-b0326-I0169","Primates","Ateles_fusciceps","07:10","07:20","Hieronyma_alchorneoides",NA,NA,0.53403036,-79.14419137,316,"old-growth forest","old-growth forest",NA,55,"direct_obs","old-growth"
"440","OG50","SP04-ARL_220526_OG50_0066-p0115","SP04-ARL_220528_OG50_0068-b0328",2,"07:26","07:36","Swallowed","fruit",50,170,"","","SP04-ARL_220528_OG50_0068-b0328-I0170","Primates","Ateles_fusciceps","07:26","07:36","Hieronyma_alchorneoides",NA,NA,0.53403036,-79.14419137,316,"old-growth forest","old-growth forest",NA,55,"direct_obs","old-growth"
"441","OG51","SP04-ARL_231010_OG51_0259-p0504","SP04-ARL_231011_OG51_0260-b1246",4,"10:44","10:46","Swalloweded","fruit",5,651,"","","SP04-ARL_231011_OG51_0260-b1246-I0651","Birds","Pteroglossus_torquatus","10:46","10:46","Pourouma_guianensis",NA,NA,0.55223173,-79.1374752,228,"old-growth forest","old-growth forest",NA,55,"direct_obs","old-growth"
"442","OG51","SP04-ARL_231010_OG51_0259-p0504","SP04-ARL_231011_OG51_0260-b1238",8,"10:00","10:05","Swalloweded","fruit",3,650,"","","SP04-ARL_231011_OG51_0260-b1238-I0650","Birds","Cacicus_cela","10:00","10:05","Pourouma_guianensis",NA,NA,0.55223173,-79.1374752,228,"old-growth forest","old-growth forest",NA,55,"direct_obs","old-growth"
"443","OG51","SP04-ARL_231010_OG51_0259-p0506","SP04-ARL_231010_OG51_0259-b1236",2,"09:02","09:05","Swalloweded","fruit",5,648,"","","SP04-ARL_231010_OG51_0259-b1236-I0648","Birds","Trogon_sp.","09:02","09:04","Brosimum_utile",NA,NA,0.55223173,-79.1374752,228,"old-growth forest","old-growth forest",NA,55,"direct_obs","old-growth"
"444","OG51","SP04-ARL_231010_OG51_0259-p0506","SP04-ARL_231011_OG51_0260-b1238",8,"10:00","10:05","Swalloweded","fruit",3,649,"","","SP04-ARL_231011_OG51_0260-b1238-I0649","Birds","Cacicus_cela","10:00","10:05","Brosimum_utile",NA,NA,0.55223173,-79.1374752,228,"old-growth forest","old-growth forest",NA,55,"direct_obs","old-growth"
"445","OG51","SP04-ARL_231010_OG51_0259-p0506","SP04-ARL_231012_OG51_0261-b1254",1,"09:37","09:53","Swalloweded","fruit",5,654,"","","SP04-ARL_231012_OG51_0261-b1254-I0654","Primates","Alouatta_palliata","09:37","09:53","Brosimum_utile",NA,NA,0.55223173,-79.1374752,228,"old-growth forest","old-growth forest",NA,55,"direct_obs","old-growth"
"446","OG51","SP04-ARL_231010_OG51_0259-p0506","SP04-ARL_231011_OG51_0260-b1246",4,"10:46","10:48","Swalloweded","fruit",8,652,"","","SP04-ARL_231011_OG51_0260-b1246-I0652","Birds","Pteroglossus_torquatus","10:46","10:46","Brosimum_utile",NA,NA,0.55223173,-79.1374752,228,"old-growth forest","old-growth forest",NA,55,"direct_obs","old-growth"
"447","OG51","SP04-ARL_231010_OG51_0259-p0517","SP04-ARL_231012_OG51_0261-b1250",4,"08:20","08:20","Swalloweded","fruit",3,653,"","","SP04-ARL_231012_OG51_0261-b1250-I0653","Birds","Tachyphonus_delatrii","08:20","08:20","Miconia_'alargada tres venas abajo'",NA,NA,0.55223173,-79.1374752,228,"old-growth forest","old-growth forest",NA,55,"direct_obs","old-growth"
"448","OG52","SP04-ARL_231013_OG52_0262-p0525","SP04-ARL_231013_OG52_0262-b1257",1,"07:36","07:06","Swalloweded","fruit",1,656,"","","SP04-ARL_231013_OG52_0262-b1257-I0656","Birds","Ramphastos_ambiguus","07:36","07:36","Brosimum_utile","PREX",NA,0.54567888,-79.13756064,225,"old-growth forest","old-growth forest",NA,55,"direct_obs","old-growth"
"449","OG52","SP04-ARL_231013_OG52_0262-p0574","SP04-ARL_231013_OG52_0262-b1255",2,"06:58","06:58","Swalloweded","fruit",4,655,"","","SP04-ARL_231013_OG52_0262-b1255-I0655","Birds","Tachyphonus_delatrii","06:58","06:58","Miconia 'alargada tres venas abajo'","PREX",NA,0.54567888,-79.13756064,225,"old-growth forest","old-growth forest",NA,55,"direct_obs","old-growth"
"450","PA53","SP04-ARL_231016_PA53_0265-p0589","SP04-ARL_231016_PA53_0265-b1258",1,"08:14","08:14","CarriedAway","fruit",1,657,"","","SP04-ARL_231016_PA53_0265-b1258-I0657","Birds","Sporophila_corvina","08:14","08:14","A-CR1303",NA,NA,0.49585202,-79.20737699,510,"active pasture","active pasture",NA,0,"direct_obs","pasture"
"451","PA53","SP04-ARL_231016_PA53_0265-p0589","SP04-ARL_231016_PA53_0265-b1259",3,"09:36","09:38","Swalloweded","fruit",4,658,"","","SP04-ARL_231016_PA53_0265-b1259-I0658","Birds","Dacnis_cayana","09:36","09:38","A-CR1303",NA,NA,0.49585202,-79.20737699,510,"active pasture","active pasture",NA,0,"direct_obs","pasture"
"452","PA53","SP04-ARL_231016_PA53_0265-p0589","SP04-ARL_231021_PA53_0267-b1262",2,"06:36","06:38","Swalloweded","fruit",6,659,"","","SP04-ARL_231021_PA53_0267-b1262-I0659","Birds","Tangara_gyrola","06:36","06:38","A-CR1303",NA,NA,0.49585202,-79.20737699,510,"active pasture","active pasture",NA,0,"direct_obs","pasture"
"453","PA53","SP04-ARL_231016_PA53_0265-p0589","SP04-ARL_231021_PA53_0267-b1264",2,"07:19","07:21","Swalloweded","fruit",5,660,"","","SP04-ARL_231021_PA53_0267-b1264-I0660","Birds","Tangara_cyanicollis","07:19","07:21","A-CR1303",NA,NA,0.49585202,-79.20737699,510,"active pasture","active pasture",NA,0,"direct_obs","pasture"
"454","PA53","SP04-ARL_231016_PA53_0265-p0589","SP04-ARL_231021_PA53_0267-b1266",2,"07:35","07:36","Swalloweded","fruit",3,661,"","","SP04-ARL_231021_PA53_0267-b1266-I0661","Birds","Tangara_larvata","07:35","07:36","A-CR1303",NA,NA,0.49585202,-79.20737699,510,"active pasture","active pasture",NA,0,"direct_obs","pasture"
"455","PA53","SP04-ARL_231016_PA53_0265-p0589","SP04-ARL_231021_PA53_0267-b1268",2,"07:35","07:36","Swalloweded","fruit",4,662,"","","SP04-ARL_231021_PA53_0267-b1268-I0662","Birds","Saltator_maximus","07:35","07:36","A-CR1303",NA,NA,0.49585202,-79.20737699,510,"active pasture","active pasture",NA,0,"direct_obs","pasture"
"456","PA53","SP04-ARL_231016_PA53_0265-p0589","SP04-ARL_231021_PA53_0267-b1270",1,"07:38","07:39","Swalloweded","fruit",3,663,"","","SP04-ARL_231021_PA53_0267-b1270-I0663","Birds","Sporophila_corvina","07:38","07:39","A-CR1303",NA,NA,0.49585202,-79.20737699,510,"active pasture","active pasture",NA,0,"direct_obs","pasture"
"457","PA53","SP04-ARL_231016_PA53_0265-p0589","SP04-ARL_231021_PA53_0267-b1271",2,"07:41","07:42","Swalloweded","fruit",3,664,"","","SP04-ARL_231021_PA53_0267-b1271-I0664","Birds","Tangara_lavinia","07:41","07:42","A-CR1303",NA,NA,0.49585202,-79.20737699,510,"active pasture","active pasture",NA,0,"direct_obs","pasture"
"458","PA53","SP04-ARL_231016_PA53_0265-p0589","SP04-ARL_231021_PA53_0267-b1273",1,"07:42","07:43","Swalloweded","fruit",3,665,"","","SP04-ARL_231021_PA53_0267-b1273-I0665","Birds","Sporophila_corvina","07:42","07:43","A-CR1303",NA,NA,0.49585202,-79.20737699,510,"active pasture","active pasture",NA,0,"direct_obs","pasture"
"459","PA53","SP04-ARL_231016_PA53_0265-p0589","SP04-ARL_231021_PA53_0267-b1274",1,"07:42","07:43","Swalloweded","fruit",3,666,"","","SP04-ARL_231021_PA53_0267-b1274-I0666","Birds","Manacus_manacus","07:42","07:43","A-CR1303",NA,NA,0.49585202,-79.20737699,510,"active pasture","active pasture",NA,0,"direct_obs","pasture"
"460","PA53","SP04-ARL_231016_PA53_0265-p0589","SP04-ARL_231021_PA53_0267-b1275",1,"08:04","08:04","Swalloweded","fruit",1,667,"","","SP04-ARL_231021_PA53_0267-b1275-I0667","Birds","Tangara_lavinia","08:04","08:04","A-CR1303",NA,NA,0.49585202,-79.20737699,510,"active pasture","active pasture",NA,0,"direct_obs","pasture"
"461","PA53","SP04-ARL_231016_PA53_0265-p0589","SP04-ARL_231021_PA53_0267-b1276",12,"08:12","08:15","Swalloweded","fruit",8,668,"","","SP04-ARL_231021_PA53_0267-b1276-I0668","Birds","Tachyphonus_delatrii","08:12","08:15","A-CR1303",NA,NA,0.49585202,-79.20737699,510,"active pasture","active pasture",NA,0,"direct_obs","pasture"
"462","PA53","SP04-ARL_231016_PA53_0265-p0589","SP04-ARL_231021_PA53_0267-b1289",1,"08:26","08:27","Swalloweded","fruit",4,669,"","","SP04-ARL_231021_PA53_0267-b1289-I0669","Birds","Thraupis_palmarum","08:26","08:27","A-CR1303",NA,NA,0.49585202,-79.20737699,510,"active pasture","active pasture",NA,0,"direct_obs","pasture"
"463","PA53","SP04-ARL_231016_PA53_0265-p0589","SP04-ARL_231021_PA53_0267-b1290",2,"08:32","08:33","Swalloweded","fruit",3,670,"","","SP04-ARL_231021_PA53_0267-b1290-I0670","Birds","Tangara_larvata","08:32","08:33","A-CR1303",NA,NA,0.49585202,-79.20737699,510,"active pasture","active pasture",NA,0,"direct_obs","pasture"
"464","PA56","SP04-ARL_221008_PA56_0092-p0131","SP04-ARL_221009_PA56_0093-b0367",2,"10:38","10:43","Swallowed","fruit",15,185,"","","SP04-ARL_221009_PA56_0093-b0367-I0185","Birds","Dacnis_cayana","10:38","10:43","A-PA5601",NA,NA,0.511023,-79.228523,430,"active pasture","active pasture",NA,0,"direct_obs","pasture"
"465","PA56","SP04-ARL_221008_PA56_0092-p0131","SP04-ARL_221009_PA56_0093-b0369",1,"10:53","10:56","Swallowed","fruit",8,186,"","","SP04-ARL_221009_PA56_0093-b0369-I0186","Birds","Dacnis_cayana","10:53","10:56","A-PA5601",NA,NA,0.511023,-79.228523,430,"active pasture","active pasture",NA,0,"direct_obs","pasture"
"466","PA56","SP04-ARL_221008_PA56_0092-p0133","SP04-ARL_221010_PA56_0094-b0370",2,"10:45","10:48","Swallowed","fruit",10,187,"","","SP04-ARL_221010_PA56_0094-b0370-I0187","Birds","Ramphocelus_flammigerus","10:45","10:48","A-PA5603",NA,NA,0.511023,-79.228523,430,"active pasture","active pasture",NA,0,"direct_obs","pasture"
"467","PR19","SP04-ARL_230413_PR19_0193-p0354","SP04-ARL_230413_PR19_0193-b1057",1,"07:54","07:54","Swallowed","fruit",6,548,"","","SP04-ARL_230413_PR19_0193-b1057-I0548","Birds","Manacus_manacus","07:54","07:54","Conostegia_superba","PREX",NA,0.55271929,-79.17482117,177,"pasture regeneration","pasture regeneration early",2017,6,"direct_obs","pasture"
"468","PR19","SP04-ARL_230413_PR19_0193-p0354","SP04-ARL_230413_PR19_0193-b1058",1,"09:04","09:04","Swallowed","fruit",4,549,"","","SP04-ARL_230413_PR19_0193-b1058-I0549","Birds","Manacus_manacus","09:04","09:04","Conostegia_superba","PREX",NA,0.55271929,-79.17482117,177,"pasture regeneration","pasture regeneration early",2017,6,"direct_obs","pasture"
"469","PR19","SP04-ARL_230413_PR19_0193-p0354","SP04-ARL_230413_PR19_0193-b1059",1,"09:34","09:34","Swallowed","fruit",1,550,"","","SP04-ARL_230413_PR19_0193-b1059-I0550","Birds","Manacus_manacus","09:34","09:34","Conostegia_superba","PREX",NA,0.55271929,-79.17482117,177,"pasture regeneration","pasture regeneration early",2017,6,"direct_obs","pasture"
"470","PR19","SP04-ARL_230413_PR19_0193-p0354","SP04-ARL_230415_PR19_0195-b1060",1,"06:58","06:59","Swallowed","fruit",4,551,"","","SP04-ARL_230415_PR19_0195-b1060-I0551","Birds","Manacus_manacus","06:58","06:59","Conostegia_superba","PREX",NA,0.55271929,-79.17482117,177,"pasture regeneration","pasture regeneration early",2017,6,"direct_obs","pasture"
"471","PR19","SP04-ARL_230413_PR19_0193-p0354","SP04-ARL_230415_PR19_0195-b1061",1,"07:15","07:15","Swallowed","fruit",3,552,"","","SP04-ARL_230415_PR19_0195-b1061-I0552","Birds","Manacus_manacus","07:15","07:15","Conostegia_superba","PREX",NA,0.55271929,-79.17482117,177,"pasture regeneration","pasture regeneration early",2017,6,"direct_obs","pasture"
"472","PR19","SP04-ARL_230413_PR19_0193-p0354","SP04-ARL_230415_PR19_0195-b1062",1,"07:29","07:29","Swallowed","fruit",2,553,"","","SP04-ARL_230415_PR19_0195-b1062-I0553","Birds","Manacus_manacus","07:29","07:29","Conostegia_superba","PREX",NA,0.55271929,-79.17482117,177,"pasture regeneration","pasture regeneration early",2017,6,"direct_obs","pasture"
"473","PR19","SP04-ARL_230413_PR19_0193-p0354","SP04-ARL_230415_PR19_0195-b1063",1,"08:38","08:29","Swallowed","fruit",5,554,"","","SP04-ARL_230415_PR19_0195-b1063-I0554","Birds","Manacus_manacus","08:38","08:39","Conostegia_superba","PREX",NA,0.55271929,-79.17482117,177,"pasture regeneration","pasture regeneration early",2017,6,"direct_obs","pasture"
"474","PR19","SP04-ARL_230413_PR19_0193-p0354","SP04-ARL_230415_PR19_0195-b1064",1,"09:21","09:21","Swallowed","fruit",3,555,"","","SP04-ARL_230415_PR19_0195-b1064-I0555","Birds","Manacus_manacus","09:21","09:21","Conostegia_superba","PREX",NA,0.55271929,-79.17482117,177,"pasture regeneration","pasture regeneration early",2017,6,"direct_obs","pasture"
"475","PR21","SP04-ARL_220504_PR21_0045-p0057","SP04-ARL_220504_PR21_0045-b0224",4,"","","Swallowed","fruit",3,121,"","","SP04-ARL_220504_PR21_0045-b0224-I0121","Birds","Euphonia_xanthogaster","","","Licania_glauca","PREX",NA,0.50802424,-79.18995397,560,"pasture regeneration","pasture regeneration late",1987,36,"direct_obs","pasture"
"476","PR21","SP04-ARL_220504_PR21_0045-p0057","SP04-ARL_220506_PR21_0047-b0252",1,"10:40","10:40","Swallowed","fruit",4,134,"","","SP04-ARL_220506_PR21_0047-b0252-I0134","Birds","Euphonia_xanthogaster","10:40","10:40","Licania_glauca","PREX",NA,0.50802424,-79.18995397,560,"pasture regeneration","pasture regeneration late",1987,36,"direct_obs","pasture"
"477","PR21","SP04-ARL_220504_PR21_0045-p0057","SP04-ARL_220506_PR21_0047-b0257",1,"10:59","11:01","Swallowed","fruit",2,137,"","","SP04-ARL_220506_PR21_0047-b0257-I0137","Birds","Lipaugus_unirufus","10:59","11:01","Licania_glauca","PREX",NA,0.50802424,-79.18995397,560,"pasture regeneration","pasture regeneration late",1987,36,"direct_obs","pasture"
"478","PR21","SP04-ARL_220504_PR21_0045-p0057","SP04-ARL_220506_PR21_0047-b0263",1,"11:25","11:38","Swallowed","fruit",1,141,"","","SP04-ARL_220506_PR21_0047-b0263-I0141","Birds","Dacnis_cayana","11:25","11:38","Licania_glauca","PREX",NA,0.50802424,-79.18995397,560,"pasture regeneration","pasture regeneration late",1987,36,"direct_obs","pasture"
"479","PR21","SP04-ARL_220504_PR21_0045-p0057","SP04-ARL_220505_PR21_0046-b0234",3,"08:22","08:46","Swallowed","fruit",50,125,"","","SP04-ARL_220505_PR21_0046-b0234-I0125","Primates","Cebus_capucinus","08:22","08:46","Licania_glauca","PREX",NA,0.50802424,-79.18995397,560,"pasture regeneration","pasture regeneration late",1987,36,"direct_obs","pasture"
"480","PR21","SP04-ARL_220504_PR21_0045-p0059","SP04-ARL_220505_PR21_0046-b0232",1,"08:16","08:20","Dropped","seed",19,123,"","rever interacao","SP04-ARL_220505_PR21_0046-b0232-I0123","Primates","Cebus_capucinus","08:16","08:20","Wettinia_quinaria","PREX",NA,0.50802424,-79.18995397,560,"pasture regeneration","pasture regeneration late",1987,36,"direct_obs","pasture"
"481","PR21","SP04-ARL_220504_PR21_0045-p0059","SP04-ARL_220505_PR21_0046-b0233",1,"08:21","08:22","Dropped","seed",8,124,"","","SP04-ARL_220505_PR21_0046-b0233-I0124","Primates","Cebus_capucinus","08:21","08:22","Wettinia_quinaria","PREX",NA,0.50802424,-79.18995397,560,"pasture regeneration","pasture regeneration late",1987,36,"direct_obs","pasture"
"482","PR21","SP04-ARL_220504_PR21_0045-p0060","SP04-ARL_220504_PR21_0045-b0218",4,"","","Swallowed","fruit",4,119,"","","SP04-ARL_220504_PR21_0045-b0218-I0119","Birds","Euphonia_xanthogaster","","","Tabebuia_rosea","PREX",NA,0.50802424,-79.18995397,560,"pasture regeneration","pasture regeneration late",1987,36,"direct_obs","pasture"
"483","PR21","SP04-ARL_220504_PR21_0045-p0060","SP04-ARL_220504_PR21_0045-b0222",2,"","","Swallowed","fruit",4,120,"","","SP04-ARL_220504_PR21_0045-b0222-I0120","Birds","Tangara_florida","","","Tabebuia_rosea","PREX",NA,0.50802424,-79.18995397,560,"pasture regeneration","pasture regeneration late",1987,36,"direct_obs","pasture"
"484","PR21","SP04-ARL_220504_PR21_0045-p0060","SP04-ARL_220506_PR21_0047-b0258",2,"11:15","11:22","Dropped","fruit",1,139,"","","SP04-ARL_220506_PR21_0047-b0258-I0139","Birds","Euphonia_xanthogaster","11:15","11:22","Tabebuia_rosea","PREX",NA,0.50802424,-79.18995397,560,"pasture regeneration","pasture regeneration late",1987,36,"direct_obs","pasture"
"485","PR21","SP04-ARL_220504_PR21_0045-p0060","SP04-ARL_220506_PR21_0047-b0253",2,"10:49","10:49","Swallowed","fruit",3,135,"","","SP04-ARL_220506_PR21_0047-b0253-I0135","Birds","Euphonia_xanthogaster","10:49","10:49","Tabebuia_rosea","PREX",NA,0.50802424,-79.18995397,560,"pasture regeneration","pasture regeneration late",1987,36,"direct_obs","pasture"
"486","PR21","SP04-ARL_220504_PR21_0045-p0060","SP04-ARL_220506_PR21_0047-b0255",2,"10:57","11:02","Swallowed","fruit",7,136,"","","SP04-ARL_220506_PR21_0047-b0255-I0136","Birds","Euphonia_xanthogaster","10:57","11:02","Tabebuia_rosea","PREX",NA,0.50802424,-79.18995397,560,"pasture regeneration","pasture regeneration late",1987,36,"direct_obs","pasture"
"487","PR21","SP04-ARL_220504_PR21_0045-p0060","SP04-ARL_220505_PR21_0046-b0241",2,"10:51","10:53","Swallowed","fruit",4,128,"","","SP04-ARL_220505_PR21_0046-b0241-I0128","Birds","Euphonia_xanthogaster","10:51","10:53","Tabebuia_rosea","PREX",NA,0.50802424,-79.18995397,560,"pasture regeneration","pasture regeneration late",1987,36,"direct_obs","pasture"
"488","PR21","SP04-ARL_220504_PR21_0045-p0060","SP04-ARL_220505_PR21_0046-b0243",2,"10:51","10:53","Swallowed","fruit",4,129,"","","SP04-ARL_220505_PR21_0046-b0243-I0129","Birds","Tangara_florida","10:51","10:53","Tabebuia_rosea","PREX",NA,0.50802424,-79.18995397,560,"pasture regeneration","pasture regeneration late",1987,36,"direct_obs","pasture"
"489","PR21","SP04-ARL_220504_PR21_0045-p0060","SP04-ARL_220506_PR21_0047-b0258",1,"11:15","11:22","Swallowed","fruit",11,138,"","","SP04-ARL_220506_PR21_0047-b0258-I0138","Birds","Euphonia_xanthogaster","11:15","11:22","Tabebuia_rosea","PREX",NA,0.50802424,-79.18995397,560,"pasture regeneration","pasture regeneration late",1987,36,"direct_obs","pasture"
"490","PR21","SP04-ARL_220504_PR21_0045-p0060","SP04-ARL_220505_PR21_0046-b0239",2,"07:50","07:55","CarryAway","fruit",1,127,"","","SP04-ARL_220505_PR21_0046-b0239-I0127","Birds","Lipaugus_unirufus","07:50","07:55","Tabebuia_rosea","PREX",NA,0.50802424,-79.18995397,560,"pasture regeneration","pasture regeneration late",1987,36,"direct_obs","pasture"
"491","PR21","SP04-ARL_220504_PR21_0045-p0060","SP04-ARL_220506_PR21_0047-b0249",2,"08:20","08:24","Swallowed","fruit",4,132,"","","SP04-ARL_220506_PR21_0047-b0249-I0132","Birds","Euphonia_saturata","08:20","08:24","Tabebuia_rosea","PREX",NA,0.50802424,-79.18995397,560,"pasture regeneration","pasture regeneration late",1987,36,"direct_obs","pasture"
"492","PR21","SP04-ARL_220504_PR21_0045-p0060","SP04-ARL_220506_PR21_0047-b0251",1,"10:37","10:37","Swallowed","fruit",3,133,"","","SP04-ARL_220506_PR21_0047-b0251-I0133","Birds","Euphonia_xanthogaster","10:37","10:37","Tabebuia_rosea","PREX",NA,0.50802424,-79.18995397,560,"pasture regeneration","pasture regeneration late",1987,36,"direct_obs","pasture"
"493","PR21","SP04-ARL_220504_PR21_0045-p0060","SP04-ARL_220506_PR21_0047-b0267",1,"11:25","11:38","Swallowed","fruit",1,142,"","","SP04-ARL_220506_PR21_0047-b0267-I0142","Birds","Lipaugus_unirufus","11:25","11:38","Tabebuia_rosea","PREX",NA,0.50802424,-79.18995397,560,"pasture regeneration","pasture regeneration late",1987,36,"direct_obs","pasture"
"494","PR21","SP04-ARL_220504_PR21_0045-p0060","SP04-ARL_220506_PR21_0047-b0259",1,"11:25","11:38","Swallowed","fruit",5,140,"","","SP04-ARL_220506_PR21_0047-b0259-I0140","Birds","Tangara_florida","11:25","11:38","Tabebuia_rosea","PREX",NA,0.50802424,-79.18995397,560,"pasture regeneration","pasture regeneration late",1987,36,"direct_obs","pasture"
"495","PR21","SP04-ARL_220504_PR21_0045-p0062","SP04-ARL_220505_PR21_0046-b0247",2,"10:46","10:51","Swallowed","fruit",3,131,"","","SP04-ARL_220505_PR21_0046-b0247-I0131","Birds","Tangara_florida","10:46","10:51","Turpinia_occidentalis","PREX",NA,0.50802424,-79.18995397,560,"pasture regeneration","pasture regeneration late",1987,36,"direct_obs","pasture"
"496","PR21","SP04-ARL_220504_PR21_0045-p0062","SP04-ARL_220505_PR21_0046-b0226",6,"08:08","08:22","Swallowed","fruit",5,122,"","","SP04-ARL_220505_PR21_0046-b0226-I0122","Primates","Cebus_capucinus","08:08","08:22","Turpinia_occidentalis","PREX",NA,0.50802424,-79.18995397,560,"pasture regeneration","pasture regeneration late",1987,36,"direct_obs","pasture"
"497","PR21","SP04-ARL_220504_PR21_0045-p0062","SP04-ARL_220505_PR21_0046-b0237",2,"08:34","08:39","Swallowed","fruit",2,126,"","","SP04-ARL_220505_PR21_0046-b0237-I0126","Primates","Cebus_capucinus","08:34","08:39","Turpinia_occidentalis","PREX",NA,0.50802424,-79.18995397,560,"pasture regeneration","pasture regeneration late",1987,36,"direct_obs","pasture"
"498","PR21","SP04-ARL_220504_PR21_0045-p0062","SP04-ARL_220505_PR21_0046-b0245",2,"10:46","10:51","Swallowed","fruit",3,130,"","","SP04-ARL_220505_PR21_0046-b0245-I0130","Birds","Euphonia_xanthogaster","10:46","10:51","Turpinia_occidentalis","PREX",NA,0.50802424,-79.18995397,560,"pasture regeneration","pasture regeneration late",1987,36,"direct_obs","pasture"
"499","PR22","SP04-ARL_230329_PR22_0181-p0331","SP04-ARL_230329_PR22_0181-b0937",1,"06:27","06:34","Swallowed","fruit",6,477,"","","SP04-ARL_230329_PR22_0181-b0937-I0477","Birds","Manacus_manacus","06:27","06:34","Miconia_oraria","PREX",NA,0.50939341,-79.20450746,400,"pasture regeneration","pasture regeneration early",2011,12,"direct_obs","pasture"
"500","PR22","SP04-ARL_230329_PR22_0181-p0331","SP04-ARL_230329_PR22_0181-b0938",2,"06:39","06:48","Swallowed","fruit",6,478,"","","SP04-ARL_230329_PR22_0181-b0938-I0478","Birds","Ramphocelus_flammigerus","06:39","06:48","Miconia_oraria","PREX",NA,0.50939341,-79.20450746,400,"pasture regeneration","pasture regeneration early",2011,12,"direct_obs","pasture"
"501","PR22","SP04-ARL_230329_PR22_0181-p0331","SP04-ARL_230329_PR22_0181-b0940",2,"07:18","07:20","Swallowed","fruit",3,479,"","","SP04-ARL_230329_PR22_0181-b0940-I0479","Birds","Thraupis_episcopus","07:18","07:20","Miconia_oraria","PREX",NA,0.50939341,-79.20450746,400,"pasture regeneration","pasture regeneration early",2011,12,"direct_obs","pasture"
"502","PR22","SP04-ARL_230329_PR22_0181-p0331","SP04-ARL_230329_PR22_0181-b0942",1,"07:32","07:34","CarryAway","fruit",2,481,"","","SP04-ARL_230329_PR22_0181-b0942-I0481","Birds","Saltator_coerulescens","07:32","07:34","Miconia_oraria","PREX",NA,0.50939341,-79.20450746,400,"pasture regeneration","pasture regeneration early",2011,12,"direct_obs","pasture"
"503","PR22","SP04-ARL_230329_PR22_0181-p0331","SP04-ARL_230329_PR22_0181-b0942",1,"07:32","07:34","Swallowed","fruit",4,480,"","","SP04-ARL_230329_PR22_0181-b0942-I0480","Birds","Saltator_coerulescens","07:32","07:34","Miconia_oraria","PREX",NA,0.50939341,-79.20450746,400,"pasture regeneration","pasture regeneration early",2011,12,"direct_obs","pasture"
"504","PR22","SP04-ARL_230329_PR22_0181-p0331","SP04-ARL_230329_PR22_0181-b0943",1,"07:32","07:34","Swallowed","fruit",4,482,"","","SP04-ARL_230329_PR22_0181-b0943-I0482","Birds","Myiozetetes_cayanensis","07:32","07:34","Miconia_oraria","PREX",NA,0.50939341,-79.20450746,400,"pasture regeneration","pasture regeneration early",2011,12,"direct_obs","pasture"
"505","PR22","SP04-ARL_230329_PR22_0181-p0331","SP04-ARL_230329_PR22_0181-b0943",1,"07:32","07:34","CarryAway","fruit",2,483,"","","SP04-ARL_230329_PR22_0181-b0943-I0483","Birds","Myiozetetes_cayanensis","07:32","07:34","Miconia_oraria","PREX",NA,0.50939341,-79.20450746,400,"pasture regeneration","pasture regeneration early",2011,12,"direct_obs","pasture"
"506","PR22","SP04-ARL_230329_PR22_0181-p0331","SP04-ARL_230329_PR22_0181-b0944",3,"08:18","08:18","CarryAway","fruit",1,484,"","","SP04-ARL_230329_PR22_0181-b0944-I0484","Birds","Saltator_coerulescens","08:18","08:18","Miconia_oraria","PREX",NA,0.50939341,-79.20450746,400,"pasture regeneration","pasture regeneration early",2011,12,"direct_obs","pasture"
"507","PR22","SP04-ARL_230329_PR22_0181-p0331","SP04-ARL_230329_PR22_0181-b0947",1,"08:26","08:28","Swallowed","fruit",2,485,"","","SP04-ARL_230329_PR22_0181-b0947-I0485","Birds","Saltator_coerulescens","08:26","08:28","Miconia_oraria","PREX",NA,0.50939341,-79.20450746,400,"pasture regeneration","pasture regeneration early",2011,12,"direct_obs","pasture"
"508","PR22","SP04-ARL_230329_PR22_0181-p0331","SP04-ARL_230329_PR22_0181-b0948",2,"08:26","08:28","Dropped","fruit",1,486,"","","SP04-ARL_230329_PR22_0181-b0948-I0486","Birds","Tangara_gyrola","08:26","08:28","Miconia_oraria","PREX",NA,0.50939341,-79.20450746,400,"pasture regeneration","pasture regeneration early",2011,12,"direct_obs","pasture"
"509","PR22","SP04-ARL_230329_PR22_0181-p0331","SP04-ARL_230329_PR22_0181-b0948",2,"08:26","08:28","Pecked","fruit",2,487,"","","SP04-ARL_230329_PR22_0181-b0948-I0487","Birds","Tangara_gyrola","08:26","08:28","Miconia_oraria","PREX",NA,0.50939341,-79.20450746,400,"pasture regeneration","pasture regeneration early",2011,12,"direct_obs","pasture"
"510","PR22","SP04-ARL_230329_PR22_0181-p0331","SP04-ARL_230329_PR22_0181-b0950",1,"09:03","09:03","Swallowed","fruit",2,488,"","","SP04-ARL_230329_PR22_0181-b0950-I0488","Birds","Manacus_manacus","09:03","09:03","Miconia_oraria","PREX",NA,0.50939341,-79.20450746,400,"pasture regeneration","pasture regeneration early",2011,12,"direct_obs","pasture"
"511","PR22","SP04-ARL_230329_PR22_0181-p0331","SP04-ARL_230329_PR22_0181-b0951",1,"09:06","09:06","Swallowed","fruit",2,489,"","","SP04-ARL_230329_PR22_0181-b0951-I0489","Birds","Myiozetetes_cayanensis","09:06","09:06","Miconia_oraria","PREX",NA,0.50939341,-79.20450746,400,"pasture regeneration","pasture regeneration early",2011,12,"direct_obs","pasture"
"512","PR22","SP04-ARL_230329_PR22_0181-p0331","SP04-ARL_230329_PR22_0181-b0952",3,"09:56","09:58","Swallowed","fruit",2,490,"","","SP04-ARL_230329_PR22_0181-b0952-I0490","Birds","Tangara_gyrola","09:56","09:58","Miconia_oraria","PREX",NA,0.50939341,-79.20450746,400,"pasture regeneration","pasture regeneration early",2011,12,"direct_obs","pasture"
"513","PR22","SP04-ARL_230329_PR22_0181-p0331","SP04-ARL_230329_PR22_0181-b0955",2,"10:15","10:22","Swallowed","fruit",3,491,"","","SP04-ARL_230329_PR22_0181-b0955-I0491","Birds","Tangara_gyrola","10:15","10:22","Miconia_oraria","PREX",NA,0.50939341,-79.20450746,400,"pasture regeneration","pasture regeneration early",2011,12,"direct_obs","pasture"
"514","PR22","SP04-ARL_230329_PR22_0181-p0331","SP04-ARL_230329_PR22_0181-b0957",1,"10:15","10:22","Swallowed","fruit",3,492,"","","SP04-ARL_230329_PR22_0181-b0957-I0492","Birds","Capito_squamatus","10:15","10:22","Miconia_oraria","PREX",NA,0.50939341,-79.20450746,400,"pasture regeneration","pasture regeneration early",2011,12,"direct_obs","pasture"
"515","PR22","SP04-ARL_230329_PR22_0181-p0331","SP04-ARL_230329_PR22_0181-b0958",1,"10:17","10:22","Swallowed","fruit",1,493,"","","SP04-ARL_230329_PR22_0181-b0958-I0493","Birds","Saltator_coerulescens","10:17","10:22","Miconia_oraria","PREX",NA,0.50939341,-79.20450746,400,"pasture regeneration","pasture regeneration early",2011,12,"direct_obs","pasture"
"516","PR22","SP04-ARL_230329_PR22_0181-p0331","SP04-ARL_230329_PR22_0181-b0959",3,"10:23","10:28","Swallowed","fruit",4,494,"","","SP04-ARL_230329_PR22_0181-b0959-I0494","Birds","Tangara_larvata","10:23","10:28","Miconia_oraria","PREX",NA,0.50939341,-79.20450746,400,"pasture regeneration","pasture regeneration early",2011,12,"direct_obs","pasture"
"517","PR22","SP04-ARL_230329_PR22_0181-p0331","SP04-ARL_230329_PR22_0181-b0962",2,"10:29","10:29","Swallowed","fruit",1,495,"","","SP04-ARL_230329_PR22_0181-b0962-I0495","Birds","Manacus_manacus","10:29","10:29","Miconia_oraria","PREX",NA,0.50939341,-79.20450746,400,"pasture regeneration","pasture regeneration early",2011,12,"direct_obs","pasture"
"518","PR22","SP04-ARL_230329_PR22_0181-p0331","SP04-ARL_230330_PR22_0182-b0964",1,"06:20","06:20","Swallowed","fruit",6,496,"","","SP04-ARL_230330_PR22_0182-b0964-I0496","Birds","Pteroglossus_torquatus","06:20","06:20","Miconia_oraria","PREX",NA,0.50939341,-79.20450746,400,"pasture regeneration","pasture regeneration early",2011,12,"direct_obs","pasture"
"519","PR22","SP04-ARL_230329_PR22_0181-p0331","SP04-ARL_230330_PR22_0182-b0965",1,"06:30","06:39","Swallowed","fruit",3,497,"","","SP04-ARL_230330_PR22_0182-b0965-I0497","Birds","Manacus_manacus","06:30","06:39","Miconia_oraria","PREX",NA,0.50939341,-79.20450746,400,"pasture regeneration","pasture regeneration early",2011,12,"direct_obs","pasture"
"520","PR22","SP04-ARL_230329_PR22_0181-p0331","SP04-ARL_230330_PR22_0182-b0966",2,"06:41","06:45","Swallowed","fruit",3,499,"","","SP04-ARL_230330_PR22_0182-b0966-I0499","Birds","Saltator_coerulescens","06:41","06:45","Miconia_oraria","PREX",NA,0.50939341,-79.20450746,400,"pasture regeneration","pasture regeneration early",2011,12,"direct_obs","pasture"
"521","PR22","SP04-ARL_230329_PR22_0181-p0331","SP04-ARL_230330_PR22_0182-b0966",2,"06:41","06:45","CarryAway","fruit",1,498,"","","SP04-ARL_230330_PR22_0182-b0966-I0498","Birds","Saltator_coerulescens","06:41","06:45","Miconia_oraria","PREX",NA,0.50939341,-79.20450746,400,"pasture regeneration","pasture regeneration early",2011,12,"direct_obs","pasture"
"522","PR22","SP04-ARL_230329_PR22_0181-p0331","SP04-ARL_230330_PR22_0182-b0968",1,"06:49","06:50","Swallowed","fruit",3,500,"","","SP04-ARL_230330_PR22_0182-b0968-I0500","Birds","Manacus_manacus","06:49","06:50","Miconia_oraria","PREX",NA,0.50939341,-79.20450746,400,"pasture regeneration","pasture regeneration early",2011,12,"direct_obs","pasture"
"523","PR22","SP04-ARL_230329_PR22_0181-p0331","SP04-ARL_230330_PR22_0182-b0969",2,"07:19","07:19","CarryAway","fruit",3,501,"","","SP04-ARL_230330_PR22_0182-b0969-I0501","Birds","Myiozetetes_cayanensis","07:19","07:19","Miconia_oraria","PREX",NA,0.50939341,-79.20450746,400,"pasture regeneration","pasture regeneration early",2011,12,"direct_obs","pasture"
"524","PR22","SP04-ARL_230329_PR22_0181-p0331","SP04-ARL_230330_PR22_0182-b0971",3,"07:27","07:30","Swallowed","fruit",4,502,"","","SP04-ARL_230330_PR22_0182-b0971-I0502","Birds","Ramphocelus_flammigerus","07:27","07:30","Miconia_oraria","PREX",NA,0.50939341,-79.20450746,400,"pasture regeneration","pasture regeneration early",2011,12,"direct_obs","pasture"
"525","PR22","SP04-ARL_230329_PR22_0181-p0331","SP04-ARL_230330_PR22_0182-b0974",4,"07:35","07:36","Swallowed","fruit",8,503,"","","SP04-ARL_230330_PR22_0182-b0974-I0503","Birds","Tachyphonus_delatrii","07:35","07:36","Miconia_oraria","PREX",NA,0.50939341,-79.20450746,400,"pasture regeneration","pasture regeneration early",2011,12,"direct_obs","pasture"
"526","PR22","SP04-ARL_230329_PR22_0181-p0331","SP04-ARL_230330_PR22_0182-b0978",1,"07:40","07:42","CarryAway","fruit",1,504,"","","SP04-ARL_230330_PR22_0182-b0978-I0504","Birds","Saltator_coerulescens","07:40","07:42","Miconia_oraria","PREX",NA,0.50939341,-79.20450746,400,"pasture regeneration","pasture regeneration early",2011,12,"direct_obs","pasture"
"527","PR22","SP04-ARL_230329_PR22_0181-p0331","SP04-ARL_230330_PR22_0182-b0979",1,"08:16","08:18","Pecked","fruit",3,505,"","","SP04-ARL_230330_PR22_0182-b0979-I0505","Birds","Manacus_manacus","08:16","08:18","Miconia_oraria","PREX",NA,0.50939341,-79.20450746,400,"pasture regeneration","pasture regeneration early",2011,12,"direct_obs","pasture"
"528","PR22","SP04-ARL_230329_PR22_0181-p0331","SP04-ARL_230330_PR22_0182-b0980",2,"08:58","08:59","Pecked","fruit",6,506,"","","SP04-ARL_230330_PR22_0182-b0980-I0506","Birds","Tangara_larvata","08:58","08:59","Miconia_oraria","PREX",NA,0.50939341,-79.20450746,400,"pasture regeneration","pasture regeneration early",2011,12,"direct_obs","pasture"
"529","PR22","SP04-ARL_230329_PR22_0181-p0331","SP04-ARL_230330_PR22_0182-b0982",4,"10:22","10:24","Pecked","fruit",4,507,"","","SP04-ARL_230330_PR22_0182-b0982-I0507","Birds","Tangara_cyanicollis","10:22","10:24","Miconia_oraria","PREX",NA,0.50939341,-79.20450746,400,"pasture regeneration","pasture regeneration early",2011,12,"direct_obs","pasture"
"530","PR22","SP04-ARL_230329_PR22_0181-p0331","SP04-ARL_230330_PR22_0182-b0986",1,"10:22","10:24","Swallowed","fruit",2,508,"","","SP04-ARL_230330_PR22_0182-b0986-I0508","Birds","Manacus_manacus","10:22","10:24","Miconia_oraria","PREX",NA,0.50939341,-79.20450746,400,"pasture regeneration","pasture regeneration early",2011,12,"direct_obs","pasture"
"531","PR22","SP04-ARL_230329_PR22_0181-p0331","SP04-ARL_230330_PR22_0182-b0987",1,"10:40","10:42","Pecked","fruit",3,509,"","","SP04-ARL_230330_PR22_0182-b0987-I0509","Birds","Ramphocelus_flammigerus","10:40","10:42","Miconia_oraria","PREX",NA,0.50939341,-79.20450746,400,"pasture regeneration","pasture regeneration early",2011,12,"direct_obs","pasture"
"532","PR22","SP04-ARL_230329_PR22_0181-p0331","SP04-ARL_230330_PR22_0182-b0988",1,"10:45","10:53","Pecked","fruit",1,510,"","","SP04-ARL_230330_PR22_0182-b0988-I0510","Birds","Manacus_manacus","10:45","10:53","Miconia_oraria","PREX",NA,0.50939341,-79.20450746,400,"pasture regeneration","pasture regeneration early",2011,12,"direct_obs","pasture"
"533","PR22","SP04-ARL_230329_PR22_0181-p0331","SP04-ARL_230330_PR22_0182-b0989",4,"10:55","10:57","Swallowed","fruit",6,511,"","","SP04-ARL_230330_PR22_0182-b0989-I0511","Birds","Tangara_gyrola","10:55","10:57","Miconia_oraria","PREX",NA,0.50939341,-79.20450746,400,"pasture regeneration","pasture regeneration early",2011,12,"direct_obs","pasture"
"534","PR22","SP04-ARL_230329_PR22_0181-p0331","SP04-ARL_230330_PR22_0182-b0993",1,"10:45","10:53","Pecked","fruit",1,512,"","","SP04-ARL_230330_PR22_0182-b0993-I0512","Birds","Saltator_coerulescens","10:45","10:53","Miconia_oraria","PREX",NA,0.50939341,-79.20450746,400,"pasture regeneration","pasture regeneration early",2011,12,"direct_obs","pasture"
"535","PR22","SP04-ARL_230329_PR22_0181-p0331","SP04-ARL_230331_PR22_0183-b0994",2,"06:49","06:49","Pecked","fruit",3,513,"","","SP04-ARL_230331_PR22_0183-b0994-I0513","Birds","Thraupis_episcopus","06:49","06:49","Miconia_oraria","PREX",NA,0.50939341,-79.20450746,400,"pasture regeneration","pasture regeneration early",2011,12,"direct_obs","pasture"
"536","PR22","SP04-ARL_230329_PR22_0181-p0331","SP04-ARL_230331_PR22_0183-b0994",2,"06:49","06:49","Dropped","fruit",1,514,"","","SP04-ARL_230331_PR22_0183-b0994-I0514","Birds","Thraupis_episcopus","06:49","06:49","Miconia_oraria","PREX",NA,0.50939341,-79.20450746,400,"pasture regeneration","pasture regeneration early",2011,12,"direct_obs","pasture"
"537","PR22","SP04-ARL_230329_PR22_0181-p0331","SP04-ARL_230331_PR22_0183-b0996",2,"07:02","07:08","Pecked","fruit",2,515,"","","SP04-ARL_230331_PR22_0183-b0996-I0515","Birds","Myiozetetes_cayanensis","07:02","07:08","Miconia_oraria","PREX",NA,0.50939341,-79.20450746,400,"pasture regeneration","pasture regeneration early",2011,12,"direct_obs","pasture"
"538","PR22","SP04-ARL_230329_PR22_0181-p0331","SP04-ARL_230331_PR22_0183-b0998",2,"07:03","07:03","Swallowed","fruit",2,516,"","","SP04-ARL_230331_PR22_0183-b0998-I0516","Birds","Myiozetetes_cayanensis","07:03","07:03","Miconia_oraria","PREX",NA,0.50939341,-79.20450746,400,"pasture regeneration","pasture regeneration early",2011,12,"direct_obs","pasture"
"539","PR22","SP04-ARL_230329_PR22_0181-p0331","SP04-ARL_230331_PR22_0183-b0999",2,"07:20","07:28","Pecked","fruit",6,517,"","","SP04-ARL_230331_PR22_0183-b0999-I0517","Birds","Myiozetetes_cayanensis","07:20","07:28","Miconia_oraria","PREX",NA,0.50939341,-79.20450746,400,"pasture regeneration","pasture regeneration early",2011,12,"direct_obs","pasture"
"540","PR22","SP04-ARL_230329_PR22_0181-p0331","SP04-ARL_230331_PR22_0183-b0999",2,"07:20","07:28","CarryAway","fruit",3,518,"","","SP04-ARL_230331_PR22_0183-b0999-I0518","Birds","Myiozetetes_cayanensis","07:20","07:28","Miconia_oraria","PREX",NA,0.50939341,-79.20450746,400,"pasture regeneration","pasture regeneration early",2011,12,"direct_obs","pasture"
"541","PR22","SP04-ARL_230329_PR22_0181-p0331","SP04-ARL_230331_PR22_0183-b1001",2,"07:52","07:53","Swallowed","fruit",2,519,"","","SP04-ARL_230331_PR22_0183-b1001-I0519","Birds","Myiozetetes_cayanensis","07:52","07:53","Miconia_oraria","PREX",NA,0.50939341,-79.20450746,400,"pasture regeneration","pasture regeneration early",2011,12,"direct_obs","pasture"
"542","PR22","SP04-ARL_230329_PR22_0181-p0331","SP04-ARL_230331_PR22_0183-b1003",1,"07:52","07:53","Swallowed","fruit",1,521,"","","SP04-ARL_230331_PR22_0183-b1003-I0521","Birds","Thraupis_episcopus","07:52","07:53","Miconia_oraria","PREX",NA,0.50939341,-79.20450746,400,"pasture regeneration","pasture regeneration early",2011,12,"direct_obs","pasture"
"543","PR22","SP04-ARL_230329_PR22_0181-p0331","SP04-ARL_230331_PR22_0183-b1003",1,"07:52","07:53","Pecked","fruit",3,520,"","","SP04-ARL_230331_PR22_0183-b1003-I0520","Birds","Thraupis_episcopus","07:52","07:53","Miconia_oraria","PREX",NA,0.50939341,-79.20450746,400,"pasture regeneration","pasture regeneration early",2011,12,"direct_obs","pasture"
"544","PR22","SP04-ARL_230329_PR22_0181-p0331","SP04-ARL_230331_PR22_0183-b1004",5,"08:12","08:20","Swallowed","fruit",15,522,"","","SP04-ARL_230331_PR22_0183-b1004-I0522","Primates","Cebus_capucinus","08:12","08:20","Miconia_oraria","PREX",NA,0.50939341,-79.20450746,400,"pasture regeneration","pasture regeneration early",2011,12,"direct_obs","pasture"
"545","PR22","SP04-ARL_230329_PR22_0181-p0331","SP04-ARL_230331_PR22_0183-b1009",1,"09:02","09:02","Pecked","fruit",6,523,"","","SP04-ARL_230331_PR22_0183-b1009-I0523","Birds","Ramphocelus_flammigerus","09:02","09:02","Miconia_oraria","PREX",NA,0.50939341,-79.20450746,400,"pasture regeneration","pasture regeneration early",2011,12,"direct_obs","pasture"
"546","PR22","SP04-ARL_230329_PR22_0181-p0331","SP04-ARL_230331_PR22_0183-b1009",1,"09:02","09:02","Swallowed","fruit",1,524,"","","SP04-ARL_230331_PR22_0183-b1009-I0524","Birds","Ramphocelus_flammigerus","09:02","09:02","Miconia_oraria","PREX",NA,0.50939341,-79.20450746,400,"pasture regeneration","pasture regeneration early",2011,12,"direct_obs","pasture"
"547","PR22","SP04-ARL_230329_PR22_0181-p0331","SP04-ARL_230331_PR22_0183-b1010",3,"09:07","09:07","Swallowed","fruit",4,525,"","","SP04-ARL_230331_PR22_0183-b1010-I0525","Birds","Thraupis_episcopus","09:07","09:07","Miconia_oraria","PREX",NA,0.50939341,-79.20450746,400,"pasture regeneration","pasture regeneration early",2011,12,"direct_obs","pasture"
"548","PR22","SP04-ARL_230329_PR22_0181-p0331","SP04-ARL_230331_PR22_0183-b1013",2,"09:14","09:15","CarryAway","fruit",2,526,"","","SP04-ARL_230331_PR22_0183-b1013-I0526","Birds","Tachyphonus_delatrii","09:14","09:15","Miconia_oraria","PREX",NA,0.50939341,-79.20450746,400,"pasture regeneration","pasture regeneration early",2011,12,"direct_obs","pasture"
"549","PR22","SP04-ARL_230329_PR22_0181-p0331","SP04-ARL_230331_PR22_0183-b1013",2,"09:14","09:15","Swallowed","fruit",1,527,"","","SP04-ARL_230331_PR22_0183-b1013-I0527","Birds","Tachyphonus_delatrii","09:14","09:15","Miconia_oraria","PREX",NA,0.50939341,-79.20450746,400,"pasture regeneration","pasture regeneration early",2011,12,"direct_obs","pasture"
"550","PR22","SP04-ARL_230329_PR22_0181-p0331","SP04-ARL_230331_PR22_0183-b1015",2,"09:22","09:23","Pecked","fruit",4,528,"","","SP04-ARL_230331_PR22_0183-b1015-I0528","Birds","Manacus_manacus","09:22","09:23","Miconia_oraria","PREX",NA,0.50939341,-79.20450746,400,"pasture regeneration","pasture regeneration early",2011,12,"direct_obs","pasture"
"551","PR22","SP04-ARL_230329_PR22_0181-p0331","SP04-ARL_230331_PR22_0183-b1017",1,"09:26","09:28","Swallowed","fruit",1,530,"","","SP04-ARL_230331_PR22_0183-b1017-I0530","Birds","Manacus_manacus","09:26","09:28","Miconia_oraria","PREX",NA,0.50939341,-79.20450746,400,"pasture regeneration","pasture regeneration early",2011,12,"direct_obs","pasture"
"552","PR22","SP04-ARL_230329_PR22_0181-p0331","SP04-ARL_230331_PR22_0183-b1017",1,"09:26","09:28","Pecked","fruit",4,529,"","","SP04-ARL_230331_PR22_0183-b1017-I0529","Birds","Manacus_manacus","09:26","09:28","Miconia_oraria","PREX",NA,0.50939341,-79.20450746,400,"pasture regeneration","pasture regeneration early",2011,12,"direct_obs","pasture"
"553","PR22","SP04-ARL_230329_PR22_0181-p0331","SP04-ARL_230331_PR22_0183-b1018",2,"09:34","09:36","Pecked","fruit",4,531,"","","SP04-ARL_230331_PR22_0183-b1018-I0531","Birds","Tangara_gyrola","09:34","09:36","Miconia_oraria","PREX",NA,0.50939341,-79.20450746,400,"pasture regeneration","pasture regeneration early",2011,12,"direct_obs","pasture"
"554","PR22","SP04-ARL_230329_PR22_0181-p0331","SP04-ARL_230331_PR22_0183-b1020",3,"09:39","09:41","Pecked","fruit",4,532,"","","SP04-ARL_230331_PR22_0183-b1020-I0532","Birds","Pteroglossus_torquatus","09:39","09:41","Miconia_oraria","PREX",NA,0.50939341,-79.20450746,400,"pasture regeneration","pasture regeneration early",2011,12,"direct_obs","pasture"
"555","PR22","SP04-ARL_230329_PR22_0181-p0331","SP04-ARL_230331_PR22_0183-b1023",1,"09:52","09:53","Swallowed","fruit",8,533,"","","SP04-ARL_230331_PR22_0183-b1023-I0533","Birds","Thraupis_episcopus","09:52","09:53","Miconia_oraria","PREX",NA,0.50939341,-79.20450746,400,"pasture regeneration","pasture regeneration early",2011,12,"direct_obs","pasture"
"556","PR22","SP04-ARL_230329_PR22_0181-p0331","SP04-ARL_230331_PR22_0183-b1024",1,"10:13","10:14","Swallowed","fruit",1,534,"","","SP04-ARL_230331_PR22_0183-b1024-I0534","Birds","Mitrospingus_cassinii","10:13","10:14","Miconia_oraria","PREX",NA,0.50939341,-79.20450746,400,"pasture regeneration","pasture regeneration early",2011,12,"direct_obs","pasture"
"557","PR22","SP04-ARL_230329_PR22_0181-p0331","SP04-ARL_230331_PR22_0183-b1025",2,"10:22","10:24","Swallowed","fruit",3,535,"","","SP04-ARL_230331_PR22_0183-b1025-I0535","Birds","Querula_purpurata","10:22","10:24","Miconia_oraria","PREX",NA,0.50939341,-79.20450746,400,"pasture regeneration","pasture regeneration early",2011,12,"direct_obs","pasture"
"558","PR22","SP04-ARL_230329_PR22_0181-p0331","SP04-ARL_230331_PR22_0183-b1027",2,"10:28","10:32","Swallowed","fruit",4,536,"","","SP04-ARL_230331_PR22_0183-b1027-I0536","Birds","Saltator_coerulescens","10:28","10:32","Miconia_oraria","PREX",NA,0.50939341,-79.20450746,400,"pasture regeneration","pasture regeneration early",2011,12,"direct_obs","pasture"
"559","PR23","SP04-ARL_220325_PR23_0001-p0002","SP04-ARL_220326_PR23_0002-b0011",1,"09:38","09:38","Swallowed","fruit",1,8,"first data collection","","SP04-ARL_220326_PR23_0002-b0011-I0008","Birds","Euphonia_laniirostris","09:38","09:38","Hieronyma_alchorneoides","PREX",NA,0.5107801,-79.23206464,415,"pasture regeneration","pasture regeneration early",2022,1,"direct_obs","pasture"
"560","PR23","SP04-ARL_220325_PR23_0001-p0002","SP04-ARL_220326_PR23_0002-b0012",1,"09:40","09:41","Swallowed","fruit",1,9,"first data collection","","SP04-ARL_220326_PR23_0002-b0012-I0009","Birds","Euphonia_laniirostris","09:40","09:41","Hieronyma_alchorneoides","PREX",NA,0.5107801,-79.23206464,415,"pasture regeneration","pasture regeneration early",2022,1,"direct_obs","pasture"
"561","PR23","SP04-ARL_220325_PR23_0001-p0002","SP04-ARL_220327_PR23_0003-b0023",1,"07:50","07:51","Swallowed","fruit",1,15,"first data collection","","SP04-ARL_220327_PR23_0003-b0023-I0015","Birds","Euphonia_laniirostris","07:50","07:51","Hieronyma_alchorneoides","PREX",NA,0.5107801,-79.23206464,415,"pasture regeneration","pasture regeneration early",2022,1,"direct_obs","pasture"
"562","PR24","SP04-ARL_220403_PR24_0009-p0015","SP04-ARL_220403_PR24_0009-b0031",1,"08:40","08:47","Swallowed","fruit",1,23,"first data collection","","SP04-ARL_220403_PR24_0009-b0031-I0023","Birds","Tachyphonus_delatrii","08:40","08:47","Banara_guianensis",NA,NA,0.52082042,-79.21365335,381,"pasture regeneration","pasture regeneration late",2002,21,"direct_obs","pasture"
"563","PR24","SP04-ARL_220403_PR24_0009-p0015","SP04-ARL_220405_PR24_0011-b0043",4,"06:35","06:38","Swallowed","fruit",1,32,"","","SP04-ARL_220405_PR24_0011-b0043-I0032","Birds","Tachyphonus_delatrii","06:35","06:38","Banara_guianensis",NA,NA,0.52082042,-79.21365335,381,"pasture regeneration","pasture regeneration late",2002,21,"direct_obs","pasture"
"564","PR24","SP04-ARL_220403_PR24_0009-p0016","SP04-ARL_220403_PR24_0009-b0036",1,"10:00","10:30","Swallowed","fruit",1,25,"first data collection","","SP04-ARL_220403_PR24_0009-b0036-I0025","Birds","Patagioenas_goodsoni","10:00","10:30","Banara_guianensis",NA,NA,0.52082042,-79.21365335,381,"pasture regeneration","pasture regeneration late",2002,21,"direct_obs","pasture"
"565","PR24","SP04-ARL_220403_PR24_0009-p0016","SP04-ARL_220404_PR24_0010-b0038",1,"10:47","10:49","Swallowed","fruit",1,27,"first data collection","","SP04-ARL_220404_PR24_0010-b0038-I0027","Birds","Manacus_manacus","10:47","10:49","Banara_guianensis",NA,NA,0.52082042,-79.21365335,381,"pasture regeneration","pasture regeneration late",2002,21,"direct_obs","pasture"
"566","PR24","SP04-ARL_220403_PR24_0009-p0016","SP04-ARL_220403_PR24_0009-b0035",1,"10:00","10:30","Swallowed","fruit",1,24,"first data collection","","SP04-ARL_220403_PR24_0009-b0035-I0024","Birds","Patagioenas_goodsoni","10:00","10:30","Banara_guianensis",NA,NA,0.52082042,-79.21365335,381,"pasture regeneration","pasture regeneration late",2002,21,"direct_obs","pasture"
"567","PR24","SP04-ARL_220403_PR24_0009-p0016","SP04-ARL_220404_PR24_0010-b0040",1,"10:18","10:53","Swallowed","fruit",1,29,"first data collection","","SP04-ARL_220404_PR24_0010-b0040-I0029","Birds","Patagioenas_goodsoni","10:18","10:53","Banara_guianensis",NA,NA,0.52082042,-79.21365335,381,"pasture regeneration","pasture regeneration late",2002,21,"direct_obs","pasture"
"568","PR24","SP04-ARL_220403_PR24_0009-p0016","SP04-ARL_220405_PR24_0011-b0042",1,"06:39","06:39","Swallowed","fruit",1,31,"first data collection","","SP04-ARL_220405_PR24_0011-b0042-I0031","Birds","Patagioenas_subvinacea","06:39","06:39","Banara_guianensis",NA,NA,0.52082042,-79.21365335,381,"pasture regeneration","pasture regeneration late",2002,21,"direct_obs","pasture"
"569","PR24","SP04-ARL_220403_PR24_0009-p0016","SP04-ARL_220404_PR24_0010-b0039",1,"10:18","10:53","Swallowed","fruit",1,28,"first data collection","","SP04-ARL_220404_PR24_0010-b0039-I0028","Birds","Patagioenas_goodsoni","10:18","10:53","Banara_guianensis",NA,NA,0.52082042,-79.21365335,381,"pasture regeneration","pasture regeneration late",2002,21,"direct_obs","pasture"
"570","PR24","SP04-ARL_220403_PR24_0009-p0016","SP04-ARL_220405_PR24_0011-b0047",1,"08:40","09:40","Swallowed","fruit",1,33,"","","SP04-ARL_220405_PR24_0011-b0047-I0033","Birds","Patagioenas_subvinacea","08:40","09:40","Banara_guianensis",NA,NA,0.52082042,-79.21365335,381,"pasture regeneration","pasture regeneration late",2002,21,"direct_obs","pasture"
"571","PR24","SP04-ARL_220403_PR24_0009-p0017","SP04-ARL_220404_PR24_0010-b0037",1,"08:35","08:38","Swallowed","fruit",1,26,"first data collection","","SP04-ARL_220404_PR24_0010-b0037-I0026","Birds","Manacus_manacus","08:35","08:38","Banara_guianensis",NA,NA,0.52082042,-79.21365335,381,"pasture regeneration","pasture regeneration late",2002,21,"direct_obs","pasture"
"572","PR24","SP04-ARL_220403_PR24_0009-p0017","SP04-ARL_220404_PR24_0010-b0041",1,"06:57","06:58","Swallowed","fruit",1,30,"first data collection","","SP04-ARL_220404_PR24_0010-b0041-I0030","Birds","Ramphastos_brevis","06:57","06:58","Banara_guianensis",NA,NA,0.52082042,-79.21365335,381,"pasture regeneration","pasture regeneration late",2002,21,"direct_obs","pasture"
"573","PR25","SP04-ARL_231028_PR25_0285-p0635","SP04-ARL_231028_PR25_0285-b1352",1,"06:39","06:40","Pecked","fruit",5,709,"","","SP04-ARL_231028_PR25_0285-b1352-I0709","Birds","Thraupis_episcopus","06:39","06:40","Cecropia_hispidissima",NA,NA,0.49555762,-79.17642012,544,"pasture regeneration","pasture regeneration early",2017,6,"direct_obs","pasture"
"574","PR25","SP04-ARL_231028_PR25_0285-p0635","SP04-ARL_231028_PR25_0285-b1353",1,"06:56","07:00","Pecked","fruit",6,710,"","","SP04-ARL_231028_PR25_0285-b1353-I0710","Birds","Thraupis_episcopus","06:56","07:00","Cecropia_hispidissima",NA,NA,0.49555762,-79.17642012,544,"pasture regeneration","pasture regeneration early",2017,6,"direct_obs","pasture"
"575","PR25","SP04-ARL_231028_PR25_0285-p0635","SP04-ARL_231028_PR25_0285-b1354",1,"06:56","07:00","Pecked","fruit",12,711,"","","SP04-ARL_231028_PR25_0285-b1354-I0711","Birds","Thraupis_palmarum","06:56","07:00","Cecropia_hispidissima",NA,NA,0.49555762,-79.17642012,544,"pasture regeneration","pasture regeneration early",2017,6,"direct_obs","pasture"
"576","PR25","SP04-ARL_231028_PR25_0285-p0635","SP04-ARL_231028_PR25_0285-b1358",3,"07:28","07:29","Pecked","fruit",3,713,"","","SP04-ARL_231028_PR25_0285-b1358-I0713","Birds","Thraupis_episcopus","07:28","07:29","Cecropia_hispidissima",NA,NA,0.49555762,-79.17642012,544,"pasture regeneration","pasture regeneration early",2017,6,"direct_obs","pasture"
"577","PR25","SP04-ARL_231028_PR25_0285-p0635","SP04-ARL_231028_PR25_0285-b1361",1,"08:01","08:01","Pecked","fruit",1,714,"","","SP04-ARL_231028_PR25_0285-b1361-I0714","Birds","Tangara_palmeri","08:01","08:01","Cecropia_hispidissima",NA,NA,0.49555762,-79.17642012,544,"pasture regeneration","pasture regeneration early",2017,6,"direct_obs","pasture"
"578","PR25","SP04-ARL_231028_PR25_0285-p0635","SP04-ARL_231029_PR25_0286-b1368",3,"06:12","06:20","Pecked","fruit",12,719,"","","SP04-ARL_231029_PR25_0286-b1368-I0719","Birds","Myiobius_barbatus","06:12","06:20","Cecropia_hispidissima",NA,NA,0.49555762,-79.17642012,544,"pasture regeneration","pasture regeneration early",2017,6,"direct_obs","pasture"
"579","PR25","SP04-ARL_231028_PR25_0285-p0635","SP04-ARL_231028_PR25_0285-b1355",3,"07:00","07:02","Pecked","fruit",3,712,"","","SP04-ARL_231028_PR25_0285-b1355-I0712","Birds","Dacnis_venusta","07:00","07:02","Cecropia_hispidissima",NA,NA,0.49555762,-79.17642012,544,"pasture regeneration","pasture regeneration early",2017,6,"direct_obs","pasture"
"580","PR25","SP04-ARL_231028_PR25_0285-p0635","SP04-ARL_231028_PR25_0285-b1349",3,"06:08","06:09","Pecked","fruit",8,708,"","","SP04-ARL_231028_PR25_0285-b1349-I0708","Birds","Myiobius_barbatus","06:08","06:09","Cecropia_hispidissima",NA,NA,0.49555762,-79.17642012,544,"pasture regeneration","pasture regeneration early",2017,6,"direct_obs","pasture"
"581","PR25","SP04-ARL_231028_PR25_0285-p0635","SP04-ARL_231030_PR25_0287-b1374",2,"05:58","06:04","Pecked","fruit",6,722,"","","SP04-ARL_231030_PR25_0287-b1374-I0722","Birds","Thraupis_episcopus","05:58","06:04","Cecropia_hispidissima",NA,NA,0.49555762,-79.17642012,544,"pasture regeneration","pasture regeneration early",2017,6,"direct_obs","pasture"
"582","PR25","SP04-ARL_231028_PR25_0285-p0635","SP04-ARL_231030_PR25_0287-b1376",1,"05:58","06:04","Pecked","fruit",8,723,"","","SP04-ARL_231030_PR25_0287-b1376-I0723","Birds","Thraupis_palmarum","05:58","06:04","Cecropia_hispidissima",NA,NA,0.49555762,-79.17642012,544,"pasture regeneration","pasture regeneration early",2017,6,"direct_obs","pasture"
"583","PR25","SP04-ARL_231028_PR25_0285-p0635","SP04-ARL_231030_PR25_0287-b1377",2,"05:58","06:04","Pecked","fruit",2,724,"","","SP04-ARL_231030_PR25_0287-b1377-I0724","Birds","Saltator_maximus","05:58","06:04","Cecropia_hispidissima",NA,NA,0.49555762,-79.17642012,544,"pasture regeneration","pasture regeneration early",2017,6,"direct_obs","pasture"
"584","PR25","SP04-ARL_231028_PR25_0285-p0635","SP04-ARL_231030_PR25_0287-b1379",3,"05:58","06:04","Pecked","fruit",10,725,"","","SP04-ARL_231030_PR25_0287-b1379-I0725","Birds","Myiobius_barbatus","05:58","06:04","Cecropia_hispidissima",NA,NA,0.49555762,-79.17642012,544,"pasture regeneration","pasture regeneration early",2017,6,"direct_obs","pasture"
"585","PR25","SP04-ARL_231028_PR25_0285-p0635","SP04-ARL_231030_PR25_0287-b1382",2,"06:00","06:02","Pecked","fruit",6,726,"","","SP04-ARL_231030_PR25_0287-b1382-I0726","Birds","Dacnis_venusta","06:00","06:02","Cecropia_hispidissima",NA,NA,0.49555762,-79.17642012,544,"pasture regeneration","pasture regeneration early",2017,6,"direct_obs","pasture"
"586","PR25","SP04-ARL_231028_PR25_0285-p0635","SP04-ARL_231030_PR25_0287-b1384",2,"06:15","06:16","Pecked","fruit",4,727,"","","SP04-ARL_231030_PR25_0287-b1384-I0727","Birds","Dacnis_venusta","06:15","06:16","Cecropia_hispidissima",NA,NA,0.49555762,-79.17642012,544,"pasture regeneration","pasture regeneration early",2017,6,"direct_obs","pasture"
"587","PR25","SP04-ARL_231028_PR25_0285-p0635","SP04-ARL_231028_PR25_0285-b1362",2,"08:26","08:27","Pecked","fruit",8,715,"","","SP04-ARL_231028_PR25_0285-b1362-I0715","Birds","Thraupis_episcopus","08:26","08:26","Cecropia_hispidissima",NA,NA,0.49555762,-79.17642012,544,"pasture regeneration","pasture regeneration early",2017,6,"direct_obs","pasture"
"588","PR25","SP04-ARL_231028_PR25_0285-p0635","SP04-ARL_231029_PR25_0286-b1364",2,"06:02","06:06","Pecked","fruit",6,716,"","","SP04-ARL_231029_PR25_0286-b1364-I0716","Birds","Myiobius_barbatus","06:02","06:06","Cecropia_hispidissima",NA,NA,0.49555762,-79.17642012,544,"pasture regeneration","pasture regeneration early",2017,6,"direct_obs","pasture"
"589","PR25","SP04-ARL_231028_PR25_0285-p0635","SP04-ARL_231029_PR25_0286-b1366",1,"06:02","06:06","Pecked","fruit",3,717,"","","SP04-ARL_231029_PR25_0286-b1366-I0717","Birds","Thraupis_palmarum","06:02","06:06","Cecropia_hispidissima",NA,NA,0.49555762,-79.17642012,544,"pasture regeneration","pasture regeneration early",2017,6,"direct_obs","pasture"
"590","PR25","SP04-ARL_231028_PR25_0285-p0635","SP04-ARL_231029_PR25_0286-b1367",1,"06:12","06:14","Pecked","fruit",3,718,"","","SP04-ARL_231029_PR25_0286-b1367-I0718","Birds","Thraupis_palmarum","06:12","06:14","Cecropia_hispidissima",NA,NA,0.49555762,-79.17642012,544,"pasture regeneration","pasture regeneration early",2017,6,"direct_obs","pasture"
"591","PR25","SP04-ARL_231028_PR25_0285-p0635","SP04-ARL_231029_PR25_0286-b1371",1,"06:12","06:20","Pecked","fruit",1,720,"","","SP04-ARL_231029_PR25_0286-b1371-I0720","Birds","Saltator_maximus","06:12","06:20","Cecropia_hispidissima",NA,NA,0.49555762,-79.17642012,544,"pasture regeneration","pasture regeneration early",2017,6,"direct_obs","pasture"
"592","PR25","SP04-ARL_231028_PR25_0285-p0635","SP04-ARL_231029_PR25_0286-b1372",2,"07:22","07:23","Pecked","fruit",3,721,"","","SP04-ARL_231029_PR25_0286-b1372-I0721","Birds","Thraupis_episcopus","07:22","07:23","Cecropia_hispidissima",NA,NA,0.49555762,-79.17642012,544,"pasture regeneration","pasture regeneration early",2017,6,"direct_obs","pasture"
"593","PR26","SP04-ARL_220531_PR26_0070-p0121","SP04-ARL_220531_PR26_0070-b0333",1,"07:20","07:24","Swallowed","fruit",2,173,"","","SP04-ARL_220531_PR26_0070-b0333-I0173","Birds","Manacus_manacus","07:20","07:24","Palicourea_paratinctoria","PREX",NA,0.52646596,-79.20464664,325,"pasture regeneration","pasture regeneration late",1995,28,"direct_obs","pasture"
"594","PR26","SP04-ARL_220531_PR26_0070-p0121","SP04-ARL_220531_PR26_0070-b0334",2,"08:07","08:07","Swallowed","fruit",1,174,"","","SP04-ARL_220531_PR26_0070-b0334-I0174","Birds","Manacus_manacus","08:07","08:07","Palicourea_paratinctoria","PREX",NA,0.52646596,-79.20464664,325,"pasture regeneration","pasture regeneration late",1995,28,"direct_obs","pasture"
"595","PR26","SP04-ARL_220531_PR26_0070-p0122","SP04-ARL_220531_PR26_0070-b0335",1,"08:28","08:28","Swallowed","fruit",1,175,"","","SP04-ARL_220531_PR26_0070-b0335-I0175","Birds","Tachyphonus_delatrii","08:28","08:28","Palicourea_paratinctoria","PREX",NA,0.52646596,-79.20464664,325,"pasture regeneration","pasture regeneration late",1995,28,"direct_obs","pasture"
"596","PR26","SP04-ARL_220531_PR26_0070-p0122","SP04-ARL_220531_PR26_0070-b0336",1,"08:47","08:49","Swallowed","fruit",3,176,"","","SP04-ARL_220531_PR26_0070-b0336-I0176","Birds","Manacus_manacus","08:47","08:49","Palicourea_paratinctoria","PREX",NA,0.52646596,-79.20464664,325,"pasture regeneration","pasture regeneration late",1995,28,"direct_obs","pasture"
"597","PR26","SP04-ARL_220531_PR26_0070-p0124","SP04-ARL_220601_PR26_0071-b0356",1,"09:47","09:52","Swallowed","fruit",12,181,"","","SP04-ARL_220601_PR26_0071-b0356-I0181","Birds","Heterospingus_xanthopygius","09:47","09:52","Isertia_pittieri","PREX",NA,0.52646596,-79.20464664,325,"pasture regeneration","pasture regeneration late",1995,28,"direct_obs","pasture"
"598","PR26","SP04-ARL_220531_PR26_0070-p0124","SP04-ARL_220601_PR26_0071-b0354",2,"09:47","09:52","Swallowed","fruit",3,180,"","","SP04-ARL_220601_PR26_0071-b0354-I0180","Birds","Tachyphonus_delatrii","09:47","09:52","Isertia_pittieri","PREX",NA,0.52646596,-79.20464664,325,"pasture regeneration","pasture regeneration late",1995,28,"direct_obs","pasture"
"599","PR26","SP04-ARL_220531_PR26_0070-p0126","SP04-ARL_220601_PR26_0071-b0349",2,"08:15","08:20","Swallowed","fruit",3,178,"","","SP04-ARL_220601_PR26_0071-b0349-I0178","Birds","Tangara_johannae","08:15","08:20","Miconia_cf._montana","PREX",NA,0.52646596,-79.20464664,325,"pasture regeneration","pasture regeneration late",1995,28,"direct_obs","pasture"
"600","PR26","SP04-ARL_220531_PR26_0070-p0127","SP04-ARL_220531_PR26_0070-b0337",12,"08:45","08:57","Swallowed","fruit",10,177,"","","SP04-ARL_220531_PR26_0070-b0337-I0177","Birds","Tachyphonus_delatrii","08:45","08:57","Miconia_cf._montana","PREX",NA,0.52646596,-79.20464664,325,"pasture regeneration","pasture regeneration late",1995,28,"direct_obs","pasture"
"601","PR26","SP04-ARL_220531_PR26_0070-p0127","SP04-ARL_220602_PR26_0072-b0357",7,"10:28","10:37","Swallowed","fruit",8,182,"","","SP04-ARL_220602_PR26_0072-b0357-I0182","Birds","Tachyphonus_delatrii","10:28","10:37","Miconia_cf._montana","PREX",NA,0.52646596,-79.20464664,325,"pasture regeneration","pasture regeneration late",1995,28,"direct_obs","pasture"
"602","PR26","SP04-ARL_220531_PR26_0070-p0127","SP04-ARL_220601_PR26_0071-b0351",3,"09:23","09:25","Swallowed","fruit",4,179,"","","SP04-ARL_220601_PR26_0071-b0351-I0179","Birds","Ceratopipra_mentalis","09:23","09:25","Miconia_cf._montana","PREX",NA,0.52646596,-79.20464664,325,"pasture regeneration","pasture regeneration late",1995,28,"direct_obs","pasture"
"603","PR26","SP04-ARL_220531_PR26_0070-p0127","SP04-ARL_220602_PR26_0072-b0366",1,"10:02","10:10","Swallowed","fruit",8,184,"","","SP04-ARL_220602_PR26_0072-b0366-I0184","Birds","Heterospingus_xanthopygius","10:02","10:10","Miconia_cf._montana","PREX",NA,0.52646596,-79.20464664,325,"pasture regeneration","pasture regeneration late",1995,28,"direct_obs","pasture"
"604","PR26","SP04-ARL_220531_PR26_0070-p0127","SP04-ARL_220602_PR26_0072-b0364",2,"09:34","09:40","Swallowed","fruit",10,183,"","","SP04-ARL_220602_PR26_0072-b0364-I0183","Birds","Patagioenas_goodsoni","09:34","09:40","Miconia_cf._montana","PREX",NA,0.52646596,-79.20464664,325,"pasture regeneration","pasture regeneration late",1995,28,"direct_obs","pasture"
"605","PR26","SP04-ARL_220531_PR26_0070-p0128","SP04-ARL_220531_PR26_0070-b0332",1,"07:00","07:00","Swallowed","fruit",1,172,"","","SP04-ARL_220531_PR26_0070-b0332-I0172","Birds","Manacus_manacus","07:00","07:00","A-PR2601","PREX",NA,0.52646596,-79.20464664,325,"pasture regeneration","pasture regeneration late",1995,28,"direct_obs","pasture"
"606","PR27","SP04-ARL_230504_PR27_0234-p0426","SP04-ARL_230504_PR27_0234-b1115",4,"10:17","10:19","Pecked","fruit",4,586,"","","SP04-ARL_230504_PR27_0234-b1115-I0586","Birds","Tangara_palmeri","10:17","10:19","Miconia_centronioides",NA,NA,0.46185094,-79.2093188,214,"pasture regeneration","pasture regeneration late",1996,27,"direct_obs","pasture"
"607","PR27","SP04-ARL_230504_PR27_0234-p0426","SP04-ARL_230504_PR27_0234-b1119",1,"09:38","09:40","Swalloweded","fruit",4,587,"","","SP04-ARL_230504_PR27_0234-b1119-I0587","Birds","Capito_squamatus","09:38","09:40","Miconia_centronioides",NA,NA,0.46185094,-79.2093188,214,"pasture regeneration","pasture regeneration late",1996,27,"direct_obs","pasture"
"608","PR27","SP04-ARL_230504_PR27_0234-p0426","SP04-ARL_230506_PR27_0236-b1127",2,"10:15","10:17","Pecked","fruit",4,592,"","","SP04-ARL_230506_PR27_0236-b1127-I0592","Birds","Tangara_palmeri","10:15","10:17","Miconia_centronioides",NA,NA,0.46185094,-79.2093188,214,"pasture regeneration","pasture regeneration late",1996,27,"direct_obs","pasture"
"609","PR27","SP04-ARL_230504_PR27_0234-p0426","SP04-ARL_230505_PR27_0235-b1121",4,"10:24","10:26","Pecked","fruit",6,589,"","","SP04-ARL_230505_PR27_0235-b1121-I0589","Birds","Tangara_palmeri","10:24","10:26","Miconia_centronioides",NA,NA,0.46185094,-79.2093188,214,"pasture regeneration","pasture regeneration late",1996,27,"direct_obs","pasture"
"610","PR27","SP04-ARL_230504_PR27_0234-p0427","SP04-ARL_230506_PR27_0236-b1125",1,"08:43","08:43","Swalloweded","fruit",3,590,"","","SP04-ARL_230506_PR27_0236-b1125-I0590","Birds","Ceratopipra_mentalis","08:43","08:43","Miconia_centronioides",NA,NA,0.46185094,-79.2093188,214,"pasture regeneration","pasture regeneration late",1996,27,"direct_obs","pasture"
"611","PR27","SP04-ARL_230504_PR27_0234-p0427","SP04-ARL_230506_PR27_0236-b1126",1,"09:52","09:52","Swalloweded","fruit",3,591,"","","SP04-ARL_230506_PR27_0236-b1126-I0591","Birds","Ceratopipra_mentalis","09:52","09:52","Miconia_centronioides",NA,NA,0.46185094,-79.2093188,214,"pasture regeneration","pasture regeneration late",1996,27,"direct_obs","pasture"
"612","PR27","SP04-ARL_230504_PR27_0234-p0427","SP04-ARL_230505_PR27_0235-b1120",1,"08:47","08:47","Swalloweded","fruit",4,588,"","","SP04-ARL_230505_PR27_0235-b1120-I0588","Birds","Ceratopipra_mentalis","08:47","08:47","Miconia_centronioides",NA,NA,0.46185094,-79.2093188,214,"pasture regeneration","pasture regeneration late",1996,27,"direct_obs","pasture"
"613","PR29","SP04-ARL_231122_PR29_0319-p0710","SP04-ARL_231121_PR29_0318-b1476",2,"07:26","07:28","CarriedAway","fruit",2,770,"","","SP04-ARL_231121_PR29_0318-b1476-I0770","Birds","Saltator_maximus","07:26","07:28","Isertia_pittieri",NA,NA,0.47292046,-79.23064005,173,"pasture regeneration","pasture regeneration early",2017,6,"direct_obs","pasture"
"614","PR29","SP04-ARL_231122_PR29_0319-p0710","SP04-ARL_231121_PR29_0318-b1476",2,"07:26","07:28","Swalloweded","fruit",1,771,"","","SP04-ARL_231121_PR29_0318-b1476-I0771","Birds","Saltator_maximus","07:26","07:28","Isertia_pittieri",NA,NA,0.47292046,-79.23064005,173,"pasture regeneration","pasture regeneration early",2017,6,"direct_obs","pasture"
"615","PR29","SP04-ARL_231122_PR29_0319-p0710","SP04-ARL_231123_PR29_0320-b1497",2,"06:57","06:58","Pecked","fruit",3,789,"","","SP04-ARL_231123_PR29_0320-b1497-I0789","Birds","Tangara_larvata","06:57","06:58","Isertia_pittieri",NA,NA,0.47292046,-79.23064005,173,"pasture regeneration","pasture regeneration early",2017,6,"direct_obs","pasture"
"616","PR29","SP04-ARL_231122_PR29_0319-p0710","SP04-ARL_231122_PR29_0319-b1486",1,"08:30","08:33","Swalloweded","fruit",1,778,"","","SP04-ARL_231122_PR29_0319-b1486-I0778","Birds","Piaya_cayana","08:30","08:33","Isertia_pittieri",NA,NA,0.47292046,-79.23064005,173,"pasture regeneration","pasture regeneration early",2017,6,"direct_obs","pasture"
"617","PR29","SP04-ARL_231122_PR29_0319-p0710","SP04-ARL_231123_PR29_0320-b1500",3,"07:29","07:31","Swalloweded","fruit",3,791,"","","SP04-ARL_231123_PR29_0320-b1500-I0791","Birds","Pteroglossus_torquatus","07:29","07:31","Isertia_pittieri",NA,NA,0.47292046,-79.23064005,173,"pasture regeneration","pasture regeneration early",2017,6,"direct_obs","pasture"
"618","PR29","SP04-ARL_231122_PR29_0319-p0710","SP04-ARL_231121_PR29_0318-b1478",2,"07:58","08:01","Swalloweded","fruit",6,772,"","","SP04-ARL_231121_PR29_0318-b1478-I0772","Birds","Pteroglossus_torquatus","07:58","08:01","Isertia_pittieri",NA,NA,0.47292046,-79.23064005,173,"pasture regeneration","pasture regeneration early",2017,6,"direct_obs","pasture"
"619","PR29","SP04-ARL_231122_PR29_0319-p0710","SP04-ARL_231123_PR29_0320-b1504",1,"10:47","10:48","Swalloweded","fruit",5,793,"","","SP04-ARL_231123_PR29_0320-b1504-I0793","Birds","Saltator_maximus","10:47","10:48","Isertia_pittieri",NA,NA,0.47292046,-79.23064005,173,"pasture regeneration","pasture regeneration early",2017,6,"direct_obs","pasture"
"620","PR29","SP04-ARL_231122_PR29_0319-p0724","SP04-ARL_231121_PR29_0318-b1471",1,"06:29","06:30","Swalloweded","fruit",3,766,"","","SP04-ARL_231121_PR29_0318-b1471-I0766","Birds","Manacus_manacus","06:29","06:30","Miconia_oraria",NA,NA,0.47292046,-79.23064005,173,"pasture regeneration","pasture regeneration early",2017,6,"direct_obs","pasture"
"621","PR29","SP04-ARL_231122_PR29_0319-p0724","SP04-ARL_231121_PR29_0318-b1473",1,"07:26","07:27","Swalloweded","fruit",3,768,"","","SP04-ARL_231121_PR29_0318-b1473-I0768","Birds","Catharus_ustulatus","07:26","07:27","Miconia_oraria",NA,NA,0.47292046,-79.23064005,173,"pasture regeneration","pasture regeneration early",2017,6,"direct_obs","pasture"
"622","PR29","SP04-ARL_231122_PR29_0319-p0724","SP04-ARL_231121_PR29_0318-b1474",2,"07:26","07:28","Swalloweded","fruit",3,769,"","","SP04-ARL_231121_PR29_0318-b1474-I0769","Birds","Saltator_maximus","07:26","07:28","Miconia_oraria",NA,NA,0.47292046,-79.23064005,173,"pasture regeneration","pasture regeneration early",2017,6,"direct_obs","pasture"
"623","PR29","SP04-ARL_231122_PR29_0319-p0724","SP04-ARL_231122_PR29_0319-b1491",1,"10:14","10:16","Swalloweded","fruit",4,783,"","","SP04-ARL_231122_PR29_0319-b1491-I0783","Birds","Thraupis_palmarum","10:14","10:16","Miconia_oraria",NA,NA,0.47292046,-79.23064005,173,"pasture regeneration","pasture regeneration early",2017,6,"direct_obs","pasture"
"624","PR29","SP04-ARL_231122_PR29_0319-p0724","SP04-ARL_231121_PR29_0318-b1472",1,"06:50","06:51","Swalloweded","fruit",5,767,"","","SP04-ARL_231121_PR29_0318-b1472-I0767","Birds","Thraupis_palmarum","06:50","06:51","Miconia_oraria",NA,NA,0.47292046,-79.23064005,173,"pasture regeneration","pasture regeneration early",2017,6,"direct_obs","pasture"
"625","PR29","SP04-ARL_231122_PR29_0319-p0724","SP04-ARL_231122_PR29_0319-b1493",1,"10:26","10:29","Swalloweded","fruit",8,785,"","","SP04-ARL_231122_PR29_0319-b1493-I0785","Birds","Catharus_ustulatus","10:26","10:29","Miconia_oraria",NA,NA,0.47292046,-79.23064005,173,"pasture regeneration","pasture regeneration early",2017,6,"direct_obs","pasture"
"626","PR29","SP04-ARL_231122_PR29_0319-p0724","SP04-ARL_231121_PR29_0318-b1480",1,"08:19","08:20","Swalloweded","fruit",2,773,"","","SP04-ARL_231121_PR29_0318-b1480-I0773","Birds","Sicalis_flaveola","08:19","08:20","Miconia_oraria",NA,NA,0.47292046,-79.23064005,173,"pasture regeneration","pasture regeneration early",2017,6,"direct_obs","pasture"
"627","PR29","SP04-ARL_231122_PR29_0319-p0724","SP04-ARL_231121_PR29_0318-b1481",1,"08:40","08:40","Swalloweded","fruit",3,774,"","","SP04-ARL_231121_PR29_0318-b1481-I0774","Birds","Tangara_cyanicollis","08:40","08:40","Miconia_oraria",NA,NA,0.47292046,-79.23064005,173,"pasture regeneration","pasture regeneration early",2017,6,"direct_obs","pasture"
"628","PR29","SP04-ARL_231122_PR29_0319-p0724","SP04-ARL_231122_PR29_0319-b1492",1,"10:14","10:16","Swalloweded","fruit",2,784,"","","SP04-ARL_231122_PR29_0319-b1492-I0784","Birds","Sicalis_flaveola","10:14","10:16","Miconia_oraria",NA,NA,0.47292046,-79.23064005,173,"pasture regeneration","pasture regeneration early",2017,6,"direct_obs","pasture"
"629","PR29","SP04-ARL_231122_PR29_0319-p0724","SP04-ARL_231121_PR29_0318-b1483",2,"09:46","09:48","Swalloweded","fruit",6,776,"","","SP04-ARL_231121_PR29_0318-b1483-I0776","Birds","Tangara_cyanicollis","09:46","09:48","Miconia_oraria",NA,NA,0.47292046,-79.23064005,173,"pasture regeneration","pasture regeneration early",2017,6,"direct_obs","pasture"
"630","PR29","SP04-ARL_231122_PR29_0319-p0724","SP04-ARL_231122_PR29_0319-b1485",1,"08:27","08:27","Swalloweded","fruit",3,777,"","","SP04-ARL_231122_PR29_0319-b1485-I0777","Birds","Sicalis_flaveola","08:27","08:27","Miconia_oraria",NA,NA,0.47292046,-79.23064005,173,"pasture regeneration","pasture regeneration early",2017,6,"direct_obs","pasture"
"631","PR29","SP04-ARL_231122_PR29_0319-p0724","SP04-ARL_231123_PR29_0320-b1499",1,"07:29","07:31","Swalloweded","fruit",7,790,"","","SP04-ARL_231123_PR29_0320-b1499-I0790","Birds","Ceratopipra_mentalis","07:29","07:31","Miconia_oraria",NA,NA,0.47292046,-79.23064005,173,"pasture regeneration","pasture regeneration early",2017,6,"direct_obs","pasture"
"632","PR29","SP04-ARL_231122_PR29_0319-p0724","SP04-ARL_231122_PR29_0319-b1487",1,"09:01","09:02","Swalloweded","fruit",3,779,"","","SP04-ARL_231122_PR29_0319-b1487-I0779","Birds","Lepidothrix_coronata","09:01","09:02","Miconia_oraria",NA,NA,0.47292046,-79.23064005,173,"pasture regeneration","pasture regeneration early",2017,6,"direct_obs","pasture"
"633","PR29","SP04-ARL_231122_PR29_0319-p0724","SP04-ARL_231122_PR29_0319-b1488",1,"09:26","09:27","Swalloweded","fruit",2,780,"","","SP04-ARL_231122_PR29_0319-b1488-I0780","Birds","Sicalis_flaveola","09:26","09:27","Miconia_oraria",NA,NA,0.47292046,-79.23064005,173,"pasture regeneration","pasture regeneration early",2017,6,"direct_obs","pasture"
"634","PR29","SP04-ARL_231122_PR29_0319-p0724","SP04-ARL_231122_PR29_0319-b1489",1,"10:08","10:09","Swalloweded","fruit",2,781,"","","SP04-ARL_231122_PR29_0319-b1489-I0781","Birds","Tangara_cyanicollis","10:08","10:09","Miconia_oraria",NA,NA,0.47292046,-79.23064005,173,"pasture regeneration","pasture regeneration early",2017,6,"direct_obs","pasture"
"635","PR29","SP04-ARL_231122_PR29_0319-p0724","SP04-ARL_231122_PR29_0319-b1490",1,"10:14","10:16","Swalloweded","fruit",8,782,"","","SP04-ARL_231122_PR29_0319-b1490-I0782","Birds","Manacus_manacus","10:14","10:16","Miconia_oraria",NA,NA,0.47292046,-79.23064005,173,"pasture regeneration","pasture regeneration early",2017,6,"direct_obs","pasture"
"636","PR29","SP04-ARL_231122_PR29_0319-p0724","SP04-ARL_231122_PR29_0319-b1495",1,"10:38","10:39","Swalloweded","fruit",6,787,"","","SP04-ARL_231122_PR29_0319-b1495-I0787","Birds","Tangara_cyanicollis","10:38","10:39","Miconia_oraria",NA,NA,0.47292046,-79.23064005,173,"pasture regeneration","pasture regeneration early",2017,6,"direct_obs","pasture"
"637","PR29","SP04-ARL_231122_PR29_0319-p0724","SP04-ARL_231121_PR29_0318-b1482",1,"09:36","09:38","Swalloweded","fruit",6,775,"","","SP04-ARL_231121_PR29_0318-b1482-I0775","Birds","Thraupis_palmarum","09:36","09:38","Miconia_oraria",NA,NA,0.47292046,-79.23064005,173,"pasture regeneration","pasture regeneration early",2017,6,"direct_obs","pasture"
"638","PR29","SP04-ARL_231122_PR29_0319-p0724","SP04-ARL_231123_PR29_0320-b1496",1,"06:52","06:54","Swalloweded","fruit",5,788,"","","SP04-ARL_231123_PR29_0320-b1496-I0788","Birds","Catharus_ustulatus","06:52","06:54","Miconia_oraria",NA,NA,0.47292046,-79.23064005,173,"pasture regeneration","pasture regeneration early",2017,6,"direct_obs","pasture"
"639","PR29","SP04-ARL_231122_PR29_0319-p0724","SP04-ARL_231122_PR29_0319-b1494",1,"10:26","10:29","Swalloweded","fruit",6,786,"","","SP04-ARL_231122_PR29_0319-b1494-I0786","Birds","Manacus_manacus","10:26","10:29","Miconia_oraria",NA,NA,0.47292046,-79.23064005,173,"pasture regeneration","pasture regeneration early",2017,6,"direct_obs","pasture"
"640","PR29","SP04-ARL_231122_PR29_0319-p0724","SP04-ARL_231123_PR29_0320-b1503",1,"07:38","07:39","Swalloweded","fruit",6,792,"","","SP04-ARL_231123_PR29_0320-b1503-I0792","Birds","Ceratopipra_mentalis","07:38","07:39","Miconia_oraria",NA,NA,0.47292046,-79.23064005,173,"pasture regeneration","pasture regeneration early",2017,6,"direct_obs","pasture"
"641","PR30","SP04-ARL_231103_PR30_0301-p0668","SP04-ARL_231103_PR30_0301-b1407",1,"07:03","07:04","Swalloweded","fruit",4,738,"","","SP04-ARL_231103_PR30_0301-b1407-I0738","Birds","Lipaugus_unirufus","07:03","07:04","Miconia_oraria",NA,NA,0.47500835,-79.22913433,219,"pasture regeneration","pasture regeneration late",2008,15,"direct_obs","pasture"
"642","PR30","SP04-ARL_231103_PR30_0301-p0668","SP04-ARL_231103_PR30_0301-b1408",1,"07:09","07:12","Swalloweded","fruit",4,739,"","","SP04-ARL_231103_PR30_0301-b1408-I0739","Birds","Ceratopipra_mentalis","07:09","07:12","Miconia_oraria",NA,NA,0.47500835,-79.22913433,219,"pasture regeneration","pasture regeneration late",2008,15,"direct_obs","pasture"
"643","PR30","SP04-ARL_231103_PR30_0301-p0668","SP04-ARL_231103_PR30_0301-b1409",6,"07:19","07:24","Swalloweded","fruit",50,740,"","","SP04-ARL_231103_PR30_0301-b1409-I0740","Birds","Querula_purpurata","07:19","07:24","Miconia_oraria",NA,NA,0.47500835,-79.22913433,219,"pasture regeneration","pasture regeneration late",2008,15,"direct_obs","pasture"
"644","PR30","SP04-ARL_231103_PR30_0301-p0668","SP04-ARL_231103_PR30_0301-b1415",1,"07:31","07:34","Swalloweded","fruit",4,741,"","","SP04-ARL_231103_PR30_0301-b1415-I0741","Birds","Ceratopipra_mentalis","07:31","07:34","Miconia_oraria",NA,NA,0.47500835,-79.22913433,219,"pasture regeneration","pasture regeneration late",2008,15,"direct_obs","pasture"
"645","PR30","SP04-ARL_231103_PR30_0301-p0668","SP04-ARL_231103_PR30_0301-b1416",1,"09:02","09:03","Swalloweded","fruit",4,742,"","","SP04-ARL_231103_PR30_0301-b1416-I0742","Birds","Tangara_lavinia","09:02","09:03","Miconia_oraria",NA,NA,0.47500835,-79.22913433,219,"pasture regeneration","pasture regeneration late",2008,15,"direct_obs","pasture"
"646","PR30","SP04-ARL_231103_PR30_0301-p0668","SP04-ARL_231103_PR30_0301-b1417",2,"09:15","09:17","Swalloweded","fruit",8,743,"","","SP04-ARL_231103_PR30_0301-b1417-I0743","Birds","Ceratopipra_mentalis","09:15","09:17","Miconia_oraria",NA,NA,0.47500835,-79.22913433,219,"pasture regeneration","pasture regeneration late",2008,15,"direct_obs","pasture"
"647","PR30","SP04-ARL_231103_PR30_0301-p0668","SP04-ARL_231103_PR30_0301-b1419",1,"09:42","09:45","Swalloweded","fruit",5,744,"","","SP04-ARL_231103_PR30_0301-b1419-I0744","Birds","Ceratopipra_mentalis","09:42","09:45","Miconia_oraria",NA,NA,0.47500835,-79.22913433,219,"pasture regeneration","pasture regeneration late",2008,15,"direct_obs","pasture"
"648","PR30","SP04-ARL_231103_PR30_0301-p0668","SP04-ARL_231107_PR30_0302-b1420",3,"07:24","07:25","Swalloweded","fruit",12,745,"","","SP04-ARL_231107_PR30_0302-b1420-I0745","Birds","Ceratopipra_mentalis","07:24","07:25","Miconia_oraria",NA,NA,0.47500835,-79.22913433,219,"pasture regeneration","pasture regeneration late",2008,15,"direct_obs","pasture"
"649","PR30","SP04-ARL_231103_PR30_0301-p0668","SP04-ARL_231107_PR30_0302-b1423",1,"07:31","07:32","Swalloweded","fruit",7,746,"","","SP04-ARL_231107_PR30_0302-b1423-I0746","Birds","Catharus_ustulatus","07:31","07:32","Miconia_oraria",NA,NA,0.47500835,-79.22913433,219,"pasture regeneration","pasture regeneration late",2008,15,"direct_obs","pasture"
"650","PR30","SP04-ARL_231103_PR30_0301-p0668","SP04-ARL_231107_PR30_0302-b1424",4,"07:40","07:43","Swalloweded","fruit",20,747,"","","SP04-ARL_231107_PR30_0302-b1424-I0747","Birds","Querula_purpurata","07:40","07:43","Miconia_oraria",NA,NA,0.47500835,-79.22913433,219,"pasture regeneration","pasture regeneration late",2008,15,"direct_obs","pasture"
"651","PR30","SP04-ARL_231103_PR30_0301-p0668","SP04-ARL_231115_PR30_0303-b1437",2,"09:37","09:39","Swalloweded","fruit",15,752,"","","SP04-ARL_231115_PR30_0303-b1437-I0752","Birds","Ceratopipra_mentalis","09:37","09:39","Miconia_oraria",NA,NA,0.47500835,-79.22913433,219,"pasture regeneration","pasture regeneration late",2008,15,"direct_obs","pasture"
"652","PR30","SP04-ARL_231103_PR30_0301-p0668","SP04-ARL_231115_PR30_0303-b1439",2,"10:17","10:19","Swalloweded","fruit",5,753,"","","SP04-ARL_231115_PR30_0303-b1439-I0753","Birds","Ceratopipra_mentalis","10:17","10:19","Miconia_oraria",NA,NA,0.47500835,-79.22913433,219,"pasture regeneration","pasture regeneration late",2008,15,"direct_obs","pasture"
"653","PR30","SP04-ARL_231103_PR30_0301-p0668","SP04-ARL_231115_PR30_0303-b1430",1,"06:40","06:40","Swalloweded","fruit",2,749,"","","SP04-ARL_231115_PR30_0303-b1430-I0749","Birds","Catharus_ustulatus","06:40","06:40","Miconia_oraria",NA,NA,0.47500835,-79.22913433,219,"pasture regeneration","pasture regeneration late",2008,15,"direct_obs","pasture"
"654","PR30","SP04-ARL_231103_PR30_0301-p0668","SP04-ARL_231115_PR30_0303-b1431",4,"08:47","08:49","Swalloweded","fruit",5,750,"","","SP04-ARL_231115_PR30_0303-b1431-I0750","Birds","Tityra_inquisitor","08:47","08:49","Miconia_oraria",NA,NA,0.47500835,-79.22913433,219,"pasture regeneration","pasture regeneration late",2008,15,"direct_obs","pasture"
"655","PR30","SP04-ARL_231103_PR30_0301-p0668","SP04-ARL_231115_PR30_0303-b1435",2,"09:37","09:39","Swalloweded","fruit",15,751,"","","SP04-ARL_231115_PR30_0303-b1435-I0751","Birds","Lepidothrix_coronata","09:37","09:39","Miconia_oraria",NA,NA,0.47500835,-79.22913433,219,"pasture regeneration","pasture regeneration late",2008,15,"direct_obs","pasture"
"656","PR30","SP04-ARL_231103_PR30_0301-p0668","SP04-ARL_231115_PR30_0303-b1428",2,"06:39","06:39","Swalloweded","fruit",3,748,"","","SP04-ARL_231115_PR30_0303-b1428-I0748","Birds","Ceratopipra_mentalis","06:39","06:39","Miconia_oraria",NA,NA,0.47500835,-79.22913433,219,"pasture regeneration","pasture regeneration late",2008,15,"direct_obs","pasture"
"657","PR31","SP04-ARL_231110_PR31_0305-p0677","SP04-ARL_231110_PR31_0305-b1443",2,"09:43","09:43","Swalloweded","fruit",1,755,"","","SP04-ARL_231110_PR31_0305-b1443-I0755","Birds","Tachyphonus_delatrii","09:43","09:43","Conostegia_'rosada'","PREX",NA,0.47902624,-79.21005517,316,"pasture regeneration","pasture regeneration late",2007,16,"direct_obs","pasture"
"658","PR31","SP04-ARL_231110_PR31_0305-p0679","SP04-ARL_231110_PR31_0305-b1441",2,"09:10","09:13","Pecked","fruit",3,754,"","","SP04-ARL_231110_PR31_0305-b1441-I0754","Birds","Ramphastos_ambiguus","09:13","09:13","Ficus_sp.","PREX",NA,0.47902624,-79.21005517,316,"pasture regeneration","pasture regeneration late",2007,16,"direct_obs","pasture"
"659","PR32","SP04-ARL_221118_PR32_0123-p0204","SP04-ARL_221120_PR32_0125-b0815",1,"09:27","09:27","Swallowed","fruit",2,391,"","","SP04-ARL_221120_PR32_0125-b0815-I0391","Birds","Ramphastos_ambiguus","09:27","09:27","Bactris_setulosa",NA,NA,0.47927521,-79.21729879,339,"pasture regeneration","pasture regeneration late",2007,16,"direct_obs","pasture"
"660","PR32","SP04-ARL_221118_PR32_0123-p0206","SP04-ARL_221118_PR32_0123-b0694",4,"06:43","06:44","CarryAway","fruit",1,340,"","","SP04-ARL_221118_PR32_0123-b0694-I0340","Birds","Tachyphonus_delatrii","06:43","06:44","Miconia_oraria",NA,NA,0.47927521,-79.21729879,339,"pasture regeneration","pasture regeneration late",2007,16,"direct_obs","pasture"
"661","PR32","SP04-ARL_221118_PR32_0123-p0206","SP04-ARL_221118_PR32_0123-b0694",4,"06:43","06:44","Pecked","fruit",1,339,"","","SP04-ARL_221118_PR32_0123-b0694-I0339","Birds","Tachyphonus_delatrii","06:43","06:44","Miconia_oraria",NA,NA,0.47927521,-79.21729879,339,"pasture regeneration","pasture regeneration late",2007,16,"direct_obs","pasture"
"662","PR32","SP04-ARL_221118_PR32_0123-p0206","SP04-ARL_221118_PR32_0123-b0698",12,"07:28","07:31","CarryAway","fruit",6,342,"","","SP04-ARL_221118_PR32_0123-b0698-I0342","Birds","Tachyphonus_delatrii","07:28","07:31","Miconia_oraria",NA,NA,0.47927521,-79.21729879,339,"pasture regeneration","pasture regeneration late",2007,16,"direct_obs","pasture"
"663","PR32","SP04-ARL_221118_PR32_0123-p0206","SP04-ARL_221118_PR32_0123-b0698",12,"07:28","07:31","Pecked","fruit",6,341,"","","SP04-ARL_221118_PR32_0123-b0698-I0341","Birds","Tachyphonus_delatrii","07:28","07:31","Miconia_oraria",NA,NA,0.47927521,-79.21729879,339,"pasture regeneration","pasture regeneration late",2007,16,"direct_obs","pasture"
"664","PR32","SP04-ARL_221118_PR32_0123-p0206","SP04-ARL_221119_PR32_0124-b0761",6,"07:45","07:45","CarryAway","fruit",2,369,"","","SP04-ARL_221119_PR32_0124-b0761-I0369","Birds","Tachyphonus_delatrii","07:45","07:45","Miconia_oraria",NA,NA,0.47927521,-79.21729879,339,"pasture regeneration","pasture regeneration late",2007,16,"direct_obs","pasture"
"665","PR32","SP04-ARL_221118_PR32_0123-p0206","SP04-ARL_221118_PR32_0123-b0733",6,"09:40","09:40","Pecked","fruit",2,360,"","","SP04-ARL_221118_PR32_0123-b0733-I0360","Birds","Tachyphonus_delatrii","09:40","09:40","Miconia_oraria",NA,NA,0.47927521,-79.21729879,339,"pasture regeneration","pasture regeneration late",2007,16,"direct_obs","pasture"
"666","PR32","SP04-ARL_221118_PR32_0123-p0206","SP04-ARL_221118_PR32_0123-b0731",2,"09:40","09:41","Swallowed","fruit",3,358,"","","SP04-ARL_221118_PR32_0123-b0731-I0358","Birds","Tangara_gyrola","09:40","09:41","Miconia_oraria",NA,NA,0.47927521,-79.21729879,339,"pasture regeneration","pasture regeneration late",2007,16,"direct_obs","pasture"
"667","PR32","SP04-ARL_221118_PR32_0123-p0206","SP04-ARL_221120_PR32_0125-b0804",4,"08:41","08:44","Dropped","fruit",2,386,"","","SP04-ARL_221120_PR32_0125-b0804-I0386","Birds","Tachyphonus_delatrii","08:41","08:44","Miconia_oraria",NA,NA,0.47927521,-79.21729879,339,"pasture regeneration","pasture regeneration late",2007,16,"direct_obs","pasture"
"668","PR32","SP04-ARL_221118_PR32_0123-p0206","SP04-ARL_221120_PR32_0125-b0804",4,"08:41","08:44","Pecked","fruit",3,387,"","","SP04-ARL_221120_PR32_0125-b0804-I0387","Birds","Tachyphonus_delatrii","08:41","08:44","Miconia_oraria",NA,NA,0.47927521,-79.21729879,339,"pasture regeneration","pasture regeneration late",2007,16,"direct_obs","pasture"
"669","PR32","SP04-ARL_221118_PR32_0123-p0206","SP04-ARL_221119_PR32_0124-b0774",6,"09:02","09:04","Dropped","fruit",3,372,"","","SP04-ARL_221119_PR32_0124-b0774-I0372","Birds","Tachyphonus_delatrii","09:02","09:04","Miconia_oraria",NA,NA,0.47927521,-79.21729879,339,"pasture regeneration","pasture regeneration late",2007,16,"direct_obs","pasture"
"670","PR32","SP04-ARL_221118_PR32_0123-p0206","SP04-ARL_221120_PR32_0125-b0793",4,"07:28","07:29","CarryAway","fruit",2,380,"","","SP04-ARL_221120_PR32_0125-b0793-I0380","Birds","Tachyphonus_delatrii","07:28","07:29","Miconia_oraria",NA,NA,0.47927521,-79.21729879,339,"pasture regeneration","pasture regeneration late",2007,16,"direct_obs","pasture"
"671","PR32","SP04-ARL_221118_PR32_0123-p0206","SP04-ARL_221120_PR32_0125-b0793",4,"07:28","07:29","Pecked","fruit",2,379,"","","SP04-ARL_221120_PR32_0125-b0793-I0379","Birds","Tachyphonus_delatrii","07:28","07:29","Miconia_oraria",NA,NA,0.47927521,-79.21729879,339,"pasture regeneration","pasture regeneration late",2007,16,"direct_obs","pasture"
"672","PR32","SP04-ARL_221118_PR32_0123-p0206","SP04-ARL_221118_PR32_0123-b0732",2,"09:40","09:41","Swallowed","fruit",3,359,"","","SP04-ARL_221118_PR32_0123-b0732-I0359","Birds","Tangara_gyrola","09:40","09:41","Miconia_oraria",NA,NA,0.47927521,-79.21729879,339,"pasture regeneration","pasture regeneration late",2007,16,"direct_obs","pasture"
"673","PR32","SP04-ARL_221118_PR32_0123-p0206","SP04-ARL_221119_PR32_0124-b0774",6,"09:02","09:04","Pecked","fruit",3,374,"","","SP04-ARL_221119_PR32_0124-b0774-I0374","Birds","Tachyphonus_delatrii","09:02","09:04","Miconia_oraria",NA,NA,0.47927521,-79.21729879,339,"pasture regeneration","pasture regeneration late",2007,16,"direct_obs","pasture"
"674","PR32","SP04-ARL_221118_PR32_0123-p0212","SP04-ARL_221120_PR32_0125-b0799",3,"07:40","07:44","Pecked","fruit",40,383,"","","SP04-ARL_221120_PR32_0125-b0799-I0383","Birds","Tangara_florida","07:40","07:44","Cecropia_insignis",NA,NA,0.47927521,-79.21729879,339,"pasture regeneration","pasture regeneration late",2007,16,"direct_obs","pasture"
"675","PR32","SP04-ARL_221118_PR32_0123-p0212","SP04-ARL_221118_PR32_0123-b0722",2,"09:42","10:01","Pecked","fruit",20,349,"","","SP04-ARL_221118_PR32_0123-b0722-I0349","Birds","Tangara_johannae","09:42","10:01","Cecropia_insignis",NA,NA,0.47927521,-79.21729879,339,"pasture regeneration","pasture regeneration late",2007,16,"direct_obs","pasture"
"676","PR32","SP04-ARL_221118_PR32_0123-p0212","SP04-ARL_221118_PR32_0123-b0724",1,"09:42","10:01","Pecked","fruit",16,351,"","","SP04-ARL_221118_PR32_0123-b0724-I0351","Birds","Tangara_florida","09:42","10:01","Cecropia_insignis",NA,NA,0.47927521,-79.21729879,339,"pasture regeneration","pasture regeneration late",2007,16,"direct_obs","pasture"
"677","PR32","SP04-ARL_221118_PR32_0123-p0212","SP04-ARL_221118_PR32_0123-b0739",2,"10:53","10:53","Pecked","fruit",5,361,"","","SP04-ARL_221118_PR32_0123-b0739-I0361","Birds","Tangara_florida","10:53","10:53","Cecropia_insignis",NA,NA,0.47927521,-79.21729879,339,"pasture regeneration","pasture regeneration late",2007,16,"direct_obs","pasture"
"678","PR32","SP04-ARL_221118_PR32_0123-p0212","SP04-ARL_221118_PR32_0123-b0725",1,"09:42","10:01","Pecked","fruit",8,353,"","","SP04-ARL_221118_PR32_0123-b0725-I0353","Birds","Tangara_larvata","09:42","10:01","Cecropia_insignis",NA,NA,0.47927521,-79.21729879,339,"pasture regeneration","pasture regeneration late",2007,16,"direct_obs","pasture"
"679","PR32","SP04-ARL_221118_PR32_0123-p0212","SP04-ARL_221118_PR32_0123-b0747",2,"10:53","10:53","Pecked","fruit",24,363,"","","SP04-ARL_221118_PR32_0123-b0747-I0363","Birds","Tangara_florida","10:53","10:56","Cecropia_insignis",NA,NA,0.47927521,-79.21729879,339,"pasture regeneration","pasture regeneration late",2007,16,"direct_obs","pasture"
"680","PR32","SP04-ARL_221118_PR32_0123-p0212","SP04-ARL_221118_PR32_0123-b0747",2,"10:53","10:53","Dropped","fruit",4,365,"","","SP04-ARL_221118_PR32_0123-b0747-I0365","Birds","Tangara_florida","10:53","10:56","Cecropia_insignis",NA,NA,0.47927521,-79.21729879,339,"pasture regeneration","pasture regeneration late",2007,16,"direct_obs","pasture"
"681","PR32","SP04-ARL_221118_PR32_0123-p0212","SP04-ARL_221118_PR32_0123-b0724",1,"09:42","10:01","Dropped","fruit",2,352,"","","SP04-ARL_221118_PR32_0123-b0724-I0352","Birds","Tangara_florida","09:42","10:01","Cecropia_insignis",NA,NA,0.47927521,-79.21729879,339,"pasture regeneration","pasture regeneration late",2007,16,"direct_obs","pasture"
"682","PR32","SP04-ARL_221118_PR32_0123-p0212","SP04-ARL_221118_PR32_0123-b0721",1,"09:42","10:01","CarryAway","fruit",2,348,"","","SP04-ARL_221118_PR32_0123-b0721-I0348","Birds","Tangara_gyrola","09:42","10:01","Cecropia_insignis",NA,NA,0.47927521,-79.21729879,339,"pasture regeneration","pasture regeneration late",2007,16,"direct_obs","pasture"
"683","PR32","SP04-ARL_221118_PR32_0123-p0212","SP04-ARL_221118_PR32_0123-b0726",2,"10:07","10:09","Pecked","fruit",9,354,"","","SP04-ARL_221118_PR32_0123-b0726-I0354","Birds","Tangara_lavinia","10:07","10:09","Cecropia_insignis",NA,NA,0.47927521,-79.21729879,339,"pasture regeneration","pasture regeneration late",2007,16,"direct_obs","pasture"
"684","PR32","SP04-ARL_221118_PR32_0123-p0212","SP04-ARL_221120_PR32_0125-b0797",1,"07:35","07:35","Pecked","fruit",13,381,"","","SP04-ARL_221120_PR32_0125-b0797-I0381","Birds","Chlorophanes_spiza","07:35","07:35","Cecropia_insignis",NA,NA,0.47927521,-79.21729879,339,"pasture regeneration","pasture regeneration late",2007,16,"direct_obs","pasture"
"685","PR32","SP04-ARL_221118_PR32_0123-p0212","SP04-ARL_221120_PR32_0125-b0798",1,"07:40","07:44","Pecked","fruit",18,382,"","","SP04-ARL_221120_PR32_0125-b0798-I0382","Birds","Chlorophanes_spiza","07:40","07:44","Cecropia_insignis",NA,NA,0.47927521,-79.21729879,339,"pasture regeneration","pasture regeneration late",2007,16,"direct_obs","pasture"
"686","PR32","SP04-ARL_221118_PR32_0123-p0212","SP04-ARL_221118_PR32_0123-b0720",1,"09:42","10:01","Pecked","fruit",6,346,"","","SP04-ARL_221118_PR32_0123-b0720-I0346","Birds","Tangara_lavinia","09:42","10:01","Cecropia_insignis",NA,NA,0.47927521,-79.21729879,339,"pasture regeneration","pasture regeneration late",2007,16,"direct_obs","pasture"
"687","PR32","SP04-ARL_221118_PR32_0123-p0212","SP04-ARL_221118_PR32_0123-b0721",1,"09:42","10:01","Pecked","fruit",8,347,"","","SP04-ARL_221118_PR32_0123-b0721-I0347","Birds","Tangara_gyrola","09:42","10:01","Cecropia_insignis",NA,NA,0.47927521,-79.21729879,339,"pasture regeneration","pasture regeneration late",2007,16,"direct_obs","pasture"
"688","PR32","SP04-ARL_221118_PR32_0123-p0212","SP04-ARL_221120_PR32_0125-b0787",1,"06:35","06:39","Pecked","fruit",20,376,"","","SP04-ARL_221120_PR32_0125-b0787-I0376","Birds","Chlorophanes_spiza","06:35","06:39","Cecropia_insignis",NA,NA,0.47927521,-79.21729879,339,"pasture regeneration","pasture regeneration late",2007,16,"direct_obs","pasture"
"689","PR32","SP04-ARL_221118_PR32_0123-p0212","SP04-ARL_221120_PR32_0125-b0788",1,"06:40","06:42","Pecked","fruit",9,377,"","","SP04-ARL_221120_PR32_0125-b0788-I0377","Birds","Chlorophanes_spiza","06:40","06:42","Cecropia_insignis",NA,NA,0.47927521,-79.21729879,339,"pasture regeneration","pasture regeneration late",2007,16,"direct_obs","pasture"
"690","PR32","SP04-ARL_221118_PR32_0123-p0212","SP04-ARL_221118_PR32_0123-b0722",2,"09:42","10:01","Dropped","fruit",2,350,"","","SP04-ARL_221118_PR32_0123-b0722-I0350","Birds","Tangara_johannae","09:42","10:01","Cecropia_insignis",NA,NA,0.47927521,-79.21729879,339,"pasture regeneration","pasture regeneration late",2007,16,"direct_obs","pasture"
"691","PR32","SP04-ARL_221118_PR32_0123-p0216","SP04-ARL_221120_PR32_0125-b0813",2,"10:21","10:21","Swallowed","fruit",5,390,"","","SP04-ARL_221120_PR32_0125-b0813-I0390","Birds","Tachyphonus_luctuosus","10:21","10:21","Miconia_oraria",NA,NA,0.47927521,-79.21729879,339,"pasture regeneration","pasture regeneration late",2007,16,"direct_obs","pasture"
"692","PR32","SP04-ARL_221118_PR32_0123-p0216","SP04-ARL_221119_PR32_0124-b0755",6,"06:36","06:36","Swallowed","fruit",2,368,"","","SP04-ARL_221119_PR32_0124-b0755-I0368","Birds","Tachyphonus_delatrii","06:35","06:36","Miconia_oraria",NA,NA,0.47927521,-79.21729879,339,"pasture regeneration","pasture regeneration late",2007,16,"direct_obs","pasture"
"693","PR32","SP04-ARL_221118_PR32_0123-p0216","SP04-ARL_221119_PR32_0124-b0781",6,"09:00","09:00","Swallowed","fruit",3,375,"","","SP04-ARL_221119_PR32_0124-b0781-I0375","Birds","Tachyphonus_delatrii","09:00","09:00","Miconia_oraria",NA,NA,0.47927521,-79.21729879,339,"pasture regeneration","pasture regeneration late",2007,16,"direct_obs","pasture"
"694","PR32","SP04-ARL_221118_PR32_0123-p0216","SP04-ARL_221118_PR32_0123-b0712",8,"08:05","08:06","Swallowed","fruit",4,345,"","","SP04-ARL_221118_PR32_0123-b0712-I0345","Birds","Tachyphonus_delatrii","08:05","08:06","Miconia_oraria",NA,NA,0.47927521,-79.21729879,339,"pasture regeneration","pasture regeneration late",2007,16,"direct_obs","pasture"
"695","PR32","SP04-ARL_221118_PR32_0123-p0216","SP04-ARL_221119_PR32_0124-b0768",6,"09:02","09:04","Swallowed","fruit",3,371,"","","SP04-ARL_221119_PR32_0124-b0768-I0371","Birds","Tachyphonus_delatrii","09:02","09:04","Miconia_oraria",NA,NA,0.47927521,-79.21729879,339,"pasture regeneration","pasture regeneration late",2007,16,"direct_obs","pasture"
"696","PR32","SP04-ARL_221118_PR32_0123-p0216","SP04-ARL_221120_PR32_0125-b0808",4,"08:41","08:44","Swallowed","fruit",3,388,"","","SP04-ARL_221120_PR32_0125-b0808-I0388","Birds","Tachyphonus_delatrii","08:41","08:44","Miconia_oraria",NA,NA,0.47927521,-79.21729879,339,"pasture regeneration","pasture regeneration late",2007,16,"direct_obs","pasture"
"697","PR32","SP04-ARL_221118_PR32_0123-p0216","SP04-ARL_221120_PR32_0125-b0789",4,"07:28","07:29","Swallowed","fruit",2,378,"","","SP04-ARL_221120_PR32_0125-b0789-I0378","Birds","Tachyphonus_delatrii","07:28","07:29","Miconia_oraria",NA,NA,0.47927521,-79.21729879,339,"pasture regeneration","pasture regeneration late",2007,16,"direct_obs","pasture"
"698","PR32","SP04-ARL_221118_PR32_0123-p0221","SP04-ARL_221118_PR32_0123-b0711",1,"07:14","07:16","Swallowed","fruit",5,344,"","","SP04-ARL_221118_PR32_0123-b0711-I0344","Birds","Manacus_manacus","07:14","07:16","Palicourea_pseudaxillaris",NA,NA,0.47927521,-79.21729879,339,"pasture regeneration","pasture regeneration late",2007,16,"direct_obs","pasture"
"699","PR32","SP04-ARL_221118_PR32_0123-p0221","SP04-ARL_221118_PR32_0123-b0710",1,"06:33","06:34","Swallowed","fruit",4,343,"","","SP04-ARL_221118_PR32_0123-b0710-I0343","Birds","Ramphocelus_flammigerus","06:33","06:34","Palicourea_pseudaxillaris",NA,NA,0.47927521,-79.21729879,339,"pasture regeneration","pasture regeneration late",2007,16,"direct_obs","pasture"
"700","PR32","SP04-ARL_221118_PR32_0123-p0233","SP04-ARL_221119_PR32_0124-b0750",1,"06:43","06:43","Swallowed","fruit",2,366,"","","SP04-ARL_221119_PR32_0124-b0750-I0366","Birds","Catharus_ustulatus","06:43","06:43","Miconia_oraria",NA,NA,0.47927521,-79.21729879,339,"pasture regeneration","pasture regeneration late",2007,16,"direct_obs","pasture"
"701","PR32","SP04-ARL_221118_PR32_0123-p0233","SP04-ARL_221119_PR32_0124-b0751",4,"06:38","06:43","Swallowed","fruit",3,367,"","","SP04-ARL_221119_PR32_0124-b0751-I0367","Birds","Manacus_manacus","06:38","06:43","Miconia_oraria",NA,NA,0.47927521,-79.21729879,339,"pasture regeneration","pasture regeneration late",2007,16,"direct_obs","pasture"
"702","PR32","SP04-ARL_221118_PR32_0123-p0233","SP04-ARL_221118_PR32_0123-b0728",1,"09:20","09:20","Swallowed","fruit",2,355,"","","SP04-ARL_221118_PR32_0123-b0728-I0355","Birds","Catharus_ustulatus","09:20","09:20","Miconia_oraria",NA,NA,0.47927521,-79.21729879,339,"pasture regeneration","pasture regeneration late",2007,16,"direct_obs","pasture"
"703","PR32","SP04-ARL_221118_PR32_0123-p0233","SP04-ARL_221118_PR32_0123-b0729",2,"09:41","09:41","Dropped","fruit",3,357,"","","SP04-ARL_221118_PR32_0123-b0729-I0357","Birds","Machaeropterus_deliciosus","09:41","09:41","Miconia_oraria",NA,NA,0.47927521,-79.21729879,339,"pasture regeneration","pasture regeneration late",2007,16,"direct_obs","pasture"
"704","PR32","SP04-ARL_221118_PR32_0123-p0233","SP04-ARL_221119_PR32_0124-b0767",1,"08:15","09:17","Swallowed","fruit",3,370,"","","SP04-ARL_221119_PR32_0124-b0767-I0370","Birds","Manacus_manacus","08:15","08:17","Miconia_oraria",NA,NA,0.47927521,-79.21729879,339,"pasture regeneration","pasture regeneration late",2007,16,"direct_obs","pasture"
"705","PR32","SP04-ARL_221118_PR32_0123-p0233","SP04-ARL_221120_PR32_0125-b0800",1,"07:26","07:27","Swallowed","fruit",10,384,"","","SP04-ARL_221120_PR32_0125-b0800-I0384","Birds","Tangara_florida","07:40","07:44","Miconia_oraria",NA,NA,0.47927521,-79.21729879,339,"pasture regeneration","pasture regeneration late",2007,16,"direct_obs","pasture"
"706","PR32","SP04-ARL_221118_PR32_0123-p0233","SP04-ARL_221120_PR32_0125-b0803",1,"08:16","08:18","Swallowed","fruit",4,385,"","","SP04-ARL_221120_PR32_0125-b0803-I0385","Birds","Catharus_ustulatus","08:16","08:18","Miconia_oraria",NA,NA,0.47927521,-79.21729879,339,"pasture regeneration","pasture regeneration late",2007,16,"direct_obs","pasture"
"707","PR32","SP04-ARL_221118_PR32_0123-p0233","SP04-ARL_221119_PR32_0124-b0749",1,"06:10","06:15","Swallowed","fruit",4,364,"","","SP04-ARL_221119_PR32_0124-b0749-I0364","Birds","Manacus_manacus","06:10","06:15","Miconia_oraria",NA,NA,0.47927521,-79.21729879,339,"pasture regeneration","pasture regeneration late",2007,16,"direct_obs","pasture"
"708","PR32","SP04-ARL_221118_PR32_0123-p0233","SP04-ARL_221119_PR32_0124-b0780",1,"09:13","09:16","Dropped","fruit",1,373,"","","SP04-ARL_221119_PR32_0124-b0780-I0373","Birds","Manacus_manacus","09:13","09:16","Miconia_oraria",NA,NA,0.47927521,-79.21729879,339,"pasture regeneration","pasture regeneration late",2007,16,"direct_obs","pasture"
"709","PR32","SP04-ARL_221118_PR32_0123-p0233","SP04-ARL_221120_PR32_0125-b0812",1,"09:40","09:41","Swallowed","fruit",8,389,"","","SP04-ARL_221120_PR32_0125-b0812-I0389","Birds","Manacus_manacus","09:40","09:41","Miconia_oraria",NA,NA,0.47927521,-79.21729879,339,"pasture regeneration","pasture regeneration late",2007,16,"direct_obs","pasture"
"710","PR32","SP04-ARL_221118_PR32_0123-p0233","SP04-ARL_221118_PR32_0123-b0729",2,"09:41","09:41","Pecked","fruit",3,356,"","","SP04-ARL_221118_PR32_0123-b0729-I0356","Birds","Machaeropterus_deliciosus","09:41","09:41","Miconia_oraria",NA,NA,0.47927521,-79.21729879,339,"pasture regeneration","pasture regeneration late",2007,16,"direct_obs","pasture"
"711","PR32","SP04-ARL_221118_PR32_0123-p0249","SP04-ARL_221118_PR32_0123-b0741",6,"10:40","10:41","Pecked","fruit",20,362,"","","SP04-ARL_221118_PR32_0123-b0741-I0362","Birds","Tangara_palmeri","10:40","10:41","Cecropia_hispidissima",NA,NA,0.47927521,-79.21729879,339,"pasture regeneration","pasture regeneration late",2007,16,"direct_obs","pasture"
"712","PR33","SP04-ARL_221019_PR33_0103-p0156","SP04-ARL_221019_PR33_0103-b0473",1,"09:57","09:58","Swallowed","fruit",4,231,"","","SP04-ARL_221019_PR33_0103-b0473-I0231","Birds","Arremonops_conirostris","09:57","09:58","A-CR1303","PREX",NA,0.48924515,-79.22841178,311,"pasture regeneration","pasture regeneration early",2022,1,"direct_obs","pasture"
"713","PR33","SP04-ARL_221019_PR33_0103-p0156","SP04-ARL_221021_PR33_0105-b0496",2,"07:52","07:53","Swallowed","fruit",4,240,"","","SP04-ARL_221021_PR33_0105-b0496-I0240","Birds","Ramphocelus_flammigerus","07:52","07:53","A-CR1303","PREX",NA,0.48924515,-79.22841178,311,"pasture regeneration","pasture regeneration early",2022,1,"direct_obs","pasture"
"714","PR33","SP04-ARL_221019_PR33_0103-p0156","SP04-ARL_221020_PR33_0104-b0481",3,"07:22","07:24","Swallowed","fruit",6,234,"","","SP04-ARL_221020_PR33_0104-b0481-I0234","Birds","Tangara_cyanicollis","07:22","07:24","A-CR1303","PREX",NA,0.48924515,-79.22841178,311,"pasture regeneration","pasture regeneration early",2022,1,"direct_obs","pasture"
"715","PR33","SP04-ARL_221019_PR33_0103-p0156","SP04-ARL_221020_PR33_0104-b0484",1,"07:37","07:38","Swallowed","fruit",5,235,"","","SP04-ARL_221020_PR33_0104-b0484-I0235","Birds","Saltator_maximus","07:37","07:38","A-CR1303","PREX",NA,0.48924515,-79.22841178,311,"pasture regeneration","pasture regeneration early",2022,1,"direct_obs","pasture"
"716","PR33","SP04-ARL_221019_PR33_0103-p0156","SP04-ARL_221020_PR33_0104-b0485",1,"07:48","07:50","Swallowed","fruit",5,236,"","","SP04-ARL_221020_PR33_0104-b0485-I0236","Birds","Myiozetetes_cayanensis","07:48","07:50","A-CR1303","PREX",NA,0.48924515,-79.22841178,311,"pasture regeneration","pasture regeneration early",2022,1,"direct_obs","pasture"
"717","PR33","SP04-ARL_221019_PR33_0103-p0156","SP04-ARL_221019_PR33_0103-b0471",2,"09:57","09:58","Swallowed","fruit",5,230,"","","SP04-ARL_221019_PR33_0103-b0471-I0230","Birds","Ramphocelus_flammigerus","09:57","09:58","A-CR1303","PREX",NA,0.48924515,-79.22841178,311,"pasture regeneration","pasture regeneration early",2022,1,"direct_obs","pasture"
"718","PR33","SP04-ARL_221019_PR33_0103-p0156","SP04-ARL_221020_PR33_0104-b0489",4,"07:46","07:48","Swallowed","fruit",6,238,"","","SP04-ARL_221020_PR33_0104-b0489-I0238","Birds","Tangara_gyrola","07:46","07:48","A-CR1303","PREX",NA,0.48924515,-79.22841178,311,"pasture regeneration","pasture regeneration early",2022,1,"direct_obs","pasture"
"719","PR33","SP04-ARL_221019_PR33_0103-p0156","SP04-ARL_221020_PR33_0104-b0493",3,"08:29","08:32","Swallowed","fruit",5,239,"","","SP04-ARL_221020_PR33_0104-b0493-I0239","Birds","Ramphocelus_flammigerus","08:29","08:32","A-CR1303","PREX",NA,0.48924515,-79.22841178,311,"pasture regeneration","pasture regeneration early",2022,1,"direct_obs","pasture"
"720","PR33","SP04-ARL_221019_PR33_0103-p0156","SP04-ARL_221020_PR33_0104-b0486",3,"07:48","07:50","Swallowed","fruit",5,237,"","","SP04-ARL_221020_PR33_0104-b0486-I0237","Birds","Ramphocelus_flammigerus","07:48","07:50","A-CR1303","PREX",NA,0.48924515,-79.22841178,311,"pasture regeneration","pasture regeneration early",2022,1,"direct_obs","pasture"
"721","PR33","SP04-ARL_221019_PR33_0103-p0157","SP04-ARL_221019_PR33_0103-b0468",3,"09:50","09:50","Swallowed","fruit",4,229,"","","SP04-ARL_221019_PR33_0103-b0468-I0229","Birds","Ramphocelus_flammigerus","09:50","09:50","Cecropia_insignis","PREX",NA,0.48924515,-79.22841178,311,"pasture regeneration","pasture regeneration early",2022,1,"direct_obs","pasture"
"722","PR33","SP04-ARL_221019_PR33_0103-p0160","SP04-ARL_221019_PR33_0103-b0480",1,"10:43","10:44","Swallowed","fruit",3,233,"","","SP04-ARL_221019_PR33_0103-b0480-I0233","Birds","Saltator_maximus","10:43","10:44","A-PA5603","PREX",NA,0.48924515,-79.22841178,311,"pasture regeneration","pasture regeneration early",2022,1,"direct_obs","pasture"
"723","PR33","SP04-ARL_221019_PR33_0103-p0160","SP04-ARL_221019_PR33_0103-b0474",6,"10:43","10:44","Swallowed","fruit",4,232,"","","SP04-ARL_221019_PR33_0103-b0474-I0232","Birds","Ramphocelus_flammigerus","10:43","10:44","A-PA5603","PREX",NA,0.48924515,-79.22841178,311,"pasture regeneration","pasture regeneration early",2022,1,"direct_obs","pasture"
"724","PR34","SP04-ARL_221105_PR34_0114-p0184","SP04-ARL_221106_PR34_0115-b0597",2,"06:44","06:44","Swallowed","fruit",3,293,"","","SP04-ARL_221106_PR34_0115-b0597-I0293","Birds","Trogon_comptus","06:44","06:44","Plinia_'longifolia'","PREX",NA,0.49350932,-79.13794296,615,"pasture regeneration","pasture regeneration late",1985,38,"direct_obs","pasture"
"725","PR34","SP04-ARL_221105_PR34_0114-p0184","SP04-ARL_221106_PR34_0115-b0599",2,"08:18","08:18","Swallowed","fruit",1,294,"","","SP04-ARL_221106_PR34_0115-b0599-I0294","Birds","Trogon_comptus","08:18","08:18","Plinia_'longifolia'","PREX",NA,0.49350932,-79.13794296,615,"pasture regeneration","pasture regeneration late",1985,38,"direct_obs","pasture"
"726","PR34","SP04-ARL_221105_PR34_0114-p0184","SP04-ARL_221107_PR34_0116-b0624",2,"09:20","09:20","Swallowed","fruit",1,307,"","","SP04-ARL_221107_PR34_0116-b0624-I0307","Birds","Trogon_comptus","09:20","09:20","Plinia_'longifolia'","PREX",NA,0.49350932,-79.13794296,615,"pasture regeneration","pasture regeneration late",1985,38,"direct_obs","pasture"
"727","PR34","SP04-ARL_221105_PR34_0114-p0184","SP04-ARL_221107_PR34_0116-b0611",2,"07:37","07:38","Pecked","fruit",1,302,"","","SP04-ARL_221107_PR34_0116-b0611-I0302","Birds","Chrysothlypis_salmoni","07:37","07:38","Plinia_'longifolia'","PREX",NA,0.49350932,-79.13794296,615,"pasture regeneration","pasture regeneration late",1985,38,"direct_obs","pasture"
"728","PR34","SP04-ARL_221105_PR34_0114-p0186","SP04-ARL_221106_PR34_0115-b0601",3,"08:52","08:57","CarryAway","fruit",3,296,"","","SP04-ARL_221106_PR34_0115-b0601-I0296","Birds","Euphonia_xanthogaster","08:52","08:58","Conostegia_'rosada'","PREX",NA,0.49350932,-79.13794296,615,"pasture regeneration","pasture regeneration late",1985,38,"direct_obs","pasture"
"729","PR34","SP04-ARL_221105_PR34_0114-p0186","SP04-ARL_221106_PR34_0115-b0604",3,"09:11","09:14","Swallowed","fruit",12,297,"","","SP04-ARL_221106_PR34_0115-b0604-I0297","Birds","Euphonia_xanthogaster","09:11","09:14","Conostegia_'rosada'","PREX",NA,0.49350932,-79.13794296,615,"pasture regeneration","pasture regeneration late",1985,38,"direct_obs","pasture"
"730","PR34","SP04-ARL_221105_PR34_0114-p0186","SP04-ARL_221106_PR34_0115-b0601",3,"08:52","08:57","Swallowed","fruit",4,295,"","","SP04-ARL_221106_PR34_0115-b0601-I0295","Birds","Euphonia_xanthogaster","08:52","08:58","Conostegia_'rosada'","PREX",NA,0.49350932,-79.13794296,615,"pasture regeneration","pasture regeneration late",1985,38,"direct_obs","pasture"
"731","PR34","SP04-ARL_221105_PR34_0114-p0186","SP04-ARL_221107_PR34_0116-b0608",1,"06:32","06:34","Swallowed","fruit",4,299,"","","SP04-ARL_221107_PR34_0116-b0608-I0299","Birds","Euphonia_xanthogaster","06:32","06:34","Conostegia_'rosada'","PREX",NA,0.49350932,-79.13794296,615,"pasture regeneration","pasture regeneration late",1985,38,"direct_obs","pasture"
"732","PR34","SP04-ARL_221105_PR34_0114-p0186","SP04-ARL_221107_PR34_0116-b0609",2,"06:47","06:52","Swallowed","fruit",9,301,"","","SP04-ARL_221107_PR34_0116-b0609-I0301","Birds","Tangara_florida","06:47","06:52","Conostegia_'rosada'","PREX",NA,0.49350932,-79.13794296,615,"pasture regeneration","pasture regeneration late",1985,38,"direct_obs","pasture"
"733","PR34","SP04-ARL_221105_PR34_0114-p0186","SP04-ARL_221106_PR34_0115-b0607",1,"10:09","10:11","Swallowed","fruit",3,298,"","","SP04-ARL_221106_PR34_0115-b0607-I0298","Birds","Sapayoa_aenigma","10:09","10:11","Conostegia_'rosada'","PREX",NA,0.49350932,-79.13794296,615,"pasture regeneration","pasture regeneration late",1985,38,"direct_obs","pasture"
"734","PR34","SP04-ARL_221105_PR34_0114-p0186","SP04-ARL_221107_PR34_0116-b0608",1,"06:32","06:34","CarryAway","fruit",2,300,"","","SP04-ARL_221107_PR34_0116-b0608-I0300","Birds","Euphonia_xanthogaster","06:32","06:34","Conostegia_'rosada'","PREX",NA,0.49350932,-79.13794296,615,"pasture regeneration","pasture regeneration late",1985,38,"direct_obs","pasture"
"735","PR34","SP04-ARL_221105_PR34_0114-p0186","SP04-ARL_221107_PR34_0116-b0614",3,"08:07","09:11","Swallowed","fruit",8,304,"","","SP04-ARL_221107_PR34_0116-b0614-I0304","Birds","Tangara_lavinia","08:07","08:11","Conostegia_'rosada'","PREX",NA,0.49350932,-79.13794296,615,"pasture regeneration","pasture regeneration late",1985,38,"direct_obs","pasture"
"736","PR34","SP04-ARL_221105_PR34_0114-p0186","SP04-ARL_221107_PR34_0116-b0617",6,"08:15","08:20","Swallowed","fruit",15,305,"","","SP04-ARL_221107_PR34_0116-b0617-I0305","Birds","Tangara_lavinia","08:15","08:20","Conostegia_'rosada'","PREX",NA,0.49350932,-79.13794296,615,"pasture regeneration","pasture regeneration late",1985,38,"direct_obs","pasture"
"737","PR34","SP04-ARL_221105_PR34_0114-p0186","SP04-ARL_221107_PR34_0116-b0623",1,"08:34","08:38","Swallowed","fruit",8,306,"","","SP04-ARL_221107_PR34_0116-b0623-I0306","Birds","Sapayoa_aenigma","08:34","08:38","Conostegia_'rosada'","PREX",NA,0.49350932,-79.13794296,615,"pasture regeneration","pasture regeneration late",1985,38,"direct_obs","pasture"
"738","PR34","SP04-ARL_221105_PR34_0114-p0186","SP04-ARL_221107_PR34_0116-b0613",1,"08:09","08:11","Swallowed","fruit",7,303,"","","SP04-ARL_221107_PR34_0116-b0613-I0303","Birds","Sapayoa_aenigma","08:09","08:11","Conostegia_'rosada'","PREX",NA,0.49350932,-79.13794296,615,"pasture regeneration","pasture regeneration late",1985,38,"direct_obs","pasture"
"739","PR36","SP04-ARL_230420_PR36_0196-p0363","SP04-ARL_230420_PR36_0196-b1068",2,"10:14","10:28","Pecked","fruit",1,560,"","","SP04-ARL_230420_PR36_0196-b1068-I0560","Birds","Tangara_gyrola","10:14","10:28","Cecropia_hispidissima","PREX",NA,0.5165012,-79.14308334,380,"pasture regeneration","pasture regeneration early",2014,9,"direct_obs","pasture"
"740","PR36","SP04-ARL_230420_PR36_0196-p0363","SP04-ARL_230420_PR36_0196-b1067",1,"10:14","10:28","Pecked","fruit",4,558,"","","SP04-ARL_230420_PR36_0196-b1067-I0558","Birds","Tangara_lavinia","10:14","10:28","Cecropia_hispidissima","PREX",NA,0.5165012,-79.14308334,380,"pasture regeneration","pasture regeneration early",2014,9,"direct_obs","pasture"
"741","PR36","SP04-ARL_230420_PR36_0196-p0363","SP04-ARL_230420_PR36_0196-b1071",4,"10:14","10:28","Pecked","fruit",1,563,"","","SP04-ARL_230420_PR36_0196-b1071-I0563","Birds","Tachyphonus_delatrii","10:14","10:28","Cecropia_hispidissima","PREX",NA,0.5165012,-79.14308334,380,"pasture regeneration","pasture regeneration early",2014,9,"direct_obs","pasture"
"742","PR36","SP04-ARL_230420_PR36_0196-p0372","SP04-ARL_230420_PR36_0196-b1065",2,"10:08","10:10","Pecked","fruit",6,556,"","","SP04-ARL_230420_PR36_0196-b1065-I0556","Birds","Tangara_florida","10:08","10:10","Cecropia_hispidissima","PREX",NA,0.5165012,-79.14308334,380,"pasture regeneration","pasture regeneration early",2014,9,"direct_obs","pasture"
"743","PR36","SP04-ARL_230420_PR36_0196-p0372","SP04-ARL_230420_PR36_0196-b1067",1,"10:14","10:28","Pecked","fruit",12,557,"","","SP04-ARL_230420_PR36_0196-b1067-I0557","Birds","Tangara_lavinia","10:14","10:28","Cecropia_hispidissima","PREX",NA,0.5165012,-79.14308334,380,"pasture regeneration","pasture regeneration early",2014,9,"direct_obs","pasture"
"744","PR36","SP04-ARL_230420_PR36_0196-p0372","SP04-ARL_230420_PR36_0196-b1071",4,"10:14","10:28","Pecked","fruit",3,562,"","","SP04-ARL_230420_PR36_0196-b1071-I0562","Birds","Tachyphonus_delatrii","10:14","10:28","Cecropia_hispidissima","PREX",NA,0.5165012,-79.14308334,380,"pasture regeneration","pasture regeneration early",2014,9,"direct_obs","pasture"
"745","PR36","SP04-ARL_230420_PR36_0196-p0372","SP04-ARL_230421_PR36_0197-b1083",2,"10:15","10:17","Pecked","fruit",3,567,"","","SP04-ARL_230421_PR36_0197-b1083-I0567","Birds","Tangara_gyrola","10:15","10:17","Cecropia_hispidissima","PREX",NA,0.5165012,-79.14308334,380,"pasture regeneration","pasture regeneration early",2014,9,"direct_obs","pasture"
"746","PR36","SP04-ARL_230420_PR36_0196-p0372","SP04-ARL_230420_PR36_0196-b1068",2,"10:14","10:28","Pecked","fruit",6,559,"","","SP04-ARL_230420_PR36_0196-b1068-I0559","Birds","Tangara_gyrola","10:14","10:28","Cecropia_hispidissima","PREX",NA,0.5165012,-79.14308334,380,"pasture regeneration","pasture regeneration early",2014,9,"direct_obs","pasture"
"747","PR36","SP04-ARL_230420_PR36_0196-p0372","SP04-ARL_230420_PR36_0196-b1070",1,"10:14","10:28","Pecked","fruit",2,561,"","","SP04-ARL_230420_PR36_0196-b1070-I0561","Birds","Ramphocelus_flammigerus","10:14","10:28","Cecropia_hispidissima","PREX",NA,0.5165012,-79.14308334,380,"pasture regeneration","pasture regeneration early",2014,9,"direct_obs","pasture"
"748","PR36","SP04-ARL_230420_PR36_0196-p0372","SP04-ARL_230421_PR36_0197-b1081",2,"10:14","10:15","Pecked","fruit",4,566,"","","SP04-ARL_230421_PR36_0197-b1081-I0566","Birds","Tangara_florida","10:14","10:15","Cecropia_hispidissima","PREX",NA,0.5165012,-79.14308334,380,"pasture regeneration","pasture regeneration early",2014,9,"direct_obs","pasture"
"749","PR36","SP04-ARL_230420_PR36_0196-p0372","SP04-ARL_230421_PR36_0197-b1075",2,"07:41","07:42","Pecked","fruit",10,564,"","","SP04-ARL_230421_PR36_0197-b1075-I0564","Birds","Tangara_palmeri","07:41","07:42","Cecropia_hispidissima","PREX",NA,0.5165012,-79.14308334,380,"pasture regeneration","pasture regeneration early",2014,9,"direct_obs","pasture"
"750","PR36","SP04-ARL_230420_PR36_0196-p0372","SP04-ARL_230421_PR36_0197-b1077",4,"09:36","09:40","Pecked","fruit",8,565,"","","SP04-ARL_230421_PR36_0197-b1077-I0565","Birds","Tangara_palmeri","09:36","09:40","Cecropia_hispidissima","PREX",NA,0.5165012,-79.14308334,380,"pasture regeneration","pasture regeneration early",2014,9,"direct_obs","pasture"
