Secuencia,Plot,Number,Code,Family,Genus,Species
1,PR21,1,PR21-1,Annonaceae,Annona,Annona_papilionella
2,PR21,2,PR21-2,Rubiaceae,Tournefortiopsis,Tournefortiopsis_crispiflora
3,PR21,3,PR21-3,Staphyleaceae,Turpinia,Turpinia_occidentalis
4,PR21,4,PR21-4,Cordiaceae,Cordia,Cordia_lucidula
5,PR21,5,PR21-5,Rubiaceae,Palicourea,Palicourea_chimboracensis
6,PR21,6,PR21-6,Cordiaceae,Cordia,Cordia_lucidula
7,PR21,7,PR21-7,Arecaceae,Pholidostachys,Pholidostachys_dactyloides
8,PR21,8,PR21-8,Fabaceae,Inga,Inga_chocoensis
9,PR21,9,PR21-9,Malvaceae,Phragmotheca,Phragmotheca_siderosa
10,PR21,10,PR21-10,Arecaceae,Wettinia,Wettinia_quinaria
11,PR21,11,PR21-11,Arecaceae,Wettinia,Wettinia_quinaria
12,PR21,12,PR21-12,Arecaceae,Wettinia,Wettinia_quinaria
13,PR21,13,PR21-13,Myrtaceae,Calyptranthes,Calyptranthes_speciosa
14,PR21,14,PR21-14,Euphorbiaceae,Sapium,Sapium_laurifolium
15,PR21,15,PR21-15,Malvaceae,Sterculia,Sterculia_corrugata
16,PR21,16,PR21-16,Staphyleaceae,Turpinia,Turpinia_occidentalis
17,PR21,17,PR21-17,Annonaceae,Annona,Annona_papilionella
18,PR21,18,PR21-18,Arecaceae,Wettinia,Wettinia_quinaria
19,PR21,19,PR21-19,Malvaceae,Apeiba,Apeiba_membranacea
20,PR21,20,PR21-20,Phyllanthaceae,Hieronyma,Hieronyma_macrocarpa
21,PR21,21,PR21-21,Arecaceae,Wettinia,Wettinia_quinaria
22,PR21,22,PR21-22,Fabaceae,Inga,Inga_venusta
23,PR21,23,PR21-23,Annonaceae,Guatteria,Guatteria_pittieri
24,PR21,24,PR21-24,Malvaceae,Apeiba,Apeiba_membranacea
25,PR21,25,PR21-25,Arecaceae,Wettinia,Wettinia_quinaria
26,PR21,26,PR21-26,Lecythidaceae,Gustavia,Gustavia_dodsonii
27,PR21,27,PR21-27,Arecaceae,Wettinia,Wettinia_quinaria
28,PR21,28,PR21-28,Arecaceae,Wettinia,Wettinia_quinaria
29,PR21,29,PR21-29,Arecaceae,Wettinia,Wettinia_quinaria
30,PR21,30,PR21-30,Arecaceae,Wettinia,Wettinia_quinaria
31,PR21,31,PR21-31,Myristicaceae,Otoba,Otoba_novogranatensis
32,PR21,32,PR21-32,Arecaceae,Wettinia,Wettinia_quinaria
33,PR21,33,PR21-33,Arecaceae,Wettinia,Wettinia_quinaria
34,PR21,34,PR21-34,Arecaceae,Wettinia,Wettinia_quinaria
35,PR21,35,PR21-35,Arecaceae,Wettinia,Wettinia_quinaria
36,PR21,36,PR21-36,Arecaceae,Wettinia,Wettinia_quinaria
37,PR21,37,PR21-37,Staphyleaceae,Turpinia,Turpinia_occidentalis
38,PR21,38,PR21-38,Melastomataceae,Miconia,Miconia_centronioides
39,PR21,39,PR21-39,Arecaceae,Wettinia,Wettinia_quinaria
40,PR21,40,PR21-40,Coardiaceae,Cordia,Cordia_bicolor
41,PR21,41,PR21-41,Arecaceae,Wettinia,Wettinia_quinaria
42,PR21,42,PR21-42,Arecaceae,Wettinia,Wettinia_quinaria
43,PR21,43,PR21-43,Arecaceae,Wettinia,Wettinia_quinaria
44,PR21,44,PR21-44,Rubiaceae,Tournefortiopsis,Tournefortiopsis_crispiflora
45,PR21,45,PR21-45,NA,NA,NA
46,PR21,46,PR21-46,Myristicaceae,Virola,Virola_reidii
47,PR21,47,PR21-47,Melastomataceae,Miconia,Miconia_centronioides
48,PR21,48,PR21-48,Arecaceae,Wettinia,Wettinia_quinaria
49,PR21,49,PR21-49,Arecaceae,Wettinia,Wettinia_quinaria
50,PR21,50,PR21-50,Arecaceae,Wettinia,Wettinia_quinaria
51,PR21,51,PR21-51,Lauraceae,Nectandra,Nectandra_sp.1
52,PR21,52,PR21-52,Fabaceae,Inga,Inga_chocoensis
53,PR21,53,PR21-53,Fabaceae,Inga,Inga_nobilis
54,PR21,54,PR21-54,Euphorbiaceae,Sapium,Sapium_laurifolium
55,PR21,55,PR21-55,Arecaceae,Wettinia,Wettinia_quinaria
56,PR21,56,PR21-56,Arecaceae,Wettinia,Wettinia_quinaria
57,PR21,57,PR21-57,Arecaceae,Wettinia,Wettinia_quinaria
58,PR21,58,PR21-58,Lauraceae,Nectandra,Nectandra_guadaripo
59,PR21,59,PR21-59,Arecaceae,Wettinia,Wettinia_quinaria
60,PR21,60,PR21-60,Arecaceae,Wettinia,Wettinia_quinaria
61,PR21,61,PR21-61,Rubiaceae,Palicourea,Palicourea_palenquensis
62,PR21,62,PR21-62,Arecaceae,Wettinia,Wettinia_quinaria
63,PR21,63,PR21-63,Rubiaceae,Palicourea,Palicourea_palenquensis
64,PR21,64,PR21-64,Burseraceae,Dacryodes,Dacryodes_cupularis
65,PR21,65,PR21-65,Arecaceae,Wettinia,Wettinia_quinaria
66,PR21,66,PR21-66,Malvaceae,Matisia,Matisia_'papelito'
67,PR21,67,PR21-67,Hypericaceae,Vismia,Vismia_baccifera
68,PR21,68,PR21-68,Melastomataceae,Miconia,Miconia_centronioides
69,PR21,69,PR21-69,Sapindaceae,Talisia,Talisia_macrophylla
70,PR21,70,PR21-70,Rubiaceae,Palicourea,Palicourea_chimboracensis
71,PR21,71,PR21-71,Arecaceae,Wettinia,Wettinia_quinaria
72,PR21,72,PR21-72,Arecaceae,Wettinia,Wettinia_quinaria
73,PR21,73,PR21-73,Salicaceae,Tetrathylacium,Tetrathylacium_macrophyllum
74,PR21,74,PR21-74,Euphorbiaceae,Sapium,Sapium_laurifolium
75,PR21,75,PR21-75,Violaceae,Leonia,Leonia_grandifolia
76,PR21,76,PR21-76,Arecaceae,Wettinia,Wettinia_quinaria
77,PR21,77,PR21-77,Arecaceae,Wettinia,Wettinia_quinaria
78,PR21,78,PR21-78,Arecaceae,Wettinia,Wettinia_quinaria
79,PR21,79,PR21-79,Arecaceae,Wettinia,Wettinia_quinaria
80,PR21,80,PR21-80,Arecaceae,Wettinia,Wettinia_quinaria
81,PR21,81,PR21-81,Chrysobalanaceae,Licania,Licania_sp.1
82,PR21,82,PR21-82,Urticaceae,Cecropia,Cecropia_hispidissima
83,PR21,83,PR21-83,Arecaceae,Wettinia,Wettinia_quinaria
84,PR21,84,PR21-84,Celastraceae,Maytenus,Maytenus_macrocarpa
85,PR21,85,PR21-85,Bignoniaceae,Handroanthus,Handroanthus_chrysanthus
86,PR21,86,PR21-86,Arecaceae,Wettinia,Wettinia_quinaria
87,PR21,87,PR21-87,Arecaceae,Wettinia,Wettinia_quinaria
88,PR21,88,PR21-88,Arecaceae,Wettinia,Wettinia_quinaria
89,PR21,89,PR21-89,Euphorbiaceae,Sapium,Sapium_laurifolium
90,PR21,90,PR21-90,Fabaceae,Inga,Inga_nobilis
91,PR21,91,PR21-91,Fabaceae,Inga,Inga_manabiensis
92,PR21,92,PR21-92,Euphorbiaceae,Alchornea,Alchornea_grandis
93,PR21,93,PR21-93,Arecaceae,Wettinia,Wettinia_quinaria
94,PR21,94,PR21-94,Melastomataceae,Miconia,Miconia_conocuatrecasii
95,PR21,95,PR21-95,Arecaceae,Wettinia,Wettinia_quinaria
96,PR21,96,PR21-96,Arecaceae,Wettinia,Wettinia_quinaria
97,PR21,97,PR21-97,Rubiaceae,Isertia,Isertia_pittieri
98,PR21,98,PR21-98,Arecaceae,Wettinia,Wettinia_quinaria
99,PR21,99,PR21-99,Arecaceae,Wettinia,Wettinia_quinaria
100,PR21,100,PR21-100,Arecaceae,Wettinia,Wettinia_quinaria
101,PR21,101,PR21-101,Lecythidaceae,Gustavia,Gustavia_dodsonii
102,PR21,102,PR21-102,Arecaceae,Wettinia,Wettinia_quinaria
103,PR21,103,PR21-103,Arecaceae,Wettinia,Wettinia_quinaria
104,PR21,104,PR21-104,Arecaceae,Wettinia,Wettinia_quinaria
105,PR21,105,PR21-105,Melastomataceae,Miconia,Miconia_conocuatrecasii
106,PR21,106,PR21-106,Melastomataceae,Miconia,Miconia_conocuatrecasii
107,PR21,107,PR21-107,Arecaceae,Wettinia,Wettinia_quinaria
108,PR21,108,PR21-108,NA,NA,NA
109,PR21,109,PR21-109,Rubiaceae,Tournefortiopsis,Tournefortiopsis_crispiflora
110,PR21,110,PR21-110,Myristicaceae,Virola,Virola_reidii
111,PR21,111,PR21-111,Arecaceae,Wettinia,Wettinia_quinaria
112,PR21,112,PR21-112,Myristicaceae,Virola,Virola_reidii
113,PR21,113,PR21-113,Staphyleaceae,Turpinia,Turpinia_occidentalis
114,PR21,114,PR21-114,Arecaceae,Wettinia,Wettinia_quinaria
115,PR21,115,PR21-115,Malvaceae,Apeiba,Apeiba_membranacea
116,PR21,116,PR21-116,Staphyleaceae,Turpinia,Turpinia_occidentalis
117,PR21,117,PR21-117,Staphyleaceae,Turpinia,Turpinia_occidentalis
118,PR21,118,PR21-118,Violaceae,Leonia,Leonia_grandifolia
119,PR21,119,PR21-119,Arecaceae,Wettinia,Wettinia_quinaria
120,PR21,120,PR21-120,Burseraceae,Protium,Protium_ecuadorense
121,PR21,121,PR21-121,Clusiaceae,Tovomita,Tovomita_weddelliana
122,PR21,122,PR21-122,Arecaceae,Wettinia,Wettinia_quinaria
123,PR21,123,PR21-123,Lecythidaceae,Gustavia,Gustavia_dodsonii
124,PR21,124,PR21-124,Arecaceae,Wettinia,Wettinia_quinaria
125,PR21,125,PR21-125,Annonaceae,Annona,Annona_papilionella
126,PR21,126,PR21-126,Cordiaceae,Cordia,Cordia_lucidula
127,PR21,127,PR21-127,Staphyleaceae,Turpinia,Turpinia_occidentalis
128,PR21,128,PR21-128,Metteniusaceae,Calatola,Calatola_costaricensis
129,PR21,129,PR21-129,Fabaceae,Andira,Andira_taurotesticulata
130,PR21,130,PR21-130,Cordiaceae,Cordia,Cordia_lucidula
131,PR21,131,PR21-131,Staphyleaceae,Turpinia,Turpinia_occidentalis
132,PR21,132,PR21-132,Arecaceae,Pholidostachys,Pholidostachys_dactyloides
133,PR21,133,PR21-133,Arecaceae,Wettinia,Wettinia_quinaria
134,PR21,134,PR21-134,Arecaceae,Wettinia,Wettinia_quinaria
135,PR21,135,PR21-135,Lecythidaceae,Eschweilera,Eschweilera_caudiculata
136,PR21,136,PR21-136,Chrysobalanaceae,Licania,Licania_glauca
137,PR21,137,PR21-137,Fabaceae,Inga,Inga_venusta
138,PR21,138,PR21-138,Arecaceae,Wettinia,Wettinia_quinaria
139,PR21,139,PR21-139,Chrysobalanaceae,Licania,Licania_glauca
140,PR21,140,PR21-140,Meliaceae,Carapa,Carapa_megistocarpa
141,PR21,141,PR21-141,Staphyleaceae,Turpinia,Turpinia_occidentalis
142,PR21,142,PR21-142,Arecaceae,Wettinia,Wettinia_quinaria
143,PR21,143,PR21-143,Fabaceae,Inga,Inga_venusta
144,PR21,144,PR21-144,Myristicaceae,Otoba,Otoba_novogranatensis
145,PR21,145,PR21-145,Malvaceae,Apeiba,Apeiba_membranacea
146,PR21,146,PR21-146,Boraginaceae,Cordia,Cordia_lucidula
147,PR21,147,PR21-147,Myristicaceae,Otoba,Otoba_novogranatensis
148,PR21,148,PR21-148,Malvaceae,Apeiba,Apeiba_membranacea
149,PR21,149,PR21-149,Staphyleaceae,Turpinia,Turpinia_occidentalis
150,PR21,150,PR21-150,Arecaceae,Pholidostachys,Pholidostachys_dactyloides
151,PR21,151,PR21-151,Rubiaceae,Tournefortiopsis,Tournefortiopsis_crispiflora
152,PR21,152,PR21-152,Myristicaceae,Otoba,Otoba_novogranatensis
153,PR21,153,PR21-153,Fabaceae,Inga,Inga_venusta
154,PR21,154,PR21-154,Arecaceae,Wettinia,Wettinia_quinaria
155,PR21,155,PR21-155,Fabaceae,Inga,Inga_chocoensis
156,PR21,156,PR21-156,Staphyleaceae,Turpinia,Turpinia_occidentalis
157,PR21,157,PR21-157,Myristicaceae,Virola,Virola_reidii
158,PR21,158,PR21-158,Myristicaceae,Otoba,Otoba_novogranatensis
159,PR21,159,PR21-159,Myristicaceae,Otoba,Otoba_novogranatensis
160,PR21,160,PR21-160,Fabaceae,Inga,Inga_jinicuil
161,PR21,161,PR21-161,Melastomataceae,Miconia,Miconia_multiplicata
162,PR21,162,PR21-162,Urticaceae,Pourouma,Pourouma_minor
163,PR21,163,PR21-163,Arecaceae,Wettinia,Wettinia_quinaria
164,PR21,164,PR21-164,Rubiaceae,Isertia,Isertia_pittieri
165,PR21,165,PR21-165,Fabaceae,Inga,Inga_nobilis
166,PR21,166,PR21-166,Lecythidaceae,Eschweilera,Eschweilera_caudiculata
167,PR21,167,PR21-167,Arecaceae,Wettinia,Wettinia_quinaria
168,PR21,168,PR21-168,Fabaceae,Inga,Inga_silanchensis
169,PR21,169,PR21-169,Malvaceae,Apeiba,Apeiba_membranacea
170,PR21,170,PR21-170,Chrysobalanaceae,Licania,Licania_celiae
171,PR21,171,PR21-171,Chrysobalanaceae,Licania,Licania_glauca
172,PR21,172,PR21-172,Fabaceae,Swartzia,Swartzia_PR21-172
173,PR21,173,PR21-173,Fabaceae,Ormosia,Ormosia_amazonica
174,PR21,174,PR21-174,Chrysobalanaceae,Licania,Licania_octandra
175,PR21,175,PR21-175,Euphorbiaceae,Sapium,Sapium_laurifolium
176,PR21,176,PR21-176,Fabaceae,Dussia,Dussia_lehmannii
177,PR21,177,PR21-177,Urticaceae,Pourouma,Pourouma_guianensis
178,PR21,178,PR21-178,Arecaceae,Welfia,Welfia_regia
179,PR21,179,PR21-179,Arecaceae,Wettinia,Wettinia_quinaria
180,PR21,180,PR21-180,Arecaceae,Wettinia,Wettinia_quinaria
181,PR21,181,PR21-181,Myristicaceae,Otoba,Otoba_novogranatensis
182,PR21,182,PR21-182,Arecaceae,Wettinia,Wettinia_quinaria
183,PR21,183,PR21-183,Arecaceae,Wettinia,Wettinia_quinaria
184,PR21,184,PR21-184,Arecaceae,Wettinia,Wettinia_quinaria
185,PR21,185,PR21-185,Rubiaceae,Palicourea,Palicourea_palenquensis
186,PR21,186,PR21-186,Fabaceae,Inga,Inga_silanchensis
187,PR21,187,PR21-187,Rubiaceae,Isertia,Isertia_pittieri
188,PR21,188,PR21-188,Chrysobalanaceae,Licania,Licania_glauca
189,PR21,189,PR21-189,Rubiaceae,Isertia,Isertia_pittieri
190,PR21,190,PR21-190,Chrysobalanaceae,Licania,Licania_glauca
191,PR21,191,PR21-191,Hypericaceae,Vismia,Vismia_baccifera
192,PR21,192,PR21-192,Staphyleaceae,Turpinia,Turpinia_occidentalis
193,PR21,193,PR21-193,Sapotaceae,Chrysophyllum,Chrysophyllum_venezuelanense
194,PR21,194,PR21-194,Fabaceae,Inga,Inga_silanchensis
195,PR21,195,PR21-195,Rubiaceae,Palicourea,Palicourea_palenquensis
196,PR21,196,PR21-196,Salicaceae,Hasseltia,Hasseltia_floribunda
197,PR21,197,PR21-197,Verbenaceae,Citharexylum,Citharexylum_gentryi
198,PR21,198,PR21-198,Lauraceae,Nectandra,Nectandra_guadaripo
199,PR21,199,PR21-199,Staphyleaceae,Turpinia,Turpinia_occidentalis
200,PR21,200,PR21-200,Urticaceae,Pourouma,Pourouma_guianensis
201,PR21,201,PR21-201,Euphorbiaceae,Alchorneopsis,Alchorneopsis_floribunda
202,PR21,202,PR21-202,Fabaceae,Inga,Inga_chocoensis
203,PR21,203,PR21-203,Urticaceae,Pourouma,Pourouma_minor
204,PR21,204,PR21-204,Arecaceae,Wettinia,Wettinia_quinaria
205,PR21,205,PR21-205,Arecaceae,Wettinia,Wettinia_quinaria
206,PR21,206,PR21-206,Euphorbiaceae,Alchorneopsis,Alchorneopsis_floribunda
207,PR21,207,PR21-207,Burseraceae,Protium,Protium_ecuadorense
208,PR21,208,PR21-208,Fabaceae,Inga,Inga_nobilis
209,PR21,209,PR21-209,Malvaceae,Apeiba,Apeiba_membranacea
210,PR21,210,PR21-210,Lecythidaceae,Grias,Grias_peruviana
211,PR21,211,PR21-211,Myristicaceae,Otoba,Otoba_novogranatensis
212,PR21,212,PR21-212,Euphorbiaceae,Alchorneopsis,Alchorneopsis_floribunda
213,PR21,213,PR21-213,Melastomataceae,Miconia,Miconia_conocuatrecasii
214,PR21,214,PR21-214,Myristicaceae,Virola,Virola_reidii
215,PR21,215,PR21-215,Melastomataceae,Miconia,Miconia_conocuatrecasii
216,PR21,216,PR21-216,Polygonaceae,Coccoloba,Coccoloba_obovata
217,PR21,217,PR21-217,Lecythidaceae,Eschweilera,Eschweilera_caudiculata
218,OG38,1,OG38-1,Lecythidaceae,Grias,Grias_peruviana
219,OG38,2,OG38-2,Fabaceae,Bauhinia,Bauhinia_pichinchensis
220,OG38,3,OG38-3,Malvaceae,Sterculia,Sterculia_colombiana
221,OG38,4,OG38-4,Burseraceae,Protium,Protium_tenuifolium
222,OG38,5,OG38-5,Cordiaceae,Cordia,Cordia_lucidula
223,OG38,6,OG38-6,Arecaceae,Socratea,Socratea_exorrhiza
224,OG38,7,OG38-7,Myristicaceae,Otoba,Otoba_novogranatensis
225,OG38,8,OG38-8,Malvaceae,Matisia,Matisia_castano
226,OG38,9,OG38-9,Chrysobalanaceae,Licania,Licania_celiae
227,OG38,10,OG38-10,Arecaceae,Wettinia,Wettinia_quinaria
228,OG38,11,OG38-11,Myristicaceae,Otoba,Otoba_novogranatensis
229,OG38,12,OG38-12,Meliaceae,Guarea,Guarea_polymera
230,OG38,13,OG38-13,Arecaceae,Wettinia,Wettinia_quinaria
231,OG38,14,OG38-14,Arecaceae,Wettinia,Wettinia_quinaria
232,OG38,15,OG38-15,Urticaceae,Cecropia,Cecropia_insignis
233,OG38,16,OG38-16,Lauraceae,Nectandra,Nectandra_guadaripo
234,OG38,17,OG38-17,Malvaceae,Quararibea,Quararibea_grandifolia
235,OG38,18,OG38-18,Celastraceae,Salacia,Salacia_odorata
236,OG38,19,OG38-19,Meliaceae,Carapa,Carapa_megistocarpa
237,OG38,20,OG38-20,Moraceae,Sorocea,Sorocea_sarcocarpa
238,OG38,21,OG38-21,Fabaceae,Dussia,Dussia_lehmannii
239,OG38,22,OG38-22,Myristicaceae,Otoba,Otoba_novogranatensis
240,OG38,23,OG38-23,Meliaceae,Trichilia,Trichilia_septentrionalis
241,OG38,24,OG38-24,Arecaceae,Wettinia,Wettinia_quinaria
242,OG38,25,OG38-25,Annonaceae,Annona,Annona_edulis
243,OG38,26,OG38-26,Malvaceae,Quararibea,Quararibea_grandifolia
244,OG38,27,OG38-27,Metteniusaceae,Calatola,Calatola_costaricensis
245,OG38,28,OG38-28,Meliaceae,Ruagea,Ruagea_glabra
246,OG38,29,OG38-29,Lecythidaceae,Gustavia,Gustavia_dodsonii
247,OG38,30,OG38-30,Rubiaceae,Palicourea,Palicourea_paratinctoria
248,OG38,31,OG38-31,Rubiaceae,Palicourea,Palicourea_paratinctoria
249,OG38,32,OG38-32,Fabaceae,Swartzia,Swartzia_PR21-172
250,OG38,33,OG38-33,Arecaceae,Socratea,Socratea_exorrhiza
251,OG38,34,OG38-34,Malvaceae,Apeiba,Apeiba_membranacea
252,OG38,35,OG38-35,Myristicaceae,Otoba,Otoba_novogranatensis
253,OG38,36,OG38-36,Fabaceae,Bauhinia,Bauhinia_pichinchensis
254,OG38,37,OG38-37,Burseraceae,Dacryodes,Dacryodes_cupularis
255,OG38,38,OG38-38,Arecaceae,Socratea,Socratea_exorrhiza
256,OG38,39,OG38-39,Rubiaceae,Palicourea,Palicourea_paratinctoria
257,OG38,40,OG38-40,Piperaceae,Piper,Piper_obtusilimbum
258,OG38,41,OG38-41,Meliaceae,Trichilia,Trichilia_septentrionalis
259,OG38,42,OG38-42,Meliaceae,Guarea,Guarea_kunthiana
260,OG38,43,OG38-43,Lauraceae,Ocotea,Ocotea_sp.4
261,OG38,44,OG38-44,Arecaceae,Wettinia,Wettinia_quinaria
262,OG38,45,OG38-45,Moraceae,Clarisia,Clarisia_biflora
263,OG38,46,OG38-46,Arecaceae,Wettinia,Wettinia_quinaria
264,OG38,47,OG38-47,Fabaceae,Inga,Inga_chocoensis
265,OG38,48,OG38-48,Myrtaceae,Eugenia,Eugenia_multirimosa
266,OG38,49,OG38-49,Fabaceae,Bauhinia,Bauhinia_pichinchensis
267,OG38,50,OG38-50,Rubiaceae,Palicourea,Palicourea_paratinctoria
268,OG38,51,OG38-51,Meliaceae,Trichilia,Trichilia_septentrionalis
269,OG38,52,OG38-52,Malvaceae,Sterculia,Sterculia_colombiana
270,OG38,53,OG38-53,Lecythidaceae,Grias,Grias_peruviana
271,OG38,54,OG38-54,Lecythidaceae,Grias,Grias_peruviana
272,OG38,55,OG38-55,Arecaceae,Socratea,Socratea_exorrhiza
273,OG38,56,OG38-56,Burseraceae,Protium,Protium_ecuadorense
274,OG38,57,OG38-57,Myristicaceae,Compsoneura,Compsoneura_mutisii
275,OG38,58,OG38-58,Fabaceae,Swartzia,Swartzia_haughtii
276,OG38,59,OG38-59,Sapotaceae,Chrysophyllum,Chrysophyllum_venezuelanense
277,OG38,60,OG38-60,Arecaceae,Wettinia,Wettinia_quinaria
278,OG38,61,OG38-61,Rubiaceae,Amphidasya,Amphidasya_colombiana
279,OG38,62,OG38-62,Euphorbiaceae,Croton,Croton_tessmannii
280,OG38,63,OG38-63,Lecythidaceae,Grias,Grias_peruviana
281,OG38,64,OG38-64,Lecythidaceae,Grias,Grias_peruviana
282,OG38,65,OG38-65,Arecaceae,Wettinia,Wettinia_quinaria
283,OG38,66,OG38-66,Arecaceae,Wettinia,Wettinia_quinaria
284,OG38,67,OG38-67,Rubiaceae,Palicourea,Palicourea_palenquensis
285,OG38,68,OG38-68,Arecaceae,Socratea,Socratea_exorrhiza
286,OG38,69,OG38-69,Myrtaceae,Eugenia,Eugenia_multirimosa
287,OG38,70,OG38-70,Burseraceae,Protium,Protium_tenuifolium
288,OG38,71,OG38-71,Burseraceae,Dacryodes,Dacryodes_cupularis
289,OG38,72,OG38-72,Burseraceae,Dacryodes,Dacryodes_cupularis
290,OG38,73,OG38-73,Myristicaceae,Otoba,Otoba_novogranatensis
291,OG38,74,OG38-74,Myrtaceae,Eugenia,Eugenia_multirimosa
292,OG38,75,OG38-75,Metteniusaceae,Calatola,Calatola_costaricensis
293,OG38,76,OG38-76,Annonaceae,Cremastosperma,Cremastosperma_awaense
294,OG38,77,OG38-77,Meliaceae,Trichilia,Trichilia_septentrionalis
295,OG38,78,OG38-78,Rubiaceae,Faramea,Faramea_coffeoides
296,OG38,79,OG38-79,Arecaceae,Socratea,Socratea_exorrhiza
297,OG38,80,OG38-80,Euphorbiaceae,Croton,Croton_tessmannii
298,OG38,81,OG38-81,Malvaceae,Apeiba,Apeiba_membranacea
299,OG38,82,OG38-82,Myrtaceae,Eugenia,Eugenia_multirimosa
300,OG38,83,OG38-83,Fabaceae,Dussia,Dussia_lehmannii
301,OG38,84,OG38-84,Metteniusaceae,Metteniusa,Metteniusa_tessmanniana
302,OG38,85,OG38-85,Rubiaceae,Coussarea,Coussarea_latifolia
303,OG38,86,OG38-86,Celastraceae,Salacia,Salacia_odorata
304,OG38,87,OG38-87,Arecaceae,Wettinia,Wettinia_quinaria
305,OG38,88,OG38-88,Fabaceae,Bauhinia,Bauhinia_pichinchensis
306,OG38,89,OG38-89,Arecaceae,Wettinia,Wettinia_quinaria
307,OG38,90,OG38-90,Salicaceae,Pleuranthodendron,Pleuranthodendron_lindenii
308,OG38,91,OG38-91,Sapindaceae,Talisia,Talisia_macrophylla
309,OG38,92,OG38-92,Urticaceae,Pourouma,Pourouma_minor
310,OG38,93,OG38-93,Sapotaceae,Pouteria,Pouteria_trilocularis
311,OG38,94,OG38-94,Myristicaceae,Otoba,Otoba_novogranatensis
312,OG38,95,OG38-95,Clusiaceae,Garcinia,Garcinia_madruno
313,OG38,96,OG38-96,Malvaceae,Matisia,Matisia_castano
314,OG38,97,OG38-97,Rubiaceae,Faramea,Faramea_coffeoides
315,OG38,98,OG38-98,Myristicaceae,Otoba,Otoba_novogranatensis
316,OG38,99,OG38-99,Meliaceae,Trichilia,Trichilia_septentrionalis
317,OG38,100,OG38-100,Cordiaceae,Cordia,Cordia_lucidula
318,OG38,101,OG38-101,Fabaceae,Inga,Inga_spectabilis
319,OG38,102,OG38-102,Lauraceae,Caryodaphnopsis,Caryodaphnopsis_theobromifolia
320,OG38,103,OG38-103,Meliaceae,Trichilia,Trichilia_septentrionalis
321,OG38,104,OG38-104,Lecythidaceae,Grias,Grias_peruviana
322,OG38,105,OG38-105,Malvaceae,Matisia,Matisia_castano
323,OG38,106,OG38-106,Annonaceae,Guatteria,Guatteria_guianensis
324,OG38,107,OG38-107,Fabaceae,Swartzia,Swartzia_haughtii
325,OG38,108,OG38-108,Malvaceae,Theobroma,Theobroma_chocoensis
326,OG38,109,OG38-109,Myrtaceae,Eugenia,Eugenia_multirimosa
327,OG38,110,OG38-110,Fabaceae,Inga,Inga_jinicuil
328,OG38,111,OG38-111,Cordiaceae,Cordia,Cordia_lucidula
329,OG38,112,OG38-112,Staphyleaceae,Turpinia,Turpinia_occidentalis
330,OG38,113,OG38-113,Myristicaceae,Otoba,Otoba_novogranatensis
331,OG38,114,OG38-114,Rubiaceae,Palicourea,Palicourea_palenquensis
332,OG38,115,OG38-115,Lecythidaceae,Grias,Grias_peruviana
333,OG38,116,OG38-116,Myristicaceae,Otoba,Otoba_novogranatensis
334,OG38,117,OG38-117,Arecaceae,Socratea,Socratea_exorrhiza
335,OG38,118,OG38-118,Arecaceae,Wettinia,Wettinia_quinaria
336,OG38,119,OG38-119,Burseraceae,Protium,Protium_tenuifolium
337,OG38,120,OG38-120,Burseraceae,Protium,Protium_tenuifolium
338,OG38,121,OG38-121,Arecaceae,Wettinia,Wettinia_quinaria
339,OG38,122,OG38-122,Chrysobalanaceae,Licania,Licania_celiae
340,OG38,123,OG38-123,Rubiaceae,Coussarea,Coussarea_latifolia
341,OG38,124,OG38-124,Myristicaceae,Compsoneura,Compsoneura_mutisii
342,OG38,125,OG38-125,Myristicaceae,Compsoneura,Compsoneura_mutisii
343,OG38,126,OG38-126,Moraceae,Naucleopsis,Naucleopsis_naga
344,OG38,127,OG38-127,Myristicaceae,Otoba,Otoba_novogranatensis
345,OG38,128,OG38-128,Lecythidaceae,Eschweilera,Eschweilera_caudiculata
346,OG38,129,OG38-129,Rubiaceae,Palicourea,Palicourea_palenquensis
347,OG38,130,OG38-130,Malvaceae,Quararibea,Quararibea_grandifolia
348,OG38,131,OG38-131,Urticaceae,Pourouma,Pourouma_minor
349,OG38,132,OG38-132,Rubiaceae,Palicourea,Palicourea_palenquensis
350,OG38,133,OG38-133,Salicaceae,Pleuranthodendron,Pleuranthodendron_lindenii
351,OG38,134,OG38-134,Fabaceae,Dussia,Dussia_lehmannii
352,OG38,135,OG38-135,Arecaceae,Wettinia,Wettinia_quinaria
353,OG38,136,OG38-136,Erythropalaceae,Heisteria,Heisteria_pacifica
354,OG38,137,OG38-137,Arecaceae,Socratea,Socratea_exorrhiza
355,OG38,138,OG38-138,Fabaceae,Swartzia,Swartzia_haughtii
356,OG38,139,OG38-139,Lecythidaceae,Grias,Grias_peruviana
357,OG38,140,OG38-140,Rubiaceae,Palicourea,Palicourea_palenquensis
358,OG38,141,OG38-141,Arecaceae,Wettinia,Wettinia_quinaria
359,OG38,142,OG38-142,Arecaceae,Wettinia,Wettinia_quinaria
360,OG38,143,OG38-143,Malvaceae,Apeiba,Apeiba_membranacea
361,OG38,144,OG38-144,Meliaceae,Carapa,Carapa_megistocarpa
362,OG38,145,OG38-145,Arecaceae,Wettinia,Wettinia_quinaria
363,OG38,146,OG38-146,Arecaceae,Iriartea,Iriartea_deltoidea
364,OG38,147,OG38-147,Meliaceae,Trichilia,Trichilia_surinamensis
365,OG38,148,OG38-148,Lamiaceae,Vitex,Vitex_orinocensis
366,OG38,149,OG38-149,Metteniusaceae,Dendrobangia,Dendrobangia_boliviana
367,CR06,1,CR06-1,Arecaceae,Wettinia,Wettinia_quinaria
368,CR06,2,CR06-2,Salicaceae,Banara,Banara_guianensis
369,CR06,3,CR06-3,Arecaceae,Wettinia,Wettinia_quinaria
370,CR06,4,CR06-4,Myristicaceae,Otoba,Otoba_novogranatensis
371,CR06,5,CR06-5,Malvaceae,Theobroma,Theobroma_cacao
372,CR06,NA,CR06-NA,Arecaceae,Wettinia,Wettinia_quinaria
373,CR06,NA,CR06-NA,Staphyleaceae,Turpinia,Turpinia_occidentalis
374,CR06,NA,CR06-NA,Apocynaceae,Tabernaemontana,Tabernaemontana_amygdalifolia
375,CR06,6,CR06-6,Arecaceae,Wettinia,Wettinia_quinaria
376,CR06,7,CR06-7,Malvaceae,Theobroma,Theobroma_cacao
377,CR06,8,CR06-8,Arecaceae,Bactris,Bactris_setulosa
378,CR06,9,CR06-9,Malvaceae,Theobroma,Theobroma_cacao
379,CR06,10,CR06-10,Urticaceae,Cecropia,Cecropia_insignis
380,CR06,11,CR06-11,Malvaceae,Theobroma,Theobroma_cacao
381,CR06,12,CR06-12,Malvaceae,Theobroma,Theobroma_cacao
382,CR06,13,CR06-13,Asteraceae,Vernonanthura,Vernonanthura_patens
383,CR06,14,CR06-14,Lecythidaceae,Grias,Grias_peruviana
384,CR06,15,CR06-15,Arecaceae,Wettinia,Wettinia_quinaria
385,CR06,16,CR06-16,Malvaceae,Theobroma,Theobroma_cacao
386,CR06,17,CR06-17,Malvaceae,Theobroma,Theobroma_cacao
387,CR06,18,CR06-18,Malvaceae,Theobroma,Theobroma_cacao
388,CR06,19,CR06-19,Piperaceae,Piper,Piper_longicaudatum
389,CR06,20,CR06-20,Fabaceae,Inga,Inga_chocoensis
390,CR06,21,CR06-21,Arecaceae,Wettinia,Wettinia_quinaria
391,CR06,22,CR06-22,Fabaceae,Inga,Inga_jinicuil
392,CR06,23,CR06-23,Urticaceae,Cecropia,Cecropia_insignis
393,CR06,24,CR06-24,Moraceae,Poulsenia,Poulsenia_armata
394,CR06,25,CR06-25,Arecaceae,Wettinia,Wettinia_quinaria
395,CR06,26,CR06-26,Arecaceae,Wettinia,Wettinia_quinaria
396,CR06,27,CR06-27,Arecaceae,Wettinia,Wettinia_quinaria
397,CR06,28,CR06-28,Fabaceae,Inga,Inga_jinicuil
398,CR06,29,CR06-29,Malvaceae,Theobroma,Theobroma_cacao
399,CR06,30,CR06-30,Malvaceae,Theobroma,Theobroma_cacao
400,CR06,31,CR06-31,Malvaceae,Apeiba,Apeiba_membranacea
401,CR06,32,CR06-32,Urticaceae,Cecropia,Cecropia_insignis
402,CR06,33,CR06-33,Arecaceae,Bactris,Bactris_setulosa
403,CR06,34,CR06-34,Malvaceae,Theobroma,Theobroma_cacao
404,CR06,35,CR06-35,Urticaceae,Cecropia,Cecropia_insignis
405,CR06,36,CR06-36,Fabaceae,Inga,Inga_nobilis
406,CR06,37,CR06-37,Malvaceae,Theobroma,Theobroma_cacao
407,CR06,38,CR06-38,Urticaceae,Cecropia,Cecropia_insignis
408,CR06,39,CR06-39,Arecaceae,Wettinia,Wettinia_quinaria
409,CR06,40,CR06-40,Malvaceae,Theobroma,Theobroma_cacao
410,CR06,41,CR06-41,Malvaceae,Theobroma,Theobroma_cacao
411,CR06,42,CR06-42,Schlegeliaceae,Exarata,Exarata_chocoensis
412,CR06,43,CR06-43,Malvaceae,Theobroma,Theobroma_cacao
413,CR06,44,CR06-44,Malvaceae,Theobroma,Theobroma_cacao
414,CR06,45,CR06-45,Melastomataceae,Miconia,Miconia_conocuatrecasii
415,CR06,46,CR06-46,Staphyleaceae,Turpinia,Turpinia_occidentalis
416,CR06,47,CR06-47,Malvaceae,Theobroma,Theobroma_cacao
417,CR06,48,CR06-48,Arecaceae,Wettinia,Wettinia_quinaria
418,CR06,49,CR06-49,Clusiaceae,Tovomita,Tovomita_nicaraguensis
419,CR06,50,CR06-50,Meliaceae,Carapa,Carapa_megistocarpa
420,CR06,51,CR06-51,Moraceae,Poulsenia,Poulsenia_armata
421,CR06,52,CR06-52,Urticaceae,Cecropia,Cecropia_insignis
422,CR06,53,CR06-53,Malvaceae,Theobroma,Theobroma_cacao
423,CR06,54,CR06-54,Clusiaceae,Tovomita,Tovomita_nicaraguensis
424,CR06,55,CR06-55,Fabaceae,Inga,Inga_ruiziana
425,CR06,56,CR06-56,Arecaceae,Wettinia,Wettinia_quinaria
426,CR06,57,CR06-57,Arecaceae,Wettinia,Wettinia_quinaria
427,CR06,58,CR06-58,Arecaceae,Wettinia,Wettinia_quinaria
428,CR06,59,CR06-59,Malvaceae,Theobroma,Theobroma_cacao
429,CR06,60,CR06-60,Arecaceae,Wettinia,Wettinia_quinaria
430,CR06,61,CR06-61,Malvaceae,Theobroma,Theobroma_cacao
431,CR06,62,CR06-62,Arecaceae,Wettinia,Wettinia_quinaria
432,CR06,63,CR06-63,Moraceae,Poulsenia,Poulsenia_armata
433,CR06,64,CR06-64,Staphyleaceae,Turpinia,Turpinia_occidentalis
434,CR06,65,CR06-65,Malvaceae,Apeiba,Apeiba_membranacea
435,CR06,66,CR06-66,Arecaceae,Wettinia,Wettinia_quinaria
436,CR06,67,CR06-67,Malvaceae,Apeiba,Apeiba_membranacea
437,CR06,68,CR06-68,Arecaceae,Wettinia,Wettinia_quinaria
438,CR06,69,CR06-69,Arecaceae,Wettinia,Wettinia_quinaria
439,CR06,70,CR06-70,Malvaceae,Theobroma,Theobroma_cacao
440,CR06,71,CR06-71,Arecaceae,Wettinia,Wettinia_quinaria
441,CR06,72,CR06-72,Moraceae,Poulsenia,Poulsenia_armata
442,CR06,73,CR06-73,Fabaceae,Inga,Inga_edulis
443,CR06,74,CR06-74,Urticaceae,Cecropia,Cecropia_insignis
444,CR06,75,CR06-75,Malvaceae,Theobroma,Theobroma_cacao
445,CR06,76,CR06-76,Urticaceae,Cecropia,Cecropia_insignis
446,CR06,77,CR06-77,Malvaceae,Theobroma,Theobroma_cacao
447,CR06,78,CR06-78,Malvaceae,Theobroma,Theobroma_cacao
448,CR06,79,CR06-79,Malvaceae,Theobroma,Theobroma_cacao
449,CR06,80,CR06-80,Phyllanthaceae,Hieronyma,Hieronyma_alchorneoides
450,CR06,81,CR06-81,Malvaceae,Theobroma,Theobroma_cacao
451,CR06,82,CR06-82,Malvaceae,Theobroma,Theobroma_cacao
452,CR06,83,CR06-83,Malvaceae,Theobroma,Theobroma_cacao
453,CR06,84,CR06-84,Malvaceae,Theobroma,Theobroma_cacao
454,CR06,85,CR06-85,Sapindaceae,Matayba,Matayba_scrobiculata
455,CR06,86,CR06-86,Malvaceae,Theobroma,Theobroma_cacao
456,CR06,87,CR06-87,Malvaceae,Theobroma,Theobroma_cacao
457,CR06,88,CR06-88,Malvaceae,Theobroma,Theobroma_cacao
458,CR06,89,CR06-89,Malvaceae,Theobroma,Theobroma_cacao
459,CR06,90,CR06-90,Malvaceae,Theobroma,Theobroma_cacao
460,CR06,91,CR06-91,Malvaceae,Theobroma,Theobroma_cacao
461,CR06,92,CR06-92,Malvaceae,Theobroma,Theobroma_cacao
462,CR06,93,CR06-93,Malvaceae,Theobroma,Theobroma_cacao
463,CR06,94,CR06-94,Fabaceae,Inga,Inga_silanchensis
464,CR06,95,CR06-95,Malvaceae,Theobroma,Theobroma_cacao
465,CR06,96,CR06-96,Malvaceae,Theobroma,Theobroma_cacao
466,CR06,97,CR06-97,Malvaceae,Theobroma,Theobroma_cacao
467,CR06,98,CR06-98,Urticaceae,Cecropia,Cecropia_insignis
468,CR06,99,CR06-99,Arecaceae,Wettinia,Wettinia_quinaria
469,CR06,100,CR06-100,Malvaceae,Theobroma,Theobroma_cacao
470,CR06,101,CR06-101,Urticaceae,Cecropia,Cecropia_insignis
471,CR06,102,CR06-102,Malvaceae,Theobroma,Theobroma_cacao
472,CR06,103,CR06-103,Malvaceae,Theobroma,Theobroma_cacao
473,CR06,104,CR06-104,Malvaceae,Theobroma,Theobroma_cacao
474,CR06,105,CR06-105,Malvaceae,Theobroma,Theobroma_cacao
475,CR06,106,CR06-106,Malvaceae,Theobroma,Theobroma_cacao
476,CR06,107,CR06-107,Malvaceae,Theobroma,Theobroma_cacao
477,CR06,108,CR06-108,Fabaceae,Cojoba,Cojoba_arborea
478,CR06,109,CR06-109,Malvaceae,Theobroma,Theobroma_cacao
479,CR06,110,CR06-110,Arecaceae,Wettinia,Wettinia_quinaria
480,CR06,111,CR06-111,Hypericaceae,Vismia,Vismia_baccifera
481,CR06,112,CR06-112,Fabaceae,Cojoba,Cojoba_arborea
482,CR06,113,CR06-113,Cordiaceae,Cordia,Cordia_alliodora
483,CR06,114,CR06-114,Fabaceae,Inga,Inga_edulis
484,CR06,115,CR06-115,Malvaceae,Theobroma,Theobroma_cacao
485,CR06,116,CR06-116,Moraceae,Artocarpus,Artocarpus_altilis
486,CR06,117,CR06-117,Phyllanthaceae,Hieronyma,Hieronyma_alchorneoides
487,CR06,118,CR06-118,Fabaceae,Ecuadendron,Ecuadendron_acosta-solisianum
488,CR06,119,CR06-119,Fabaceae,Schyzolobium,Schyzolobium_parahyba
489,CR06,120,CR06-120,Salicaceae,Banara,Banara_guianensis
490,CR06,121,CR06-121,Malvaceae,Theobroma,Theobroma_cacao
491,CR06,122,CR06-122,Malvaceae,Theobroma,Theobroma_cacao
492,CR06,123,CR06-123,Fabaceae,Cojoba,Cojoba_arborea
493,CR06,124,CR06-124,Phyllanthaceae,Hieronyma,Hieronyma_alchorneoides
494,CR06,125,CR06-125,Arecaceae,Wettinia,Wettinia_quinaria
495,CR06,126,CR06-126,Malvaceae,Apeiba,Apeiba_membranacea
496,CR06,127,CR06-127,Malvaceae,Apeiba,Apeiba_membranacea
497,CR06,128,CR06-128,Salicaceae,Pleuranthodendron,Pleuranthodendron_lindenii
498,CR06,129,CR06-129,Moraceae,Castilla,Castilla_elastica
499,CR06,130,CR06-130,Melastomataceae,Miconia,Miconia_conocuatrecasii
500,CR06,131,CR06-131,Rubiaceae,Pentagonia,Pentagonia_grandiflora
501,CR06,132,CR06-132,Rubiaceae,Pentagonia,Pentagonia_grandiflora
502,CR06,133,CR06-133,NA,NA,NA
503,CR06,134,CR06-134,NA,NA,NA
504,CR06,135,CR06-135,NA,NA,NA
505,CR06,136,CR06-136,NA,NA,NA
506,CR06,137,CR06-137,Malvaceae,Theobroma,Theobroma_cacao
507,CR06,138,CR06-138,Fabaceae,Inga,Inga_edulis
508,CR06,139,CR06-139,Salicaceae,Xylosma,Xylosma_tessmannii
509,CR06,140,CR06-140,Malvaceae,Theobroma,Theobroma_cacao
510,CR06,141,CR06-141,Urticaceae,Cecropia,Cecropia_insignis
511,CR06,142,CR06-142,Phyllanthaceae,Hieronyma,Hieronyma_alchorneoides
512,CR06,143,CR06-143,Arecaceae,Wettinia,Wettinia_quinaria
513,CR06,144,CR06-144,Malvaceae,Theobroma,Theobroma_cacao
514,CR06,145,CR06-145,Malvaceae,Theobroma,Theobroma_cacao
515,CR06,146,CR06-146,Meliaceae,Guarea,Guarea_kunthiana
516,CR06,147,CR06-147,Malvaceae,Theobroma,Theobroma_cacao
517,CR06,148,CR06-148,Arecaceae,Wettinia,Wettinia_quinaria
518,CR06,149,CR06-149,Salicaceae,Xylosma,Xylosma_tessmannii
519,CR06,150,CR06-150,Malvaceae,Theobroma,Theobroma_cacao
520,CR06,151,CR06-151,Arecaceae,Wettinia,Wettinia_quinaria
521,CR06,152,CR06-152,Phyllanthaceae,Hieronyma,Hieronyma_alchorneoides
522,CR06,153,CR06-153,Burseraceae,Dacryodes,Dacryodes_cupularis
523,CR06,154,CR06-154,Euphorbiaceae,Sapium,Sapium_laurifolium
524,CR06,155,CR06-155,Apocynaceae,Lacmellea,Lacmellea_speciosa
525,CR06,156,CR06-156,Rubiaceae,Palicourea,Palicourea_chimboracensis
526,CR06,157,CR06-157,Salicaceae,Banara,Banara_guianensis
527,CR06,158,CR06-158,Urticaceae,Cecropia,Cecropia_insignis
528,CR06,159,CR06-159,Salicaceae,Banara,Banara_guianensis
529,CR06,160,CR06-160,Salicaceae,Banara,Banara_guianensis
530,CR06,161,CR06-161,Violaceae,Fusispermum,Fusispermum_minutiflorum
531,CR06,162,CR06-162,Urticaceae,Cecropia,Cecropia_insignis
532,CR06,163,CR06-163,Urticaceae,Cecropia,Cecropia_hispidissima
533,CR06,164,CR06-164,Malvaceae,Theobroma,Theobroma_cacao
534,CR06,165,CR06-165,Malvaceae,Apeiba,Apeiba_membranacea
535,CR06,166,CR06-166,Malvaceae,Theobroma,Theobroma_cacao
536,CR06,167,CR06-167,Arecaceae,Wettinia,Wettinia_quinaria
537,CR06,168,CR06-168,Arecaceae,Wettinia,Wettinia_quinaria
538,CR06,169,CR06-169,Arecaceae,Wettinia,Wettinia_quinaria
539,CR06,170,CR06-170,Moraceae,Poulsenia,Poulsenia_armata
540,CR06,171,CR06-171,Urticaceae,Cecropia,Cecropia_hispidissima
541,CR06,172,CR06-172,Urticaceae,Cecropia,Cecropia_garciae
542,CR06,173,CR06-173,Urticaceae,Cecropia,Cecropia_insignis
543,CR06,174,CR06-174,Arecaceae,Wettinia,Wettinia_quinaria
544,CR06,175,CR06-175,Phyllanthaceae,Hieronyma,Hieronyma_alchorneoides
545,CR06,176,CR06-176,Burseraceae,Dacryodes,Dacryodes_cupularis
546,CR06,177,CR06-177,Malvaceae,Apeiba,Apeiba_membranacea
547,CR06,178,CR06-178,Phyllanthaceae,Hieronyma,Hieronyma_alchorneoides
548,CR06,179,CR06-179,Malvaceae,Sterculia,Sterculia_colombiana
549,CR06,180,CR06-180,Staphyleaceae,Turpinia,Turpinia_occidentalis
550,CR06,181,CR06-181,Arecaceae,Wettinia,Wettinia_quinaria
551,CR06,182,CR06-182,Arecaceae,Wettinia,Wettinia_quinaria
552,CR06,183,CR06-183,Celastraceae,Maytenus,Maytenus_macrocarpa
553,CR06,184,CR06-184,Lauraceae,Ocotea,Ocotea_sp.2
554,CR06,185,CR06-185,Myrtaceae,Eugenia,Eugenia_oerstediana
555,CR06,186,CR06-186,Myristicaceae,Otoba,Otoba_novogranatensis
556,CR06,187,CR06-187,Arecaceae,Wettinia,Wettinia_quinaria
557,CR06,188,CR06-188,Arecaceae,Wettinia,Wettinia_quinaria
558,CR06,189,CR06-189,Burseraceae,Protium,Protium_ecuadorense
559,OG50,1,OG50-1,Melastomataceae,Miconia,Miconia_OG50-1
560,OG50,2,OG50-2,Urticaceae,Pourouma,Pourouma_guianensis
561,OG50,3,OG50-3,Burseraceae,Dacryodes,Dacryodes_cupularis
562,OG50,4,OG50-4,NA,NA,NA
563,OG50,5,OG50-5,Arecaceae,Iriartea,Iriartea_deltoidea
564,OG50,6,OG50-6,Arecaceae,Wettinia,Wettinia_quinaria
565,OG50,7,OG50-7,Nyctaginaceae,Neea,Neea_cf._OG50-7
566,OG50,8,OG50-8,Ochnaceae,Ouratea,Ouratea_grandifolia
567,OG50,9,OG50-9,Clusiaceae,Tovomita,Tovomita_longifolia
568,OG50,10,OG50-10,Arecaceae,Wettinia,Wettinia_quinaria
569,OG50,11,OG50-11,Arecaceae,Iriartea,Iriartea_deltoidea
570,OG50,12,OG50-12,Euphorbiaceae,Mabea,Mabea_occidentalis
571,OG50,13,OG50-13,Staphyleaceae,Turpinia,Turpinia_occidentalis
572,OG50,14,OG50-14,Apocynaceae,Tabernaemontana,Tabernaemontana_amygdalifolia
573,OG50,15,OG50-15,Arecaceae,Iriartea,Iriartea_deltoidea
574,OG50,16,OG50-16,Arecaceae,Wettinia,Wettinia_quinaria
575,OG50,17,OG50-17,Lecythidaceae,Eschweilera,Eschweilera_rimbachii
576,OG50,18,OG50-18,Arecaceae,Wettinia,Wettinia_quinaria
577,OG50,19,OG50-19,Myristicaceae,Otoba,Otoba_novogranatensis
578,OG50,20,OG50-20,Arecaceae,Iriartea,Iriartea_deltoidea
579,OG50,21,OG50-21,Arecaceae,Wettinia,Wettinia_quinaria
580,OG50,22,OG50-22,Arecaceae,Wettinia,Wettinia_quinaria
581,OG50,23,OG50-23,Clusiaceae,Garcinia,Garcinia_madruno
582,OG50,24,OG50-24,Clusiaceae,Symphonia,Symphonia_globulifera
583,OG50,25,OG50-25,Melastomataceae,Henriettella,Henriettella_lawrancei
584,OG50,26,OG50-26,Arecaceae,Wettinia,Wettinia_quinaria
585,OG50,27,OG50-27,Meliaceae,Guarea,Guarea_kunthiana
586,OG50,28,OG50-28,Fabaceae,Inga,Inga_cf._OG50-28
587,OG50,29,OG50-29,Arecaceae,Wettinia,Wettinia_quinaria
588,OG50,30,OG50-30,Arecaceae,Iriartea,Iriartea_deltoidea
589,OG50,31,OG50-31,Myristicaceae,Otoba,Otoba_cyclobasis
590,OG50,32,OG50-32,Arecaceae,Wettinia,Wettinia_quinaria
591,OG50,33,OG50-33,Arecaceae,Wettinia,Wettinia_quinaria
592,OG50,34,OG50-34,Arecaceae,Iriartea,Iriartea_deltoidea
593,OG50,35,OG50-35,Urticaceae,Pourouma,Pourouma_guianensis
594,OG50,36,OG50-36,Lecythidaceae,Gustavia,Gustavia_hexapetala
595,OG50,37,OG50-37,Arecaceae,Wettinia,Wettinia_quinaria
596,OG50,38,OG50-38,Arecaceae,Iriartea,Iriartea_deltoidea
597,OG50,39,OG50-39,Myristicaceae,Virola,Virola_reidii
598,OG50,40,OG50-40,Arecaceae,Iriartea,Iriartea_deltoidea
599,OG50,41,OG50-41,Arecaceae,Iriartea,Iriartea_deltoidea
600,OG50,42,OG50-42,Arecaceae,Iriartea,Iriartea_deltoidea
601,OG50,43,OG50-43,Moraceae,Naucleopsis,Naucleopsis_ulei
602,OG50,44,OG50-44,Arecaceae,Iriartea,Iriartea_deltoidea
603,OG50,45,OG50-45,Urticaceae,Cecropia,Cecropia_insignis
604,OG50,46,OG50-46,Arecaceae,Iriartea,Iriartea_deltoidea
605,OG50,47,OG50-47,Moraceae,Otoba,Otoba_cyclobasis
606,OG50,48,OG50-48,Arecaceae,Wettinia,Wettinia_quinaria
607,OG50,49,OG50-49,Arecaceae,Wettinia,Wettinia_quinaria
608,OG50,50,OG50-50,Lauraceae,NA,NA
609,OG50,51,OG50-51,Arecaceae,Iriartea,Iriartea_deltoidea
610,OG50,52,OG50-52,Arecaceae,Iriartea,Iriartea_deltoidea
611,OG50,53,OG50-53,Arecaceae,Iriartea,Iriartea_deltoidea
612,OG50,54,OG50-54,Fabaceae,Inga,Inga_'sin_alas_impar'
613,OG50,55,OG50-55,Arecaceae,Iriartea,Iriartea_deltoidea
614,OG50,56,OG50-56,Arecaceae,Wettinia,Wettinia_quinaria
615,OG50,57,OG50-57,Arecaceae,Iriartea,Iriartea_deltoidea
616,OG50,58,OG50-58,Rubiaceae,Palicourea,Palicourea_paratinctoria
617,OG50,59,OG50-59,Fabaceae,Inga,Inga_multicaulis
618,OG50,60,OG50-60,Arecaceae,Wettinia,Wettinia_quinaria
619,OG50,61,OG50-61,Malvaceae,Quararibea,Quararibea_grandifolia
620,OG50,62,OG50-62,Simaroubaceae,Simarouba,Simarouba_amara
621,OG50,63,OG50-63,Lauraceae,Nectandra,Nectandra_tomentosa
622,OG50,64,OG50-64,Arecaceae,Socratea,Socratea_exorrhiza
623,OG50,65,OG50-65,Arecaceae,Wettinia,Wettinia_quinaria
624,OG50,66,OG50-66,Sapindaceae,Allophylus,Allophylus_angustatus
625,OG50,67,OG50-67,Rubiaceae,Palicourea,Palicourea_paratinctoria
626,OG50,68,OG50-68,Arecaceae,Iriartea,Iriartea_deltoidea
627,OG50,69,OG50-69,Arecaceae,Wettinia,Wettinia_quinaria
628,OG50,70,OG50-70,Myristicaceae,Compsoneura,Compsoneura_mutisii
629,OG50,71,OG50-71,Rubiaceae,Alibertia,Alibertia_patinoi
630,OG50,72,OG50-72,Arecaceae,Socratea,Socratea_exorrhiza
631,OG50,73,OG50-73,Lecythidaceae,Grias,Grias_peruviana
632,OG50,74,OG50-74,Sapotaceae,Pouteria,Pouteria_trilocularis
633,OG50,75,OG50-75,Urticaceae,Cecropia,Cecropia_garciae
634,OG50,76,OG50-76,Malvaceae,Quararibea,Quararibea_caldasiana
635,OG50,77,OG50-77,Rubiaceae,Alibertia,Alibertia_patinoi
636,OG50,78,OG50-78,Malvaceae,Quararibea,Quararibea_caldasiana
637,OG50,79,OG50-79,Malvaceae,Quararibea,Quararibea_caldasiana
638,OG50,80,OG50-80,Moraceae,Castilla,Castilla_elastica
639,OG50,81,OG50-81,NA,NA,NA
640,OG50,82,OG50-82,Urticaceae,Cecropia,Cecropia_garciae
641,OG50,83,OG50-83,Myristicaceae,Otoba,Otoba_novogranatensis
642,OG50,84,OG50-84,Arecaceae,Wettinia,Wettinia_quinaria
643,OG50,85,OG50-85,Arecaceae,Wettinia,Wettinia_quinaria
644,OG50,86,OG50-86,Urticaceae,Cecropia,Cecropia_insignis
645,OG50,87,OG50-87,Caricaceae,Jacaratia,Jacaratia_spinosa
646,OG50,88,OG50-88,Arecaceae,Iriartea,Iriartea_deltoidea
647,OG50,89,OG50-89,Lauraceae,Pleurothyrium,Pleurothyrium_sp.1
648,OG50,90,OG50-90,Arecaceae,Iriartea,Iriartea_deltoidea
649,OG50,91,OG50-91,Moraceae,Perebea,Perebea_xanthochyma
650,OG50,92,OG50-92,Arecaceae,Iriartea,Iriartea_deltoidea
651,OG50,93,OG50-93,Staphyleaceae,Turpinia,Turpinia_occidentalis
652,OG50,94,OG50-94,NA,NA,NA
653,OG50,95,OG50-95,Arecaceae,Iriartea,Iriartea_deltoidea
654,OG50,96,OG50-96,Dipentodontaceae,Perrottetia,Perrottetia_sessiliflora
655,OG50,97,OG50-97,Arecaceae,Iriartea,Iriartea_deltoidea
656,OG50,98,OG50-98,Arecaceae,Iriartea,Iriartea_deltoidea
657,OG50,99,OG50-99,Arecaceae,Iriartea,Iriartea_deltoidea
658,OG50,100,OG50-100,Arecaceae,Iriartea,Iriartea_deltoidea
659,OG50,101,OG50-101,Arecaceae,Iriartea,Iriartea_deltoidea
660,OG50,102,OG50-102,Fabaceae,Inga,Inga_OG50-28
661,OG50,103,OG50-103,Moraceae,Brosimum,Brosimum_guianense
662,OG50,104,OG50-104,Moraceae,Brosimum,Brosimum_guianense
663,OG50,105,OG50-105,Arecaceae,Wettinia,Wettinia_quinaria
664,OG50,106,OG50-106,Fabaceae,Inga,Inga_stenoptera
665,OG50,107,OG50-107,Burseraceae,Protium,Protium_ecuadorense
666,OG50,108,OG50-108,Fabaceae,Inga,Inga_sp.2
667,OG50,109,OG50-109,Arecaceae,Iriartea,Iriartea_deltoidea
668,OG50,110,OG50-110,Arecaceae,Wettinia,Wettinia_quinaria
669,OG50,111,OG50-111,Ochnaceae,Ouratea,Ouratea_grandifolia
670,OG50,112,OG50-112,Ochnaceae,Ouratea,Ouratea_grandifolia
671,OG50,113,OG50-113,Apocynaceae,Tabernaemontana,Tabernaemontana_amygdalifolia
672,OG50,114,OG50-114,Moraceae,Brosimum,Brosimum_utile
673,OG50,115,OG50-115,Caricaceae,Jacaratia,Jacaratia_spinosa
674,OG50,116,OG50-116,Lauraceae,Nectandra,Nectandra_guadaripo
675,OG50,117,OG50-117,Urticaceae,Cecropia,Cecropia_garciae
676,OG50,118,OG50-118,Moraceae,Brosimum,Brosimum_utile
677,OG50,119,OG50-119,Lauraceae,Nectandra,Nectandra_tomentosa
678,OG50,120,OG50-120,Moraceae,Brosimum,Brosimum_utile
679,OG50,121,OG50-121,Fabaceae,Inga,Inga_sp.2
680,OG50,122,OG50-122,Lecythidaceae,Gustavia,Gustavia_hexapetala
681,OG50,123,OG50-123,Arecaceae,Iriartea,Iriartea_deltoidea
682,OG50,124,OG50-124,Malvaceae,Matisia,Matisia_longipes
683,OG50,125,OG50-125,Rubiaceae,Palicourea,Palicourea_palenquensis
684,OG50,126,OG50-126,Moraceae,Sorocea,Sorocea_jaramilloi
685,OG50,127,OG50-127,Burseraceae,Protium,Protium_ecuadorense
686,OG50,128,OG50-128,Fabaceae,Inga,Inga_stenoptera
687,OG50,129,OG50-129,Urticaceae,Cecropia,Cecropia_garciae
688,OG50,130,OG50-130,Urticaceae,Pourouma,Pourouma_guianensis
689,OG50,131,OG50-131,Phyllanthaceae,Hieronyma,Hieronyma_alchorneoides
690,OG50,132,OG50-132,Burseraceae,Dacryodes,Dacryodes_cupularis
691,OG50,133,OG50-133,Arecaceae,Wettinia,Wettinia_quinaria
692,OG50,134,OG50-134,Myristicaceae,Otoba,Otoba_cyclobasis
693,OG50,135,OG50-135,Arecaceae,Iriartea,Iriartea_deltoidea
694,OG50,136,OG50-136,Burseraceae,Protium,Protium_ecuadorense
695,OG50,137,OG50-137,,OG50-137,OG50-137
696,OG50,138,OG50-138,Moraceae,Naucleopsis,Naucleopsis_ulei
697,OG50,139,OG50-139,Arecaceae,Iriartea,Iriartea_deltoidea
698,OG50,140,OG50-140,Nyctaginaceae,Neea,Neea_divaricata
699,OG50,141,OG50-141,Rutaceae,Hortia,Hortia_brasiliana
700,OG50,142,OG50-142,Urticaceae,Pourouma,Pourouma_guianensis
701,OG50,143,OG50-143,Malvaceae,Matisia,Matisia_longipes
702,OG50,144,OG50-144,Arecaceae,Wettinia,Wettinia_quinaria
703,OG50,145,OG50-145,Arecaceae,Wettinia,Wettinia_quinaria
704,OG50,146,OG50-146,Sapotaceae,Pouteria,Pouteria_caimito
705,OG50,147,OG50-147,Burseraceae,Protium,Protium_ecuadorense
706,OG50,148,OG50-148,Arecaceae,Iriartea,Iriartea_deltoidea
707,OG50,149,OG50-149,Myristicaceae,Virola,Virola_reidii
708,OG50,150,OG50-150,Lecythidaceae,Gustavia,Gustavia_hexapetala
709,OG50,151,OG50-151,Arecaceae,Iriartea,Iriartea_deltoidea
710,OG50,152,OG50-152,Myristicaceae,Otoba,Otoba_novogranatensis
711,OG50,153,OG50-153,Arecaceae,Wettinia,Wettinia_quinaria
712,OG50,154,OG50-154,Arecaceae,Iriartea,Iriartea_deltoidea
713,OG50,155,OG50-155,Lecythidaceae,Grias,Grias_peruviana
714,OG50,156,OG50-156,Myrtaceae,Eugenia,Eugenia_oerstediana
715,OG50,157,OG50-157,Arecaceae,Iriartea,Iriartea_deltoidea
716,OG50,158,OG50-158,Malvaceae,Apeiba,Apeiba_membranacea
717,OG50,159,OG50-159,Arecaceae,Wettinia,Wettinia_quinaria
718,OG50,160,OG50-160,Violaceae,Fusispermum,Fusispermum_minutiflorum
719,OG50,161,OG50-161,Myristicaceae,Otoba,Otoba_gracilipes
720,OG50,162,OG50-162,Malvaceae,Quararibea,Quararibea_grandifolia
721,OG50,163,OG50-163,Fabaceae,Inga,Inga_spectabilis
722,OG50,164,OG50-164,Rubiaceae,Alibertia,Alibertia_patinoi
723,OG50,165,OG50-165,Myristicaceae,Otoba,Otoba_novogranatensis
724,OG50,166,OG50-166,Malvaceae,Quararibea,Quararibea_caldasiana
725,OG50,167,OG50-167,Arecaceae,Wettinia,Wettinia_quinaria
726,OG50,168,OG50-168,Myristicaceae,Otoba,Otoba_novogranatensis
727,OG50,169,OG50-169,Lecythidaceae,Gustavia,Gustavia_serrata
728,OG50,170,OG50-170,Arecaceae,Iriartea,Iriartea_deltoidea
729,OG50,171,OG50-171,Arecaceae,Iriartea,Iriartea_deltoidea
730,OG50,172,OG50-172,Erythropalaceae,Heisteria,Heisteria_pacifica
731,OG50,173,OG50-173,Salicaceae,Casearia,Casearia_mariquitensis
732,OG50,174,OG50-174,Rubiaceae,Randia,Randia_armata
733,OG50,175,OG50-175,Arecaceae,Iriartea,Iriartea_deltoidea
734,OG50,176,OG50-176,Myrtaceae,Calyptranthes,Calyptranthes_speciosa
735,OG50,177,OG50-177,NA,NA,NA
736,OG50,178,OG50-178,Urticaceae,Coussapoa,Coussapoa_villosa
737,OG50,179,OG50-179,Urticaceae,Coussapoa,Coussapoa_villosa
738,OG50,180,OG50-180,Malvaceae,Matisia,Matisia_longipes
739,OG50,181,OG50-181,Lecythidaceae,Grias,Grias_peruviana
740,OG50,182,OG50-182,Fabaceae,Inga,Inga_OG50-182
741,OG50,183,OG50-183,Myristicaceae,Compsoneura,Compsoneura_mutisii
742,OG50,184,OG50-184,Myristicaceae,Otoba,Otoba_cyclobasis
743,OG50,185,OG50-185,Clusiaceae,Symphonia,Symphonia_globulifera
744,OG50,186,OG50-186,Clusiaceae,Tovomita,Tovomita_longifolia
745,OG50,187,OG50-187,Moraceae,Naucleopsis,Naucleopsis_ulei
746,OG50,188,OG50-188,Malvaceae,Matisia,Matisia_longipes
747,OG50,189,OG50-189,Fabaceae,Inga,Inga_stenoptera
748,OG50,190,OG50-190,Myrtaceae,Myrcia,Myrcia_fallax
749,OG50,191,OG50-191,Malvaceae,Sterculia,Sterculia_corrugata
750,OG50,192,OG50-192,Salicaceae,Casearia,Casearia_mariquitensis
751,OG50,193,OG50-193,Myristicaceae,Otoba,Otoba_novogranatensis
752,OG50,194,OG50-194,Arecaceae,Iriartea,Iriartea_deltoidea
753,OG50,195,OG50-195,Moraceae,Castilla,Castilla_tunu
754,OG50,196,OG50-196,Arecaceae,Iriartea,Iriartea_deltoidea
755,OG50,197,OG50-197,Lecythidaceae,Gustavia,Gustavia_dodsonii
756,OG50,198,OG50-198,Urticaceae,Cecropia,Cecropia_insignis
757,OG50,199,OG50-199,Arecaceae,Iriartea,Iriartea_deltoidea
758,OG50,200,OG50-200,Staphyleaceae,Turpinia,Turpinia_occidentalis
759,OG48,1,OG48-1,Arecaceae,Iriartea,Iriartea_deltoidea
760,OG48,2,OG48-2,Malvaceae,Matisia,Matisia_longipes
761,OG48,3,OG48-3,Simaroubaceae,Simarouba,Simarouba_amara
762,OG48,4,OG48-4,Arecaceae,Wettinia,Wettinia_quinaria
763,OG48,5,OG48-5,Fabaceae,Dussia,Dussia_tessmannii
764,OG48,6,OG48-6,Arecaceae,Iriartea,Iriartea_deltoidea
765,OG48,7,OG48-7,Lecythidaceae,Eschweilera,Eschweilera_caudiculata
766,OG48,8,OG48-8,Rubiaceae,Randia,Randia_armata
767,OG48,9,OG48-9,Malvaceae,Apeiba,Apeiba_membranacea
768,OG48,10,OG48-10,Moraceae,Brosimum,Brosimum_utile
769,OG48,11,OG48-11,Myristicaceae,Otoba,Otoba_novogranatensis
770,OG48,12,OG48-12,Lecythidaceae,Eschweilera,Eschweilera_caudiculata
771,OG48,13,OG48-13,Arecaceae,Iriartea,Iriartea_deltoidea
772,OG48,14,OG48-14,Ochnaceae,Ouratea,Ouratea_grandifolia
773,OG48,15,OG48-15,Fabaceae,Inga,Inga_sp.1
774,OG48,16,OG48-16,Urticaceae,Cecropia,Cecropia_insignis
775,OG48,17,OG48-17,Lecythidaceae,Grias,Grias_peruviana
776,OG48,18,OG48-18,Malvaceae,Matisia,Matisia_longipes
777,OG48,19,OG48-19,Moraceae,Brosimum,Brosimum_guianense
778,OG48,20,OG48-20,Urticaceae,Cecropia,Cecropia_insignis
779,OG48,21,OG48-21,Arecaceae,Iriartea,Iriartea_deltoidea
780,OG48,22,OG48-22,Apocynaceae,Tabernaemontana,Tabernaemontana_amygdalifolia
781,OG48,23,OG48-23,Fabaceae,Inga,Inga_OG48-23
782,OG48,24,OG48-24,Moraceae,Naucleopsis,Naucleopsis_ulei
783,OG48,25,OG48-25,Lecythidaceae,Grias,Grias_peruviana
784,OG48,26,OG48-26,Fabaceae,Dussia,Dussia_tessmannii
785,OG48,27,OG48-27,Myristicaceae,Otoba,Otoba_novogranatensis
786,OG48,28,OG48-28,NA,NA,NA
787,OG48,29,OG48-29,Myristicaceae,Otoba,Otoba_cyclobasis
788,OG48,30,OG48-30,Violaceae,Fusispermum,Fusispermum_minutiflorum
789,OG48,31,OG48-31,Arecaceae,Wettinia,Wettinia_quinaria
790,OG48,32,OG48-32,Lauraceae,Nectandra,Nectandra_guadaripo
791,OG48,33,OG48-33,NA,NA,NA
792,OG48,34,OG48-34,Moraceae,Sorocea,Sorocea_sarcocarpa
793,OG48,35,OG48-35,Arecaceae,Wettinia,Wettinia_quinaria
794,OG48,36,OG48-36,Sapotaceae,Micropholis,Micropholis_sp.1
795,OG48,37,OG48-37,Arecaceae,Iriartea,Iriartea_deltoidea
796,OG48,38,OG48-38,Arecaceae,Iriartea,Iriartea_deltoidea
797,OG48,39,OG48-39,Apocynaceae,Tabernaemontana,Tabernaemontana_amygdalifolia
798,OG48,40,OG48-40,Moraceae,Sorocea,Sorocea_sarcocarpa
799,OG48,41,OG48-41,Arecaceae,Iriartea,Iriartea_deltoidea
800,OG48,42,OG48-42,Sapindaceae,Billia,Billia_rosea
801,OG48,43,OG48-43,Clusiaceae,Tovomita,Tovomita_weddelliana
802,OG48,44,OG48-44,Lecythidaceae,Eschweilera,Eschweilera_caudiculata
803,OG48,45,OG48-45,Apocynaceae,Tabernaemontana,Tabernaemontana_amygdalifolia
804,OG48,46,OG48-46,Arecaceae,Wettinia,Wettinia_quinaria
805,OG48,47,OG48-47,Lauraceae,Nectandra,Nectandra_sp.2
806,OG48,48,OG48-48,Urticaceae,Pourouma,Pourouma_guianensis
807,OG48,49,OG48-49,Fabaceae,Inga,Inga_sp.1
808,OG48,50,OG48-50,Fabaceae,Hymenolobium,Hymenolobium_heterocarpum
809,OG48,51,OG48-51,Sapotaceae,Pouteria,Pouteria_OG48-51
810,OG48,52,OG48-52,Fabaceae,Inga,Inga_multicaulis
811,OG48,53,OG48-53,Cannabaceae,Ampelocera,Ampelocera_edentula
812,OG48,54,OG48-54,Urticaceae,Pourouma,Pourouma_guianensis
813,OG48,55,OG48-55,Lecythidaceae,Grias,Grias_peruviana
814,OG48,56,OG48-56,Fabaceae,Bauhinia,Bauhinia_brachycalyx
815,OG48,57,OG48-57,Arecaceae,Wettinia,Wettinia_quinaria
816,OG48,58,OG48-58,Arecaceae,Iriartea,Iriartea_deltoidea
817,OG48,59,OG48-59,Arecaceae,Iriartea,Iriartea_deltoidea
818,OG48,60,OG48-60,Arecaceae,Iriartea,Iriartea_deltoidea
819,OG48,61,OG48-61,Fabaceae,Inga,Inga_'ala_grande'
820,OG48,62,OG48-62,Lecythidaceae,Grias,Grias_peruviana
821,OG48,63,OG48-63,Arecaceae,Iriartea,Iriartea_deltoidea
822,OG48,64,OG48-64,Moraceae,Naucleopsis,Naucleopsis_ulei
823,OG48,65,OG48-65,Meliaceae,Trichilia,Trichilia_surinamensis
824,OG48,66,OG48-66,Moraceae,Perebea,Perebea_xanthochyma
825,OG48,67,OG48-67,Arecaceae,Iriartea,Iriartea_deltoidea
826,OG48,68,OG48-68,Arecaceae,Wettinia,Wettinia_quinaria
827,OG48,69,OG48-69,Arecaceae,Iriartea,Iriartea_deltoidea
828,OG48,70,OG48-70,Fabaceae,Inga,Inga_sp.1
829,OG48,71,OG48-71,Fabaceae,Inga,Inga_sp.1
830,OG48,72,OG48-72,Myristicaceae,Otoba,Otoba_novogranatensis
831,OG48,73,OG48-73,Lauraceae,Nectandra,Nectandra_guadaripo
832,OG48,74,OG48-74,Arecaceae,Wettinia,Wettinia_quinaria
833,OG48,75,OG48-75,Arecaceae,Wettinia,Wettinia_quinaria
834,OG48,76,OG48-76,Arecaceae,Wettinia,Wettinia_quinaria
835,OG48,77,OG48-77,Arecaceae,Wettinia,Wettinia_quinaria
836,OG48,78,OG48-78,Melastomataceae,Miconia,Miconia_multiplicata
837,OG48,79,OG48-79,Myristicaceae,Virola,Virola_reidii
838,OG48,80,OG48-80,Myristicaceae,Virola,Virola_'púrpura'
839,OG48,81,OG48-81,Myristicaceae,Virola,Virola_'púrpura'
840,OG48,82,OG48-82,Myristicaceae,Otoba,Otoba_novogranatensis
841,OG48,83,OG48-83,Myristicaceae,Virola,Virola_'púrpura'
842,OG48,84,OG48-84,Fabaceae,Inga,Inga_spectabilis
843,OG48,85,OG48-85,Fabaceae,Andira,Andira_macrothyrsa
844,OG48,86,OG48-86,Apocynaceae,Tabernaemontana,Tabernaemontana_amygdalifolia
845,OG48,87,OG48-87,Lecythidaceae,Grias,Grias_peruviana
846,OG48,88,OG48-88,Fabaceae,Hymenolobium,Hymenolobium_heterocarpum
847,OG48,89,OG48-89,Elaeocarpaceae,Sloanea,Sloanea_floribunda
848,OG48,90,OG48-90,Lecythidaceae,Grias,Grias_peruviana
849,OG48,91,OG48-91,Celastraceae,Monteverdia,Monteverdia_multicostata
850,OG48,92,OG48-92,Arecaceae,Wettinia,Wettinia_quinaria
851,OG48,93,OG48-93,Apocynaceae,Tabernaemontana,Tabernaemontana_amygdalifolia
852,OG48,94,OG48-94,Myristicaceae,Virola,Virola_'púrpura'
853,OG48,95,OG48-95,Arecaceae,Wettinia,Wettinia_quinaria
854,OG48,96,OG48-96,Moraceae,Brosimum,Brosimum_utile
855,OG48,97,OG48-97,Rubiaceae,Palicourea,Palicourea_paratinctoria
856,OG48,98,OG48-98,Myristicaceae,Otoba,Otoba_novogranatensis
857,OG48,99,OG48-99,Arecaceae,Wettinia,Wettinia_quinaria
858,OG48,100,OG48-100,Arecaceae,Wettinia,Wettinia_quinaria
859,OG48,101,OG48-101,Arecaceae,Wettinia,Wettinia_quinaria
860,OG48,102,OG48-102,Rubiaceae,Palicourea,Palicourea_paratinctoria
861,OG48,103,OG48-103,Apocynaceae,Tabernaemontana,Tabernaemontana_amygdalifolia
862,OG48,104,OG48-104,Fabaceae,Hymenolobium,Hymenolobium_heterocarpum
863,OG48,105,OG48-105,Erythropalaceae,Heisteria,Heisteria_concinna
864,OG48,106,OG48-106,Myristicaceae,Otoba,Otoba_novogranatensis
865,OG48,107,OG48-107,Arecaceae,Wettinia,Wettinia_quinaria
866,OG48,108,OG48-108,Arecaceae,Wettinia,Wettinia_quinaria
867,OG48,109,OG48-109,Malvaceae,Matisia,Matisia_longipes
868,OG48,110,OG48-110,Arecaceae,Iriartea,Iriartea_deltoidea
869,OG48,111,OG48-111,Arecaceae,Prestoea,Prestoea_ensiformis
870,OG48,112,OG48-112,Arecaceae,Prestoea,Prestoea_ensiformis
871,OG48,113,OG48-113,Lauraceae,Ocotea,Ocotea_floribunda
872,OG48,114,OG48-114,Arecaceae,Iriartea,Iriartea_deltoidea
873,OG48,115,OG48-115,Meliaceae,Trichilia,Trichilia_surinamensis
874,OG48,116,OG48-116,Arecaceae,Wettinia,Wettinia_quinaria
875,OG48,117,OG48-117,Arecaceae,Wettinia,Wettinia_quinaria
876,OG48,118,OG48-118,Malvaceae,Quararibea,Quararibea_caldasiana
877,OG48,119,OG48-119,Arecaceae,Wettinia,Wettinia_quinaria
878,OG48,120,OG48-120,Myristicaceae,Otoba,Otoba_novogranatensis
879,OG48,121,OG48-121,Chrysobalanaceae,Licania,Licania_longicuspidata
880,OG48,122,OG48-122,Arecaceae,Iriartea,Iriartea_deltoidea
881,OG48,123,OG48-123,Malvaceae,Matisia,Matisia_longipes
882,OG48,124,OG48-124,Sapotaceae,Pouteria,Pouteria_OG48-51
883,OG48,125,OG48-125,Lecythidaceae,Grias,Grias_peruviana
884,OG48,126,OG48-126,Arecaceae,Wettinia,Wettinia_quinaria
885,OG48,127,OG48-127,Rubiaceae,Alibertia,Alibertia_patinoi
886,OG48,128,OG48-128,Rubiaceae,Palicourea,Palicourea_paratinctoria
887,OG48,129,OG48-129,Apocynaceae,Tabernaemontana,Tabernaemontana_amygdalifolia
888,OG48,130,OG48-130,Myristicaceae,Otoba,Otoba_novogranatensis
889,OG48,131,OG48-131,Arecaceae,Wettinia,Wettinia_quinaria
890,OG48,132,OG48-132,Arecaceae,Wettinia,Wettinia_quinaria
891,OG48,133,OG48-133,Myristicaceae,Calyptranthes,Calyptranthes_speciosa
892,OG48,134,OG48-134,Arecaceae,Wettinia,Wettinia_quinaria
893,OG48,135,OG48-135,Arecaceae,Iriartea,Iriartea_deltoidea
894,OG48,136,OG48-136,Melastomataceae,Henriettella,Henriettella_lawrancei
895,OG48,137,OG48-137,Arecaceae,Iriartea,Iriartea_deltoidea
896,OG48,138,OG48-138,Moraceae,Naucleopsis,Naucleopsis_ulei
897,OG48,139,OG48-139,Sapindaceae,Matayba,Matayba_sp.3
898,OG48,140,OG48-140,Rubiaceae,Alibertia,Alibertia_patinoi
899,OG48,141,OG48-141,Arecaceae,Iriartea,Iriartea_deltoidea
900,OG48,142,OG48-142,Urticaceae,Cecropia,Cecropia_insignis
901,OG48,143,OG48-143,Myristicaceae,Otoba,Otoba_novogranatensis
902,OG48,144,OG48-144,Moraceae,Naucleopsis,Naucleopsis_ulei
903,OG48,145,OG48-145,Lecythidaceae,Grias,Grias_peruviana
904,OG48,146,OG48-146,Arecaceae,Wettinia,Wettinia_quinaria
905,OG48,147,OG48-147,Ochnaceae,Ouratea,Ouratea_grandifolia
906,OG48,148,OG48-148,Ochnaceae,Ouratea,Ouratea_grandifolia
907,OG48,149,OG48-149,Urticaceae,Coussapoa,Coussapoa_villosa
908,OG48,150,OG48-150,Urticaceae,Coussapoa,Coussapoa_villosa
909,OG48,151,OG48-151,Urticaceae,Coussapoa,Coussapoa_villosa
910,OG48,152,OG48-152,Urticaceae,Coussapoa,Coussapoa_villosa
911,OG48,153,OG48-153,Myrtaceae,Eugenia,Eugenia_oerstediana
912,OG48,154,OG48-154,Arecaceae,Wettinia,Wettinia_quinaria
913,OG48,155,OG48-155,Arecaceae,Iriartea,Iriartea_deltoidea
914,OG48,156,OG48-156,Arecaceae,Iriartea,Iriartea_deltoidea
915,OG48,157,OG48-157,Nyctaginaceae,Neea,Neea_OG48-157
916,OG48,158,OG48-158,Apocynaceae,Tabernaemontana,Tabernaemontana_amygdalifolia
917,OG48,159,OG48-159,Myristicaceae,Virola,Virola_reidii
918,OG48,160,OG48-160,Myristicaceae,Virola,Virola_'púrpura'
919,OG48,161,OG48-161,Fabaceae,Inga,Inga_hayesii
920,OG49,1,OG49-1,Moraceae,Brosimum,Brosimum_utile
921,OG49,2,OG49-2,Fabaceae,Inga,Inga_stenoptera
922,OG49,3,OG49-3,Arecaceae,Wettinia,Wettinia_quinaria
923,OG49,4,OG49-4,Dipentodontaceae,Perrottetia,Perrottetia_sessiliflora
924,OG49,5,OG49-5,Apocynaceae,Tabernaemontana,Tabernaemontana_amygdalifolia
925,OG49,6,OG49-6,,OG49-6,OG49-6
926,OG49,7,OG49-7,Arecaceae,Socratea,Socratea_exorrhiza
927,OG49,8,OG49-8,Fabaceae,Inga,Inga_stenoptera
928,OG49,9,OG49-9,Arecaceae,Wettinia,Wettinia_quinaria
929,OG49,10,OG49-10,Arecaceae,Iriartea,Iriartea_deltoidea
930,OG49,11,OG49-11,Malvaceae,Matisia,Matisia_longipes
931,OG49,12,OG49-12,Urticaceae,Cecropia,Cecropia_insignis
932,OG49,13,OG49-13,Apocynaceae,Tabernaemontana,Tabernaemontana_amygdalifolia
933,OG49,14,OG49-14,Arecaceae,Wettinia,Wettinia_quinaria
934,OG49,15,OG49-15,Moraceae,Naucleopsis,Naucleopsis_ulei
935,OG49,16,OG49-16,Apocynaceae,Tabernaemontana,Tabernaemontana_amygdalifolia
936,OG49,17,OG49-17,Malvaceae,Matisia,Matisia_castano
937,OG49,18,OG49-18,Staphyleaceae,Turpinia,Turpinia_occidentalis
938,OG49,19,OG49-19,Moraceae,Brosimum,Brosimum_utile
939,OG49,20,OG49-20,Sapotaceae,Sarcaulus,Sarcaulus_sp.1
940,OG49,21,OG49-21,Arecaceae,Iriartea,Iriartea_deltoidea
941,OG49,22,OG49-22,Sapotaceae,Sarcaulus,Sarcaulus_sp.1
942,OG49,23,OG49-23,Arecaceae,Prestoea,Prestoea_ensiformis
943,OG49,24,OG49-24,Arecaceae,Iriartea,Iriartea_deltoidea
944,OG49,25,OG49-25,Fabaceae,Inga,Inga_stenoptera
945,OG49,26,OG49-26,Arecaceae,Iriartea,Iriartea_deltoidea
946,OG49,27,OG49-27,NA,Meao,Meao_de_berraco'
947,OG49,28,OG49-28,Arecaceae,Wettinia,Wettinia_quinaria
948,OG49,29,OG49-29,Myristicaceae,Otoba,Otoba_novogranatensis
949,OG49,30,OG49-30,Arecaceae,Iriartea,Iriartea_deltoidea
950,OG49,31,OG49-31,Burseraceae,Protium,Protium_ecuadorense
951,OG49,32,OG49-32,Arecaceae,Wettinia,Wettinia_quinaria
952,OG49,33,OG49-33,Moraceae,Naucleopsis,Naucleopsis_ulei
953,OG49,34,OG49-34,Arecaceae,Iriartea,Iriartea_deltoidea
954,OG49,35,OG49-35,Malvaceae,Matisia,Matisia_castano
955,OG49,36,OG49-36,Urticaceae,Cecropia,Cecropia_insignis
956,OG49,37,OG49-37,Moraceae,Brosimum,Brosimum_utile
957,OG49,38,OG49-38,Burseraceae,Protium,Protium_ecuadorense
958,OG49,39,OG49-39,Moraceae,Naucleopsis,Naucleopsis_ulei
959,OG49,40,OG49-40,Myrtaceae,Myrcia,Myrcia_fallax
960,OG49,41,OG49-41,Arecaceae,Iriartea,Iriartea_deltoidea
961,OG49,42,OG49-42,Lecythidaceae,Grias,Grias_peruviana
962,OG49,43,OG49-43,Fabaceae,Inga,Inga_manabiensis
963,OG49,44,OG49-44,Annonaceae,Anaxagorea,Anaxagorea_crassipetala
964,OG49,45,OG49-45,Rubiaceae,Palicourea,Palicourea_paratinctoria
965,OG49,46,OG49-46,Fabaceae,Inga,Inga_stenoptera
966,OG49,47,OG49-47,Annonaceae,Anaxagorea,Anaxagorea_crassipetala
967,OG49,48,OG49-48,Urticaceae,Pourouma,Pourouma_guianensis
968,OG49,49,OG49-49,Arecaceae,Wettinia,Wettinia_quinaria
969,OG49,50,OG49-50,Moraceae,Brosimum,Brosimum_utile
970,OG49,51,OG49-51,Myristicaceae,Otoba,Otoba_novogranatensis
971,OG49,52,OG49-52,Moraceae,Naucleopsis,Naucleopsis_ulei
972,OG49,53,OG49-53,Lauraceae,Nectandra,Nectandra_guadaripo
973,OG49,54,OG49-54,Moraceae,Brosimum,Brosimum_utile
974,OG49,55,OG49-55,Moraceae,Naucleopsis,Naucleopsis_ulei
975,OG49,56,OG49-56,Sapotaceae,Sarcaulus,Sarcaulus_sp.1
976,OG49,57,OG49-57,Arecaceae,Wettinia,Wettinia_quinaria
977,OG49,58,OG49-58,Arecaceae,Iriartea,Iriartea_deltoidea
978,OG49,59,OG49-59,Fabaceae,Inga,Inga_stenoptera
979,OG49,60,OG49-60,Lamiaceae,Vitex,Vitex_orinocensis
980,OG49,61,OG49-61,Arecaceae,Wettinia,Wettinia_quinaria
981,OG49,62,OG49-62,Lecythidaceae,Grias,Grias_peruviana
982,OG49,63,OG49-63,Burseraceae,Protium,Protium_ecuadorense
983,OG49,64,OG49-64,Fabaceae,Inga,Inga_stenoptera
984,OG49,65,OG49-65,Arecaceae,Iriartea,Iriartea_deltoidea
985,OG49,66,OG49-66,Myrtaceae,Eugenia,Eugenia_oerstediana
986,OG49,67,OG49-67,Clusiaceae,Tovomita,Tovomita_longifolia
987,OG49,68,OG49-68,Elaeocarpaceae,Sloanea,Sloanea_floribunda
988,OG49,69,OG49-69,Nyctaginaceae,Neea,Neea_cf._OG50-7
989,OG49,70,OG49-70,Myrtaceae,Myrcia,Myrcia_fallax
990,OG49,71,OG49-71,Arecaceae,Wettinia,Wettinia_quinaria
991,OG49,72,OG49-72,Myristicaceae,Otoba,Otoba_novogranatensis
992,OG49,73,OG49-73,Lecythidaceae,Eschweilera,Eschweilera_integrifolia
993,OG49,74,OG49-74,Sapotaceae,Pouteria,Pouteria_sapota
994,OG49,75,OG49-75,Urticaceae,Pourouma,Pourouma_cecropiifolia
995,OG49,76,OG49-76,Lamiaceae,Vitex,Vitex_orinocensis
996,OG49,77,OG49-77,,Meao,Meao_de_berraco'
997,OG49,78,OG49-78,Lauraceae,Nectandra,Nectandra_tomentosa
998,OG49,79,OG49-79,Violaceae,Leonia,Leonia_glycycarpa
999,OG49,80,OG49-80,Moraceae,Clarisia,Clarisia_biflora
1000,OG49,81,OG49-81,Violaceae,Leonia,Leonia_glycycarpa
1001,OG49,82,OG49-82,Burseraceae,Dacryodes,Dacryodes_olivifera
1002,OG49,83,OG49-83,Myristicaceae,Compsoneura,Compsoneura_mutisii
1003,OG49,84,OG49-84,Arecaceae,Wettinia,Wettinia_quinaria
1004,OG49,85,OG49-85,Moraceae,Naucleopsis,Naucleopsis_ulei
1005,OG49,86,OG49-86,Moraceae,Brosimum,Brosimum_utile
1006,OG49,87,OG49-87,Ochnaceae,Ouratea,Ouratea_grandifolia
1007,OG49,88,OG49-88,Phyllanthaceae,Hieronyma,Hieronyma_alchorneoides
1008,OG49,89,OG49-89,Arecaceae,Iriartea,Iriartea_deltoidea
1009,OG49,90,OG49-90,Moraceae,Naucleopsis,Naucleopsis_ulei
1010,OG49,91,OG49-91,Malvaceae,Huberodendron,Huberodendron_patinoi
1011,OG49,92,OG49-92,Lecythidaceae,Gustavia,Gustavia_hexapetala
1012,OG49,93,OG49-93,Malvaceae,Quararibea,Quararibea_caldasiana
1013,OG49,94,OG49-94,Sapotaceae,Pouteria,Pouteria_foveolata
1014,OG49,95,OG49-95,Malvaceae,Quararibea,Quararibea_caldasiana
1015,OG49,96,OG49-96,Arecaceae,Iriartea,Iriartea_deltoidea
1016,OG49,97,OG49-97,Arecaceae,Iriartea,Iriartea_deltoidea
1017,OG49,98,OG49-98,Arecaceae,Iriartea,Iriartea_deltoidea
1018,OG49,99,OG49-99,Malvaceae,Matisia,Matisia_bracteolosa
1019,OG49,100,OG49-100,Meliaceae,Carapa,Carapa_guianensis
1020,OG49,101,OG49-101,Rubiaceae,Palicourea,Palicourea_paratinctoria
1021,OG49,102,OG49-102,Annonaceae,Anaxagorea,Anaxagorea_crassipetala
1022,OG49,103,OG49-103,Apocynaceae,Tabernaemontana,Tabernaemontana_amygdalifolia
1023,OG49,104,OG49-104,Moraceae,Clarisia,Clarisia_biflora
1024,OG49,105,OG49-105,Sapotaceae,Pouteria,Pouteria_sapota
1025,OG49,106,OG49-106,Apocynaceae,Tabernaemontana,Tabernaemontana_amygdalifolia
1026,OG49,107,OG49-107,Malvaceae,Huberodendron,Huberodendron_patinoi
1027,OG49,108,OG49-108,Myristicaceae,Otoba,Otoba_novogranatensis
1028,OG49,109,OG49-109,Annonaceae,Anaxagorea,Anaxagorea_crassipetala
1029,OG49,110,OG49-110,,OG49-110,OG49-110
1030,OG49,111,OG49-111,Annonaceae,Anaxagorea,Anaxagorea_crassipetala
1031,OG49,112,OG49-112,Erythropalaceae,Heisteria,Heisteria_concinna
1032,OG49,113,OG49-113,Ochnaceae,Ouratea,Ouratea_grandifolia
1033,OG49,114,OG49-114,Malvaceae,Matisia,Matisia_longipes
1034,OG49,115,OG49-115,Lecythidaceae,Grias,Grias_peruviana
1035,OG49,116,OG49-116,Ochnaceae,Ouratea,Ouratea_grandifolia
1036,OG49,117,OG49-117,Arecaceae,Iriartea,Iriartea_deltoidea
1037,OG49,118,OG49-118,Arecaceae,Wettinia,Wettinia_quinaria
1038,OG49,119,OG49-119,Rubiaceae,Palicourea,Palicourea_paratinctoria
1039,OG49,120,OG49-120,Arecaceae,Wettinia,Wettinia_quinaria
1040,OG49,121,OG49-121,Urticaceae,Coussapoa,Coussapoa_villosa
1041,OG49,122,OG49-122,Myristicaceae,Otoba,Otoba_novogranatensis
1042,OG49,123,OG49-123,Myristicaceae,Virola,Virola_reidii
1043,OG49,124,OG49-124,Caricaceae,Jacaratia,Jacaratia_spinosa
1044,OG49,125,OG49-125,Lauraceae,Pleurothyrium,Pleurothyrium_sp.1
1045,OG49,126,OG49-126,Moraceae,Naucleopsis,Naucleopsis_ulei
1046,OG49,127,OG49-127,Burseraceae,Dacryodes,Dacryodes_olivifera
1047,OG49,128,OG49-128,Annonaceae,Anaxagorea,Anaxagorea_crassipetala
1048,OG49,129,OG49-129,Myristicaceae,Virola,Virola_reidii
1049,OG49,130,OG49-130,Arecaceae,Socratea,Socratea_exorrhiza
1050,OG49,131,OG49-131,Myristicaceae,Virola,Virola_reidii
1051,OG49,132,OG49-132,Apocynaceae,Tabernaemontana,Tabernaemontana_amygdalifolia
1052,OG49,133,OG49-133,Arecaceae,Iriartea,Iriartea_deltoidea
1053,OG49,134,OG49-134,Apocynaceae,Tabernaemontana,Tabernaemontana_amygdalifolia
1054,OG49,135,OG49-135,Euphorbiaceae,Mabea,Mabea_occidentalis
1055,OG49,136,OG49-136,NA,NA,NA
1056,OG49,137,OG49-137,Malvaceae,Matisia,Matisia_longipes
1057,OG49,138,OG49-138,Arecaceae,Iriartea,Iriartea_deltoidea
1058,OG49,139,OG49-139,Myristicaceae,Virola,Virola_reidii
1059,OG52,1,OG52-1,Lauraceae,Pleurothyrium,Pleurothyrium_sp.1
1060,OG52,2,OG52-2,Malvaceae,Quararibea,Quararibea_caldasiana
1061,OG52,3,OG52-3,Moraceae,Brosimum,Brosimum_guianense
1062,OG52,4,OG52-4,Myristicaceae,Virola,Virola_reidii
1063,OG52,5,OG52-5,Myristicaceae,Otoba,Otoba_novogranatensis
1064,OG52,6,OG52-6,Myristicaceae,Otoba,Otoba_novogranatensis
1065,OG52,7,OG52-7,NA,NA,NA
1066,OG52,8,OG52-8,Burseraceae,Dacryodes,Dacryodes_olivifera
1067,OG52,9,OG52-9,Myristicaceae,Virola,Virola_reidii
1068,OG52,10,OG52-10,NA,NA,NA
1069,OG52,11,OG52-11,Lecythidaceae,Grias,Grias_peruviana
1070,OG52,12,OG52-12,Caryocaraceae,Caryocar,Caryocar_glabrum
1071,OG52,13,OG52-13,Myrtaceae,Myrcia,Myrcia_ampliflora
1072,OG52,14,OG52-14,Arecaceae,Wettinia,Wettinia_quinaria
1073,OG52,15,OG52-15,Apocynaceae,Tabernaemontana,Tabernaemontana_amygdalifolia
1074,OG52,16,OG52-16,Myristicaceae,Virola,Virola_reidii
1075,OG52,17,OG52-17,Moraceae,Naucleopsis,Naucleopsis_ulei
1076,OG52,18,OG52-18,Moraceae,Poulsenia,Poulsenia_armata
1077,OG52,19,OG52-19,Lacistemataceae,Lozania,Lozania_mutisiana
1078,OG52,20,OG52-20,Lacistemataceae,Lozania,Lozania_mutisiana
1079,OG52,21,OG52-21,Arecaceae,Wettinia,Wettinia_quinaria
1080,OG52,22,OG52-22,,OG52-22,OG52-22
1081,OG52,23,OG52-23,Moraceae,Perebea,Perebea_xanthochyma
1082,OG52,24,OG52-24,Moraceae,Brosimum,Brosimum_utile
1083,OG52,25,OG52-25,Ochnaceae,Ouratea,Ouratea_grandifolia
1084,OG52,26,OG52-26,Fabaceae,Inga,Inga_stenoptera
1085,OG52,27,OG52-27,Arecaceae,Oenocarpus,Oenocarpus_bataua
1086,OG52,28,OG52-28,Lecythidaceae,Grias,Grias_peruviana
1087,OG52,29,OG52-29,Myristicaceae,Virola,Virola_pavonis
1088,OG52,30,OG52-30,,OG52-30,OG52-30
1089,OG52,31,OG52-31,Moraceae,Poulsenia,Poulsenia_armata
1090,OG52,32,OG52-32,Malvaceae,Quararibea,Quararibea_caldasiana
1091,OG52,33,OG52-33,Malvaceae,Apeiba,Apeiba_membranacea
1092,OG52,34,OG52-34,Lauraceae,Beilschmiedia,Beilschmiedia_alloiophylla
1093,OG52,35,OG52-35,Rubiaceae,Alibertia,Alibertia_patinoi
1094,OG52,36,OG52-36,Fabaceae,Pterocarpus,Pterocarpus_rohrii
1095,OG52,37,OG52-37,Myristicaceae,Otoba,Otoba_novogranatensis
1096,OG52,38,OG52-38,Cannabaceae,Trema,Trema_micrantha
1097,OG52,39,OG52-39,Arecaceae,Wettinia,Wettinia_quinaria
1098,OG52,40,OG52-40,Arecaceae,Wettinia,Wettinia_quinaria
1099,OG52,41,OG52-41,Moraceae,Brosimum,Brosimum_utile
1100,OG52,42,OG52-42,Myristicaceae,Virola,Virola_reidii
1101,OG52,43,OG52-43,Fabaceae,Inga,Inga_stenoptera
1102,OG52,44,OG52-44,Moraceae,Brosimum,Brosimum_utile
1103,OG52,45,OG52-45,Burseraceae,Dacryodes,Dacryodes_olivifera
1104,OG52,46,OG52-46,Arecaceae,Wettinia,Wettinia_quinaria
1105,OG52,47,OG52-47,Malpighiaceae,Byrsonima,Byrsonima_putumayensis
1106,OG52,48,OG52-48,Phyllanthaceae,Hieronyma,Hieronyma_alchorneoides
1107,OG52,49,OG52-49,Myristicaceae,Virola,Virola_reidii
1108,OG52,50,OG52-50,Lecythidaceae,Grias,Grias_peruviana
1109,OG52,51,OG52-51,Malvaceae,Quararibea,Quararibea_caldasiana
1110,OG52,52,OG52-52,Arecaceae,Wettinia,Wettinia_quinaria
1111,OG52,53,OG52-53,Lecythidaceae,Grias,Grias_peruviana
1112,OG52,54,OG52-54,Moraceae,Brosimum,Brosimum_utile
1113,OG52,55,OG52-55,Malvaceae,Quararibea,Quararibea_caldasiana
1114,OG52,56,OG52-56,Rubiaceae,Chomelia,Chomelia_tenuiflora
1115,OG52,57,OG52-57,Phyllanthaceae,Hieronyma,Hieronyma_alchorneoides
1116,OG52,58,OG52-58,Chrysobalanaceae,Licania,Licania_macrocarpa
1117,OG52,59,OG52-59,Fabaceae,Inga,Inga_stenoptera
1118,OG52,60,OG52-60,Fabaceae,Inga,Inga_stenoptera
1119,OG52,61,OG52-61,Myristicaceae,Otoba,Otoba_novogranatensis
1120,OG52,62,OG52-62,Burseraceae,Dacryodes,Dacryodes_olivifera
1121,OG52,63,OG52-63,Melastomataceae,Miconia,Miconia_dorsiloba
1122,OG52,64,OG52-64,NA,NA,NA
1123,OG52,65,OG52-65,Myristicaceae,Virola,Virola_reidii
1124,OG52,66,OG52-66,Myristicaceae,Virola,Virola_reidii
1125,OG52,67,OG52-67,Fabaceae,Pterocarpus,Pterocarpus_rohrii
1126,OG52,68,OG52-68,Myristicaceae,Virola,Virola_reidii
1127,OG52,69,OG52-69,Moraceae,Brosimum,Brosimum_utile
1128,OG52,70,OG52-70,Fabaceae,Inga,Inga_stenoptera
1129,OG52,71,OG52-71,Fabaceae,Inga,Inga_stenoptera
1130,OG52,72,OG52-72,Myristicaceae,Virola,Virola_reidii
1131,OG52,73,OG52-73,Meliaceae,Trichilia,Trichilia_elsae
1132,OG52,74,OG52-74,Burseraceae,Protium,Protium_ecuadorense
1133,OG52,75,OG52-75,Meliaceae,Trichilia,Trichilia_pallida
1134,OG52,76,OG52-76,Malvaceae,Quararibea,Quararibea_caldasiana
1135,OG52,77,OG52-77,Lacistemataceae,Lozania,Lozania_mutisiana
1136,OG52,78,OG52-78,Melastomataceae,Miconia,Miconia_dorsiloba
1137,OG52,79,OG52-79,Moraceae,Clarisia,Clarisia_biflora
1138,OG52,80,OG52-80,Myristicaceae,Otoba,Otoba_novogranatensis
1139,OG52,81,OG52-81,Myristicaceae,Otoba,Otoba_novogranatensis
1140,OG52,82,OG52-82,Arecaceae,Iriartea,Iriartea_deltoidea
1141,OG52,83,OG52-83,Moraceae,Brosimum,Brosimum_utile
1142,OG52,84,OG52-84,Moraceae,Poulsenia,Poulsenia_armata
1143,OG52,85,OG52-85,Moraceae,Brosimum,Brosimum_guianense
1144,OG52,86,OG52-86,Arecaceae,Iriartea,Iriartea_deltoidea
1145,OG52,87,OG52-87,Fabaceae,Pterocarpus,Pterocarpus_rohrii
1146,OG52,88,OG52-88,Myristicaceae,Otoba,Otoba_novogranatensis
1147,OG52,89,OG52-89,Arecaceae,Wettinia,Wettinia_quinaria
1148,OG52,90,OG52-90,Arecaceae,Iriartea,Iriartea_deltoidea
1149,OG52,91,OG52-91,Moraceae,Brosimum,Brosimum_utile
1150,OG52,92,OG52-92,Fabaceae,Inga,Inga_stenoptera
1151,OG52,93,OG52-93,Moraceae,Poulsenia,Poulsenia_armata
1152,OG52,94,OG52-94,Burseraceae,Protium,Protium_ecuadorense
1153,OG52,95,OG52-95,Lecythidaceae,Grias,Grias_peruviana
1154,OG52,96,OG52-96,Moraceae,Brosimum,Brosimum_utile
1155,OG52,97,OG52-97,Salicaceae,Casearia,Casearia_arborea
1156,OG52,98,OG52-98,Annonaceae,Unonopsis,Unonopsis_magnifolia
1157,OG52,99,OG52-99,Arecaceae,Iriartea,Iriartea_deltoidea
1158,OG52,100,OG52-100,Malvaceae,Apeiba,Apeiba_membranacea
1159,OG52,101,OG52-101,Ochnaceae,Ouratea,Ouratea_grandifolia
1160,OG52,102,OG52-102,Myristicaceae,Virola,Virola_reidii
1161,OG52,103,OG52-103,Moraceae,Castilla,Castilla_tunu
1162,OG52,104,OG52-104,Myrtaceae,Eugenia,Eugenia_crassimarginata
1163,OG52,105,OG52-105,Moraceae,Brosimum,Brosimum_utile
1164,OG52,106,OG52-106,Moraceae,Brosimum,Brosimum_utile
1165,OG52,107,OG52-107,Annonaceae,Guatteria,Guatteria_pittieri
1166,OG52,108,OG52-108,Violaceae,Fusispermum,Fusispermum_minutiflorum
1167,OG52,109,OG52-109,Myristicaceae,Virola,Virola_pavonis
1168,OG52,110,OG52-110,Myrtaceae,Calyptranthes,Calyptranthes_speciosa
1169,OG52,111,OG52-111,Moraceae,Castilla,Castilla_tunu
1170,OG52,112,OG52-112,Myristicaceae,Virola,Virola_reidii
1171,OG52,113,OG52-113,Lecythidaceae,Grias,Grias_peruviana
1172,OG52,114,OG52-114,Arecaceae,Iriartea,Iriartea_deltoidea
1173,OG52,115,OG52-115,Myristicaceae,Otoba,Otoba_novogranatensis
1174,OG52,116,OG52-116,Burseraceae,Protium,Protium_ecuadorense
1175,OG52,117,OG52-117,Malvaceae,Quararibea,Quararibea_caldasiana
1176,OG52,118,OG52-118,Moraceae,Brosimum,Brosimum_utile
1177,OG52,119,OG52-119,Arecaceae,Wettinia,Wettinia_quinaria
1178,OG52,120,OG52-120,Moraceae,Brosimum,Brosimum_utile
1179,OG52,121,OG52-121,Myrtaceae,Calyptranthes,Calyptranthes_speciosa
1180,OG52,122,OG52-122,Lecythidaceae,Eschweilera,Eschweilera_integrifolia
1181,OG52,123,OG52-123,Myristicaceae,Virola,Virola_reidii
1182,OG52,124,OG52-124,Fabaceae,Inga,Inga_stenoptera
1183,OG52,125,OG52-125,Moraceae,Brosimum,Brosimum_guianense
1184,OG52,126,OG52-126,Arecaceae,Iriartea,Iriartea_deltoidea
1185,OG52,127,OG52-127,Moraceae,Naucleopsis,Naucleopsis_ulei
1186,OG52,128,OG52-128,Lauraceae,Nectandra,Nectandra_guadaripo
1187,OG52,129,OG52-129,Moraceae,Brosimum,Brosimum_utile
1188,OG52,130,OG52-130,Myristicaceae,Virola,Virola_reidii
1189,OG52,131,OG52-131,Ochnaceae,Ouratea,Ouratea_grandifolia
1190,OG52,132,OG52-132,Meliaceae,Trichilia,Trichilia_elsae
1191,OG52,133,OG52-133,Burseraceae,Protium,Protium_ecuadorense
1192,OG52,134,OG52-134,Salicaceae,Tetrathylacium,Tetrathylacium_macrophyllum
1193,OG52,135,OG52-135,Lauraceae,NA,NA
1194,OG52,136,OG52-136,Arecaceae,Iriartea,Iriartea_deltoidea
1195,OG52,137,OG52-137,Myristicaceae,Otoba,Otoba_novogranatensis
1196,OG52,138,OG52-138,Salicaceae,Tetrathylacium,Tetrathylacium_macrophyllum
1197,OG52,139,OG52-139,Fabaceae,Inga,Inga_stenoptera
1198,OG52,140,OG52-140,Fabaceae,Inga,Inga_sp.1
1199,OG52,141,OG52-141,Myristicaceae,Virola,Virola_reidii
1200,OG52,142,OG52-142,Siparunaceae,Siparuna,Siparuna_gentryana
1201,OG52,143,OG52-143,Moraceae,Poulsenia,Poulsenia_armata
1202,PR24,1,PR24-1,Burseraceae,Protium,Protium_'copal_rojo'
1203,PR24,2,PR24-2,Myristicaceae,Otoba,Otoba_novogranatensis
1204,PR24,3,PR24-3,Fabaceae,Inga,Inga_ruiziana
1205,PR24,4,PR24-4,Violaceae,Fusispermum,Fusispermum_minutiflorum
1206,PR24,5,PR24-5,Meliaceae,Guarea,Guarea_bullata
1207,PR24,6,PR24-6,Fabaceae,Inga,Inga_silanchensis
1208,PR24,7,PR24-7,Myristicaceae,Otoba,Otoba_novogranatensis
1209,PR24,8,PR24-8,Arecaceae,Wettinia,Wettinia_quinaria
1210,PR24,9,PR24-9,Myristicaceae,Otoba,Otoba_novogranatensis
1211,PR24,10,PR24-10,Fabaceae,Inga,Inga_chocoensis
1212,PR24,11,PR24-11,Sapotaceae,Pouteria,Pouteria_trilocularis
1213,PR24,12,PR24-12,Burseraceae,Protium,Protium_'copal_rojo'
1214,PR24,13,PR24-13,Arecaceae,Wettinia,Wettinia_quinaria
1215,PR24,14,PR24-14,Malpighiaceae,Bunchosia,Bunchosia_cornifolia
1216,PR24,15,PR24-15,Staphyleaceae,Turpinia,Turpinia_occidentalis
1217,PR24,16,PR24-16,Myrtaceae,Eugenia,Eugenia_sericifolia
1218,PR24,17,PR24-17,Lecythidaceae,Gustavia,Gustavia_dodsonii
1219,PR24,18,PR24-18,Arecaceae,Wettinia,Wettinia_quinaria
1220,PR24,19,PR24-19,Celastraceae,Salacia,Salacia_odorata
1221,PR24,20,PR24-20,Cannabaceae,Trema,Trema_integerrima
1222,PR24,21,PR24-21,Fabaceae,Dussia,Dussia_lehmannii
1223,PR24,22,PR24-22,Urticaceae,Cecropia,Cecropia_insignis
1224,PR24,23,PR24-23,Malvaceae,Apeiba,Apeiba_membranacea
1225,PR24,24,PR24-24,Malvaceae,Sterculia,Sterculia_colombiana
1226,PR24,25,PR24-25,Myristicaceae,Otoba,Otoba_novogranatensis
1227,PR24,26,PR24-26,Rubiaceae,Pentagonia,Pentagonia_macrophylla
1228,PR24,27,PR24-27,Urticaceae,Cecropia,Cecropia_insignis
1229,PR24,28,PR24-28,Urticaceae,Cecropia,Cecropia_garciae
1230,PR24,29,PR24-29,Malvaceae,Matisia,Matisia_castano
1231,PR24,30,PR24-30,Sapindaceae,Matayba,Matayba_scrobiculata
1232,PR24,31,PR24-31,Sapindaceae,Matayba,Matayba_scrobiculata
1233,PR24,32,PR24-32,Arecaceae,Wettinia,Wettinia_quinaria
1234,PR24,33,PR24-33,Moraceae,Perebea,Perebea_xanthochyma
1235,PR24,34,PR24-34,Moraceae,Perebea,Perebea_xanthochyma
1236,PR24,35,PR24-35,Burseraceae,Protium,Protium_'copal_rojo'
1237,PR24,36,PR24-36,Fabaceae,Inga,Inga_edulis
1238,PR24,37,PR24-37,Myristicaceae,Otoba,Otoba_novogranatensis
1239,PR24,38,PR24-38,Rubiaceae,Pentagonia,Pentagonia_macrophylla
1240,PR24,39,PR24-39,Lauraceae,Ocotea,Ocotea_insularis
1241,PR24,40,PR24-40,Salicaceae,Banara,Banara_guianensis
1242,PR24,41,PR24-41,Caricaceae,Jacaratia,Jacaratia_spinosa
1243,PR24,42,PR24-42,Lauraceae,Endlicheria,Endlicheria_sp.1
1244,PR24,43,PR24-43,Arecaceae,Wettinia,Wettinia_quinaria
1245,PR24,44,PR24-44,Rubiaceae,Palicourea,Palicourea_palenquensis
1246,PR24,45,PR24-45,Annonaceae,Annona,Annona_edulis
1247,PR24,46,PR24-46,Malvaceae,Apeiba,Apeiba_membranacea
1248,PR24,47,PR24-47,Moraceae,Perebea,Perebea_xanthochyma
1249,PR24,48,PR24-48,Rubiaceae,Hippotis,Hippotis_tubiflora
1250,PR24,49,PR24-49,Salicaceae,Banara,Banara_guianensis
1251,PR24,50,PR24-50,Meliaceae,Guarea,Guarea_cartaguenya
1252,PR24,51,PR24-51,Meliaceae,Trichilia,Trichilia_surinamensis
1253,PR24,52,PR24-52,Caricaceae,Jacaratia,Jacaratia_spinosa
1254,PR24,53,PR24-53,Phyllanthaceae,Hieronyma,Hieronyma_alchorneoides
1255,PR24,54,PR24-54,Annonaceae,Annona,Annona_edulis
1256,PR24,55,PR24-55,Myristicaceae,Otoba,Otoba_novogranatensis
1257,PR24,56,PR24-56,Salicaceae,Banara,Banara_guianensis
1258,PR24,57,PR24-57,Arecaceae,Wettinia,Wettinia_quinaria
1259,PR24,58,PR24-58,Phyllanthaceae,Hieronyma,Hieronyma_alchorneoides
1260,PR24,59,PR24-59,Burseraceae,Dacryodes,Dacryodes_cupularis
1261,PR24,60,PR24-60,Moraceae,Poulsenia,Poulsenia_armata
1262,PR24,61,PR24-61,Fabaceae,Inga,Inga_chocoensis
1263,PR24,62,PR24-62,Malvaceae,Apeiba,Apeiba_membranacea
1264,PR24,63,PR24-63,Arecaceae,Bactris,Bactris_setulosa
1265,PR24,64,PR24-64,Phyllanthaceae,Hieronyma,Hieronyma_alchorneoides
1266,PR24,65,PR24-65,Fabaceae,Inga,Inga_chocoensis
1267,PR24,66,PR24-66,Cyatheaceae,Cyathea,Cyathea_sp.1
1268,PR24,67,PR24-67,Lecythidaceae,Gustavia,Gustavia_dodsonii
1269,PR24,68,PR24-68,Urticaceae,Cecropia,Cecropia_garciae
1270,PR24,69,PR24-69,Salicaceae,Banara,Banara_guianensis
1271,PR24,70,PR24-70,Cyatheaceae,Cyathea,Cyathea_sp.1
1272,PR24,71,PR24-71,Phyllanthaceae,Hieronyma,Hieronyma_alchorneoides
1273,PR24,72,PR24-72,Malvaceae,Apeiba,Apeiba_membranacea
1274,PR24,73,PR24-73,Phyllanthaceae,Hieronyma,Hieronyma_alchorneoides
1275,PR24,74,PR24-74,Phyllanthaceae,Hieronyma,Hieronyma_alchorneoides
1276,PR24,75,PR24-75,Urticaceae,Cecropia,Cecropia_insignis
1277,PR24,76,PR24-76,Urticaceae,Cecropia,Cecropia_garciae
1278,PR24,77,PR24-77,Urticaceae,Cecropia,Cecropia_garciae
1279,PR24,78,PR24-78,Lauraceae,Cinnamomum,Cinnamomum_palaciosii
1280,PR24,79,PR24-79,Fabaceae,Inga,Inga_chocoensis
1281,PR24,80,PR24-80,Cyatheaceae,Cyathea,Cyathea_sp.1
1282,PR24,81,PR24-81,Annonaceae,Annona,Annona_edulis
1283,PR24,82,PR24-82,Urticaceae,Cecropia,Cecropia_garciae
1284,PR24,83,PR24-83,Moraceae,Perebea,Perebea_xanthochyma
1285,PR24,84,PR24-84,Phyllanthaceae,Hieronyma,Hieronyma_alchorneoides
1286,PR24,85,PR24-85,Sabiaceae,Meliosma,Meliosma_herbertii
1287,PR24,86,PR24-86,Urticaceae,Cecropia,Cecropia_insignis
1288,PR24,87,PR24-87,Arecaceae,Wettinia,Wettinia_quinaria
1289,PR24,88,PR24-88,Phyllanthaceae,Hieronyma,Hieronyma_alchorneoides
1290,PR24,89,PR24-89,Fabaceae,Inga,Inga_chocoensis
1291,PR24,90,PR24-90,Malvaceae,Apeiba,Apeiba_membranacea
1292,PR24,91,PR24-91,Urticaceae,Cecropia,Cecropia_garciae
1293,PR24,92,PR24-92,Phyllanthaceae,Hieronyma,Hieronyma_alchorneoides
1294,PR24,93,PR24-93,Arecaceae,Bactris,Bactris_setulosa
1295,PR24,94,PR24-94,Fabaceae,Inga,Inga_ruiziana
1296,PR24,95,PR24-95,Arecaceae,Wettinia,Wettinia_quinaria
1297,PR24,96,PR24-96,Malvaceae,Apeiba,Apeiba_membranacea
1298,PR24,97,PR24-97,Lecythidaceae,Gustavia,Gustavia_dodsonii
1299,PR24,98,PR24-98,Arecaceae,Bactris,Bactris_setulosa
1300,PR24,99,PR24-99,Melastomataceae,Miconia,Miconia_conocuatrecasii
1301,PR24,100,PR24-100,Salicaceae,Neosprucea,Neosprucea_pedicellata
1302,PR24,101,PR24-101,Malvaceae,Apeiba,Apeiba_membranacea
1303,PR24,102,PR24-102,Myristicaceae,Otoba,Otoba_novogranatensis
1304,PR24,103,PR24-103,Malvaceae,Quararibea,Quararibea_grandifolia
1305,PR24,104,PR24-104,Salicaceae,Xylosma,Xylosma_tessmannii
1306,PR24,105,PR24-105,Sapindaceae,Talisia,Talisia_macrophylla
1307,PR24,106,PR24-106,Moraceae,Poulsenia,Poulsenia_armata
1308,PR24,107,PR24-107,Fabaceae,Andira,Andira_taurotesticulata
1309,PR24,108,PR24-108,Salicaceae,Pleuranthodendron,Pleuranthodendron_lindenii
1310,PR24,109,PR24-109,Moraceae,Poulsenia,Poulsenia_armata
1311,PR24,110,PR24-110,Myrtaceae,Eugenia,Eugenia_sericifolia
1312,PR24,111,PR24-111,Moraceae,Ficus,Ficus_brevibracteata
1313,PR24,112,PR24-112,Meliaceae,Carapa,Carapa_guianensis
1314,PR24,113,PR24-113,Malvaceae,Apeiba,Apeiba_membranacea
1315,PR24,114,PR24-114,Arecaceae,Wettinia,Wettinia_quinaria
1316,PR24,115,PR24-115,Salicaceae,Neosprucea,Neosprucea_pedicellata
1317,PR24,116,PR24-116,Rubiaceae,Pentagonia,Pentagonia_macrophylla
1318,PR24,117,PR24-117,Lecythidaceae,Eschweilera,Eschweilera_rimbachii
1319,PR24,118,PR24-118,Meliaceae,Carapa,Carapa_guianensis
1320,PR24,119,PR24-119,Sapindaceae,Allophylus,Allophylus_angustatus
1321,PR24,120,PR24-120,Cyatheaceae,Cyathea,Cyathea_sp.1
1322,PR24,121,PR24-121,Cyatheaceae,Cyathea,Cyathea_sp.1
1323,PR24,122,PR24-122,Rubiaceae,Pentagonia,Pentagonia_macrophylla
1324,PR24,123,PR24-123,Malvaceae,Sterculia,Sterculia_colombiana
1325,PR24,124,PR24-124,Convolvulaceae,Maripa,Maripa_sp.1
1326,PR24,125,PR24-125,Salicaceae,Banara,Banara_guianensis
1327,PR24,126,PR24-126,Malvaceae,Apeiba,Apeiba_membranacea
1328,PR24,127,PR24-127,Arecaceae,Wettinia,Wettinia_quinaria
1329,PR24,128,PR24-128,Arecaceae,Bactris,Bactris_setulosa
1330,PR24,129,PR24-129,Euphorbiaceae,Conceveiba,Conceveiba_martiana
1331,PR24,130,PR24-130,Fabaceae,Andira,Andira_taurotesticulata
1332,PR24,131,PR24-131,Meliaceae,Guarea,Guarea_bullata
1333,PR24,132,PR24-132,Salicaceae,Neosprucea,Neosprucea_pedicellata
1334,PR24,133,PR24-133,Malvaceae,Eriotheca,Eriotheca_squamigera
1335,PR24,134,PR24-134,Myrtaceae,Eugenia,Eugenia_sericifolia
1336,PR24,135,PR24-135,Salicaceae,Banara,Banara_guianensis
1337,PR24,136,PR24-136,Moraceae,Ficus,Ficus_brevibracteata
1338,PR24,137,PR24-137,Moraceae,Ficus,Ficus_brevibracteata
1339,PR24,138,PR24-138,Arecaceae,Wettinia,Wettinia_quinaria
1340,PR24,139,PR24-139,Lecythidaceae,Grias,Grias_peruviana
1341,PR24,140,PR24-140,Moraceae,Castilla,Castilla_tunu
1342,PR24,141,PR24-141,Urticaceae,Cecropia,Cecropia_insignis
1343,PR24,142,PR24-142,Urticaceae,Cecropia,Cecropia_insignis
1344,PR24,143,PR24-143,Moraceae,Perebea,Perebea_guianensis
1345,PR24,144,PR24-144,Malvaceae,Apeiba,Apeiba_membranacea
1346,PR24,145,PR24-145,Malvaceae,Apeiba,Apeiba_membranacea
1347,PR24,146,PR24-146,Moraceae,Ficus,Ficus_maxima
1348,PR24,147,PR24-147,Salicaceae,Banara,Banara_guianensis
1349,PR24,148,PR24-148,Arecaceae,Bactris,Bactris_setulosa
1350,PR24,149,PR24-149,Arecaceae,Wettinia,Wettinia_quinaria
1351,PR24,150,PR24-150,Burseraceae,Protium,Protium_colombianum
1352,PR24,151,PR24-151,Myristicaceae,Otoba,Otoba_novogranatensis
1353,OG28,1,OG28-1,Fabaceae,Brownea,Brownea_coccinea
1354,OG28,2,OG28-2,Arecaceae,Wettinia,Wettinia_quinaria
1355,OG28,3,OG28-3,Stemonuraceae,Discophora,Discophora_guianensis
1356,OG28,4,OG28-4,Euphorbiaceae,Pausandra,Pausandra_trianae
1357,OG28,5,OG28-5,Myristicaceae,Otoba,Otoba_novogranatensis
1358,OG28,6,OG28-6,Meliaceae,Trichilia,Trichilia_elsae
1359,OG28,7,OG28-7,Moraceae,Sorocea,Sorocea_jaramilloi
1360,OG28,8,OG28-8,Fabaceae,Brownea,Brownea_coccinea
1361,OG28,9,OG28-9,Arecaceae,Wettinia,Wettinia_quinaria
1362,OG28,10,OG28-10,Arecaceae,Wettinia,Wettinia_quinaria
1363,OG28,11,OG28-11,Myristicacea,Otoba,Otoba_novogranatensis
1364,OG28,12,OG28-12,Euphorbiaceae,Pausandra,Pausandra_trianae
1365,OG28,13,OG28-13,Euphorbiaceae,Pausandra,Pausandra_trianae
1366,OG28,14,OG28-14,Fabaceae,Inga,Inga_ruiziana
1367,OG28,15,OG28-15,Fabaceae,Brownea,Brownea_coccinea
1368,OG28,16,OG28-16,Moraceae,Brosimum,Brosimum_utile
1369,OG28,17,OG28-17,Euphorbiaceae,Pausandra,Pausandra_trianae
1370,OG28,18,OG28-18,Lauraceae,Caryodaphnopsis,Caryodaphnopsis_theobromifolia
1371,OG28,19,OG28-19,Fabaceae,Brownea,Brownea_coccinea
1372,OG28,20,OG28-20,Fabaceae,Brownea,Brownea_coccinea
1373,OG28,21,OG28-21,Euphorbiaceae,Pausandra,Pausandra_trianae
1374,OG28,22,OG28-22,Moraceae,Naucleopsis,Naucleopsis_ulei
1375,OG28,23,OG28-23,Rubiaceae,Faramea,Faramea_parvibractea
1376,OG28,24,OG28-24,Arecaceae,Wettinia,Wettinia_quinaria
1377,OG28,25,OG28-25,Monimiaceae,Mollinedia,Mollinedia_latifolia
1378,OG28,26,OG28-26,Moraceae,Brosimum,Brosimum_utile
1379,OG28,27,OG28-27,Euphorbiaceae,Pausandra,Pausandra_trianae
1380,OG28,28,OG28-28,NA,NA,NA
1381,OG28,29,OG28-29,Euphorbiaceae,Pausandra,Pausandra_trianae
1382,OG28,30,OG28-30,Myristicaceae,Otoba,Otoba_gracilipes
1383,OG28,31,OG28-31,Moraceae,Ficus,Ficus_brevibracteata
1384,OG28,32,OG28-32,Melastomataceae,Miconia,Miconia_'grande'
1385,OG28,33,OG28-33,Arecaceae,Wettinia,Wettinia_quinaria
1386,OG28,34,OG28-34,Salicaceae,Casearia,Casearia_ulmifolia
1387,OG28,35,OG28-35,Fabaceae,Brownea,Brownea_coccinea
1388,OG28,36,OG28-36,Arecaceae,Iriartea,Iriartea_deltoidea
1389,OG28,37,OG28-37,Burseraceae,Protium,Protium_tenuifolium
1390,OG28,38,OG28-38,Moraceae,Ficus,Ficus_brevibracteata
1391,OG28,39,OG28-39,Myristicaceae,Virola,Virola_reidii
1392,OG28,40,OG28-40,Euphorbiaceae,Pausandra,Pausandra_trianae
1393,OG28,41,OG28-41,Euphorbiaceae,Pausandra,Pausandra_trianae
1394,OG28,42,OG28-42,Arecaceae,Wettinia,Wettinia_quinaria
1395,OG28,43,OG28-43,Euphorbiaceae,Pausandra,Pausandra_trianae
1396,OG28,44,OG28-44,Cannabaceae,Trema,Trema_micrantha
1397,OG28,45,OG28-45,Cannabaceae,Trema,Trema_micrantha
1398,OG28,46,OG28-46,Moraceae,Sorocea,Sorocea_jaramilloi
1399,OG28,47,OG28-47,Melastomataceae,Miconia,Miconia_'grande'
1400,OG28,48,OG28-48,Arecaceae,Wettinia,Wettinia_quinaria
1401,OG28,49,OG28-49,Euphorbiaceae,Pausandra,Pausandra_trianae
1402,OG28,50,OG28-50,Euphorbiaceae,Pausandra,Pausandra_trianae
1403,OG28,51,OG28-51,Lecythidaceae,Eschweilera,Eschweilera_caudiculata
1404,OG28,52,OG28-52,Arecaceae,Wettinia,Wettinia_quinaria
1405,OG28,53,OG28-53,Meliaceae,Carapa,Carapa_guianensis
1406,OG28,54,OG28-54,Chrysobalanaceae,Licania,Licania_octandra
1407,OG28,55,OG28-55,Moraceae,Brosimum,Brosimum_utile
1408,OG28,56,OG28-56,Urticaceae,Coussapoa,Coussapoa_villosa
1409,OG28,57,OG28-57,Fabaceae,Brownea,Brownea_coccinea
1410,OG28,58,OG28-58,Myristicaceae,Otoba,Otoba_gracilipes
1411,OG28,59,OG28-59,Euphorbiaceae,Pausandra,Pausandra_trianae
1412,OG28,60,OG28-60,Burseraceae,Protium,Protium_tenuifolium
1413,OG28,61,OG28-61,Euphorbiaceae,Pausandra,Pausandra_trianae
1414,OG28,62,OG28-62,Arecaceae,Wettinia,Wettinia_quinaria
1415,OG28,63,OG28-63,Arecaceae,Wettinia,Wettinia_quinaria
1416,OG28,64,OG28-64,Moraceae,Sorocea,Sorocea_jaramilloi
1417,OG28,65,OG28-65,Arecaceae,Wettinia,Wettinia_quinaria
1418,OG28,66,OG28-66,Arecaceae,Wettinia,Wettinia_quinaria
1419,OG28,67,OG28-67,Arecaceae,Wettinia,Wettinia_quinaria
1420,OG28,68,OG28-68,Moraceae,Sorocea,Sorocea_jaramilloi
1421,OG28,69,OG28-69,Fabaceae,Brownea,Brownea_multijuga
1422,OG28,70,OG28-70,Rubiaceae,Palicourea,Palicourea_palenquensis
1423,OG28,71,OG28-71,Chrysobalanaceae,Cordillera,Cordillera_platycalyx
1424,OG28,72,OG28-72,Euphorbiaceae,Pausandra,Pausandra_trianae
1425,OG28,73,OG28-73,Arecaceae,Iriartea,Iriartea_deltoidea
1426,OG28,74,OG28-74,Arecaceae,Wettinia,Wettinia_quinaria
1427,OG28,75,OG28-75,Arecaceae,Wettinia,Wettinia_quinaria
1428,OG28,76,OG28-76,Moraceae,Sorocea,Sorocea_jaramilloi
1429,OG28,77,OG28-77,Myristicaceae,Otoba,Otoba_gracilipes
1430,OG28,78,OG28-78,Myristicaceae,Virola,Virola_reidii
1431,OG28,79,OG28-79,Arecaceae,Wettinia,Wettinia_quinaria
1432,OG28,80,OG28-80,Lecythidaceae,Eschweilera,Eschweilera_rimbachii
1433,OG28,81,OG28-81,Myristicaceae,Otoba,Otoba_novogranatensis
1434,OG28,82,OG28-82,Burseraceae,Dacryodes,Dacryodes_cupularis
1435,OG28,83,OG28-83,Meliaceae,Carapa,Carapa_guianensis
1436,OG28,84,OG28-84,Clusiaceae,Garcinia,Garcinia_madruno
1437,OG28,85,OG28-85,Arecaceae,Wettinia,Wettinia_quinaria
1438,OG28,86,OG28-86,Arecaceae,Wettinia,Wettinia_quinaria
1439,OG28,87,OG28-87,Myristicaceae,Otoba,Otoba_novogranatensis
1440,OG28,88,OG28-88,Euphorbiaceae,Pausandra,Pausandra_trianae
1441,OG28,89,OG28-89,Sapotaceae,Pouteria,Pouteria_trilocularis
1442,OG28,90,OG28-90,Myristicaceae,Otoba,Otoba_novogranatensis
1443,OG28,91,OG28-91,Moraceae,Ficus,Ficus_brevibracteata
1444,OG28,92,OG28-92,Lecythidaceae,Eschweilera,Eschweilera_rimbachii
1445,OG28,93,OG28-93,Cannabaceae,Trema,Trema_micrantha
1446,OG28,94,OG28-94,Euphorbiaceae,Pausandra,Pausandra_trianae
1447,OG28,95,OG28-95,Cannabaceae,Trema,Trema_micrantha
1448,OG28,96,OG28-96,Cannabaceae,Trema,Trema_micrantha
1449,OG28,97,OG28-97,Moraceae,Sorocea,Sorocea_jaramilloi
1450,OG28,98,OG28-98,Euphorbiaceae,Pausandra,Pausandra_trianae
1451,OG28,99,OG28-99,Fabaceae,Brownea,Brownea_coccinea
1452,OG28,100,OG28-100,Arecaceae,Wettinia,Wettinia_quinaria
1453,OG28,101,OG28-101,Myristicaceae,Virola,Virola_reidii
1454,OG28,102,OG28-102,Myristicaceae,Otoba,Otoba_novogranatensis
1455,OG28,103,OG28-103,Moraceae,Sorocea,Sorocea_jaramilloi
1456,OG28,104,OG28-104,Chrysobalanaceae,Cordillera,Cordillera_platycalyx
1457,OG28,105,OG28-105,Lecythidaceae,Eschweilera,Eschweilera_rimbachii
1458,OG28,106,OG28-106,Euphorbiaceae,Pausandra,Pausandra_trianae
1459,OG28,107,OG28-107,Arecaceae,Wettinia,Wettinia_quinaria
1460,OG28,108,OG28-108,Arecaceae,Wettinia,Wettinia_quinaria
1461,OG28,109,OG28-109,Euphorbiaceae,Pausandra,Pausandra_trianae
1462,OG28,110,OG28-110,Siparunaceae,Siparuna,Siparuna_gentryana
1463,OG28,111,OG28-111,Arecaceae,Wettinia,Wettinia_quinaria
1464,OG28,112,OG28-112,Fabaceae,Brownea,Brownea_multijuga
1465,OG28,113,OG28-113,Fabaceae,Brownea,Brownea_coccinea
1466,OG28,114,OG28-114,Arecaceae,Iriartea,Iriartea_deltoidea
1467,OG28,115,OG28-115,Euphorbiaceae,Pausandra,Pausandra_trianae
1468,OG28,116,OG28-116,Arecaceae,Iriartea,Iriartea_deltoidea
1469,OG28,117,OG28-117,Malvaceae,Quararibea,Quararibea_grandifolia
1470,OG28,118,OG28-118,Arecaceae,Iriartea,Iriartea_deltoidea
1471,OG28,119,OG28-119,Malvaceae,Quararibea,Quararibea_grandifolia
1472,OG28,120,OG28-120,Moraceae,Naucleopsis,Naucleopsis_ulei
1473,OG28,121,OG28-121,Arecaceae,Wettinia,Wettinia_quinaria
1474,OG28,122,OG28-122,Moraceae,Brosimum,Brosimum_utile
1475,OG28,123,OG28-123,NA,NA,NA
1476,OG28,124,OG28-124,Arecaceae,Wettinia,Wettinia_quinaria
1477,OG28,125,OG28-125,Fabaceae,Brownea,Brownea_multijuga
1478,OG28,126,OG28-126,Arecaceae,Wettinia,Wettinia_quinaria
1479,OG28,127,OG28-127,NA,NA,NA
1480,OG28,128,OG28-128,Euphorbiaceae,Pausandra,Pausandra_trianae
1481,OG28,129,OG28-129,Arecaceae,Wettinia,Wettinia_quinaria
1482,OG28,130,OG28-130,Euphorbiaceae,Pausandra,Pausandra_trianae
1483,OG28,131,OG28-131,Euphorbiaceae,Pausandra,Pausandra_trianae
1484,OG28,132,OG28-132,Moraceae,Ficus,Ficus_brevibracteata
1485,OG28,133,OG28-133,Sapotaceae,Pouteria,Pouteria_caimito
1486,OG28,134,OG28-134,Fabaceae,Brownea,Brownea_multijuga
1487,OG28,135,OG28-135,Arecaceae,Wettinia,Wettinia_quinaria
1488,OG28,136,OG28-136,Myristicaceae,Virola,Virola_reidii
1489,OG28,137,OG28-137,Moraceae,Brosimum,Brosimum_utile
1490,OG28,138,OG28-138,Schlegeliaceae,Exarata,Exarata_chocoensis
1491,OG28,139,OG28-139,Fabaceae,Inga,Inga_hayesii
1492,OG28,140,OG28-140,Arecaceae,Wettinia,Wettinia_quinaria
1493,OG28,141,OG28-141,Myristicaceae,Otoba,Otoba_novogranatensis
1494,OG28,142,OG28-142,Arecaceae,Wettinia,Wettinia_quinaria
1495,OG28,143,OG28-143,Cannabaceae,Trema,Trema_micrantha
1496,OG28,144,OG28-144,Moraceae,Poulsenia,Poulsenia_armata
1497,OG28,145,OG28-145,Euphorbiaceae,Croton,Croton_tessmannii
1498,OG28,146,OG28-146,Euphorbiaceae,Pausandra,Pausandra_trianae
1499,OG28,147,OG28-147,Arecaceae,Wettinia,Wettinia_quinaria
1500,OG28,148,OG28-148,Euphorbiaceae,Pausandra,Pausandra_trianae
1501,OG28,149,OG28-149,Moraceae,Maquira,Maquira_guianensis
1502,OG28,150,OG28-150,Arecaceae,Iriartea,Iriartea_deltoidea
1503,OG28,151,OG28-151,Moraceae,Brosimum,Brosimum_guianense
1504,OG28,152,OG28-152,Myristicaceae,Virola,Virola_reidii
1505,OG28,153,OG28-153,Arecaceae,Iriartea,Iriartea_deltoidea
1506,OG28,154,OG28-154,Moraceae,Brosimum,Brosimum_guianense
1507,OG28,155,OG28-155,Moraceae,Brosimum,Brosimum_guianense
1508,OG28,156,OG28-156,Myristicaceae,Otoba,Otoba_novogranatensis
1509,OG28,157,OG28-157,Myristicaceae,Virola,Virola_reidii
1510,OG28,158,OG28-158,Arecaceae,Socratea,Socratea_exorrhiza
1511,OG28,159,OG28-159,Arecaceae,Wettinia,Wettinia_quinaria
1512,OG28,160,OG28-160,Lauraceae,Aniba,Aniba_sp.1
1513,OG28,161,OG28-161,Arecaceae,Iriartea,Iriartea_deltoidea
1514,OG28,162,OG28-162,Myristicaceae,Otoba,Otoba_gracilipes
1515,OG28,163,OG28-163,Arecaceae,Iriartea,Iriartea_deltoidea
1516,OG28,164,OG28-164,Fabaceae,Brownea,Brownea_coccinea
1517,OG28,165,OG28-165,Fabaceae,Brownea,Brownea_coccinea
1518,OG28,166,OG28-166,Fabaceae,Andira,Andira_taurotesticulata
1519,OG28,167,OG28-167,Myrtaceae,Mollinedia,Mollinedia_latifolia
1520,OG28,168,OG28-168,Moraceae,Brosimum,Brosimum_guianense
1521,OG28,169,OG28-169,Moraceae,Naucleopsis,Naucleopsis_chiguila
1522,OG28,170,OG28-170,Moraceae,Clarisia,Clarisia_racemosa
1523,OG28,171,OG28-171,Fabaceae,Brownea,Brownea_coccinea
1524,OG28,172,OG28-172,Dilleniaceae,Tetracera,Tetracera_costata
1525,OG28,173,OG28-173,Arecaceae,Wettinia,Wettinia_quinaria
1526,OG28,174,OG28-174,Fabaceae,Brownea,Brownea_coccinea
1527,OG28,175,OG28-175,Fabaceae,Brownea,Brownea_coccinea
1528,OG28,176,OG28-176,Dilleniaceae,Tetracera,Tetracera_costata
1529,OG28,177,OG28-177,Moraceae,Brosimum,Brosimum_utile
1530,OG28,178,OG28-178,Myristicaceae,Otoba,Otoba_gracilipes
1531,OG28,179,OG28-179,Arecaceae,Iriartea,Iriartea_deltoidea
1532,OG28,180,OG28-180,Meliaceae,Carapa,Carapa_guianensis
1533,OG28,181,OG28-181,Euphorbiaceae,Pausandra,Pausandra_trianae
1534,OG28,182,OG28-182,Chrysobalanaceae,Licania,Licania_octandra
1535,OG28,183,OG28-183,Moraceae,Brosimum,Brosimum_lactescens
1536,OG28,184,OG28-184,Myrtaceae,Mollinedia,Mollinedia_latifolia
1537,OG28,185,OG28-185,Chrysobalanaceae,Licania,Licania_octandra
1538,OG28,186,OG28-186,Arecaceae,Wettinia,Wettinia_quinaria
1539,OG28,187,OG28-187,Primulaceae,Ardisia,Ardisia_guianensis
1540,OG28,188,OG28-188,Fabaceae,Brownea,Brownea_coccinea
1541,OG28,189,OG28-189,Fabaceae,Brownea,Brownea_multijuga
1542,OG28,190,OG28-190,Annonaceae,Annona,Annona_edulis
1543,OG28,191,OG28-191,Fabaceae,Brownea,Brownea_coccinea
1544,OG28,192,OG28-192,Meliaceae,Guarea,Guarea_kunthiana
1545,OG28,193,OG28-193,Fabaceae,Brownea,Brownea_multijuga
1546,OG28,194,OG28-194,Urticaceae,Cecropia,Cecropia_hispidissima
1547,OG28,195,OG28-195,Myristicaceae,Virola,Virola_reidii
1548,OG28,196,OG28-196,Arecaceae,Socratea,Socratea_exorrhiza
1549,OG28,197,OG28-197,Euphorbiaceae,Pausandra,Pausandra_trianae
1550,OG28,198,OG28-198,Monimiaceae,Mollinedia,Mollinedia_latifolia
1551,OG28,199,OG28-199,Myristicaceae,Otoba,Otoba_novogranatensis
1552,OG28,200,OG28-200,Arecaceae,Wettinia,Wettinia_quinaria
1553,OG28,201,OG28-201,Myristicaceae,Otoba,Otoba_gracilipes
1554,OG28,202,OG28-202,Phyllanthaceae,Hieronyma,Hieronyma_macrocarpa
1555,OG28,203,OG28-203,Euphorbiaceae,Pausandra,Pausandra_trianae
1556,OG28,204,OG28-204,Monimiaceae,Mollinedia,Mollinedia_latifolia
1557,OG28,205,OG28-205,Monimiaceae,Mollinedia,Mollinedia_latifolia
1558,OG28,206,OG28-206,Arecaceae,Wettinia,Wettinia_quinaria
1559,OG28,207,OG28-207,Euphorbiaceae,Pausandra,Pausandra_trianae
1560,OG28,208,OG28-208,Arecaceae,Wettinia,Wettinia_quinaria
1561,OG28,209,OG28-209,Arecaceae,Wettinia,Wettinia_quinaria
1562,OG28,210,OG28-210,Monimiaceae,Mollinedia,Mollinedia_latifolia
1563,OG28,211,OG28-211,Euphorbiaceae,Pausandra,Pausandra_trianae
1564,OG28,212,OG28-212,Arecaceae,Wettinia,Wettinia_quinaria
1565,OG28,213,OG28-213,NA,NA,NA
1566,OG28,214,OG28-214,Arecaceae,Wettinia,Wettinia_quinaria
1567,OG28,215,OG28-215,Lecythidaceae,Pausandra,Pausandra_trianae
1568,OG28,216,OG28-216,Lecythidaceae,Eschweilera,Eschweilera_rimbachii
1569,OG28,217,OG28-217,Lecythidaceae,Pausandra,Pausandra_trianae
1570,OG28,218,OG28-218,Arecaceae,Wettinia,Wettinia_quinaria
1571,OG28,219,OG28-219,Myristicaceae,Otoba,Otoba_novogranatensis
1572,OG28,220,OG28-220,Lecythidaceae,Pausandra,Pausandra_trianae
1573,OG28,221,OG28-221,Moraceae,Brosimum,Brosimum_utile
1574,OG28,222,OG28-222,Myristicaceae,Otoba,Otoba_gracilipes
1575,OG28,223,OG28-223,Arecaceae,Wettinia,Wettinia_quinaria
1576,OG28,224,OG28-224,Fabaceae,Inga,Inga_jinicuil
1577,OG28,225,OG28-225,Fabaceae,Andira,Andira_taurotesticulata
1578,OG28,226,OG28-226,Fabaceae,Inga,Inga_hayesii
1579,OG28,227,OG28-227,Arecaceae,Wettinia,Wettinia_quinaria
1580,OG28,228,OG28-228,Urticaceae,Cecropia,Cecropia_insignis
1581,OG28,229,OG28-229,Arecaceae,Iriartea,Iriartea_deltoidea
1582,OG28,230,OG28-230,Lecythidaceae,Pausandra,Pausandra_trianae
1583,OG28,231,OG28-231,Arecaceae,Wettinia,Wettinia_quinaria
1584,OG28,232,OG28-232,Myristicaceae,Otoba,Otoba_novogranatensis
1585,OG28,233,OG28-233,Arecaceae,Wettinia,Wettinia_quinaria
1586,OG28,234,OG28-234,Fabaceae,Andira,Andira_taurotesticulata
1587,OG28,235,OG28-235,Euphorbiaceae,Croton,Croton_tessmannii
1588,OG28,236,OG28-236,Sapotaceae,Pouteria,Pouteria_buenaventurensis
1589,PR26,1,PR26-1,Urticaceae,Coussapoa,Coussapoa_villosa
1590,PR26,2,PR26-2,Vochysiaceae,Vochysia,Vochysia_macrophylla
1591,PR26,3,PR26-3,Vochysiaceae,Vochysia,Vochysia_macrophylla
1592,PR26,4,PR26-4,Vochysiaceae,Vochysia,Vochysia_macrophylla
1593,PR26,5,PR26-5,Vochysiaceae,Vochysia,Vochysia_macrophylla
1594,PR26,6,PR26-6,Vochysiaceae,Vochysia,Vochysia_macrophylla
1595,PR26,7,PR26-7,Vochysiaceae,Vochysia,Vochysia_macrophylla
1596,PR26,8,PR26-8,Vochysiaceae,Vochysia,Vochysia_macrophylla
1597,PR26,9,PR26-9,Vochysiaceae,Vochysia,Vochysia_macrophylla
1598,PR26,10,PR26-10,Vochysiaceae,Vochysia,Vochysia_macrophylla
1599,PR26,11,PR26-11,Vochysiaceae,Vochysia,Vochysia_macrophylla
1600,PR26,12,PR26-12,Vochysiaceae,Vochysia,Vochysia_macrophylla
1601,PR26,13,PR26-13,Vochysiaceae,Vochysia,Vochysia_macrophylla
1602,PR26,14,PR26-14,Vochysiaceae,Vochysia,Vochysia_macrophylla
1603,PR26,15,PR26-15,Vochysiaceae,Vochysia,Vochysia_macrophylla
1604,PR26,16,PR26-16,Vochysiaceae,Vochysia,Vochysia_macrophylla
1605,PR26,17,PR26-17,Vochysiaceae,Vochysia,Vochysia_macrophylla
1606,PR26,18,PR26-18,Vochysiaceae,Vochysia,Vochysia_macrophylla
1607,PR26,19,PR26-19,Vochysiaceae,Vochysia,Vochysia_macrophylla
1608,PR26,20,PR26-20,Moraceae,Ficus,Ficus_pertusa
1609,PR26,21,PR26-21,Vochysiaceae,Vochysia,Vochysia_macrophylla
1610,PR26,22,PR26-22,Vochysiaceae,Vochysia,Vochysia_macrophylla
1611,PR26,23,PR26-23,Vochysiaceae,Vochysia,Vochysia_macrophylla
1612,PR26,24,PR26-24,Urticaceae,Cecropia,Cecropia_insignis
1613,PR26,25,PR26-25,Vochysiaceae,Vochysia,Vochysia_macrophylla
1614,PR26,26,PR26-26,Vochysiaceae,Vochysia,Vochysia_macrophylla
1615,PR26,27,PR26-27,Melastomataceae,Miconia,Miconia_'grande'
1616,PR26,28,PR26-28,Vochysiaceae,Vochysia,Vochysia_macrophylla
1617,PR26,29,PR26-29,Rubiaceae,Isertia,Isertia_pittieri
1618,PR26,30,PR26-30,Vochysiaceae,Vochysia,Vochysia_macrophylla
1619,PR26,31,PR26-31,Fabaceae,Inga,Inga_pezizifera
1620,PR26,32,PR26-32,Rubiaceae,Isertia,Isertia_pittieri
1621,PR26,33,PR26-33,Moraceae,Ficus,Ficus_brevibracteata
1622,PR26,34,PR26-34,Rubiaceae,Isertia,Isertia_pittieri
1623,PR26,35,PR26-35,Rutaceae,Citrus,Citrus_X_Limonia
1624,PR26,36,PR26-36,Rubiaceae,Isertia,Isertia_pittieri
1625,PR26,37,PR26-37,NA,NA,NA
1626,PR26,38,PR26-38,Urticaceae,Coussapoa,Coussapoa_villosa
1627,PR26,39,PR26-39,Vochysiaceae,Vochysia,Vochysia_macrophylla
1628,PR26,40,PR26-40,Phyllanthaceae,Hieronyma,Hieronyma_alchorneoides
1629,PR26,41,PR26-41,Urticaceae,Cecropia,Cecropia_insignis
1630,PR26,42,PR26-42,Phyllanthaceae,Hieronyma,Hieronyma_alchorneoides
1631,PR26,43,PR26-43,Phyllanthaceae,Hieronyma,Hieronyma_alchorneoides
1632,PR26,44,PR26-44,Burseraceae,Dacryodes,Dacryodes_cupularis
1633,PR26,45,PR26-45,Moraceae,Ficus,Ficus_brevibracteata
1634,PR26,46,PR26-46,Melastomataceae,Miconia,Miconia_montana
1635,PR26,47,PR26-47,Salicaceae,Banara,Banara_guianensis
1636,PR26,48,PR26-48,Melastomataceae,Miconia,Miconia_montana
1637,PR26,49,PR26-49,Rubiaceae,Pentagonia,Pentagonia_macrophylla
1638,PR26,50,PR26-50,Fabaceae,Inga,Inga_ruiziana
1639,PR26,51,PR26-51,Melastomataceae,Miconia,Miconia_'grande'
1640,PR26,52,PR26-52,Melastomataceae,Miconia,Miconia_montana
1641,PR26,53,PR26-53,Melastomataceae,Miconia,Miconia_'grande'
1642,PR26,54,PR26-54,Urticaceae,Coussapoa,Coussapoa_villosa
1643,PR26,55,PR26-55,Fabaceae,Inga,Inga_densiflora
1644,PR26,56,PR26-56,Melastomataceae,Miconia,Miconia_montana
1645,PR26,57,PR26-57,Annonaceae,Guatteria,Guatteria_darienensis
1646,PR26,58,PR26-58,Vochysiaceae,Vochysia,Vochysia_macrophylla
1647,PR26,59,PR26-59,Fabaceae,Inga,Inga_chocoensis
1648,PR26,60,PR26-60,Melastomataceae,Miconia,Miconia_'grande'
1649,PR26,61,PR26-61,Salicaceae,Banara,Banara_guianensis
1650,PR26,62,PR26-62,Vochysiaceae,Vochysia,Vochysia_macrophylla
1651,PR26,63,PR26-63,Fabaceae,Inga,Inga_chocoensis
1652,PR26,64,PR26-64,Malvaceae,Sterculia,Sterculia_colombiana
1653,PR26,65,PR26-65,Melastomataceae,Miconia,Miconia_montana
1654,PR26,66,PR26-66,Actinidiaceae,Saurauia,Saurauia_herthae
1655,PR26,67,PR26-67,Melastomataceae,Miconia,Miconia_montana
1656,PR26,68,PR26-68,Melastomataceae,Miconia,Miconia_montana
1657,PR26,69,PR26-69,Melastomataceae,Miconia,Miconia_montana
1658,PR26,70,PR26-70,Fabaceae,Inga,Inga_chocoensis
1659,PR26,71,PR26-71,Salicaceae,Banara,Banara_guianensis
1660,PR26,72,PR26-72,Salicaceae,Banara,Banara_guianensis
1661,PR26,73,PR26-73,Salicaceae,Banara,Banara_guianensis
1662,PR26,74,PR26-74,Lauraceae,Damburneya,Damburneya_purpurea
1663,PR26,75,PR26-75,Myristicaceae,Virola,Virola_pavonis
1664,PR26,76,PR26-76,Melastomataceae,Miconia,Miconia_montana
1665,PR26,77,PR26-77,Urticaceae,Cecropia,Cecropia_hispidissima
1666,PR26,78,PR26-78,Urticaceae,Cecropia,Cecropia_hispidissima
1667,PR26,79,PR26-79,Urticaceae,Cecropia,Cecropia_hispidissima
1668,PR26,80,PR26-80,Urticaceae,Cecropia,Cecropia_hispidissima
1669,PR26,81,PR26-81,Fabaceae,Inga,Inga_spectabilis
1670,PR26,82,PR26-82,Myristicaceae,Virola,Virola_pavonis
1671,PR26,83,PR26-83,Burseraceae,Dacryodes,Dacryodes_cupularis
1672,PR26,84,PR26-84,Fabaceae,Inga,Inga_chocoensis
1673,PR26,85,PR26-85,Hypericaceae,Vismia,Vismia_baccifera
1674,PR26,86,PR26-86,Melastomataceae,Miconia,Miconia_montana
1675,PR26,87,PR26-87,Melastomataceae,Miconia,Miconia_montana
1676,PR26,88,PR26-88,Rubiaceae,Isertia,Isertia_pittieri
1677,PR26,89,PR26-89,Hypericaceae,Vismia,Vismia_baccifera
1678,PR26,90,PR26-90,Vochysiaceae,Vochysia,Vochysia_macrophylla
1679,PR26,91,PR26-91,Vochysiaceae,Vochysia,Vochysia_macrophylla
1680,PR26,92,PR26-92,Vochysiaceae,Vochysia,Vochysia_macrophylla
1681,PR26,93,PR26-93,Vochysiaceae,Vochysia,Vochysia_macrophylla
1682,PR26,94,PR26-94,Vochysiaceae,Vochysia,Vochysia_macrophylla
1683,PR26,95,PR26-95,Vochysiaceae,Vochysia,Vochysia_macrophylla
1684,PR26,96,PR26-96,Vochysiaceae,Vochysia,Vochysia_macrophylla
1685,PR26,97,PR26-97,Vochysiaceae,Vochysia,Vochysia_macrophylla
1686,PR26,98,PR26-98,Vochysiaceae,Vochysia,Vochysia_macrophylla
1687,PR26,99,PR26-99,Rubiaceae,Isertia,Isertia_pittieri
1688,PR26,100,PR26-100,Vochysiaceae,Vochysia,Vochysia_macrophylla
1689,PR26,101,PR26-101,Vochysiaceae,Vochysia,Vochysia_macrophylla
1690,PR26,102,PR26-102,Vochysiaceae,Vochysia,Vochysia_macrophylla
1691,PR26,103,PR26-103,Vochysiaceae,Vochysia,Vochysia_macrophylla
1692,PR26,104,PR26-104,Vochysiaceae,Vochysia,Vochysia_macrophylla
1693,PR26,105,PR26-105,Vochysiaceae,Vochysia,Vochysia_macrophylla
1694,PR26,106,PR26-106,Vochysiaceae,Vochysia,Vochysia_macrophylla
1695,PR26,107,PR26-107,Melastomataceae,Miconia,Miconia_montana
1696,PR26,108,PR26-108,Vochysiaceae,Vochysia,Vochysia_macrophylla
1697,PR26,109,PR26-109,Vochysiaceae,Vochysia,Vochysia_macrophylla
1698,PR26,110,PR26-110,Vochysiaceae,Vochysia,Vochysia_macrophylla
1699,PR26,111,PR26-111,Vochysiaceae,Vochysia,Vochysia_macrophylla
1700,PR26,112,PR26-112,Vochysiaceae,Vochysia,Vochysia_macrophylla
1701,PR26,113,PR26-113,Vochysiaceae,Vochysia,Vochysia_macrophylla
1702,PR26,114,PR26-114,Vochysiaceae,Vochysia,Vochysia_macrophylla
1703,PR26,115,PR26-115,Vochysiaceae,Vochysia,Vochysia_macrophylla
1704,PR26,116,PR26-116,Vochysiaceae,Vochysia,Vochysia_macrophylla
1705,PR26,117,PR26-117,NA,NA,NA
1706,PR26,118,PR26-118,Myrtaceae,Psidium,Psidium_guajava
1707,PR26,119,PR26-119,Melastomataceae,Miconia,Miconia_montana
1708,PR26,120,PR26-120,Phyllanthaceae,Hieronyma,Hieronyma_alchorneoides
1709,PR26,121,PR26-121,Melastomataceae,Miconia,Miconia_'grande'
1710,PR26,122,PR26-122,Melastomataceae,Miconia,Miconia_montana
1711,PR26,123,PR26-123,Vochysiaceae,Vochysia,Vochysia_macrophylla
1712,PR26,124,PR26-124,Melastomataceae,Miconia,Miconia_montana
1713,PR26,125,PR26-125,Myristicaceae,Otoba,Otoba_novogranatensis
1714,PR26,126,PR26-126,Myristicaceae,Virola,Virola_pavonis
1715,PR26,127,PR26-127,Fabaceae,Inga,Inga_chocoensis
1716,PR26,128,PR26-128,Melastomataceae,Miconia,Miconia_montana
1717,PR26,129,PR26-129,Urticaceae,Cecropia,Cecropia_insignis
1718,PR26,130,PR26-130,Urticaceae,Cecropia,Cecropia_insignis
1719,PR26,131,PR26-131,Salicaceae,Banara,Banara_guianensis
1720,PR26,132,PR26-132,Fabaceae,Inga,Inga_chocoensis
1721,PR26,133,PR26-133,Melastomataceae,Miconia,Miconia_montana
1722,PR26,134,PR26-134,Melastomataceae,Miconia,Miconia_'grande'
1723,PR26,135,PR26-135,Melastomataceae,Miconia,Miconia_montana
1724,PR26,136,PR26-136,Melastomataceae,Miconia,Miconia_montana
1725,PR26,137,PR26-137,Fabaceae,Inga,Inga_chocoensis
1726,PR26,138,PR26-138,Fabaceae,Inga,Inga_spectabilis
1727,PR26,139,PR26-139,Fabaceae,Inga,Inga_chocoensis
1728,PR26,140,PR26-140,Annonaceae,Annona,Annona_edulis
1729,PR26,141,PR26-141,Myristicaceae,Virola,Virola_pavonis
1730,PR26,142,PR26-142,Melastomataceae,Miconia,Miconia_montana
1731,PR26,143,PR26-143,Urticaceae,Cecropia,Cecropia_hispidissima
1732,PR26,144,PR26-144,Fabaceae,Inga,Inga_chocoensis
1733,PR26,145,PR26-145,Anacardiaceae,Tapirira,Tapirira_guianensis
1734,PR26,146,PR26-146,Melastomataceae,Miconia,Miconia_montana
1735,PR26,147,PR26-147,Fabaceae,Inga,Inga_spectabilis
1736,PR26,148,PR26-148,Myristicaceae,Virola,Virola_reidii
1737,PR26,149,PR26-149,Rubiaceae,Pentagonia,Pentagonia_macrophylla
1738,PR26,150,PR26-150,Fabaceae,Inga,Inga_spectabilis
1739,PR26,151,PR26-151,Fabaceae,Inga,Inga_spectabilis
1740,PR26,152,PR26-152,Melastomataceae,Miconia,Miconia_'grande'
1741,PR26,153,PR26-153,Salicaceae,Banara,Banara_guianensis
1742,PR26,154,PR26-154,Melastomataceae,Miconia,Miconia_montana
1743,PR26,155,PR26-155,Salicaceae,Banara,Banara_guianensis
1744,PR26,156,PR26-156,Euphorbiaceae,Sapium,Sapium_laurifolium
1745,PR26,157,PR26-157,Melastomataceae,Miconia,Miconia_montana
1746,PR26,158,PR26-158,Salicaceae,Banara,Banara_guianensis
1747,PR26,159,PR26-159,Asteraceae,Vernonanthura,Vernonanthura_patens
1748,PR26,160,PR26-160,Urticaceae,Cecropia,Cecropia_hispidissima
1749,PR26,161,PR26-161,Fabaceae,Inga,Inga_chocoensis
1750,PR26,162,PR26-162,Melastomataceae,Miconia,Miconia_montana
1751,PR26,163,PR26-163,Malvaceae,Apeiba,Apeiba_membranacea
1752,PR26,164,PR26-164,Fabaceae,Inga,Inga_edulis
1753,PR26,165,PR26-165,Fabaceae,Inga,Inga_chocoensis
1754,PR26,166,PR26-166,Melastomataceae,Miconia,Miconia_montana
1755,PR26,167,PR26-167,Fabaceae,Inga,Inga_chocoensis
1756,PR26,168,PR26-168,Salicaceae,Banara,Banara_guianensis
1757,CR04,1,CR04-1,Melastomataceae,Miconia,Miconia_'grande'
1758,CR04,2,CR04-2,Melastomataceae,Miconia,Miconia_conocuatrecasii
1759,CR04,3,CR04-3,Arecaceae,Wettinia,Wettinia_quinaria
1760,CR04,4,CR04-4,Arecaceae,Wettinia,Wettinia_quinaria
1761,CR04,5,CR04-5,Arecaceae,Pholidostachys,Pholidostachys_dactyloides
1762,CR04,6,CR04-6,Arecaceae,Bactris,Bactris_setulosa
1763,CR04,7,CR04-7,Melastomataceae,Miconia,Miconia_'grande'
1764,CR04,8,CR04-8,Melastomataceae,Miconia,Miconia_conocuatrecasii
1765,CR04,9,CR04-9,Arecaceae,Wettinia,Wettinia_quinaria
1766,CR04,10,CR04-10,Arecaceae,Wettinia,Wettinia_quinaria
1767,CR04,11,CR04-11,Cyatheaceae,Cyathea,Cyathea_sp.1
1768,CR04,12,CR04-12,Rubiaceae,Coffea,Coffea_arabica
1769,CR04,13,CR04-13,Arecaceae,Wettinia,Wettinia_quinaria
1770,CR04,14,CR04-14,Annonaceae,Anaxagorea,Anaxagorea_crassipetala
1771,CR04,15,CR04-15,Rubiaceae,Pentagonia,Pentagonia_macrophylla
1772,CR04,16,CR04-16,Rubiaceae,Pentagonia,Pentagonia_macrophylla
1773,CR04,17,CR04-17,Moraceae,Poulsenia,Poulsenia_armata
1774,CR04,18,CR04-18,Arecaceae,Wettinia,Wettinia_quinaria
1775,CR04,19,CR04-19,Arecaceae,Wettinia,Wettinia_quinaria
1776,CR04,20,CR04-20,Arecaceae,Wettinia,Wettinia_quinaria
1777,CR04,21,CR04-21,Rubiaceae,Pentagonia,Pentagonia_macrophylla
1778,CR04,22,CR04-22,Cyatheaceae,Cyathea,Cyathea_sp.1
1779,CR04,23,CR04-23,Rubiaceae,Palicourea,Palicourea_palenquensis
1780,CR04,24,CR04-24,Salicaceae,Banara,Banara_guianensis
1781,CR04,25,CR04-25,Melastomataceae,Miconia,Miconia_brevitheca
1782,CR04,26,CR04-26,Melastomataceae,Miconia,Miconia_brevitheca
1783,CR04,27,CR04-27,Rubiaceae,Palicourea,Palicourea_paratinctoria
1784,CR04,28,CR04-28,Fabaceae,Inga,Inga_chocoensis
1785,CR04,29,CR04-29,Rubiaceae,Palicourea,Palicourea_paratinctoria
1786,CR04,30,CR04-30,Fabaceae,Inga,Inga_chocoensis
1787,CR04,31,CR04-31,Salicaceae,Tetrathylacium,Tetrathylacium_macrophyllum
1788,CR04,32,CR04-32,Urticaceae,Pourouma,Pourouma_minor
1789,CR04,33,CR04-33,Urticaceae,Cecropia,Cecropia_insignis
1790,CR04,34,CR04-34,Arecaceae,Wettinia,Wettinia_quinaria
1791,CR04,35,CR04-35,Rubiaceae,Palicourea,Palicourea_paratinctoria
1792,CR04,36,CR04-36,Fabaceae,Inga,Inga_silanchensis
1793,CR04,37,CR04-37,Arecaceae,Wettinia,Wettinia_quinaria
1794,CR04,38,CR04-38,Fabaceae,Bauhinia,Bauhinia_pichinchensis
1795,CR04,39,CR04-39,Cyatheaceae,Cyathea,Cyathea_sp.1
1796,CR04,40,CR04-40,Meliaceae,Trichilia,Trichilia_surinamensis
1797,CR04,41,CR04-41,Clusiaceae,Tovomita,Tovomita_longifolia
1798,CR04,42,CR04-42,Arecaceae,Wettinia,Wettinia_quinaria
1799,CR04,43,CR04-43,Meliaceae,Ruagea,Ruagea_glabra
1800,CR04,44,CR04-44,Arecaceae,Wettinia,Wettinia_quinaria
1801,CR04,45,CR04-45,Arecaceae,Wettinia,Wettinia_quinaria
1802,CR04,46,CR04-46,Arecaceae,Wettinia,Wettinia_quinaria
1803,CR04,47,CR04-47,Arecaceae,Wettinia,Wettinia_quinaria
1804,CR04,48,CR04-48,Malvaceae,Apeiba,Apeiba_membranacea
1805,CR04,49,CR04-49,Arecaceae,Wettinia,Wettinia_quinaria
1806,CR04,50,CR04-50,Clusiaceae,Tovomita,Tovomita_longifolia
1807,CR04,51,CR04-51,Arecaceae,Wettinia,Wettinia_quinaria
1808,CR04,52,CR04-52,Arecaceae,Wettinia,Wettinia_quinaria
1809,CR04,53,CR04-53,Salicaceae,Tetrathylacium,Tetrathylacium_macrophyllum
1810,CR04,54,CR04-54,Piperaceae,Piper,Piper_pseudonobile
1811,CR04,55,CR04-55,Rubiaceae,Palicourea,Palicourea_palenquensis
1812,CR04,56,CR04-56,Arecaceae,Wettinia,Wettinia_quinaria
1813,CR04,57,CR04-57,Rubiaceae,Coffea,Coffea_arabica
1814,CR04,58,CR04-58,Melastomataceae,Miconia,Miconia_multiplicata
1815,CR04,59,CR04-59,Urticaceae,Pourouma,Pourouma_minor
1816,CR04,60,CR04-60,Arecaceae,Wettinia,Wettinia_quinaria
1817,CR04,61,CR04-61,Lecythidaceae,Gustavia,Gustavia_dodsonii
1818,CR04,62,CR04-62,Arecaceae,Wettinia,Wettinia_quinaria
1819,CR04,63,CR04-63,Rubiaceae,Pentagonia,Pentagonia_macrophylla
1820,CR04,64,CR04-64,Clusiaceae,Tovomita,Tovomita_longifolia
1821,CR04,65,CR04-65,Rubiaceae,Palicourea,Palicourea_palenquensis
1822,CR04,66,CR04-66,Arecaceae,Wettinia,Wettinia_quinaria
1823,CR04,67,CR04-67,Arecaceae,Wettinia,Wettinia_quinaria
1824,CR04,68,CR04-68,Melastomataceae,Miconia,Miconia_conocuatrecasii
1825,CR04,69,CR04-69,Arecaceae,Wettinia,Wettinia_quinaria
1826,CR04,70,CR04-70,Lauraceae,Nectandra,Nectandra_guadaripo
1827,CR04,71,CR04-71,Arecaceae,Wettinia,Wettinia_quinaria
1828,CR04,72,CR04-72,Arecaceae,Wettinia,Wettinia_quinaria
1829,CR04,73,CR04-73,Fabaceae,Inga,Inga_chocoensis
1830,CR04,74,CR04-74,Lauraceae,Damburneya,Damburneya_purpurea
1831,CR04,75,CR04-75,Arecaceae,Wettinia,Wettinia_quinaria
1832,CR04,76,CR04-76,Arecaceae,Wettinia,Wettinia_quinaria
1833,CR04,77,CR04-77,Melastomataceae,Miconia,Miconia_conocuatrecasii
1834,CR04,78,CR04-78,Arecaceae,Wettinia,Wettinia_quinaria
1835,CR04,79,CR04-79,Fabaceae,Pterocarpus,Pterocarpus_rohrii
1836,CR04,80,CR04-80,Arecaceae,Wettinia,Wettinia_quinaria
1837,CR04,81,CR04-81,Rubiaceae,Palicourea,Palicourea_pyramidalis
1838,CR04,82,CR04-82,Arecaceae,Wettinia,Wettinia_quinaria
1839,CR04,83,CR04-83,Arecaceae,Wettinia,Wettinia_quinaria
1840,CR04,84,CR04-84,Rubiaceae,Pentagonia,Pentagonia_macrophylla
1841,CR04,85,CR04-85,Rubiaceae,Pentagonia,Pentagonia_macrophylla
1842,CR04,86,CR04-86,Moraceae,Castilla,Castilla_tunu
1843,CR04,87,CR04-87,Fabaceae,Pterocarpus,Pterocarpus_rohrii
1844,CR04,88,CR04-88,Malvaceae,Theobroma,Theobroma_cacao
1845,CR04,89,CR04-89,Malvaceae,Theobroma,Theobroma_cacao
1846,CR04,90,CR04-90,Meliaceae,Trichilia,Trichilia_pallida
1847,CR04,91,CR04-91,Melastomataceae,Miconia,Miconia_conocuatrecasii
1848,CR04,92,CR04-92,NA,NA,NA
1849,CR04,93,CR04-93,Malvaceae,Apeiba,Apeiba_membranacea
1850,CR04,94,CR04-94,Melastomataceae,Miconia,Miconia_brevitheca
1851,CR04,95,CR04-95,Malvaceae,Theobroma,Theobroma_cacao
1852,CR04,96,CR04-96,Burseraceae,Protium,Protium_ecuadorense
1853,CR04,97,CR04-97,Urticaceae,Coussapoa,Coussapoa_villosa
1854,CR04,98,CR04-98,Rubiaceae,Pentagonia,Pentagonia_macrophylla
1855,CR04,99,CR04-99,Melastomataceae,Miconia,Miconia_brevitheca
1856,CR04,100,CR04-100,Malvaceae,Theobroma,Theobroma_cacao
1857,CR04,101,CR04-101,Malvaceae,Apeiba,Apeiba_membranacea
1858,CR04,102,CR04-102,Myristicaceae,Compsoneura,Compsoneura_atopa
1859,CR04,103,CR04-103,Myristicaceae,Virola,Virola_reidii
1860,CR04,104,CR04-104,Arecaceae,Wettinia,Wettinia_quinaria
1861,CR04,105,CR04-105,Malvaceae,Theobroma,Theobroma_cacao
1862,CR04,106,CR04-106,Malvaceae,Theobroma,Theobroma_cacao
1863,CR04,107,CR04-107,Melastomataceae,Miconia,Miconia_conocuatrecasii
1864,CR04,108,CR04-108,Urticaceae,Pourouma,Pourouma_minor
1865,CR04,109,CR04-109,Moraceae,Poulsenia,Poulsenia_armata
1866,CR04,110,CR04-110,Phyllanthaceae,Hieronyma,Hieronyma_alchorneoides
1867,CR04,111,CR04-111,Siparunaceae,Siparuna,Siparuna_gentryana
1868,CR04,112,CR04-112,Myristicaceae,Otoba,Otoba_novogranatensis
1869,CR04,113,CR04-113,Euphorbiaceae,Tetrorchidium,Tetrorchidium_andinum
1870,CR04,114,CR04-114,Rubiaceae,Palicourea,Palicourea_paratinctoria
1871,CR04,115,CR04-115,NA,NA,NA
1872,CR04,116,CR04-116,Arecaceae,Wettinia,Wettinia_quinaria
1873,CR04,117,CR04-117,Lauraceae,Damburneya,Damburneya_purpurea
1874,CR04,118,CR04-118,Melastomataceae,Miconia,Miconia_brevitheca
1875,CR04,119,CR04-119,Fabaceae,Inga,Inga_chocoensis
1876,CR04,120,CR04-120,Malvaceae,Apeiba,Apeiba_membranacea
1877,CR04,121,CR04-121,Arecaceae,Wettinia,Wettinia_quinaria
1878,CR04,122,CR04-122,Euphorbiaceae,Tetrorchidium,Tetrorchidium_andinum
1879,CR04,123,CR04-123,Arecaceae,Wettinia,Wettinia_quinaria
1880,CR04,124,CR04-124,Arecaceae,Wettinia,Wettinia_quinaria
1881,CR04,125,CR04-125,Moraceae,NA,NA
1882,CR04,126,CR04-126,Arecaceae,Bactris,Bactris_setulosa
1883,CR04,127,CR04-127,Rubiaceae,Isertia,Isertia_pittieri
1884,CR04,128,CR04-128,Arecaceae,Wettinia,Wettinia_quinaria
1885,CR04,129,CR04-129,Arecaceae,Wettinia,Wettinia_quinaria
1886,CR04,130,CR04-130,Euphorbiaceae,Tetrorchidium,Tetrorchidium_andinum
1887,CR04,131,CR04-131,Cyatheaceae,Cyathea,Cyathea_sp.1
1888,CR04,132,CR04-132,Moraceae,Poulsenia,Poulsenia_armata
1889,CR04,133,CR04-133,Arecaceae,Wettinia,Wettinia_quinaria
1890,CR04,134,CR04-134,Arecaceae,Wettinia,Wettinia_quinaria
1891,CR04,135,CR04-135,Fabaceae,Pterocarpus,Pterocarpus_rohrii
1892,CR04,136,CR04-136,Arecaceae,Wettinia,Wettinia_quinaria
1893,CR04,137,CR04-137,Arecaceae,Wettinia,Wettinia_quinaria
1894,CR04,138,CR04-138,Arecaceae,Wettinia,Wettinia_quinaria
1895,CR04,139,CR04-139,Arecaceae,Wettinia,Wettinia_quinaria
1896,CR04,140,CR04-140,Arecaceae,Wettinia,Wettinia_quinaria
1897,CR04,141,CR04-141,Arecaceae,Wettinia,Wettinia_quinaria
1898,CR04,142,CR04-142,Fabaceae,Bauhinia,Bauhinia_pichinchensis
1899,CR04,143,CR04-143,Cyatheaceae,Cyathea,Cyathea_sp.1
1900,CR04,144,CR04-144,Arecaceae,Wettinia,Wettinia_quinaria
1901,CR04,145,CR04-145,Cyatheaceae,Cyathea,Cyathea_sp.1
1902,CR04,146,CR04-146,Arecaceae,Wettinia,Wettinia_quinaria
1903,CR04,147,CR04-147,Rubiaceae,Palicourea,Palicourea_pyramidalis
1904,CR04,148,CR04-148,Salicaceae,Casearia,Casearia_prunifolia
1905,CR04,149,CR04-149,Arecaceae,Wettinia,Wettinia_quinaria
1906,CR04,150,CR04-150,Arecaceae,Wettinia,Wettinia_quinaria
1907,CR04,151,CR04-151,Arecaceae,Wettinia,Wettinia_quinaria
1908,CR04,152,CR04-152,Salicaceae,Casearia,Casearia_prunifolia
1909,CR04,153,CR04-153,Arecaceae,Wettinia,Wettinia_quinaria
1910,CR04,154,CR04-154,Arecaceae,Wettinia,Wettinia_quinaria
1911,CR04,155,CR04-155,Rubiaceae,Palicourea,Palicourea_paratinctoria
1912,CR04,156,CR04-156,Arecaceae,Wettinia,Wettinia_quinaria
1913,CR04,157,CR04-157,Rubiaceae,Palicourea,Palicourea_pyramidalis
1914,CR04,158,CR04-158,Arecaceae,Wettinia,Wettinia_quinaria
1915,CR04,159,CR04-159,Arecaceae,Wettinia,Wettinia_quinaria
1916,CR04,160,CR04-160,Arecaceae,Wettinia,Wettinia_quinaria
1917,CR04,161,CR04-161,Arecaceae,Wettinia,Wettinia_quinaria
1918,CR04,162,CR04-162,Cyatheaceae,Cyathea,Cyathea_sp.1
1919,CR04,163,CR04-163,Rubiaceae,Pentagonia,Pentagonia_macrophylla
1920,CR05,1,CR05-1,Arecaceae,Wettinia,Wettinia_quinaria
1921,CR05,2,CR05-2,Arecaceae,Wettinia,Wettinia_quinaria
1922,CR05,3,CR05-3,Fabaceae,Vismia,Vismia_baccifera
1923,CR05,4,CR05-4,Asteraceae,Vernonanthura,Vernonanthura_patens
1924,CR05,5,CR05-5,Arecaceae,Wettinia,Wettinia_quinaria
1925,CR05,6,CR05-6,Asteraceae,Vernonanthura,Vernonanthura_patens
1926,CR05,7,CR05-7,Arecaceae,Bactris,Bactris_setulosa
1927,CR05,8,CR05-8,Asteraceae,Vernonanthura,Vernonanthura_patens
1928,CR05,9,CR05-9,Euphorbiaceae,Tetrorchidium,Tetrorchidium_andinum
1929,CR05,10,CR05-10,Fabaceae,Vismia,Vismia_baccifera
1930,CR05,11,CR05-11,Asteraceae,Vernonanthura,Vernonanthura_patens
1931,CR05,12,CR05-12,Malvaceae,Theobroma,Theobroma_cacao
1932,CR05,13,CR05-13,Fabaceae,Vismia,Vismia_baccifera
1933,CR05,14,CR05-14,Arecaceae,Bactris,Bactris_setulosa
1934,CR05,15,CR05-15,Fabaceae,Inga,Inga_oerstediana
1935,CR05,16,CR05-16,Malvaceae,Theobroma,Theobroma_cacao
1936,CR05,17,CR05-17,Malvaceae,Theobroma,Theobroma_cacao
1937,CR05,18,CR05-18,Malvaceae,Theobroma,Theobroma_cacao
1938,CR05,19,CR05-19,Lauraceae,Ocotea,Ocotea_insularis
1939,CR05,20,CR05-20,Malvaceae,Theobroma,Theobroma_cacao
1940,CR05,21,CR05-21,Malvaceae,Theobroma,Theobroma_cacao
1941,CR05,22,CR05-22,Urticaceae,Cecropia,Cecropia_hispidissima
1942,CR05,23,CR05-23,Annonaceae,Guatteria,Guatteria_darienensis
1943,CR05,24,CR05-24,Malvaceae,Theobroma,Theobroma_cacao
1944,CR05,25,CR05-25,Asteraceae,Vernonanthura,Vernonanthura_patens
1945,CR05,26,CR05-26,Malvaceae,Theobroma,Theobroma_cacao
1946,CR05,27,CR05-27,Urticaceae,Cecropia,Cecropia_hispidissima
1947,CR05,28,CR05-28,Malvaceae,Theobroma,Theobroma_cacao
1948,CR05,29,CR05-29,Urticaceae,Cecropia,Cecropia_hispidissima
1949,CR05,30,CR05-30,Asteraceae,Vernonanthura,Vernonanthura_patens
1950,CR05,31,CR05-31,Melastomataceae,Miconia,Miconia_conocuatrecasii
1951,CR05,32,CR05-32,Malvaceae,Theobroma,Theobroma_cacao
1952,CR05,33,CR05-33,Asteraceae,Vernonanthura,Vernonanthura_patens
1953,CR05,34,CR05-34,Arecaceae,Bactris,Bactris_setulosa
1954,CR05,35,CR05-35,Fabaceae,Vismia,Vismia_baccifera
1955,CR05,36,CR05-36,Malvaceae,Theobroma,Theobroma_cacao
1956,CR05,37,CR05-37,Arecaceae,Bactris,Bactris_setulosa
1957,CR05,38,CR05-38,NA,NA,NA
1958,CR05,39,CR05-39,Urticaceae,Cecropia,Cecropia_hispidissima
1959,CR05,40,CR05-40,Fabaceae,Inga,Inga_oerstediana
1960,CR05,41,CR05-41,Malvaceae,Theobroma,Theobroma_cacao
1961,CR05,42,CR05-42,Lauraceae,Ocotea,Ocotea_insularis
1962,CR05,43,CR05-43,Malvaceae,Theobroma,Theobroma_cacao
1963,CR05,44,CR05-44,Rubiaceae,Alibertia,Alibertia_patinoi
1964,CR05,45,CR05-45,Urticaceae,Cecropia,Cecropia_hispidissima
1965,CR05,46,CR05-46,Malvaceae,Theobroma,Theobroma_cacao
1966,CR05,47,CR05-47,Fabaceae,Inga,Inga_oerstediana
1967,CR05,48,CR05-48,Arecaceae,Wettinia,Wettinia_quinaria
1968,CR05,49,CR05-49,Fabaceae,Inga,Inga_oerstediana
1969,CR05,50,CR05-50,Urticaceae,Cecropia,Cecropia_hispidissima
1970,CR05,51,CR05-51,Fabaceae,Inga,Inga_oerstediana
1971,CR05,52,CR05-52,Rubiaceae,Alibertia,Alibertia_patinoi
1972,CR05,53,CR05-53,Malvaceae,Theobroma,Theobroma_cacao
1973,CR05,54,CR05-54,Urticaceae,Cecropia,Cecropia_hispidissima
1974,CR05,55,CR05-55,Urticaceae,Cecropia,Cecropia_hispidissima
1975,CR05,56,CR05-56,Fabaceae,Inga,Inga_oerstediana
1976,CR05,57,CR05-57,Malvaceae,Theobroma,Theobroma_cacao
1977,CR05,58,CR05-58,Myrtaceae,Psidium,Psidium_guajava
1978,CR05,59,CR05-59,Moraceae,Ficus,Ficus_brevibracteata
1979,CR05,60,CR05-60,Piperaceae,Piper,Piper_pseudonobile
1980,CR05,61,CR05-61,Urticaceae,Cecropia,Cecropia_hispidissima
1981,CR05,62,CR05-62,Lauraceae,Ocotea,Ocotea_insularis
1982,CR05,63,CR05-63,Arecaceae,Wettinia,Wettinia_quinaria
1983,CR05,64,CR05-64,Malvaceae,Theobroma,Theobroma_cacao
1984,CR05,65,CR05-65,Fabaceae,Vismia,Vismia_baccifera
1985,CR05,66,CR05-66,Malvaceae,Theobroma,Theobroma_cacao
1986,CR05,67,CR05-67,Urticaceae,Cecropia,Cecropia_hispidissima
1987,CR05,68,CR05-68,Asteraceae,Vernonanthura,Vernonanthura_patens
1988,CR05,69,CR05-69,Fabaceae,Vismia,Vismia_baccifera
1989,CR05,70,CR05-70,Urticaceae,Cecropia,Cecropia_garciae
1990,CR05,71,CR05-71,NA,NA,NA
1991,CR05,72,CR05-72,Arecaceae,Bactris,Bactris_setulosa
1992,CR05,73,CR05-73,Fabaceae,Vismia,Vismia_baccifera
1993,CR05,74,CR05-74,Cordiaceae,Cordia,Cordia_alliodora
1994,CR05,75,CR05-75,Malvaceae,Theobroma,Theobroma_cacao
1995,CR05,76,CR05-76,Malvaceae,Theobroma,Theobroma_cacao
1996,CR05,77,CR05-77,Malvaceae,Theobroma,Theobroma_cacao
1997,CR05,78,CR05-78,Malvaceae,Theobroma,Theobroma_cacao
1998,CR05,79,CR05-79,Malvaceae,Theobroma,Theobroma_cacao
1999,CR05,80,CR05-80,Urticaceae,Cecropia,Cecropia_insignis
2000,CR05,81,CR05-81,Urticaceae,Cecropia,Cecropia_insignis
2001,CR05,82,CR05-82,Urticaceae,Cecropia,Cecropia_hispidissima
2002,CR05,83,CR05-83,Apocynaceae,Tabernaemontana,Tabernaemontana_amygdalifolia
2003,CR05,84,CR05-84,Cannabaceae,Trema,Trema_micrantha
2004,CR05,85,CR05-85,Cordiaceae,Cordia,Cordia_alliodora
2005,CR05,86,CR05-86,Asteraceae,Vernonanthura,Vernonanthura_patens
2006,CR05,87,CR05-87,Fabaceae,Vismia,Vismia_baccifera
2007,CR05,88,CR05-88,Malvaceae,Theobroma,Theobroma_cacao
2008,CR05,89,CR05-89,Apocynaceae,Tabernaemontana,Tabernaemontana_amygdalifolia
2009,CR05,90,CR05-90,Arecaceae,Bactris,Bactris_setulosa
2010,CR05,91,CR05-91,Malvaceae,Theobroma,Theobroma_cacao
2011,CR05,92,CR05-92,Arecaceae,Bactris,Bactris_setulosa
2012,CR05,93,CR05-93,Asteraceae,Vernonanthura,Vernonanthura_patens
2013,CR05,94,CR05-94,Urticaceae,Cecropia,Cecropia_hispidissima
2014,CR05,95,CR05-95,NA,NA,NA
2015,CR05,96,CR05-96,Melastomataceae,Miconia,Miconia_conocuatrecasii
2016,CR05,97,CR05-97,Melastomataceae,Miconia,Miconia_conocuatrecasii
2017,CR05,98,CR05-98,Urticaceae,Cecropia,Cecropia_hispidissima
2018,CR05,99,CR05-99,Asteraceae,Vernonanthura,Vernonanthura_patens
2019,CR05,100,CR05-100,Arecaceae,Bactris,Bactris_setulosa
2020,CR05,101,CR05-101,Asteraceae,Vernonanthura,Vernonanthura_patens
2021,CR05,102,CR05-102,Fabaceae,Vismia,Vismia_baccifera
2022,CR05,103,CR05-103,Piperaceae,Piper,Piper_pseudonobile
2023,CR05,104,CR05-104,Asteraceae,Vernonanthura,Vernonanthura_patens
2024,CR05,105,CR05-105,Rubiaceae,Coussarea,Coussarea_latifolia
2025,CR05,106,CR05-106,Myrtaceae,Psidium,Psidium_guajava
2026,CR05,107,CR05-107,Malvaceae,Theobroma,Theobroma_cacao
2027,CR05,108,CR05-108,Urticaceae,Cecropia,Cecropia_hispidissima
2028,CR05,109,CR05-109,Asteraceae,Vernonanthura,Vernonanthura_patens
2029,CR05,110,CR05-110,Malvaceae,Theobroma,Theobroma_cacao
2030,CR05,111,CR05-111,Malvaceae,Theobroma,Theobroma_cacao
2031,CR05,112,CR05-112,Malvaceae,Theobroma,Theobroma_cacao
2032,CR05,113,CR05-113,Malvaceae,Theobroma,Theobroma_cacao
2033,CR05,114,CR05-114,Malvaceae,Theobroma,Theobroma_cacao
2034,CR05,115,CR05-115,Malvaceae,Theobroma,Theobroma_cacao
2035,CR05,116,CR05-116,Malvaceae,Theobroma,Theobroma_cacao
2036,CR05,117,CR05-117,Malvaceae,Theobroma,Theobroma_cacao
2037,CR05,118,CR05-118,Asteraceae,Vernonanthura,Vernonanthura_patens
2038,CR05,119,CR05-119,Malvaceae,Theobroma,Theobroma_cacao
2039,CR05,120,CR05-120,Malvaceae,Theobroma,Theobroma_cacao
2040,CR05,121,CR05-121,Lauraceae,Ocotea,Ocotea_insularis
2041,CR05,122,CR05-122,Malvaceae,Theobroma,Theobroma_cacao
2042,CR05,123,CR05-123,Fabaceae,Vismia,Vismia_baccifera
2043,CR05,124,CR05-124,Fabaceae,Vismia,Vismia_baccifera
2044,CR05,125,CR05-125,Malvaceae,Theobroma,Theobroma_cacao
2045,CR05,126,CR05-126,Asteraceae,Vernonanthura,Vernonanthura_patens
2046,CR05,127,CR05-127,Salicaceae,Banara,Banara_guianensis
2047,CR05,128,CR05-128,NA,NA,NA
2048,CR05,129,CR05-129,Urticaceae,Cecropia,Cecropia_hispidissima
2049,CR05,130,CR05-130,NA,NA,NA
2050,CR05,131,CR05-131,Urticaceae,Cecropia,Cecropia_hispidissima
2051,CR05,132,CR05-132,Caricaceae,Jacaratia,Jacaratia_spinosa
2052,CR05,133,CR05-133,Urticaceae,Cecropia,Cecropia_hispidissima
2053,CR05,134,CR05-134,Urticaceae,Cecropia,Cecropia_hispidissima
2054,CR05,135,CR05-135,Rubiaceae,Coussarea,Coussarea_latifolia
2055,CR05,136,CR05-136,Fabaceae,Vismia,Vismia_baccifera
2056,CR05,137,CR05-137,Cordiaceae,Cordia,Cordia_alliodora
2057,CR05,138,CR05-138,Asteraceae,Vernonanthura,Vernonanthura_patens
2058,CR05,139,CR05-139,Asteraceae,Vernonanthura,Vernonanthura_patens
2059,CR05,140,CR05-140,Malvaceae,Theobroma,Theobroma_cacao
2060,CR05,141,CR05-141,Urticaceae,Cecropia,Cecropia_hispidissima
2061,CR05,142,CR05-142,Urticaceae,Cecropia,Cecropia_hispidissima
2062,CR05,143,CR05-143,Fabaceae,Vismia,Vismia_baccifera
2063,CR05,144,CR05-144,Malvaceae,Theobroma,Theobroma_cacao
2064,CR05,145,CR05-145,Malvaceae,Theobroma,Theobroma_cacao
2065,CR05,146,CR05-146,Malvaceae,Theobroma,Theobroma_cacao
2066,CR05,147,CR05-147,Malvaceae,Theobroma,Theobroma_cacao
2067,CR05,148,CR05-148,Malvaceae,Theobroma,Theobroma_cacao
2068,CR05,149,CR05-149,Malvaceae,Theobroma,Theobroma_cacao
2069,CR05,150,CR05-150,Fabaceae,Vismia,Vismia_baccifera
2070,CR05,151,CR05-151,Asteraceae,Vernonanthura,Vernonanthura_patens
2071,CR05,152,CR05-152,Fabaceae,Vismia,Vismia_baccifera
2072,PR22,1,PR22-1,Asteraceae,Vernonanthura,Vernonanthura_patens
2073,PR22,2,PR22-2,Melastomataceae,Miconia,Miconia_centronioides
2074,PR22,3,PR22-3,Asteraceae,Vernonanthura,Vernonanthura_patens
2075,PR22,4,PR22-4,Urticaceae,Cecropia,Cecropia_insignis
2076,PR22,5,PR22-5,Moraceae,Ficus,Ficus_brevibracteata
2077,PR22,6,PR22-6,Hypericaceae,Vismia,Vismia_baccifera
2078,PR22,7,PR22-7,Hypericaceae,Vismia,Vismia_baccifera
2079,PR22,8,PR22-8,Hypericaceae,Vismia,Vismia_baccifera
2080,PR22,9,PR22-9,Hypericaceae,Vismia,Vismia_baccifera
2081,PR22,10,PR22-10,Myrtaceae,Psidium,Psidium_guajava
2082,PR22,11,PR22-11,Hypericaceae,Vismia,Vismia_baccifera
2083,PR22,12,PR22-12,Melastomataceae,Miconia,Miconia_centronioides
2084,PR22,13,PR22-13,Moraceae,Naucleopsis,Naucleopsis_naga
2085,PR22,14,PR22-14,Salicaceae,Banara,Banara_guianensis
2086,PR22,15,PR22-15,Salicaceae,Banara,Banara_guianensis
2087,PR22,16,PR22-16,Hypericaceae,Vismia,Vismia_baccifera
2088,PR22,17,PR22-17,Salicaceae,Banara,Banara_guianensis
2089,PR22,18,PR22-18,Urticaceae,Cecropia,Cecropia_hispidissima
2090,PR22,19,PR22-19,Hypericaceae,Vismia,Vismia_baccifera
2091,PR22,20,PR22-20,Salicaceae,Banara,Banara_guianensis
2092,PR22,21,PR22-21,Lauraceae,Ocotea,Ocotea_insularis
2093,PR22,22,PR22-22,Salicaceae,Banara,Banara_guianensis
2094,PR22,23,PR22-23,Salicaceae,Banara,Banara_guianensis
2095,PR22,24,PR22-24,Lecythidaceae,Eschweilera,Eschweilera_caudiculata
2096,PR22,25,PR22-25,Moraceae,Ficus,Ficus_brevibracteata
2097,PR22,26,PR22-26,Hypericaceae,Vismia,Vismia_baccifera
2098,PR22,27,PR22-27,Salicaceae,Banara,Banara_guianensis
2099,PR22,28,PR22-28,Salicaceae,Banara,Banara_guianensis
2100,PR22,29,PR22-29,Cordiaceae,Cordia,Cordia_alliodora
2101,PR22,30,PR22-30,Asteraceae,Vernonanthura,Vernonanthura_patens
2102,PR22,31,PR22-31,Asteraceae,Vernonanthura,Vernonanthura_patens
2103,PR22,32,PR22-32,Salicaceae,Banara,Banara_guianensis
2104,PR22,33,PR22-33,Salicaceae,Banara,Banara_guianensis
2105,PR22,34,PR22-34,Rubiaceae,Isertia,Isertia_pittieri
2106,PR22,35,PR22-35,Salicaceae,Banara,Banara_guianensis
2107,PR22,36,PR22-36,Salicaceae,Banara,Banara_guianensis
2108,PR22,37,PR22-37,Urticaceae,Cecropia,Cecropia_insignis
2109,PR22,38,PR22-38,Melastomataceae,Miconia,Miconia_cooperi
2110,PR22,39,PR22-39,Moraceae,Ficus,Ficus_brevibracteata
2111,PR22,NA,PR22-NA,Arecaceae,Iriartea,Iriartea_deltoidea
2112,PR22,40,PR22-40,Hypericaceae,Vismia,Vismia_baccifera
2113,PR22,41,PR22-41,Moraceae,Ficus,Ficus_brevibracteata
2114,PR22,42,PR22-42,Arecaceae,Iriartea,Iriartea_deltoidea
2115,PR22,43,PR22-43,Asteraceae,Vernonanthura,Vernonanthura_patens
2116,PR22,44,PR22-44,Apocynaceae,Tabernaemontana,Tabernaemontana_amygdalifolia
2117,PR22,45,PR22-45,Hypericaceae,Vismia,Vismia_baccifera
2118,PR22,46,PR22-46,Cordiaceae,Cordia,Cordia_alliodora
2119,PR22,47,PR22-47,Hypericaceae,Vismia,Vismia_baccifera
2120,PR22,48,PR22-48,Melastomataceae,Miconia,Miconia_conocuatrecasii
2121,PR22,49,PR22-49,Salicaceae,Banara,Banara_guianensis
2122,PR22,50,PR22-50,Salicaceae,Banara,Banara_guianensis
2123,PR22,51,PR22-51,Salicaceae,Banara,Banara_guianensis
2124,PR22,52,PR22-52,Melastomataceae,Miconia,Miconia_conocuatrecasii
2125,PR22,53,PR22-53,Moraceae,Ficus,Ficus_brevibracteata
2126,PR22,54,PR22-54,Arecaceae,Iriartea,Iriartea_deltoidea
2127,PR22,55,PR22-55,Melastomataceae,Miconia,Miconia_conocuatrecasii
2128,PR22,56,PR22-56,Hypericaceae,Vismia,Vismia_baccifera
2129,PR22,57,PR22-57,Malvaceae,Apeiba,Apeiba_membranacea
2130,PR22,58,PR22-58,Melastomataceae,Miconia,Miconia_conocuatrecasii
2131,PR22,59,PR22-59,Melastomataceae,Miconia,Miconia_conocuatrecasii
2132,PR22,60,PR22-60,Melastomataceae,Miconia,Miconia_conocuatrecasii
2133,PR22,61,PR22-61,Asteraceae,Vernonanthura,Vernonanthura_patens
2134,PR22,62,PR22-62,Cordiaceae,Cordia,Cordia_alliodora
2135,PR22,63,PR22-63,Urticaceae,Cecropia,Cecropia_garciae
2136,PR22,64,PR22-64,Arecaceae,Wettinia,Wettinia_quinaria
2137,PR22,65,PR22-65,Urticaceae,Cecropia,Cecropia_insignis
2138,PR22,66,PR22-66,Rubiaceae,Isertia,Isertia_pittieri
2139,PR22,67,PR22-67,Salicaceae,Banara,Banara_guianensis
2140,PR22,68,PR22-68,Urticaceae,Cecropia,Cecropia_insignis
2141,PR22,69,PR22-69,Piperaceae,Piper,Piper_pseudonobile
2142,PR22,70,PR22-70,Salicaceae,Banara,Banara_guianensis
2143,PR22,71,PR22-71,Urticaceae,Cecropia,Cecropia_insignis
2144,PR22,72,PR22-72,Salicaceae,Banara,Banara_guianensis
2145,PR22,73,PR22-73,Salicaceae,Banara,Banara_guianensis
2146,PR22,74,PR22-74,Rubiaceae,Pentagonia,Pentagonia_grandiflora
2147,PR22,75,PR22-75,Salicaceae,Banara,Banara_guianensis
2148,PR22,76,PR22-76,Melastomataceae,Miconia,Miconia_cooperi
2149,PR22,77,PR22-77,Cordiaceae,Cordia,Cordia_alliodora
2150,PR22,78,PR22-78,Cordiaceae,Cordia,Cordia_alliodora
2151,PR22,79,PR22-79,Melastomataceae,Miconia,Miconia_centronioides
2152,PR22,80,PR22-80,Cordiaceae,Cordia,Cordia_alliodora
2153,PR22,81,PR22-81,Melastomataceae,Miconia,Miconia_conocuatrecasii
2154,PR22,82,PR22-82,Cordiaceae,Cordia,Cordia_alliodora
2155,PR22,83,PR22-83,Cordiaceae,Cordia,Cordia_alliodora
2156,PR22,84,PR22-84,Rubiaceae,Isertia,Isertia_pittieri
2157,PR22,85,PR22-85,Cordiaceae,Cordia,Cordia_alliodora
2158,PR22,86,PR22-86,Cordiaceae,Cordia,Cordia_alliodora
2159,PR22,87,PR22-87,Asteraceae,Vernonanthura,Vernonanthura_patens
2160,PR22,88,PR22-88,Hypericaceae,Vismia,Vismia_baccifera
2161,PR22,89,PR22-89,Cordiaceae,Cordia,Cordia_alliodora
2162,PR22,90,PR22-90,Cordiaceae,Cordia,Cordia_alliodora
2163,PR22,91,PR22-91,Salicaceae,Banara,Banara_guianensis
2164,PR22,92,PR22-92,Fabaceae,Inga,Inga_chocoensis
2165,PR22,93,PR22-93,Cordiaceae,Cordia,Cordia_alliodora
2166,PR22,94,PR22-94,Apocynaceae,Tabernaemontana,Tabernaemontana_amygdalifolia
2167,PR22,95,PR22-95,Cordiaceae,Cordia,Cordia_alliodora
2168,PR22,96,PR22-96,Rubiaceae,Isertia,Isertia_pittieri
2169,PR22,97,PR22-97,Hypericaceae,Vismia,Vismia_baccifera
2170,PR22,98,PR22-98,Salicaceae,Banara,Banara_guianensis
2171,PR22,99,PR22-99,Melastomataceae,Miconia,Miconia_conocuatrecasii
2172,PR22,100,PR22-100,Melastomataceae,Miconia,Miconia_conocuatrecasii
2173,PR22,101,PR22-101,Melastomataceae,Miconia,Miconia_conocuatrecasii
2174,PR22,102,PR22-102,Salicaceae,Banara,Banara_guianensis
2175,PR22,103,PR22-103,Melastomataceae,Miconia,Miconia_conocuatrecasii
2176,PR22,104,PR22-104,Urticaceae,Cecropia,Cecropia_insignis
2177,PR22,105,PR22-105,Moraceae,Ficus,Ficus_brevibracteata
2178,PR22,106,PR22-106,Asteraceae,Vernonanthura,Vernonanthura_patens
2179,PR22,107,PR22-107,Melastomataceae,Miconia,Miconia_conocuatrecasii
2180,OG39,1,OG39-1,Urticaceae,Cecropia,Cecropia_insignis
2181,OG39,2,OG39-2,Arecaceae,Wettinia,Wettinia_quinaria
2182,OG39,3,OG39-3,Apocynaceae,Tabernaemontana,Tabernaemontana_amygdalifolia
2183,OG39,4,OG39-4,Chrysobalanaceae,Licania,Licania_celiae
2184,OG39,5,OG39-5,Urticaceae,Pourouma,Pourouma_minor
2185,OG39,6,OG39-6,Lauraceae,Nectandra,Nectandra_guadaripo
2186,OG39,7,OG39-7,Arecaceae,Wettinia,Wettinia_quinaria
2187,OG39,8,OG39-8,Fabaceae,Inga,Inga_coruscans
2188,OG39,9,OG39-9,Metteniusaceae,Dendrobangia,Dendrobangia_boliviana
2189,OG39,10,OG39-10,Lecythidaceae,Grias,Grias_peruviana
2190,OG39,11,OG39-11,Moraceae,Castilla,Castilla_tunu
2191,OG39,12,OG39-12,Myrtaceae,Calyptranthes,Calyptranthes_speciosa
2192,OG39,13,OG39-13,Lecythidaceae,Lecythis,Lecythis_tuyrana
2193,OG39,14,OG39-14,Arecaceae,Wettinia,Wettinia_quinaria
2194,OG39,15,OG39-15,Arecaceae,Wettinia,Wettinia_quinaria
2195,OG39,16,OG39-16,Arecaceae,Wettinia,Wettinia_quinaria
2196,OG39,17,OG39-17,Arecaceae,Wettinia,Wettinia_quinaria
2197,OG39,18,OG39-18,Myrtaceae,Eugenia,Eugenia_oerstediana
2198,OG39,19,OG39-19,Lecythidaceae,Lecythis,Lecythis_tuyrana
2199,OG39,20,OG39-20,Lecythidaceae,Eschweilera,Eschweilera_caudiculata
2200,OG39,21,OG39-21,Arecaceae,Wettinia,Wettinia_quinaria
2201,OG39,22,OG39-22,NA,NA,NA
2202,OG39,23,OG39-23,Lauraceae,Ocotea,Ocotea_pacifica
2203,OG39,24,OG39-24,Arecaceae,Wettinia,Wettinia_quinaria
2204,OG39,25,OG39-25,Lauraceae,Nectandra,Nectandra_guadaripo
2205,OG39,26,OG39-26,Meliaceae,Carapa,Carapa_guianensis
2206,OG39,27,OG39-27,Lecythidaceae,Lecythis,Lecythis_tuyrana
2207,OG39,28,OG39-28,Arecaceae,Wettinia,Wettinia_quinaria
2208,OG39,29,OG39-29,Urticaceae,Pourouma,Pourouma_minor
2209,OG39,30,OG39-30,Lauraceae,Nectandra,Nectandra_guadaripo
2210,OG39,31,OG39-31,Rubiaceae,Palicourea,Palicourea_palenquensis
2211,OG39,32,OG39-32,Rubiaceae,Palicourea,Palicourea_paratinctoria
2212,OG39,33,OG39-33,Arecaceae,Wettinia,Wettinia_quinaria
2213,OG39,34,OG39-34,Urticaceae,Pourouma,Pourouma_minor
2214,OG39,35,OG39-35,Annonaceae,Guatteria,Guatteria_decurrens
2215,OG39,36,OG39-36,Fabaceae,Andira,Andira_taurotesticulata
2216,OG39,37,OG39-37,Moraceae,Perebea,Perebea_xanthochyma
2217,OG39,38,OG39-38,Rubiaceae,Faramea,Faramea_langlassei
2218,OG39,39,OG39-39,Chrysobalanaceae,Licania,Licania_celiae
2219,OG39,40,OG39-40,Arecaceae,Wettinia,Wettinia_quinaria
2220,OG39,41,OG39-41,Moraceae,Ficus,Ficus_calimana
2221,OG39,42,OG39-42,Moraceae,Ficus,Ficus_brevibracteata
2222,OG39,43,OG39-43,Melastomataceae,Miconia,Miconia_cooperi
2223,OG39,44,OG39-44,Malvaceae,Quararibea,Quararibea_grandifolia
2224,OG39,45,OG39-45,Malvaceae,Apeiba,Apeiba_membranacea
2225,OG39,46,OG39-46,Arecaceae,Wettinia,Wettinia_quinaria
2226,OG39,47,OG39-47,Arecaceae,Wettinia,Wettinia_quinaria
2227,OG39,48,OG39-48,Moraceae,Ficus,Ficus_brevibracteata
2228,OG39,49,OG39-49,Fabaceae,Inga,Inga_ruiziana
2229,OG39,50,OG39-50,Monimiaceae,Mollinedia,Mollinedia_latifolia
2230,OG39,51,OG39-51,Lecythidaceae,Lecythis,Lecythis_tuyrana
2231,OG39,52,OG39-52,Arecaceae,Wettinia,Wettinia_quinaria
2232,OG39,53,OG39-53,Malpighiaceae,Byrsonima,Byrsonima_ligustrifolia
2233,OG39,54,OG39-54,Cordiaceae,Cordia,Cordia_lucidula
2234,OG39,55,OG39-55,Urticaceae,Pourouma,Pourouma_minor
2235,OG39,56,OG39-56,Lecythidaceae,Lecythis,Lecythis_tuyrana
2236,OG39,57,OG39-57,Erythropalaceae,Heisteria,Heisteria_concinna
2237,OG39,58,OG39-58,Moraceae,Brosimum,Brosimum_utile
2238,OG39,59,OG39-59,Moraceae,Brosimum,Brosimum_utile
2239,OG39,60,OG39-60,Burseraceae,Dacryodes,Dacryodes_cupularis
2240,OG39,61,OG39-61,Arecaceae,Wettinia,Wettinia_quinaria
2241,OG39,62,OG39-62,Metteniusaceae,Calatola,Calatola_costaricensis
2242,OG39,63,OG39-63,Lecythidaceae,Grias,Grias_peruviana
2243,OG39,64,OG39-64,Rubiaceae,Faramea,Faramea_langlassei
2244,OG39,65,OG39-65,Arecaceae,Wettinia,Wettinia_quinaria
2245,OG39,66,OG39-66,Fabaceae,Inga,Inga_chocoensis
2246,OG39,67,OG39-67,Arecaceae,Wettinia,Wettinia_quinaria
2247,OG39,68,OG39-68,Urticaceae,Pourouma,Pourouma_minor
2248,OG39,69,OG39-69,Myristicaceae,Virola,Virola_reidii
2249,OG39,70,OG39-70,Urticaceae,Pourouma,Pourouma_minor
2250,OG39,71,OG39-71,Urticaceae,Pourouma,Pourouma_minor
2251,OG39,72,OG39-72,Polygonaceae,Coccoloba,Coccoloba_mollis
2252,OG39,73,OG39-73,Lauraceae,Nectandra,Nectandra_guadaripo
2253,OG39,74,OG39-74,Fabaceae,Inga,Inga_chocoensis
2254,OG39,75,OG39-75,Urticaceae,Cecropia,Cecropia_insignis
2255,OG39,76,OG39-76,Malvaceae,Matisia,Matisia_longipes
2256,OG39,77,OG39-77,Arecaceae,Wettinia,Wettinia_quinaria
2257,OG39,78,OG39-78,Meliaceae,Carapa,Carapa_guianensis
2258,OG39,79,OG39-79,Moraceae,Sorocea,Sorocea_jaramilloi
2259,OG39,80,OG39-80,Arecaceae,Wettinia,Wettinia_quinaria
2260,OG39,81,OG39-81,Arecaceae,Wettinia,Wettinia_quinaria
2261,OG39,82,OG39-82,Chrysobalanaceae,Licania,Licania_celiae
2262,OG39,83,OG39-83,Myrtaceae,Calyptranthes,Calyptranthes_speciosa
2263,OG39,84,OG39-84,Arecaceae,Wettinia,Wettinia_quinaria
2264,OG39,85,OG39-85,Arecaceae,Wettinia,Wettinia_quinaria
2265,OG39,86,OG39-86,Simaroubaceae,Simarouba,Simarouba_amara
2266,OG39,87,OG39-87,Arecaceae,Wettinia,Wettinia_quinaria
2267,OG39,88,OG39-88,Arecaceae,Wettinia,Wettinia_quinaria
2268,OG39,89,OG39-89,Lecythidaceae,Grias,Grias_peruviana
2269,OG39,90,OG39-90,Myrtaceae,Eugenia,Eugenia_oerstediana
2270,OG39,91,OG39-91,Cordiaceae,Cordia,Cordia_lucidula
2271,OG39,92,OG39-92,Myristicaceae,Otoba,Otoba_novogranatensis
2272,OG39,93,OG39-93,Arecaceae,Wettinia,Wettinia_quinaria
2273,OG39,94,OG39-94,Lauraceae,Nectandra,Nectandra_guadaripo
2274,OG39,95,OG39-95,Myrtaceae,Calyptranthes,Calyptranthes_speciosa
2275,OG39,96,OG39-96,Burseraceae,Protium,Protium_'copal_rojo'
2276,OG39,97,OG39-97,Rubiaceae,Faramea,Faramea_langlassei
2277,OG39,98,OG39-98,Monimiaceae,Mollinedia,Mollinedia_latifolia
2278,OG39,99,OG39-99,Moraceae,Sorocea,Sorocea_jaramilloi
2279,OG39,100,OG39-100,Rubiaceae,Hippotis,Hippotis_stellata
2280,OG39,101,OG39-101,Arecaceae,Wettinia,Wettinia_quinaria
2281,OG39,102,OG39-102,Metteniusaceae,Dendrobangia,Dendrobangia_boliviana
2282,OG39,103,OG39-103,Salicaceae,Casearia,Casearia_arborea
2283,OG39,104,OG39-104,Moraceae,Brosimum,Brosimum_guianense
2284,OG39,105,OG39-105,Lecythidaceae,Gustavia,Gustavia_dodsonii
2285,OG39,106,OG39-106,Rubiaceae,Palicourea,Palicourea_palenquensis
2286,OG39,107,OG39-107,Rhizophoraceae,Cassipourea,Cassipourea_elliptica
2287,OG39,108,OG39-108,Malvaceae,Matisia,Matisia_longipes
2288,OG39,109,OG39-109,Rubiaceae,Faramea,Faramea_langlassei
2289,OG39,110,OG39-110,Fabaceae,Inga,Inga_chocoensis
2290,OG39,111,OG39-111,Arecaceae,Wettinia,Wettinia_quinaria
2291,OG39,112,OG39-112,Lecythidaceae,Grias,Grias_peruviana
2292,OG39,113,OG39-113,Arecaceae,Iriartea,Iriartea_deltoidea
2293,OG39,114,OG39-114,Meliaceae,Carapa,Carapa_guianensis
2294,OG39,115,OG39-115,Lecythidaceae,Grias,Grias_peruviana
2295,OG39,116,OG39-116,Urticaceae,Cecropia,Cecropia_insignis
2296,OG39,117,OG39-117,Lecythidaceae,Grias,Grias_peruviana
2297,OG39,118,OG39-118,Myrtaceae,Calyptranthes,Calyptranthes_speciosa
2298,OG39,119,OG39-119,Fabaceae,Inga,Inga_spectabilis
2299,OG39,120,OG39-120,Lecythidaceae,Grias,Grias_peruviana
2300,OG39,121,OG39-121,NA,NA,NA
2301,OG39,122,OG39-122,Rubiaceae,Palicourea,Palicourea_paratinctoria
2302,OG39,123,OG39-123,Chrysobalanaceae,Licania,Licania_celiae
2303,OG39,124,OG39-124,NA,NA,NA
2304,OG39,125,OG39-125,Arecaceae,Wettinia,Wettinia_quinaria
2305,OG39,126,OG39-126,Melastomataceae,Miconia,Miconia_'grande'
2306,OG39,127,OG39-127,Rubiaceae,Faramea,Faramea_langlassei
2307,OG39,128,OG39-128,Rubiaceae,Pentagonia,Pentagonia_macrophylla
2308,OG39,129,OG39-129,Lecythidaceae,Eschweilera,Eschweilera_rimbachii
2309,OG39,130,OG39-130,Lecythidaceae,Grias,Grias_peruviana
2310,OG39,131,OG39-131,Chrysobalanaceae,Licania,Licania_celiae
2311,OG39,132,OG39-132,Meliaceae,Carapa,Carapa_guianensis
2312,OG39,133,OG39-133,Urticaceae,Pourouma,Pourouma_minor
2313,OG39,134,OG39-134,Lecythidaceae,Grias,Grias_peruviana
2314,OG39,135,OG39-135,Melastomataceae,Miconia,Miconia_conocuatrecasii
2315,OG39,136,OG39-136,Melastomataceae,Miconia,Miconia_conocuatrecasii
2316,OG39,137,OG39-137,Arecaceae,Wettinia,Wettinia_quinaria
2317,OG39,138,OG39-138,Polygonaceae,Coccoloba,Coccoloba_mollis
2318,OG39,139,OG39-139,Arecaceae,Wettinia,Wettinia_quinaria
2319,OG39,140,OG39-140,Arecaceae,Wettinia,Wettinia_quinaria
2320,OG39,141,OG39-141,Clusiaceae,Tovomita,Tovomita_weddelliana
2321,OG39,142,OG39-142,Rubiaceae,Pentagonia,Pentagonia_macrophylla
2322,OG39,143,OG39-143,Arecaceae,Wettinia,Wettinia_quinaria
2323,OG39,144,OG39-144,Urticaceae,Pourouma,Pourouma_minor
2324,OG39,145,OG39-145,Rubiaceae,Palicourea,Palicourea_paratinctoria
2325,OG39,146,OG39-146,Meliaceae,Carapa,Carapa_guianensis
2326,OG39,147,OG39-147,Malvaceae,Matisia,Matisia_bracteolosa
2327,OG39,148,OG39-148,Arecaceae,Wettinia,Wettinia_quinaria
2328,OG39,149,OG39-149,Meliaceae,Carapa,Carapa_guianensis
2329,OG39,150,OG39-150,Urticaceae,Coussapoa,Coussapoa_villosa
2330,OG39,151,OG39-151,NA,NA,NA
2331,OG39,152,OG39-152,Chrysobalanaceae,Licania,Licania_glauca
2332,OG39,153,OG39-153,Moraceae,Naucleopsis,Naucleopsis_naga
2333,OG39,154,OG39-154,Celastraceae,Salacia,Salacia_odorata
2334,OG39,155,OG39-155,Urticaceae,Pourouma,Pourouma_minor
2335,OG39,156,OG39-156,Fabaceae,Inga,Inga_chocoensis
2336,OG39,157,OG39-157,Rubiaceae,Palicourea,Palicourea_palenquensis
2337,OG39,158,OG39-158,Apocynaceae,Tabernaemontana,Tabernaemontana_amygdalifolia
2338,OG39,159,OG39-159,Arecaceae,Wettinia,Wettinia_quinaria
2339,OG39,160,OG39-160,Lecythidaceae,Grias,Grias_peruviana
2340,OG39,161,OG39-161,,OG39-161,OG39-161
2341,OG39,162,OG39-162,Meliaceae,Carapa,Carapa_guianensis
2342,OG39,163,OG39-163,Moraceae,Brosimum,Brosimum_utile
2343,OG39,164,OG39-164,Urticaceae,Pourouma,Pourouma_minor
2344,OG39,165,OG39-165,Arecaceae,Wettinia,Wettinia_quinaria
2345,OG39,166,OG39-166,Moraceae,Sorocea,Sorocea_jaramilloi
2346,OG39,167,OG39-167,Moraceae,Sorocea,Sorocea_jaramilloi
2347,OG39,168,OG39-168,Chrysobalanaceae,Licania,Licania_glauca
2348,OG39,169,OG39-169,Malvaceae,Apeiba,Apeiba_membranacea
2349,OG43,1,OG43-1,Fabaceae,Brownea,Brownea_coccinea
2350,OG43,2,OG43-2,Meliaceae,Carapa,Carapa_guianensis
2351,OG43,3,OG43-3,Fabaceae,Brownea,Brownea_coccinea
2352,OG43,4,OG43-4,Fabaceae,Andira,Andira_taurotesticulata
2353,OG43,5,OG43-5,Erythropalaceae,Heisteria,Heisteria_concinna
2354,OG43,6,OG43-6,Erythropalaceae,Heisteria,Heisteria_concinna
2355,OG43,7,OG43-7,Arecaceae,Wettinia,Wettinia_quinaria
2356,OG43,8,OG43-8,Lauraceae,Nectandra,Nectandra_tomentosa
2357,OG43,9,OG43-9,Lauraceae,Nectandra,Nectandra_guadaripo
2358,OG43,10,OG43-10,Arecaceae,Iriartea,Iriartea_deltoidea
2359,OG43,11,OG43-11,Arecaceae,Wettinia,Wettinia_quinaria
2360,OG43,12,OG43-12,Myristicaceae,Otoba,Otoba_gracilipes
2361,OG43,13,OG43-13,Euphorbiaceae,Mabea,Mabea_occidentalis
2362,OG43,14,OG43-14,Fabaceae,Brownea,Brownea_coccinea
2363,OG43,15,OG43-15,Meliaceae,Guarea,Guarea_gentryi
2364,OG43,16,OG43-16,Lauraceae,Nectandra,Nectandra_guadaripo
2365,OG43,17,OG43-17,Erythropalaceae,Heisteria,Heisteria_concinna
2366,OG43,18,OG43-18,Arecaceae,Wettinia,Wettinia_quinaria
2367,OG43,19,OG43-19,Meliaceae,Carapa,Carapa_guianensis
2368,OG43,20,OG43-20,Fabaceae,Brownea,Brownea_coccinea
2369,OG43,21,OG43-21,Moraceae,Brosimum,Brosimum_guianense
2370,OG43,22,OG43-22,Rubiaceae,Guettarda,Guettarda_sanblasensis
2371,OG43,23,OG43-23,Malvaceae,Apeiba,Apeiba_membranacea
2372,OG43,24,OG43-24,Myristicaceae,Otoba,Otoba_novogranatensis
2373,OG43,25,OG43-25,Fabaceae,Brownea,Brownea_coccinea
2374,OG43,26,OG43-26,Arecaceae,Iriartea,Iriartea_deltoidea
2375,OG43,27,OG43-27,Meliaceae,Carapa,Carapa_guianensis
2376,OG43,28,OG43-28,Myristicaceae,Virola,Virola_reidii
2377,OG43,29,OG43-29,Arecaceae,Wettinia,Wettinia_quinaria
2378,OG43,30,OG43-30,Erythropalaceae,Heisteria,Heisteria_concinna
2379,OG43,31,OG43-31,Arecaceae,Wettinia,Wettinia_quinaria
2380,OG43,32,OG43-32,Fabaceae,Brownea,Brownea_coccinea
2381,OG43,33,OG43-33,Lauraceae,Nectandra,Nectandra_guadaripo
2382,OG43,34,OG43-34,Arecaceae,Wettinia,Wettinia_quinaria
2383,OG43,35,OG43-35,Arecaceae,Wettinia,Wettinia_quinaria
2384,OG43,36,OG43-36,Malvaceae,Matisia,Matisia_longipes
2385,OG43,37,OG43-37,Moraceae,Perebea,Perebea_xanthochyma
2386,OG43,38,OG43-38,Myristicaceae,Otoba,Otoba_novogranatensis
2387,OG43,39,OG43-39,Moraceae,Naucleopsis,Naucleopsis_chiguila
2388,OG43,40,OG43-40,NA,NA,NA
2389,OG43,41,OG43-41,Myristicaceae,Otoba,Otoba_novogranatensis
2390,OG43,42,OG43-42,Arecaceae,Wettinia,Wettinia_quinaria
2391,OG43,43,OG43-43,Fabaceae,Brownea,Brownea_coccinea
2392,OG43,44,OG43-44,Euphorbiaceae,Pausandra,Pausandra_trianae
2393,OG43,45,OG43-45,Fabaceae,Brownea,Brownea_coccinea
2394,OG43,46,OG43-46,Fabaceae,Brownea,Brownea_coccinea
2395,OG43,47,OG43-47,Meliaceae,Carapa,Carapa_guianensis
2396,OG43,48,OG43-48,Sapotaceae,Pouteria,Pouteria_buenaventurensis
2397,OG43,49,OG43-49,Fabaceae,Brownea,Brownea_coccinea
2398,OG43,50,OG43-50,Arecaceae,Wettinia,Wettinia_quinaria
2399,OG43,51,OG43-51,Fabaceae,Brownea,Brownea_coccinea
2400,OG43,52,OG43-52,Euphorbiaceae,Pausandra,Pausandra_trianae
2401,OG43,53,OG43-53,Rubiaceae,Palicourea,Palicourea_paratinctoria
2402,OG43,54,OG43-54,Moraceae,Perebea,Perebea_xanthochyma
2403,OG43,55,OG43-55,Euphorbiaceae,Pausandra,Pausandra_trianae
2404,OG43,56,OG43-56,Arecaceae,Wettinia,Wettinia_quinaria
2405,OG43,57,OG43-57,Clusiaceae,Tovomita,Tovomita_weddelliana
2406,OG43,58,OG43-58,Fabaceae,Brownea,Brownea_coccinea
2407,OG43,59,OG43-59,Euphorbiaceae,Pausandra,Pausandra_trianae
2408,OG43,60,OG43-60,Fabaceae,Inga,Inga_marginata
2409,OG43,61,OG43-61,Erythropalaceae,Heisteria,Heisteria_concinna
2410,OG43,62,OG43-62,Elaeocarpaceae,Sloanea,Sloanea_laevigata
2411,OG43,63,OG43-63,Myristicaceae,Otoba,Otoba_gracilipes
2412,OG43,64,OG43-64,Malvaceae,Sterculia,Sterculia_colombiana
2413,OG43,65,OG43-65,Myristicaceae,Virola,Virola_reidii
2414,OG43,66,OG43-66,Fabaceae,Andira,Andira_taurotesticulata
2415,OG43,67,OG43-67,Arecaceae,Wettinia,Wettinia_quinaria
2416,OG43,68,OG43-68,Myristicaceae,Otoba,Otoba_novogranatensis
2417,OG43,69,OG43-69,Myristicaceae,Otoba,Otoba_novogranatensis
2418,OG43,70,OG43-70,Fabaceae,Zygia,Zygia_dissitiflora
2419,OG43,71,OG43-71,Euphorbiaceae,Pausandra,Pausandra_trianae
2420,OG43,72,OG43-72,Myristicaceae,Otoba,Otoba_novogranatensis
2421,OG43,73,OG43-73,Cordiaceae,Hirtella,Hirtella_latifolia
2422,OG43,74,OG43-74,Stemonuraceae,Discophora,Discophora_guianensis
2423,OG43,75,OG43-75,Euphorbiaceae,Pausandra,Pausandra_trianae
2424,OG43,76,OG43-76,Myristicaceae,Otoba,Otoba_gracilipes
2425,OG43,77,OG43-77,Arecaceae,Wettinia,Wettinia_quinaria
2426,OG43,78,OG43-78,Malvaceae,Matisia,Matisia_bracteolosa
2427,OG43,79,OG43-79,Fabaceae,Brownea,Brownea_coccinea
2428,OG43,80,OG43-80,Myristicaceae,Virola,Virola_reidii
2429,OG43,81,OG43-81,Pentaphylacaceae,Freziera,Freziera_calophylla
2430,OG43,82,OG43-82,Myristicaceae,Otoba,Otoba_gracilipes
2431,OG43,83,OG43-83,Myristicaceae,Otoba,Otoba_gracilipes
2432,OG43,84,OG43-84,Malvaceae,Theobroma,Theobroma_chocoensis
2433,OG43,85,OG43-85,Myristicaceae,Osteophloeum,Osteophloeum_platyspermum
2434,OG43,86,OG43-86,Fabaceae,Brownea,Brownea_coccinea
2435,OG43,87,OG43-87,Euphorbiaceae,Pausandra,Pausandra_trianae
2436,OG43,88,OG43-88,Fabaceae,Zygia,Zygia_coccinea
2437,OG43,89,OG43-89,Arecaceae,Wettinia,Wettinia_quinaria
2438,OG43,90,OG43-90,Lamiaceae,Vitex,Vitex_cymosa
2439,OG43,91,OG43-91,Myristicaceae,Otoba,Otoba_gracilipes
2440,OG43,92,OG43-92,Vochysiaceae,Vochysia,Vochysia_macrophylla
2441,OG43,93,OG43-93,Fabaceae,Brownea,Brownea_coccinea
2442,OG43,94,OG43-94,Fabaceae,Brownea,Brownea_coccinea
2443,OG43,95,OG43-95,Celastraceae,Salacia,Salacia_odorata
2444,OG43,96,OG43-96,Fabaceae,Zygia,Zygia_coccinea
2445,OG43,97,OG43-97,Myrtaceae,Myrcia,Myrcia_aliena
2446,OG43,98,OG43-98,Fabaceae,Zygia,Zygia_coccinea
2447,OG43,99,OG43-99,Myristicaceae,Otoba,Otoba_gracilipes
2448,OG43,100,OG43-100,Arecaceae,Iriartea,Iriartea_deltoidea
2449,OG43,101,OG43-101,Arecaceae,Wettinia,Wettinia_quinaria
2450,OG43,102,OG43-102,Moraceae,Naucleopsis,Naucleopsis_chiguila
2451,OG43,103,OG43-103,Cordiaceae,Hirtella,Hirtella_triandra
2452,OG43,104,OG43-104,Cordiaceae,Hirtella,Hirtella_triandra
2453,OG43,105,OG43-105,Fabaceae,Brownea,Brownea_coccinea
2454,OG43,106,OG43-106,Myristicaceae,Otoba,Otoba_gracilipes
2455,OG43,107,OG43-107,Fabaceae,Brownea,Brownea_coccinea
2456,OG43,108,OG43-108,Fabaceae,Brownea,Brownea_coccinea
2457,OG43,109,OG43-109,Clusiaceae,Symphonia,Symphonia_globulifera
2458,OG43,110,OG43-110,Lecythidaceae,Grias,Grias_peruviana
2459,OG43,111,OG43-111,Myristicaceae,Osteophloeum,Osteophloeum_platyspermum
2460,OG43,112,OG43-112,Myristicaceae,Otoba,Otoba_gracilipes
2461,OG43,113,OG43-113,Fabaceae,Brownea,Brownea_coccinea
2462,OG43,114,OG43-114,Meliaceae,Guarea,Guarea_bullata
2463,OG43,115,OG43-115,Cordiaceae,Hirtella,Hirtella_triandra
2464,OG43,116,OG43-116,Apocynaceae,Tabernaemontana,Tabernaemontana_amygdalifolia
2465,OG43,117,OG43-117,Myristicaceae,Otoba,Otoba_gracilipes
2466,OG43,118,OG43-118,Meliaceae,Carapa,Carapa_megistocarpa
2467,OG43,119,OG43-119,Myristicaceae,Virola,Virola_reidii
2468,OG43,120,OG43-120,Fabaceae,Zygia,Zygia_coccinea
2469,OG43,121,OG43-121,Moraceae,Sorocea,Sorocea_jaramilloi
2470,OG43,122,OG43-122,Moraceae,Naucleopsis,Naucleopsis_ulei
2471,OG43,123,OG43-123,Arecaceae,Wettinia,Wettinia_quinaria
2472,OG43,124,OG43-124,Burseraceae,Protium,Protium_ecuadorense
2473,OG43,125,OG43-125,Fabaceae,Brownea,Brownea_coccinea
2474,OG43,126,OG43-126,Fabaceae,Brownea,Brownea_coccinea
2475,OG43,127,OG43-127,Myristicaceae,Compsoneura,Compsoneura_mutisii
2476,OG43,128,OG43-128,Euphorbiaceae,Pausandra,Pausandra_trianae
2477,OG43,129,OG43-129,Rubiaceae,Faramea,Faramea_parvibractea
2478,OG43,130,OG43-130,Moraceae,Sorocea,Sorocea_jaramilloi
2479,OG43,131,OG43-131,Fabaceae,Brownea,Brownea_coccinea
2480,OG43,132,OG43-132,Myristicaceae,Otoba,Otoba_gracilipes
2481,OG43,133,OG43-133,Myristicaceae,Otoba,Otoba_gracilipes
2482,OG43,134,OG43-134,Myristicaceae,Virola,Virola_reidii
2483,OG43,135,OG43-135,Fabaceae,Brownea,Brownea_coccinea
2484,OG43,136,OG43-136,Myristicaceae,Osteophloeum,Osteophloeum_platyspermum
2485,OG43,137,OG43-137,NA,NA,NA
2486,OG43,138,OG43-138,Myristicaceae,Osteophloeum,Osteophloeum_platyspermum
2487,OG43,139,OG43-139,Burseraceae,Dacryodes,Dacryodes_peruviana
2488,OG43,140,OG43-140,Euphorbiaceae,Mabea,Mabea_occidentalis
2489,OG43,141,OG43-141,Melastomataceae,Henriettella,Henriettella_lawrancei
2490,OG43,142,OG43-142,Arecaceae,Wettinia,Wettinia_quinaria
2491,OG43,143,OG43-143,Arecaceae,Wettinia,Wettinia_quinaria
2492,OG43,144,OG43-144,Fabaceae,Brownea,Brownea_coccinea
2493,OG43,145,OG43-145,Myristicaceae,Otoba,Otoba_gracilipes
2494,OG43,146,OG43-146,Myrtaceae,Myrcia,Myrcia_aliena
2495,OG43,147,OG43-147,Lecythidaceae,Eschweilera,Eschweilera_rimbachii
2496,OG43,148,OG43-148,Lauraceae,Endlicheria,Endlicheria_OG43-148
2497,OG43,149,OG43-149,NA,NA,NA
2498,OG43,150,OG43-150,Cannabaceae,Ampelocera,Ampelocera_edentula
2499,OG43,151,OG43-151,Euphorbiaceae,Mabea,Mabea_occidentalis
2500,OG43,152,OG43-152,Euphorbiaceae,Pausandra,Pausandra_trianae
2501,OG43,153,OG43-153,Arecaceae,Wettinia,Wettinia_quinaria
2502,OG43,154,OG43-154,Myristicaceae,Otoba,Otoba_gracilipes
2503,OG43,155,OG43-155,Moraceae,Sorocea,Sorocea_jaramilloi
2504,OG43,156,OG43-156,Euphorbiaceae,Pausandra,Pausandra_trianae
2505,OG43,157,OG43-157,Fabaceae,Brownea,Brownea_coccinea
2506,OG43,158,OG43-158,Burseraceae,Protium,Protium_colombianum
2507,OG43,159,OG43-159,Calophyllaceae,Marila,Marila_alternifolia
2508,OG43,160,OG43-160,Euphorbiaceae,Pausandra,Pausandra_trianae
2509,OG43,161,OG43-161,Arecaceae,Wettinia,Wettinia_quinaria
2510,OG43,162,OG43-162,Calophyllaceae,Marila,Marila_alternifolia
2511,OG43,163,OG43-163,Fabaceae,Brownea,Brownea_coccinea
2512,OG43,164,OG43-164,Arecaceae,Wettinia,Wettinia_quinaria
2513,OG43,165,OG43-165,Chrysobalanaceae,Licania,Licania_celiae
2514,OG43,166,OG43-166,Fabaceae,Zygia,Zygia_coccinea
2515,OG43,167,OG43-167,Fabaceae,Brownea,Brownea_coccinea
2516,OG43,168,OG43-168,Fabaceae,Zygia,Zygia_coccinea
2517,OG43,169,OG43-169,Meliaceae,Guarea,Guarea_kunthiana
2518,OG43,170,OG43-170,Euphorbiaceae,Pausandra,Pausandra_trianae
2519,OG43,171,OG43-171,Arecaceae,Wettinia,Wettinia_quinaria
2520,OG43,172,OG43-172,Burseraceae,Dacryodes,Dacryodes_peruviana
2521,OG43,173,OG43-173,Fabaceae,Brownea,Brownea_coccinea
2522,OG43,174,OG43-174,Lauraceae,Aniba,Aniba_bracteata
2523,OG43,175,OG43-175,Euphorbiaceae,Mabea,Mabea_occidentalis
2524,OG43,176,OG43-176,Arecaceae,Wettinia,Wettinia_quinaria
2526,OG43,178,OG43-178,Rubiaceae,Palicourea,Palicourea_allenii
2527,OG43,179,OG43-179,Euphorbiaceae,Mabea,Mabea_occidentalis
2528,OG43,180,OG43-180,Fabaceae,Brownea,Brownea_coccinea
2528,OG43,177,OG43-177,Moraceae,Maquira,Maquira_guianensis
2529,OG43,181,OG43-181,Myristicaceae,Virola,Virola_reidii
2530,OG43,182,OG43-182,Fabaceae,Inga,Inga_ruiziana
2531,OG43,183,OG43-183,Fabaceae,Brownea,Brownea_coccinea
2532,OG43,184,OG43-184,Rubiaceae,Palicourea,Palicourea_allenii
2533,OG43,185,OG43-185,Arecaceae,Prestoea,Prestoea_ensiformis
2534,OG43,186,OG43-186,Myristicaceae,Otoba,Otoba_gracilipes
2535,OG43,187,OG43-187,Euphorbiaceae,Pausandra,Pausandra_trianae
2536,OG43,188,OG43-188,Myristicaceae,Virola,Virola_reidii
2537,OG43,189,OG43-189,Euphorbiaceae,Mabea,Mabea_occidentalis
2538,OG43,190,OG43-190,Burseraceae,Trattinnickia,Trattinnickia_aspera
2539,OG43,191,OG43-191,Myrtaceae,Myrcia,Myrcia_aliena
2540,OG43,192,OG43-192,Fabaceae,Zygia,Zygia_coccinea
2541,OG43,193,OG43-193,NA,NA,NA
2542,OG43,194,OG43-194,Burseraceae,Dacryodes,Dacryodes_peruviana
2543,OG43,195,OG43-195,Arecaceae,Wettinia,Wettinia_quinaria
2544,OG43,196,OG43-196,NA,NA,NA
2545,OG43,197,OG43-197,Urticaceae,Cecropia,Cecropia_hispidissima
2546,OG43,198,OG43-198,Malvaceae,Apeiba,Apeiba_membranacea
2547,OG43,199,OG43-199,Myristicaceae,Virola,Virola_reidii
2548,OG43,200,OG43-200,Meliaceae,Guarea,Guarea_kunthiana
2549,OG43,201,OG43-201,Clusiaceae,Tovomita,Tovomita_longifolia
2550,OG43,202,OG43-202,Vochysiaceae,Vochysia,Vochysia_macrophylla
2551,OG43,203,OG43-203,Fabaceae,Zygia,Zygia_coccinea
2552,OG43,204,OG43-204,Euphorbiaceae,Pausandra,Pausandra_trianae
2553,OG43,205,OG43-205,Malvaceae,Sterculia,Sterculia_pruriens
2554,OG43,206,OG43-206,Fabaceae,Inga,Inga_ruiziana
2555,OG43,207,OG43-207,Moraceae,Brosimum,Brosimum_guianense
2556,OG43,208,OG43-208,Meliaceae,Carapa,Carapa_megistocarpa
2557,OG43,209,OG43-209,Lecythidaceae,Eschweilera,Eschweilera_rimbachii
2558,OG43,210,OG43-210,Rubiaceae,Palicourea,Palicourea_allenii
2559,OG43,211,OG43-211,Euphorbiaceae,Pausandra,Pausandra_trianae
2560,OG43,212,OG43-212,Myristicaceae,Otoba,Otoba_gracilipes
2561,OG43,213,OG43-213,Fabaceae,Brownea,Brownea_coccinea
2562,OG43,214,OG43-214,Fabaceae,Brownea,Brownea_coccinea
2563,OG43,215,OG43-215,Arecaceae,Wettinia,Wettinia_quinaria
2564,OG43,216,OG43-216,Moraceae,Ficus,Ficus_paraensis
2565,OG43,217,OG43-217,Fabaceae,Zygia,Zygia_coccinea
2566,OG43,218,OG43-218,Moraceae,Brosimum,Brosimum_utile
2567,OG43,219,OG43-219,Arecaceae,Wettinia,Wettinia_quinaria
2568,OG43,220,OG43-220,Fabaceae,Brownea,Brownea_coccinea
2569,OG43,221,OG43-221,Erythropalaceae,Heisteria,Heisteria_pacifica
2570,OG43,222,OG43-222,Euphorbiaceae,Pausandra,Pausandra_trianae
2571,OG43,223,OG43-223,Fabaceae,Inga,Inga_coruscans
2572,OG43,224,OG43-224,Rubiaceae,Palicourea,Palicourea_allenii
2573,OG43,225,OG43-225,Chrysobalanaceae,Licania,Licania_celiae
2574,OG43,226,OG43-226,Euphorbiaceae,Pausandra,Pausandra_trianae
2575,OG43,227,OG43-227,Arecaceae,Wettinia,Wettinia_quinaria
2576,OG43,228,OG43-228,Arecaceae,Wettinia,Wettinia_quinaria
2577,OG43,229,OG43-229,Arecaceae,Wettinia,Wettinia_quinaria
2578,OG43,230,OG43-230,Fabaceae,Brownea,Brownea_coccinea
2579,OG43,231,OG43-231,Chrysobalanaceae,Cordillera,Cordillera_platycalyx
2580,OG43,232,OG43-232,Arecaceae,Wettinia,Wettinia_quinaria
2581,CR09,1,CR09-1,Asteraceae,Vernonanthura,Vernonanthura_patens
2582,CR09,2,CR09-2,Asteraceae,Vernonanthura,Vernonanthura_patens
2583,CR09,3,CR09-3,Fabaceae,Inga,Inga_chocoensis
2584,CR09,4,CR09-4,Malvaceae,Theobroma,Theobroma_cacao
2585,CR09,5,CR09-5,Malvaceae,Theobroma,Theobroma_cacao
2586,CR09,6,CR09-6,Malvaceae,Theobroma,Theobroma_cacao
2587,CR09,7,CR09-7,Lamiaceae,Aegiphila,Aegiphila_alba
2588,CR09,8,CR09-8,Asteraceae,Vernonanthura,Vernonanthura_patens
2589,CR09,9,CR09-9,Malvaceae,Theobroma,Theobroma_cacao
2590,CR09,10,CR09-10,Moraceae,Ficus,Ficus_brevibracteata
2591,CR09,11,CR09-11,Fabaceae,Inga,Inga_oerstediana
2592,CR09,12,CR09-12,Malvaceae,Theobroma,Theobroma_cacao
2593,CR09,13,CR09-13,Malvaceae,Theobroma,Theobroma_cacao
2594,CR09,14,CR09-14,Urticaceae,Cecropia,Cecropia_hispidissima
2595,CR09,15,CR09-15,Rutaceae,Zanthoxylum,Zanthoxylum_riedelianum
2596,CR09,16,CR09-16,Malvaceae,Theobroma,Theobroma_cacao
2597,CR09,17,CR09-17,Malvaceae,Theobroma,Theobroma_cacao
2598,CR09,18,CR09-18,Fabaceae,Inga,Inga_chocoensis
2599,CR09,19,CR09-19,Lamiaceae,Aegiphila,Aegiphila_alba
2600,CR09,20,CR09-20,Malvaceae,Theobroma,Theobroma_cacao
2601,CR09,21,CR09-21,Malvaceae,Theobroma,Theobroma_cacao
2602,CR09,22,CR09-22,Malvaceae,Theobroma,Theobroma_cacao
2603,CR09,23,CR09-23,Lamiaceae,Aegiphila,Aegiphila_alba
2604,CR09,24,CR09-24,Asteraceae,Vernonanthura,Vernonanthura_patens
2605,CR09,25,CR09-25,Asteraceae,Vernonanthura,Vernonanthura_patens
2606,CR09,26,CR09-26,Malvaceae,Theobroma,Theobroma_cacao
2607,CR09,27,CR09-27,Urticaceae,Cecropia,Cecropia_hispidissima
2608,CR09,28,CR09-28,Urticaceae,Cecropia,Cecropia_hispidissima
2609,CR09,29,CR09-29,Fabaceae,Cojoba,Cojoba_arborea
2610,CR09,30,CR09-30,Cordiaceae,Cordia,Cordia_alliodora
2611,CR09,31,CR09-31,Cordiaceae,Cordia,Cordia_alliodora
2612,CR09,32,CR09-32,Fabaceae,Inga,Inga_oerstediana
2613,CR09,33,CR09-33,Cordiaceae,Cordia,Cordia_alliodora
2614,CR09,34,CR09-34,Cordiaceae,Cordia,Cordia_alliodora
2615,CR09,35,CR09-35,Asteraceae,Vernonanthura,Vernonanthura_patens
2616,CR09,36,CR09-36,Cordiaceae,Cordia,Cordia_alliodora
2617,CR09,37,CR09-37,Fabaceae,Inga,Inga_oerstediana
2618,CR09,38,CR09-38,Malvaceae,Theobroma,Theobroma_cacao
2619,CR09,39,CR09-39,Lamiaceae,Aegiphila,Aegiphila_alba
2620,CR09,40,CR09-40,Malvaceae,Theobroma,Theobroma_cacao
2621,CR09,41,CR09-41,Malvaceae,Theobroma,Theobroma_cacao
2622,CR09,42,CR09-42,Asteraceae,Vernonanthura,Vernonanthura_patens
2623,CR09,43,CR09-43,Fabaceae,Inga,Inga_oerstediana
2624,CR09,44,CR09-44,Asteraceae,Vernonanthura,Vernonanthura_patens
2625,CR09,45,CR09-45,Malvaceae,Theobroma,Theobroma_cacao
2626,CR09,46,CR09-46,Urticaceae,Cecropia,Cecropia_insignis
2627,CR09,47,CR09-47,Arecaceae,Bactris,Bactris_setulosa
2628,CR09,48,CR09-48,Malvaceae,Theobroma,Theobroma_cacao
2629,CR09,49,CR09-49,Malvaceae,Theobroma,Theobroma_cacao
2630,CR09,50,CR09-50,Urticaceae,Cecropia,Cecropia_insignis
2631,CR09,51,CR09-51,Lamiaceae,Aegiphila,Aegiphila_alba
2632,CR09,52,CR09-52,Malvaceae,Theobroma,Theobroma_cacao
2633,CR09,53,CR09-53,Malvaceae,Theobroma,Theobroma_cacao
2634,CR09,54,CR09-54,Malvaceae,Theobroma,Theobroma_cacao
2635,CR09,55,CR09-55,Lamiaceae,Aegiphila,Aegiphila_alba
2636,CR09,56,CR09-56,Urticaceae,Cecropia,Cecropia_hispidissima
2637,CR09,57,CR09-57,Rutaceae,Citrus,Citrus_reticulata
2638,CR09,58,CR09-58,Malvaceae,Theobroma,Theobroma_cacao
2639,CR09,59,CR09-59,Malvaceae,Theobroma,Theobroma_cacao
2640,CR09,60,CR09-60,Malvaceae,Theobroma,Theobroma_cacao
2641,CR09,61,CR09-61,Malvaceae,Theobroma,Theobroma_cacao
2642,CR09,62,CR09-62,Asteraceae,Vernonanthura,Vernonanthura_patens
2643,CR09,63,CR09-63,Asteraceae,Vernonanthura,Vernonanthura_patens
2644,CR09,64,CR09-64,Malvaceae,Theobroma,Theobroma_cacao
2645,CR09,65,CR09-65,Salicaceae,Banara,Banara_guianensis
2646,CR09,66,CR09-66,Lamiaceae,Aegiphila,Aegiphila_alba
2647,CR09,67,CR09-67,Fabaceae,Cojoba,Cojoba_arborea
2648,CR09,68,CR09-68,Urticaceae,Cecropia,Cecropia_hispidissima
2649,CR09,69,CR09-69,Lamiaceae,Aegiphila,Aegiphila_alba
2650,CR09,70,CR09-70,Malvaceae,Theobroma,Theobroma_cacao
2651,CR09,71,CR09-71,Malvaceae,Theobroma,Theobroma_cacao
2652,CR09,72,CR09-72,Urticaceae,Cecropia,Cecropia_insignis
2653,CR09,73,CR09-73,Malvaceae,Theobroma,Theobroma_cacao
2654,CR09,74,CR09-74,Malvaceae,Theobroma,Theobroma_cacao
2655,CR09,75,CR09-75,Malvaceae,Theobroma,Theobroma_cacao
2656,CR09,76,CR09-76,Lamiaceae,Aegiphila,Aegiphila_alba
2657,CR09,77,CR09-77,Malvaceae,Theobroma,Theobroma_cacao
2658,CR09,78,CR09-78,Urticaceae,Cecropia,Cecropia_hispidissima
2659,CR09,79,CR09-79,Lamiaceae,Aegiphila,Aegiphila_alba
2660,CR09,80,CR09-80,Asteraceae,Vernonanthura,Vernonanthura_patens
2661,CR09,81,CR09-81,Urticaceae,Cecropia,Cecropia_hispidissima
2662,CR09,82,CR09-82,Lamiaceae,Aegiphila,Aegiphila_alba
2663,CR09,83,CR09-83,Cordiaceae,Cordia,Cordia_alliodora
2664,CR09,84,CR09-84,Urticaceae,Cecropia,Cecropia_hispidissima
2665,CR09,85,CR09-85,Urticaceae,Cecropia,Cecropia_hispidissima
2666,CR09,86,CR09-86,Cordiaceae,Cordia,Cordia_alliodora
2667,CR09,87,CR09-87,Malvaceae,Theobroma,Theobroma_cacao
2668,CR09,88,CR09-88,Malvaceae,Apeiba,Apeiba_membranacea
2669,CR09,89,CR09-89,Asteraceae,Vernonanthura,Vernonanthura_patens
2670,CR09,90,CR09-90,Urticaceae,Cecropia,Cecropia_hispidissima
2671,CR09,91,CR09-91,Urticaceae,Cecropia,Cecropia_hispidissima
2672,CR09,92,CR09-92,Lamiaceae,Aegiphila,Aegiphila_alba
2673,CR09,93,CR09-93,NA,NA,NA
2674,CR09,94,CR09-94,Malvaceae,Theobroma,Theobroma_cacao
2675,CR09,95,CR09-95,Malvaceae,Theobroma,Theobroma_cacao
2676,CR09,96,CR09-96,Malvaceae,Theobroma,Theobroma_cacao
2677,CR09,97,CR09-97,Malvaceae,Theobroma,Theobroma_cacao
2678,CR09,98,CR09-98,Malvaceae,Theobroma,Theobroma_cacao
2679,CR09,99,CR09-99,Malvaceae,Theobroma,Theobroma_cacao
2680,CR09,100,CR09-100,Malvaceae,Theobroma,Theobroma_cacao
2681,CR09,101,CR09-101,Asteraceae,Vernonanthura,Vernonanthura_patens
2682,CR09,102,CR09-102,Asteraceae,Vernonanthura,Vernonanthura_patens
2683,CR09,103,CR09-103,Malvaceae,Theobroma,Theobroma_cacao
2684,CR09,104,CR09-104,Asteraceae,Vernonanthura,Vernonanthura_patens
2685,CR09,105,CR09-105,Malvaceae,Theobroma,Theobroma_cacao
2686,CR09,106,CR09-106,Malvaceae,Theobroma,Theobroma_cacao
2687,CR09,107,CR09-107,Asteraceae,Vernonanthura,Vernonanthura_patens
2688,CR09,108,CR09-108,Asteraceae,Vernonanthura,Vernonanthura_patens
2689,CR09,109,CR09-109,Malvaceae,Theobroma,Theobroma_cacao
2690,CR09,110,CR09-110,Malvaceae,Theobroma,Theobroma_cacao
2691,CR09,111,CR09-111,Cordiaceae,Cordia,Cordia_alliodora
2692,CR09,112,CR09-112,Malvaceae,Theobroma,Theobroma_cacao
2693,CR09,113,CR09-113,Urticaceae,Cecropia,Cecropia_hispidissima
2694,CR09,114,CR09-114,Urticaceae,Cecropia,Cecropia_insignis
2695,CR09,115,CR09-115,Malvaceae,Apeiba,Apeiba_membranacea
2696,CR09,116,CR09-116,Cordiaceae,Cordia,Cordia_alliodora
2697,CR09,117,CR09-117,Cannabaceae,Trema,Trema_micrantha
2698,CR09,118,CR09-118,Malvaceae,Theobroma,Theobroma_cacao
2699,CR09,119,CR09-119,Malvaceae,Theobroma,Theobroma_cacao
2700,CR09,120,CR09-120,Urticaceae,Cecropia,Cecropia_hispidissima
2701,CR09,121,CR09-121,Malvaceae,Theobroma,Theobroma_cacao
2702,CR09,122,CR09-122,Fabaceae,Cojoba,Cojoba_arborea
2703,CR09,123,CR09-123,Asteraceae,Vernonanthura,Vernonanthura_patens
2704,CR09,124,CR09-124,Malvaceae,Apeiba,Apeiba_membranacea
2705,CR09,125,CR09-125,Urticaceae,Cecropia,Cecropia_hispidissima
2706,CR09,126,CR09-126,Burseraceae,Dacryodes,Dacryodes_cupularis
2707,CR09,127,CR09-127,Cordiaceae,Cordia,Cordia_alliodora
2708,CR09,128,CR09-128,Malvaceae,Theobroma,Theobroma_cacao
2709,CR09,129,CR09-129,Cordiaceae,Cordia,Cordia_alliodora
2710,CR09,130,CR09-130,Malvaceae,Theobroma,Theobroma_cacao
2711,CR09,131,CR09-131,Malvaceae,Theobroma,Theobroma_cacao
2712,CR09,132,CR09-132,Lamiaceae,Aegiphila,Aegiphila_alba
2713,CR09,133,CR09-133,Malvaceae,Theobroma,Theobroma_cacao
2714,CR09,134,CR09-134,Cordiaceae,Cordia,Cordia_alliodora
2715,CR09,135,CR09-135,Malvaceae,Theobroma,Theobroma_cacao
2716,CR09,136,CR09-136,Urticaceae,Cecropia,Cecropia_hispidissima
2717,CR09,137,CR09-137,Salicaceae,Banara,Banara_guianensis
2718,CR09,138,CR09-138,Cordiaceae,Cordia,Cordia_alliodora
2719,CR09,139,CR09-139,Asteraceae,Vernonanthura,Vernonanthura_patens
2720,CR09,140,CR09-140,Lamiaceae,Aegiphila,Aegiphila_alba
2721,CR09,141,CR09-141,Urticaceae,Cecropia,Cecropia_hispidissima
2722,CR09,142,CR09-142,Lamiaceae,Aegiphila,Aegiphila_alba
2723,CR09,143,CR09-143,Lamiaceae,Aegiphila,Aegiphila_alba
2724,CR09,144,CR09-144,Lamiaceae,Aegiphila,Aegiphila_alba
2725,CR09,145,CR09-145,Asteraceae,Vernonanthura,Vernonanthura_patens
2726,CR09,146,CR09-146,Asteraceae,Vernonanthura,Vernonanthura_patens
2727,CR09,147,CR09-147,Malvaceae,Theobroma,Theobroma_cacao
2728,CR09,148,CR09-148,Malvaceae,Theobroma,Theobroma_cacao
2729,CR09,149,CR09-149,Urticaceae,Cecropia,Cecropia_hispidissima
2730,CR09,150,CR09-150,Asteraceae,Vernonanthura,Vernonanthura_patens
2731,CR09,151,CR09-151,Hypericaceae,Vismia,Vismia_baccifera
2732,CR09,152,CR09-152,Urticaceae,Cecropia,Cecropia_hispidissima
2733,CR09,153,CR09-153,Lamiaceae,Aegiphila,Aegiphila_alba
2734,CR09,154,CR09-154,Malvaceae,Theobroma,Theobroma_cacao
2735,CR09,155,CR09-155,Malvaceae,Theobroma,Theobroma_cacao
2736,CR09,156,CR09-156,Malvaceae,Theobroma,Theobroma_cacao
2737,CR09,157,CR09-157,Malvaceae,Theobroma,Theobroma_cacao
2738,CR09,158,CR09-158,Urticaceae,Cecropia,Cecropia_hispidissima
2739,CR09,159,CR09-159,Malvaceae,Theobroma,Theobroma_cacao
2740,CR09,160,CR09-160,Fabaceae,Inga,Inga_oerstediana
2741,CR09,161,CR09-161,Malvaceae,Theobroma,Theobroma_cacao
2742,CR09,162,CR09-162,Moraceae,Brosimum,Brosimum_guianense
2743,CR09,163,CR09-163,Urticaceae,Cecropia,Cecropia_hispidissima
2744,CR09,164,CR09-164,Lamiaceae,Aegiphila,Aegiphila_alba
2745,CR09,165,CR09-165,Malvaceae,Theobroma,Theobroma_cacao
2746,CR09,166,CR09-166,Lamiaceae,Aegiphila,Aegiphila_alba
2747,CR09,167,CR09-167,Fabaceae,Cojoba,Cojoba_arborea
2748,CR09,168,CR09-168,Lamiaceae,Aegiphila,Aegiphila_alba
2749,CR09,169,CR09-169,Malvaceae,Theobroma,Theobroma_cacao
2750,CR09,170,CR09-170,Malvaceae,Theobroma,Theobroma_cacao
2751,CR09,171,CR09-171,Urticaceae,Cecropia,Cecropia_hispidissima
2752,CR09,172,CR09-172,Malvaceae,Theobroma,Theobroma_cacao
2753,CR09,173,CR09-173,Moraceae,Ficus,Ficus_brevibracteata
2754,CR09,174,CR09-174,Malvaceae,Theobroma,Theobroma_cacao
2755,CR09,175,CR09-175,Malvaceae,Theobroma,Theobroma_cacao
2756,CR09,176,CR09-176,Malvaceae,Theobroma,Theobroma_cacao
2757,CR09,177,CR09-177,Asteraceae,Vernonanthura,Vernonanthura_patens
2758,CR09,178,CR09-178,Malvaceae,Apeiba,Apeiba_membranacea
2759,CR09,179,CR09-179,Melastomataceae,Miconia,Miconia_conocuatrecasii
2760,CR09,180,CR09-180,Melastomataceae,Miconia,Miconia_conocuatrecasii
2761,CR09,181,CR09-181,Malvaceae,Theobroma,Theobroma_cacao
2762,CR09,182,CR09-182,Asteraceae,Vernonanthura,Vernonanthura_patens
2763,CR09,183,CR09-183,Urticaceae,Cecropia,Cecropia_hispidissima
2764,CR09,184,CR09-184,Malvaceae,Theobroma,Theobroma_cacao
2765,CR09,185,CR09-185,Lamiaceae,Aegiphila,Aegiphila_alba
2766,CR09,186,CR09-186,Fabaceae,Inga,Inga_oerstediana
2767,CR09,187,CR09-187,Fabaceae,Inga,Inga_oerstediana
2768,CR09,188,CR09-188,Malvaceae,Theobroma,Theobroma_cacao
2769,CR09,189,CR09-189,Asteraceae,Vernonanthura,Vernonanthura_patens
2770,CR09,190,CR09-190,Malvaceae,Theobroma,Theobroma_cacao
2771,CR09,191,CR09-191,Asteraceae,Vernonanthura,Vernonanthura_patens
2772,CR09,192,CR09-192,Lamiaceae,Aegiphila,Aegiphila_alba
2773,CR09,193,CR09-193,Lamiaceae,Aegiphila,Aegiphila_alba
2774,CR09,194,CR09-194,Lamiaceae,Aegiphila,Aegiphila_alba
2775,PR29,1,PR29-1,Cannabaceae,Trema,Trema_micrantha
2776,PR29,2,PR29-2,Cannabaceae,Trema,Trema_micrantha
2777,PR29,3,PR29-3,Cannabaceae,Trema,Trema_micrantha
2778,PR29,4,PR29-4,Cannabaceae,Trema,Trema_micrantha
2779,PR29,5,PR29-5,Cannabaceae,Trema,Trema_micrantha
2780,PR29,6,PR29-6,Cannabaceae,Trema,Trema_micrantha
2781,PR29,7,PR29-7,Cannabaceae,Trema,Trema_micrantha
2782,PR29,8,PR29-8,Cannabaceae,Trema,Trema_micrantha
2783,PR29,9,PR29-9,Malvaceae,Theobroma,Theobroma_cacao
2784,PR29,10,PR29-10,Cannabaceae,Trema,Trema_micrantha
2785,PR29,11,PR29-11,Malvaceae,Theobroma,Theobroma_cacao
2786,PR29,12,PR29-12,Cannabaceae,Trema,Trema_micrantha
2787,PR29,13,PR29-13,Malvaceae,Theobroma,Theobroma_cacao
2788,PR29,14,PR29-14,Cannabaceae,Trema,Trema_micrantha
2789,PR29,15,PR29-15,Cannabaceae,Trema,Trema_micrantha
2790,PR29,16,PR29-16,Cannabaceae,Trema,Trema_micrantha
2791,PR29,17,PR29-17,Fabaceae,Inga,Inga_oerstediana
2792,PR29,18,PR29-18,Cannabaceae,Trema,Trema_micrantha
2793,PR29,19,PR29-19,Cannabaceae,Trema,Trema_micrantha
2794,PR29,20,PR29-20,Cannabaceae,Trema,Trema_micrantha
2795,PR29,21,PR29-21,Cannabaceae,Trema,Trema_micrantha
2796,PR29,22,PR29-22,Cannabaceae,Trema,Trema_micrantha
2797,PR29,23,PR29-23,Cannabaceae,Trema,Trema_micrantha
2798,PR29,24,PR29-24,Cannabaceae,Trema,Trema_micrantha
2799,PR29,25,PR29-25,Cannabaceae,Trema,Trema_micrantha
2800,PR29,26,PR29-26,Melastomataceae,Miconia,Miconia_conocuatrecasii
2801,PR29,27,PR29-27,Cannabaceae,Trema,Trema_micrantha
2802,PR29,28,PR29-28,Urticaceae,Cecropia,Cecropia_hispidissima
2803,PR29,29,PR29-29,Cannabaceae,Trema,Trema_micrantha
2804,PR29,30,PR29-30,Cannabaceae,Trema,Trema_micrantha
2805,PR29,31,PR29-31,Asteraceae,Vernonanthura,Vernonanthura_patens
2806,PR29,32,PR29-32,Cannabaceae,Trema,Trema_micrantha
2807,PR29,33,PR29-33,Cordiaceae,Cordia,Cordia_alliodora
2808,PR29,34,PR29-34,Cannabaceae,Trema,Trema_micrantha
2809,PR29,35,PR29-35,Cannabaceae,Trema,Trema_micrantha
2810,PR29,36,PR29-36,Cannabaceae,Trema,Trema_micrantha
2811,PR29,37,PR29-37,Cannabaceae,Trema,Trema_micrantha
2812,PR29,38,PR29-38,Cannabaceae,Trema,Trema_micrantha
2813,PR29,39,PR29-39,Cannabaceae,Trema,Trema_micrantha
2814,PR29,40,PR29-40,Cannabaceae,Trema,Trema_micrantha
2815,PR29,41,PR29-41,Melastomataceae,Miconia,Miconia_conocuatrecasii
2816,PR29,42,PR29-42,Cannabaceae,Trema,Trema_micrantha
2817,PR29,43,PR29-43,Fabaceae,Inga,Inga_oerstediana
2818,PR29,44,PR29-44,Fabaceae,Inga,Inga_oerstediana
2819,PR29,45,PR29-45,Fabaceae,Inga,Inga_oerstediana
2820,PR29,46,PR29-46,Rubiaceae,Isertia,Isertia_pittieri
2821,PR29,47,PR29-47,Cannabaceae,Trema,Trema_micrantha
2822,PR29,48,PR29-48,Myristicaceae,Virola,Virola_reidii
2823,PR29,49,PR29-49,Melastomataceae,Miconia,Miconia_conocuatrecasii
2824,PR29,50,PR29-50,Cannabaceae,Trema,Trema_micrantha
2825,PR29,51,PR29-51,Cannabaceae,Trema,Trema_micrantha
2826,PR29,52,PR29-52,Cannabaceae,Trema,Trema_micrantha
2827,PR29,53,PR29-53,Melastomataceae,Miconia,Miconia_conocuatrecasii
2828,PR29,54,PR29-54,Melastomataceae,Miconia,Miconia_conocuatrecasii
2829,PR29,55,PR29-55,Melastomataceae,Miconia,Miconia_'grande'
2830,PR29,56,PR29-56,Myristicaceae,Virola,Virola_reidii
2831,PR29,57,PR29-57,Moraceae,Ficus,Ficus_brevibracteata
2832,PR29,58,PR29-58,Malvaceae,Theobroma,Theobroma_cacao
2833,PR29,59,PR29-59,Rubiaceae,Guettarda,Guettarda_sanblasensis
2834,PR29,60,PR29-60,Fabaceae,Inga,Inga_oerstediana
2835,PR29,61,PR29-61,Rubiaceae,Isertia,Isertia_pittieri
2836,PR29,62,PR29-62,Urticaceae,Cecropia,Cecropia_hispidissima
2837,PR29,63,PR29-63,Cannabaceae,Trema,Trema_micrantha
2838,PR29,64,PR29-64,Melastomataceae,Miconia,Miconia_'grande'
2839,PR29,65,PR29-65,Cannabaceae,Trema,Trema_micrantha
2840,PR29,66,PR29-66,Cannabaceae,Trema,Trema_micrantha
2841,PR29,67,PR29-67,Cannabaceae,Trema,Trema_micrantha
2842,PR29,68,PR29-68,Cannabaceae,Trema,Trema_micrantha
2843,PR29,69,PR29-69,Cannabaceae,Trema,Trema_micrantha
2844,PR29,70,PR29-70,Malvaceae,Theobroma,Theobroma_cacao
2845,PR29,71,PR29-71,Cannabaceae,Trema,Trema_micrantha
2846,PR29,72,PR29-72,Cannabaceae,Trema,Trema_micrantha
2847,PR29,73,PR29-73,Cannabaceae,Trema,Trema_micrantha
2848,PR29,74,PR29-74,Melastomataceae,Miconia,Miconia_'grande'
2849,PR29,75,PR29-75,Cannabaceae,Trema,Trema_micrantha
2850,PR29,76,PR29-76,Cannabaceae,Trema,Trema_micrantha
2851,PR29,77,PR29-77,Cannabaceae,Trema,Trema_micrantha
2852,PR29,78,PR29-78,Cannabaceae,Trema,Trema_micrantha
2853,PR29,79,PR29-79,Cannabaceae,Trema,Trema_micrantha
2854,PR29,80,PR29-80,Cannabaceae,Trema,Trema_micrantha
2855,PR29,81,PR29-81,Cannabaceae,Trema,Trema_micrantha
2856,PR29,82,PR29-82,Cannabaceae,Trema,Trema_micrantha
2857,PR29,83,PR29-83,Cannabaceae,Trema,Trema_micrantha
2858,PR29,84,PR29-84,Cannabaceae,Trema,Trema_micrantha
2859,PR29,85,PR29-85,Rubiaceae,Isertia,Isertia_pittieri
2860,PR29,86,PR29-86,Melastomataceae,Miconia,Miconia_'grande'
2861,PR29,87,PR29-87,Cannabaceae,Trema,Trema_micrantha
2862,PR29,88,PR29-88,Cannabaceae,Trema,Trema_micrantha
2863,PR29,89,PR29-89,Cannabaceae,Trema,Trema_micrantha
2864,PR29,90,PR29-90,Cannabaceae,Trema,Trema_micrantha
2865,PR29,91,PR29-91,Cannabaceae,Trema,Trema_micrantha
2866,PR29,92,PR29-92,Cannabaceae,Trema,Trema_micrantha
2867,PR29,93,PR29-93,Cannabaceae,Trema,Trema_micrantha
2868,PR29,94,PR29-94,Cannabaceae,Trema,Trema_micrantha
2869,PR29,95,PR29-95,Cannabaceae,Trema,Trema_micrantha
2870,PR29,96,PR29-96,Cannabaceae,Trema,Trema_micrantha
2871,PR29,97,PR29-97,Cannabaceae,Trema,Trema_micrantha
2872,PR29,98,PR29-98,Cannabaceae,Trema,Trema_micrantha
2873,PR29,99,PR29-99,Cannabaceae,Trema,Trema_micrantha
2874,PR29,100,PR29-100,Urticaceae,Cecropia,Cecropia_hispidissima
2875,PR29,101,PR29-101,Cannabaceae,Trema,Trema_micrantha
2876,PR29,102,PR29-102,Cannabaceae,Trema,Trema_micrantha
2877,PR29,103,PR29-103,Cannabaceae,Trema,Trema_micrantha
2878,PR29,104,PR29-104,Cannabaceae,Trema,Trema_micrantha
2879,PR29,105,PR29-105,Cannabaceae,Trema,Trema_micrantha
2880,PR29,106,PR29-106,Cannabaceae,Trema,Trema_micrantha
2881,PR29,107,PR29-107,Cannabaceae,Trema,Trema_micrantha
2882,PR29,108,PR29-108,Cannabaceae,Trema,Trema_micrantha
2883,PR29,109,PR29-109,Cannabaceae,Trema,Trema_micrantha
2884,PR29,110,PR29-110,Melastomataceae,Miconia,Miconia_conocuatrecasii
2885,PR29,111,PR29-111,Cannabaceae,Trema,Trema_micrantha
2886,PR29,112,PR29-112,Cannabaceae,Trema,Trema_micrantha
2887,PR29,113,PR29-113,Cannabaceae,Trema,Trema_micrantha
2888,PR29,114,PR29-114,Cannabaceae,Trema,Trema_micrantha
2889,PR29,115,PR29-115,Cannabaceae,Trema,Trema_micrantha
2890,PR29,116,PR29-116,Cannabaceae,Trema,Trema_micrantha
2891,PR29,117,PR29-117,Cannabaceae,Trema,Trema_micrantha
2892,PR29,118,PR29-118,Urticaceae,Cecropia,Cecropia_hispidissima
2893,PR29,119,PR29-119,Cannabaceae,Trema,Trema_micrantha
2894,PR29,120,PR29-120,Asteraceae,Vernonanthura,Vernonanthura_patens
2895,PR29,121,PR29-121,Cannabaceae,Trema,Trema_micrantha
2896,PR29,122,PR29-122,Cannabaceae,Trema,Trema_micrantha
2897,PR29,123,PR29-123,Myristicaceae,Virola,Virola_reidii
2898,PR29,124,PR29-124,Cannabaceae,Trema,Trema_micrantha
2899,PR29,125,PR29-125,Rubiaceae,Isertia,Isertia_pittieri
2900,PR29,126,PR29-126,Cordiaceae,Cordia,Cordia_alliodora
2901,PR29,127,PR29-127,Melastomataceae,Miconia,Miconia_'grande'
2902,PR29,128,PR29-128,Lauraceae,Ocotea,Ocotea_insularis
2903,PR29,129,PR29-129,Moraceae,Ficus,Ficus_brevibracteata
2904,PR29,130,PR29-130,Rubiaceae,Isertia,Isertia_pittieri
2905,PR29,131,PR29-131,Hypericaceae,Vismia,Vismia_baccifera
2906,PR29,132,PR29-132,Cannabaceae,Trema,Trema_micrantha
2907,CR13,1,CR13-1,Malvaceae,Theobroma,Theobroma_cacao
2908,CR13,2,CR13-2,Rutaceae,Citrus,Citrus_X_Sinensis
2909,CR13,3,CR13-3,Malvaceae,Theobroma,Theobroma_cacao
2910,CR13,4,CR13-4,Malvaceae,Theobroma,Theobroma_cacao
2911,CR13,5,CR13-5,Malvaceae,Theobroma,Theobroma_cacao
2912,CR13,6,CR13-6,Malvaceae,Theobroma,Theobroma_cacao
2913,CR13,7,CR13-7,Malvaceae,Theobroma,Theobroma_cacao
2914,CR13,8,CR13-8,Malvaceae,Theobroma,Theobroma_cacao
2915,CR13,9,CR13-9,Malvaceae,Theobroma,Theobroma_cacao
2916,CR13,10,CR13-10,Malvaceae,Theobroma,Theobroma_cacao
2917,CR13,11,CR13-11,Lauraceae,Caryodaphnopsis,Caryodaphnopsis_theobromifolia
2918,CR13,12,CR13-12,Malvaceae,Theobroma,Theobroma_cacao
2919,CR13,13,CR13-13,Malvaceae,Theobroma,Theobroma_cacao
2920,CR13,14,CR13-14,Malvaceae,Theobroma,Theobroma_cacao
2921,CR13,15,CR13-15,Malvaceae,Theobroma,Theobroma_cacao
2922,CR13,16,CR13-16,Malvaceae,Theobroma,Theobroma_cacao
2923,CR13,17,CR13-17,Malvaceae,Theobroma,Theobroma_cacao
2924,CR13,18,CR13-18,Myristicaceae,Otoba,Otoba_novogranatensis
2925,CR13,19,CR13-19,Malvaceae,Theobroma,Theobroma_cacao
2926,CR13,20,CR13-20,Malvaceae,Theobroma,Theobroma_cacao
2927,CR13,21,CR13-21,Malvaceae,Theobroma,Theobroma_cacao
2928,CR13,22,CR13-22,Myristicaceae,Otoba,Otoba_novogranatensis
2929,CR13,23,CR13-23,Malvaceae,Theobroma,Theobroma_cacao
2930,CR13,24,CR13-24,Malvaceae,Theobroma,Theobroma_cacao
2931,CR13,25,CR13-25,Myristicaceae,Virola,Virola_reidii
2932,CR13,26,CR13-26,Myristicaceae,Otoba,Otoba_novogranatensis
2933,CR13,27,CR13-27,Myristicaceae,Otoba,Otoba_novogranatensis
2934,CR13,28,CR13-28,Malvaceae,Theobroma,Theobroma_cacao
2935,CR13,29,CR13-29,Malvaceae,Theobroma,Theobroma_cacao
2936,CR13,30,CR13-30,Malvaceae,Theobroma,Theobroma_cacao
2937,CR13,31,CR13-31,Malvaceae,Theobroma,Theobroma_cacao
2938,CR13,32,CR13-32,Malvaceae,Theobroma,Theobroma_cacao
2939,CR13,33,CR13-33,Malvaceae,Theobroma,Theobroma_cacao
2940,CR13,34,CR13-34,Malvaceae,Theobroma,Theobroma_cacao
2941,CR13,35,CR13-35,Malvaceae,Theobroma,Theobroma_cacao
2942,CR13,36,CR13-36,Malvaceae,Theobroma,Theobroma_cacao
2943,CR13,37,CR13-37,Malvaceae,Theobroma,Theobroma_cacao
2944,CR13,38,CR13-38,Malvaceae,Theobroma,Theobroma_cacao
2945,CR13,39,CR13-39,Lauraceae,Caryodaphnopsis,Caryodaphnopsis_theobromifolia
2946,CR13,40,CR13-40,Malvaceae,Theobroma,Theobroma_cacao
2947,CR13,41,CR13-41,Malvaceae,Theobroma,Theobroma_cacao
2948,CR13,42,CR13-42,Malvaceae,Theobroma,Theobroma_cacao
2949,CR13,43,CR13-43,Malvaceae,Theobroma,Theobroma_cacao
2950,CR13,44,CR13-44,Malvaceae,Theobroma,Theobroma_cacao
2951,CR13,45,CR13-45,Malvaceae,Theobroma,Theobroma_cacao
2952,CR13,46,CR13-46,Malvaceae,Theobroma,Theobroma_cacao
2953,CR13,47,CR13-47,Myristicaceae,Otoba,Otoba_novogranatensis
2954,CR13,48,CR13-48,Urticaceae,Cecropia,Cecropia_insignis
2955,CR13,49,CR13-49,Fabaceae,Inga,Inga_oerstediana
2956,CR13,50,CR13-50,Malvaceae,Quararibea,Quararibea_grandifolia
2957,CR13,51,CR13-51,Urticaceae,Cecropia,Cecropia_insignis
2958,CR13,52,CR13-52,Urticaceae,Cecropia,Cecropia_insignis
2959,CR13,53,CR13-53,Sapindaceae,Allophylus,Allophylus_dodsonii
2960,CR13,54,CR13-54,Meliaceae,Carapa,Carapa_guianensis
2961,CR13,55,CR13-55,Lecythidaceae,Grias,Grias_peruviana
2962,CR13,56,CR13-56,Malvaceae,Theobroma,Theobroma_cacao
2963,CR13,57,CR13-57,Meliaceae,Carapa,Carapa_guianensis
2964,CR13,58,CR13-58,Malvaceae,Theobroma,Theobroma_cacao
2965,CR13,59,CR13-59,Malvaceae,Theobroma,Theobroma_cacao
2966,CR13,60,CR13-60,Malvaceae,Theobroma,Theobroma_cacao
2967,CR13,61,CR13-61,Myristicaceae,Otoba,Otoba_novogranatensis
2968,CR13,62,CR13-62,Malvaceae,Theobroma,Theobroma_cacao
2969,CR13,63,CR13-63,Malvaceae,Theobroma,Theobroma_cacao
2970,CR13,64,CR13-64,Myristicaceae,Otoba,Otoba_novogranatensis
2971,CR13,65,CR13-65,Malvaceae,Theobroma,Theobroma_cacao
2972,CR13,66,CR13-66,Malvaceae,Theobroma,Theobroma_cacao
2973,CR13,67,CR13-67,Malvaceae,Theobroma,Theobroma_cacao
2974,CR13,68,CR13-68,Malvaceae,Theobroma,Theobroma_cacao
2975,CR13,69,CR13-69,Malvaceae,Theobroma,Theobroma_cacao
2976,CR13,70,CR13-70,Malvaceae,Theobroma,Theobroma_cacao
2977,CR13,71,CR13-71,Malvaceae,Theobroma,Theobroma_cacao
2978,CR13,72,CR13-72,Malvaceae,Theobroma,Theobroma_cacao
2979,CR13,73,CR13-73,Malvaceae,Theobroma,Theobroma_cacao
2980,CR13,74,CR13-74,Myristicaceae,Otoba,Otoba_novogranatensis
2981,CR13,75,CR13-75,Malvaceae,Theobroma,Theobroma_cacao
2982,CR13,76,CR13-76,Malvaceae,Theobroma,Theobroma_cacao
2983,CR13,77,CR13-77,Malvaceae,Theobroma,Theobroma_cacao
2984,CR13,78,CR13-78,Malvaceae,Theobroma,Theobroma_cacao
2985,CR13,79,CR13-79,Malvaceae,Theobroma,Theobroma_cacao
2986,CR13,80,CR13-80,Caricaceae,Carica,Carica_papaya
2987,CR13,81,CR13-81,Malvaceae,Theobroma,Theobroma_cacao
2988,CR13,82,CR13-82,Malvaceae,Theobroma,Theobroma_cacao
2989,CR13,83,CR13-83,Malvaceae,Theobroma,Theobroma_cacao
2990,CR13,84,CR13-84,Malvaceae,Theobroma,Theobroma_cacao
2991,PR30,1,PR30-1,Melastomataceae,Miconia,Miconia_conocuatrecasii
2992,PR30,2,PR30-2,Rubiaceae,Palicourea,Palicourea_chimboracensis
2993,PR30,3,PR30-3,Cannabaceae,Trema,Trema_micrantha
2994,PR30,4,PR30-4,Melastomataceae,Miconia,Miconia_'grande'
2995,PR30,5,PR30-5,Cannabaceae,Trema,Trema_micrantha
2996,PR30,6,PR30-6,Fabaceae,Inga,Inga_oerstediana
2997,PR30,7,PR30-7,Lamiaceae,Aegiphila,Aegiphila_alba
2998,PR30,8,PR30-8,Bignoniaceae,Jacaranda,Jacaranda_copaia
2999,PR30,9,PR30-9,Cannabaceae,Trema,Trema_micrantha
3000,PR30,10,PR30-10,Fabaceae,Inga,Inga_oerstediana
3001,PR30,11,PR30-11,Hypericaceae,Vismia,Vismia_baccifera
3002,PR30,12,PR30-12,Lauraceae,Licaria,Licaria_canella
3003,PR30,13,PR30-13,Hypericaceae,Vismia,Vismia_baccifera
3004,PR30,14,PR30-14,Bignoniaceae,Jacaranda,Jacaranda_copaia
3005,PR30,15,PR30-15,Cannabaceae,Trema,Trema_micrantha
3006,PR30,16,PR30-16,Cannabaceae,Trema,Trema_micrantha
3007,PR30,17,PR30-17,Cannabaceae,Trema,Trema_micrantha
3008,PR30,18,PR30-18,Arecaceae,Wettinia,Wettinia_quinaria
3009,PR30,19,PR30-19,Melastomataceae,Miconia,Miconia_'grande'
3010,PR30,20,PR30-20,Meliaceae,Ruagea,Ruagea_insignis
3011,PR30,21,PR30-21,Melastomataceae,Miconia,Miconia_conocuatrecasii
3012,PR30,22,PR30-22,Melastomataceae,Miconia,Miconia_conocuatrecasii
3013,PR30,23,PR30-23,Melastomataceae,Miconia,Miconia_conocuatrecasii
3014,PR30,24,PR30-24,Arecaceae,Astrocaryum,Astrocaryum_standleyanum
3015,PR30,25,PR30-25,Rubiaceae,Palicourea,Palicourea_chimboracensis
3016,PR30,26,PR30-26,Cannabaceae,Trema,Trema_micrantha
3017,PR30,27,PR30-27,Cannabaceae,Trema,Trema_micrantha
3018,PR30,28,PR30-28,Cannabaceae,Trema,Trema_micrantha
3019,PR30,29,PR30-29,Cannabaceae,Trema,Trema_micrantha
3020,PR30,30,PR30-30,Cannabaceae,Trema,Trema_micrantha
3021,PR30,31,PR30-31,Rubiaceae,Palicourea,Palicourea_chimboracensis
3022,PR30,32,PR30-32,Melastomataceae,Miconia,Miconia_conocuatrecasii
3023,PR30,33,PR30-33,Melastomataceae,Miconia,Miconia_conocuatrecasii
3024,PR30,34,PR30-34,Melastomataceae,Miconia,Miconia_conocuatrecasii
3025,PR30,35,PR30-35,NA,NA,NA
3026,PR30,36,PR30-36,Euphorbiaceae,Alchornea,Alchornea_costaricensis
3027,PR30,37,PR30-37,Melastomataceae,Miconia,Miconia_conocuatrecasii
3028,PR30,38,PR30-38,Lamiaceae,Aegiphila,Aegiphila_alba
3029,PR30,39,PR30-39,Fabaceae,Inga,Inga_chocoensis
3030,PR30,40,PR30-40,Polygonaceae,Triplaris,Triplaris_cumingiana
3031,PR30,41,PR30-41,Hypericaceae,Vismia,Vismia_baccifera
3032,PR30,42,PR30-42,Urticaceae,Cecropia,Cecropia_hispidissima
3033,PR30,43,PR30-43,Fabaceae,Inga,Inga_oerstediana
3034,PR30,44,PR30-44,Staphyleaceae,Turpinia,Turpinia_occidentalis
3035,PR30,45,PR30-45,Melastomataceae,Miconia,Miconia_conocuatrecasii
3036,PR30,46,PR30-46,Melastomataceae,Miconia,Miconia_conocuatrecasii
3037,PR30,47,PR30-47,Myristicaceae,Virola,Virola_reidii
3038,PR30,48,PR30-48,Hypericaceae,Vismia,Vismia_baccifera
3039,PR30,49,PR30-49,Urticaceae,Cecropia,Cecropia_insignis
3040,PR30,50,PR30-50,Melastomataceae,Miconia,Miconia_'grande'
3041,PR30,51,PR30-51,Myristicaceae,Otoba,Otoba_novogranatensis
3042,PR30,52,PR30-52,Cannabaceae,Trema,Trema_micrantha
3043,PR30,53,PR30-53,Cannabaceae,Trema,Trema_micrantha
3044,PR30,54,PR30-54,Melastomataceae,Miconia,Miconia_'grande'
3045,PR30,55,PR30-55,Melastomataceae,Miconia,Miconia_'grande'
3046,PR30,56,PR30-56,Cyatheaceae,Cyathea,Cyathea_sp.1
3047,PR30,57,PR30-57,Cannabaceae,Trema,Trema_micrantha
3048,PR30,58,PR30-58,Melastomataceae,Miconia,Miconia_'grande'
3049,PR30,59,PR30-59,Meliaceae,Ruagea,Ruagea_insignis
3050,PR30,60,PR30-60,Hypericaceae,Vismia,Vismia_baccifera
3051,PR30,61,PR30-61,Malvaceae,Apeiba,Apeiba_membranacea
3052,PR30,62,PR30-62,Melastomataceae,Miconia,Miconia_'grande'
3053,PR30,63,PR30-63,Urticaceae,Cecropia,Cecropia_hispidissima
3054,PR30,64,PR30-64,Melastomataceae,Miconia,Miconia_'grande'
3055,PR30,65,PR30-65,Urticaceae,Cecropia,Cecropia_insignis
3056,PR30,66,PR30-66,Hypericaceae,Vismia,Vismia_baccifera
3057,PR30,67,PR30-67,Urticaceae,Cecropia,Cecropia_insignis
3058,PR30,68,PR30-68,Urticaceae,Cecropia,Cecropia_insignis
3059,PR30,69,PR30-69,Lauraceae,Ocotea,Ocotea_insularis
3060,PR30,70,PR30-70,Lamiaceae,Aegiphila,Aegiphila_alba
3061,PR30,71,PR30-71,Urticaceae,Cecropia,Cecropia_insignis
3062,PR30,72,PR30-72,Urticaceae,Cecropia,Cecropia_insignis
3063,PR30,73,PR30-73,Hypericaceae,Vismia,Vismia_baccifera
3064,PR30,74,PR30-74,Asteraceae,Vernonanthura,Vernonanthura_patens
3065,PR30,75,PR30-75,Urticaceae,Cecropia,Cecropia_insignis
3066,PR30,76,PR30-76,Melastomataceae,Miconia,Miconia_'grande'
3067,PR30,77,PR30-77,Arecaceae,Iriartea,Iriartea_deltoidea
3068,PR30,78,PR30-78,Urticaceae,Cecropia,Cecropia_hispidissima
3069,PR30,79,PR30-79,Urticaceae,Cecropia,Cecropia_hispidissima
3070,PR30,80,PR30-80,Cyatheaceae,Cyathea,Cyathea_sp.1
3071,PR30,81,PR30-81,Cannabaceae,Trema,Trema_micrantha
3072,PR30,82,PR30-82,Cannabaceae,Trema,Trema_micrantha
3073,PR30,83,PR30-83,Urticaceae,Cecropia,Cecropia_hispidissima
3074,PR30,84,PR30-84,Melastomataceae,Miconia,Miconia_conocuatrecasii
3075,PR30,85,PR30-85,Melastomataceae,Miconia,Miconia_conocuatrecasii
3076,PR30,86,PR30-86,Cannabaceae,Trema,Trema_micrantha
3077,PR30,87,PR30-87,Melastomataceae,Miconia,Miconia_conocuatrecasii
3078,PR30,88,PR30-88,Melastomataceae,Miconia,Miconia_conocuatrecasii
3079,PR30,89,PR30-89,Melastomataceae,Miconia,Miconia_conocuatrecasii
3080,PR30,90,PR30-90,Moraceae,Ficus,Ficus_maxima
3081,PR30,91,PR30-91,Melastomataceae,Miconia,Miconia_conocuatrecasii
3082,PR30,92,PR30-92,Lamiaceae,Aegiphila,Aegiphila_alba
3083,PR30,93,PR30-93,Rubiaceae,Palicourea,Palicourea_chimboracensis
3084,PR30,94,PR30-94,Melastomataceae,Miconia,Miconia_conocuatrecasii
3085,PR30,95,PR30-95,Melastomataceae,Miconia,Miconia_conocuatrecasii
3086,PR30,96,PR30-96,Melastomataceae,Miconia,Miconia_conocuatrecasii
3087,PR30,97,PR30-97,Melastomataceae,Miconia,Miconia_'grande'
3088,PR30,98,PR30-98,Myristicaceae,Virola,Virola_reidii
3089,PR30,99,PR30-99,Melastomataceae,Miconia,Miconia_conocuatrecasii
3090,PR30,100,PR30-100,Melastomataceae,Miconia,Miconia_'grande'
3091,PR30,101,PR30-101,Lamiaceae,Aegiphila,Aegiphila_alba
3092,PR30,102,PR30-102,Fabaceae,Inga,Inga_oerstediana
3093,PR30,103,PR30-103,Cannabaceae,Trema,Trema_micrantha
3094,PR30,104,PR30-104,Cannabaceae,Trema,Trema_micrantha
3095,PR30,105,PR30-105,Rubiaceae,Palicourea,Palicourea_chimboracensis
3096,PR30,106,PR30-106,Lamiaceae,Aegiphila,Aegiphila_alba
3097,PR30,107,PR30-107,Cannabaceae,Trema,Trema_micrantha
3098,PR30,108,PR30-108,Salicaceae,Banara,Banara_guianensis
3099,PR30,109,PR30-109,Asteraceae,Vernonanthura,Vernonanthura_patens
3100,PR30,110,PR30-110,Schlegeliaceae,Exarata,Exarata_chocoensis
3101,PR30,111,PR30-111,Salicaceae,Banara,Banara_guianensis
3102,PR30,112,PR30-112,Urticaceae,Cecropia,Cecropia_insignis
3103,PR30,113,PR30-113,Lamiaceae,Aegiphila,Aegiphila_alba
3104,PR30,114,PR30-114,Cannabaceae,Trema,Trema_micrantha
3105,PR30,115,PR30-115,Salicaceae,Banara,Banara_guianensis
3106,PR30,116,PR30-116,Cannabaceae,Trema,Trema_micrantha
3107,PR30,117,PR30-117,Cannabaceae,Trema,Trema_micrantha
3108,PR30,118,PR30-118,Cannabaceae,Trema,Trema_micrantha
3109,PR30,119,PR30-119,Cannabaceae,Trema,Trema_micrantha
3110,PR30,120,PR30-120,Urticaceae,Cecropia,Cecropia_insignis
3111,PR30,121,PR30-121,Urticaceae,Cecropia,Cecropia_hispidissima
3112,PR30,122,PR30-122,Asteraceae,Vernonanthura,Vernonanthura_patens
3113,PR30,123,PR30-123,Lamiaceae,Aegiphila,Aegiphila_alba
3114,PR30,124,PR30-124,Cannabaceae,Trema,Trema_micrantha
3115,PR30,125,PR30-125,Melastomataceae,Miconia,Miconia_conocuatrecasii
3116,PR33,1,PR33-1,Cannabaceae,Trema,Trema_micrantha
3117,PR33,2,PR33-2,Rubiaceae,Isertia,Isertia_pittieri
3118,PR33,3,PR33-3,Fabaceae,Inga,Inga_oerstediana
3119,PR33,4,PR33-4,Cyatheaceae,Cyathea,Cyathea_sp.1
3120,PR33,5,PR33-5,Urticaceae,Cecropia,Cecropia_insignis
3121,PR33,6,PR33-6,Cannabaceae,Trema,Trema_micrantha
3122,PR33,7,PR33-7,Cannabaceae,Trema,Trema_micrantha
3123,PR33,8,PR33-8,Cannabaceae,Trema,Trema_micrantha
3124,PR33,9,PR33-9,Melastomataceae,Miconia,Miconia_'grande'
3125,PR33,10,PR33-10,Moraceae,Brosimum,Brosimum_utile
3126,PR33,11,PR33-11,Malvaceae,Ochroma,Ochroma_pyramidale
3127,PR33,12,PR33-12,Rubiaceae,Isertia,Isertia_pittieri
3128,PR33,13,PR33-13,Fabaceae,Inga,Inga_chocoensis
3129,PR33,14,PR33-14,Fabaceae,Inga,Inga_chocoensis
3130,PR33,15,PR33-15,Cannabaceae,Trema,Trema_micrantha
3131,OG47,1,OG47-1,Urticaceae,Pourouma,Pourouma_guianensis
3132,OG47,2,OG47-2,Myristicaceae,Otoba,Otoba_novogranatensis
3133,OG47,3,OG47-3,Arecaceae,Prestoea,Prestoea_ensiformis
3134,OG47,4,OG47-4,Rubiaceae,Coussarea,Coussarea_latifolia
3135,OG47,5,OG47-5,Sapindaceae,Allophylus,Allophylus_dodsonii
3136,OG47,6,OG47-6,Fabaceae,Bauhinia,Bauhinia_pichinchensis
3137,OG47,7,OG47-7,Fabaceae,Swartzia,Swartzia_haughtii
3138,OG47,8,OG47-8,Myristicaceae,Otoba,Otoba_novogranatensis
3139,OG47,9,OG47-9,Violaceae,Fusispermum,Fusispermum_minutiflorum
3140,OG47,10,OG47-10,Arecaceae,Wettinia,Wettinia_quinaria
3141,OG47,11,OG47-11,Burseraceae,Protium,Protium_ecuadorense
3142,OG47,12,OG47-12,Fabaceae,Inga,Inga_ruiziana
3143,OG47,13,OG47-13,Malvaceae,Phragmotheca,Phragmotheca_siderosa
3144,OG47,14,OG47-14,Dipentodontaceae,Perrottetia,Perrottetia_sessiliflora
3145,OG47,15,OG47-15,Arecaceae,Socratea,Socratea_exorrhiza
3146,OG47,16,OG47-16,Burseraceae,Dacryodes,Dacryodes_peruviana
3147,OG47,17,OG47-17,Fabaceae,Brownea,Brownea_multijuga
3148,OG47,18,OG47-18,Clusiaceae,Tovomita,Tovomita_weddelliana
3149,OG47,19,OG47-19,Rubiaceae,Coussarea,Coussarea_latifolia
3150,OG47,20,OG47-20,Urticaceae,Cecropia,Cecropia_insignis
3151,OG47,21,OG47-21,Lecythidaceae,Gustavia,Gustavia_speciosa
3152,OG47,22,OG47-22,Lauraceae,Caryodaphnopsis,Caryodaphnopsis_theobromifolia
3153,OG47,23,OG47-23,Arecaceae,Wettinia,Wettinia_quinaria
3154,OG47,24,OG47-24,Arecaceae,Pholidostachys,Pholidostachys_dactyloides
3155,OG47,25,OG47-25,Melastomataceae,Miconia,Miconia_conocuatrecasii
3156,OG47,26,OG47-26,Rubiaceae,Palicourea,Palicourea_palenquensis
3157,OG47,27,OG47-27,Arecaceae,Wettinia,Wettinia_quinaria
3158,OG47,28,OG47-28,Arecaceae,Wettinia,Wettinia_quinaria
3159,OG47,29,OG47-29,Simaroubaceae,Simarouba,Simarouba_amara
3160,OG47,30,OG47-30,NA,NA,NA
3161,OG47,31,OG47-31,Arecaceae,Pholidostachys,Pholidostachys_dactyloides
3162,OG47,32,OG47-32,Arecaceae,Prestoea,Prestoea_ensiformis
3163,OG47,33,OG47-33,Urticaceae,Cecropia,Cecropia_insignis
3164,OG47,34,OG47-34,Urticaceae,Cecropia,Cecropia_insignis
3165,OG47,35,OG47-35,Lecythidaceae,Eschweilera,Eschweilera_caudiculata
3166,OG47,36,OG47-36,Myristicaceae,Compsoneura,Compsoneura_atopa
3167,OG47,37,OG47-37,Fabaceae,Inga,Inga_ruiziana
3168,OG47,38,OG47-38,Arecaceae,Pholidostachys,Pholidostachys_dactyloides
3169,OG47,39,OG47-39,Arecaceae,Wettinia,Wettinia_quinaria
3170,OG47,40,OG47-40,Salicaceae,Casearia,Casearia_arborea
3171,OG47,41,OG47-41,Euphorbiaceae,Croton,Croton_tessmannii
3172,OG47,42,OG47-42,Melastomataceae,Miconia,Miconia_laxivenula
3173,OG47,43,OG47-43,Nyctaginaceae,Neea,Neea_parviflora
3174,OG47,44,OG47-44,Lauraceae,NA,NA
3175,OG47,45,OG47-45,Malvaceae,Quararibea,Quararibea_grandifolia
3176,OG47,46,OG47-46,Malvaceae,Quararibea,Quararibea_grandifolia
3177,OG47,47,OG47-47,NA,NA,NA
3178,OG47,48,OG47-48,Fabaceae,Inga,Inga_chocoensis
3179,OG47,49,OG47-49,Meliaceae,Carapa,Carapa_guianensis
3180,OG47,50,OG47-50,Lecythidaceae,Gustavia,Gustavia_speciosa
3181,OG47,51,OG47-51,Rubiaceae,Pentagonia,Pentagonia_macrophylla
3182,OG47,52,OG47-52,Myristicaceae,Otoba,Otoba_novogranatensis
3183,OG47,53,OG47-53,Myristicaceae,Otoba,Otoba_novogranatensis
3184,OG47,54,OG47-54,Caricaceae,Jacaratia,Jacaratia_spinosa
3185,OG47,55,OG47-55,Myristicaceae,Otoba,Otoba_novogranatensis
3186,OG47,56,OG47-56,Lauraceae,Nectandra,Nectandra_tomentosa
3187,OG47,57,OG47-57,Lauraceae,Nectandra,Nectandra_guadaripo
3188,OG47,58,OG47-58,Myristicaceae,Virola,Virola_reidii
3189,OG47,59,OG47-59,Fabaceae,Brownea,Brownea_multijuga
3190,OG47,60,OG47-60,Myristicaceae,Compsoneura,Compsoneura_atopa
3191,OG47,61,OG47-61,Myristicaceae,Compsoneura,Compsoneura_atopa
3192,OG47,62,OG47-62,Lauraceae,Nectandra,Nectandra_guadaripo
3193,OG47,63,OG47-63,Myristicaceae,Otoba,Otoba_novogranatensis
3194,OG47,64,OG47-64,Burseraceae,Dacryodes,Dacryodes_peruviana
3195,OG47,65,OG47-65,Arecaceae,Wettinia,Wettinia_quinaria
3196,OG47,66,OG47-66,Lauraceae,Nectandra,Nectandra_guadaripo
3197,OG47,67,OG47-67,Lecythidaceae,Grias,Grias_peruviana
3198,OG47,68,OG47-68,Lecythidaceae,Gustavia,Gustavia_speciosa
3199,OG47,69,OG47-69,Myristicaceae,Otoba,Otoba_novogranatensis
3200,OG47,70,OG47-70,Myristicaceae,Otoba,Otoba_gracilipes
3201,OG47,71,OG47-71,Rubiaceae,Coussarea,Coussarea_latifolia
3202,OG47,72,OG47-72,Fabaceae,Brownea,Brownea_multijuga
3203,OG47,73,OG47-73,Malvaceae,Quararibea,Quararibea_grandifolia
3204,OG47,74,OG47-74,Malvaceae,Quararibea,Quararibea_grandifolia
3205,OG47,75,OG47-75,Salicaceae,Pleuranthodendron,Pleuranthodendron_lindenii
3206,OG47,76,OG47-76,Fabaceae,Inga,Inga_silanchensis
3207,OG47,77,OG47-77,Meliaceae,Carapa,Carapa_guianensis
3208,OG47,78,OG47-78,Arecaceae,Wettinia,Wettinia_quinaria
3209,OG47,79,OG47-79,Myristicaceae,Otoba,Otoba_novogranatensis
3210,OG47,80,OG47-80,Capparaceae,Capparidastrum,Capparidastrum_bonifazianum
3211,OG47,81,OG47-81,Lauraceae,Nectandra,Nectandra_guadaripo
3212,OG47,82,OG47-82,Lauraceae,Nectandra,Nectandra_guadaripo
3213,OG47,83,OG47-83,Clusiaceae,Chrysochlamys,Chrysochlamys_macrophylla
3214,OG47,84,OG47-84,Burseraceae,Protium,Protium_colombianum
3215,OG47,85,OG47-85,Arecaceae,Prestoea,Prestoea_ensiformis
3216,OG47,86,OG47-86,Arecaceae,Socratea,Socratea_exorrhiza
3217,OG47,87,OG47-87,Melastomataceae,Miconia,Miconia_'grande'
3218,OG47,88,OG47-88,Arecaceae,Wettinia,Wettinia_quinaria
3219,OG47,89,OG47-89,Clusiaceae,Garcinia,Garcinia_OG47-89
3220,OG47,90,OG47-90,Polygonaceae,Coccoloba,Coccoloba_mollis
3221,OG47,91,OG47-91,Lecythidaceae,Grias,Grias_peruviana
3222,OG47,92,OG47-92,Myristicaceae,Otoba,Otoba_novogranatensis
3223,OG47,93,OG47-93,Myristicaceae,Otoba,Otoba_novogranatensis
3224,OG47,94,OG47-94,Chrysobalanaceae,Licania,Licania_octandra
3225,OG47,95,OG47-95,Burseraceae,Protium,Protium_ecuadorense
3226,OG47,96,OG47-96,Quiinaceae,Quiina,Quiina_macrophylla
3227,OG47,97,OG47-97,Apocynaceae,Tabernaemontana,Tabernaemontana_amygdalifolia
3228,OG47,98,OG47-98,Fabaceae,Brownea,Brownea_multijuga
3229,OG47,99,OG47-99,Burseraceae,Dacryodes,Dacryodes_peruviana
3230,OG47,100,OG47-100,Myristicaceae,Otoba,Otoba_novogranatensis
3231,OG47,101,OG47-101,Myristicaceae,Otoba,Otoba_novogranatensis
3232,OG47,102,OG47-102,Arecaceae,Iriartea,Iriartea_deltoidea
3233,OG47,103,OG47-103,Salicaceae,Pleuranthodendron,Pleuranthodendron_lindenii
3234,OG47,104,OG47-104,Malvaceae,Quararibea,Quararibea_grandifolia
3235,OG47,105,OG47-105,Fabaceae,Bauhinia,Bauhinia_pichinchensis
3236,OG47,106,OG47-106,Myristicaceae,Otoba,Otoba_novogranatensis
3237,OG47,107,OG47-107,Myristicaceae,Otoba,Otoba_novogranatensis
3238,OG47,108,OG47-108,Malvaceae,Matisia,Matisia_giacomettoi
3239,OG47,109,OG47-109,Fabaceae,Bauhinia,Bauhinia_pichinchensis
3240,OG47,110,OG47-110,Meliaceae,Carapa,Carapa_guianensis
3241,OG47,112,OG47-112,Fabaceae,Brownea,Brownea_multijuga
3242,OG47,111,OG47-111,Burseraceae,Dacryodes,Dacryodes_olivifera
3243,OG47,113,OG47-113,Fabaceae,Inga,Inga_silanchensis
3244,OG47,114,OG47-114,Meliaceae,Trichilia,Trichilia_surinamensis
3245,OG47,115,OG47-115,Arecaceae,Wettinia,Wettinia_quinaria
3246,OG47,116,OG47-116,Myristicaceae,Compsoneura,Compsoneura_atopa
3247,OG47,117,OG47-117,Rubiaceae,Psychotria,Psychotria_sp.1
3248,OG47,118,OG47-118,Urticaceae,Pourouma,Pourouma_guianensis
3249,OG47,119,OG47-119,Melastomataceae,Miconia,Miconia_laxivenula
3250,OG47,120,OG47-120,Melastomataceae,Miconia,Miconia_laxivenula
3251,OG47,121,OG47-121,Melastomataceae,Miconia,Miconia_laxivenula
3252,OG47,122,OG47-122,Moraceae,Sorocea,Sorocea_jaramilloi
3253,OG47,123,OG47-123,Urticaceae,Cecropia,Cecropia_insignis
3254,OG47,124,OG47-124,Myrtaceae,Eugenia,Eugenia_crassimarginata
3255,OG47,125,OG47-125,Urticaceae,Cecropia,Cecropia_insignis
3256,OG47,126,OG47-126,Myristicaceae,Otoba,Otoba_novogranatensis
3257,OG47,127,OG47-127,Myristicaceae,Otoba,Otoba_novogranatensis
3258,OG47,128,OG47-128,Lecythidaceae,Gustavia,Gustavia_speciosa
3259,OG47,129,OG47-129,Melastomataceae,Miconia,Miconia_'grande'
3260,OG47,130,OG47-130,Urticaceae,Cecropia,Cecropia_insignis
3261,OG47,131,OG47-131,Lauraceae,Beilschmiedia,Beilschmiedia_costaricensis
3262,OG47,132,OG47-132,Rubiaceae,Faramea,Faramea_langlassei
3263,OG47,133,OG47-133,Melastomataceae,Miconia,Miconia_laxivenula
3264,OG47,134,OG47-134,Melastomataceae,Miconia,Miconia_laxivenula
3265,OG47,135,OG47-135,Myristicaceae,Otoba,Otoba_novogranatensis
3266,OG47,136,OG47-136,Fabaceae,Brownea,Brownea_multijuga
3267,OG47,137,OG47-137,Rubiaceae,Palicourea,Palicourea_chimboracensis
3268,OG47,138,OG47-138,Lecythidaceae,Gustavia,Gustavia_speciosa
3269,OG47,139,OG47-139,Primulaceae,Cybianthus,Cybianthus_kayapii
3270,OG47,140,OG47-140,Fabaceae,Bauhinia,Bauhinia_pichinchensis
3271,OG47,141,OG47-141,Myristicaceae,Virola,Virola_reidii
3272,OG47,142,OG47-142,Urticaceae,Cecropia,Cecropia_insignis
3273,OG47,143,OG47-143,Meliaceae,Trichilia,Trichilia_surinamensis
3274,OG47,144,OG47-144,Urticaceae,Cecropia,Cecropia_insignis
3275,OG47,145,OG47-145,Myristicaceae,Otoba,Otoba_novogranatensis
3276,OG47,146,OG47-146,Fabaceae,Andira,Andira_taurotesticulata
3277,OG47,147,OG47-147,Lauraceae,Nectandra,Nectandra_tomentosa
3278,OG47,148,OG47-148,Meliaceae,Trichilia,Trichilia_pallida
3279,OG47,149,OG47-149,Urticaceae,Cecropia,Cecropia_insignis
3280,OG47,150,OG47-150,Arecaceae,Wettinia,Wettinia_quinaria
3281,OG47,151,OG47-151,Capparaceae,Capparidastrum,Capparidastrum_bonifazianum
3282,OG47,152,OG47-152,Dichapetalaceae,Tapura,Tapura_coriaceae
3283,OG47,153,OG47-153,Salicaceae,Casearia,Casearia_mariquitensis
3284,OG47,154,OG47-154,Myristicaceae,Otoba,Otoba_novogranatensis
3285,OG47,155,OG47-155,Meliaceae,Trichilia,Trichilia_pallida
3286,OG47,156,OG47-156,NA,NA,NA
3287,OG47,157,OG47-157,Malvaceae,Apeiba,Apeiba_membranacea
3288,OG47,158,OG47-158,Myristicaceae,Otoba,Otoba_novogranatensis
3289,PR27,1,PR27-1,Melastomataceae,Miconia,Miconia_sp.4
3290,PR27,2,PR27-2,Euphorbiaceae,Conceveiba,Conceveiba_martiana
3291,PR27,3,PR27-3,Moraceae,Brosimum,Brosimum_guianense
3292,PR27,4,PR27-4,Lauraceae,Nectandra,Nectandra_guadaripo
3293,PR27,5,PR27-5,Myristicaceae,Virola,Virola_reidii
3294,PR27,6,PR27-6,Malvaceae,Apeiba,Apeiba_membranacea
3295,PR27,7,PR27-7,Myristicaceae,Virola,Virola_reidii
3296,PR27,8,PR27-8,Cannabaceae,Trema,Trema_micrantha
3297,PR27,9,PR27-9,Calophyllaceae,Marila,Marila_alternifolia
3298,PR27,10,PR27-10,Anacardiaceae,Mosquitoxylum,Mosquitoxylum_jamaicense
3299,PR27,11,PR27-11,Fabaceae,Inga,Inga_thibaudiana
3300,PR27,12,PR27-12,Fabaceae,Inga,Inga_thibaudiana
3301,PR27,13,PR27-13,Lauraceae,Nectandra,Nectandra_guadaripo
3302,PR27,14,PR27-14,Bignoniaceae,Jacaranda,Jacaranda_copaia
3303,PR27,15,PR27-15,Bignoniaceae,Jacaranda,Jacaranda_copaia
3304,PR27,16,PR27-16,Bignoniaceae,Jacaranda,Jacaranda_copaia
3305,PR27,17,PR27-17,Cannabaceae,Trema,Trema_micrantha
3306,PR27,18,PR27-18,Simaroubaceae,Simarouba,Simarouba_amara
3307,PR27,19,PR27-19,Staphyleaceae,Turpinia,Turpinia_occidentalis
3308,PR27,20,PR27-20,Simaroubaceae,Simarouba,Simarouba_amara
3309,PR27,21,PR27-21,Melastomataceae,Miconia,Miconia_centronioides
3310,PR27,22,PR27-22,Simaroubaceae,Simarouba,Simarouba_amara
3311,PR27,23,PR27-23,Melastomataceae,Miconia,Miconia_sp.4
3312,PR27,24,PR27-24,Staphyleaceae,Turpinia,Turpinia_occidentalis
3313,PR27,25,PR27-25,Malvaceae,Apeiba,Apeiba_membranacea
3314,PR27,26,PR27-26,Cannabaceae,Trema,Trema_micrantha
3315,PR27,27,PR27-27,Myristicaceae,Virola,Virola_reidii
3316,PR27,28,PR27-28,Staphyleaceae,Turpinia,Turpinia_occidentalis
3317,PR27,29,PR27-29,Fabaceae,Inga,Inga_thibaudiana
3318,PR27,30,PR27-30,Myristicaceae,Virola,Virola_reidii
3319,PR27,31,PR27-31,Rubiaceae,Palicourea,Palicourea_paratinctoria
3320,PR27,32,PR27-32,Fabaceae,Inga,Inga_leiocalycina
3321,PR27,33,PR27-33,Rubiaceae,Palicourea,Palicourea_paratinctoria
3322,PR27,34,PR27-34,Lauraceae,Aniba,Aniba_bracteata
3323,PR27,35,PR27-35,Staphyleaceae,Turpinia,Turpinia_occidentalis
3324,PR27,36,PR27-36,Annonaceae,Annona,Annona_edulis
3325,PR27,37,PR27-37,Staphyleaceae,Turpinia,Turpinia_occidentalis
3326,PR27,38,PR27-38,Rubiaceae,Palicourea,Palicourea_paratinctoria
3327,PR27,39,PR27-39,Rubiaceae,Palicourea,Palicourea_paratinctoria
3328,PR27,40,PR27-40,Rubiaceae,Palicourea,Palicourea_paratinctoria
3329,PR27,41,PR27-41,Rubiaceae,Palicourea,Palicourea_paratinctoria
3330,PR27,42,PR27-42,Rubiaceae,Palicourea,Palicourea_paratinctoria
3331,PR27,43,PR27-43,Myristicaceae,Virola,Virola_reidii
3332,PR27,44,PR27-44,Hypericaceae,Vismia,Vismia_baccifera
3333,PR27,45,PR27-45,Staphyleaceae,Turpinia,Turpinia_occidentalis
3334,PR27,46,PR27-46,Staphyleaceae,Turpinia,Turpinia_occidentalis
3335,PR27,47,PR27-47,Melastomataceae,Miconia,Miconia_sp.4
3336,PR27,48,PR27-48,Melastomataceae,Miconia,Miconia_sp.4
3337,PR27,49,PR27-49,Myristicaceae,Virola,Virola_reidii
3338,PR27,50,PR27-50,Melastomataceae,Miconia,Miconia_sp.4
3339,PR27,51,PR27-51,Melastomataceae,Miconia,Miconia_sp.4
3340,PR27,52,PR27-52,Simaroubaceae,Simarouba,Simarouba_amara
3341,PR27,53,PR27-53,Rubiaceae,Palicourea,Palicourea_paratinctoria
3342,PR27,54,PR27-54,Pentaphylacaceae,Freziera,Freziera_calophylla
3343,PR27,55,PR27-55,Urticaceae,Coussapoa,Coussapoa_villosa
3344,PR27,56,PR27-56,Malvaceae,Huberodendron,Huberodendron_patinoi
3345,PR27,57,PR27-57,Melastomataceae,Miconia,Miconia_sp.4
3346,PR27,58,PR27-58,Myristicaceae,Virola,Virola_reidii
3347,PR27,59,PR27-59,Cannabaceae,Trema,Trema_micrantha
3348,PR27,60,PR27-60,Fabaceae,Inga,Inga_leiocalycina
3349,PR27,61,PR27-61,Bignoniaceae,Jacaranda,Jacaranda_copaia
3350,PR27,62,PR27-62,Fabaceae,Inga,Inga_leiocalycina
3351,PR27,63,PR27-63,Cannabaceae,Trema,Trema_micrantha
3352,PR27,64,PR27-64,Staphyleaceae,Turpinia,Turpinia_occidentalis
3353,PR27,65,PR27-65,Staphyleaceae,Turpinia,Turpinia_occidentalis
3354,PR27,66,PR27-66,Moraceae,Brosimum,Brosimum_guianense
3355,PR27,67,PR27-67,Bignoniaceae,Jacaranda,Jacaranda_copaia
3356,PR27,68,PR27-68,Moraceae,Brosimum,Brosimum_guianense
3357,PR27,69,PR27-69,Myristicaceae,Virola,Virola_reidii
3358,PR27,70,PR27-70,NA,NA,NA
3359,PR27,71,PR27-71,Myristicaceae,Virola,Virola_sebifera
3360,PR27,72,PR27-72,Myristicaceae,Virola,Virola_pavonis
3361,PR27,73,PR27-73,Rubiaceae,Palicourea,Palicourea_paratinctoria
3362,PR27,74,PR27-74,Melastomataceae,Miconia,Miconia_centronioides
3363,PR27,75,PR27-75,Myristicaceae,Virola,Virola_sebifera
3364,PR27,76,PR27-76,Myristicaceae,Virola,Virola_reidii
3365,PR27,77,PR27-77,Myristicaceae,Virola,Virola_reidii
3366,PR27,78,PR27-78,Elaeocarpaceae,Sloanea,Sloanea_multiflora
3367,PR27,79,PR27-79,Arecaceae,Wettinia,Wettinia_quinaria
3368,PR27,80,PR27-80,Melastomataceae,Miconia,Miconia_sp.4
3369,PR27,81,PR27-81,Arecaceae,Wettinia,Wettinia_quinaria
3370,PR27,82,PR27-82,Rubiaceae,Palicourea,Palicourea_paratinctoria
3371,PR27,83,PR27-83,Melastomataceae,Miconia,Miconia_centronioides
3372,PR27,84,PR27-84,Melastomataceae,Miconia,Miconia_sp.4
3373,PR27,85,PR27-85,Arecaceae,Prestoea,Prestoea_ensiformis
3374,PR27,86,PR27-86,NA,NA,NA
3375,PR27,87,PR27-87,Melastomataceae,Miconia,Miconia_centronioides
3376,PR27,88,PR27-88,Myristicaceae,Virola,Virola_reidii
3377,PR27,89,PR27-89,Myristicaceae,Virola,Virola_sebifera
3378,PR27,90,PR27-90,Myristicaceae,Virola,Virola_reidii
3379,PR27,91,PR27-91,Myristicaceae,Virola,Virola_reidii
3380,PR27,92,PR27-92,NA,NA,NA
3381,PR27,93,PR27-93,Staphyleaceae,Turpinia,Turpinia_occidentalis
3382,PR27,94,PR27-94,Simaroubaceae,Simarouba,Simarouba_amara
3383,PR27,95,PR27-95,Rubiaceae,Isertia,Isertia_pittieri
3384,PR27,96,PR27-96,Rubiaceae,Isertia,Isertia_pittieri
3385,PR27,97,PR27-97,Staphyleaceae,Turpinia,Turpinia_occidentalis
3386,PR27,98,PR27-98,Staphyleaceae,Turpinia,Turpinia_occidentalis
3387,PR27,99,PR27-99,Cannabaceae,Trema,Trema_micrantha
3388,PR27,100,PR27-100,Melastomataceae,Miconia,Miconia_sp.4
3389,PR27,101,PR27-101,Simaroubaceae,Simarouba,Simarouba_amara
3390,PR27,102,PR27-102,Cannabaceae,Trema,Trema_micrantha
3391,PR27,103,PR27-103,Staphyleaceae,Turpinia,Turpinia_occidentalis
3392,PR27,104,PR27-104,Hypericaceae,Vismia,Vismia_baccifera
3393,PR27,105,PR27-105,Rubiaceae,Isertia,Isertia_pittieri
3394,PR27,106,PR27-106,Melastomataceae,Miconia,Miconia_sp.4
3395,PR27,107,PR27-107,Asteraceae,Vernonanthura,Vernonanthura_patens
3396,PR27,108,PR27-108,Melastomataceae,Miconia,Miconia_sp.4
3397,PR27,109,PR27-109,Melastomataceae,Miconia,Miconia_sp.4
3398,PR27,110,PR27-110,Melastomataceae,Miconia,Miconia_sp.4
3399,PR27,111,PR27-111,Cannabaceae,Trema,Trema_micrantha
3400,PR27,112,PR27-112,NA,NA,NA
3401,PR27,113,PR27-113,Hypericaceae,Vismia,Vismia_baccifera
3402,PR27,114,PR27-114,Hypericaceae,Vismia,Vismia_baccifera
3403,PR27,115,PR27-115,Hypericaceae,Vismia,Vismia_baccifera
3404,PR27,116,PR27-116,Melastomataceae,Miconia,Miconia_centronioides
3405,PR27,117,PR27-117,Cannabaceae,Trema,Trema_micrantha
3406,PR27,118,PR27-118,Hypericaceae,Vismia,Vismia_baccifera
3407,PR27,119,PR27-119,Bignoniaceae,Jacaranda,Jacaranda_copaia
3408,PR27,120,PR27-120,Bignoniaceae,Jacaranda,Jacaranda_copaia
3409,PR27,121,PR27-121,Melastomataceae,Miconia,Miconia_laxivenula
3410,PR27,122,PR27-122,Melastomataceae,Miconia,Miconia_laxivenula
3411,PR27,123,PR27-123,Melastomataceae,Miconia,Miconia_laxivenula
3412,PR27,124,PR27-124,Staphyleaceae,Turpinia,Turpinia_occidentalis
3413,PR27,125,PR27-125,Fabaceae,Cojoba,Cojoba_arborea
3414,PR27,126,PR27-126,Rubiaceae,Palicourea,Palicourea_paratinctoria
3415,PR27,127,PR27-127,Melastomataceae,Miconia,Miconia_centronioides
3416,PR27,128,PR27-128,NA,NA,NA
3417,PR27,129,PR27-129,Myristicaceae,Virola,Virola_reidii
3418,PR27,130,PR27-130,Rubiaceae,Palicourea,Palicourea_paratinctoria
3419,PR27,131,PR27-131,Melastomataceae,Miconia,Miconia_sp.4
3420,PR27,132,PR27-132,Moraceae,Ficus,Ficus_pertusa
3421,PR27,133,PR27-133,Salicaceae,Tetrathylacium,Tetrathylacium_macrophyllum
3422,PR27,134,PR27-134,Urticaceae,Coussapoa,Coussapoa_contorta
3423,PR27,135,PR27-135,Urticaceae,Coussapoa,Coussapoa_contorta
3424,PR27,136,PR27-136,Arecaceae,Iriartea,Iriartea_deltoidea
3425,PR27,137,PR27-137,Salicaceae,Tetrathylacium,Tetrathylacium_macrophyllum
3426,PR27,138,PR27-138,Rubiaceae,Palicourea,Palicourea_paratinctoria
3427,PR27,139,PR27-139,Cannabaceae,Trema,Trema_micrantha
3428,PR27,140,PR27-140,Rubiaceae,Palicourea,Palicourea_paratinctoria
3429,PR27,141,PR27-141,Rubiaceae,Isertia,Isertia_pittieri
3430,PR27,142,PR27-142,Rubiaceae,Palicourea,Palicourea_paratinctoria
3431,OG42,1,OG42-1,Lauraceae,Endlicheria,Endlicheria_formosa
3432,OG42,2,OG42-2,Urticaceae,Pourouma,Pourouma_guianensis
3433,OG42,3,OG42-3,Fabaceae,Inga,Inga_chocoensis
3434,OG42,4,OG42-4,Urticaceae,Cecropia,Cecropia_insignis
3435,OG42,5,OG42-5,Malvaceae,Huberodendron,Huberodendron_patinoi
3436,OG42,6,OG42-6,Nyctaginaceae,Neea,Neea_OG42-6
3437,OG42,7,OG42-7,Fabaceae,Inga,Inga_ruiziana
3438,OG42,8,OG42-8,Urticaceae,Pourouma,Pourouma_guianensis
3439,OG42,9,OG42-9,Lacistemataceae,Lozania,Lozania_klugii
3440,OG42,10,OG42-10,Meliaceae,Guarea,Guarea_macrophylla
3441,OG42,11,OG42-11,Myristicaceae,Virola,Virola_reidii
3442,OG42,12,OG42-12,Fabaceae,Inga,Inga_chocoensis
3443,OG42,13,OG42-13,Sapindaceae,Allophylus,Allophylus_dodsonii
3444,OG42,14,OG42-14,Fabaceae,Inga,Inga_thibaudiana
3445,OG42,15,OG42-15,Cordiaceae,Cordia,Cordia_fallax
3446,OG42,16,OG42-16,NA,NA,NA
3447,OG42,17,OG42-17,Staphyleaceae,Turpinia,Turpinia_occidentalis
3448,OG42,18,OG42-18,Rubiaceae,Pentagonia,Pentagonia_macrophylla
3449,OG42,19,OG42-19,Urticaceae,Cecropia,Cecropia_insignis
3450,OG42,20,OG42-20,Urticaceae,Cecropia,Cecropia_insignis
3451,OG42,21,OG42-21,Salicaceae,Casearia,Casearia_arborea
3452,OG42,22,OG42-22,Urticaceae,Cecropia,Cecropia_insignis
3453,OG42,23,OG42-23,Urticaceae,Cecropia,Cecropia_insignis
3454,OG42,24,OG42-24,Moraceae,Perebea,Perebea_xanthochyma
3455,OG42,25,OG42-25,Salicaceae,Banara,Banara_guianensis
3456,OG42,26,OG42-26,Euphorbiaceae,Mabea,Mabea_occidentalis
3457,OG42,27,OG42-27,Rubiaceae,Palicourea,Palicourea_paratinctoria
3458,OG42,28,OG42-28,Malpighiaceae,Bunchosia,Bunchosia_argentea
3459,OG42,29,OG42-29,Malvaceae,Sterculia,Sterculia_colombiana
3460,OG42,30,OG42-30,Sapotaceae,Pouteria,Pouteria_gigantea
3461,OG42,31,OG42-31,Myristicaceae,Otoba,Otoba_novogranatensis
3462,OG42,32,OG42-32,Arecaceae,Wettinia,Wettinia_quinaria
3463,OG42,33,OG42-33,Arecaceae,Iriartea,Iriartea_deltoidea
3464,OG42,34,OG42-34,Arecaceae,Wettinia,Wettinia_quinaria
3465,OG42,35,OG42-35,,,
3466,OG42,36,OG42-36,Fabaceae,Inga,Inga_silanchensis
3467,OG42,37,OG42-37,Urticaceae,Pourouma,Pourouma_guianensis
3468,OG42,38,OG42-38,Salicaceae,Casearia,Casearia_ulmifolia
3469,OG42,39,OG42-39,Malvaceae,Apeiba,Apeiba_membranacea
3470,OG42,40,OG42-40,NA,NA,NA
3471,OG42,41,OG42-41,Euphorbiaceae,Croton,Croton_tessmannii
3472,OG42,42,OG42-42,Urticaceae,Cecropia,Cecropia_insignis
3473,OG42,43,OG42-43,Rubiaceae,Agouticarpa,Agouticarpa_williamsii
3474,OG42,44,OG42-44,Myristicaceae,Otoba,Otoba_novogranatensis
3475,OG42,45,Henriettella sp.1,Melastomataceae,Henriettea,Henriettea_sp.1
3476,OG42,46,OG42-46,Fabaceae,Inga,Inga_spectabilis
3477,OG42,47,OG42-47,Arecaceae,Iriartea,Iriartea_deltoidea
3478,OG42,48,OG42-48,Moraceae,Ficus,Ficus_brevibracteata
3479,OG42,49,OG42-49,Schlegeliaceae,Exarata,Exarata_chocoensis
3480,OG42,50,OG42-50,Meliaceae,Carapa,Carapa_megistocarpa
3481,OG42,51,OG42-51,Malvaceae,Apeiba,Apeiba_membranacea
3482,OG42,52,OG42-52,Myristicaceae,Otoba,Otoba_novogranatensis
3483,OG42,53,OG42-53,Meliaceae,Trichilia,Trichilia_pallida
3484,OG42,54,OG42-54,Fabaceae,Inga,Inga_spectabilis
3485,OG42,55,OG42-55,Meliaceae,Guarea,Guarea_guidonia
3486,OG42,56,OG42-56,Sapotaceae,Pouteria,Pouteria_caimito
3487,OG42,57,OG42-57,Staphyleaceae,Turpinia,Turpinia_occidentalis
3488,OG42,58,OG42-58,Rubiaceae,Posoqueria,Posoqueria_coriacea
3489,OG42,59,OG42-59,Fabaceae,Inga,Inga_edulis
3490,OG42,60,OG42-60,Fabaceae,Inga,Inga_jinicuil
3491,OG42,61,OG42-61,Fabaceae,Inga,Inga_spectabilis
3492,OG42,62,OG42-62,Fabaceae,Inga,Inga_jinicuil
3493,OG42,63,OG42-63,Fabaceae,Inga,Inga_spectabilis
3494,OG42,64,OG42-64,Meliaceae,Guarea,Guarea_guidonia
3495,OG42,65,OG42-65,Fabaceae,Inga,Inga_spectabilis
3496,OG42,66,OG42-66,Staphyleaceae,Turpinia,Turpinia_occidentalis
3497,OG42,67,OG42-67,Fabaceae,Swartzia,Swartzia_haughtii
3498,OG42,68,OG42-68,Lecythidaceae,Gustavia,Gustavia_hexapetala
3499,OG42,69,OG42-69,Moraceae,Perebea,Perebea_xanthochyma
3500,OG42,70,OG42-70,Arecaceae,Iriartea,Iriartea_deltoidea
3501,OG42,71,OG42-71,Nyctaginaceae,Neea,Neea_parviflora
3502,OG42,72,OG42-72,,OG42-72,OG42-72
3503,OG42,73,OG42-73,Urticaceae,Pourouma,Pourouma_guianensis
3504,OG42,74,OG42-74,Meliaceae,Guarea,Guarea_guidonia
3505,OG42,75,OG42-75,Malvaceae,Matisia,Matisia_giacomettoi
3506,OG42,76,OG42-76,Arecaceae,Wettinia,Wettinia_quinaria
3507,OG42,77,OG42-77,Arecaceae,Wettinia,Wettinia_quinaria
3508,OG42,78,OG42-78,Burseraceae,Protium,Protium_colombianum
3509,OG42,79,OG42-79,Lecythidaceae,Grias,Grias_peruviana
3510,OG42,80,OG42-80,Moraceae,Poulsenia,Poulsenia_armata
3511,OG42,81,OG42-81,Elaeocarpaceae,Sloanea,Sloanea_floribunda
3512,OG42,82,OG42-82,Urticaceae,Cecropia,Cecropia_insignis
3513,OG42,83,OG42-83,Urticaceae,Cecropia,Cecropia_insignis
3514,OG42,84,OG42-84,Moraceae,Perebea,Perebea_xanthochyma
3515,OG42,85,OG42-85,NA,NA,NA
3516,OG42,86,OG42-86,NA,NA,NA
3517,OG42,87,OG42-87,Sapotaceae,Pouteria,Pouteria_reticulata
3518,OG42,88,OG42-88,Fabaceae,Inga,Inga_jinicuil
3519,OG42,89,OG42-89,Arecaceae,Iriartea,Iriartea_deltoidea
3520,OG42,90,OG42-90,Fabaceae,Inga,Inga_jinicuil
3521,OG42,91,OG42-91,Urticaceae,Pourouma,Pourouma_guianensis
3522,OG42,92,OG42-92,Moraceae,Perebea,Perebea_xanthochyma
3523,OG42,93,OG42-93,Elaeocarpaceae,Sloanea,Sloanea_guianensis
3524,OG42,94,OG42-94,Myristicaceae,Virola,Virola_elongata
3525,OG42,95,OG42-95,Urticaceae,Pourouma,Pourouma_guianensis
3526,OG42,96,OG42-96,Fabaceae,Inga,Inga_acreana
3527,OG42,97,OG42-97,Staphyleaceae,Turpinia,Turpinia_occidentalis
3528,OG42,98,OG42-98,Malpighiaceae,Byrsonima,Byrsonima_ligustrifolia
3529,OG42,99,OG42-99,Sapotaceae,Pouteria,Pouteria_reticulata
3530,OG42,100,OG42-100,Urticaceae,Pourouma,Pourouma_guianensis
3531,OG42,101,OG42-101,Arecaceae,Wettinia,Wettinia_quinaria
3532,OG42,102,OG42-102,Staphyleaceae,Turpinia,Turpinia_occidentalis
3533,OG42,103,OG42-103,Fabaceae,Inga,Inga_jinicuil
3534,OG42,104,OG42-104,Myristicaceae,Otoba,Otoba_novogranatensis
3535,OG42,105,OG42-105,Meliaceae,Guarea,Guarea_macrophylla
3536,OG42,106,OG42-106,Moraceae,Perebea,Perebea_xanthochyma
3537,OG42,107,OG42-107,NA,NA,NA
3538,OG42,108,OG42-108,Urticaceae,Pourouma,Pourouma_guianensis
3539,OG42,109,OG42-109,Myristicaceae,Virola,Virola_reidii
3540,OG42,110,OG42-110,Fabaceae,Inga,Inga_jinicuil
3541,OG42,111,OG42-111,Arecaceae,Wettinia,Wettinia_quinaria
3542,OG42,112,OG42-112,Fabaceae,Inga,Inga_hayesii
3543,OG42,113,OG42-113,Meliaceae,Guarea,Guarea_kunthiana
3544,OG42,114,OG42-114,Arecaceae,Wettinia,Wettinia_quinaria
3545,OG42,115,OG42-115,Sapotaceae,Micropholis,Micropholis_melinoniana
3546,OG42,116,OG42-116,Arecaceae,Wettinia,Wettinia_quinaria
3547,OG42,117,OG42-117,Arecaceae,Iriartea,Iriartea_deltoidea
3548,OG42,118,OG42-118,Sapotaceae,Pouteria,Pouteria_reticulata
3549,OG42,119,OG42-119,Arecaceae,Wettinia,Wettinia_quinaria
3550,OG42,120,OG42-120,Rubiaceae,Coussarea,Coussarea_latifolia
3551,OG42,121,OG42-121,Rubiaceae,Guettarda,Guettarda_sanblasensis
3552,OG42,122,OG42-122,Malvaceae,Quararibea,Quararibea_grandifolia
3553,OG42,123,OG42-123,Violaceae,Gloeospermum,Gloeospermum_grandifolium
3554,OG42,124,OG42-124,Arecaceae,Wettinia,Wettinia_quinaria
3555,OG42,125,OG42-125,Sapotaceae,Poulsenia,Poulsenia_armata
3556,OG42,126,OG42-126,Moraceae,Castilla,Castilla_elastica
3557,OG42,127,OG42-127,Arecaceae,Wettinia,Wettinia_quinaria
3558,OG42,128,OG42-128,Arecaceae,Wettinia,Wettinia_quinaria
3559,OG42,129,OG42-129,Arecaceae,Wettinia,Wettinia_quinaria
3560,OG42,130,OG42-130,Arecaceae,Wettinia,Wettinia_quinaria
3561,OG42,131,OG42-131,Arecaceae,Iriartea,Iriartea_deltoidea
3562,OG42,132,OG42-132,NA,NA,NA
3563,OG42,133,OG42-133,Rubiaceae,Agouticarpa,Agouticarpa_williamsii
3564,OG42,134,OG42-134,Rubiaceae,Palicourea,Palicourea_palenquensis
3565,OG42,135,OG42-135,Urticaceae,Cecropia,Cecropia_insignis
3566,OG42,136,OG42-136,Arecaceae,Wettinia,Wettinia_quinaria
3567,OG42,137,OG42-137,Arecaceae,Wettinia,Wettinia_quinaria
3568,OG42,138,OG42-138,Lecythidaceae,Grias,Grias_peruviana
3569,OG42,139,OG42-139,NA,NA,NA
3570,OG42,140,OG42-140,Thymelaeaceae,Daphnopsis,Daphnopsis_occulta
3571,OG42,141,OG42-141,Polygonaceae,Coccoloba,Coccoloba_mollis
3572,OG42,142,OG42-142,Araliaceae,Dendropanax,Dendropanax_oblonga
3573,OG42,143,OG42-143,Salicaceae,Casearia,Casearia_arborea
3574,OG42,144,OG42-144,Clusiaceae,Tovomita,Tovomita_longifolia
3575,OG42,145,OG42-145,Arecaceae,Iriartea,Iriartea_deltoidea
3576,OG42,146,OG42-146,Nyctaginaceae,Neea,Neea_divaricata
3577,OG42,147,OG42-147,Arecaceae,Iriartea,Iriartea_deltoidea
3578,OG42,148,OG42-148,Moraceae,Clarisia,Clarisia_biflora
3579,OG42,149,OG42-149,Fabaceae,Swartzia,Swartzia_haughtii
3580,OG42,150,OG42-150,Moraceae,Brosimum,Brosimum_utile
3581,OG42,151,OG42-151,Burseraceae,Dacryodes,Dacryodes_cupularis
3582,OG42,152,OG42-152,Arecaceae,Wettinia,Wettinia_quinaria
3583,OG42,153,OG42-153,Arecaceae,Iriartea,Iriartea_deltoidea
3584,OG42,154,OG42-154,Lauraceae,Aniba,Aniba_hostmanniana
3585,OG42,155,OG42-155,Urticaceae,Cecropia,Cecropia_hispidissima
3586,OG42,156,OG42-156,Fabaceae,Inga,Inga_thibaudiana
3587,OG42,157,OG42-157,Urticaceae,Cecropia,Cecropia_insignis
3588,OG42,158,OG42-158,NA,NA,NA
3589,OG42,159,OG42-159,Lecythidaceae,Grias,Grias_peruviana
3590,OG42,160,OG42-160,Burseraceae,Dacryodes,Dacryodes_cupularis
3591,OG42,161,OG42-161,Salicaceae,Casearia,Casearia_aculeata
3592,OG42,162,OG42-162,Urticaceae,Cecropia,Cecropia_hispidissima
3593,OG42,163,OG42-163,Staphyleaceae,Turpinia,Turpinia_occidentalis
3594,OG42,164,OG42-164,Sapotaceae,Micropholis,Micropholis_melinoniana
3595,OG42,165,OG42-165,Urticaceae,Pourouma,Pourouma_guianensis
3596,OG42,166,OG42-166,Myristicaceae,Otoba,Otoba_novogranatensis
3597,OG42,167,OG42-167,Lecythidaceae,Grias,Grias_peruviana
3598,OG42,168,OG42-168,Moraceae,Clarisia,Clarisia_biflora
3599,OG42,169,OG42-169,Fabaceae,Inga,Inga_hayesii
3600,OG42,170,OG42-170,Fabaceae,Swartzia,Swartzia_haughtii
3601,OG42,171,OG42-171,Myrtaceae,Calyptranthes,Calyptranthes_speciosa
3602,OG42,172,OG42-172,Cordiaceae,Hirtella,Hirtella_triandra
3603,OG42,173,OG42-173,Arecaceae,Wettinia,Wettinia_quinaria
3604,OG42,174,OG42-174,Urticaceae,Cecropia,Cecropia_hispidissima
3605,OG42,175,OG42-175,Burseraceae,Dacryodes,Dacryodes_cupularis
3606,OG42,176,OG42-176,Urticaceae,Cecropia,Cecropia_insignis
3607,OG42,177,OG42-177,Phyllanthaceae,Richeria,Richeria_grandis
3608,OG42,178,OG42-178,Rubiaceae,Genipa,Genipa_americana
3609,OG42,179,OG42-179,Malvaceae,Matisia,Matisia_giacomettoi
3610,OG42,180,OG42-180,Staphyleaceae,Turpinia,Turpinia_occidentalis
3611,OG42,181,OG42-181,Arecaceae,Wettinia,Wettinia_quinaria
3612,OG42,182,OG42-182,Arecaceae,Wettinia,Wettinia_quinaria
3613,OG42,183,OG42-183,Urticaceae,Pourouma,Pourouma_guianensis
3614,OG42,184,OG42-184,Arecaceae,Wettinia,Wettinia_quinaria
3615,OG42,185,OG42-185,Meliaceae,Guarea,Guarea_macrophylla
3616,OG42,186,OG42-186,Sapotaceae,Pouteria,Pouteria_lucumifolia
3617,OG42,187,OG42-187,Arecaceae,Iriartea,Iriartea_deltoidea
3618,OG42,188,OG42-188,Arecaceae,Wettinia,Wettinia_quinaria
3619,OG42,188,OG42-189,Annonaceae,Annona,Annona_manabiensis
3620,OG42,190,OG42-190,Lamiaceae,Aegiphila,Aegiphila_alba
3621,OG42,191,OG42-191,Nyctaginaceae,Neea,Neea_divaricata
3622,OG42,192,OG42-192,Lecythidaceae,Gustavia,Gustavia_serrata
3623,OG42,193,OG42-193,Staphyleaceae,Turpinia,Turpinia_occidentalis
3624,OG42,194,OG42-194,Melastomataceae,Miconia,Miconia_dorsiloba
3625,OG42,195,OG42-195,Schlegeliaceae,Exarata,Exarata_chocoensis
3626,OG42,196,OG42-196,Malvaceae,Quararibea,Quararibea_grandifolia
3627,OG42,197,OG42-197,Malvaceae,Theobroma,Theobroma_cacao
3628,OG42,198,OG42-198,Fabaceae,Inga,Inga_jinicuil
3629,OG42,199,OG42-199,Arecaceae,Wettinia,Wettinia_quinaria
3630,OG42,200,OG42-200,Arecaceae,Wettinia,Wettinia_quinaria
3631,OG42,201,OG42-201,Staphyleaceae,Turpinia,Turpinia_occidentalis
3632,OG42,202,OG42-202,Thymelaeaceae,Schoenobiblus,Schoenobiblus_panamensis
3633,OG42,203,OG42-203,Urticaceae,Pourouma,Pourouma_guianensis
3634,OG42,204,OG42-204,Moraceae,Brosimum,Brosimum_utile
3635,OG42,205,OG42-205,Meliaceae,Guarea,Guarea_macrophylla
3636,OG44,1,OG44-1,Euphorbiaceae,Mabea,Mabea_occidentalis
3637,OG44,2,OG44-2,Arecaceae,Wettinia,Wettinia_quinaria
3638,OG44,3,OG44-3,Rubiaceae,Palicourea,Palicourea_timbiquensis
3639,OG44,4,OG44-4,Lauraceae,Nectandra,Nectandra_guadaripo
3640,OG44,5,OG44-5,Cannabaceae,Trema,Trema_micrantha
3641,OG44,6,OG44-6,Cannabaceae,Trema,Trema_micrantha
3642,OG44,7,OG44-7,Urticaceae,Cecropia,Cecropia_insignis
3643,OG44,8,OG44-8,Moraceae,Castilla,Castilla_elastica
3644,OG44,9,OG44-9,Malvaceae,Apeiba,Apeiba_membranacea
3645,OG44,10,OG44-10,Moraceae,Perebea,Perebea_xanthochyma
3646,OG44,11,OG44-11,Myristicaceae,Virola,Virola_elongata
3647,OG44,12,OG44-12,Fabaceae,Inga,Inga_vera
3648,OG44,13,OG44-13,Sapindaceae,Allophylus,Allophylus_angustatus
3649,OG44,14,OG44-14,Rubiaceae,Palicourea,Palicourea_palenquensis
3650,OG44,15,OG44-15,Cordiaceae,Hirtella,Hirtella_latifolia
3651,OG44,16,OG44-16,Fabaceae,Macrolobium,Macrolobium_ischnocalyx
3652,OG44,17,OG44-17,Rubiaceae,Palicourea,Palicourea_timbiquensis
3653,OG44,18,OG44-18,Rubiaceae,Palicourea,Palicourea_timbiquensis
3654,OG44,19,OG44-19,Rubiaceae,Palicourea,Palicourea_timbiquensis
3655,OG44,20,OG44-20,Calophyllaceae,Marila,Marila_laxiflora
3656,OG44,21,OG44-21,Fabaceae,Inga,Inga_ruiziana
3657,OG44,22,OG44-22,Arecaceae,Wettinia,Wettinia_quinaria
3658,OG44,23,OG44-23,Moraceae,Naucleopsis,Naucleopsis_ulei
3659,OG44,24,OG44-24,Fabaceae,Inga,Inga_ruiziana
3660,OG44,25,OG44-25,Rubiaceae,Palicourea,Palicourea_timbiquensis
3661,OG44,26,OG44-26,NA,NA,NA
3662,OG44,27,OG44-27,Rubiaceae,Palicourea,Palicourea_timbiquensis
3663,OG44,28,OG44-28,Myristicaceae,Otoba,Otoba_novogranatensis
3664,OG44,29,OG44-29,Rubiaceae,Palicourea,Palicourea_timbiquensis
3665,OG44,30,OG44-30,Moraceae,Brosimum,Brosimum_guianense
3666,OG44,31,OG44-31,Meliaceae,Carapa,Carapa_guianensis
3667,OG44,32,OG44-32,Melastomataceae,Miconia,Miconia_laxivenula
3668,OG44,33,OG44-33,Euphorbiaceae,Mabea,Mabea_occidentalis
3669,OG44,34,OG44-34,Rubiaceae,Palicourea,Palicourea_timbiquensis
3670,OG44,35,OG44-35,Rubiaceae,Palicourea,Palicourea_timbiquensis
3671,OG44,36,OG44-36,Melastomataceae,Miconia,Miconia_laxivenula
3672,OG44,37,OG44-37,Rubiaceae,Palicourea,Palicourea_timbiquensis
3673,OG44,38,OG44-38,Araliaceae,Dendropanax,Dendropanax_arboreus
3674,OG44,39,OG44-39,Fabaceae,Inga,Inga_vismiifolia
3675,OG44,40,OG44-40,Sapotaceae,Pouteria,Pouteria_capacifolia
3676,OG44,41,OG44-41,Nyctaginaceae,Neea,Neea_parviflora
3677,OG44,42,OG44-42,Lauraceae,Nectandra,Nectandra_guadaripo
3678,OG44,43,OG44-43,Myristicaceae,Osteophloeum,Osteophloeum_platyspermum
3679,OG44,44,OG44-44,Rubiaceae,Palicourea,Palicourea_timbiquensis
3680,OG44,45,OG44-45,Rubiaceae,Palicourea,Palicourea_timbiquensis
3681,OG44,46,OG44-46,Malpighiaceae,Bunchosia,Bunchosia_cornifolia
3682,OG44,47,OG44-47,Arecaceae,Wettinia,Wettinia_quinaria
3683,OG44,48,OG44-48,Rubiaceae,Palicourea,Palicourea_timbiquensis
3684,OG44,49,OG44-49,Melastomataceae,Miconia,Miconia_cooperi
3685,OG44,50,OG44-50,Melastomataceae,Henriettella,Henriettella_lawrancei
3686,OG44,51,OG44-51,Rubiaceae,Palicourea,Palicourea_timbiquensis
3687,OG44,52,OG44-52,Moraceae,Brosimum,Brosimum_guianense
3688,OG44,53,OG44-53,Clusiaceae,Garcinia,Garcinia_madruno
3689,OG44,54,OG44-54,Rubiaceae,Palicourea,Palicourea_timbiquensis
3690,OG44,55,OG44-55,Rubiaceae,Palicourea,Palicourea_timbiquensis
3691,OG44,56,OG44-56,Rubiaceae,Palicourea,Palicourea_timbiquensis
3692,OG44,57,OG44-57,Moraceae,Sorocea,Sorocea_jaramilloi
3693,OG44,58,OG44-58,Rubiaceae,Palicourea,Palicourea_timbiquensis
3694,OG44,59,OG44-59,Cordiaceae,Hirtella,Hirtella_latifolia
3695,OG44,60,OG44-60,Lecythidaceae,Eschweilera,Eschweilera_integrifolia
3696,OG44,61,OG44-61,Rubiaceae,Palicourea,Palicourea_allenii
3697,OG44,62,OG44-62,Malpighiaceae,Bunchosia,Bunchosia_argentea
3698,OG44,63,OG44-63,Lecythidaceae,Lecythis,Lecythis_tuyrana
3699,OG44,64,OG44-64,Melastomataceae,Henriettella,Henriettella_lawrancei
3700,OG44,65,OG44-65,Rubiaceae,Palicourea,Palicourea_timbiquensis
3701,OG44,66,OG44-66,Rubiaceae,Palicourea,Palicourea_timbiquensis
3702,OG44,67,OG44-67,Rubiaceae,Palicourea,Palicourea_palenquensis
3703,OG44,68,OG44-68,Fabaceae,Inga,Inga_'guabillo_rojo'
3704,OG44,69,OG44-69,Malvaceae,Huberodendron,Huberodendron_patinoi
3705,OG44,70,OG44-70,Lauraceae,Nectandra,Nectandra_guadaripo
3706,OG44,71,OG44-71,Anacardiaceae,Tapirira,Tapirira_guianensis
3707,OG44,72,OG44-72,Fabaceae,Inga,Inga_ruiziana
3708,OG44,73,OG44-73,Rubiaceae,Palicourea,Palicourea_timbiquensis
3709,OG44,74,OG44-74,Sapotaceae,Pouteria,Pouteria_buenaventurensis
3710,OG44,75,OG44-75,NA,NA,NA
3711,OG44,76,OG44-76,Myrtaceae,Myrcia,Myrcia_fallax
3712,OG44,77,OG44-77,Sapotaceae,Pouteria,Pouteria_torta
3713,OG44,78,OG44-78,Burseraceae,Protium,Protium_colombianum
3714,OG44,79,OG44-79,Sapotaceae,Pouteria,Pouteria_torta
3715,OG44,80,OG44-80,Moraceae,Neucleopsis,Neucleopsis_naga
3716,OG44,81,OG44-81,Arecaceae,Wettinia,Wettinia_quinaria
3717,OG44,82,OG44-82,Rubiaceae,Palicourea,Palicourea_timbiquensis
3718,OG44,83,OG44-83,Rubiaceae,Palicourea,Palicourea_timbiquensis
3719,OG44,84,OG44-84,Lecythidaceae,Eschweilera,Eschweilera_integrifolia
3720,OG44,85,OG44-85,Myristicaceae,Otoba,Otoba_gracilipes
3721,OG44,86,OG44-86,Moraceae,Perebea,Perebea_xanthochyma
3722,OG44,87,OG44-87,Rubiaceae,Palicourea,Palicourea_timbiquensis
3723,OG44,88,OG44-88,Moraceae,Brosimum,Brosimum_guianense
3724,OG44,89,OG44-89,Myristicaceae,Otoba,Otoba_gracilipes
3725,OG44,90,OG44-90,Violaceae,Fusispermum,Fusispermum_minutiflorum
3726,OG44,91,OG44-91,Rubiaceae,Faramea,Faramea_eurycarpa
3727,OG44,92,OG44-92,Arecaceae,Wettinia,Wettinia_quinaria
3728,OG44,93,OG44-93,Lecythidaceae,Eschweilera,Eschweilera_integrifolia
3729,OG44,94,OG44-94,Myristicaceae,Otoba,Otoba_gracilipes
3730,OG44,95,OG44-95,Rubiaceae,Palicourea,Palicourea_timbiquensis
3731,OG44,96,OG44-96,Rubiaceae,Palicourea,Palicourea_timbiquensis
3732,OG44,97,OG44-97,Rubiaceae,Palicourea,Palicourea_timbiquensis
3733,OG44,98,OG44-98,Fabaceae,Inga,Inga_thibaudiana
3734,OG44,99,OG44-99,Annonaceae,Annona,Annona_squamosa
3735,OG44,100,OG44-100,Rubiaceae,Palicourea,Palicourea_timbiquensis
3736,OG44,101,OG44-101,Rubiaceae,Palicourea,Palicourea_timbiquensis
3737,OG44,102,OG44-102,Clusiaceae,Symphonia,Symphonia_globulifera
3738,OG44,103,OG44-103,Rubiaceae,Palicourea,Palicourea_timbiquensis
3739,OG44,104,OG44-104,Arecaceae,Wettinia,Wettinia_quinaria
3740,OG44,105,OG44-105,Rubiaceae,Palicourea,Palicourea_timbiquensis
3741,OG44,106,OG44-106,Chrysobalanaceae,Licania,Licania_celiae
3742,OG44,107,OG44-107,Rubiaceae,Palicourea,Palicourea_palenquensis
3743,OG44,108,OG44-108,Myristicaceae,Otoba,Otoba_gracilipes
3744,OG44,109,OG44-109,Myristicaceae,Otoba,Otoba_gracilipes
3745,OG44,110,OG44-110,Sapotaceae,Pouteria,Pouteria_trilocularis
3746,OG44,111,OG44-111,NA,NA,NA
3747,OG44,112,OG44-112,Fabaceae,Brownea,Brownea_coccinea
3748,OG44,113,OG44-113,Melastomataceae,Miconia,Miconia_laxivenula
3749,OG44,114,OG44-114,Fabaceae,Inga,Inga_lallensis
3750,OG44,115,OG44-115,Urticaceae,Cecropia,Cecropia_insignis
3751,OG44,116,OG44-116,Euphorbiaceae,Tetrorchidium,Tetrorchidium_andinum
3752,OG44,117,OG44-117,Fabaceae,Inga,Inga_multicaulis
3753,OG44,118,OG44-118,Myristicaceae,Osteophloeum,Osteophloeum_platyspermum
3754,OG44,119,OG44-119,Arecaceae,Prestoea,Prestoea_ensiformis
3755,OG44,120,OG44-120,Myristicaceae,Otoba,Otoba_novogranatensis
3756,OG44,121,OG44-121,Lecythidaceae,Gustavia,Gustavia_dodsonii
3757,OG44,122,OG44-122,Euphorbiaceae,Sapium,Sapium_glandulosum
3758,OG44,123,OG44-123,Cordiaceae,Cordia,Cordia_mexiana
3759,OG44,124,OG44-124,Malvaceae,Huberodendron,Huberodendron_patinoi
3760,OG44,125,OG44-125,Euphorbiaceae,Mabea,Mabea_occidentalis
3761,OG44,126,OG44-126,Arecaceae,Pholidostachys,Pholidostachys_dactyloides
3762,OG44,127,OG44-127,Rubiaceae,Palicourea,Palicourea_paratinctoria
3763,OG44,128,OG44-128,Rubiaceae,Palicourea,Palicourea_timbiquensis
3764,OG44,129,OG44-129,Rubiaceae,Palicourea,Palicourea_timbiquensis
3765,OG44,130,OG44-130,Meliaceae,Guarea,Guarea_bullata
3766,OG44,131,OG44-131,Fabaceae,Inga,Inga_ruiziana
3767,OG44,132,OG44-132,Rubiaceae,Palicourea,Palicourea_timbiquensis
3768,OG44,133,OG44-133,Arecaceae,Bactris,Bactris_setulosa
3769,OG44,134,OG44-134,Malvaceae,Phragmotheca,Phragmotheca_mammosa
3770,OG44,135,OG44-135,Fabaceae,Inga,Inga_manabiensis
3771,OG44,136,OG44-136,Fabaceae,Inga,Inga_hayesii
3772,OG44,137,OG44-137,Rubiaceae,Palicourea,Palicourea_paratinctoria
3773,OG44,138,OG44-138,Rubiaceae,Palicourea,Palicourea_timbiquensis
3774,OG44,139,OG44-139,Malvaceae,Apeiba,Apeiba_membranacea
3775,OG44,140,OG44-140,Rubiaceae,Palicourea,Palicourea_palenquensis
3776,OG44,141,OG44-141,Fabaceae,Inga,Inga_leptocarpa
3777,OG44,142,OG44-142,Lecythidaceae,Gustavia,Gustavia_longifolia
3778,OG44,143,OG44-143,Melastomataceae,Miconia,Miconia_laxivenula
3779,OG44,144,OG44-144,Rubiaceae,Palicourea,Palicourea_timbiquensis
3780,OG44,145,OG44-145,Arecaceae,Wettinia,Wettinia_quinaria
3781,OG44,146,OG44-146,Clusiaceae,Tovomita,Tovomita_nicaraguensis
3782,OG44,147,OG44-147,Burseraceae,Protium,Protium_colombianum
3783,OG44,148,OG44-148,Arecaceae,Wettinia,Wettinia_quinaria
3784,OG44,149,OG44-149,Burseraceae,Dacryodes,Dacryodes_cupularis
3785,OG44,150,OG44-150,Lecythidaceae,Eschweilera,Eschweilera_integrifolia
3786,OG44,151,OG44-151,Burseraceae,Dacryodes,Dacryodes_cupularis
3787,OG44,152,OG44-152,Staphyleaceae,Turpinia,Turpinia_occidentalis
3788,OG44,153,OG44-153,Burseraceae,Tetragastris,Tetragastris_OG44-153
3789,OG44,154,OG44-154,Arecaceae,Prestoea,Prestoea_ensiformis
3790,OG44,155,OG44-155,Elaeocarpaceae,Sloanea,Sloanea_pubescens
3791,OG44,156,OG44-156,Lecythidaceae,Eschweilera,Eschweilera_integrifolia
3792,OG44,157,OG44-157,Meliaceae,Carapa,Carapa_guianensis
3793,OG44,158,OG44-158,Lecythidaceae,Eschweilera,Eschweilera_integrifolia
3794,OG44,159,OG44-159,Sapotaceae,Pouteria,Pouteria_capacifolia
3795,OG44,160,OG44-160,Arecaceae,Wettinia,Wettinia_quinaria
3796,OG44,161,OG44-161,Myristicaceae,Otoba,Otoba_gracilipes
3797,OG44,162,OG44-162,Rubiaceae,Palicourea,Palicourea_timbiquensis
3798,OG44,163,OG44-163,Malvaceae,Matisia,Matisia_OG44-163
3799,OG44,164,OG44-164,Rubiaceae,Palicourea,Palicourea_timbiquensis
3800,OG44,165,OG44-165,Moraceae,Brosimum,Brosimum_alicastrum
3801,OG44,166,OG44-166,Simaroubaceae,Simarouba,Simarouba_amara
3802,OG44,167,OG44-167,Myristicaceae,Otoba,Otoba_novogranatensis
3803,OG44,168,OG44-168,Nyctaginaceae,Neea,Neea_divaricata
3804,OG44,169,OG44-169,Clusiaceae,Tovomita,Tovomita_nicaraguensis
3805,OG44,170,OG44-170,Sapotaceae,Chromolucuma,Chromolucuma_sp.1
3806,OG44,171,OG44-171,Rubiaceae,Palicourea,Palicourea_timbiquensis
3807,OG44,172,OG44-172,Melastomataceae,Miconia,Miconia_multiplicata
3808,OG44,173,OG44-173,Rubiaceae,Palicourea,Palicourea_timbiquensis
3809,OG44,174,OG44-174,Fabaceae,Inga,Inga_hayesii
3810,OG44,175,OG44-175,Rubiaceae,Palicourea,Palicourea_timbiquensis
3811,OG44,176,OG44-176,Lecythidaceae,Eschweilera,Eschweilera_integrifolia
3812,OG44,177,OG44-177,Moraceae,Naucleopsis,Naucleopsis_ulei
3813,OG44,178,OG44-178,Lauraceae,Nectandra,Nectandra_guadaripo
3814,OG44,179,OG44-179,Rubiaceae,Palicourea,Palicourea_timbiquensis
3815,OG44,180,OG44-180,Arecaceae,Wettinia,Wettinia_quinaria
3816,OG44,181,OG44-181,Myristicaceae,Osteophloeum,Osteophloeum_platyspermum
3817,OG44,182,OG44-182,Rubiaceae,Palicourea,Palicourea_timbiquensis
3818,OG44,183,OG44-183,Euphorbiaceae,Mabea,Mabea_occidentalis
3819,OG44,184,OG44-184,Myristicaceae,Otoba,Otoba_novogranatensis
3820,OG44,185,OG44-185,Rubiaceae,Palicourea,Palicourea_timbiquensis
3821,OG44,186,OG44-186,Meliaceae,Carapa,Carapa_guianensis
3822,OG44,187,OG44-187,Arecaceae,Wettinia,Wettinia_quinaria
3823,OG44,188,OG44-188,Rubiaceae,Palicourea,Palicourea_timbiquensis
3824,OG44,189,OG44-189,Myristicaceae,Otoba,Otoba_novogranatensis
3825,OG44,190,OG44-190,Malvaceae,Theobroma,Theobroma_chocoensis
3826,OG44,191,OG44-191,Euphorbiaceae,Mabea,Mabea_occidentalis
3827,OG44,192,OG44-192,Lecythidaceae,Eschweilera,Eschweilera_integrifolia
3828,OG44,193,OG44-193,Arecaceae,Iriartea,Iriartea_deltoidea
3829,OG44,194,OG44-194,Euphorbiaceae,Mabea,Mabea_occidentalis
3830,OG44,195,OG44-195,Urticaceae,Pourouma,Pourouma_guianensis
3831,OG44,196,OG44-196,Euphorbiaceae,Mabea,Mabea_occidentalis
3832,OG44,197,OG44-197,Arecaceae,Pholidostachys,Pholidostachys_dactyloides
3833,OG44,198,OG44-198,Anacardiaceae,Tapirira,Tapirira_guianensis
3834,OG44,199,OG44-199,Malvaceae,Huberodendron,Huberodendron_patinoi
3835,OG44,200,OG44-200,Myristicaceae,Otoba,Otoba_novogranatensis
3836,CR10,1,CR10-1,Salicaceae,Banara,Banara_guianensis
3837,CR10,2,CR10-2,Arecaceae,Iriartea,Iriartea_deltoidea
3838,CR10,3,CR10-3,Arecaceae,Wettinia,Wettinia_quinaria
3839,CR10,4,CR10-4,Polygonaceae,Coccoloba,Coccoloba_obovata
3840,CR10,5,CR10-5,NA,NA,NA
3841,CR10,6,CR10-6,Arecaceae,Prestoea,Prestoea_ensiformis
3842,CR10,7,CR10-7,Lamiaceae,Vitex,Vitex_cymosa
3843,CR10,8,CR10-8,Arecaceae,Wettinia,Wettinia_quinaria
3844,CR10,9,CR10-9,Arecaceae,Iriartea,Iriartea_deltoidea
3845,CR10,10,CR10-10,Urticaceae,Cecropia,Cecropia_insignis
3846,CR10,11,CR10-11,Melastomataceae,Miconia,Miconia_conocuatrecasii
3847,CR10,12,CR10-12,Lauraceae,Endlicheria,Endlicheria_sericea
3848,CR10,13,CR10-13,Urticaceae,Cecropia,Cecropia_insignis
3849,CR10,14,CR10-14,Cannabaceae,Trema,Trema_micrantha
3850,CR10,15,CR10-15,Salicaceae,Banara,Banara_guianensis
3851,CR10,16,CR10-16,Arecaceae,Iriartea,Iriartea_deltoidea
3852,CR10,17,CR10-17,Moraceae,Poulsenia,Poulsenia_armata
3853,CR10,18,CR10-18,Rubiaceae,Coffea,Coffea_arabica
3854,CR10,19,CR10-19,Moraceae,Poulsenia,Poulsenia_armata
3855,CR10,20,CR10-20,Moraceae,Poulsenia,Poulsenia_armata
3856,CR10,21,CR10-21,Moraceae,Naucleopsis,Naucleopsis_ulei
3857,CR10,22,CR10-22,Myristicaceae,Otoba,Otoba_novogranatensis
3858,CR10,23,CR10-23,Moraceae,Naucleopsis,Naucleopsis_ulei
3859,CR10,24,CR10-24,Burseraceae,Protium,Protium_colombianum
3860,CR10,25,CR10-25,Moraceae,Poulsenia,Poulsenia_armata
3861,CR10,26,CR10-26,Myristicaceae,Otoba,Otoba_novogranatensis
3862,CR10,27,CR10-27,Moraceae,Perebea,Perebea_xanthochyma
3863,CR10,28,CR10-28,Arecaceae,Iriartea,Iriartea_deltoidea
3864,CR10,29,CR10-29,Arecaceae,Iriartea,Iriartea_deltoidea
3865,CR10,30,CR10-30,Rubiaceae,Palicourea,Palicourea_palenquensis
3866,CR10,31,CR10-31,Arecaceae,Iriartea,Iriartea_deltoidea
3867,CR10,32,CR10-32,Urticaceae,Cecropia,Cecropia_insignis
3868,CR10,33,CR10-33,Arecaceae,Bactris,Bactris_setulosa
3869,CR10,34,CR10-34,Phyllanthaceae,Hieronyma,Hieronyma_alchorneoides
3870,CR10,35,CR10-35,Urticaceae,Cecropia,Cecropia_insignis
3871,CR10,36,CR10-36,Lauraceae,Pleurothyrium,Pleurothyrium_sp.1
3872,CR10,37,CR10-37,Arecaceae,Bactris,Bactris_setulosa
3873,CR10,38,CR10-38,NA,NA,NA
3874,CR10,39,CR10-39,NA,NA,NA
3875,CR10,40,CR10-40,Moraceae,Ficus,Ficus_maxima
3876,CR10,41,CR10-41,Arecaceae,Iriartea,Iriartea_deltoidea
3877,CR10,42,CR10-42,Urticaceae,Cecropia,Cecropia_insignis
3878,CR10,43,CR10-43,Urticaceae,Cecropia,Cecropia_insignis
3879,CR10,44,CR10-44,Lecythidaceae,Grias,Grias_peruviana
3880,CR10,45,CR10-45,Moraceae,Naucleopsis,Naucleopsis_naga
3881,CR10,46,CR10-46,Malvaceae,Theobroma,Theobroma_cacao
3882,CR10,47,CR10-47,Malvaceae,Theobroma,Theobroma_cacao
3883,CR10,48,CR10-48,Rubiaceae,Coffea,Coffea_arabica
3884,CR10,49,CR10-49,Lamiaceae,Vitex,Vitex_cymosa
3885,CR10,50,CR10-50,Malvaceae,Apeiba,Apeiba_membranacea
3886,CR10,51,CR10-51,Burseraceae,Protium,Protium_tenuifolium
3887,CR10,52,CR10-52,Arecaceae,Wettinia,Wettinia_quinaria
3888,CR10,53,CR10-53,Lamiaceae,Vitex,Vitex_cymosa
3889,CR10,54,CR10-54,Coardiaceae,Cordia,Cordia_bicolor
3890,CR10,55,CR10-55,Cyatheaceae,Cyathea,Cyathea_sp.1
3891,CR10,56,CR10-56,Meliaceae,Carapa,Carapa_guianensis
3892,CR10,57,CR10-57,Annonaceae,Annona,Annona_edulis
3893,CR10,58,CR10-58,Meliaceae,Carapa,Carapa_guianensis
3894,CR10,59,CR10-59,Myristicaceae,Otoba,Otoba_novogranatensis
3895,CR10,60,CR10-60,Salicaceae,Banara,Banara_guianensis
3896,CR10,61,CR10-61,Moraceae,Naucleopsis,Naucleopsis_naga
3897,CR10,62,CR10-62,Euphorbiaceae,Conceveiba,Conceveiba_martiana
3898,CR10,63,CR10-63,Urticaceae,Cecropia,Cecropia_insignis
3899,CR10,64,CR10-64,Salicaceae,Casearia,Casearia_mariquitensis
3900,CR10,65,CR10-65,Phyllanthaceae,Hieronyma,Hieronyma_alchorneoides
3901,CR10,66,CR10-66,Fabaceae,Inga,Inga_ruiziana
3902,CR10,67,CR10-67,Urticaceae,Cecropia,Cecropia_insignis
3903,CR10,68,CR10-68,Malvaceae,Apeiba,Apeiba_membranacea
3904,CR10,69,CR10-69,Lauraceae,Nectandra,Nectandra_acutifolia
3905,CR10,70,CR10-70,Urticaceae,Pourouma,Pourouma_guianensis
3906,CR10,71,CR10-71,Urticaceae,Cecropia,Cecropia_insignis
3907,CR10,72,CR10-72,Urticaceae,Cecropia,Cecropia_insignis
3908,CR10,73,CR10-73,Arecaceae,Bactris,Bactris_setulosa
3909,CR10,74,CR10-74,NA,NA,NA
3910,CR10,75,CR10-75,NA,NA,NA
3911,CR10,76,CR10-76,Burseraceae,Protium,Protium_colombianum
3912,CR10,77,CR10-77,Euphorbiaceae,Tetrorchidium,Tetrorchidium_andinum
3913,CR10,78,CR10-78,Euphorbiaceae,Tetrorchidium,Tetrorchidium_andinum
3914,CR10,79,CR10-79,Arecaceae,Wettinia,Wettinia_quinaria
3915,CR10,80,CR10-80,Myrtaceae,Myrcia,Myrcia_fallax
3916,CR10,81,CR10-81,Lauraceae,Pleurothyrium,Pleurothyrium_tomiwahlii
3917,CR10,82,CR10-82,Moraceae,Ficus,Ficus_maxima
3918,CR10,83,CR10-83,Fabaceae,Inga,Inga_jinicuil
3919,CR10,84,CR10-84,Burseraceae,Protium,Protium_tenuifolium
3920,CR10,85,CR10-85,Moraceae,Poulsenia,Poulsenia_armata
3921,CR10,86,CR10-86,Burseraceae,Protium,Protium_tenuifolium
3922,CR10,87,CR10-87,Lamiaceae,Vitex,Vitex_cymosa
3923,CR10,88,CR10-88,Malvaceae,Apeiba,Apeiba_membranacea
3924,CR10,89,CR10-89,Malvaceae,Apeiba,Apeiba_membranacea
3925,CR10,90,CR10-90,Melastomataceae,Miconia,Miconia_conocuatrecasii
3926,CR10,91,CR10-91,Malvaceae,Apeiba,Apeiba_membranacea
3927,CR10,92,CR10-92,Fabaceae,Hymenolobium,Hymenolobium_heterocarpum
3928,CR10,93,CR10-93,Malvaceae,Theobroma,Theobroma_cacao
3929,CR10,94,CR10-94,Malvaceae,Theobroma,Theobroma_cacao
3930,CR10,95,CR10-95,Malvaceae,Theobroma,Theobroma_cacao
3931,CR10,96,CR10-96,Malvaceae,Apeiba,Apeiba_membranacea
3932,CR10,97,CR10-97,Myristicaceae,Virola,Virola_pavonis
3933,CR10,98,CR10-98,Arecaceae,Bactris,Bactris_setulosa
3934,CR10,99,CR10-99,Lamiaceae,Vitex,Vitex_cymosa
3935,CR10,100,CR10-100,Staphyleaceae,Turpinia,Turpinia_occidentalis
3936,CR10,101,CR10-101,Malvaceae,Theobroma,Theobroma_cacao
3937,CR10,102,CR10-102,Malvaceae,Theobroma,Theobroma_cacao
3938,CR10,103,CR10-103,Malvaceae,Theobroma,Theobroma_cacao
3939,CR10,104,CR10-104,Moraceae,Poulsenia,Poulsenia_armata
3940,CR10,105,CR10-105,Moraceae,Ficus,Ficus_brevibracteata
3941,CR10,106,CR10-106,Urticaceae,Cecropia,Cecropia_insignis
3942,CR10,107,CR10-107,Urticaceae,Cecropia,Cecropia_insignis
3943,CR10,108,CR10-108,Myristicaceae,Otoba,Otoba_novogranatensis
3944,CR10,109,CR10-109,Arecaceae,Prestoea,Prestoea_ensiformis
3945,CR10,110,CR10-110,NA,NA,NA
3946,CR10,111,CR10-111,Malvaceae,Theobroma,Theobroma_cacao
3947,CR10,112,CR10-112,Lamiaceae,Vitex,Vitex_cymosa
3948,CR10,113,CR10-113,Arecaceae,Pholidostachys,Pholidostachys_dactyloides
3949,CR10,114,CR10-114,Myristicaceae,Virola,Virola_pavonis
3950,CR10,115,CR10-115,Arecaceae,Wettinia,Wettinia_quinaria
3951,CR10,116,CR10-116,Cannabaceae,Trema,Trema_micrantha
3952,CR10,117,CR10-117,Euphorbiaceae,Tetrorchidium,Tetrorchidium_andinum
3953,CR10,118,CR10-118,Sapotaceae,Pouteria,Pouteria_trilocularis
3954,CR10,119,CR10-119,Cyatheaceae,Cyathea,Cyathea_sp.1
3955,CR10,120,CR10-120,Salicaceae,Banara,Banara_guianensis
3956,CR10,121,CR10-121,Malvaceae,Matisia,Matisia_cordata
3957,CR10,122,CR10-122,Moraceae,Ficus,Ficus_tonduzii
3958,CR10,123,CR10-123,Arecaceae,Prestoea,Prestoea_ensiformis
3959,CR10,124,CR10-124,Salicaceae,Banara,Banara_guianensis
3960,CR10,125,CR10-125,Annonaceae,Annona,Annona_edulis
3961,CR10,126,CR10-126,Moraceae,Poulsenia,Poulsenia_armata
3962,CR10,127,CR10-127,Euphorbiaceae,Tetrorchidium,Tetrorchidium_andinum
3963,CR10,128,CR10-128,Melastomataceae,Miconia,Miconia_conocuatrecasii
3964,CR10,129,CR10-129,Melastomataceae,Miconia,Miconia_conocuatrecasii
3965,CR10,130,CR10-130,Urticaceae,Cecropia,Cecropia_insignis
3966,CR10,131,CR10-131,Urticaceae,Cecropia,Cecropia_insignis
3967,CR10,132,CR10-132,Arecaceae,Prestoea,Prestoea_ensiformis
3968,CR10,133,CR10-133,Myrtaceae,Myrcia,Myrcia_fallax
3969,CR10,134,CR10-134,Lamiaceae,Vitex,Vitex_cymosa
3970,CR10,135,CR10-135,Urticaceae,Cecropia,Cecropia_insignis
3971,CR10,136,CR10-136,Salicaceae,Banara,Banara_guianensis
3972,CR10,137,CR10-137,Urticaceae,Cecropia,Cecropia_insignis
3973,CR10,138,CR10-138,Malvaceae,Matisia,Matisia_giacomettoi
3974,CR10,139,CR10-139,Arecaceae,Bactris,Bactris_setulosa
3975,CR10,140,CR10-140,Malvaceae,Theobroma,Theobroma_cacao
3976,CR10,141,CR10-141,Salicaceae,Banara,Banara_guianensis
3977,CR10,142,CR10-142,Malvaceae,Theobroma,Theobroma_cacao
3978,CR10,143,CR10-143,Malvaceae,Theobroma,Theobroma_cacao
3979,CR10,144,CR10-144,Malvaceae,Theobroma,Theobroma_cacao
3980,CR10,145,CR10-145,Malvaceae,Apeiba,Apeiba_membranacea
3981,CR02,1,CR02-1,Malvaceae,Theobroma,Theobroma_cacao
3982,CR02,2,CR02-2,Cordiaceae,Cordia,Cordia_alliodora
3983,CR02,3,CR02-3,Malvaceae,Theobroma,Theobroma_cacao
3984,CR02,4,CR02-4,Urticaceae,Cecropia,Cecropia_hispidissima
3985,CR02,5,CR02-5,Malvaceae,Theobroma,Theobroma_cacao
3986,CR02,6,CR02-6,Malvaceae,Theobroma,Theobroma_cacao
3987,CR02,7,CR02-7,Asteraceae,Vernonanthura,Vernonanthura_patens
3988,CR02,8,CR02-8,Malvaceae,Apeiba,Apeiba_membranacea
3989,CR02,9,CR02-9,Malvaceae,Theobroma,Theobroma_cacao
3990,CR02,10,CR02-10,Malvaceae,Theobroma,Theobroma_cacao
3991,CR02,11,CR02-11,Urticaceae,Cecropia,Cecropia_hispidissima
3992,CR02,12,CR02-12,Salicaceae,Banara,Banara_guianensis
3993,CR02,13,CR02-13,Cordiaceae,Cordia,Cordia_alliodora
3994,CR02,14,CR02-14,Malvaceae,Theobroma,Theobroma_cacao
3995,CR02,15,CR02-15,Malvaceae,Theobroma,Theobroma_cacao
3996,CR02,16,CR02-16,Sapotaceae,Pouteria,Pouteria_capacifolia
3997,CR02,17,CR02-17,Malvaceae,Theobroma,Theobroma_cacao
3998,CR02,18,CR02-18,Asteraceae,Vernonanthura,Vernonanthura_patens
3999,CR02,19,CR02-19,Asteraceae,Vernonanthura,Vernonanthura_patens
4000,CR02,20,CR02-20,Cordiaceae,Cordia,Cordia_alliodora
4001,CR02,21,CR02-21,Malvaceae,Theobroma,Theobroma_cacao
4002,CR02,22,CR02-22,Urticaceae,Cecropia,Cecropia_insignis
4003,CR02,23,CR02-23,Lecythidaceae,Grias,Grias_colombiana
4004,CR02,24,CR02-24,Euphorbiaceae,Sapium,Sapium_glandulosum
4005,CR02,25,CR02-25,Malvaceae,Theobroma,Theobroma_cacao
4006,CR02,26,CR02-26,Malvaceae,Theobroma,Theobroma_cacao
4007,CR02,27,CR02-27,Arecaceae,Wettinia,Wettinia_quinaria
4008,CR02,28,CR02-28,Urticaceae,Cecropia,Cecropia_insignis
4009,CR02,29,CR02-29,Hypericaceae,Vismia,Vismia_baccifera
4010,CR02,30,CR02-30,Melastomataceae,Miconia,Miconia_conocuatrecasii
4011,CR02,31,CR02-31,Urticaceae,Cecropia,Cecropia_hispidissima
4012,CR02,32,CR02-32,Asteraceae,Vernonanthura,Vernonanthura_patens
4013,CR02,33,CR02-33,Cordiaceae,Cordia,Cordia_alliodora
4014,CR02,34,CR02-34,Urticaceae,Cecropia,Cecropia_hispidissima
4015,CR02,35,CR02-35,Malvaceae,Theobroma,Theobroma_cacao
4016,CR02,36,CR02-36,Asteraceae,Vernonanthura,Vernonanthura_patens
4017,CR02,37,CR02-37,Melastomataceae,Miconia,Miconia_centronioides
4018,CR02,38,CR02-38,Malvaceae,Theobroma,Theobroma_cacao
4019,CR02,39,CR02-39,Cordiaceae,Cordia,Cordia_alliodora
4020,CR02,40,CR02-40,Malvaceae,Theobroma,Theobroma_cacao
4021,CR02,41,CR02-41,Urticaceae,Cecropia,Cecropia_hispidissima
4022,CR02,42,CR02-42,Malvaceae,Theobroma,Theobroma_cacao
4023,CR02,43,CR02-43,Malvaceae,Theobroma,Theobroma_cacao
4024,CR02,44,CR02-44,Myristicaceae,Virola,Virola_reidii
4025,CR02,45,CR02-45,Malvaceae,Theobroma,Theobroma_cacao
4026,CR02,46,CR02-46,Malvaceae,Theobroma,Theobroma_cacao
4027,CR02,47,CR02-47,Malvaceae,Theobroma,Theobroma_cacao
4028,CR02,48,CR02-48,Malvaceae,Theobroma,Theobroma_cacao
4029,CR02,49,CR02-49,Rutaceae,Zanthoxylum,Zanthoxylum_riedelianum
4030,CR02,50,CR02-50,Malvaceae,Theobroma,Theobroma_cacao
4031,CR02,51,CR02-51,Malvaceae,Theobroma,Theobroma_cacao
4032,CR02,52,CR02-52,Malvaceae,Theobroma,Theobroma_cacao
4033,CR02,53,CR02-53,Malvaceae,Theobroma,Theobroma_cacao
4034,CR02,54,CR02-54,Malvaceae,Theobroma,Theobroma_cacao
4035,CR02,55,CR02-55,Malvaceae,Theobroma,Theobroma_cacao
4036,CR02,56,CR02-56,Malvaceae,Theobroma,Theobroma_cacao
4037,CR02,57,CR02-57,Malvaceae,Theobroma,Theobroma_cacao
4038,CR02,58,CR02-58,Malvaceae,Theobroma,Theobroma_cacao
4039,CR02,59,CR02-59,Malvaceae,Theobroma,Theobroma_cacao
4040,CR02,60,CR02-60,Asteraceae,Vernonanthura,Vernonanthura_patens
4041,CR02,61,CR02-61,Malvaceae,Theobroma,Theobroma_cacao
4042,CR02,62,CR02-62,Malvaceae,Theobroma,Theobroma_cacao
4043,CR02,63,CR02-63,Malvaceae,Theobroma,Theobroma_cacao
4044,CR02,64,CR02-64,Moraceae,Ficus,Ficus_brevibracteata
4045,CR02,65,CR02-65,Malvaceae,Theobroma,Theobroma_cacao
4046,CR02,66,CR02-66,Urticaceae,Cecropia,Cecropia_insignis
4047,CR02,67,CR02-67,Malvaceae,Theobroma,Theobroma_cacao
4048,CR02,68,CR02-68,Malvaceae,Theobroma,Theobroma_cacao
4049,CR02,69,CR02-69,Malvaceae,Quararibea,Quararibea_grandifolia
4050,CR02,70,CR02-70,Malvaceae,Theobroma,Theobroma_cacao
4051,CR02,71,CR02-71,Lamiaceae,Aegiphila,Aegiphila_alba
4052,CR02,72,CR02-72,Malvaceae,Quararibea,Quararibea_grandifolia
4053,CR02,73,CR02-73,Malvaceae,Theobroma,Theobroma_cacao
4054,CR02,74,CR02-74,Asteraceae,Vernonanthura,Vernonanthura_patens
4055,CR02,75,CR02-75,Malvaceae,Theobroma,Theobroma_cacao
4056,CR02,76,CR02-76,Malvaceae,Theobroma,Theobroma_cacao
4057,CR02,77,CR02-77,Malvaceae,Theobroma,Theobroma_cacao
4058,CR02,78,CR02-78,Myristicaceae,Otoba,Otoba_gracilipes
4059,CR02,79,CR02-79,Malvaceae,Theobroma,Theobroma_cacao
4060,CR02,80,CR02-80,Fabaceae,Hymenolobium,Hymenolobium_heterocarpum
4061,CR02,81,CR02-81,Cordiaceae,Cordia,Cordia_alliodora
4062,CR02,82,CR02-82,Phyllanthaceae,Hieronyma,Hieronyma_alchorneoides
4063,CR02,83,CR02-83,Euphorbiaceae,Tetrorchidium,Tetrorchidium_andinum
4064,CR02,84,CR02-84,Malvaceae,Theobroma,Theobroma_cacao
4065,CR02,85,CR02-85,Fabaceae,Inga,Inga_oerstediana
4066,CR02,86,CR02-86,Malvaceae,Theobroma,Theobroma_cacao
4067,CR02,87,CR02-87,Lamiaceae,Aegiphila,Aegiphila_alba
4068,CR02,88,CR02-88,Melastomataceae,Miconia,Miconia_conocuatrecasii
4069,CR02,89,CR02-89,Rubiaceae,Palicourea,Palicourea_chignul
4070,CR02,90,CR02-90,Asteraceae,Vernonanthura,Vernonanthura_patens
4071,CR02,91,CR02-91,Cordiaceae,Cordia,Cordia_alliodora
4072,CR02,92,CR02-92,Urticaceae,Cecropia,Cecropia_insignis
4073,CR02,93,CR02-93,Salicaceae,Banara,Banara_guianensis
4074,CR02,94,CR02-94,Bignoniaceae,Jacaranda,Jacaranda_copaia
4075,CR02,95,CR02-95,Asteraceae,Vernonanthura,Vernonanthura_patens
4076,CR02,96,CR02-96,Urticaceae,Cecropia,Cecropia_insignis
4077,CR02,97,CR02-97,Cannabaceae,Trema,Trema_micrantha
4078,CR02,98,CR02-98,Malvaceae,Theobroma,Theobroma_cacao
4079,CR02,99,CR02-99,Malvaceae,Theobroma,Theobroma_cacao
4080,CR02,100,CR02-100,Malvaceae,Theobroma,Theobroma_cacao
4081,CR02,101,CR02-101,Malvaceae,Theobroma,Theobroma_cacao
4082,CR02,102,CR02-102,Urticaceae,Cecropia,Cecropia_insignis
4083,CR02,103,CR02-103,Cordiaceae,Cordia,Cordia_alliodora
4084,CR02,104,CR02-104,Cordiaceae,Cordia,Cordia_alliodora
4085,CR02,105,CR02-105,Salicaceae,Banara,Banara_guianensis
4086,CR02,106,CR02-106,Salicaceae,Banara,Banara_guianensis
4087,CR02,107,CR02-107,Melastomataceae,Miconia,Miconia_conocuatrecasii
4088,CR02,108,CR02-108,Malvaceae,Theobroma,Theobroma_cacao
4089,CR02,109,CR02-109,Malvaceae,Theobroma,Theobroma_cacao
4090,CR02,110,CR02-110,Cordiaceae,Cordia,Cordia_alliodora
4091,CR02,111,CR02-111,Meliaceae,Trichilia,Trichilia_surinamensis
4092,CR02,112,CR02-112,Urticaceae,Cecropia,Cecropia_insignis
4093,CR02,113,CR02-113,Malvaceae,Apeiba,Apeiba_membranacea
4094,CR02,114,CR02-114,Cannabaceae,Trema,Trema_micrantha
4095,CR02,115,CR02-115,Malvaceae,Theobroma,Theobroma_cacao
4096,CR02,116,CR02-116,Malvaceae,Theobroma,Theobroma_cacao
4097,CR02,117,CR02-117,Malvaceae,Theobroma,Theobroma_cacao
4098,CR02,118,CR02-118,Malvaceae,Theobroma,Theobroma_cacao
4099,CR02,119,CR02-119,Malvaceae,Theobroma,Theobroma_cacao
4100,CR02,120,CR02-120,Urticaceae,Cecropia,Cecropia_insignis
4101,CR02,121,CR02-121,Malvaceae,Theobroma,Theobroma_cacao
4102,CR02,122,CR02-122,Malvaceae,Theobroma,Theobroma_cacao
4103,CR02,123,CR02-123,Malvaceae,Theobroma,Theobroma_cacao
4104,CR02,124,CR02-124,Urticaceae,Cecropia,Cecropia_insignis
4105,CR02,125,CR02-125,Cordiaceae,Cordia,Cordia_alliodora
4106,CR02,126,CR02-126,Cannabaceae,Trema,Trema_micrantha
4107,CR02,127,CR02-127,Melastomataceae,Miconia,Miconia_conocuatrecasii
4108,CR02,128,CR02-128,Urticaceae,Cecropia,Cecropia_insignis
4109,CR02,129,CR02-129,Malvaceae,Apeiba,Apeiba_membranacea
4110,CR02,130,CR02-130,Hypericaceae,Vismia,Vismia_baccifera
4111,CR02,131,CR02-131,Urticaceae,Cecropia,Cecropia_hispidissima
4112,CR02,132,CR02-132,Hypericaceae,Vismia,Vismia_baccifera
4113,CR02,133,CR02-133,Malvaceae,Apeiba,Apeiba_membranacea
4114,CR02,134,CR02-134,Urticaceae,Cecropia,Cecropia_insignis
4115,CR07,1,CR07-1,Bignoniaceae,Jacaranda,Jacaranda_copaia
4116,CR07,2,CR07-2,Malvaceae,Theobroma,Theobroma_cacao
4117,CR07,3,CR07-3,Lamiaceae,Aegiphila,Aegiphila_alba
4118,CR07,4,CR07-4,Bignoniaceae,Jacaranda,Jacaranda_copaia
4119,CR07,5,CR07-5,Malvaceae,Theobroma,Theobroma_cacao
4120,CR07,6,CR07-6,Malvaceae,Theobroma,Theobroma_cacao
4121,CR07,7,CR07-7,Malvaceae,Theobroma,Theobroma_cacao
4122,CR07,8,CR07-8,Lamiaceae,Aegiphila,Aegiphila_alba
4123,CR07,9,CR07-9,Lamiaceae,Aegiphila,Aegiphila_alba
4124,CR07,10,CR07-10,Lamiaceae,Aegiphila,Aegiphila_alba
4125,CR07,11,CR07-11,Lamiaceae,Aegiphila,Aegiphila_alba
4126,CR07,12,CR07-12,Lamiaceae,Aegiphila,Aegiphila_alba
4127,CR07,13,CR07-13,Lamiaceae,Aegiphila,Aegiphila_alba
4128,CR07,14,CR07-14,Lamiaceae,Aegiphila,Aegiphila_alba
4129,CR07,15,CR07-15,Malvaceae,Theobroma,Theobroma_cacao
4130,CR07,16,CR07-16,Malvaceae,Apeiba,Apeiba_membranacea
4131,CR07,17,CR07-17,Lamiaceae,Aegiphila,Aegiphila_alba
4132,CR07,18,CR07-18,Myristicaceae,Virola,Virola_theiodora
4133,CR07,19,CR07-19,Melastomataceae,Miconia,Miconia_conocuatrecasii
4134,CR07,20,CR07-20,Rubiaceae,Palicourea,Palicourea_chignul
4135,CR07,21,CR07-21,Lamiaceae,Aegiphila,Aegiphila_alba
4136,CR07,22,CR07-22,Lamiaceae,Aegiphila,Aegiphila_alba
4137,CR07,23,CR07-23,Malvaceae,Theobroma,Theobroma_cacao
4138,CR07,24,CR07-24,Arecaceae,Wettinia,Wettinia_quinaria
4139,CR07,25,CR07-25,Rubiaceae,Palicourea,Palicourea_chignul
4140,CR07,26,CR07-26,Malvaceae,Theobroma,Theobroma_cacao
4141,CR07,27,CR07-27,Malvaceae,Theobroma,Theobroma_cacao
4142,CR07,28,CR07-28,Rubiaceae,Coffea,Coffea_arabica
4143,CR07,29,CR07-29,Rubiaceae,Palicourea,Palicourea_chignul
4144,CR07,30,CR07-30,Melastomataceae,Miconia,Miconia_conocuatrecasii
4145,CR07,31,CR07-31,Melastomataceae,Miconia,Miconia_conocuatrecasii
4146,CR07,32,CR07-32,Bignoniaceae,Jacaranda,Jacaranda_copaia
4147,CR07,33,CR07-33,Rubiaceae,Palicourea,Palicourea_chignul
4148,CR07,34,CR07-34,Melastomataceae,Miconia,Miconia_conocuatrecasii
4149,CR07,35,CR07-35,Lamiaceae,Aegiphila,Aegiphila_alba
4150,CR07,36,CR07-36,Rubiaceae,Palicourea,Palicourea_chignul
4151,CR07,37,CR07-37,Lamiaceae,Aegiphila,Aegiphila_alba
4152,CR07,38,CR07-38,Lamiaceae,Aegiphila,Aegiphila_alba
4153,CR07,39,CR07-39,Bignoniaceae,Jacaranda,Jacaranda_copaia
4154,CR07,40,CR07-40,Malvaceae,Theobroma,Theobroma_cacao
4155,CR07,41,CR07-41,Lamiaceae,Aegiphila,Aegiphila_alba
4156,CR07,42,CR07-42,Bignoniaceae,Jacaranda,Jacaranda_copaia
4157,CR07,43,CR07-43,Rubiaceae,Coffea,Coffea_arabica
4158,CR07,44,CR07-44,Urticaceae,Cecropia,Cecropia_insignis
4159,CR07,45,CR07-45,Bignoniaceae,Jacaranda,Jacaranda_copaia
4160,CR07,46,CR07-46,Malvaceae,Theobroma,Theobroma_cacao
4161,CR07,47,CR07-47,Moraceae,Ficus,Ficus_brevibracteata
4162,CR07,48,CR07-48,Rubiaceae,Coffea,Coffea_arabica
4163,CR07,49,CR07-49,Malvaceae,Theobroma,Theobroma_cacao
4164,CR07,50,CR07-50,Malvaceae,Theobroma,Theobroma_cacao
4165,CR07,51,CR07-51,Melastomataceae,Miconia,Miconia_conocuatrecasii
4166,CR07,52,CR07-52,Rubiaceae,Coffea,Coffea_arabica
4167,CR07,53,CR07-53,Arecaceae,Wettinia,Wettinia_quinaria
4168,CR07,54,CR07-54,Arecaceae,Wettinia,Wettinia_quinaria
4169,CR07,55,CR07-55,Arecaceae,Wettinia,Wettinia_quinaria
4170,CR07,56,CR07-56,Rubiaceae,Coffea,Coffea_arabica
4171,CR07,57,CR07-57,Melastomataceae,Miconia,Miconia_conocuatrecasii
4172,CR07,58,CR07-58,Lauraceae,Ocotea,Ocotea_insularis
4173,CR07,59,CR07-59,Bignoniaceae,Jacaranda,Jacaranda_copaia
4174,CR07,60,CR07-60,Urticaceae,Cecropia,Cecropia_insignis
4175,CR07,61,CR07-61,Malvaceae,Theobroma,Theobroma_cacao
4176,CR07,62,CR07-62,Malvaceae,Theobroma,Theobroma_cacao
4177,CR07,63,CR07-63,Malvaceae,Theobroma,Theobroma_cacao
4178,CR07,64,CR07-64,Lamiaceae,Aegiphila,Aegiphila_alba
4179,CR07,65,CR07-65,Rubiaceae,Coffea,Coffea_arabica
4180,CR07,66,CR07-66,Malvaceae,Theobroma,Theobroma_cacao
4181,CR07,67,CR07-67,Malvaceae,Theobroma,Theobroma_cacao
4182,CR07,68,CR07-68,Meliaceae,Guarea,Guarea_kunthiana
4183,CR07,69,CR07-69,Rubiaceae,Coffea,Coffea_arabica
4184,CR07,70,CR07-70,Lamiaceae,Aegiphila,Aegiphila_alba
4185,CR07,71,CR07-71,Melastomataceae,Miconia,Miconia_variabilis
4186,CR07,72,CR07-72,Rubiaceae,Coffea,Coffea_arabica
4187,CR07,73,CR07-73,Malvaceae,Theobroma,Theobroma_cacao
4188,CR07,74,CR07-74,Malvaceae,Theobroma,Theobroma_cacao
4189,CR07,75,CR07-75,Malvaceae,Theobroma,Theobroma_cacao
4190,CR07,76,CR07-76,Lauraceae,Ocotea,Ocotea_insularis
4191,CR07,77,CR07-77,Malvaceae,Theobroma,Theobroma_cacao
4192,CR07,78,CR07-78,Bignoniaceae,Jacaranda,Jacaranda_copaia
4193,CR07,79,CR07-79,Bignoniaceae,Jacaranda,Jacaranda_copaia
4194,CR07,80,CR07-80,Asteraceae,Vernonanthura,Vernonanthura_patens
4195,CR07,81,CR07-81,Malvaceae,Theobroma,Theobroma_cacao
4196,CR07,82,CR07-82,Melastomataceae,Miconia,Miconia_conocuatrecasii
4197,CR07,83,CR07-83,Cannabaceae,Trema,Trema_micrantha
4198,CR07,84,CR07-84,Fabaceae,Cojoba,Cojoba_arborea
4199,CR07,85,CR07-85,Lamiaceae,Aegiphila,Aegiphila_alba
4200,CR07,86,CR07-86,Lamiaceae,Aegiphila,Aegiphila_alba
4201,CR07,87,CR07-87,Rubiaceae,Palicourea,Palicourea_chignul
4202,CR07,88,CR07-88,Lamiaceae,Aegiphila,Aegiphila_alba
4203,CR07,89,CR07-89,Bignoniaceae,Jacaranda,Jacaranda_copaia
4204,CR07,90,CR07-90,Asteraceae,Vernonanthura,Vernonanthura_patens
4205,CR07,91,CR07-91,Urticaceae,Cecropia,Cecropia_insignis
4206,CR07,92,CR07-92,Lamiaceae,Aegiphila,Aegiphila_alba
4207,CR07,93,CR07-93,Malvaceae,Theobroma,Theobroma_cacao
4208,CR07,94,CR07-94,NA,NA,NA
4209,CR07,95,CR07-95,Lamiaceae,Aegiphila,Aegiphila_alba
4210,CR07,96,CR07-96,Rubiaceae,Coffea,Coffea_arabica
4211,CR07,97,CR07-97,Lamiaceae,Aegiphila,Aegiphila_alba
4212,CR07,98,CR07-98,Urticaceae,Cecropia,Cecropia_insignis
4213,CR07,99,CR07-99,Bignoniaceae,Jacaranda,Jacaranda_copaia
4214,CR07,100,CR07-100,Lauraceae,Ocotea,Ocotea_mollifolia
4215,CR07,101,CR07-101,Lamiaceae,Aegiphila,Aegiphila_alba
4216,CR07,102,CR07-102,Bignoniaceae,Jacaranda,Jacaranda_copaia
4217,CR07,103,CR07-103,Fabaceae,Cojoba,Cojoba_arborea
4218,CR07,104,CR07-104,Lamiaceae,Aegiphila,Aegiphila_alba
4219,CR07,105,CR07-105,Lamiaceae,Aegiphila,Aegiphila_alba
4220,CR07,106,CR07-106,Asteraceae,Vernonanthura,Vernonanthura_patens
4221,CR07,107,CR07-107,Bignoniaceae,Jacaranda,Jacaranda_copaia
4222,CR07,108,CR07-108,Lamiaceae,Aegiphila,Aegiphila_alba
4223,CR07,109,CR07-109,Myristicaceae,Virola,Virola_theiodora
4224,CR07,110,CR07-110,Lamiaceae,Aegiphila,Aegiphila_alba
4225,CR07,111,CR07-111,Lamiaceae,Aegiphila,Aegiphila_alba
4226,CR07,112,CR07-112,Urticaceae,Cecropia,Cecropia_insignis
4227,CR07,113,CR07-113,Melastomataceae,Miconia,Miconia_'grande'
4228,CR07,114,CR07-114,Lamiaceae,Aegiphila,Aegiphila_alba
4229,CR07,115,CR07-115,Rubiaceae,Coffea,Coffea_arabica
4230,CR07,116,CR07-116,Lamiaceae,Aegiphila,Aegiphila_alba
4231,CR07,117,CR07-117,Malvaceae,Theobroma,Theobroma_cacao
4232,CR07,118,CR07-118,Malvaceae,Theobroma,Theobroma_cacao
4233,CR07,119,CR07-119,Lamiaceae,Aegiphila,Aegiphila_alba
4234,CR07,120,CR07-120,Bignoniaceae,Jacaranda,Jacaranda_copaia
4235,CR07,121,CR07-121,Bignoniaceae,Jacaranda,Jacaranda_copaia
4236,CR07,122,CR07-122,Melastomataceae,Miconia,Miconia_conocuatrecasii
4237,CR07,123,CR07-123,Lamiaceae,Aegiphila,Aegiphila_alba
4238,CR07,124,CR07-124,Malvaceae,Theobroma,Theobroma_cacao
4239,CR07,125,CR07-125,Lamiaceae,Aegiphila,Aegiphila_alba
4240,CR07,126,CR07-126,Malvaceae,Theobroma,Theobroma_cacao
4241,CR07,127,CR07-127,Lamiaceae,Aegiphila,Aegiphila_alba
4242,CR07,128,CR07-128,Lamiaceae,Aegiphila,Aegiphila_alba
4243,CR07,129,CR07-129,Malvaceae,Theobroma,Theobroma_cacao
4244,CR07,130,CR07-130,Lauraceae,Ocotea,Ocotea_mollifolia
4245,CR07,131,CR07-131,Lamiaceae,Aegiphila,Aegiphila_alba
4246,CR07,132,CR07-132,Rubiaceae,Palicourea,Palicourea_chignul
4247,CR07,133,CR07-133,Hypericaceae,Vismia,Vismia_baccifera
4248,CR07,134,CR07-134,Bignoniaceae,Jacaranda,Jacaranda_copaia
4249,CR07,135,CR07-135,Urticaceae,Cecropia,Cecropia_insignis
4250,CR07,136,CR07-136,Malvaceae,Theobroma,Theobroma_cacao
4251,CR07,137,CR07-137,Bignoniaceae,Jacaranda,Jacaranda_copaia
4252,CR07,138,CR07-138,Simaroubaceae,Simarouba,Simarouba_amara
4253,CR07,139,CR07-139,Urticaceae,Cecropia,Cecropia_insignis
4254,CR07,140,CR07-140,Malvaceae,Theobroma,Theobroma_cacao
4255,CR07,141,CR07-141,Urticaceae,Cecropia,Cecropia_insignis
4256,CR07,142,CR07-142,Melastomataceae,Miconia,Miconia_conocuatrecasii
4257,CR07,143,CR07-143,Bignoniaceae,Jacaranda,Jacaranda_copaia
4258,CR07,144,CR07-144,Bignoniaceae,Jacaranda,Jacaranda_copaia
4259,CR07,145,CR07-145,Bignoniaceae,Jacaranda,Jacaranda_copaia
4260,CR07,146,CR07-146,Lamiaceae,Aegiphila,Aegiphila_alba
4261,CR07,147,CR07-147,Malvaceae,Theobroma,Theobroma_cacao
4262,CR07,148,CR07-148,Melastomataceae,Miconia,Miconia_conocuatrecasii
4263,CR07,149,CR07-149,Bignoniaceae,Jacaranda,Jacaranda_copaia
4264,CR07,150,CR07-150,Malvaceae,Theobroma,Theobroma_cacao
4265,CR07,151,CR07-151,Melastomataceae,Miconia,Miconia_conocuatrecasii
4266,CR07,152,CR07-152,Malvaceae,Theobroma,Theobroma_cacao
4267,CR07,153,CR07-153,Rubiaceae,Palicourea,Palicourea_chignul
4268,CR07,154,CR07-154,Malvaceae,Theobroma,Theobroma_cacao
4269,CR07,155,CR07-155,Rubiaceae,Coffea,Coffea_arabica
4270,CR07,156,CR07-156,Malvaceae,Theobroma,Theobroma_cacao
4271,CR07,157,CR07-157,Asteraceae,Vernonanthura,Vernonanthura_patens
4272,CR07,158,CR07-158,Melastomataceae,Miconia,Miconia_conocuatrecasii
4273,CR07,159,CR07-159,Melastomataceae,Miconia,Miconia_conocuatrecasii
4274,CR07,160,CR07-160,Asteraceae,Vernonanthura,Vernonanthura_patens
4275,CR07,161,CR07-161,Lamiaceae,Aegiphila,Aegiphila_alba
4276,CR07,162,CR07-162,Melastomataceae,Miconia,Miconia_conocuatrecasii
4277,CR07,163,CR07-163,Rubiaceae,Coffea,Coffea_arabica
4278,CR07,164,CR07-164,Lamiaceae,Aegiphila,Aegiphila_alba
4279,CR07,165,CR07-165,Urticaceae,Cecropia,Cecropia_insignis
4280,CR07,166,CR07-166,Malvaceae,Theobroma,Theobroma_cacao
4281,CR07,167,CR07-167,Hypericaceae,Vismia,Vismia_baccifera
4282,CR07,168,CR07-168,Rubiaceae,Coffea,Coffea_arabica
4283,CR07,169,CR07-169,Lamiaceae,Aegiphila,Aegiphila_alba
4284,CR07,170,CR07-170,Melastomataceae,Miconia,Miconia_conocuatrecasii
4285,CR07,171,CR07-171,Lamiaceae,Aegiphila,Aegiphila_alba
4286,CR07,172,CR07-172,Lamiaceae,Aegiphila,Aegiphila_alba
4287,CR07,173,CR07-173,Malvaceae,Theobroma,Theobroma_cacao
4288,CR07,174,CR07-174,Bignoniaceae,Jacaranda,Jacaranda_copaia
4289,CR07,175,CR07-175,Melastomataceae,Miconia,Miconia_conocuatrecasii
4290,CR07,176,CR07-176,Lamiaceae,Aegiphila,Aegiphila_alba
4291,CR07,177,CR07-177,Bignoniaceae,Jacaranda,Jacaranda_copaia
4292,CR07,178,CR07-178,Bignoniaceae,Jacaranda,Jacaranda_copaia
4293,CR07,179,CR07-179,Bignoniaceae,Jacaranda,Jacaranda_copaia
4294,CR07,180,CR07-180,Lamiaceae,Aegiphila,Aegiphila_alba
4295,CR07,181,CR07-181,Bignoniaceae,Jacaranda,Jacaranda_copaia
4296,CR07,182,CR07-182,Lamiaceae,Aegiphila,Aegiphila_alba
4297,CR07,183,CR07-183,Melastomataceae,Miconia,Miconia_conocuatrecasii
4298,CR07,184,CR07-184,Melastomataceae,Miconia,Miconia_conocuatrecasii
4299,CR07,185,CR07-185,Melastomataceae,Miconia,Miconia_conocuatrecasii
4300,CR07,186,CR07-186,Malvaceae,Theobroma,Theobroma_cacao
4301,CR07,187,CR07-187,Urticaceae,Cecropia,Cecropia_insignis
4302,CR07,188,CR07-188,Rubiaceae,Palicourea,Palicourea_chignul
4303,CR07,189,CR07-189,Urticaceae,Cecropia,Cecropia_insignis
4304,CR07,190,CR07-190,Asteraceae,Vernonanthura,Vernonanthura_patens
4305,CR07,191,CR07-191,Rubiaceae,Palicourea,Palicourea_chignul
4306,CR07,192,CR07-192,Lamiaceae,Aegiphila,Aegiphila_alba
4307,CR07,193,CR07-193,Lamiaceae,Aegiphila,Aegiphila_alba
4308,CR07,194,CR07-194,Lamiaceae,Aegiphila,Aegiphila_alba
4309,CR07,195,CR07-195,Bignoniaceae,Jacaranda,Jacaranda_copaia
4310,CR07,196,CR07-196,Urticaceae,Cecropia,Cecropia_insignis
4311,CR07,197,CR07-197,Bignoniaceae,Jacaranda,Jacaranda_copaia
4312,CR07,198,CR07-198,Rubiaceae,Palicourea,Palicourea_chignul
4313,CR07,199,CR07-199,Rubiaceae,Palicourea,Palicourea_chignul
4314,CR07,200,CR07-200,Bignoniaceae,Jacaranda,Jacaranda_copaia
4315,CR07,201,CR07-201,Malvaceae,Theobroma,Theobroma_cacao
4316,CR07,202,CR07-202,Malvaceae,Theobroma,Theobroma_cacao
4317,CR07,203,CR07-203,Malvaceae,Theobroma,Theobroma_cacao
4318,CR07,204,CR07-204,Malvaceae,Theobroma,Theobroma_cacao
4319,CR07,205,CR07-205,Malvaceae,Theobroma,Theobroma_cacao
4320,CR07,206,CR07-206,Malvaceae,Theobroma,Theobroma_cacao
4321,CR07,207,CR07-207,Malvaceae,Theobroma,Theobroma_cacao
4322,CR03,1,CR03-1,Asteraceae,Vernonanthura,Vernonanthura_patens
4323,CR03,2,CR03-2,Asteraceae,Vernonanthura,Vernonanthura_patens
4324,CR03,3,CR03-3,Asteraceae,Vernonanthura,Vernonanthura_patens
4325,CR03,4,CR03-4,Asteraceae,Vernonanthura,Vernonanthura_patens
4326,CR03,5,CR03-5,Urticaceae,Cecropia,Cecropia_insignis
4327,CR03,6,CR03-6,Asteraceae,Vernonanthura,Vernonanthura_patens
4328,CR03,7,CR03-7,Asteraceae,Vernonanthura,Vernonanthura_patens
4329,CR03,8,CR03-8,Urticaceae,Cecropia,Cecropia_insignis
4330,CR03,9,CR03-9,Urticaceae,Cecropia,Cecropia_insignis
4331,CR03,10,CR03-10,Asteraceae,Vernonanthura,Vernonanthura_patens
4332,CR03,11,CR03-11,Urticaceae,Cecropia,Cecropia_insignis
4333,CR03,12,CR03-12,Urticaceae,Cecropia,Cecropia_insignis
4334,CR03,13,CR03-13,Asteraceae,Vernonanthura,Vernonanthura_patens
4335,CR03,14,CR03-14,Urticaceae,Cecropia,Cecropia_insignis
4336,CR03,15,CR03-15,Urticaceae,Cecropia,Cecropia_insignis
4337,CR03,16,CR03-16,Asteraceae,Vernonanthura,Vernonanthura_patens
4338,CR03,17,CR03-17,Urticaceae,Cecropia,Cecropia_insignis
4339,CR03,18,CR03-18,Urticaceae,Cecropia,Cecropia_insignis
4340,CR03,19,CR03-19,Asteraceae,Vernonanthura,Vernonanthura_patens
4341,CR03,20,CR03-20,Urticaceae,Cecropia,Cecropia_insignis
4342,CR03,21,CR03-21,Asteraceae,Vernonanthura,Vernonanthura_patens
4343,CR03,22,CR03-22,Urticaceae,Cecropia,Cecropia_insignis
4344,CR03,23,CR03-23,Urticaceae,Cecropia,Cecropia_insignis
4345,CR03,24,CR03-24,Salicaceae,Banara,Banara_guianensis
4346,CR03,25,CR03-25,Urticaceae,Cecropia,Cecropia_insignis
4347,CR03,26,CR03-26,Fabaceae,Inga,Inga_leiocalycina
4348,CR03,27,CR03-27,Urticaceae,Cecropia,Cecropia_insignis
4349,CR03,28,CR03-28,Urticaceae,Cecropia,Cecropia_insignis
4350,CR03,29,CR03-29,Urticaceae,Cecropia,Cecropia_insignis
4351,CR03,30,CR03-30,Urticaceae,Cecropia,Cecropia_insignis
4352,CR03,31,CR03-31,Urticaceae,Cecropia,Cecropia_insignis
4353,CR03,32,CR03-32,Salicaceae,Banara,Banara_guianensis
4354,CR03,33,CR03-33,Cannabaceae,Trema,Trema_micrantha
4355,CR03,34,CR03-34,Urticaceae,Cecropia,Cecropia_insignis
4356,CR03,35,CR03-35,Asteraceae,Vernonanthura,Vernonanthura_patens
4357,CR03,36,CR03-36,Urticaceae,Cecropia,Cecropia_insignis
4358,CR03,37,CR03-37,Cannabaceae,Trema,Trema_micrantha
4359,CR03,38,CR03-38,Urticaceae,Cecropia,Cecropia_insignis
4360,CR03,39,CR03-39,Urticaceae,Cecropia,Cecropia_insignis
4361,CR03,40,CR03-40,Urticaceae,Cecropia,Cecropia_insignis
4362,CR03,41,CR03-41,Urticaceae,Cecropia,Cecropia_insignis
4363,CR03,42,CR03-42,Urticaceae,Cecropia,Cecropia_insignis
4364,CR03,43,CR03-43,Asteraceae,Vernonanthura,Vernonanthura_patens
4365,CR03,44,CR03-44,Asteraceae,Vernonanthura,Vernonanthura_patens
4366,CR03,45,CR03-45,Urticaceae,Cecropia,Cecropia_insignis
4367,CR03,46,CR03-46,Asteraceae,Vernonanthura,Vernonanthura_patens
4368,CR03,47,CR03-47,Urticaceae,Cecropia,Cecropia_insignis
4369,CR03,48,CR03-48,Asteraceae,Vernonanthura,Vernonanthura_patens
4370,CR03,49,CR03-49,Urticaceae,Cecropia,Cecropia_insignis
4371,CR03,50,CR03-50,Asteraceae,Vernonanthura,Vernonanthura_patens
4372,CR03,51,CR03-51,Fabaceae,Inga,Inga_chocoensis
4373,CR03,52,CR03-52,Asteraceae,Vernonanthura,Vernonanthura_patens
4374,CR03,53,CR03-53,Asteraceae,Vernonanthura,Vernonanthura_patens
4375,CR03,54,CR03-54,Asteraceae,Vernonanthura,Vernonanthura_patens
4376,CR03,55,CR03-55,Asteraceae,Vernonanthura,Vernonanthura_patens
4377,CR03,56,CR03-56,Asteraceae,Vernonanthura,Vernonanthura_patens
4378,CR03,57,CR03-57,Asteraceae,Vernonanthura,Vernonanthura_patens
4379,CR03,58,CR03-58,Asteraceae,Vernonanthura,Vernonanthura_patens
4380,CR03,59,CR03-59,Urticaceae,Cecropia,Cecropia_insignis
4381,CR03,60,CR03-60,Asteraceae,Vernonanthura,Vernonanthura_patens
4382,CR03,61,CR03-61,Asteraceae,Vernonanthura,Vernonanthura_patens
4383,CR03,62,CR03-62,Fabaceae,Inga,Inga_oerstediana
4384,CR03,63,CR03-63,Urticaceae,Cecropia,Cecropia_insignis
4385,CR03,64,CR03-64,Asteraceae,Vernonanthura,Vernonanthura_patens
4386,CR03,65,CR03-65,Urticaceae,Cecropia,Cecropia_insignis
4387,CR03,66,CR03-66,Asteraceae,Vernonanthura,Vernonanthura_patens
4388,CR03,67,CR03-67,Asteraceae,Vernonanthura,Vernonanthura_patens
4389,CR03,68,CR03-68,Urticaceae,Cecropia,Cecropia_insignis
4390,CR03,69,CR03-69,Cannabaceae,Trema,Trema_micrantha
4391,CR03,70,CR03-70,Urticaceae,Cecropia,Cecropia_insignis
4392,CR03,71,CR03-71,Asteraceae,Vernonanthura,Vernonanthura_patens
4393,CR03,72,CR03-72,Fabaceae,Inga,Inga_oerstediana
4394,CR03,73,CR03-73,Asteraceae,Vernonanthura,Vernonanthura_patens
4395,CR03,74,CR03-74,Asteraceae,Vernonanthura,Vernonanthura_patens
4396,CR03,75,CR03-75,Asteraceae,Vernonanthura,Vernonanthura_patens
4397,CR03,76,CR03-76,Asteraceae,Vernonanthura,Vernonanthura_patens
4398,CR03,77,CR03-77,Salicaceae,Banara,Banara_guianensis
4399,CR03,78,CR03-78,Urticaceae,Cecropia,Cecropia_insignis
4400,CR03,79,CR03-79,Asteraceae,Vernonanthura,Vernonanthura_patens
4401,CR03,80,CR03-80,Asteraceae,Vernonanthura,Vernonanthura_patens
4402,CR03,81,CR03-81,Asteraceae,Vernonanthura,Vernonanthura_patens
4403,CR03,82,CR03-82,Asteraceae,Vernonanthura,Vernonanthura_patens
4404,CR03,83,CR03-83,Asteraceae,Vernonanthura,Vernonanthura_patens
4405,CR03,84,CR03-84,Asteraceae,Vernonanthura,Vernonanthura_patens
4406,CR03,85,CR03-85,Asteraceae,Vernonanthura,Vernonanthura_patens
4407,CR03,86,CR03-86,Asteraceae,Vernonanthura,Vernonanthura_patens
4408,CR03,87,CR03-87,Urticaceae,Cecropia,Cecropia_insignis
4409,CR03,88,CR03-88,Urticaceae,Cecropia,Cecropia_insignis
4410,CR03,89,CR03-89,Urticaceae,Cecropia,Cecropia_insignis
4411,CR03,90,CR03-90,Urticaceae,Cecropia,Cecropia_insignis
4412,CR03,91,CR03-91,Urticaceae,Cecropia,Cecropia_insignis
4413,CR03,92,CR03-92,Asteraceae,Vernonanthura,Vernonanthura_patens
4414,CR03,93,CR03-93,Asteraceae,Vernonanthura,Vernonanthura_patens
4415,CR03,94,CR03-94,Urticaceae,Cecropia,Cecropia_insignis
4416,CR03,95,CR03-95,Urticaceae,Cecropia,Cecropia_insignis
4417,CR03,96,CR03-96,Asteraceae,Vernonanthura,Vernonanthura_patens
4418,CR03,97,CR03-97,Urticaceae,Cecropia,Cecropia_insignis
4419,CR03,98,CR03-98,Urticaceae,Cecropia,Cecropia_insignis
4420,CR03,99,CR03-99,Urticaceae,Cecropia,Cecropia_insignis
4421,CR03,100,CR03-100,Urticaceae,Cecropia,Cecropia_insignis
4422,CR03,101,CR03-101,Urticaceae,Cecropia,Cecropia_insignis
4423,PR23,1,PR23-1,Cordiaceae,Cordia,Cordia_alliodora
4424,PR23,2,PR23-2,Cordiaceae,Cordia,Cordia_alliodora
4425,PR23,3,PR23-3,Phyllanthaceae,Hieronyma,Hieronyma_alchorneoides
4426,PR23,4,PR23-4,Phyllanthaceae,Hieronyma,Hieronyma_alchorneoides
4427,PR23,5,PR23-5,Euphorbiaceae,Sapium,Sapium_glandulosum
4428,PR23,6,PR23-6,Simaroubaceae,Simarouba,Simarouba_amara
4429,PR23,7,PR23-7,Lamiaceae,Gmelina,Gmelina_arborea
4430,PR23,8,PR23-8,Asteraceae,Vernonanthura,Vernonanthura_patens
4431,PR23,9,PR23-9,Lamiaceae,Gmelina,Gmelina_arborea
4432,PR23,10,PR23-10,Malvaceae,Apeiba,Apeiba_membranacea
4433,PR23,11,PR23-11,Malvaceae,Apeiba,Apeiba_membranacea
4434,PR32,1,PR32-1,Fabaceae,Inga,Inga_chocoensis
4435,PR32,2,PR32-2,Melastomataceae,Miconia,Miconia_conocuatrecasii
4436,PR32,3,PR32-3,Malvaceae,Apeiba,Apeiba_membranacea
4437,PR32,4,PR32-4,Malvaceae,Apeiba,Apeiba_membranacea
4438,PR32,5,PR32-5,Melastomataceae,Miconia,Miconia_conocuatrecasii
4439,PR32,6,PR32-6,Urticaceae,Cecropia,Cecropia_insignis
4440,PR32,7,PR32-7,Urticaceae,Cecropia,Cecropia_insignis
4441,PR32,8,PR32-8,Melastomataceae,Miconia,Miconia_'grande'
4442,PR32,9,PR32-9,Urticaceae,Cecropia,Cecropia_insignis
4443,PR32,10,PR32-10,Salicaceae,Banara,Banara_guianensis
4444,PR32,11,PR32-11,Arecaceae,Wettinia,Wettinia_quinaria
4445,PR32,12,PR32-12,Melastomataceae,Miconia,Miconia_conocuatrecasii
4446,PR32,13,PR32-13,Euphorbiaceae,Alchornea,Alchornea_grandis
4447,PR32,14,PR32-14,Primulaceae,Cybianthus,Cybianthus_kayapii
4448,PR32,15,PR32-15,Malvaceae,Pachira,Pachira_trinitensis
4449,PR32,16,PR32-16,Annonaceae,Annona,Annona_edulis
4450,PR32,17,PR32-17,Cordiaceae,Cordia,Cordia_alliodora
4451,PR32,18,PR32-18,Solanaceae,Cestrum,Cestrum_schlechtendalii
4452,PR32,19,PR32-19,Melastomataceae,Miconia,Miconia_conocuatrecasii
4453,PR32,20,PR32-20,Melastomataceae,Miconia,Miconia_conocuatrecasii
4454,PR32,21,PR32-21,Melastomataceae,Miconia,Miconia_conocuatrecasii
4455,PR32,22,PR32-22,Melastomataceae,Miconia,Miconia_conocuatrecasii
4456,PR32,23,PR32-23,Myristicaceae,Virola,Virola_reidii
4457,PR32,24,PR32-24,Calophyllaceae,Marila,Marila_laxiflora
4458,PR32,25,PR32-25,Rubiaceae,Palicourea,Palicourea_chignul
4459,PR32,26,PR32-26,Salicaceae,Banara,Banara_guianensis
4460,PR32,27,PR32-27,Myristicaceae,Virola,Virola_pavonis
4461,PR32,28,PR32-28,Cordiaceae,Cordia,Cordia_alliodora
4462,PR32,29,PR32-29,Urticaceae,Cecropia,Cecropia_insignis
4463,PR32,30,PR32-30,Polygonaceae,Coccoloba,Coccoloba_obovata
4464,PR32,31,PR32-31,Polygonaceae,Coccoloba,Coccoloba_obovata
4465,PR32,32,PR32-32,Melastomataceae,Miconia,Miconia_conocuatrecasii
4466,PR32,33,PR32-33,Arecaceae,Wettinia,Wettinia_quinaria
4467,PR32,34,PR32-34,Arecaceae,Wettinia,Wettinia_quinaria
4468,PR32,35,PR32-35,Myristicaceae,Virola,Virola_pavonis
4469,PR32,36,PR32-36,Arecaceae,Wettinia,Wettinia_quinaria
4470,PR32,37,PR32-37,Simaroubaceae,Simarouba,Simarouba_amara
4471,PR32,38,PR32-38,Melastomataceae,Miconia,Miconia_centronioides
4472,PR32,39,PR32-39,Melastomataceae,Miconia,Miconia_conocuatrecasii
4473,PR32,40,PR32-40,Hypericaceae,Vismia,Vismia_baccifera
4474,PR32,41,PR32-41,Melastomataceae,Miconia,Miconia_conocuatrecasii
4475,PR32,42,PR32-42,Melastomataceae,Miconia,Miconia_conocuatrecasii
4476,PR32,43,PR32-43,Solanaceae,Cestrum,Cestrum_schlechtendalii
4477,PR32,44,PR32-44,Arecaceae,Bactris,Bactris_setulosa
4478,PR32,45,PR32-45,Melastomataceae,Miconia,Miconia_'grande'
4479,PR32,46,PR32-46,Bignoniaceae,Jacaranda,Jacaranda_copaia
4480,PR32,47,PR32-47,Arecaceae,Wettinia,Wettinia_quinaria
4481,PR32,48,PR32-48,Arecaceae,Wettinia,Wettinia_quinaria
4482,PR32,49,PR32-49,Arecaceae,Wettinia,Wettinia_quinaria
4483,PR32,50,PR32-50,Arecaceae,Wettinia,Wettinia_quinaria
4484,PR32,51,PR32-51,Melastomataceae,Miconia,Miconia_'grande'
4485,PR32,52,PR32-52,Combretaceae,Terminalia,Terminalia_catappa
4486,PR32,53,PR32-53,NA,NA,NA
4487,PR32,54,PR32-54,Melastomataceae,Miconia,Miconia_conocuatrecasii
4488,PR32,55,PR32-55,Malvaceae,Apeiba,Apeiba_membranacea
4489,PR32,56,PR32-56,Lauraceae,Ocotea,Ocotea_floribunda
4490,PR32,57,PR32-57,Fabaceae,Inga,Inga_chocoensis
4491,PR32,58,PR32-58,Malvaceae,Pachira,Pachira_trinitensis
4492,PR32,59,PR32-59,Fabaceae,Inga,Inga_chocoensis
4493,PR32,60,PR32-60,Melastomataceae,Miconia,Miconia_conocuatrecasii
4494,PR32,61,PR32-61,Fabaceae,Inga,Inga_chocoensis
4495,PR32,62,PR32-62,Fabaceae,Andira,Andira_taurotesticulata
4496,PR32,63,PR32-63,Moraceae,Ficus,Ficus_pertusa
4497,PR32,64,PR32-64,Staphyleaceae,Turpinia,Turpinia_occidentalis
4498,PR32,65,PR32-65,Calophyllaceae,Marila,Marila_laxiflora
4499,PR32,66,PR32-66,Simaroubaceae,Simarouba,Simarouba_amara
4500,PR32,67,PR32-67,Lauraceae,Beilschmiedia,Beilschmiedia_alloiophylla
4501,PR32,68,PR32-68,Melastomataceae,Miconia,Miconia_'grande'
4502,PR32,69,PR32-69,Myristicaceae,Virola,Virola_pavonis
4503,PR32,70,PR32-70,NA,NA,NA
4504,PR32,71,PR32-71,Melastomataceae,Miconia,Miconia_centronioides
4505,PR32,72,PR32-72,Salicaceae,Banara,Banara_guianensis
4506,PR32,73,PR32-73,Urticaceae,Cecropia,Cecropia_insignis
4507,PR32,74,PR32-74,Hypericaceae,Vismia,Vismia_baccifera
4508,PR32,75,PR32-75,Melastomataceae,Miconia,Miconia_'grande'
4509,PR32,76,PR32-76,Salicaceae,Banara,Banara_guianensis
4510,PR32,77,PR32-77,Urticaceae,Cecropia,Cecropia_hispidissima
4511,PR32,78,PR32-78,Urticaceae,Cecropia,Cecropia_hispidissima
4512,PR32,79,PR32-79,Malvaceae,Apeiba,Apeiba_membranacea
4513,PR32,80,PR32-80,Myrtaceae,Psidium,Psidium_guajava
4514,PR32,81,PR32-81,Salicaceae,Banara,Banara_guianensis
4515,PR32,82,PR32-82,Melastomataceae,Miconia,Miconia_centronioides
4516,PR32,83,PR32-83,Hypericaceae,Vismia,Vismia_baccifera
4517,PR32,84,PR32-84,Rubiaceae,Palicourea,Palicourea_pseudaxillaris
4518,PR32,85,PR32-85,Annonaceae,Guatteria,Guatteria_pittieri
4519,PR32,86,PR32-86,Moraceae,Ficus,Ficus_macbridei
4520,PR32,87,PR32-87,Urticaceae,Cecropia,Cecropia_insignis
4521,PR32,88,PR32-88,Melastomataceae,Miconia,Miconia_conocuatrecasii
4522,PR32,89,PR32-89,Melastomataceae,Miconia,Miconia_conocuatrecasii
4523,PR32,90,PR32-90,Myristicaceae,Virola,Virola_pavonis
4524,PR32,91,PR32-91,Melastomataceae,Miconia,Miconia_'grande'
4525,PR32,92,PR32-92,Combretaceae,Terminalia,Terminalia_catappa
4526,PR32,93,PR32-93,Polygonaceae,Coccoloba,Coccoloba_obovata
4527,PR32,94,PR32-94,Fabaceae,Inga,Inga_jinicuil
4528,PR32,95,PR32-95,Arecaceae,Wettinia,Wettinia_quinaria
4529,PR32,96,PR32-96,Arecaceae,Bactris,Bactris_setulosa
4530,PR32,97,PR32-97,Salicaceae,Banara,Banara_guianensis
4531,PR32,98,PR32-98,Rubiaceae,Palicourea,Palicourea_pseudaxillaris
4532,PR32,99,PR32-99,Melastomataceae,Miconia,Miconia_'grande'
4533,PR32,100,PR32-100,Solanaceae,Cestrum,Cestrum_schlechtendalii
4534,PR32,101,PR32-101,Polygonaceae,Coccoloba,Coccoloba_obovata
4535,PR32,102,PR32-102,Melastomataceae,Miconia,Miconia_conocuatrecasii
4536,PR32,103,PR32-103,Calophyllaceae,Marila,Marila_podantha
4537,PR32,104,PR32-104,Euphorbiaceae,Alchornea,Alchornea_grandis
4538,PR32,105,PR32-105,Arecaceae,Wettinia,Wettinia_quinaria
4539,PR32,106,PR32-106,Urticaceae,Cecropia,Cecropia_insignis
4540,PR32,107,PR32-107,Myristicaceae,Virola,Virola_elongata
4541,CR08,1,CR08-1,Cannabaceae,Trema,Trema_micrantha
4542,CR08,2,CR08-2,Melastomataceae,Miconia,Miconia_variabilis
4543,CR08,3,CR08-3,Melastomataceae,Miconia,Miconia_conocuatrecasii
4544,CR08,4,CR08-4,Melastomataceae,Miconia,Miconia_elata
4545,CR08,5,CR08-5,Cannabaceae,Trema,Trema_micrantha
4546,CR08,6,CR08-6,Rubiaceae,Palicourea,Palicourea_paratinctoria
4547,CR08,7,CR08-7,Melastomataceae,Miconia,Miconia_'grande'
4548,CR08,8,CR08-8,Melastomataceae,Miconia,Miconia_conocuatrecasii
4549,CR08,9,CR08-9,Cannabaceae,Trema,Trema_micrantha
4550,CR08,10,CR08-10,Phyllanthaceae,Hieronyma,Hieronyma_alchorneoides
4551,CR08,11,CR08-11,Malvaceae,Theobroma,Theobroma_cacao
4552,CR08,12,CR08-12,Hypericaceae,Vismia,Vismia_baccifera
4553,CR08,13,CR08-13,Myristicaceae,Virola,Virola_pavonis
4554,CR08,14,CR08-14,Moraceae,Ficus,Ficus_brevibracteata
4555,CR08,15,CR08-15,Urticaceae,Cecropia,Cecropia_insignis
4556,CR08,16,CR08-16,Fabaceae,Cojoba,Cojoba_arborea
4557,CR08,17,CR08-17,Melastomataceae,Miconia,Miconia_elata
4558,CR08,18,CR08-18,Myristicaceae,Virola,Virola_reidii
4559,CR08,19,CR08-19,Lauraceae,Nectandra,Nectandra_guadaripo
4560,CR08,20,CR08-20,Lauraceae,Ocotea,Ocotea_mollifolia
4561,CR08,21,CR08-21,Lamiaceae,Aegiphila,Aegiphila_alba
4562,CR08,22,CR08-22,Malvaceae,Theobroma,Theobroma_cacao
4563,CR08,23,CR08-23,Melastomataceae,Miconia,Miconia_conocuatrecasii
4564,CR08,24,CR08-24,Melastomataceae,Miconia,Miconia_elata
4565,CR08,25,CR08-25,Melastomataceae,Miconia,Miconia_conocuatrecasii
4566,CR08,26,CR08-26,Vochysiaceae,Vochysia,Vochysia_macrophylla
4567,CR08,27,CR08-27,Melastomataceae,Miconia,Miconia_elata
4568,CR08,28,CR08-28,Malvaceae,Theobroma,Theobroma_cacao
4569,CR08,29,CR08-29,Moraceae,Ficus,Ficus_brevibracteata
4570,CR08,30,CR08-30,Melastomataceae,Miconia,Miconia_conocuatrecasii
4571,CR08,31,CR08-31,Salicaceae,Banara,Banara_guianensis
4572,CR08,32,CR08-32,Staphyleaceae,Turpinia,Turpinia_occidentalis
4573,CR08,33,CR08-33,Bignoniaceae,Jacaranda,Jacaranda_copaia
4574,CR08,34,CR08-34,Cannabaceae,Trema,Trema_micrantha
4575,CR08,35,CR08-35,Melastomataceae,Miconia,Miconia_conocuatrecasii
4576,CR08,36,CR08-36,Melastomataceae,Miconia,Miconia_'grande'
4577,CR08,37,CR08-37,Fabaceae,Inga,Inga_lallensis
4578,CR08,38,CR08-38,Myristicaceae,Virola,Virola_pavonis
4579,CR08,39,CR08-39,Lamiaceae,Aegiphila,Aegiphila_alba
4580,CR08,40,CR08-40,Malvaceae,Theobroma,Theobroma_cacao
4581,CR08,41,CR08-41,Malvaceae,Theobroma,Theobroma_cacao
4582,CR08,42,CR08-42,Melastomataceae,Miconia,Miconia_elata
4583,CR08,43,CR08-43,Staphyleaceae,Turpinia,Turpinia_occidentalis
4584,CR08,44,CR08-44,Malvaceae,Theobroma,Theobroma_cacao
4585,CR08,45,CR08-45,Melastomataceae,Miconia,Miconia_conocuatrecasii
4586,CR08,46,CR08-46,NA,NA,NA
4587,CR08,47,CR08-47,Urticaceae,Cecropia,Cecropia_insignis
4588,CR08,48,CR08-48,Melastomataceae,Miconia,Miconia_conocuatrecasii
4589,CR08,49,CR08-49,Melastomataceae,Miconia,Miconia_conocuatrecasii
4590,CR08,50,CR08-50,Rubiaceae,Palicourea,Palicourea_pseudaxillaris
4591,CR08,51,CR08-51,Malvaceae,Theobroma,Theobroma_cacao
4592,CR08,52,CR08-52,Melastomataceae,Miconia,Miconia_elata
4593,CR08,53,CR08-53,Malvaceae,Theobroma,Theobroma_cacao
4594,CR08,54,CR08-54,Malvaceae,Theobroma,Theobroma_cacao
4595,CR08,55,CR08-55,Cannabaceae,Trema,Trema_micrantha
4596,CR08,56,CR08-56,Melastomataceae,Miconia,Miconia_'grande'
4597,CR08,57,CR08-57,Melastomataceae,Miconia,Miconia_centronioides
4598,CR08,58,CR08-58,Melastomataceae,Miconia,Miconia_conocuatrecasii
4599,CR08,59,CR08-59,Phyllanthaceae,Hieronyma,Hieronyma_alchorneoides
4600,CR08,60,CR08-60,NA,NA,NA
4601,CR08,61,CR08-61,Melastomataceae,Miconia,Miconia_elata
4602,CR08,62,CR08-62,Melastomataceae,Miconia,Miconia_centronioides
4603,CR08,63,CR08-63,Melastomataceae,Miconia,Miconia_conocuatrecasii
4604,CR08,64,CR08-64,Malvaceae,Apeiba,Apeiba_membranacea
4605,CR08,65,CR08-65,Malvaceae,Apeiba,Apeiba_membranacea
4606,CR08,66,CR08-66,Malvaceae,Apeiba,Apeiba_membranacea
4607,CR08,67,CR08-67,Malvaceae,Apeiba,Apeiba_membranacea
4608,CR08,68,CR08-68,Malvaceae,Apeiba,Apeiba_membranacea
4609,CR08,69,CR08-69,Malvaceae,Apeiba,Apeiba_membranacea
4610,CR08,70,CR08-70,Moraceae,Brosimum,Brosimum_guianense
4611,CR08,71,CR08-71,Fabaceae,Inga,Inga_lallensis
4612,CR08,72,CR08-72,Lauraceae,Ocotea,Ocotea_mollifolia
4613,CR08,73,CR08-73,Rutaceae,Zanthoxylum,Zanthoxylum_riedelianum
4614,CR08,74,CR08-74,Malvaceae,Apeiba,Apeiba_membranacea
4615,CR08,75,CR08-75,Myristicaceae,Virola,Virola_pavonis
4616,CR08,76,CR08-76,Sapotaceae,Sarcaulus,Sarcaulus_brasiliensis
4617,CR08,77,CR08-77,Myristicaceae,Virola,Virola_pavonis
4618,CR08,78,CR08-78,Cannabaceae,Trema,Trema_micrantha
4619,CR08,79,CR08-79,Cannabaceae,Trema,Trema_micrantha
4620,CR08,80,CR08-80,Cannabaceae,Trema,Trema_micrantha
4621,CR08,81,CR08-81,Fabaceae,Inga,Inga_lallensis
4622,CR08,82,CR08-82,Sapotaceae,Chrysophyllum,Chrysophyllum_argenteum
4623,CR08,83,CR08-83,NA,NA,NA
4624,CR08,84,CR08-84,NA,NA,NA
4625,CR08,85,CR08-85,Malvaceae,Apeiba,Apeiba_membranacea
4626,CR08,86,CR08-86,Malvaceae,Apeiba,Apeiba_membranacea
4627,CR08,87,CR08-87,Moraceae,Sorocea,Sorocea_sarcocarpa
4628,CR08,88,CR08-88,Malvaceae,Apeiba,Apeiba_membranacea
4629,CR08,89,CR08-89,Fabaceae,Inga,Inga_stenoptera
4630,CR08,90,CR08-90,Phyllanthaceae,Hieronyma,Hieronyma_alchorneoides
4631,CR08,91,CR08-91,Malvaceae,Apeiba,Apeiba_membranacea
4632,CR08,92,CR08-92,Fabaceae,Inga,Inga_lallensis
4633,CR08,93,CR08-93,Fabaceae,Inga,Inga_lallensis
4634,CR08,94,CR08-94,Fabaceae,Inga,Inga_lallensis
4635,CR08,95,CR08-95,Cannabaceae,Trema,Trema_micrantha
4636,CR08,96,CR08-96,Fabaceae,Inga,Inga_lallensis
4637,CR08,97,CR08-97,Melastomataceae,Miconia,Miconia_elata
4638,CR08,98,CR08-98,Melastomataceae,Miconia,Miconia_elata
4639,CR08,99,CR08-99,Melastomataceae,Miconia,Miconia_conocuatrecasii
4640,CR08,100,CR08-100,Lamiaceae,Vitex,Vitex_cymosa
4641,CR08,101,CR08-101,Rubiaceae,Isertia,Isertia_pittieri
4642,CR08,102,CR08-102,Melastomataceae,Miconia,Miconia_elata
4643,CR08,103,CR08-103,Fabaceae,Inga,Inga_lallensis
4644,CR08,104,CR08-104,Fabaceae,Pterocarpus,Pterocarpus_rohrii
4645,CR08,105,CR08-105,Urticaceae,Cecropia,Cecropia_insignis
4646,CR08,106,CR08-106,Lamiaceae,Aegiphila,Aegiphila_alba
4647,CR08,107,CR08-107,Rubiaceae,Palicourea,Palicourea_pseudaxillaris
4648,CR08,108,CR08-108,Melastomataceae,Miconia,Miconia_conocuatrecasii
4649,CR08,109,CR08-109,Melastomataceae,Miconia,Miconia_conocuatrecasii
4650,CR08,110,CR08-110,Myristicaceae,Virola,Virola_pavonis
4651,CR08,111,CR08-111,Urticaceae,Cecropia,Cecropia_insignis
4652,CR08,112,CR08-112,Malvaceae,Theobroma,Theobroma_cacao
4653,CR08,113,CR08-113,Urticaceae,Cecropia,Cecropia_insignis
4654,CR08,114,CR08-114,Malvaceae,Theobroma,Theobroma_cacao
4655,CR08,115,CR08-115,Malvaceae,Theobroma,Theobroma_cacao
4656,CR08,116,CR08-116,Urticaceae,Cecropia,Cecropia_insignis
4657,CR08,117,CR08-117,Melastomataceae,Miconia,Miconia_elata
4658,CR08,118,CR08-118,Cannabaceae,Trema,Trema_micrantha
4659,CR08,119,CR08-119,Myristicaceae,Virola,Virola_pavonis
4660,CR08,120,CR08-120,Cannabaceae,Trema,Trema_micrantha
4661,CR08,121,CR08-121,Cannabaceae,Trema,Trema_micrantha
4662,CR08,122,CR08-122,Malvaceae,Theobroma,Theobroma_cacao
4663,CR08,123,CR08-123,Lamiaceae,Aegiphila,Aegiphila_alba
4664,CR08,124,CR08-124,Malvaceae,Theobroma,Theobroma_cacao
4665,CR08,125,CR08-125,Malvaceae,Theobroma,Theobroma_cacao
4666,CR08,126,CR08-126,Malvaceae,Theobroma,Theobroma_cacao
4667,CR08,127,CR08-127,Lamiaceae,Aegiphila,Aegiphila_alba
4668,CR08,128,CR08-128,Urticaceae,Cecropia,Cecropia_insignis
4669,CR08,129,CR08-129,Staphyleaceae,Turpinia,Turpinia_occidentalis
4670,CR08,130,CR08-130,Lamiaceae,Aegiphila,Aegiphila_alba
4671,CR08,131,CR08-131,Malvaceae,Theobroma,Theobroma_cacao
4672,CR08,132,CR08-132,Malvaceae,Theobroma,Theobroma_cacao
4673,CR08,133,CR08-133,Malvaceae,Theobroma,Theobroma_cacao
4674,CR08,134,CR08-134,Urticaceae,Cecropia,Cecropia_insignis
4675,CR08,135,CR08-135,Malvaceae,Theobroma,Theobroma_cacao
4676,CR08,136,CR08-136,Urticaceae,Cecropia,Cecropia_insignis
4677,CR08,137,CR08-137,Hypericaceae,Vismia,Vismia_baccifera
4678,CR08,138,CR08-138,Asteraceae,Vernonanthura,Vernonanthura_patens
4679,CR08,139,CR08-139,Fabaceae,Inga,Inga_lallensis
4680,CR08,140,CR08-140,Malvaceae,Theobroma,Theobroma_cacao
4681,CR08,141,CR08-141,Lamiaceae,Aegiphila,Aegiphila_alba
4682,CR08,142,CR08-142,Malvaceae,Theobroma,Theobroma_cacao
4683,CR08,143,CR08-143,Malvaceae,Theobroma,Theobroma_cacao
4684,CR08,144,CR08-144,Hypericaceae,Vismia,Vismia_baccifera
4685,CR08,145,CR08-145,Malvaceae,Theobroma,Theobroma_cacao
4686,CR08,146,CR08-146,Malvaceae,Theobroma,Theobroma_cacao
4687,CR08,147,CR08-147,Bignoniaceae,Handroanthus,Handroanthus_chrysanthus
4688,CR08,148,CR08-148,Malvaceae,Theobroma,Theobroma_cacao
4689,CR08,149,CR08-149,Moraceae,Ficus,Ficus_brevibracteata
4690,CR08,150,CR08-150,Melastomataceae,Miconia,Miconia_conocuatrecasii
4691,CR08,151,CR08-151,Malvaceae,Apeiba,Apeiba_membranacea
4692,CR08,152,CR08-152,Moraceae,Ficus,Ficus_brevibracteata
4693,CR08,153,CR08-153,Malvaceae,Huberodendron,Huberodendron_patinoi
4694,CR08,154,CR08-154,Salicaceae,Tetrathylacium,Tetrathylacium_macrophyllum
4695,CR08,155,CR08-155,Salicaceae,Tetrathylacium,Tetrathylacium_macrophyllum
4696,CR08,156,CR08-156,Salicaceae,Tetrathylacium,Tetrathylacium_macrophyllum
4697,CR08,157,CR08-157,Salicaceae,Tetrathylacium,Tetrathylacium_macrophyllum
4698,CR08,158,CR08-158,Cannabaceae,Trema,Trema_micrantha
4699,CR08,159,CR08-159,Salicaceae,Tetrathylacium,Tetrathylacium_macrophyllum
4700,CR08,160,CR08-160,Salicaceae,Tetrathylacium,Tetrathylacium_macrophyllum
4701,CR08,161,CR08-161,Salicaceae,Tetrathylacium,Tetrathylacium_macrophyllum
4702,CR08,162,CR08-162,Fabaceae,Inga,Inga_lallensis
4703,CR08,163,CR08-163,Cannabaceae,Trema,Trema_micrantha
4704,CR08,164,CR08-164,Cannabaceae,Trema,Trema_micrantha
4705,PR19,1,PR19-1,Urticaceae,Cecropia,Cecropia_insignis
4706,PR19,2,PR19-2,Cyatheaceae,Cyathea,Cyathea_sp.1
4707,PR19,3,PR19-3,Fabaceae,Zygia,Zygia_longifolia
4708,PR19,4,PR19-4,Asteraceae,Vernonanthura,Vernonanthura_patens
4709,PR19,5,PR19-5,Asteraceae,Vernonanthura,Vernonanthura_patens
4710,PR19,6,PR19-6,Salicaceae,Casearia,Casearia_acuminata
4711,PR19,7,PR19-7,Asteraceae,Vernonanthura,Vernonanthura_patens
4712,PR19,8,PR19-8,Sapindaceae,Cupania,Cupania_americana
4713,PR19,9,PR19-9,Malvaceae,Ochroma,Ochroma_pyramidale
4714,PR19,10,PR19-10,Urticaceae,Cecropia,Cecropia_insignis
4715,PR19,11,PR19-11,Asteraceae,Vernonanthura,Vernonanthura_patens
4716,PR19,12,PR19-12,Myristicaceae,Virola,Virola_pavonis
4717,PR19,13,PR19-13,Sapindaceae,Cupania,Cupania_americana
4718,PR19,14,PR19-14,NA,NA,NA
4719,PR19,15,PR19-15,Fabaceae,Inga,Inga_oerstediana
4720,PR19,16,PR19-16,Fabaceae,Inga,Inga_oerstediana
4721,PR19,17,PR19-17,Melastomataceae,Miconia,Miconia_'grande'
4722,PR19,18,PR19-18,Melastomataceae,Miconia,Miconia_conocuatrecasii
4723,PR19,19,PR19-19,Sapindaceae,Cupania,Cupania_americana
4724,PR19,20,PR19-20,NA,NA,NA
4725,PR19,21,PR19-21,Urticaceae,Cecropia,Cecropia_insignis
4726,PR19,22,PR19-22,Combretaceae,Terminalia,Terminalia_catappa
4727,PR19,23,PR19-23,Urticaceae,Cecropia,Cecropia_insignis
4728,PR19,24,PR19-24,Salicaceae,Casearia,Casearia_arborea
4729,PR19,25,PR19-25,Salicaceae,Casearia,Casearia_arborea
4730,PR19,26,PR19-26,Urticaceae,Cecropia,Cecropia_hispidissima
4731,PR19,27,PR19-27,Myristicaceae,Virola,Virola_pavonis
4732,PR19,28,PR19-28,Lamiaceae,Vitex,Vitex_cymosa
4733,PR19,29,PR19-29,Sapindaceae,Cupania,Cupania_americana
4734,PR19,30,PR19-30,Melastomataceae,Miconia,Miconia_'grande'
4735,PR19,31,PR19-31,Bignoniaceae,Jacaranda,Jacaranda_copaia
4736,PR19,32,PR19-32,Fabaceae,Inga,Inga_oerstediana
4737,PR19,33,PR19-33,Melastomataceae,Miconia,Miconia_'grande'
4738,PR19,34,PR19-34,Sapindaceae,Cupania,Cupania_americana
4739,PR19,35,PR19-35,Sapindaceae,Cupania,Cupania_americana
4740,PR19,36,PR19-36,Salicaceae,Casearia,Casearia_arborea
4741,PR19,37,PR19-37,Rubiaceae,Genipa,Genipa_americana
4742,PR19,38,PR19-38,Melastomataceae,Miconia,Miconia_'grande'
4743,PR19,39,PR19-39,Melastomataceae,Miconia,Miconia_'grande'
4744,PR19,40,PR19-40,Sapindaceae,Cupania,Cupania_americana
4745,PR19,41,PR19-41,Ochnaceae,Cespedesia,Cespedesia_spathulata
4746,PR19,42,PR19-42,Salicaceae,Casearia,Casearia_arborea
4747,PR19,43,PR19-43,Asteraceae,Vernonanthura,Vernonanthura_patens
4748,PR19,44,PR19-44,Asteraceae,Vernonanthura,Vernonanthura_patens
4749,PR19,45,PR19-45,Asteraceae,Vernonanthura,Vernonanthura_patens
4750,PR19,46,PR19-46,Urticaceae,Cecropia,Cecropia_insignis
4751,OG45,1,OG45-1,Melastomataceae,Conostegia,Conostegia_cuatrecasasii
4752,OG45,2,OG45-2,Clusiaceae,Tovomita,Tovomita_longifolia
4753,OG45,3,OG45-3,Fabaceae,Vatairea,Vatairea_erythrocarpa
4754,OG45,4,OG45-4,Fabaceae,Inga,Inga_hayesii
4755,OG45,5,OG45-5,Coardiaceae,Cordia,Cordia_bicolor
4756,OG45,6,OG45-6,Lecythidaceae,Eschweilera,Eschweilera_rimbachii
4757,OG45,7,OG45-7,Fabaceae,Swartzia,Swartzia_haughtii
4758,OG45,8,OG45-8,Myrtaceae,Eugenia,Eugenia_sericifolia
4759,OG45,9,OG45-9,Burseraceae,Protium,Protium_colombianum
4760,OG45,10,OG45-10,Sapotaceae,Pouteria,Pouteria_torta
4761,OG45,11,OG45-11,Fabaceae,Dussia,Dussia_lehmannii
4762,OG45,12,OG45-12,Lauraceae,Nectandra,Nectandra_guadaripo
4763,OG45,13,OG45-13,Rubiaceae,Palicourea,Palicourea_timbiquensis
4764,OG45,14,OG45-14,Euphorbiaceae,Tetrorchidium,Tetrorchidium_andinum
4765,OG45,15,OG45-15,Myristicaceae,Compsoneura,Compsoneura_atopa
4766,OG45,16,OG45-16,Malvaceae,Matisia,Matisia_castano
4767,OG45,17,OG45-17,Fabaceae,Inga,Inga_leiocalycina
4768,OG45,18,OG45-18,Rubiaceae,Palicourea,Palicourea_timbiquensis
4769,OG45,19,OG45-19,Moraceae,Sorocea,Sorocea_sarcocarpa
4770,OG45,20,OG45-20,Fabaceae,Swartzia,Swartzia_haughtii
4771,OG45,21,OG45-21,Malvaceae,Theobroma,Theobroma_chocoensis
4772,OG45,22,OG45-22,Arecaceae,Wettinia,Wettinia_quinaria
4773,OG45,23,OG45-23,Myristicaceae,Compsoneura,Compsoneura_sprucei
4774,OG45,24,OG45-24,Fabaceae,Andira,Andira_taurotesticulata
4775,OG45,25,OG45-25,Malvaceae,Matisia,Matisia_cordata
4776,OG45,26,OG45-26,Rubiaceae,Palicourea,Palicourea_timbiquensis
4777,OG45,27,OG45-27,Arecaceae,Wettinia,Wettinia_quinaria
4778,OG45,28,OG45-28,Rubiaceae,Pentagonia,Pentagonia_grandiflora
4779,OG45,29,OG45-29,Fabaceae,Inga,Inga_ruiziana
4780,OG45,30,OG45-30,Rubiaceae,Faramea,Faramea_eurycarpa
4781,OG45,31,OG45-31,Myristicaceae,Otoba,Otoba_novogranatensis
4782,OG45,32,OG45-32,Fabaceae,Macrolobium,Macrolobium_ischnocalyx
4783,OG45,33,OG45-33,Rubiaceae,Palicourea,Palicourea_timbiquensis
4784,OG45,34,OG45-34,Moraceae,Perebea,Perebea_xanthochyma
4785,OG45,35,OG45-35,Malvaceae,Matisia,Matisia_castano
4786,OG45,36,OG45-36,Metteniusaceae,Metteniusa,Metteniusa_tessmanniana
4787,OG45,37,OG45-37,Arecaceae,Iriartea,Iriartea_deltoidea
4788,OG45,38,OG45-38,Myristicaceae,Otoba,Otoba_novogranatensis
4789,OG45,39,OG45-39,Sapotaceae,Pouteria,Pouteria_OG45-39
4790,OG45,40,OG45-40,Fabaceae,Inga,Inga_leiocalycina
4791,OG45,41,OG45-41,Burseraceae,Protium,Protium_colombianum
4792,OG45,42,OG45-42,Meliaceae,Trichilia,Trichilia_septentrionalis
4793,OG45,43,OG45-43,Meliaceae,Guarea,Guarea_kunthiana
4794,OG45,44,OG45-44,Clusiaceae,Tovomita,Tovomita_weddelliana
4795,OG45,45,OG45-45,Fabaceae,Vatairea,Vatairea_erythrocarpa
4796,OG45,46,OG45-46,Clusiaceae,Tovomita,Tovomita_weddelliana
4797,OG45,47,OG45-47,Fabaceae,Vatairea,Vatairea_erythrocarpa
4798,OG45,48,OG45-48,Staphyleaceae,Turpinia,Turpinia_occidentalis
4799,OG45,49,OG45-49,Fabaceae,Vatairea,Vatairea_erythrocarpa
4800,OG45,50,OG45-50,Primulaceae,Cybianthus,Cybianthus_kayapii
4801,OG45,51,OG45-51,Metteniusaceae,Metteniusa,Metteniusa_tessmanniana
4802,OG45,52,OG45-52,Malvaceae,Theobroma,Theobroma_gileri
4803,OG45,53,OG45-53,Urticaceae,Cecropia,Cecropia_insignis
4804,OG45,54,OG45-54,Fabaceae,Vatairea,Vatairea_erythrocarpa
4805,OG45,55,OG45-55,Myristicaceae,Otoba,Otoba_novogranatensis
4806,OG45,56,OG45-56,Fabaceae,Macrolobium,Macrolobium_ischnocalyx
4807,OG45,57,OG45-57,Malpighiaceae,Byrsonima,Byrsonima_putumayensis
4808,OG45,58,OG45-58,Burseraceae,Protium,Protium_colombianum
4809,OG45,59,OG45-59,NA,NA,NA
4810,OG45,60,OG45-60,Rubiaceae,Palicourea,Palicourea_timbiquensis
4811,OG45,61,OG45-61,Myrtaceae,Myrcia,Myrcia_fallax
4812,OG45,62,OG45-62,Coardiaceae,Cordia,Cordia_bicolor
4813,OG45,63,OG45-63,Fabaceae,Vatairea,Vatairea_erythrocarpa
4814,OG45,64,OG45-64,Apocynaceae,Aspidosperma,Aspidosperma_spruceanum
4815,OG45,65,OG45-65,Erythropalaceae,Heisteria,Heisteria_concinna
4816,OG45,66,OG45-66,Burseraceae,Protium,Protium_colombianum
4817,OG45,67,OG45-67,Fabaceae,Inga,Inga_leiocalycina
4818,OG45,68,OG45-68,Fabaceae,Inga,Inga_jinicuil
4819,OG45,69,OG45-69,Fabaceae,Inga,Inga_'guabillo_rojo'
4820,OG45,70,OG45-70,Myristicaceae,Osteophloeum,Osteophloeum_platyspermum
4821,OG45,71,OG45-71,Chrysobalanaceae,Couepia,Couepia_subcordata
4822,OG45,72,OG45-72,Fabaceae,Vatairea,Vatairea_erythrocarpa
4823,OG45,73,OG45-73,Metteniusaceae,Metteniusa,Metteniusa_tessmanniana
4824,OG45,74,OG45-74,Rubiaceae,Randia,Randia_armata
4825,OG45,75,OG45-75,Rubiaceae,Ladenbergia,Ladenbergia_pavonii
4826,OG45,76,OG45-76,Fabaceae,Dussia,Dussia_lehmannii
4827,OG45,77,OG45-77,NA,NA,NA
4828,OG45,78,OG45-78,Myristicaceae,Otoba,Otoba_novogranatensis
4829,OG45,79,OG45-79,Myrtaceae,Myrcia,Myrcia_fallax
4830,OG45,80,OG45-80,Arecaceae,Pholidostachys,Pholidostachys_dactyloides
4831,OG45,81,OG45-81,Clusiaceae,Tovomita,Tovomita_longifolia
4832,OG45,82,OG45-82,Clusiaceae,Tovomita,Tovomita_longifolia
4833,OG45,83,OG45-83,Arecaceae,Prestoea,Prestoea_ensiformis
4834,OG45,84,OG45-84,Clusiaceae,Tovomita,Tovomita_longifolia
4835,OG45,85,OG45-85,Clusiaceae,Symphonia,Symphonia_globulifera
4836,OG45,86,OG45-86,Malvaceae,Theobroma,Theobroma_gileri
4837,OG45,87,OG45-87,Malvaceae,Matisia,Matisia_longipes
4838,OG45,88,OG45-88,Malvaceae,Theobroma,Theobroma_gileri
4839,OG45,89,OG45-89,Burseraceae,Protium,Protium_colombianum
4840,OG45,90,OG45-90,Meliaceae,Carapa,Carapa_guianensis
4841,OG45,91,OG45-91,Clusiaceae,Tovomita,Tovomita_longifolia
4842,OG45,92,OG45-92,Fabaceae,Inga,Inga_'guabillo_rojo'
4843,OG45,93,OG45-93,Rubiaceae,Pentagonia,Pentagonia_involucrata
4844,OG45,94,OG45-94,Fabaceae,Inga,Inga_pezizifera
4845,OG45,95,OG45-95,Arecaceae,Prestoea,Prestoea_ensiformis
4846,OG45,96,OG45-96,Arecaceae,Wettinia,Wettinia_quinaria
4847,OG45,97,OG45-97,Arecaceae,Prestoea,Prestoea_ensiformis
4848,OG45,98,OG45-98,Rubiaceae,Ladenbergia,Ladenbergia_pavonii
4849,OG45,99,OG45-99,Fabaceae,Inga,Inga_carinata
4850,OG45,100,OG45-100,Arecaceae,Prestoea,Prestoea_ensiformis
4851,OG45,101,OG45-101,Myrtaceae,Myrcia,Myrcia_fallax
4852,OG45,102,OG45-102,Hernandiaceae,Hernandia,Hernandia_didymantha
4853,OG45,103,OG45-103,Piperaceae,Piper,Piper_pseudonobile
4854,OG45,104,OG45-104,Fabaceae,Inga,Inga_jinicuil
4855,OG45,105,OG45-105,Lecythidaceae,Eschweilera,Eschweilera_integrifolia
4856,OG45,106,OG45-106,Fabaceae,Inga,Inga_thibaudiana
4857,OG45,107,OG45-107,Urticaceae,Cecropia,Cecropia_insignis
4858,OG45,108,OG45-108,Rubiaceae,Palicourea,Palicourea_timbiquensis
4859,OG45,109,OG45-109,Annonaceae,Annona,Annona_papilionella
4860,OG45,110,OG45-110,Myristicaceae,Compsoneura,Compsoneura_atopa
4861,OG45,111,OG45-111,Arecaceae,Wettinia,Wettinia_quinaria
4862,OG45,112,OG45-112,Fabaceae,Vatairea,Vatairea_erythrocarpa
4863,OG45,113,OG45-113,Rubiaceae,Palicourea,Palicourea_timbiquensis
4864,OG45,114,OG45-114,Rubiaceae,Palicourea,Palicourea_timbiquensis
4865,OG45,115,OG45-115,Urticaceae,Pourouma,Pourouma_minor
4866,OG45,116,OG45-116,Rubiaceae,Palicourea,Palicourea_timbiquensis
4867,OG45,117,OG45-117,Moraceae,Clarisia,Clarisia_biflora
4868,OG45,118,OG45-118,Arecaceae,Oenocarpus,Oenocarpus_bataua
4869,OG45,119,OG45-119,Melastomataceae,Miconia,Miconia_sp.1
4870,OG45,120,OG45-120,Malvaceae,Apeiba,Apeiba_membranacea
4871,OG45,121,OG45-121,Myristicaceae,Virola,Virola_reidii
4872,OG45,122,OG45-122,Myristicaceae,Otoba,Otoba_novogranatensis
4873,OG45,123,OG45-123,Myristicaceae,Virola,Virola_pavonis
4874,OG45,124,OG45-124,Malvaceae,Theobroma,Theobroma_gileri
4875,OG45,125,OG45-125,Myristicaceae,Otoba,Otoba_novogranatensis
4876,OG45,126,OG45-126,Fabaceae,Inga,Inga_leiocalycina
4877,OG45,127,OG45-127,Arecaceae,Wettinia,Wettinia_quinaria
4878,OG45,128,OG45-128,Arecaceae,Prestoea,Prestoea_ensiformis
4879,OG45,129,OG45-129,Arecaceae,Pholidostachys,Pholidostachys_dactyloides
4880,OG45,130,OG45-130,Urticaceae,Cecropia,Cecropia_insignis
4881,OG45,131,OG45-131,Malvaceae,Apeiba,Apeiba_membranacea
4882,OG45,132,OG45-132,Rubiaceae,Palicourea,Palicourea_timbiquensis
4883,OG45,133,OG45-133,Lecythidaceae,Eschweilera,Eschweilera_rimbachii
4884,OG45,134,OG45-134,Rubiaceae,Palicourea,Palicourea_paratinctoria
4885,OG45,135,OG45-135,Cyatheaceae,Cyathea,Cyathea_sp.1
4886,OG45,136,OG45-136,Sapotaceae,Pouteria,Pouteria_buenaventurensis
4887,OG45,137,OG45-137,Myristicaceae,Compsoneura,Compsoneura_atopa
4888,OG45,138,OG45-138,Chrysobalanaceae,Licania,Licania_celiae
4889,OG45,139,OG45-139,Metteniusaceae,Metteniusa,Metteniusa_tessmanniana
4890,OG45,140,OG45-140,Fabaceae,Inga,Inga_'guabillo_rojo'
4891,OG45,141,OG45-141,Rubiaceae,Palicourea,Palicourea_timbiquensis
4892,OG45,142,OG45-142,Myristicaceae,Compsoneura,Compsoneura_atopa
4893,OG45,143,OG45-143,Arecaceae,Prestoea,Prestoea_ensiformis
4894,OG45,144,OG45-144,Clusiaceae,Tovomita,Tovomita_longifolia
4895,OG45,145,OG45-145,Meliaceae,Carapa,Carapa_guianensis
4896,OG45,146,OG45-146,Lecythidaceae,Eschweilera,Eschweilera_integrifolia
4897,OG45,147,OG45-147,Malvaceae,Apeiba,Apeiba_membranacea
4898,OG45,148,OG45-148,Clusiaceae,Chrysochlamys,Chrysochlamys_membranacea
4899,OG45,149,OG45-149,Icacinaceae,Discophora,Discophora_guianensis
4900,OG45,150,OG45-150,Rubiaceae,Palicourea,Palicourea_timbiquensis
4901,OG45,151,OG45-151,Malvaceae,Theobroma,Theobroma_gileri
4902,OG45,152,OG45-152,Arecaceae,Prestoea,Prestoea_ensiformis
4903,OG45,153,OG45-153,Malvaceae,Theobroma,Theobroma_gileri
4904,OG45,154,OG45-154,Lauraceae,Caryodaphnopsis,Caryodaphnopsis_theobromifolia
4905,OG45,155,OG45-155,Malvaceae,Matisia,Matisia_castano
4906,OG45,156,OG45-156,Arecaceae,Wettinia,Wettinia_quinaria
4907,OG45,157,OG45-157,Fabaceae,Vatairea,Vatairea_erythrocarpa
4908,OG45,158,OG45-158,Apocynaceae,Tabernaemontana,Tabernaemontana_columbiensis
4909,OG45,159,OG45-159,Clusiaceae,Tovomita,Tovomita_longifolia
4910,OG45,160,OG45-160,Arecaceae,Prestoea,Prestoea_ensiformis
4911,OG45,161,OG45-161,Malvaceae,Apeiba,Apeiba_membranacea
4912,OG45,162,OG45-162,Arecaceae,Wettinia,Wettinia_quinaria
4913,OG45,163,OG45-163,Clusiaceae,Tovomita,Tovomita_longifolia
4914,OG45,164,OG45-164,Arecaceae,Iriartea,Iriartea_deltoidea
4915,OG45,165,OG45-165,Clusiaceae,Tovomita,Tovomita_longifolia
4916,OG45,166,OG45-166,Meliaceae,Guarea,Guarea_kunthiana
4917,OG45,167,OG45-167,Clusiaceae,Tovomita,Tovomita_longifolia
4918,OG45,168,OG45-168,Clusiaceae,Tovomita,Tovomita_longifolia
4919,OG45,169,OG45-169,Fabaceae,Inga,Inga_leiocalycina
4920,OG45,170,OG45-170,Rubiaceae,Palicourea,Palicourea_timbiquensis
4921,OG45,171,OG45-171,Arecaceae,Wettinia,Wettinia_quinaria
4922,OG45,172,OG45-172,Clusiaceae,Tovomita,Tovomita_longifolia
4923,OG45,173,OG45-173,Clusiaceae,Tovomita,Tovomita_longifolia
4924,OG45,174,OG45-174,Clusiaceae,Tovomita,Tovomita_longifolia
4925,OG45,175,OG45-175,Erythropalaceae,Heisteria,Heisteria_pacifica
4926,OG45,176,OG45-176,Arecaceae,Iriartea,Iriartea_deltoidea
4927,OG45,177,OG45-177,Arecaceae,Wettinia,Wettinia_quinaria
4928,OG45,178,OG45-178,Arecaceae,Wettinia,Wettinia_quinaria
4929,OG45,179,OG45-179,Apocynaceae,Tabernaemontana,Tabernaemontana_columbiensis
4930,OG45,180,OG45-180,Clusiaceae,Tovomita,Tovomita_longifolia
4931,OG45,181,OG45-181,Malvaceae,Theobroma,Theobroma_gileri
4932,OG45,182,OG45-182,Meliaceae,Carapa,Carapa_guianensis
4933,OG45,183,OG45-183,Chrysobalanaceae,Couepia,Couepia_subcordata
4934,OG45,184,OG45-184,Myristicaceae,Compsoneura,Compsoneura_atopa
4935,OG45,185,OG45-185,Myrtaceae,Eugenia,Eugenia_oerstediana
4936,OG45,186,OG45-186,Fabaceae,Inga,Inga_'guabillo_rojo'
4937,OG45,187,OG45-187,Urticaceae,Pourouma,Pourouma_guianensis
4938,OG45,188,OG45-188,Myristicaceae,Otoba,Otoba_novogranatensis
4939,CR11,1,CR11-1,Melastomataceae,Miconia,Miconia_conocuatrecasii
4940,CR11,2,CR11-2,Melastomataceae,Miconia,Miconia_conocuatrecasii
4941,CR11,3,CR11-3,Fabaceae,Pterocarpus,Pterocarpus_rohrii
4942,CR11,4,CR11-4,Salicaceae,Banara,Banara_guianensis
4943,CR11,5,CR11-5,Melastomataceae,Miconia,Miconia_conocuatrecasii
4944,CR11,6,CR11-6,Melastomataceae,Miconia,Miconia_conocuatrecasii
4945,CR11,7,CR11-7,Melastomataceae,Miconia,Miconia_conocuatrecasii
4946,CR11,8,CR11-8,Melastomataceae,Miconia,Miconia_'grande'
4947,CR11,9,CR11-9,Melastomataceae,Miconia,Miconia_conocuatrecasii
4948,CR11,10,CR11-10,Melastomataceae,Miconia,Miconia_'grande'
4949,CR11,11,CR11-11,Urticaceae,Cecropia,Cecropia_hispidissima
4950,CR11,12,CR11-12,Melastomataceae,Miconia,Miconia_conocuatrecasii
4951,CR11,13,CR11-13,Melastomataceae,Miconia,Miconia_'grande'
4952,CR11,14,CR11-14,Arecaceae,Pholidostachys,Pholidostachys_dactyloides
4953,CR11,15,CR11-15,Melastomataceae,Miconia,Miconia_conocuatrecasii
4954,CR11,16,CR11-16,Nyctaginaceae,Neea,Neea_CR11-16
4955,CR11,17,CR11-17,Burseraceae,Protium,Protium_ecuadorense
4956,CR11,18,CR11-18,Arecaceae,Wettinia,Wettinia_quinaria
4957,CR11,19,CR11-19,Fabaceae,Inga,Inga_thibaudiana
4958,CR11,20,CR11-20,Arecaceae,Wettinia,Wettinia_quinaria
4959,CR11,21,CR11-21,Myristicaceae,Virola,Virola_elongata
4960,CR11,22,CR11-22,Malvaceae,Apeiba,Apeiba_membranacea
4961,CR11,23,CR11-23,Coardiaceae,Cordia,Cordia_bicolor
4962,CR11,24,CR11-24,Myristicaceae,Otoba,Otoba_novogranatensis
4963,CR11,25,CR11-25,Fabaceae,Vatairea,Vatairea_erythrocarpa
4964,CR11,26,CR11-26,Fabaceae,Vatairea,Vatairea_erythrocarpa
4965,CR11,27,CR11-27,Fabaceae,Inga,Inga_carinata
4966,CR11,28,CR11-28,Moraceae,Ficus,Ficus_brevibracteata
4967,CR11,29,CR11-29,Melastomataceae,Miconia,Miconia_'grande'
4968,CR11,30,CR11-30,Melastomataceae,Miconia,Miconia_conocuatrecasii
4969,CR11,31,CR11-31,Melastomataceae,Miconia,Miconia_'grande'
4970,CR11,32,CR11-32,Lauraceae,Ocotea,Ocotea_sp.3
4971,CR11,33,CR11-33,Annonaceae,Guatteria,Guatteria_microcarpa
4972,CR11,34,CR11-34,Moraceae,Perebea,Perebea_xanthochyma
4973,CR11,35,CR11-35,Melastomataceae,Miconia,Miconia_'grande'
4974,CR11,36,CR11-36,Melastomataceae,Miconia,Miconia_'grande'
4975,CR11,37,CR11-37,Melastomataceae,Miconia,Miconia_'grande'
4976,CR11,38,CR11-38,Melastomataceae,Miconia,Miconia_'grande'
4977,CR11,39,CR11-39,Melastomataceae,Miconia,Miconia_'grande'
4978,CR11,40,CR11-40,Melastomataceae,Miconia,Miconia_'grande'
4979,CR11,41,CR11-41,Hernandiaceae,Hernandia,Hernandia_didymantha
4980,CR11,42,CR11-42,Arecaceae,Wettinia,Wettinia_quinaria
4981,CR11,43,CR11-43,Melastomataceae,Miconia,Miconia_'grande'
4982,CR11,44,CR11-44,Arecaceae,Wettinia,Wettinia_quinaria
4983,CR11,45,CR11-45,Melastomataceae,Miconia,Miconia_conocuatrecasii
4984,CR11,46,CR11-46,Malvaceae,Theobroma,Theobroma_cacao
4985,CR11,47,CR11-47,Asteraceae,Vernonanthura,Vernonanthura_patens
4986,CR11,48,CR11-48,Melastomataceae,Miconia,Miconia_'grande'
4987,CR11,49,CR11-49,Arecaceae,Pholidostachys,Pholidostachys_dactyloides
4988,CR11,50,CR11-50,Melastomataceae,Miconia,Miconia_'grande'
4989,CR11,51,CR11-51,Malvaceae,Apeiba,Apeiba_membranacea
4990,CR11,52,CR11-52,Melastomataceae,Miconia,Miconia_'grande'
4991,CR11,53,CR11-53,Melastomataceae,Miconia,Miconia_'grande'
4992,CR11,54,CR11-54,Melastomataceae,Miconia,Miconia_'grande'
4993,CR11,55,CR11-55,Melastomataceae,Miconia,Miconia_'grande'
4994,CR11,56,CR11-56,Melastomataceae,Miconia,Miconia_'grande'
4995,CR11,57,CR11-57,Melastomataceae,Miconia,Miconia_'grande'
4996,CR11,58,CR11-58,Melastomataceae,Miconia,Miconia_'grande'
4997,CR11,59,CR11-59,Malvaceae,Apeiba,Apeiba_membranacea
4998,CR11,60,CR11-60,Melastomataceae,Miconia,Miconia_'grande'
4999,CR11,61,CR11-61,Asteraceae,Vernonanthura,Vernonanthura_patens
5000,CR11,62,CR11-62,Arecaceae,Pholidostachys,Pholidostachys_dactyloides
5001,CR11,63,CR11-63,Arecaceae,Pholidostachys,Pholidostachys_dactyloides
5002,CR11,64,CR11-64,Myristicaceae,Virola,Virola_pavonis
5003,CR11,65,CR11-65,Melastomataceae,Miconia,Miconia_'grande'
5004,CR11,66,CR11-66,Malvaceae,Apeiba,Apeiba_membranacea
5005,CR11,67,CR11-67,Moraceae,Perebea,Perebea_xanthochyma
5006,CR11,68,CR11-68,Myristicaceae,Otoba,Otoba_parvifolia
5007,CR11,69,CR11-69,Melastomataceae,Miconia,Miconia_'grande'
5008,CR11,70,CR11-70,Malvaceae,Apeiba,Apeiba_membranacea
5009,CR11,71,CR11-71,Melastomataceae,Miconia,Miconia_conocuatrecasii
5010,CR11,72,CR11-72,Salicaceae,Casearia,Casearia_mariquitensis
5011,CR11,73,CR11-73,Melastomataceae,Miconia,Miconia_'grande'
5012,CR11,74,CR11-74,Melastomataceae,Miconia,Miconia_'grande'
5013,CR11,75,CR11-75,Moraceae,Perebea,Perebea_xanthochyma
5014,CR11,76,CR11-76,Melastomataceae,Miconia,Miconia_'grande'
5015,CR11,77,CR11-77,Melastomataceae,Miconia,Miconia_'grande'
5016,CR11,78,CR11-78,Malvaceae,Theobroma,Theobroma_cacao
5017,CR11,79,CR11-79,Arecaceae,Wettinia,Wettinia_quinaria
5018,CR11,80,CR11-80,Annonaceae,Guatteria,Guatteria_microcarpa
5019,CR11,81,CR11-81,Melastomataceae,Miconia,Miconia_'grande'
5020,CR11,82,CR11-82,Melastomataceae,Miconia,Miconia_'grande'
5021,CR11,83,CR11-83,Melastomataceae,Miconia,Miconia_'grande'
5022,CR11,84,CR11-84,Melastomataceae,Miconia,Miconia_'grande'
5023,CR11,85,CR11-85,Melastomataceae,Miconia,Miconia_'grande'
5024,CR11,86,CR11-86,Melastomataceae,Miconia,Miconia_'grande'
5025,CR11,87,CR11-87,Melastomataceae,Miconia,Miconia_'grande'
5026,CR11,88,CR11-88,Melastomataceae,Miconia,Miconia_'grande'
5027,CR11,89,CR11-89,Urticaceae,Cecropia,Cecropia_insignis
5028,CR11,90,CR11-90,Melastomataceae,Miconia,Miconia_'grande'
5029,CR11,91,CR11-91,Melastomataceae,Miconia,Miconia_'grande'
5030,CR11,92,CR11-92,Hypericaceae,Vismia,Vismia_baccifera
5031,CR11,93,CR11-93,Arecaceae,Bactris,Bactris_setulosa
5032,CR11,94,CR11-94,Coardiaceae,Cordia,Cordia_bicolor
5033,CR11,95,CR11-95,Actinidiaceae,Saurauia,Saurauia_herthae
5034,CR11,96,CR11-96,Actinidiaceae,Saurauia,Saurauia_herthae
5035,CR11,97,CR11-97,Melastomataceae,Miconia,Miconia_conocuatrecasii
5036,CR11,98,CR11-98,Malvaceae,Apeiba,Apeiba_membranacea
5037,CR11,99,CR11-99,Lauraceae,Beilschmiedia,Beilschmiedia_alloiophylla
5038,CR11,100,CR11-100,Euphorbiaceae,Tetrorchidium,Tetrorchidium_andinum
5039,CR11,101,CR11-101,Annonaceae,Guatteria,Guatteria_pittieri
5040,CR11,102,CR11-102,Hypericaceae,Vismia,Vismia_baccifera
5041,CR11,103,CR11-103,Melastomataceae,Miconia,Miconia_conocuatrecasii
5042,CR11,104,CR11-104,Melastomataceae,Miconia,Miconia_conocuatrecasii
5043,CR11,105,CR11-105,Coardiaceae,Cordia,Cordia_bicolor
5044,CR11,106,CR11-106,Coardiaceae,Cordia,Cordia_bicolor
5045,CR11,107,CR11-107,Melastomataceae,Miconia,Miconia_conocuatrecasii
5046,CR11,108,CR11-108,Coardiaceae,Cordia,Cordia_bicolor
5047,CR11,109,CR11-109,Melastomataceae,Miconia,Miconia_'grande'
5048,CR11,110,CR11-110,Melastomataceae,Miconia,Miconia_'grande'
5049,CR11,111,CR11-111,Malvaceae,Theobroma,Theobroma_gileri
5050,CR11,112,CR11-112,Lecythidaceae,Eschweilera,Eschweilera_rimbachii
5051,CR11,113,CR11-113,NA,NA,NA
5052,CR11,114,CR11-114,Melastomataceae,Miconia,Miconia_'grande'
5053,CR11,115,CR11-115,Lauraceae,Beilschmiedia,Beilschmiedia_alloiophylla
5054,CR11,116,CR11-116,Fabaceae,Vatairea,Vatairea_erythrocarpa
5055,CR11,117,CR11-117,Melastomataceae,Miconia,Miconia_conocuatrecasii
5056,CR11,118,CR11-118,Burseraceae,Protium,Protium_ecuadorense
5057,CR11,119,CR11-119,Melastomataceae,Miconia,Miconia_'grande'
5058,CR11,120,CR11-120,Fabaceae,Vatairea,Vatairea_erythrocarpa
5059,CR11,121,CR11-121,Melastomataceae,Miconia,Miconia_conocuatrecasii
5060,CR11,122,CR11-122,Melastomataceae,Miconia,Miconia_conocuatrecasii
5061,CR11,123,CR11-123,Melastomataceae,Miconia,Miconia_'grande'
5062,CR11,124,CR11-124,Melastomataceae,Miconia,Miconia_'grande'
5063,CR11,125,CR11-125,Rubiaceae,Palicourea,Palicourea_timbiquensis
5064,CR11,126,CR11-126,NA,NA,NA
5065,CR11,127,CR11-127,Urticaceae,Coussapoa,Coussapoa_villosa
5066,CR11,128,CR11-128,Moraceae,Ficus,Ficus_maxima
5067,CR11,129,CR11-129,Melastomataceae,Miconia,Miconia_conocuatrecasii
5068,CR11,130,CR11-130,Melastomataceae,Miconia,Miconia_'grande'
5069,CR11,131,CR11-131,Annonaceae,Guatteria,Guatteria_microcarpa
5070,CR11,132,CR11-132,Myristicaceae,Virola,Virola_elongata
5071,CR11,133,CR11-133,Arecaceae,Bactris,Bactris_setulosa
5072,CR11,134,CR11-134,NA,NA,NA
5073,CR11,135,CR11-135,NA,NA,NA
5074,CR11,136,CR11-136,Urticaceae,Coussapoa,Coussapoa_villosa
5075,CR11,137,CR11-137,Malvaceae,Apeiba,Apeiba_membranacea
5076,CR11,138,CR11-138,Melastomataceae,Miconia,Miconia_'grande'
5077,CR11,139,CR11-139,Melastomataceae,Miconia,Miconia_'grande'
5078,CR11,140,CR11-140,Melastomataceae,Miconia,Miconia_'grande'
5079,CR11,141,CR11-141,Melastomataceae,Miconia,Miconia_'grande'
5080,CR11,142,CR11-142,Melastomataceae,Miconia,Miconia_'grande'
5081,CR11,143,CR11-143,Arecaceae,Wettinia,Wettinia_quinaria
5082,CR11,144,CR11-144,Melastomataceae,Miconia,Miconia_conocuatrecasii
5083,CR11,145,CR11-145,Melastomataceae,Miconia,Miconia_'grande'
5084,CR11,146,CR11-146,Melastomataceae,Miconia,Miconia_'grande'
5085,CR11,147,CR11-147,Polygonaceae,Coccoloba,Coccoloba_coronata
5086,CR11,148,CR11-148,Myristicaceae,Virola,Virola_elongata
5087,CR11,149,CR11-149,Urticaceae,Coussapoa,Coussapoa_villosa
5088,CR11,150,CR11-150,Melastomataceae,Miconia,Miconia_conocuatrecasii
5089,CR11,151,CR11-151,Melastomataceae,Miconia,Miconia_'grande'
5090,CR11,152,CR11-152,Cyatheaceae,Cyathea,Cyathea_sp.1
5091,CR11,153,CR11-153,Lauraceae,Nectandra,Nectandra_guadaripo
5092,CR11,154,CR11-154,Melastomataceae,Miconia,Miconia_'grande'
5093,CR11,155,CR11-155,Myristicaceae,Virola,Virola_pavonis
5094,CR11,156,CR11-156,Malvaceae,Apeiba,Apeiba_membranacea
5095,CR11,157,CR11-157,Nyctaginaceae,Neea,Neea_CR11-16
5096,CR11,158,CR11-158,Myristicaceae,Virola,Virola_pavonis
5097,CR11,159,CR11-159,Melastomataceae,Miconia,Miconia_'grande'
5098,CR11,160,CR11-160,Fabaceae,Zygia,Zygia_coccinea
5099,CR11,161,CR11-161,Hypericaceae,Vismia,Vismia_baccifera
5100,CR11,162,CR11-162,Hypericaceae,Vismia,Vismia_baccifera
5101,CR11,163,CR11-163,Schlegeliaceae,Exarata,Exarata_chocoensis
5102,CR11,164,CR11-164,NA,NA,NA
5103,CR11,165,CR11-165,Melastomataceae,Miconia,Miconia_'grande'
5104,CR11,166,CR11-166,Melastomataceae,Miconia,Miconia_'grande'
5105,CR11,167,CR11-167,Melastomataceae,Miconia,Miconia_conocuatrecasii
5106,CR11,168,CR11-168,Malvaceae,Apeiba,Apeiba_membranacea
5107,CR11,169,CR11-169,Lauraceae,Nectandra,Nectandra_guadaripo
5108,CR11,170,CR11-170,Melastomataceae,Miconia,Miconia_'grande'
5109,CR11,171,CR11-171,Malvaceae,Apeiba,Apeiba_membranacea
5110,CR11,172,CR11-172,Melastomataceae,Miconia,Miconia_'grande'
5111,CR11,173,CR11-173,Melastomataceae,Miconia,Miconia_'grande'
5112,CR11,174,CR11-174,Hypericaceae,Vismia,Vismia_baccifera
5113,CR11,175,CR11-175,Melastomataceae,Miconia,Miconia_'grande'
5114,CR11,176,CR11-176,Myristicaceae,Virola,Virola_pavonis
5115,OG46,1,OG46-1,Phyllanthaceae,Hieronyma,Hieronyma_alchorneoides
5116,OG46,2,OG46-2,Fabaceae,Inga,Inga_chocoensis
5117,OG46,3,OG46-3,Moraceae,Perebea,Perebea_xanthochyma
5118,OG46,4,OG46-4,Chrysobalanaceae,Licania,Licania_celiae
5119,OG46,5,OG46-5,Moraceae,Perebea,Perebea_xanthochyma
5120,OG46,6,OG46-6,Fabaceae,Inga,Inga_'guabillo_rojo'
5121,OG46,7,OG46-7,Rubiaceae,Psychotria,Psychotria_convergens
5122,OG46,8,OG46-8,Myristicaceae,Otoba,Otoba_novogranatensis
5123,OG46,9,OG46-9,Chrysobalanaceae,Licania,Licania_celiae
5124,OG46,10,OG46-10,Cordiaceae,Hirtella,Hirtella_racemosa
5125,OG46,11,OG46-11,Arecaceae,Iriartea,Iriartea_deltoidea
5126,OG46,12,OG46-12,Lecythidaceae,Eschweilera,Eschweilera_integrifolia
5127,OG46,13,OG46-13,Cordiaceae,Hirtella,Hirtella_racemosa
5128,OG46,14,OG46-14,Rubiaceae,Palicourea,Palicourea_timbiquensis
5129,OG46,15,OG46-15,Burseraceae,Dacryodes,Dacryodes_cupularis
5130,OG46,16,OG46-16,Moraceae,Ficus,Ficus_brevibracteata
5131,OG46,17,OG46-17,Rubiaceae,Palicourea,Palicourea_timbiquensis
5132,OG46,18,OG46-18,Arecaceae,Iriartea,Iriartea_deltoidea
5133,OG46,19,OG46-19,Rubiaceae,Palicourea,Palicourea_timbiquensis
5134,OG46,20,OG46-20,Clusiaceae,Garcinia,Garcinia_madruno
5135,OG46,21,OG46-21,Cordiaceae,Hirtella,Hirtella_racemosa
5136,OG46,22,OG46-22,Burseraceae,Protium,Protium_colombianum
5137,OG46,23,OG46-23,Rubiaceae,Palicourea,Palicourea_timbiquensis
5138,OG46,24,OG46-24,Fabaceae,Inga,Inga_'guabillo_rojo'
5139,OG46,25,OG46-25,Myristicaceae,Otoba,Otoba_novogranatensis
5140,OG46,26,OG46-26,Malvaceae,Apeiba,Apeiba_membranacea
5141,OG46,27,OG46-27,Moraceae,Ficus,Ficus_brevibracteata
5142,OG46,28,OG46-28,Arecaceae,Iriartea,Iriartea_deltoidea
5143,OG46,29,OG46-29,Myristicaceae,Otoba,Otoba_gracilipes
5144,OG46,30,OG46-30,Fabaceae,Inga,Inga_manabiensis
5145,OG46,31,OG46-31,Moraceae,Perebea,Perebea_xanthochyma
5146,OG46,32,OG46-32,Euphorbiaceae,Mabea,Mabea_occidentalis
5147,OG46,33,OG46-33,Moraceae,Poulsenia,Poulsenia_armata
5148,OG46,34,OG46-34,Fabaceae,Inga,Inga_pezizifera
5149,OG46,35,OG46-35,Clusiaceae,Chrysochlamys,Chrysochlamys_membranacea
5150,OG46,36,OG46-36,Rubiaceae,Palicourea,Palicourea_timbiquensis
5151,OG46,37,OG46-37,Malvaceae,Apeiba,Apeiba_membranacea
5152,OG46,38,OG46-38,Myristicaceae,Otoba,Otoba_novogranatensis
5153,OG46,39,OG46-39,Burseraceae,Protium,Protium_ecuadorense
5154,OG46,40,OG46-40,Moraceae,Perebea,Perebea_xanthochyma
5155,OG46,41,OG46-41,Moraceae,Poulsenia,Poulsenia_armata
5156,OG46,42,OG46-42,Lauraceae,Damburneya,Damburneya_purpurea
5157,OG46,43,OG46-43,Lecythidaceae,Grias,Grias_peruviana
5158,OG46,44,OG46-44,Myristicaceae,Otoba,Otoba_novogranatensis
5159,OG46,45,OG46-45,Melastomataceae,Miconia,Miconia_conocuatrecasii
5160,OG46,46,OG46-46,Melastomataceae,Miconia,Miconia_'grande'
5161,OG46,47,OG46-47,Staphyleaceae,Turpinia,Turpinia_occidentalis
5162,OG46,48,OG46-48,Arecaceae,Prestoea,Prestoea_ensiformis
5163,OG46,49,OG46-49,Burseraceae,Protium,Protium_ecuadorense
5164,OG46,50,OG46-50,NA,NA,NA
5165,OG46,51,OG46-51,Arecaceae,Wettinia,Wettinia_quinaria
5166,OG46,52,OG46-52,Malvaceae,Theobroma,Theobroma_gileri
5167,OG46,53,OG46-53,Malvaceae,Matisia,Matisia_castano
5168,OG46,54,OG46-54,Fabaceae,Inga,Inga_ruiziana
5169,OG46,55,OG46-55,Malvaceae,Theobroma,Theobroma_chocoensis
5170,OG46,56,OG46-56,Malvaceae,Theobroma,Theobroma_gileri
5171,OG46,57,OG46-57,Euphorbiaceae,Mabea,Mabea_occidentalis
5172,OG46,58,OG46-58,Moraceae,Perebea,Perebea_xanthochyma
5173,OG46,59,OG46-59,Arecaceae,Iriartea,Iriartea_deltoidea
5174,OG46,60,OG46-60,Moraceae,Clarisia,Clarisia_biflora
5175,OG46,61,OG46-61,Fabaceae,Swartzia,Swartzia_haughtii
5176,OG46,62,OG46-62,Fabaceae,Inga,Inga_ruiziana
5177,OG46,63,OG46-63,Moraceae,Clarisia,Clarisia_biflora
5178,OG46,64,OG46-64,Myrtaceae,Myrcia,Myrcia_fallax
5179,OG46,65,OG46-65,Fabaceae,Inga,Inga_'guabillo_rojo'
5180,OG46,66,OG46-66,Rubiaceae,Palicourea,Palicourea_palenquensis
5181,OG46,67,OG46-67,Rubiaceae,Pentagonia,Pentagonia_involucrata
5182,OG46,68,OG46-68,Rubiaceae,Palicourea,Palicourea_timbiquensis
5183,OG46,69,OG46-69,Malvaceae,Matisia,Matisia_longipes
5184,OG46,70,OG46-70,Rubiaceae,Palicourea,Palicourea_timbiquensis
5185,OG46,71,OG46-71,Rubiaceae,OG46-71,OG46-71
5186,OG46,72,OG46-72,Arecaceae,Wettinia,Wettinia_quinaria
5187,OG46,73,OG46-73,Araliaceae,Dendropanax,Dendropanax_macrophyllum
5188,OG46,74,OG46-74,Fabaceae,Andira,Andira_taurotesticulata
5189,OG46,75,OG46-75,Apocynaceae,Aspidosperma,Aspidosperma_myristicifolium
5190,OG46,76,OG46-76,Apocynaceae,Rauvolfia,Rauvolfia_leptophylla
5191,OG46,77,OG46-77,Burseraceae,Protium,Protium_colombianum
5192,OG46,78,OG46-78,Moraceae,Clarisia,Clarisia_biflora
5193,OG46,79,OG46-79,Burseraceae,Protium,Protium_ecuadorense
5194,OG46,80,OG46-80,Lecythidaceae,Lecythis,Lecythis_ampla
5195,OG46,81,OG46-81,Moraceae,Clarisia,Clarisia_biflora
5196,OG46,82,OG46-82,Rubiaceae,Palicourea,Palicourea_timbiquensis
5197,OG46,83,OG46-83,Bignoniaceae,OG46-83,OG46-83
5198,OG46,84,OG46-84,Moraceae,Clarisia,Clarisia_biflora
5199,OG46,85,OG46-85,Myristicaceae,Osteophloeum,Osteophloeum_platyspermum
5200,OG46,86,OG46-86,Arecaceae,Iriartea,Iriartea_deltoidea
5201,OG46,87,OG46-87,Lauraceae,Damburneya,Damburneya_purpurea
5202,OG46,88,OG46-88,Rubiaceae,Palicourea,Palicourea_timbiquensis
5203,OG46,89,OG46-89,Arecaceae,Iriartea,Iriartea_deltoidea
5204,OG46,90,OG46-90,Chrysobalanaceae,Licania,Licania_celiae
5205,OG46,91,OG46-91,Fabaceae,Inga,Inga_'guabillo_rojo'
5206,OG46,92,OG46-92,Fabaceae,Inga,Inga_'guabillo_rojo'
5207,OG46,93,OG46-93,Lecythidaceae,Grias,Grias_peruviana
5208,OG46,94,OG46-94,Metteniusaceae,Metteniusa,Metteniusa_tessmanniana
5209,OG46,95,OG46-95,Lauraceae,Ocotea,Ocotea_sp.1
5210,OG46,96,OG46-96,Moraceae,Perebea,Perebea_xanthochyma
5211,OG46,97,OG46-97,Malvaceae,Sterculia,Sterculia_tessmannii
5212,OG46,98,OG46-98,Rubiaceae,Palicourea,Palicourea_palenquensis
5213,OG46,99,OG46-99,Burseraceae,Protium,Protium_colombianum
5214,OG46,100,OG46-100,Myristicaceae,Otoba,Otoba_novogranatensis
5215,OG46,101,OG46-101,Moraceae,Naucleopsis,Naucleopsis_ulei
5216,OG46,102,OG46-102,Malvaceae,Theobroma,Theobroma_gileri
5217,OG46,103,OG46-103,Meliaceae,Carapa,Carapa_guianensis
5218,OG46,104,OG46-104,Rubiaceae,Palicourea,Palicourea_timbiquensis
5219,OG46,105,OG46-105,Dichapetalaceae,Stephanopodium,Stephanopodium_longipedicellatum
5220,OG46,106,OG46-106,Meliaceae,Carapa,Carapa_guianensis
5221,OG46,107,OG46-107,Malvaceae,Quararibea,Quararibea_grandifolia
5222,OG46,108,OG46-108,Lecythidaceae,Grias,Grias_peruviana
5223,OG46,109,OG46-109,Arecaceae,Pholidostachys,Pholidostachys_dactyloides
5224,OG46,110,OG46-110,Rubiaceae,Palicourea,Palicourea_paratinctoria
5225,OG46,111,OG46-111,Malvaceae,Theobroma,Theobroma_gileri
5226,OG46,112,OG46-112,Primulaceae,Cybianthus,Cybianthus_kayapii
5227,OG46,113,OG46-113,Burseraceae,Protium,Protium_ecuadorense
5228,OG46,114,OG46-114,Arecaceae,Wettinia,Wettinia_quinaria
5229,OG46,115,OG46-115,Arecaceae,Wettinia,Wettinia_quinaria
5230,OG46,116,OG46-116,Moraceae,Poulsenia,Poulsenia_armata
5231,OG46,117,OG46-117,Lauraceae,Aniba,Aniba_sp.1
5232,OG46,118,OG46-118,Malvaceae,Mollia,Mollia_lepidota
5233,OG46,119,OG46-119,Myristicaceae,Otoba,Otoba_novogranatensis
5234,OG46,120,OG46-120,Myristicaceae,Otoba,Otoba_novogranatensis
5235,OG46,121,OG46-121,Myristicaceae,Otoba,Otoba_novogranatensis
5236,OG46,122,OG46-122,Arecaceae,Wettinia,Wettinia_quinaria
5237,OG46,123,OG46-123,Chrysobalanaceae,Licania,Licania_celiae
5238,OG46,124,OG46-124,Moraceae,Ficus,Ficus_brevibracteata
5239,OG46,125,OG46-125,Lecythidaceae,Grias,Grias_peruviana
5240,OG46,126,OG46-126,Myristicaceae,Otoba,Otoba_novogranatensis
5241,OG46,127,OG46-127,Burseraceae,Protium,Protium_ecuadorense
5242,OG46,128,OG46-128,Metteniusaceae,Metteniusa,Metteniusa_tessmanniana
5243,OG46,129,OG46-129,Moraceae,Poulsenia,Poulsenia_armata
5244,OG46,130,OG46-130,Moraceae,Naucleopsis,Naucleopsis_ulei
5245,OG46,131,OG46-131,Fabaceae,Inga,Inga_'guabillo_rojo'
5246,OG46,132,OG46-132,Lauraceae,Caryodaphnopsis,Caryodaphnopsis_theobromifolia
5247,OG46,133,OG46-133,Malvaceae,Quararibea,Quararibea_grandifolia
5248,OG46,134,OG46-134,Malvaceae,Quararibea,Quararibea_grandifolia
5249,OG46,135,OG46-135,Urticaceae,Coussapoa,Coussapoa_villosa
5250,OG46,136,OG46-136,Lecythidaceae,Grias,Grias_peruviana
5251,OG46,137,OG46-137,Rubiaceae,Palicourea,Palicourea_palenquensis
5252,OG46,138,OG46-138,NA,NA,NA
5253,OG46,139,OG46-139,Moraceae,Brosimum,Brosimum_guianense
5254,OG46,140,OG46-140,Myristicaceae,Compsoneura,Compsoneura_atopa
5255,OG46,141,OG46-141,Fabaceae,Inga,Inga_manabiensis
5256,OG46,142,OG46-142,Burseraceae,Protium,Protium_ecuadorense
5257,OG46,143,OG46-143,Urticaceae,Pourouma,Pourouma_minor
5258,OG46,144,OG46-144,Lecythidaceae,Grias,Grias_peruviana
5259,OG46,145,OG46-145,Fabaceae,Inga,Inga_ruiziana
5260,OG46,146,OG46-146,Arecaceae,Prestoea,Prestoea_ensiformis
5261,OG46,147,OG46-147,Meliaceae,Carapa,Carapa_guianensis
5262,OG46,148,OG46-148,Cordiaceae,Cordia,Cordia_dwyeri
5263,OG46,149,OG46-149,Lecythidaceae,Grias,Grias_peruviana
5264,OG46,150,OG46-150,Fabaceae,Inga,Inga_chocoensis
5265,OG46,151,OG46-151,Myristicaceae,Otoba,Otoba_novogranatensis
5266,OG46,152,OG46-152,Meliaceae,Carapa,Carapa_guianensis
5267,OG46,153,OG46-153,Malvaceae,Apeiba,Apeiba_membranacea
5268,OG46,154,OG46-154,Fabaceae,Inga,Inga_ruiziana
5269,OG46,155,OG46-155,Urticaceae,Coussapoa,Coussapoa_villosa
5270,OG46,156,OG46-156,Chrysobalanaceae,Licania,Licania_celiae
5271,OG41,1,OG41-1,Arecaceae,Wettinia,Wettinia_quinaria
5272,OG41,2,OG41-2,Fabaceae,Inga,Inga_pezizifera
5273,OG41,3,OG41-3,Rubiaceae,Faramea,Faramea_multiflora
5274,OG41,4,OG41-4,Lecythidaceae,Grias,Grias_peruviana
5275,OG41,5,OG41-5,Arecaceae,Wettinia,Wettinia_quinaria
5276,OG41,6,OG41-6,Moraceae,Maquira,Maquira_guianensis
5277,OG41,7,OG41-7,Moraceae,Naucleopsis,Naucleopsis_chiguila
5278,OG41,8,OG41-8,Meliaceae,Guarea,Guarea_guentheri
5279,OG41,9,OG41-9,Moraceae,Perebea,Perebea_xanthochyma
5280,OG41,10,OG41-10,Apocynaceae,Tabernaemontana,Tabernaemontana_amygdalifolia
5281,OG41,11,OG41-11,Urticaceae,Cecropia,Cecropia_insignis
5282,OG41,12,OG41-12,Meliaceae,Guarea,Guarea_guidonia
5283,OG41,13,OG41-13,Meliaceae,Guarea,Guarea_cartaguenya
5284,OG41,14,OG41-14,Icacinaceae,Citronella,Citronella_incarum
5285,OG41,15,OG41-15,Caricaceae,Jacaratia,Jacaratia_spinosa
5286,OG41,16,OG41-16,Caricaceae,Jacaratia,Jacaratia_spinosa
5287,OG41,17,OG41-17,Rubiaceae,Randia,Randia_armata
5288,OG41,18,OG41-18,Caricaceae,Jacaratia,Jacaratia_spinosa
5289,OG41,19,OG41-19,Urticaceae,Cecropia,Cecropia_insignis
5290,OG41,20,OG41-20,Meliaceae,Guarea,Guarea_cartaguenya
5291,OG41,21,OG41-21,Burseraceae,Protium,Protium_ecuadorense
5292,OG41,22,OG41-22,Fabaceae,Pterocarpus,Pterocarpus_rohrii
5293,OG41,23,OG41-23,Lauraceae,Pleurothyrium,Pleurothyrium_sp.2
5294,OG41,24,OG41-24,Arecaceae,Iriartea,Iriartea_deltoidea
5295,OG41,25,OG41-25,Caryocaraceae,Caryocar,Caryocar_glabrum
5296,OG41,26,OG41-26,Rubiaceae,Coussarea,Coussarea_latifolia
5297,OG41,27,OG41-27,Myrtaceae,Calyptranthes,Calyptranthes_speciosa
5298,OG41,28,OG41-28,Siparunaceae,Siparuna,Siparuna_gentryana
5299,OG41,29,OG41-29,Burseraceae,Protium,Protium_ecuadorense
5300,OG41,30,OG41-30,Meliaceae,Guarea,Guarea_guidonia
5301,OG41,31,OG41-31,Arecaceae,Iriartea,Iriartea_deltoidea
5302,OG41,32,OG41-32,Meliaceae,Guarea,Guarea_cartaguenya
5303,OG41,33,OG41-33,Sapotaceae,Pouteria,Pouteria_trilocularis
5304,OG41,34,OG41-34,Salicaceae,Pleuranthodendron,Pleuranthodendron_lindenii
5305,OG41,35,OG41-35,Myristicaceae,Otoba,Otoba_novogranatensis
5306,OG41,36,OG41-36,Lacistemataceae,Lacistema,Lacistema_aggregatum
5307,OG41,37,OG41-37,Burseraceae,Protium,Protium_ecuadorense
5308,OG41,38,OG41-38,Arecaceae,Iriartea,Iriartea_deltoidea
5309,OG41,39,OG41-39,Meliaceae,Guarea,Guarea_cartaguenya
5310,OG41,40,OG41-40,Meliaceae,Trichilia,Trichilia_pallida
5311,OG41,41,OG41-41,Arecaceae,Iriartea,Iriartea_deltoidea
5312,OG41,42,OG41-42,Fabaceae,Hymenolobium,Hymenolobium_heterocarpum
5313,OG41,43,OG41-43,Meliaceae,Guarea,Guarea_macrophylla
5314,OG41,44,OG41-44,Arecaceae,Iriartea,Iriartea_deltoidea
5315,OG41,45,OG41-45,Moraceae,Poulsenia,Poulsenia_armata
5316,OG41,46,OG41-46,Arecaceae,Wettinia,Wettinia_quinaria
5317,OG41,47,OG41-47,Burseraceae,Protium,Protium_ecuadorense
5318,OG41,48,OG41-48,Moraceae,Perebea,Perebea_xanthochyma
5319,OG41,49,OG41-49,Moraceae,Perebea,Perebea_xanthochyma
5320,OG41,50,OG41-50,Malvaceae,Quararibea,Quararibea_caldasiana
5321,OG41,51,OG41-51,Lecythidaceae,Gustavia,Gustavia_serrata
5322,OG41,52,OG41-52,Fabaceae,Andira,Andira_taurotesticulata
5323,OG41,53,OG41-53,Rubiaceae,Randia,Randia_armata
5324,OG41,54,OG41-54,Arecaceae,Iriartea,Iriartea_deltoidea
5325,OG41,55,OG41-55,Annonaceae,Klarobelia,Klarobelia_megalocarpa
5326,OG41,56,OG41-56,Myrtaceae,Eugenia,Eugenia_sp.1
5327,OG41,57,OG41-57,Rubiaceae,Randia,Randia_armata
5328,OG41,58,OG41-58,Arecaceae,Wettinia,Wettinia_quinaria
5329,OG41,59,OG41-59,Arecaceae,Iriartea,Iriartea_deltoidea
5330,OG41,60,OG41-60,Arecaceae,Iriartea,Iriartea_deltoidea
5331,OG41,61,OG41-61,Arecaceae,Wettinia,Wettinia_quinaria
5332,OG41,62,OG41-62,Arecaceae,Iriartea,Iriartea_deltoidea
5333,OG41,63,OG41-63,Salicaceae,Pleuranthodendron,Pleuranthodendron_lindenii
5334,OG41,64,OG41-64,Sapotaceae,Chrysophyllum,Chrysophyllum_argenteum
5335,OG41,65,OG41-65,Phyllanthaceae,Hieronyma,Hieronyma_alchorneoides
5336,OG41,66,OG41-66,Salicaceae,Pleuranthodendron,Pleuranthodendron_lindenii
5337,OG41,67,OG41-67,Malvaceae,Matisia,Matisia_longipes
5338,OG41,68,OG41-68,Sapindaceae,Matayba,Matayba_sp.1
5339,OG41,69,OG41-69,Moraceae,Naucleopsis,Naucleopsis_chiguila
5340,OG41,70,OG41-70,Arecaceae,Iriartea,Iriartea_deltoidea
5341,OG41,71,OG41-71,Schlegeliaceae,Exarata,Exarata_chocoensis
5342,OG41,72,OG41-72,Urticaceae,Pourouma,Pourouma_cecropiifolia
5343,OG41,73,OG41-73,NA,NA,NA
5344,OG41,74,OG41-74,Salicaceae,Pleuranthodendron,Pleuranthodendron_lindenii
5345,OG41,75,OG41-75,Lauraceae,Pleurothyrium,Pleurothyrium_sp.2
5346,OG41,76,OG41-76,Meliaceae,Guarea,Guarea_guidonia
5347,OG41,77,OG41-77,Staphyleaceae,Turpinia,Turpinia_occidentalis
5348,OG41,78,OG41-78,Fabaceae,Inga,Inga_lallensis
5349,OG41,79,OG41-79,Malvaceae,Matisia,Matisia_cordata
5350,OG41,80,OG41-80,Arecaceae,Iriartea,Iriartea_deltoidea
5351,OG41,81,OG41-81,Arecaceae,Wettinia,Wettinia_quinaria
5352,OG41,82,OG41-82,Arecaceae,Wettinia,Wettinia_quinaria
5353,OG41,83,OG41-83,Lauraceae,Pleurothyrium,Pleurothyrium_sp.2
5354,OG41,84,OG41-84,Solanaceae,Cestrum,Cestrum_schlechtendalii
5355,OG41,85,OG41-85,Rubiaceae,Tocoyena,Tocoyena_pittieri
5356,OG41,86,OG41-86,Myristicaceae,Otoba,Otoba_parvifolia
5357,OG41,87,OG41-87,Burseraceae,Protium,Protium_ecuadorense
5358,OG41,88,OG41-88,Malvaceae,Apeiba,Apeiba_membranacea
5359,OG41,89,OG41-89,Arecaceae,Iriartea,Iriartea_deltoidea
5360,OG41,90,OG41-90,Arecaceae,Iriartea,Iriartea_deltoidea
5361,OG41,91,OG41-91,Metteniusaceae,Dendrobangia,Dendrobangia_boliviana
5362,OG41,92,OG41-92,Fabaceae,Inga,Inga_lallensis
5363,OG41,93,OG41-93,Fabaceae,Inga,Inga_lallensis
5364,OG41,94,OG41-94,Violaceae,Leonia,Leonia_grandifolia
5365,OG41,95,OG41-95,Arecaceae,Iriartea,Iriartea_deltoidea
5366,OG41,96,OG41-96,Fabaceae,Inga,Inga_lallensis
5367,OG41,97,OG41-97,Arecaceae,Wettinia,Wettinia_quinaria
5368,OG41,98,OG41-98,Fabaceae,Inga,Inga_lallensis
5369,OG41,99,OG41-99,Myristicaceae,Otoba,Otoba_novogranatensis
5370,OG41,100,OG41-100,Moraceae,Poulsenia,Poulsenia_armata
5371,OG41,101,OG41-101,Arecaceae,Wettinia,Wettinia_quinaria
5372,OG41,102,OG41-102,Arecaceae,Wettinia,Wettinia_quinaria
5373,OG41,103,OG41-103,Arecaceae,Iriartea,Iriartea_deltoidea
5374,OG41,104,OG41-104,Arecaceae,Wettinia,Wettinia_quinaria
5375,OG41,105,OG41-105,Arecaceae,Wettinia,Wettinia_quinaria
5376,OG41,106,OG41-106,Apocynaceae,Tabernaemontana,Tabernaemontana_amygdalifolia
5377,OG41,107,OG41-107,NA,NA,NA
5378,OG41,108,OG41-108,Fabaceae,Inga,Inga_carinata
5379,OG41,109,OG41-109,Salicaceae,Pleuranthodendron,Pleuranthodendron_lindenii
5380,OG41,110,OG41-110,Moraceae,Clarisia,Clarisia_biflora
5381,OG41,111,OG41-111,Fabaceae,Inga,Inga_hayesii
5382,OG41,112,OG41-112,Meliaceae,Guarea,Guarea_kunthiana
5383,OG41,113,OG41-113,Arecaceae,Iriartea,Iriartea_deltoidea
5384,OG41,114,OG41-114,Euphorbiaceae,Croton,Croton_tessmannii
5385,OG41,115,OG41-115,Myristicaceae,Otoba,Otoba_novogranatensis
5386,OG41,116,OG41-116,Moraceae,Castilla,Castilla_elastica
5387,OG41,117,OG41-117,Urticaceae,Pourouma,Pourouma_guianensis
5388,OG41,118,OG41-118,Fabaceae,Vatairea,Vatairea_erythrocarpa
5389,OG41,119,OG41-119,Meliaceae,NA,NA
5390,OG41,120,OG41-120,Arecaceae,Iriartea,Iriartea_deltoidea
5391,OG41,121,OG41-121,Sapotaceae,Pouteria,Pouteria_trilocularis
5392,OG41,122,OG41-122,Meliaceae,Trichilia,Trichilia_elsae
5393,OG41,123,OG41-123,Meliaceae,Guarea,Guarea_purusana
5394,OG41,124,OG41-124,Arecaceae,Iriartea,Iriartea_deltoidea
5395,OG41,125,OG41-125,Moraceae,Clarisia,Clarisia_biflora
5396,OG41,126,OG41-126,Salicaceae,Pleuranthodendron,Pleuranthodendron_lindenii
5397,OG41,127,OG41-127,Moraceae,Perebea,Perebea_xanthochyma
5398,OG41,128,OG41-128,Arecaceae,Iriartea,Iriartea_deltoidea
5399,OG41,129,OG41-129,Moraceae,Poulsenia,Poulsenia_armata
5400,OG41,130,OG41-130,Meliaceae,Guarea,Guarea_kunthiana
5401,OG41,131,OG41-131,Moraceae,Poulsenia,Poulsenia_armata
5402,OG41,132,OG41-132,Moraceae,Castilla,Castilla_elastica
5403,OG41,133,OG41-133,Elaeocarpaceae,Sloanea,Sloanea_floribunda
5404,OG41,134,OG41-134,Rubiaceae,Hippotis,Hippotis_stellata
5405,OG41,135,OG41-135,Urticaceae,Cecropia,Cecropia_insignis
5406,OG41,136,OG41-136,Urticaceae,Cecropia,Cecropia_insignis
5407,OG41,137,OG41-137,Urticaceae,Cecropia,Cecropia_insignis
5408,OG41,138,OG41-138,Violaceae,Leonia,Leonia_grandifolia
5409,OG41,139,OG41-139,Moraceae,Poulsenia,Poulsenia_armata
5410,OG41,140,OG41-140,Malvaceae,Apeiba,Apeiba_membranacea
5411,OG41,141,OG41-141,Arecaceae,Iriartea,Iriartea_deltoidea
5412,OG41,142,OG41-142,Arecaceae,Iriartea,Iriartea_deltoidea
5413,OG41,143,OG41-143,Moraceae,Castilla,Castilla_elastica
5414,OG41,144,OG41-144,Arecaceae,Wettinia,Wettinia_quinaria
5415,OG41,145,OG41-145,Phyllanthaceae,Hieronyma,Hieronyma_alchorneoides
5416,OG41,146,OG41-146,Meliaceae,Guarea,Guarea_guidonia
5417,OG41,147,OG41-147,Arecaceae,Iriartea,Iriartea_deltoidea
5418,OG41,148,OG41-148,Phyllanthaceae,Hieronyma,Hieronyma_alchorneoides
5419,OG41,149,OG41-149,Araliaceae,Dendropanax,Dendropanax_macrophyllum
5420,OG41,150,OG41-150,Malvaceae,Quararibea,Quararibea_grandifolia
5421,CA61,1,CA61-1,Lauraceae,Persea,Persea_americana
5422,CA61,2,CA61-2,Lauraceae,Persea,Persea_americana
5423,CA61,3,CA61-3,Arecaceae,Cocos,Cocos_nucifera
5424,CA61,4,CA61-4,NA,NA,NA
5425,CA61,5,CA61-5,Arecaceae,Cocos,Cocos_nucifera
5426,CA61,6,CA61-6,Malvaceae,Ochroma,Ochroma_pyramidale
5427,CA61,7,CA61-7,Malvaceae,Ochroma,Ochroma_pyramidale
5428,CA61,8,CA61-8,Malvaceae,Ochroma,Ochroma_pyramidale
5429,CA61,9,CA61-9,Fabaceae,Inga,Inga_spectabilis
5430,CA61,10,CA61-10,Fabaceae,Inga,Inga_spectabilis
5431,CA61,11,CA61-11,NA,NA,NA
5432,CA61,12,CA61-12,Arecaceae,Cocos,Cocos_nucifera
5433,CA61,13,CA61-13,Arecaceae,Cocos,Cocos_nucifera
5434,CA61,14,CA61-14,Urticaceae,Cecropia,Cecropia_hispidissima
5435,CA61,15,CA61-15,Rutaceae,Citrus,Citrus_X_Sinensis
5436,CA61,16,CA61-16,Sapindaceae,Nephelium,Nephelium_lappaceum
5437,CA61,17,CA61-17,Sapindaceae,Nephelium,Nephelium_lappaceum
5438,CA61,18,CA61-18,Malvaceae,Ochroma,Ochroma_pyramidale
5439,CA61,19,CA61-19,Malvaceae,Ochroma,Ochroma_pyramidale
5440,CA61,20,CA61-20,Rutaceae,Citrus,Citrus_X_Sinensis
5441,CA61,21,CA61-21,Rutaceae,Citrus,Citrus_X_Sinensis
5442,CA61,22,CA61-22,Malvaceae,Ochroma,Ochroma_pyramidale
5443,CA61,23,CA61-23,Rutaceae,Citrus,Citrus_X_Limon
5444,PA54,1,PA54-1,Rutaceae,Citrus,Citrus_reticulata
5445,PA54,2,PA54-2,Bignoniaceae,Handroanthus,Handroanthus_chrysanthus
5446,PA54,3,PA54-3,Bignoniaceae,Handroanthus,Handroanthus_chrysanthus
5447,PA54,4,PA54-4,Malvaceae,Ceiba,Ceiba_pentandra
5448,PA54,5,PA54-5,Rubiaceae,Coffea,Coffea_arabica
5449,PA54,6,PA54-6,Bignoniaceae,Handroanthus,Handroanthus_chrysanthus
5450,PA54,7,PA54-7,Cordiaceae,Cordia,Cordia_alliodora
5451,PA54,8,PA54-8,Bignoniaceae,Handroanthus,Handroanthus_chrysanthus
5452,PA54,9,PA54-9,Bignoniaceae,Handroanthus,Handroanthus_chrysanthus
5453,OG40,1,OG40-1,Arecaceae,Wettinia,Wettinia_quinaria
5454,OG40,2,OG40-2,Myristicaceae,Compsoneura,Compsoneura_atopa
5455,OG40,3,OG40-3,Arecaceae,Wettinia,Wettinia_quinaria
5456,OG40,4,OG40-4,Rubiaceae,Palicourea,Palicourea_palenquensis
5457,OG40,5,OG40-5,Metteniusaceae,Dendrobangia,Dendrobangia_boliviana
5458,OG40,6,OG40-6,Arecaceae,Wettinia,Wettinia_quinaria
5459,OG40,7,OG40-7,Arecaceae,Iriartea,Iriartea_deltoidea
5460,OG40,8,OG40-8,Lecythidaceae,Eschweilera,Eschweilera_caudiculata
5461,OG40,9,OG40-9,Clusiaceae,Tovomita,Tovomita_weddelliana
5462,OG40,10,OG40-10,Thymelaeaceae,Schoenobiblus,Schoenobiblus_sp.1
5463,OG40,11,OG40-11,Arecaceae,Wettinia,Wettinia_quinaria
5464,OG40,12,OG40-12,Melastomataceae,Miconia,Miconia_sp.2
5465,OG40,13,OG40-13,Rutaceae,Hortia,Hortia_brasiliana
5466,OG40,14,OG40-14,Malvaceae,Sterculia,Sterculia_colombiana
5467,OG40,15,OG40-15,Myristicaceae,Compsoneura,Compsoneura_atopa
5468,OG40,16,OG40-16,Euphorbiaceae,Conceveiba,Conceveiba_martiana
5469,OG40,17,OG40-17,Arecaceae,Wettinia,Wettinia_quinaria
5470,OG40,18,OG40-18,Metteniusaceae,Metteniusa,Metteniusa_tessmanniana
5471,OG40,19,OG40-19,Fabaceae,Swartzia,Swartzia_haughtii
5472,OG40,20,OG40-20,Myrtaceae,Eugenia,Eugenia_oerstediana
5473,OG40,21,OG40-21,Meliaceae,Carapa,Carapa_guianensis
5474,OG40,22,OG40-22,Sapotaceae,Pouteria,Pouteria_OG40-22
5475,OG40,23,OG40-23,Malvaceae,Matisia,Matisia_castano
5476,OG40,24,OG40-24,Arecaceae,Wettinia,Wettinia_quinaria
5477,OG40,25,OG40-25,Lauraceae,Pleurothyrium,Pleurothyrium_tomiwahlii
5478,OG40,26,OG40-26,Arecaceae,Wettinia,Wettinia_quinaria
5479,OG40,27,OG40-27,Lecythidaceae,Eschweilera,Eschweilera_caudiculata
5480,OG40,28,OG40-28,NA,NA,NA
5481,OG40,29,OG40-29,Arecaceae,Wettinia,Wettinia_quinaria
5482,OG40,30,OG40-30,Clusiaceae,Tovomita,Tovomita_weddelliana
5483,OG40,31,OG40-31,Arecaceae,Wettinia,Wettinia_quinaria
5484,OG40,32,OG40-32,Rubiaceae,Faramea,Faramea_multiflora
5485,OG40,33,OG40-33,Arecaceae,Wettinia,Wettinia_quinaria
5486,OG40,34,OG40-34,Arecaceae,Wettinia,Wettinia_quinaria
5487,OG40,35,OG40-35,Myrtaceae,Eugenia,Eugenia_multirimosa
5488,OG40,36,OG40-36,Euphorbiaceae,Croton,Croton_tessmannii
5489,OG40,37,OG40-37,Arecaceae,Iriartea,Iriartea_deltoidea
5490,OG40,38,OG40-38,Erythroxylaceae,Erythroxylum,Erythroxylum_macrophyllum
5491,OG40,39,OG40-39,Arecaceae,Wettinia,Wettinia_quinaria
5492,OG40,40,OG40-40,Myristicaceae,Compsoneura,Compsoneura_atopa
5493,OG40,41,OG40-41,Moraceae,Perebea,Perebea_xanthochyma
5494,OG40,42,OG40-42,Fabaceae,Inga,Inga_hayesii
5495,OG40,43,OG40-43,Arecaceae,Wettinia,Wettinia_quinaria
5496,OG40,44,OG40-44,Arecaceae,Wettinia,Wettinia_quinaria
5497,OG40,45,OG40-45,Arecaceae,Wettinia,Wettinia_quinaria
5498,OG40,46,OG40-46,Lauraceae,Nectandra,Nectandra_guadaripo
5499,OG40,47,OG40-47,Burseraceae,Protium,Protium_colombianum
5500,OG40,48,OG40-48,Arecaceae,Wettinia,Wettinia_quinaria
5501,OG40,49,OG40-49,Arecaceae,Iriartea,Iriartea_deltoidea
5502,OG40,50,OG40-50,Elaeocarpaceae,Sloanea,Sloanea_floribunda
5503,OG40,51,OG40-51,Myrtaceae,Eugenia,Eugenia_oerstediana
5504,OG40,52,OG40-52,Rubiaceae,Faramea,Faramea_multiflora
5505,OG40,53,OG40-53,Myrtaceae,Eugenia,Eugenia_multirimosa
5506,OG40,54,OG40-54,Rutaceae,Hortia,Hortia_brasiliana
5507,OG40,55,OG40-55,Lauraceae,Nectandra,Nectandra_guadaripo
5508,OG40,56,OG40-56,Fabaceae,Swartzia,Swartzia_haughtii
5509,OG40,57,OG40-57,Rubiaceae,Posoqueria,Posoqueria_coriacea
5510,OG40,58,OG40-58,Malvaceae,Matisia,Matisia_castano
5511,OG40,59,OG40-59,Moraceae,Perebea,Perebea_xanthochyma
5512,OG40,60,OG40-60,Malvaceae,Matisia,Matisia_longipes
5513,OG40,61,OG40-61,Sabiaceae,Meliosma,Meliosma_occidentalis
5514,OG40,62,OG40-62,Meliaceae,Carapa,Carapa_guianensis
5515,OG40,63,OG40-63,Myristicaceae,Compsoneura,Compsoneura_atopa
5516,OG40,64,OG40-64,Burseraceae,Protium,Protium_ecuadorense
5517,OG40,65,OG40-65,Arecaceae,Wettinia,Wettinia_quinaria
5518,OG40,66,OG40-66,Arecaceae,Wettinia,Wettinia_quinaria
5519,OG40,67,OG40-67,Melastomataceae,Miconia,Miconia_multiplicata
5520,OG40,68,OG40-68,Apocynaceae,Lacmellea,Lacmellea_speciosa
5521,OG40,69,OG40-69,Malvaceae,Apeiba,Apeiba_membranacea
5522,OG40,70,OG40-70,Nyctaginaceae,Neea,Neea_parviflora
5523,OG40,71,OG40-71,Sapotaceae,Sarcaulus,Sarcaulus_sp.1
5524,OG40,72,OG40-72,Apocynaceae,Tabernaemontana,Tabernaemontana_amygdalifolia
5525,OG40,73,OG40-73,Arecaceae,Wettinia,Wettinia_quinaria
5526,OG40,74,OG40-74,Arecaceae,Pholidostachys,Pholidostachys_dactyloides
5527,OG40,75,OG40-75,Clusiaceae,Tovomita,Tovomita_weddelliana
5528,OG40,76,OG40-76,Myrtaceae,Eugenia,Eugenia_oerstediana
5529,OG40,77,OG40-77,Lecythidaceae,Eschweilera,Eschweilera_caudiculata
5530,OG40,78,OG40-78,Arecaceae,Wettinia,Wettinia_quinaria
5531,OG40,79,OG40-79,Arecaceae,Wettinia,Wettinia_quinaria
5532,OG40,80,OG40-80,Sapotaceae,Pouteria,Pouteria_buenaventurensis
5533,OG40,81,OG40-81,Arecaceae,Wettinia,Wettinia_quinaria
5534,OG40,82,OG40-82,Arecaceae,Pholidostachys,Pholidostachys_dactyloides
5535,OG40,83,OG40-83,Arecaceae,Wettinia,Wettinia_quinaria
5536,OG40,84,OG40-84,Arecaceae,Wettinia,Wettinia_quinaria
5537,OG40,85,OG40-85,Arecaceae,Wettinia,Wettinia_quinaria
5538,OG40,86,OG40-86,Myristicaceae,Otoba,Otoba_novogranatensis
5539,OG40,87,OG40-87,Myristicaceae,Compsoneura,Compsoneura_atopa
5540,OG40,88,OG40-88,Arecaceae,Wettinia,Wettinia_quinaria
5541,OG40,89,OG40-89,Arecaceae,Wettinia,Wettinia_quinaria
5542,OG40,90,OG40-90,Metteniusaceae,Metteniusa,Metteniusa_tessmanniana
5543,OG40,91,OG40-91,Sapotaceae,Pouteria,Pouteria_silvestris
5544,OG40,92,OG40-92,Lecythidaceae,Gustavia,Gustavia_dodsonii
5545,OG40,93,OG40-93,Myrtaceae,Eugenia,Eugenia_multirimosa
5546,OG40,94,OG40-94,Arecaceae,Wettinia,Wettinia_quinaria
5547,OG40,95,OG40-95,Moraceae,Naucleopsis,Naucleopsis_ulei
5548,OG40,96,OG40-96,Lecythidaceae,Eschweilera,Eschweilera_caudiculata
5549,OG40,97,OG40-97,Clusiaceae,Garcinia,Garcinia_madruno
5550,OG40,98,OG40-98,Arecaceae,Wettinia,Wettinia_quinaria
5551,OG40,99,OG40-99,Rubiaceae,Faramea,Faramea_langlassei
5552,OG40,100,OG40-100,Arecaceae,Pholidostachys,Pholidostachys_dactyloides
5553,OG40,101,OG40-101,Arecaceae,Wettinia,Wettinia_quinaria
5554,OG40,102,OG40-102,Myrtaceae,Eugenia,Eugenia_oerstediana
5555,OG40,103,OG40-103,Polygonaceae,Coccoloba,Coccoloba_obovata
5556,OG40,104,OG40-104,Polygonaceae,Coccoloba,Coccoloba_obovata
5557,OG40,105,OG40-105,Polygonaceae,Coccoloba,Coccoloba_obovata
5558,OG40,106,OG40-106,Rubiaceae,Agouticarpa,Agouticarpa_williamsii
5559,OG40,107,OG40-107,Lecythidaceae,Eschweilera,Eschweilera_caudiculata
5560,OG40,108,OG40-108,Rubiaceae,Faramea,Faramea_multiflora
5561,OG40,109,OG40-109,Melastomataceae,Miconia,Miconia_multiplicata
5562,OG40,110,OG40-110,Apocynaceae,Tabernaemontana,Tabernaemontana_amygdalifolia
5563,OG40,111,OG40-111,Rubiaceae,Agouticarpa,Agouticarpa_williamsii
5564,OG40,112,OG40-112,Myristicaceae,Compsoneura,Compsoneura_atopa
5565,OG40,113,OG40-113,Fabaceae,Inga,Inga_pezizifera
5566,OG40,114,OG40-114,Myristicaceae,Virola,Virola_pavonis
5567,OG40,115,OG40-115,Myrtaceae,Eugenia,Eugenia_multirimosa
5568,OG40,116,OG40-116,Rubiaceae,Posoqueria,Posoqueria_coriacea
5569,OG40,117,OG40-117,Myristicaceae,Compsoneura,Compsoneura_atopa
5570,OG40,118,OG40-118,Arecaceae,Wettinia,Wettinia_quinaria
5571,OG40,119,OG40-119,Clusiaceae,Tovomita,Tovomita_weddelliana
5572,OG40,120,OG40-120,Urticaceae,Pourouma,Pourouma_minor
5573,OG40,121,OG40-121,Malvaceae,Matisia,Matisia_castano
5574,OG40,122,OG40-122,Myrtaceae,Myrcia,Myrcia_fallax
5575,OG40,123,OG40-123,Dichapetalaceae,Stephanopodium,Stephanopodium_longipedicellatum
5576,OG40,124,OG40-124,Myrtaceae,Myrcia,Myrcia_fallax
5577,OG40,125,OG40-125,Rubiaceae,Cordiera,Cordiera_longicaudata
5578,OG40,126,OG40-126,Lauraceae,Nectandra,Nectandra_guadaripo
5579,OG40,127,OG40-127,Arecaceae,Wettinia,Wettinia_quinaria
5580,OG40,128,OG40-128,Arecaceae,Wettinia,Wettinia_quinaria
5581,OG40,129,OG40-129,Fabaceae,Swartzia,Swartzia_haughtii
5582,OG40,130,OG40-130,Myristicaceae,Compsoneura,Compsoneura_atopa
5583,OG40,131,OG40-131,Arecaceae,Wettinia,Wettinia_quinaria
5584,OG40,132,OG40-132,Myristicaceae,Virola,Virola_pavonis
5585,OG40,133,OG40-133,Malvaceae,Matisia,Matisia_castano
5586,OG40,134,OG40-134,Dichapetalaceae,Stephanopodium,Stephanopodium_longipedicellatum
5587,OG40,135,OG40-135,Fabaceae,Inga,Inga_leptocarpa
5588,OG40,136,OG40-136,Euphorbiaceae,Alchorneopsis,Alchorneopsis_floribunda
5589,OG40,137,OG40-137,Arecaceae,Iriartea,Iriartea_deltoidea
5590,OG40,138,OG40-138,Urticaceae,Pourouma,Pourouma_minor
5591,OG40,139,OG40-139,Chrysobalanaceae,Licania,Licania_celiae
5592,OG40,140,OG40-140,Melastomataceae,Miconia,Miconia_laxivenula
5593,OG40,141,OG40-141,Fabaceae,Inga,Inga_hayesii
5594,OG40,142,OG40-142,Arecaceae,Wettinia,Wettinia_quinaria
5595,OG40,143,OG40-143,Elaeocarpaceae,Sloanea,Sloanea_floribunda
5596,OG40,144,OG40-144,Arecaceae,Wettinia,Wettinia_quinaria
5597,OG40,145,OG40-145,Moraceae,Perebea,Perebea_xanthochyma
5598,OG40,146,OG40-146,Myristicaceae,Compsoneura,Compsoneura_atopa
5599,OG40,147,OG40-147,Arecaceae,Wettinia,Wettinia_quinaria
5600,OG40,148,OG40-148,Arecaceae,Wettinia,Wettinia_quinaria
5601,OG40,149,OG40-149,Rubiaceae,Palicourea,Palicourea_palenquensis
5602,OG40,150,OG40-150,Arecaceae,Wettinia,Wettinia_quinaria
5603,OG40,151,OG40-151,Arecaceae,Wettinia,Wettinia_quinaria
5604,OG40,152,OG40-152,Arecaceae,Wettinia,Wettinia_quinaria
5605,OG40,153,OG40-153,Elaeocarpaceae,Sloanea,Sloanea_floribunda
5606,OG40,154,OG40-154,Arecaceae,Welfia,Welfia_regia
5607,OG40,155,OG40-155,Arecaceae,Wettinia,Wettinia_quinaria
5608,OG40,156,OG40-156,Lecythidaceae,Eschweilera,Eschweilera_caudiculata
5609,OG40,157,OG40-157,Malvaceae,Matisia,Matisia_longipes
5610,OG40,158,OG40-158,Lauraceae,Nectandra,Nectandra_guadaripo
5611,OG40,159,OG40-159,Arecaceae,Wettinia,Wettinia_quinaria
5612,OG40,160,OG40-160,Arecaceae,Wettinia,Wettinia_quinaria
5613,OG40,161,OG40-161,Arecaceae,Wettinia,Wettinia_quinaria
5614,OG40,162,OG40-162,Arecaceae,Wettinia,Wettinia_quinaria
5615,OG40,163,OG40-163,Rubiaceae,Randia,Randia_armata
5616,OG40,164,OG40-164,Arecaceae,Wettinia,Wettinia_quinaria
5617,OG40,165,OG40-165,Clusiaceae,Chrysochlamys,Chrysochlamys_nicaraguensis
5618,OG40,166,OG40-166,Myristicaceae,Compsoneura,Compsoneura_atopa
5619,OG40,167,OG40-167,Arecaceae,Wettinia,Wettinia_quinaria
5620,OG40,168,OG40-168,Rutaceae,Hortia,Hortia_brasiliana
5621,OG40,169,OG40-169,Arecaceae,Wettinia,Wettinia_quinaria
5622,OG40,170,OG40-170,Arecaceae,Wettinia,Wettinia_quinaria
5623,OG40,171,OG40-171,Chrysobalanaceae,Licania,Licania_celiae
5624,OG40,172,OG40-172,Rubiaceae,Palicourea,Palicourea_guianensis
5625,OG40,173,OG40-173,Arecaceae,Wettinia,Wettinia_quinaria
5626,OG40,174,OG40-174,Sapindaceae,Talisia,Talisia_macrophylla
5627,OG40,175,OG40-175,Arecaceae,Wettinia,Wettinia_quinaria
5628,OG40,176,OG40-176,Clusiaceae,Symphonia,Symphonia_globulifera
5629,OG40,177,OG40-177,Fabaceae,Swartzia,Swartzia_haughtii
5630,OG40,178,OG40-178,Rutaceae,Hortia,Hortia_brasiliana
5631,OG40,179,OG40-179,Arecaceae,Iriartea,Iriartea_deltoidea
5632,OG40,180,OG40-180,Myrtaceae,Eugenia,Eugenia_florida
5633,OG40,181,OG40-181,Elaeocarpaceae,Sloanea,Sloanea_floribunda
5634,OG40,182,OG40-182,Malvaceae,Matisia,Matisia_castano
5635,OG40,183,OG40-183,Arecaceae,Wettinia,Wettinia_quinaria
5636,OG40,184,OG40-184,Lauraceae,Nectandra,Nectandra_paucinervia
5637,OG40,185,OG40-185,Arecaceae,Wettinia,Wettinia_quinaria
5638,OG40,186,OG40-186,Rubiaceae,Hippotis,Hippotis_stellata
5639,OG40,187,OG40-187,Celastraceae,Salacia,Salacia_odorata
5640,OG40,188,OG40-188,NA,NA,NA
5641,OG40,189,OG40-189,NA,OG40-189,OG40-189
5642,OG40,190,OG40-190,NA,NA,NA
5643,OG40,191,OG40-191,Arecaceae,Wettinia,Wettinia_quinaria
5644,OG40,192,OG40-192,Arecaceae,Wettinia,Wettinia_quinaria
5645,OG40,193,OG40-193,Arecaceae,Wettinia,Wettinia_quinaria
5646,OG40,194,OG40-194,Malvaceae,Matisia,Matisia_longipes
5647,OG40,195,OG40-195,Fabaceae,Inga,Inga_hayesii
5648,OG40,196,OG40-196,Rubiaceae,Palicourea,Palicourea_palenquensis
5649,OG40,197,OG40-197,Clusiaceae,Tovomita,Tovomita_weddelliana
5650,OG40,198,OG40-198,Lecythidaceae,Eschweilera,Eschweilera_caudiculata
5651,OG40,199,OG40-199,Arecaceae,Wettinia,Wettinia_quinaria
5652,OG40,200,OG40-200,Arecaceae,Wettinia,Wettinia_quinaria
5653,CA60,1,CA60-1,Moraceae,Brosimum,Brosimum_guianense
5654,CA60,2,CA60-2,Urticaceae,Cecropia,Cecropia_hispidissima
5655,CA60,3,CA60-3,Lamiaceae,Gmelina,Gmelina_arborea
5656,CA60,4,CA60-4,Melastomataceae,Miconia,Miconia_conocuatrecasii
5657,CA60,5,CA60-5,Urticaceae,Cecropia,Cecropia_hispidissima
5658,CA60,6,CA60-6,Urticaceae,Cecropia,Cecropia_hispidissima
5659,CA60,7,CA60-7,Lamiaceae,Gmelina,Gmelina_arborea
5660,CA60,8,CA60-8,Lamiaceae,Gmelina,Gmelina_arborea
5661,CA60,9,CA60-9,Lamiaceae,Aegiphila,Aegiphila_alba
5662,CA60,10,CA60-10,Arecaceae,Oenocarpus,Oenocarpus_bataua
5663,CA60,11,CA60-11,Rutaceae,Citrus,Citrus_X_Limonia
5664,PA56,1,PA56-1,Asteraceae,Vernonanthura,Vernonanthura_patens
5665,PA56,2,PA56-2,Asteraceae,Vernonanthura,Vernonanthura_patens
5666,PA56,3,PA56-3,Asteraceae,Vernonanthura,Vernonanthura_patens
5667,PA56,4,PA56-4,Asteraceae,Vernonanthura,Vernonanthura_patens
5668,PA56,5,PA56-5,Asteraceae,Vernonanthura,Vernonanthura_patens
5669,PA56,6,PA56-6,Asteraceae,Vernonanthura,Vernonanthura_patens
5670,PA56,7,PA56-7,Urticaceae,Cecropia,Cecropia_insignis
5671,PA56,8,PA56-8,Urticaceae,Cecropia,Cecropia_hispidissima
5672,PA56,9,PA56-9,Melastomataceae,Miconia,Miconia_centronioides
5673,PA56,10,PA56-10,Melastomataceae,Miconia,Miconia_centronioides
5674,PA56,11,PA56-11,Moraceae,Ficus,Ficus_brevibracteata
5675,PR31,1,PR31-1,Fabaceae,Andira,Andira_taurotesticulata
5676,PR31,2,PR31-2,Meliaceae,Carapa,Carapa_guianensis
5677,PR31,3,PR31-3,Myristicaceae,Virola,Virola_pavonis
5678,PR31,4,PR31-4,Moraceae,Ficus,Ficus_maxima
5679,PR31,5,PR31-5,Melastomataceae,Miconia,Miconia_centronioides
5680,PR31,6,PR31-6,Salicaceae,Banara,Banara_riparia
5681,PR31,7,PR31-7,Melastomataceae,Miconia,Miconia_multiplicata
5682,PR31,8,PR31-8,Euphorbiaceae,Conceveiba,Conceveiba_martiana
5683,PR31,9,PR31-9,Rubiaceae,Palicourea,Palicourea_palenquensis
5684,PR31,10,PR31-10,Malvaceae,Apeiba,Apeiba_membranacea
5685,PR31,11,PR31-11,Melastomataceae,Miconia,Miconia_conocuatrecasii
5686,PR31,12,PR31-12,Melastomataceae,Miconia,Miconia_conocuatrecasii
5687,PR31,13,PR31-13,Arecaceae,Bactris,Bactris_setulosa
5688,PR31,14,PR31-14,Melastomataceae,Miconia,Miconia_conocuatrecasii
5689,PR31,15,PR31-15,Melastomataceae,Miconia,Miconia_conocuatrecasii
5690,PR31,16,PR31-16,Melastomataceae,Miconia,Miconia_conocuatrecasii
5691,PR31,17,PR31-17,Cannabaceae,Trema,Trema_micrantha
5692,PR31,18,PR31-18,Rubiaceae,Palicourea,Palicourea_pseudaxillaris
5693,PR31,19,PR31-19,Calophyllaceae,Marila,Marila_laxiflora
5694,PR31,20,PR31-20,Melastomataceae,Miconia,Miconia_conocuatrecasii
5695,PR31,21,PR31-21,Hypericaceae,Vismia,Vismia_baccifera
5696,PR31,22,PR31-22,Melastomataceae,Miconia,Miconia_conocuatrecasii
5697,PR31,23,PR31-23,Melastomataceae,Miconia,Miconia_conocuatrecasii
5698,PR31,24,PR31-24,Fabaceae,Abarema,Abarema_racemiflora
5699,PR31,25,PR31-25,Melastomataceae,Miconia,Miconia_conocuatrecasii
5700,PR31,26,PR31-26,Melastomataceae,Miconia,Miconia_conocuatrecasii
5701,PR31,27,PR31-27,Rubiaceae,Pentagonia,Pentagonia_grandiflora
5702,PR31,28,PR31-28,Annonaceae,Guatteria,Guatteria_pittieri
5703,PR31,29,PR31-29,Annonaceae,Guatteria,Guatteria_pittieri
5704,PR31,30,PR31-30,Cannabaceae,Trema,Trema_micrantha
5705,PR31,31,PR31-31,Cannabaceae,Trema,Trema_micrantha
5706,PR31,32,PR31-32,Lauraceae,Ocotea,Ocotea_sp.4
5707,PR31,33,PR31-33,Violaceae,Fusispermum,Fusispermum_minutiflorum
5708,PR31,34,PR31-34,Violaceae,Fusispermum,Fusispermum_minutiflorum
5709,PR31,35,PR31-35,Moraceae,Clarisia,Clarisia_biflora
5710,PR31,36,PR31-36,Melastomataceae,Miconia,Miconia_centronioides
5711,PR31,37,PR31-37,Salicaceae,Banara,Banara_riparia
5712,PR31,38,PR31-38,Euphorbiaceae,Sapium,Sapium_marmieri
5713,PR31,39,PR31-39,Myristicaceae,Virola,Virola_pavonis
5714,PR31,40,PR31-40,Malvaceae,Apeiba,Apeiba_membranacea
5715,PR31,41,PR31-41,Annonaceae,Guatteria,Guatteria_pittieri
5716,PR31,42,PR31-42,Melastomataceae,Miconia,Miconia_conocuatrecasii
5717,PR31,43,PR31-43,Melastomataceae,Miconia,Miconia_conocuatrecasii
5718,PR31,44,PR31-44,Melastomataceae,Miconia,Miconia_conocuatrecasii
5719,PR31,45,PR31-45,Salicaceae,Banara,Banara_riparia
5720,PR31,46,PR31-46,Fabaceae,Andira,Andira_taurotesticulata
5721,PR31,47,PR31-47,Melastomataceae,Miconia,Miconia_centronioides
5722,PR31,48,PR31-48,Melastomataceae,Miconia,Miconia_cooperi
5723,PR31,49,PR31-49,Melastomataceae,Miconia,Miconia_conocuatrecasii
5724,PR31,50,PR31-50,Melastomataceae,Miconia,Miconia_conocuatrecasii
5725,PR31,51,PR31-51,Melastomataceae,Miconia,Miconia_conocuatrecasii
5726,PR31,52,PR31-52,Melastomataceae,Miconia,Miconia_conocuatrecasii
5727,PR31,53,PR31-53,Myristicaceae,Virola,Virola_pavonis
5728,PR31,54,PR31-54,Melastomataceae,Miconia,Miconia_cooperi
5729,PR31,55,PR31-55,Melastomataceae,Miconia,Miconia_conocuatrecasii
5730,PR31,56,PR31-56,Melastomataceae,Miconia,Miconia_conocuatrecasii
5731,PR31,57,PR31-57,Melastomataceae,Miconia,Miconia_multiplicata
5732,PR31,58,PR31-58,Melastomataceae,Miconia,Miconia_multiplicata
5733,PR31,59,PR31-59,Fabaceae,Abarema,Abarema_racemiflora
5734,PR31,60,PR31-60,Melastomataceae,Miconia,Miconia_centronioides
5735,PR31,61,PR31-61,Melastomataceae,Miconia,Miconia_centronioides
5736,PR31,62,PR31-62,Melastomataceae,Miconia,Miconia_multiplicata
5737,PR31,63,PR31-63,Melastomataceae,Miconia,Miconia_conocuatrecasii
5738,PR31,64,PR31-64,Cannabaceae,Trema,Trema_micrantha
5739,PR31,65,PR31-65,Melastomataceae,Miconia,Miconia_multiplicata
5740,PR31,66,PR31-66,Melastomataceae,Miconia,Miconia_centronioides
5741,PR31,67,PR31-67,Melastomataceae,Miconia,Miconia_multiplicata
5742,PR31,68,PR31-68,Burseraceae,Protium,Protium_ecuadorense
5743,PR31,69,PR31-69,Burseraceae,Protium,Protium_ecuadorense
5744,PR31,70,PR31-70,Moraceae,Poulsenia,Poulsenia_armata
5745,PR31,71,PR31-71,Burseraceae,Protium,Protium_ecuadorense
5746,PR31,72,PR31-72,Melastomataceae,Miconia,Miconia_centronioides
5747,PR31,73,PR31-73,Cannabaceae,Trema,Trema_micrantha
5748,PR31,74,PR31-74,Melastomataceae,Miconia,Miconia_conocuatrecasii
5749,PR31,75,PR31-75,Melastomataceae,Miconia,Miconia_conocuatrecasii
5750,PR31,76,PR31-76,Melastomataceae,Miconia,Miconia_centronioides
5751,PR31,77,PR31-77,Euphorbiaceae,Sapium,Sapium_marmieri
5752,PR31,78,PR31-78,Melastomataceae,Miconia,Miconia_centronioides
5753,PR31,79,PR31-79,Annonaceae,Guatteria,Guatteria_pittieri
5754,PR31,80,PR31-80,Annonaceae,Guatteria,Guatteria_pittieri
5755,PR31,81,PR31-81,Melastomataceae,Miconia,Miconia_conocuatrecasii
5756,PR31,82,PR31-82,Salicaceae,Banara,Banara_riparia
5757,PR31,83,PR31-83,Phyllanthaceae,Hieronyma,Hieronyma_alchorneoides
5758,PR31,84,PR31-84,Melastomataceae,Miconia,Miconia_sp.3
5759,PR31,85,PR31-85,Malvaceae,Apeiba,Apeiba_membranacea
5760,PR31,86,PR31-86,Malvaceae,Matisia,Matisia_palenquiana
5761,PR31,87,PR31-87,Cannabaceae,Trema,Trema_micrantha
5762,PR31,88,PR31-88,Euphorbiaceae,Sapium,Sapium_marmieri
5763,PR31,89,PR31-89,Cannabaceae,Trema,Trema_micrantha
5764,PR31,90,PR31-90,Myristicaceae,Virola,Virola_pavonis
5765,PR31,91,PR31-91,Myristicaceae,Otoba,Otoba_novogranatensis
5766,PR31,92,PR31-92,Myristicaceae,Osteophloeum,Osteophloeum_platyspermum
5767,PR31,93,PR31-93,Urticaceae,Cecropia,Cecropia_insignis
5768,PR31,94,PR31-94,Burseraceae,Protium,Protium_ecuadorense
5769,PR31,95,PR31-95,Malvaceae,Theobroma,Theobroma_gileri
5770,PR31,96,PR31-96,Clusiaceae,Chrysochlamys,Chrysochlamys_dependens
5771,PR31,97,PR31-97,Arecaceae,Socratea,Socratea_exorrhiza
5772,PR31,98,PR31-98,Sapotaceae,Chromolucuma,Chromolucuma_sp.1
5773,PR31,99,PR31-99,Arecaceae,Wettinia,Wettinia_quinaria
5774,PR31,100,PR31-100,Fabaceae,Inga,Inga_silanchensis
5775,PR31,101,PR31-101,Melastomataceae,Miconia,Miconia_multiplicata
5776,PR31,102,PR31-102,Malvaceae,Apeiba,Apeiba_membranacea
5777,PR31,103,PR31-103,Melastomataceae,Miconia,Miconia_centronioides
5778,PR31,104,PR31-104,Cannabaceae,Trema,Trema_micrantha
5779,PR31,105,PR31-105,Fabaceae,Inga,Inga_pezizifera
5780,PR31,106,PR31-106,Melastomataceae,Miconia,Miconia_centronioides
5781,PR31,107,PR31-107,Cannabaceae,Trema,Trema_micrantha
5782,PR31,108,PR31-108,Melastomataceae,Miconia,Miconia_centronioides
5783,PR31,109,PR31-109,Fabaceae,Inga,Inga_jinicuil
5784,PR31,110,PR31-110,Melastomataceae,Miconia,Miconia_conocuatrecasii
5785,PR31,111,PR31-111,Melastomataceae,Miconia,Miconia_conocuatrecasii
5786,PR31,112,PR31-112,Melastomataceae,Miconia,Miconia_centronioides
5787,PR31,113,PR31-113,Euphorbiaceae,Alchorneopsis,Alchorneopsis_floribunda
5788,PR31,114,PR31-114,Melastomataceae,Miconia,Miconia_conocuatrecasii
5789,PR31,115,PR31-115,Sapindaceae,Allophylus,Allophylus_angustatus
5790,PR31,116,PR31-116,Melastomataceae,Miconia,Miconia_centronioides
5791,PR31,117,PR31-117,Euphorbiaceae,Conceveiba,Conceveiba_martiana
5792,PR31,118,PR31-118,Meliaceae,Guarea,Guarea_kunthiana
5793,PR31,119,PR31-119,Simaroubaceae,Simarouba,Simarouba_amara
5794,PR31,120,PR31-120,Simaroubaceae,Simarouba,Simarouba_amara
5795,PR31,121,PR31-121,Simaroubaceae,Simarouba,Simarouba_amara
5796,PR31,122,PR31-122,Lauraceae,Ocotea,Ocotea_sp.5
5797,PR31,123,PR31-123,Melastomataceae,Miconia,Miconia_multiplicata
5798,PR31,124,PR31-124,Simaroubaceae,Simarouba,Simarouba_amara
5799,PR31,125,PR31-125,Malvaceae,Matisia,Matisia_cordata
5800,PR31,126,PR31-126,Melastomataceae,Miconia,Miconia_multiplicata
5801,PR31,127,PR31-127,Melastomataceae,Miconia,Miconia_conocuatrecasii
5802,PR31,128,PR31-128,Staphyleaceae,Turpinia,Turpinia_occidentalis
5803,PR31,129,PR31-129,Melastomataceae,Miconia,Miconia_conocuatrecasii
5804,PR31,130,PR31-130,Burseraceae,Protium,Protium_ecuadorense
5805,PR31,131,PR31-131,Myristicaceae,Compsoneura,Compsoneura_atopa
5806,PR31,132,PR31-132,Moraceae,Ficus,Ficus_macbridei
5807,PR31,133,PR31-133,Salicaceae,Banara,Banara_riparia
5808,CR14,1,CR14-1,Elaeocarpaceae,Sloanea,Sloanea_guianensis
5809,CR14,2,CR14-2,Fabaceae,Abarema,Abarema_racemiflora
5810,CR14,3,CR14-3,Euphorbiaceae,Sapium,Sapium_glandulosum
5811,CR14,4,CR14-4,Burseraceae,Dacryodes,Dacryodes_cupularis
5812,CR14,5,CR14-5,Urticaceae,Cecropia,Cecropia_insignis
5813,CR14,6,CR14-6,Rutaceae,Zanthoxylum,Zanthoxylum_riedelianum
5814,CR14,7,CR14-7,Melastomataceae,Miconia,Miconia_conocuatrecasii
5815,CR14,8,CR14-8,Urticaceae,Cecropia,Cecropia_garciae
5816,CR14,9,CR14-9,Staphyleaceae,Turpinia,Turpinia_occidentalis
5817,CR14,10,CR14-10,Lamiaceae,Vitex,Vitex_cymosa
5818,CR14,11,CR14-11,Euphorbiaceae,Conceveiba,Conceveiba_martiana
5819,CR14,12,CR14-12,Fabaceae,Inga,Inga_leptocarpa
5820,CR14,13,CR14-13,Staphyleaceae,Turpinia,Turpinia_occidentalis
5821,CR14,14,CR14-14,NA,NA,NA
5822,CR14,15,CR14-15,Euphorbiaceae,Conceveiba,Conceveiba_martiana
5823,CR14,16,CR14-16,Meliaceae,Guarea,Guarea_kunthiana
5824,CR14,17,CR14-17,Coardiaceae,Cordia,Cordia_bicolor
5825,CR14,18,CR14-18,Fabaceae,Inga,Inga_hayesii
5826,CR14,19,CR14-19,Salicaceae,Casearia,Casearia_mariquitensis
5827,CR14,20,CR14-20,Apocynaceae,Tabernaemontana,Tabernaemontana_amygdalifolia
5828,CR14,21,CR14-21,Rutaceae,Hortia,Hortia_brasiliana
5829,CR14,22,CR14-22,Annonaceae,Guatteria,Guatteria_pittieri
5830,CR14,23,CR14-23,Fabaceae,Inga,Inga_chocoensis
5831,CR14,24,CR14-24,Moraceae,Ficus,Ficus_maxima
5832,CR14,25,CR14-25,Elaeocarpaceae,Sloanea,Sloanea_guianensis
5833,CR14,26,CR14-26,Apocynaceae,Tabernaemontana,Tabernaemontana_amygdalifolia
5834,CR14,27,CR14-27,Lamiaceae,Vitex,Vitex_cooperi
5835,CR14,28,CR14-28,Moraceae,Croton,Croton_tessmannii
5836,CR14,29,CR14-29,Staphyleaceae,Turpinia,Turpinia_occidentalis
5837,CR14,30,CR14-30,Fabaceae,Vatairea,Vatairea_erythrocarpa
5838,CR14,31,CR14-31,Staphyleaceae,Turpinia,Turpinia_occidentalis
5839,CR14,32,CR14-32,Annonaceae,Guatteria,Guatteria_pittieri
5840,CR14,33,CR14-33,Melastomataceae,Miconia,Miconia_conocuatrecasii
5841,CR14,34,CR14-34,Myristicaceae,Otoba,Otoba_novogranatensis
5842,CR14,35,CR14-35,Myristicaceae,Otoba,Otoba_novogranatensis
5843,CR14,36,CR14-36,Rutaceae,Zanthoxylum,Zanthoxylum_riedelianum
5844,CR14,37,CR14-37,NA,NA,NA
5845,CR14,38,CR14-38,Lauraceae,Nectandra,Nectandra_acutifolia
5846,CR14,39,CR14-39,Fabaceae,Bauhinia,Bauhinia_pichinchensis
5847,CR14,40,CR14-40,Annonaceae,Guatteria,Guatteria_pittieri
5848,CR14,41,CR14-41,Fabaceae,Inga,Inga_silanchensis
5849,CR14,42,CR14-42,Asteraceae,Piptocoma,Piptocoma_discolor
5850,CR14,43,CR14-43,Salicaceae,Hasseltia,Hasseltia_floribunda
5851,CR14,44,CR14-44,Lecythidaceae,Grias,Grias_peruviana
5852,CR14,45,CR14-45,Salicaceae,Casearia,Casearia_mariquitensis
5853,CR14,46,CR14-46,Rubiaceae,Pentagonia,Pentagonia_grandiflora
5854,CR14,47,CR14-47,Fabaceae,Bauhinia,Bauhinia_pichinchensis
5855,CR14,48,CR14-48,Moraceae,Perebea,Perebea_xanthochyma
5856,CR14,49,CR14-49,Sapindaceae,Billia,Billia_columbiana
5857,CR14,50,CR14-50,Fabaceae,Inga,Inga_chocoensis
5858,CR14,51,CR14-51,Myristicaceae,Otoba,Otoba_novogranatensis
5859,CR14,52,CR14-52,Apocynaceae,Tabernaemontana,Tabernaemontana_amygdalifolia
5860,CR14,53,CR14-53,Salicaceae,Pleuranthodendron,Pleuranthodendron_lindenii
5861,CR14,54,CR14-54,Euphorbiaceae,Mabea,Mabea_occidentalis
5862,CR14,55,CR14-55,Moraceae,Ficus,Ficus_brevibracteata
5863,CR14,56,CR14-56,Malvaceae,Matisia,Matisia_castano
5864,CR14,57,CR14-57,Fabaceae,Inga,Inga_pezizifera
5865,CR14,58,CR14-58,Fabaceae,Inga,Inga_oerstediana
5866,CR14,59,CR14-59,Urticaceae,Pourouma,Pourouma_guianensis
5867,CR14,60,CR14-60,Malvaceae,Sterculia,Sterculia_colombiana
5868,CR14,61,CR14-61,Staphyleaceae,Turpinia,Turpinia_occidentalis
5869,CR14,62,CR14-62,Salicaceae,Casearia,Casearia_arborea
5870,CR14,63,CR14-63,Staphyleaceae,Turpinia,Turpinia_occidentalis
5871,CR14,64,CR14-64,Malvaceae,Apeiba,Apeiba_membranacea
5872,CR14,65,CR14-65,Rubiaceae,Palicourea,Palicourea_allenii
5873,CR14,66,CR14-66,Staphyleaceae,Turpinia,Turpinia_occidentalis
5874,CR14,67,CR14-67,Malvaceae,Apeiba,Apeiba_membranacea
5875,CR14,68,CR14-68,Arecaceae,Wettinia,Wettinia_quinaria
5876,CR14,69,CR14-69,Euphorbiaceae,Tetrorchidium,Tetrorchidium_andinum
5877,CR14,70,CR14-70,Malvaceae,Apeiba,Apeiba_membranacea
5878,CR14,71,CR14-71,Malvaceae,Apeiba,Apeiba_membranacea
5879,CR14,72,CR14-72,Fabaceae,Inga,Inga_hayesii
5880,CR14,73,CR14-73,Rutaceae,Zanthoxylum,Zanthoxylum_riedelianum
5881,CR14,74,CR14-74,Urticaceae,Cecropia,Cecropia_hispidissima
5882,CR14,75,CR14-75,Cordiaceae,Cordia,Cordia_mexiana
5883,CR14,76,CR14-76,Myristicaceae,Otoba,Otoba_novogranatensis
5884,CR14,77,CR14-77,Moraceae,Brosimum,Brosimum_utile
5885,CR14,78,CR14-78,Euphorbiaceae,Mabea,Mabea_occidentalis
5886,CR14,79,CR14-79,Cordiaceae,Cordia,Cordia_mexiana
5887,CR14,80,CR14-80,Malpighiaceae,Byrsonima,Byrsonima_putumayensis
5888,CR14,81,CR14-81,Myristicaceae,Otoba,Otoba_novogranatensis
5889,CR14,82,CR14-82,Euphorbiaceae,Croton,Croton_lechleri
5890,CR14,83,CR14-83,Moraceae,Ficus,Ficus_carchiana
5891,CR14,84,CR14-84,Urticaceae,Cecropia,Cecropia_garciae
5892,CR14,85,CR14-85,Staphyleaceae,Turpinia,Turpinia_occidentalis
5893,CR14,86,CR14-86,Apocynaceae,Tabernaemontana,Tabernaemontana_amygdalifolia
5894,CR14,87,CR14-87,Melastomataceae,Miconia,Miconia_sp.2
5895,CR14,88,CR14-88,Melastomataceae,Miconia,Miconia_conocuatrecasii
5896,CR14,89,CR14-89,Malvaceae,Apeiba,Apeiba_membranacea
5897,CR14,90,CR14-90,Staphyleaceae,Turpinia,Turpinia_occidentalis
5898,CR14,91,CR14-91,Myristicaceae,Otoba,Otoba_novogranatensis
5899,CR14,92,CR14-92,Melastomataceae,Miconia,Miconia_conocuatrecasii
5900,CR14,93,CR14-93,Rutaceae,Vitex,Vitex_cooperi
5901,CR14,94,CR14-94,Staphyleaceae,Turpinia,Turpinia_occidentalis
5902,CR14,95,CR14-95,Salicaceae,Casearia,Casearia_arborea
5903,CR14,96,CR14-96,Staphyleaceae,Turpinia,Turpinia_occidentalis
5904,CR14,97,CR14-97,Phyllanthaceae,Margaritaria,Margaritaria_nobilis
5905,CR14,98,CR14-98,Rubiaceae,Palicourea,Palicourea_chimboracensis
5906,CR14,99,CR14-99,Staphyleaceae,Turpinia,Turpinia_occidentalis
5907,CR14,100,CR14-100,Fabaceae,Inga,Inga_chocoensis
5908,CR14,101,CR14-101,Rutaceae,Zanthoxylum,Zanthoxylum_riedelianum
5909,CR14,102,CR14-102,Phyllanthaceae,Margaritaria,Margaritaria_nobilis
5910,CR14,103,CR14-103,Lauraceae,Nectandra,Nectandra_hihua
5911,CR14,104,CR14-104,Staphyleaceae,Turpinia,Turpinia_occidentalis
5912,CR14,105,CR14-105,Euphorbiaceae,Conceveiba,Conceveiba_martiana
5913,CR14,106,CR14-106,Urticaceae,Cecropia,Cecropia_garciae
5914,CR14,107,CR14-107,Myristicaceae,Otoba,Otoba_novogranatensis
5915,CR14,107b,CR14-107b,Salicaceae,Casearia,Casearia_arborea
5916,CR14,108,CR14-108,Staphyleaceae,Turpinia,Turpinia_occidentalis
5917,CR14,109,CR14-109,Fabaceae,Inga,Inga_'tres_pares_sin_ala'
5918,CR14,110,CR14-110,Staphyleaceae,Turpinia,Turpinia_occidentalis
5919,CR14,111,CR14-111,Phyllanthaceae,Margaritaria,Margaritaria_nobilis
5920,CR14,112,CR14-112,Phyllanthaceae,Margaritaria,Margaritaria_nobilis
5921,CR14,113,CR14-113,Urticaceae,Cecropia,Cecropia_garciae
5922,CR14,114,CR14-114,Arecaceae,Wettinia,Wettinia_quinaria
5923,CR14,115,CR14-115,Rutaceae,Hortia,Hortia_brasiliana
5924,CR14,116,CR14-116,Urticaceae,Cecropia,Cecropia_garciae
5925,CR14,117,CR14-117,Staphyleaceae,Turpinia,Turpinia_occidentalis
5926,CR14,118,CR14-118,Burseraceae,Protium,Protium_ecuadorense
5927,CR14,119,CR14-119,Fabaceae,Inga,Inga_pezizifera
5928,CR14,120,CR14-120,Fabaceae,Inga,Inga_ruiziana
5929,CR14,121,CR14-121,Apocynaceae,Tabernaemontana,Tabernaemontana_amygdalifolia
5930,CR14,122,CR14-122,Rutaceae,Hortia,Hortia_brasiliana
5931,CR14,123,CR14-123,Fabaceae,Inga,Inga_oerstediana
5932,CR14,124,CR14-124,Rubiaceae,Faramea,Faramea_langlassei
5933,CR14,125,CR14-125,Staphyleaceae,Turpinia,Turpinia_occidentalis
5934,CR14,126,CR14-126,Burseraceae,Protium,Protium_ecuadorense
5935,CR14,127,CR14-127,Cordiaceae,Cordia,Cordia_lucidula
5936,CR14,128,CR14-128,Salicaceae,Casearia,Casearia_arborea
5937,CR14,129,CR14-129,Moraceae,Perebea,Perebea_xanthochyma
5938,CR14,130,CR14-130,Melastomataceae,Miconia,Miconia_conocuatrecasii
5939,CR14,131,CR14-131,Melastomataceae,Miconia,Miconia_conocuatrecasii
5940,CR14,132,CR14-132,Burseraceae,Protium,Protium_ecuadorense
5941,CR14,133,CR14-133,Urticaceae,Cecropia,Cecropia_insignis
5942,CR14,134,CR14-134,Malvaceae,Apeiba,Apeiba_membranacea
5943,CR14,135,CR14-135,Erythroxylaceae,Erythroxylum,Erythroxylum_squamatum
5944,CR14,136,CR14-136,Hernandiaceae,Hernandia,Hernandia_didymantha
5945,CR14,137,CR14-137,Malvaceae,Apeiba,Apeiba_membranacea
5946,CR14,138,CR14-138,Malvaceae,Matisia,Matisia_castano
5947,CR14,139,CR14-139,Malvaceae,Quararibea,Quararibea_casasecae
5948,CR14,140,CR14-140,Malvaceae,Quararibea,Quararibea_casasecae
5949,CR14,141,CR14-141,Malvaceae,Quararibea,Quararibea_grandifolia
5950,CR14,142,CR14-142,Elaeocarpaceae,Sloanea,Sloanea_guianensis
5951,CR14,143,CR14-143,Salicaceae,Casearia,Casearia_arborea
5952,CR14,144,CR14-144,Arecaceae,Bactris,Bactris_setulosa
5953,CR14,145,CR14-145,Malvaceae,Quararibea,Quararibea_grandifolia
5954,CR14,146,CR14-146,Myristicaceae,Otoba,Otoba_novogranatensis
5955,CR14,147,CR14-147,Moraceae,Perebea,Perebea_xanthochyma
5956,CR14,148,CR14-148,Salicaceae,Banara,Banara_guianensis
5957,CR14,149,CR14-149,Euphorbiaceae,Sapium,Sapium_glandulosum
5958,CR14,150,CR14-150,Rubiaceae,Palicourea,Palicourea_paratinctoria
5959,CR14,151,CR14-151,Myristicaceae,Otoba,Otoba_novogranatensis
5960,CR14,152,CR14-152,Fabaceae,Bauhinia,Bauhinia_pichinchensis
5961,CR14,153,CR14-153,Urticaceae,Cecropia,Cecropia_garciae
5962,CR14,154,CR14-154,Staphyleaceae,Turpinia,Turpinia_occidentalis
5963,CR14,155,CR14-155,Fabaceae,Swartzia,Swartzia_haughtii
5964,CR14,156,CR14-156,Urticaceae,Cecropia,Cecropia_insignis
5965,CR14,157,CR14-157,Urticaceae,Cecropia,Cecropia_garciae
5966,CR14,158,CR14-158,Salicaceae,Casearia,Casearia_arborea
5967,CR14,159,CR14-159,NA,NA,NA
5968,CR14,160,CR14-160,Malvaceae,Apeiba,Apeiba_membranacea
5969,CR14,161,CR14-161,Salicaceae,Casearia,Casearia_arborea
5970,CR14,162,CR14-162,Staphyleaceae,Turpinia,Turpinia_occidentalis
5971,CR14,163,CR14-163,Urticaceae,Cecropia,Cecropia_garciae
5972,CR14,164,CR14-164,Malvaceae,Apeiba,Apeiba_membranacea
5973,CR14,165,CR14-165,Rutaceae,Vitex,Vitex_cooperi
5974,CR14,166,CR14-166,Moraceae,Clarisia,Clarisia_biflora
5975,CR14,167,CR14-167,Melastomataceae,Miconia,Miconia_conocuatrecasii
5976,CR14,168,CR14-168,Moraceae,Ficus,Ficus_brevibracteata
5977,CR14,169,CR14-169,Euphorbiaceae,Sapium,Sapium_laurifolium
5978,CR14,170,CR14-170,Urticaceae,Cecropia,Cecropia_garciae
5979,CR14,171,CR14-171,NA,NA,NA
5980,CR14,172,CR14-172,Urticaceae,Cecropia,Cecropia_garciae
5981,CR14,173,CR14-173,Staphyleaceae,Turpinia,Turpinia_occidentalis
5982,CR14,174,CR14-174,Salicaceae,Casearia,Casearia_mariquitensis
5983,CR14,175,CR14-175,Moraceae,Naucleopsis,Naucleopsis_ulei
5984,CR14,176,CR14-176,Annonaceae,Guatteria,Guatteria_pittieri
5985,CR14,177,CR14-177,Rutaceae,Vitex,Vitex_cooperi
5986,CR14,178,CR14-178,Malvaceae,Apeiba,Apeiba_membranacea
5987,CR14,179,CR14-179,Salicaceae,Casearia,Casearia_arborea
5988,CR14,180,CR14-180,Malvaceae,Apeiba,Apeiba_membranacea
5989,CR14,181,CR14-181,Meliaceae,Carapa,Carapa_guianensis
5990,CR14,182,CR14-182,Melastomataceae,Miconia,Miconia_conocuatrecasii
5991,CR14,183,CR14-183,NA,NA,NA
5992,CR14,184,CR14-184,Myristicaceae,Otoba,Otoba_novogranatensis
5993,CR14,185,CR14-185,Staphyleaceae,Turpinia,Turpinia_occidentalis
5994,CR14,186,CR14-186,Rubiaceae,Palicourea,Palicourea_palenquensis
5995,CR14,187,CR14-187,Malvaceae,Apeiba,Apeiba_membranacea
5996,CR14,188,CR14-188,Fabaceae,Inga,Inga_chocoensis
5997,CR14,189,CR14-189,Salicaceae,Casearia,Casearia_arborea
5998,CR14,190,CR14-190,Burseraceae,Protium,Protium_ecuadorense
5999,CR14,191,CR14-191,Fabaceae,Inga,Inga_'tres_pares_sin_ala'
6000,CR14,192,CR14-192,Euphorbiaceae,Tetrorchidium,Tetrorchidium_arboreum
6001,CR14,193,CR14-193,Staphyleaceae,Turpinia,Turpinia_occidentalis
6002,CR14,194,CR14-194,Rubiaceae,Palicourea,Palicourea_palenquensis
6003,CR14,195,CR14-195,Malvaceae,Apeiba,Apeiba_membranacea
6004,CR14,196,CR14-196,Fabaceae,Inga,Inga_coruscans
6005,CR14,197,CR14-197,Phyllanthaceae,Margaritaria,Margaritaria_nobilis
6006,CR14,198,CR14-198,Salicaceae,Casearia,Casearia_arborea
6007,CR14,199,CR14-199,Phyllanthaceae,Margaritaria,Margaritaria_nobilis
6008,CR14,200,CR14-200,Melastomataceae,Miconia,Miconia_conocuatrecasii
6009,PR34,1,PR34-1,Arecaceae,Wettinia,Wettinia_quinaria
6010,PR34,2,PR34-2,Actinidiaceae,Saurauia,Saurauia_herthae
6011,PR34,3,PR34-3,Arecaceae,Wettinia,Wettinia_quinaria
6012,PR34,4,PR34-4,Actinidiaceae,Saurauia,Saurauia_herthae
6013,PR34,5,PR34-5,Actinidiaceae,Saurauia,Saurauia_herthae
6014,PR34,6,PR34-6,Urticaceae,Cecropia,Cecropia_hispidissima
6015,PR34,7,PR34-7,Arecaceae,Wettinia,Wettinia_quinaria
6016,PR34,8,PR34-8,Salicaceae,Casearia,Casearia_cajambrensis
6017,PR34,9,PR34-9,Moraceae,Ficus,Ficus_brevibracteata
6018,PR34,10,PR34-10,Clusiaceae,Chrysochlamys,Chrysochlamys_dependens
6019,PR34,11,PR34-11,Arecaceae,Wettinia,Wettinia_quinaria
6020,PR34,12,PR34-12,Malvaceae,Apeiba,Apeiba_membranacea
6021,PR34,13,PR34-13,Melastomataceae,Miconia,Miconia_conocuatrecasii
6022,PR34,14,PR34-14,Malvaceae,Apeiba,Apeiba_membranacea
6023,PR34,15,PR34-15,Arecaceae,Wettinia,Wettinia_quinaria
6024,PR34,16,PR34-16,Myrtaceae,Eugenia,Eugenia_multirimosa
6025,PR34,17,PR34-17,Caricaceae,Jacaratia,Jacaratia_spinosa
6026,PR34,18,PR34-18,Rubiaceae,Palicourea,Palicourea_paratinctoria
6027,PR34,19,PR34-19,Arecaceae,Wettinia,Wettinia_quinaria
6028,PR34,20,PR34-20,Urticaceae,Cecropia,Cecropia_hispidissima
6029,PR34,21,PR34-21,Rubiaceae,Palicourea,Palicourea_paratinctoria
6030,PR34,22,PR34-22,Burseraceae,Protium,Protium_ecuadorense
6031,PR34,23,PR34-23,Arecaceae,Wettinia,Wettinia_quinaria
6032,PR34,24,PR34-24,Salicaceae,Casearia,Casearia_cajambrensis
6033,PR34,25,PR34-25,Moraceae,Ficus,Ficus_maxima
6034,PR34,26,PR34-26,Annonaceae,Guatteria,Guatteria_pittieri
6035,PR34,27,PR34-27,Moraceae,Ficus,Ficus_PR34-27
6036,PR34,28,PR34-28,Arecaceae,Wettinia,Wettinia_quinaria
6037,PR34,29,PR34-29,Lauraceae,Ocotea,Ocotea_floribunda
6038,PR34,30,PR34-30,NA,NA,NA
6039,PR34,31,PR34-31,Moraceae,Perebea,Perebea_xanthochyma
6040,PR34,32,PR34-32,Arecaceae,Wettinia,Wettinia_quinaria
6041,PR34,33,PR34-33,Salicaceae,Casearia,Casearia_cajambrensis
6042,PR34,34,PR34-34,Sapotaceae,Pouteria,Pouteria_guianensis
6043,PR34,35,PR34-35,Arecaceae,Socratea,Socratea_exorrhiza
6044,PR34,36,PR34-36,Arecaceae,Wettinia,Wettinia_quinaria
6045,PR34,37,PR34-37,Fabaceae,Inga,Inga_leiocalycina
6046,PR34,38,PR34-38,Lauraceae,Ocotea,Ocotea_floribunda
6047,PR34,39,PR34-39,NA,NA,NA
6048,PR34,40,PR34-40,Sapindaceae,Matayba,Matayba_sp.2
6049,PR34,41,PR34-41,Rubiaceae,Palicourea,Palicourea_palenquensis
6050,PR34,42,PR34-42,Euphorbiaceae,Sapium,Sapium_marmieri
6051,PR34,43,PR34-43,Lecythidaceae,Eschweilera,Eschweilera_caudiculata
6052,PR34,44,PR34-44,Fabaceae,Inga,Inga_silanchensis
6053,PR34,45,PR34-45,Moraceae,Perebea,Perebea_xanthochyma
6054,PR34,46,PR34-46,Malvaceae,Apeiba,Apeiba_membranacea
6055,PR34,47,PR34-47,Moraceae,Ficus,Ficus_brevibracteata
6056,PR34,48,PR34-48,Rutaceae,Zanthoxylum,Zanthoxylum_riedelianum
6057,PR34,49,PR34-49,Rubiaceae,Palicourea,Palicourea_paratinctoria
6058,PR34,50,PR34-50,Euphorbiaceae,Sapium,Sapium_laurifolium
6059,PR34,51,PR34-51,Polygonaceae,Coccoloba,Coccoloba_obovata
6060,PR34,52,PR34-52,Lauraceae,Endlicheria,Endlicheria_browniana
6061,PR34,53,PR34-53,Malvaceae,Quararibea,Quararibea_casasecae
6062,PR34,54,PR34-54,Moraceae,Ficus,Ficus_maxima
6063,PR34,55,PR34-55,Myrtaceae,Eugenia,Eugenia_multirimosa
6064,PR34,56,PR34-56,Meliaceae,Carapa,Carapa_guianensis
6065,PR34,57,PR34-57,Fabaceae,Dussia,Dussia_lehmannii
6066,PR34,58,PR34-58,Malvaceae,Matisia,Matisia_cordata
6067,PR34,59,PR34-59,Malvaceae,Quararibea,Quararibea_grandifolia
6068,PR34,60,PR34-60,Moraceae,Ficus,Ficus_brevibracteata
6069,PR34,61,PR34-61,Moraceae,Ficus,Ficus_brevibracteata
6070,PR34,62,PR34-62,Meliaceae,Trichilia,Trichilia_floribunda
6071,PR34,63,PR34-63,Sapindaceae,Billia,Billia_columbiana
6072,PR34,64,PR34-64,Lauraceae,Ocotea,Ocotea_floribunda
6073,PR34,65,PR34-65,Arecaceae,Wettinia,Wettinia_quinaria
6074,PR34,66,PR34-66,Rubiaceae,Palicourea,Palicourea_paratinctoria
6075,PR34,67,PR34-67,Urticaceae,Cecropia,Cecropia_garciae
6076,PR34,68,PR34-68,Arecaceae,Wettinia,Wettinia_quinaria
6077,PR34,69,PR34-69,Melastomataceae,Miconia,Miconia_brevitheca
6078,PR34,70,PR34-70,Melastomataceae,Miconia,Miconia_brevitheca
6079,PR34,71,PR34-71,Melastomataceae,Miconia,Miconia_brevitheca
6080,PR34,72,PR34-72,Lauraceae,Ocotea,Ocotea_floribunda
6081,PR34,73,PR34-73,Fabaceae,Inga,Inga_oerstediana
6082,PR34,74,PR34-74,Arecaceae,Socratea,Socratea_exorrhiza
6083,PR34,75,PR34-75,Arecaceae,Socratea,Socratea_exorrhiza
6084,PR34,76,PR34-76,Staphyleaceae,Turpinia,Turpinia_occidentalis
6085,PR34,77,PR34-77,Annonaceae,Annona,Annona_papilionella
6086,PR34,78,PR34-78,Arecaceae,Socratea,Socratea_exorrhiza
6087,PR34,79,PR34-79,Arecaceae,Socratea,Socratea_exorrhiza
6088,PR34,80,PR34-80,Myrtaceae,Eugenia,Eugenia_multirimosa
6089,PR34,81,PR34-81,Coardiaceae,Cordia,Cordia_bicolor
6090,PR34,82,PR34-82,Arecaceae,Wettinia,Wettinia_quinaria
6091,PR34,83,PR34-83,NA,NA,NA
6092,PR34,84,PR34-84,Malvaceae,Apeiba,Apeiba_membranacea
6093,PR34,85,PR34-85,Arecaceae,Socratea,Socratea_exorrhiza
6094,PR34,86,PR34-86,Burseraceae,Protium,Protium_ecuadorense
6095,PR34,87,PR34-87,Coardiaceae,Cordia,Cordia_bicolor
6096,PR34,88,PR34-88,Melastomataceae,Miconia,Miconia_conocentronioides
6097,PR34,89,PR34-89,Lecythidaceae,Eschweilera,Eschweilera_caudiculata
6098,PR34,90,PR34-90,Fabaceae,Inga,Inga_leptocarpa
6099,PR34,91,PR34-91,Annonaceae,Guatteria,Guatteria_pittieri
6100,PR34,92,PR34-92,Euphorbiaceae,Sapium,Sapium_glandulosum
6101,PR34,93,PR34-93,Arecaceae,Wettinia,Wettinia_quinaria
6102,PR34,94,PR34-94,Fabaceae,Inga,Inga_silanchensis
6103,PR34,95,PR34-95,Araliaceae,Dendropanax,Dendropanax_macrophyllum
6104,PR34,96,PR34-96,Malvaceae,Matisia,Matisia_castano
6105,PR34,97,PR34-97,Cordiaceae,Cordia,Cordia_lucidula
6106,PR34,98,PR34-98,Sapotaceae,Pouteria,Pouteria_capacifolia
6107,PR34,99,PR34-99,Araliaceae,Dendropanax,Dendropanax_macrophyllum
6108,PR34,100,PR34-100,Arecaceae,Wettinia,Wettinia_quinaria
6109,PR34,101,PR34-101,Arecaceae,Wettinia,Wettinia_quinaria
6110,PR34,102,PR34-102,Arecaceae,Wettinia,Wettinia_quinaria
6111,PR34,103,PR34-103,Fabaceae,Inga,Inga_silanchensis
6112,PR34,104,PR34-104,Arecaceae,Wettinia,Wettinia_quinaria
6113,PR34,105,PR34-105,Lauraceae,Pleurothyrium,Pleurothyrium_sp.1
6114,PR34,106,PR34-106,Rubiaceae,Hippotis,Hippotis_stellata
6115,PR34,107,PR34-107,Rutaceae,Zanthoxylum,Zanthoxylum_riedelianum
6116,PR34,108,PR34-108,Rubiaceae,Pentagonia,Pentagonia_grandiflora
6117,PR34,109,PR34-109,Malvaceae,Apeiba,Apeiba_membranacea
6118,PR34,110,PR34-110,Arecaceae,Wettinia,Wettinia_quinaria
6119,PR34,111,PR34-111,Polygonaceae,Coccoloba,Coccoloba_obovata
6120,PR34,112,PR34-112,Rubiaceae,Pentagonia,Pentagonia_grandiflora
6121,PR34,113,PR34-113,Arecaceae,Wettinia,Wettinia_quinaria
6122,PR34,114,PR34-114,Caricaceae,Jacaratia,Jacaratia_spinosa
6123,PR34,115,PR34-115,Malvaceae,Apeiba,Apeiba_membranacea
6124,PR34,116,PR34-116,Rubiaceae,Palicourea,Palicourea_paratinctoria
6125,PR34,117,PR34-117,Malvaceae,Apeiba,Apeiba_membranacea
6126,PR34,118,PR34-118,Rubiaceae,Pentagonia,Pentagonia_grandiflora
6127,PR34,119,PR34-119,Arecaceae,Wettinia,Wettinia_quinaria
6128,PR34,120,PR34-120,Euphorbiaceae,Sapium,Sapium_laurifolium
6129,PR34,121,PR34-121,Urticaceae,Cecropia,Cecropia_insignis
6130,PR34,122,PR34-122,Urticaceae,Cecropia,Cecropia_hispidissima
6131,PR34,123,PR34-123,Moraceae,Naucleopsis,Naucleopsis_naga
6132,PR34,124,PR34-124,Myristicaceae,Virola,Virola_pavonis
6133,PR34,125,PR34-125,Urticaceae,Cecropia,Cecropia_hispidissima
6134,PR34,126,PR34-126,Annonaceae,Annona,Annona_papilionella
6135,PR34,127,PR34-127,Cyatheaceae,Cyathea,Cyathea_sp.1
6136,PR34,128,PR34-128,NA,NA,NA
6137,PR34,129,PR34-129,Rubiaceae,Palicourea,Palicourea_paratinctoria
6138,PR34,130,PR34-130,Malvaceae,Apeiba,Apeiba_membranacea
6139,PR34,131,PR34-131,Moraceae,Ficus,Ficus_maxima
6140,PR34,132,PR34-132,Lauraceae,Ocotea,Ocotea_floribunda
6141,PR34,133,PR34-133,Araliaceae,Dendropanax,Dendropanax_macrophyllum
6142,PR34,134,PR34-134,Arecaceae,Wettinia,Wettinia_quinaria
6143,PR34,135,PR34-135,Arecaceae,Wettinia,Wettinia_quinaria
6144,PR34,136,PR34-136,Violaceae,Fusispermum,Fusispermum_minutiflorum
6145,PR34,137,PR34-137,Arecaceae,Wettinia,Wettinia_quinaria
6146,PR34,138,PR34-138,Staphyleaceae,Turpinia,Turpinia_occidentalis
6147,PR34,139,PR34-139,Clusiaceae,Chrysochlamys,Chrysochlamys_dependens
6148,PR34,140,PR34-140,Violaceae,Fusispermum,Fusispermum_minutiflorum
6149,PR34,141,PR34-141,Lecythidaceae,Eschweilera,Eschweilera_caudiculata
6150,PR34,142,PR34-142,Staphyleaceae,Turpinia,Turpinia_occidentalis
6151,PR34,143,PR34-143,Arecaceae,Wettinia,Wettinia_quinaria
6152,PR34,144,PR34-144,Moraceae,Ficus,Ficus_maxima
6153,PR34,145,PR34-145,Staphyleaceae,Turpinia,Turpinia_occidentalis
6154,PR34,146,PR34-146,Chrysobalanaceae,Licania,Licania_celiae
6155,PR34,147,PR34-147,Clusiaceae,Tovomita,Tovomita_weddelliana
6156,PR34,148,PR34-148,Fabaceae,Inga,Inga_silanchensis
6157,PR34,149,PR34-149,Fabaceae,Inga,Inga_silanchensis
6158,PR34,150,PR34-150,Cordiaceae,Cordia,Cordia_sp.1
6159,PR34,151,PR34-151,Moraceae,Ficus,Ficus_PR34-151
6160,PR34,152,PR34-152,Rubiaceae,Palicourea,Palicourea_paratinctoria
6161,PR34,153,PR34-153,Arecaceae,Socratea,Socratea_exorrhiza
6162,PR34,154,PR34-154,Arecaceae,Wettinia,Wettinia_quinaria
6163,PR34,155,PR34-155,Actinidiaceae,Saurauia,Saurauia_herthae
6164,PR34,156,PR34-156,Cordiaceae,Cordia,Cordia_sp.1
6165,PR34,157,PR34-157,Fabaceae,Inga,Inga_leptocarpa
6166,PR34,158,PR34-158,Staphyleaceae,Turpinia,Turpinia_occidentalis
6167,PR34,159,PR34-159,Arecaceae,Wettinia,Wettinia_quinaria
6168,PR34,160,PR34-160,Arecaceae,Socratea,Socratea_exorrhiza
6169,PR34,161,PR34-161,Arecaceae,Wettinia,Wettinia_quinaria
6170,PR34,162,PR34-162,Arecaceae,Wettinia,Wettinia_quinaria
6171,PR34,163,PR34-163,Polygonaceae,Coccoloba,Coccoloba_obovata
6172,PR34,164,PR34-164,Euphorbiaceae,Croton,Croton_tessmannii
6173,PR34,165,PR34-165,Staphyleaceae,Turpinia,Turpinia_occidentalis
6174,PR34,166,PR34-166,Arecaceae,Wettinia,Wettinia_quinaria
6175,PR34,167,PR34-167,Primulaceae,Ardisia,Ardisia_awarum
6176,PR34,168,PR34-168,Arecaceae,Wettinia,Wettinia_quinaria
6177,PR34,169,PR34-169,Malvaceae,Apeiba,Apeiba_membranacea
6178,PR34,170,PR34-170,Arecaceae,Wettinia,Wettinia_quinaria
6179,PR34,171,PR34-171,Burseraceae,Protium,Protium_ecuadorense
6180,PR34,172,PR34-172,Malvaceae,Matisia,Matisia_castano
6181,PR34,173,PR34-173,Urticaceae,Cecropia,Cecropia_hispidissima
6182,PR34,174,PR34-174,Araliaceae,Dendropanax,Dendropanax_macrophyllum
6183,PR34,175,PR34-175,Moraceae,Ficus,Ficus_carchiana
6184,PR34,176,PR34-176,Malvaceae,Matisia,Matisia_castano
6185,PR34,177,PR34-177,Polygonaceae,Coccoloba,Coccoloba_obovata
6186,PR34,178,PR34-178,Rubiaceae,Pentagonia,Pentagonia_grandiflora
6187,PR34,179,PR34-179,Clusiaceae,Tovomita,Tovomita_weddelliana
6188,PR34,180,PR34-180,Cyatheaceae,Cyathea,Cyathea_sp.1
6189,PR34,181,PR34-181,Moraceae,Perebea,Perebea_xanthochyma
6190,PR34,182,PR34-182,Fabaceae,Bauhinia,Bauhinia_pichinchensis
6191,PR34,183,PR34-183,Arecaceae,Socratea,Socratea_exorrhiza
6192,PR34,184,PR34-184,Fabaceae,Bauhinia,Bauhinia_pichinchensis
6193,PR34,185,PR34-185,Malvaceae,Apeiba,Apeiba_membranacea
6194,PR34,186,PR34-186,Meliaceae,Carapa,Carapa_guianensis
6195,PR34,187,PR34-187,Staphyleaceae,Turpinia,Turpinia_occidentalis
6196,CR16,1,CR16-1,Malvaceae,Theobroma,Theobroma_cacao
6197,CR16,2,CR16-2,Malvaceae,Theobroma,Theobroma_cacao
6198,CR16,3,CR16-3,Urticaceae,Cecropia,Cecropia_hispidissima
6199,CR16,4,CR16-4,Malvaceae,Theobroma,Theobroma_cacao
6200,CR16,5,CR16-5,Salicaceae,Banara,Banara_guianensis
6201,CR16,6,CR16-6,Urticaceae,Cecropia,Cecropia_hispidissima
6202,CR16,7,CR16-7,Urticaceae,Cecropia,Cecropia_hispidissima
6203,CR16,8,CR16-8,Malvaceae,Theobroma,Theobroma_cacao
6204,CR16,9,CR16-9,Hypericaceae,Vismia,Vismia_baccifera
6205,CR16,10,CR16-10,Malvaceae,Theobroma,Theobroma_cacao
6206,CR16,11,CR16-11,Hypericaceae,Vismia,Vismia_baccifera
6207,CR16,12,CR16-12,Salicaceae,Banara,Banara_guianensis
6208,CR16,13,CR16-13,Meliaceae,Carapa,Carapa_guianensis
6209,CR16,14,CR16-14,Hypericaceae,Vismia,Vismia_baccifera
6210,CR16,15,CR16-15,Hypericaceae,Vismia,Vismia_baccifera
6211,CR16,16,CR16-16,Urticaceae,Cecropia,Cecropia_hispidissima
6212,CR16,17,CR16-17,Hypericaceae,Vismia,Vismia_baccifera
6213,CR16,18,CR16-18,Malvaceae,Theobroma,Theobroma_cacao
6214,CR16,19,CR16-19,Bignoniaceae,Jacaranda,Jacaranda_copaia
6215,CR16,20,CR16-20,Malvaceae,Theobroma,Theobroma_cacao
6216,CR16,21,CR16-21,Melastomataceae,Miconia,Miconia_conocuatrecasii
6217,CR16,22,CR16-22,Malvaceae,Theobroma,Theobroma_cacao
6218,CR16,23,CR16-23,Urticaceae,Cecropia,Cecropia_hispidissima
6219,CR16,24,CR16-24,Melastomataceae,Miconia,Miconia_centronioides
6220,CR16,25,CR16-25,Melastomataceae,Miconia,Miconia_centronioides
6221,CR16,26,CR16-26,Urticaceae,Cecropia,Cecropia_hispidissima
6222,CR16,27,CR16-27,Hypericaceae,Vismia,Vismia_baccifera
6223,CR16,28,CR16-28,Melastomataceae,Miconia,Miconia_conocuatrecasii
6224,CR16,29,CR16-29,Urticaceae,Cecropia,Cecropia_hispidissima
6225,CR16,30,CR16-30,Hypericaceae,Vismia,Vismia_baccifera
6226,CR16,31,CR16-31,Melastomataceae,Miconia,Miconia_conocuatrecasii
6227,CR16,32,CR16-32,Urticaceae,Cecropia,Cecropia_hispidissima
6228,CR16,33,CR16-33,Malvaceae,Theobroma,Theobroma_cacao
6229,CR16,34,CR16-34,Melastomataceae,Miconia,Miconia_centronioides
6230,CR16,35,CR16-35,Melastomataceae,Miconia,Miconia_centronioides
6231,CR16,36,CR16-36,Melastomataceae,Miconia,Miconia_centronioides
6232,CR16,37,CR16-37,Urticaceae,Cecropia,Cecropia_hispidissima
6233,CR16,38,CR16-38,Urticaceae,Cecropia,Cecropia_hispidissima
6234,CR16,39,CR16-39,Malvaceae,Theobroma,Theobroma_cacao
6235,CR16,40,CR16-40,Malvaceae,Theobroma,Theobroma_cacao
6236,CR16,41,CR16-41,Malvaceae,Theobroma,Theobroma_cacao
6237,CR16,42,CR16-42,Urticaceae,Cecropia,Cecropia_hispidissima
6238,CR16,43,CR16-43,Urticaceae,Cecropia,Cecropia_hispidissima
6239,CR16,44,CR16-44,Malvaceae,Theobroma,Theobroma_cacao
6240,CR16,45,CR16-45,Malvaceae,Theobroma,Theobroma_cacao
6241,CR16,46,CR16-46,Moraceae,Ficus,Ficus_brevibracteata
6242,CR16,47,CR16-47,Malvaceae,Theobroma,Theobroma_cacao
6243,CR16,48,CR16-48,Urticaceae,Cecropia,Cecropia_hispidissima
6244,CR16,49,CR16-49,Urticaceae,Cecropia,Cecropia_hispidissima
6245,CR16,50,CR16-50,Salicaceae,Banara,Banara_guianensis
6246,CR16,51,CR16-51,Hypericaceae,Vismia,Vismia_baccifera
6247,CR16,52,CR16-52,Melastomataceae,Miconia,Miconia_multiplicata
6248,CR16,53,CR16-53,Hypericaceae,Vismia,Vismia_baccifera
6249,CR16,54,CR16-54,Urticaceae,Cecropia,Cecropia_hispidissima
6250,CR16,55,CR16-55,Euphorbiaceae,Alchorneopsis,Alchorneopsis_floribunda
6251,CR16,56,CR16-56,Hypericaceae,Vismia,Vismia_baccifera
6252,CR16,57,CR16-57,Hypericaceae,Vismia,Vismia_baccifera
6253,CR16,58,CR16-58,Malvaceae,Theobroma,Theobroma_cacao
6254,CR16,59,CR16-59,Malvaceae,Theobroma,Theobroma_cacao
6255,CR16,60,CR16-60,Urticaceae,Cecropia,Cecropia_hispidissima
6256,CR16,61,CR16-61,Melastomataceae,Miconia,Miconia_centronioides
6257,CR16,62,CR16-62,Malvaceae,Apeiba,Apeiba_membranacea
6258,CR16,63,CR16-63,Melastomataceae,Miconia,Miconia_multiplicata
6259,CR16,64,CR16-64,Urticaceae,Cecropia,Cecropia_hispidissima
6260,CR16,65,CR16-65,Malvaceae,Theobroma,Theobroma_cacao
6261,CR16,66,CR16-66,Malvaceae,Theobroma,Theobroma_cacao
6262,CR16,67,CR16-67,Rubiaceae,Pentagonia,Pentagonia_macrophylla
6263,CR16,68,CR16-68,Rubiaceae,Palicourea,Palicourea_pseudaxillaris
6264,CR16,69,CR16-69,Malvaceae,Theobroma,Theobroma_cacao
6265,CR16,70,CR16-70,Malvaceae,Theobroma,Theobroma_cacao
6266,CR16,71,CR16-71,NA,NA,NA
6267,CR16,72,CR16-72,Melastomataceae,Conostegia,Conostegia_cuatrecasasii
6268,CR16,73,CR16-73,Malvaceae,Theobroma,Theobroma_cacao
6269,CR16,74,CR16-74,Salicaceae,Banara,Banara_guianensis
6270,CR16,75,CR16-75,Malvaceae,Theobroma,Theobroma_cacao
6271,CR16,76,CR16-76,Malvaceae,Apeiba,Apeiba_membranacea
6272,CR16,77,CR16-77,Melastomataceae,Miconia,Miconia_centronioides
6273,CR16,78,CR16-78,Urticaceae,Cecropia,Cecropia_hispidissima
6274,CR16,79,CR16-79,Urticaceae,Cecropia,Cecropia_garciae
6275,CR16,80,CR16-80,NA,NA,NA
6276,CR16,81,CR16-81,Urticaceae,Cecropia,Cecropia_hispidissima
6277,CR16,82,CR16-82,Melastomataceae,Conostegia,Conostegia_cuatrecasasii
6278,CR16,83,CR16-83,Urticaceae,Cecropia,Cecropia_garciae
6279,CR16,84,CR16-84,Hypericaceae,Vismia,Vismia_baccifera
6280,CR16,85,CR16-85,Urticaceae,Cecropia,Cecropia_garciae
6281,CR16,86,CR16-86,Malvaceae,Theobroma,Theobroma_cacao
6282,CR16,87,CR16-87,Melastomataceae,Miconia,Miconia_conocuatrecasii
6283,CR16,88,CR16-88,Malvaceae,Theobroma,Theobroma_cacao
6284,CR16,89,CR16-89,Malvaceae,Theobroma,Theobroma_cacao
6285,CR16,90,CR16-90,Euphorbiaceae,Alchorneopsis,Alchorneopsis_floribunda
6286,CR16,91,CR16-91,Salicaceae,Casearia,Casearia_mariquitensis
6287,CR16,92,CR16-92,Malvaceae,Theobroma,Theobroma_cacao
6288,CR16,93,CR16-93,Melastomataceae,Miconia,Miconia_multiplicata
6289,CR16,94,CR16-94,Urticaceae,Cecropia,Cecropia_hispidissima
6290,CR16,95,CR16-95,Malvaceae,Theobroma,Theobroma_cacao
6291,CR16,96,CR16-96,Asteraceae,Vernonanthura,Vernonanthura_patens
6292,CR16,97,CR16-97,Asteraceae,Vernonanthura,Vernonanthura_patens
6293,CR16,98,CR16-98,Hypericaceae,Vismia,Vismia_baccifera
6294,CR16,99,CR16-99,Rubiaceae,Pentagonia,Pentagonia_macrophylla
6295,CR16,100,CR16-100,Malvaceae,Theobroma,Theobroma_cacao
6296,CR16,101,CR16-101,Malvaceae,Theobroma,Theobroma_cacao
6297,CR16,102,CR16-102,Urticaceae,Cecropia,Cecropia_hispidissima
6298,CR16,103,CR16-103,Urticaceae,Cecropia,Cecropia_hispidissima
6299,CR16,104,CR16-104,Urticaceae,Cecropia,Cecropia_hispidissima
6300,CR16,105,CR16-105,Malvaceae,Theobroma,Theobroma_cacao
6301,CR16,106,CR16-106,Rubiaceae,Palicourea,Palicourea_pseudaxillaris
6302,CR16,107,CR16-107,Hypericaceae,Vismia,Vismia_baccifera
6303,CR16,108,CR16-108,Rubiaceae,Palicourea,Palicourea_pseudaxillaris
6304,CR16,109,CR16-109,Urticaceae,Cecropia,Cecropia_hispidissima
6305,CR16,110,CR16-110,Urticaceae,Cecropia,Cecropia_hispidissima
6306,CR16,111,CR16-111,Malvaceae,Theobroma,Theobroma_cacao
6307,CR16,112,CR16-112,Malvaceae,Quararibea,Quararibea_casasecae
6308,CR16,113,CR16-113,Urticaceae,Cecropia,Cecropia_hispidissima
6309,CR16,114,CR16-114,Malvaceae,Theobroma,Theobroma_cacao
6310,CR16,115,CR16-115,Urticaceae,Cecropia,Cecropia_hispidissima
6311,CR16,116,CR16-116,Fabaceae,Inga,Inga_chartacea
6312,CR16,117,CR16-117,Rubiaceae,Pentagonia,Pentagonia_macrophylla
6313,CR16,118,CR16-118,Malvaceae,Theobroma,Theobroma_cacao
6314,CR16,119,CR16-119,Urticaceae,Cecropia,Cecropia_hispidissima
6315,CR16,120,CR16-120,Malvaceae,Theobroma,Theobroma_cacao
6316,PR36,1,PR36-1,Urticaceae,Cecropia,Cecropia_garciae
6317,PR36,2,PR36-2,Asteraceae,Vernonanthura,Vernonanthura_patens
6318,PR36,3,PR36-3,Salicaceae,Banara,Banara_guianensis
6319,PR36,4,PR36-4,Euphorbiaceae,Acalypha,Acalypha_diversifolia
6320,PR36,5,PR36-5,Cannabaceae,Trema,Trema_micrantha
6321,PR36,6,PR36-6,Urticaceae,Cecropia,Cecropia_garciae
6322,PR36,7,PR36-7,Cannabaceae,Trema,Trema_micrantha
6323,PR36,8,PR36-8,Dipentodontaceae,Perrottetia,Perrottetia_sessiliflora
6324,PR36,9,PR36-9,Urticaceae,Cecropia,Cecropia_hispidissima
6325,PR36,10,PR36-10,Urticaceae,Cecropia,Cecropia_garciae
6326,PR36,11,PR36-11,Cannabaceae,Trema,Trema_micrantha
6327,PR36,12,PR36-12,Cannabaceae,Trema,Trema_micrantha
6328,PR36,13,PR36-13,Urticaceae,Cecropia,Cecropia_insignis
6329,PR36,14,PR36-14,Urticaceae,Cecropia,Cecropia_hispidissima
6330,PR36,15,PR36-15,Cannabaceae,Trema,Trema_micrantha
6331,PR36,16,PR36-16,Cannabaceae,Trema,Trema_micrantha
6332,PR36,17,PR36-17,Urticaceae,Cecropia,Cecropia_insignis
6333,PR36,18,PR36-18,Urticaceae,Cecropia,Cecropia_garciae
6334,PR36,19,PR36-19,Urticaceae,Cecropia,Cecropia_hispidissima
6335,PR36,20,PR36-20,Urticaceae,Cecropia,Cecropia_insignis
6336,PR36,21,PR36-21,Salicaceae,Banara,Banara_guianensis
6337,PR36,22,PR36-22,Salicaceae,Banara,Banara_guianensis
6338,PR36,23,PR36-23,Urticaceae,Cecropia,Cecropia_insignis
6339,PR36,24,PR36-24,Euphorbiaceae,Sapium,Sapium_laurifolium
6340,PR36,25,PR36-25,Rubiaceae,Isertia,Isertia_pittieri
6341,PR36,26,PR36-26,Salicaceae,Banara,Banara_guianensis
6342,PR36,27,PR36-27,Urticaceae,Cecropia,Cecropia_insignis
6343,PR36,28,PR36-28,Moraceae,Sapium,Sapium_laurifolium
6344,PR36,29,PR36-29,NA,NA,NA
6345,PR36,30,PR36-30,Urticaceae,Cecropia,Cecropia_garciae
6346,PR36,31,PR36-31,Cannabaceae,Trema,Trema_micrantha
6347,PR36,32,PR36-32,Salicaceae,Banara,Banara_guianensis
6348,PR36,33,PR36-33,Moraceae,Ficus,Ficus_brevibracteata
6349,PR36,34,PR36-34,Urticaceae,Cecropia,Cecropia_insignis
6350,PR36,35,PR36-35,Urticaceae,Cecropia,Cecropia_insignis
6351,PR36,36,PR36-36,Cyatheaceae,Cyathea,Cyathea_sp.1
6352,PR36,37,PR36-37,Salicaceae,Banara,Banara_guianensis
6353,PR36,38,PR36-38,Salicaceae,Banara,Banara_guianensis
6354,PR36,39,PR36-39,Cannabaceae,Trema,Trema_micrantha
6355,PR36,40,PR36-40,Hypericaceae,Vismia,Vismia_baccifera
6356,PR36,41,PR36-41,Urticaceae,Cecropia,Cecropia_hispidissima
6357,PR36,42,PR36-42,Cannabaceae,Trema,Trema_micrantha
6358,PR36,43,PR36-43,Cannabaceae,Trema,Trema_micrantha
6359,PR36,44,PR36-44,Urticaceae,Cecropia,Cecropia_insignis
6360,PR36,45,PR36-45,Rubiaceae,Pentagonia,Pentagonia_macrophylla
6361,PR36,46,PR36-46,Urticaceae,Cecropia,Cecropia_insignis
6362,PR36,47,PR36-47,Cyatheaceae,Cyathea,Cyathea_sp.1
6363,PR36,48,PR36-48,Urticaceae,Cecropia,Cecropia_insignis
6364,PR36,49,PR36-49,Salicaceae,Banara,Banara_guianensis
6365,PR36,50,PR36-50,Urticaceae,Cecropia,Cecropia_hispidissima
6366,PR36,51,PR36-51,Urticaceae,Cecropia,Cecropia_hispidissima
6367,PR36,52,PR36-52,Cannabaceae,Trema,Trema_micrantha
6368,PR36,53,PR36-53,Cannabaceae,Trema,Trema_micrantha
6369,PR36,54,PR36-54,Cannabaceae,Trema,Trema_micrantha
6370,PR36,55,PR36-55,Cyatheaceae,Cyathea,Cyathea_sp.1
6371,PR36,56,PR36-56,Urticaceae,Cecropia,Cecropia_insignis
6372,PR36,57,PR36-57,Cannabaceae,Trema,Trema_micrantha
6373,PR36,58,PR36-58,Cannabaceae,Trema,Trema_micrantha
6374,PR36,59,PR36-59,Hypericaceae,Vismia,Vismia_baccifera
6375,PR36,60,PR36-60,Urticaceae,Cecropia,Cecropia_insignis
6376,PR36,61,PR36-61,Cyatheaceae,Cyathea,Cyathea_sp.1
6377,PR36,62,PR36-62,Cannabaceae,Trema,Trema_micrantha
6378,PR36,63,PR36-63,Cannabaceae,Trema,Trema_micrantha
6379,PR36,64,PR36-64,Cyatheaceae,Cyathea,Cyathea_sp.1
6380,PR36,65,PR36-65,Cyatheaceae,Cyathea,Cyathea_sp.1
6381,PR36,66,PR36-66,Cannabaceae,Trema,Trema_micrantha
6382,PR36,67,PR36-67,Urticaceae,Cecropia,Cecropia_hispidissima
6383,PR36,68,PR36-68,Cannabaceae,Trema,Trema_micrantha
6384,PR36,69,PR36-69,Cannabaceae,Trema,Trema_micrantha
6385,PR36,70,PR36-70,Cannabaceae,Trema,Trema_micrantha
6386,PR36,71,PR36-71,Cannabaceae,Trema,Trema_micrantha
6387,PR36,72,PR36-72,Cannabaceae,Trema,Trema_micrantha
6388,PR36,73,PR36-73,Urticaceae,Cecropia,Cecropia_hispidissima
6389,PR36,74,PR36-74,Urticaceae,Cecropia,Cecropia_hispidissima
6390,PR36,75,PR36-75,Cannabaceae,Trema,Trema_micrantha
6391,PR36,76,PR36-76,Asteraceae,Vernonanthura,Vernonanthura_patens
6392,PR36,77,PR36-77,Urticaceae,Cecropia,Cecropia_hispidissima
6393,PR36,78,PR36-78,Urticaceae,Cecropia,Cecropia_insignis
6394,PR36,79,PR36-79,Cannabaceae,Trema,Trema_micrantha
6395,PR36,80,PR36-80,Urticaceae,Cecropia,Cecropia_insignis
6396,PR36,81,PR36-81,Urticaceae,Cecropia,Cecropia_hispidissima
6397,PR36,82,PR36-82,Urticaceae,Cecropia,Cecropia_hispidissima
6398,PR36,83,PR36-83,Urticaceae,Cecropia,Cecropia_insignis
6399,PR36,84,PR36-84,Cyatheaceae,Cyathea,Cyathea_sp.1
6400,PR36,85,PR36-85,Rubiaceae,Coffea,Coffea_arabica
6401,PR36,86,PR36-86,Cannabaceae,Trema,Trema_micrantha
6402,PR36,87,PR36-87,Urticaceae,Cecropia,Cecropia_garciae
6403,PR36,88,PR36-88,Cannabaceae,Trema,Trema_micrantha
6404,PR36,89,PR36-89,Cannabaceae,Trema,Trema_micrantha
6405,PR36,90,PR36-90,Urticaceae,Cecropia,Cecropia_hispidissima
6406,PR36,91,PR36-91,Urticaceae,Cecropia,Cecropia_insignis
6407,PR36,92,PR36-92,Cannabaceae,Trema,Trema_micrantha
6408,PR36,93,PR36-93,Urticaceae,Cecropia,Cecropia_insignis
6409,PR36,94,PR36-94,Cannabaceae,Trema,Trema_micrantha
6410,PR36,95,PR36-95,Cannabaceae,Trema,Trema_micrantha
6411,PR36,96,PR36-96,Cannabaceae,Trema,Trema_micrantha
6412,PR36,97,PR36-97,Sapindaceae,Allophylus,Allophylus_dodsonii
6413,PR36,98,PR36-98,Malvaceae,Quararibea,Quararibea_grandifolia
6414,PR36,99,PR36-99,Euphorbiaceae,Croton,Croton_lechleri
6415,PR36,100,PR36-100,Cannabaceae,Trema,Trema_micrantha
6416,PR36,101,PR36-101,Cannabaceae,Trema,Trema_micrantha
6417,PR36,102,PR36-102,Euphorbiaceae,Croton,Croton_lechleri
6418,PR36,103,PR36-103,Cannabaceae,Trema,Trema_micrantha
6419,PR36,104,PR36-104,Euphorbiaceae,Croton,Croton_lechleri
6420,PR36,105,PR36-105,Urticaceae,Cecropia,Cecropia_hispidissima
6421,PR36,106,PR36-106,Cannabaceae,Trema,Trema_micrantha
6422,PR36,107,PR36-107,Cannabaceae,Trema,Trema_micrantha
6423,PR36,108,PR36-108,Urticaceae,Cecropia,Cecropia_insignis
6424,PR36,109,PR36-109,Cannabaceae,Trema,Trema_micrantha
6425,PR36,110,PR36-110,Euphorbiaceae,Croton,Croton_lechleri
6426,PR36,111,PR36-111,Urticaceae,Cecropia,Cecropia_hispidissima
6427,PR36,112,PR36-112,Urticaceae,Cecropia,Cecropia_insignis
6428,PR36,113,PR36-113,Urticaceae,Cecropia,Cecropia_hispidissima
6429,PR36,114,PR36-114,Urticaceae,Cecropia,Cecropia_hispidissima
6430,PR36,115,PR36-115,Urticaceae,Cecropia,Cecropia_insignis
6431,PR36,116,PR36-116,Cannabaceae,Trema,Trema_micrantha
6432,PR36,117,PR36-117,Urticaceae,Cecropia,Cecropia_insignis
6433,PR36,118,PR36-118,Urticaceae,Cecropia,Cecropia_insignis
6434,PR36,119,PR36-119,Urticaceae,Cecropia,Cecropia_garciae
6435,PR36,120,PR36-120,Urticaceae,Cecropia,Cecropia_hispidissima
6436,PR36,121,PR36-121,Urticaceae,Cecropia,Cecropia_hispidissima
6437,PR36,122,PR36-122,Cannabaceae,Trema,Trema_micrantha
6438,PR36,123,PR36-123,Urticaceae,Cecropia,Cecropia_garciae
6439,PR36,124,PR36-124,Cannabaceae,Trema,Trema_micrantha
6440,PR36,125,PR36-125,Cannabaceae,Trema,Trema_micrantha
6441,PR36,126,PR36-126,Urticaceae,Cecropia,Cecropia_hispidissima
6442,PR36,127,PR36-127,Urticaceae,Cecropia,Cecropia_hispidissima
6443,PR36,128,PR36-128,Cannabaceae,Trema,Trema_micrantha
6444,PR36,129,PR36-129,Urticaceae,Cecropia,Cecropia_hispidissima
6445,PR36,130,PR36-130,Cannabaceae,Trema,Trema_micrantha
6446,PR36,131,PR36-131,Urticaceae,Cecropia,Cecropia_hispidissima
6447,PR36,132,PR36-132,Cannabaceae,Trema,Trema_micrantha
6448,PR36,133,PR36-133,Cannabaceae,Trema,Trema_micrantha
6449,PR36,134,PR36-134,Urticaceae,Cecropia,Cecropia_insignis
6450,PR36,135,PR36-135,Urticaceae,Cecropia,Cecropia_insignis
6451,PR36,136,PR36-136,Urticaceae,Cecropia,Cecropia_hispidissima
6452,PR36,137,PR36-137,Cannabaceae,Trema,Trema_micrantha
6453,PR36,138,PR36-138,Cyatheaceae,Cyathea,Cyathea_sp.1
6454,PR36,139,PR36-139,Cannabaceae,Trema,Trema_micrantha
6455,PR36,140,PR36-140,Cannabaceae,Trema,Trema_micrantha
6456,PR36,141,PR36-141,Urticaceae,Cecropia,Cecropia_insignis
6457,PR36,142,PR36-142,Urticaceae,Cecropia,Cecropia_insignis
6458,PR36,143,PR36-143,Urticaceae,Cecropia,Cecropia_insignis
6459,PR36,144,PR36-144,Urticaceae,Cecropia,Cecropia_insignis
6460,PR36,145,PR36-145,Salicaceae,Banara,Banara_guianensis
6461,PR36,146,PR36-146,Urticaceae,Cecropia,Cecropia_insignis
6462,PR36,147,PR36-147,Cannabaceae,Trema,Trema_micrantha
6463,PR36,148,PR36-148,Urticaceae,Cecropia,Cecropia_insignis
6464,PR36,149,PR36-149,Urticaceae,Cecropia,Cecropia_insignis
6465,CR17,1,CR17-1,Phyllanthaceae,Hieronyma,Hieronyma_alchorneoides
6466,CR17,2,CR17-2,Urticaceae,Cecropia,Cecropia_insignis
6467,CR17,3,CR17-3,Urticaceae,Cecropia,Cecropia_insignis
6468,CR17,4,CR17-4,Salicaceae,Banara,Banara_guianensis
6469,CR17,5,CR17-5,Urticaceae,Cecropia,Cecropia_hispidissima
6470,CR17,6,CR17-6,Rubiaceae,Pentagonia,Pentagonia_macrophylla
6471,CR17,7,CR17-7,Urticaceae,Cecropia,Cecropia_insignis
6472,CR17,8,CR17-8,Myristicaceae,Compsoneura,Compsoneura_atopa
6473,CR17,9,CR17-9,Salicaceae,Banara,Banara_guianensis
6474,CR17,10,CR17-10,Urticaceae,Cecropia,Cecropia_garciae
6475,CR17,11,CR17-11,Urticaceae,Cecropia,Cecropia_hispidissima
6476,CR17,12,CR17-12,Urticaceae,Cecropia,Cecropia_insignis
6477,CR17,13,CR17-13,Staphyleaceae,Turpinia,Turpinia_occidentalis
6478,CR17,14,CR17-14,Moraceae,Ficus,Ficus_brevibracteata
6479,CR17,15,CR17-15,Hypericaceae,Vismia,Vismia_baccifera
6480,CR17,16,CR17-16,Urticaceae,Cecropia,Cecropia_insignis
6481,CR17,17,CR17-17,Malvaceae,Apeiba,Apeiba_membranacea
6482,CR17,18,CR17-18,Moraceae,Ficus,Ficus_hartwegii
6483,CR17,19,CR17-19,Urticaceae,Cecropia,Cecropia_garciae
6484,CR17,20,CR17-20,Urticaceae,Cecropia,Cecropia_garciae
6485,CR17,21,CR17-21,Moraceae,Perebea,Perebea_xanthochyma
6486,CR17,22,CR17-22,Urticaceae,Cecropia,Cecropia_hispidissima
6487,CR17,23,CR17-23,Salicaceae,Banara,Banara_guianensis
6488,CR17,24,CR17-24,Urticaceae,Cecropia,Cecropia_insignis
6489,CR17,25,CR17-25,Fabaceae,Inga,Inga_jinicuil
6490,CR17,26,CR17-26,Urticaceae,Cecropia,Cecropia_insignis
6491,CR17,27,CR17-27,Urticaceae,Cecropia,Cecropia_hispidissima
6492,CR17,28,CR17-28,Salicaceae,Banara,Banara_guianensis
6493,CR17,29,CR17-29,Hypericaceae,Vismia,Vismia_baccifera
6494,CR17,30,CR17-30,Urticaceae,Cecropia,Cecropia_hispidissima
6495,CR17,31,CR17-31,Moraceae,Ficus,Ficus_brevibracteata
6496,CR17,32,CR17-32,Urticaceae,Cecropia,Cecropia_hispidissima
6497,CR17,33,CR17-33,Malvaceae,Theobroma,Theobroma_cacao
6498,CR17,34,CR17-34,Fabaceae,Inga,Inga_oerstediana
6499,CR17,35,CR17-35,Malvaceae,Theobroma,Theobroma_cacao
6500,CR17,36,CR17-36,Malvaceae,Theobroma,Theobroma_cacao
6501,CR17,37,CR17-37,Moraceae,Ficus,Ficus_pertusa
6502,CR17,38,CR17-38,Malvaceae,Theobroma,Theobroma_cacao
6503,CR17,39,CR17-39,Urticaceae,Cecropia,Cecropia_insignis
6504,CR17,40,CR17-40,Malvaceae,Theobroma,Theobroma_cacao
6505,CR17,41,CR17-41,Urticaceae,Cecropia,Cecropia_hispidissima
6506,CR17,42,CR17-42,Moraceae,Ficus,Ficus_jacobii
6507,CR17,43,CR17-43,Urticaceae,Cecropia,Cecropia_garciae
6508,CR17,44,CR17-44,Malvaceae,Quararibea,Quararibea_grandifolia
6509,CR17,45,CR17-45,Cannabaceae,Trema,Trema_micrantha
6510,CR17,46,CR17-46,Meliaceae,Carapa,Carapa_guianensis
6511,CR17,47,CR17-47,Urticaceae,Cecropia,Cecropia_hispidissima
6512,CR17,48,CR17-48,Fabaceae,Inga,Inga_multicaulis
6513,CR17,49,CR17-49,Euphorbiaceae,Croton,Croton_lechleri
6514,CR17,50,CR17-50,Fabaceae,Inga,Inga_multicaulis
6515,CR17,51,CR17-51,Lauraceae,Caryodaphnopsis,Caryodaphnopsis_theobromifolia
6516,CR17,52,CR17-52,Urticaceae,Cecropia,Cecropia_insignis
6517,CR17,53,CR17-53,Fabaceae,Inga,Inga_multicaulis
6518,CR17,54,CR17-54,Myristicaceae,Otoba,Otoba_novogranatensis
6519,CR17,55,CR17-55,Salicaceae,Banara,Banara_guianensis
6520,CR17,56,CR17-56,Sapotaceae,Pouteria,Pouteria_polysepala
6521,CR17,57,CR17-57,NA,NA,NA
6522,CR17,58,CR17-58,Cyatheaceae,Cyathea,Cyathea_sp.1
6523,CR17,59,CR17-59,Urticaceae,Cecropia,Cecropia_insignis
6524,CR17,60,CR17-60,Malvaceae,Theobroma,Theobroma_cacao
6525,CR17,61,CR17-61,Menispermaceae,Abuta,Abuta_grandifolia
6526,CR17,62,CR17-62,Arecaceae,Iriartea,Iriartea_deltoidea
6527,CR17,63,CR17-63,Urticaceae,Cecropia,Cecropia_hispidissima
6528,CR17,64,CR17-64,Asteraceae,Vernonanthura,Vernonanthura_patens
6529,CR17,65,CR17-65,Arecaceae,Bactris,Bactris_setulosa
6530,CR17,66,CR17-66,Moraceae,Ficus,Ficus_jacobii
6531,CR17,67,CR17-67,Euphorbiaceae,Croton,Croton_lechleri
6532,CR17,68,CR17-68,Malvaceae,Apeiba,Apeiba_membranacea
6533,CR17,69,CR17-69,Malvaceae,Matisia,Matisia_cordata
6534,CR17,70,CR17-70,Asteraceae,Vernonanthura,Vernonanthura_patens
6535,CR17,71,CR17-71,Moraceae,Ficus,Ficus_jacobii
6536,CR17,72,CR17-72,Urticaceae,Cecropia,Cecropia_insignis
6537,CR17,73,CR17-73,Urticaceae,Cecropia,Cecropia_insignis
6538,CR17,74,CR17-74,Cannabaceae,Trema,Trema_micrantha
6539,CR17,75,CR17-75,Fabaceae,Swartzia,Swartzia_haughtii
6540,CR17,76,CR17-76,Urticaceae,Cecropia,Cecropia_hispidissima
6541,CR17,77,CR17-77,Urticaceae,Cecropia,Cecropia_insignis
6542,CR17,78,CR17-78,Malvaceae,Theobroma,Theobroma_cacao
6543,CR17,79,CR17-79,Asteraceae,Vernonanthura,Vernonanthura_patens
6544,CR17,80,CR17-80,Urticaceae,Cecropia,Cecropia_insignis
6545,CR17,81,CR17-81,Urticaceae,Cecropia,Cecropia_insignis
6546,CR17,82,CR17-82,Urticaceae,Cecropia,Cecropia_insignis
6547,CR17,83,CR17-83,Urticaceae,Cecropia,Cecropia_insignis
6548,CR17,84,CR17-84,Urticaceae,Cecropia,Cecropia_insignis
6549,CR17,85,CR17-85,Hypericaceae,Vismia,Vismia_baccifera
6550,CR17,86,CR17-86,Rutaceae,Zanthoxylum,Zanthoxylum_riedelianum
6551,CR17,87,CR17-87,Hypericaceae,Vismia,Vismia_baccifera
6552,CR17,88,CR17-88,Malvaceae,Theobroma,Theobroma_cacao
6553,CR17,89,CR17-89,Malvaceae,Theobroma,Theobroma_cacao
6554,CR17,90,CR17-90,Malvaceae,Theobroma,Theobroma_cacao
6555,CR17,91,CR17-91,Urticaceae,Cecropia,Cecropia_insignis
6556,CR17,92,CR17-92,Urticaceae,Cecropia,Cecropia_hispidissima
6557,CR17,93,CR17-93,Melastomataceae,Miconia,Miconia_centronioides
6558,CR17,94,CR17-94,NA,NA,NA
6559,CR17,95,CR17-95,Malvaceae,Theobroma,Theobroma_cacao
6560,CR17,96,CR17-96,Urticaceae,Cecropia,Cecropia_insignis
6561,CR17,97,CR17-97,Malvaceae,Quararibea,Quararibea_casasecae
6562,CR17,98,CR17-98,Fabaceae,Swartzia,Swartzia_haughtii
6563,CR17,99,CR17-99,Urticaceae,Cecropia,Cecropia_insignis
6564,CR17,100,CR17-100,Meliaceae,Carapa,Carapa_guianensis
6565,CR17,101,CR17-101,Urticaceae,Cecropia,Cecropia_insignis
6566,CR17,102,CR17-102,Urticaceae,Cecropia,Cecropia_insignis
6567,CR17,103,CR17-103,Myrtaceae,Eugenia,Eugenia_oerstediana
6568,CR17,104,CR17-104,Cannabaceae,Trema,Trema_micrantha
6569,CR17,105,CR17-105,Hypericaceae,Vismia,Vismia_baccifera
6570,CR17,106,CR17-106,Rutaceae,Hortia,Hortia_brasiliana
6571,CR17,107,CR17-107,Urticaceae,Cecropia,Cecropia_insignis
6572,CR17,108,CR17-108,Malvaceae,Matisia,Matisia_cordata
6573,CR17,109,CR17-109,Urticaceae,Cecropia,Cecropia_insignis
6574,CR17,110,CR17-110,Urticaceae,Cecropia,Cecropia_insignis
6575,CR17,111,CR17-111,Malvaceae,Theobroma,Theobroma_cacao
6576,CR17,112,CR17-112,Combretaceae,Terminalia,Terminalia_catappa
6577,CR17,113,CR17-113,Urticaceae,Cecropia,Cecropia_insignis
6578,CR17,114,CR17-114,Malvaceae,Theobroma,Theobroma_cacao
6579,CR17,115,CR17-115,Nyctaginaceae,Neea,Neea_parviflora
6580,CR17,116,CR17-116,Fabaceae,Inga,Inga_multicaulis
6581,CR17,117,CR17-117,Urticaceae,Cecropia,Cecropia_insignis
6582,CR17,118,CR17-118,Urticaceae,Cecropia,Cecropia_insignis
6583,CR17,119,CR17-119,Euphorbiaceae,Croton,Croton_lechleri
6584,CR17,120,CR17-120,Hypericaceae,Vismia,Vismia_baccifera
6585,CR17,121,CR17-121,Euphorbiaceae,Croton,Croton_lechleri
6586,CR17,122,CR17-122,Sapotaceae,Pouteria,Pouteria_sapota
6587,CR17,123,CR17-123,Meliaceae,Carapa,Carapa_guianensis
6588,CR17,124,CR17-124,Arecaceae,Iriartea,Iriartea_deltoidea
6589,CR17,125,CR17-125,Urticaceae,Cecropia,Cecropia_insignis
6590,CR17,126,CR17-126,Urticaceae,Cecropia,Cecropia_insignis
6591,CR17,127,CR17-127,Urticaceae,Cecropia,Cecropia_hispidissima
6592,CR17,128,CR17-128,Urticaceae,Cecropia,Cecropia_hispidissima
6593,CR17,129,CR17-129,Urticaceae,Cecropia,Cecropia_hispidissima
6594,CR17,130,CR17-130,Hypericaceae,Vismia,Vismia_baccifera
6595,CR17,131,CR17-131,Urticaceae,Cecropia,Cecropia_hispidissima
6596,CR17,132,CR17-132,Urticaceae,Cecropia,Cecropia_hispidissima
6597,CR17,133,CR17-133,Asteraceae,Vernonanthura,Vernonanthura_patens
6598,CR17,134,CR17-134,Salicaceae,Banara,Banara_guianensis
6599,CR17,135,CR17-135,Urticaceae,Cecropia,Cecropia_hispidissima
6600,CR17,136,CR17-136,Moraceae,Ficus,Ficus_macbridei
6601,CR17,137,CR17-137,Urticaceae,Cecropia,Cecropia_insignis
6602,CR17,138,CR17-138,Malvaceae,Theobroma,Theobroma_cacao
6603,CR17,139,CR17-139,Urticaceae,Cecropia,Cecropia_insignis
6604,CR17,140,CR17-140,Hypericaceae,Vismia,Vismia_baccifera
6605,CR17,141,CR17-141,Malvaceae,Theobroma,Theobroma_cacao
6606,CR17,142,CR17-142,Urticaceae,Cecropia,Cecropia_insignis
6607,CR17,143,CR17-143,Hypericaceae,Vismia,Vismia_baccifera
6608,CR17,144,CR17-144,Malvaceae,Theobroma,Theobroma_cacao
6609,CR17,145,CR17-145,Euphorbiaceae,Croton,Croton_lechleri
6610,CR17,146,CR17-146,Araliaceae,Dendropanax,Dendropanax_macrophyllum
6611,CR12,1,CR12-1,Lauraceae,Aniba,Aniba_sp.1
6612,CR12,2,CR12-2,Fabaceae,Inga,Inga_multicaulis
6613,CR12,3,CR12-3,Cannabaceae,Trema,Trema_micrantha
6614,CR12,4,CR12-4,Moraceae,Ficus,Ficus_macbridei
6615,CR12,5,CR12-5,Lauraceae,Aniba,Aniba_sp.1
6616,CR12,6,CR12-6,Moraceae,Ficus,Ficus_macbridei
6617,CR12,7,CR12-7,Myristicaceae,Otoba,Otoba_novogranatensis
6618,CR12,8,CR12-8,Moraceae,Ficus,Ficus_maxima
6619,CR12,9,CR12-9,Burseraceae,Protium,Protium_ecuadorense
6620,CR12,10,CR12-10,Moraceae,Ficus,Ficus_brevibracteata
6621,CR12,11,CR12-11,Asteraceae,Vernonanthura,Vernonanthura_patens
6622,CR12,12,CR12-12,Lauraceae,Aniba,Aniba_sp.1
6623,CR12,13,CR12-13,Lauraceae,Aniba,Aniba_sp.1
6624,CR12,14,CR12-14,Cyatheaceae,Cyathea,Cyathea_sp.1
6625,CR12,15,CR12-15,Salicaceae,Banara,Banara_guianensis
6626,CR12,16,CR12-16,Lecythidaceae,Lecythis,Lecythis_tuyrana
6627,CR12,17,CR12-17,Melastomataceae,Miconia,Miconia_conocuatrecasii
6628,CR12,18,CR12-18,Melastomataceae,Miconia,Miconia_conocuatrecasii
6629,CR12,19,CR12-19,Fabaceae,Inga,Inga_multicaulis
6630,CR12,20,CR12-20,Salicaceae,Banara,Banara_guianensis
6631,CR12,21,CR12-21,Lauraceae,Ocotea,Ocotea_sp.4
6632,CR12,22,CR12-22,Lauraceae,Aniba,Aniba_sp.1
6633,CR12,23,CR12-23,Meliaceae,Carapa,Carapa_guianensis
6634,CR12,24,CR12-24,Lauraceae,Aniba,Aniba_sp.1
6635,CR12,25,CR12-25,Salicaceae,Banara,Banara_guianensis
6636,CR12,26,CR12-26,Moraceae,Ficus,Ficus_brevibracteata
6637,CR12,27,CR12-27,Euphorbiaceae,Conceveiba,Conceveiba_martiana
6638,CR12,28,CR12-28,Fabaceae,Inga,Inga_thibaudiana
6639,CR12,29,CR12-29,Myristicaceae,Virola,Virola_pavonis
6640,CR12,30,CR12-30,Salicaceae,Banara,Banara_guianensis
6641,CR12,31,CR12-31,Salicaceae,Banara,Banara_guianensis
6642,CR12,32,CR12-32,Moraceae,Ficus,Ficus_maxima
6643,CR12,33,CR12-33,Salicaceae,Banara,Banara_guianensis
6644,CR12,34,CR12-34,Salicaceae,Banara,Banara_guianensis
6645,CR12,35,CR12-35,Malvaceae,Apeiba,Apeiba_membranacea
6646,CR12,36,CR12-36,Salicaceae,Banara,Banara_guianensis
6647,CR12,37,CR12-37,Melastomataceae,Miconia,Miconia_dorsiloba
6648,CR12,38,CR12-38,Salicaceae,Tetrathylacium,Tetrathylacium_macrophyllum
6649,CR12,39,CR12-39,Polygonaceae,Coccoloba,Coccoloba_mollis
6650,CR12,40,CR12-40,Polygonaceae,Coccoloba,Coccoloba_mollis
6651,CR12,41,CR12-41,Polygonaceae,Coccoloba,Coccoloba_mollis
6652,CR12,42,CR12-42,Polygonaceae,Coccoloba,Coccoloba_mollis
6653,CR12,43,CR12-43,Salicaceae,Banara,Banara_guianensis
6654,CR12,44,CR12-44,Annonaceae,Guatteria,Guatteria_pittieri
6655,CR12,45,CR12-45,NA,NA,NA
6656,CR12,46,CR12-46,Salicaceae,Tetrathylacium,Tetrathylacium_macrophyllum
6657,CR12,47,CR12-47,Lauraceae,Ocotea,Ocotea_sp.4
6658,CR12,48,CR12-48,Combretaceae,Terminalia,Terminalia_catappa
6659,CR12,49,CR12-49,Combretaceae,Terminalia,Terminalia_catappa
6660,CR12,50,CR12-50,Combretaceae,Terminalia,Terminalia_catappa
6661,CR12,51,CR12-51,Urticaceae,Cecropia,Cecropia_insignis
6662,CR12,52,CR12-52,NA,NA,NA
6663,CR12,53,CR12-53,Melastomataceae,Miconia,Miconia_centronioides
6664,CR12,54,CR12-54,Melastomataceae,Miconia,Miconia_centronioides
6665,CR12,55,CR12-55,Melastomataceae,Miconia,Miconia_centronioides
6666,CR12,56,CR12-56,Melastomataceae,Miconia,Miconia_centronioides
6667,CR12,57,CR12-57,Euphorbiaceae,Alchorneopsis,Alchorneopsis_floribunda
6668,CR12,58,CR12-58,Malvaceae,Apeiba,Apeiba_membranacea
6669,CR12,59,CR12-59,Urticaceae,Cecropia,Cecropia_insignis
6670,CR12,60,CR12-60,Euphorbiaceae,Alchorneopsis,Alchorneopsis_floribunda
6671,CR12,61,CR12-61,Euphorbiaceae,Tetrorchidium,Tetrorchidium_andinum
6672,CR12,62,CR12-62,Salicaceae,Banara,Banara_guianensis
6673,CR12,63,CR12-63,Salicaceae,Banara,Banara_guianensis
6674,CR12,64,CR12-64,Arecaceae,Prestoea,Prestoea_ensiformis
6675,CR12,65,CR12-65,Moraceae,Ficus,Ficus_maxima
6676,CR12,66,CR12-66,NA,NA,NA
6677,CR12,67,CR12-67,Asteraceae,Vernonanthura,Vernonanthura_patens
6678,CR12,68,CR12-68,Malvaceae,Theobroma,Theobroma_cacao
6679,CR12,69,CR12-69,Malvaceae,Theobroma,Theobroma_cacao
6680,CR12,70,CR12-70,Malvaceae,Theobroma,Theobroma_cacao
6681,CR12,71,CR12-71,Malvaceae,Theobroma,Theobroma_cacao
6682,CR12,72,CR12-72,Fabaceae,Brownea,Brownea_multijuga
6683,CR12,73,CR12-73,Urticaceae,Cecropia,Cecropia_insignis
6684,CR12,74,CR12-74,Urticaceae,Cecropia,Cecropia_insignis
6685,CR12,75,CR12-75,Lauraceae,Aniba,Aniba_sp.1
6686,CR12,76,CR12-76,Malvaceae,Theobroma,Theobroma_cacao
6687,CR12,77,CR12-77,Rutaceae,Citrus,Citrus_reticulata
6688,CR12,78,CR12-78,Malvaceae,Theobroma,Theobroma_cacao
6689,CR12,79,CR12-79,Lauraceae,Aniba,Aniba_sp.1
6690,CA62,1,CA62-1,Lauraceae,Persea,Persea_americana
6691,CA62,2,CA62-2,Sapotaceae,Pouteria,Pouteria_caimito
6692,CA62,3,CA62-3,Rutaceae,Citrus,Citrus_X_Sinensis
6693,CA62,4,CA62-4,Annonaceae,Annona,Annona_squamosa
6694,CA62,5,CA62-5,Lauraceae,Persea,Persea_americana
6695,CA62,6,CA62-6,Bignoniaceae,Jacaranda,Jacaranda_copaia
6696,CA62,7,CA62-7,Fabaceae,Inga,Inga_chocoensis
6697,CA62,8,CA62-8,Fabaceae,Inga,Inga_chocoensis
6698,CA62,9,CA62-9,Phyllanthaceae,Hieronyma,Hieronyma_alchorneoides
6699,CA62,10,CA62-10,Meliaceae,Guarea,Guarea_kunthiana
6700,CA62,11,CA62-11,Fabaceae,Inga,Inga_oerstediana
6701,CA62,12,CA62-12,Malvaceae,Theobroma,Theobroma_cacao
6702,CA62,13,CA62-13,Malvaceae,Theobroma,Theobroma_cacao
6703,CA62,14,CA62-14,Malvaceae,Theobroma,Theobroma_cacao
6704,CA62,15,CA62-15,Malvaceae,Theobroma,Theobroma_cacao
6705,CA62,16,CA62-16,Malvaceae,Theobroma,Theobroma_cacao
6706,CA62,17,CA62-17,Malvaceae,Theobroma,Theobroma_cacao
6707,CA62,18,CA62-18,Malvaceae,Theobroma,Theobroma_cacao
6708,CA62,19,CA62-19,Malvaceae,Theobroma,Theobroma_cacao
6709,CA62,20,CA62-20,Malvaceae,Theobroma,Theobroma_cacao
6710,CA62,21,CA62-21,Malvaceae,Theobroma,Theobroma_cacao
6711,CA62,22,CA62-22,Malvaceae,Theobroma,Theobroma_cacao
6712,CA62,23,CA62-23,Malvaceae,Theobroma,Theobroma_cacao
6713,PA55,1,PA55-1,Myrtaceae,Psidium,Psidium_guajava
6714,PA55,2,PA55-2,Bignoniaceae,Jacaranda,Jacaranda_copaia
6715,PA55,3,PA55-3,Myrtaceae,Psidium,Psidium_guajava
6716,PA55,4,PA55-4,Urticaceae,Cecropia,Cecropia_garciae
6717,PA55,5,PA55-5,Myrtaceae,Psidium,Psidium_guajava
6718,PA57,1,PA57-1,Arecaceae,Wettinia,Wettinia_quinaria
6719,PA57,2,PA57-2,Arecaceae,Iriartea,Iriartea_deltoidea
6720,PA57,3,PA57-3,Erythroxylaceae,Erythroxylum,Erythroxylum_panamense
6721,PA57,4,PA57-4,Fabaceae,Inga,Inga_oerstediana
6722,PA57,5,PA57-5,Lecythidaceae,Eschweilera,Eschweilera_awaensis
6723,PA57,6,PA57-6,Arecaceae,Wettinia,Wettinia_quinaria
6724,PA57,7,PA57-7,Arecaceae,Wettinia,Wettinia_quinaria
6725,PA57,8,PA57-8,Arecaceae,Wettinia,Wettinia_quinaria
6726,PA57,9,PA57-9,Arecaceae,Wettinia,Wettinia_quinaria
6727,PA57,10,PA57-10,Arecaceae,Wettinia,Wettinia_quinaria
6728,PA57,11,PA57-11,Arecaceae,Wettinia,Wettinia_quinaria
6729,PA57,12,PA57-12,Arecaceae,Wettinia,Wettinia_quinaria
6730,PA57,13,PA57-13,Arecaceae,Wettinia,Wettinia_quinaria
6731,PA57,14,PA57-14,Arecaceae,Wettinia,Wettinia_quinaria
6732,PA57,15,PA57-15,Arecaceae,Wettinia,Wettinia_quinaria
6733,PA57,16,PA57-16,Arecaceae,Wettinia,Wettinia_quinaria
6734,PA57,17,PA57-17,Arecaceae,Wettinia,Wettinia_quinaria
6735,PA57,18,PA57-18,Arecaceae,Wettinia,Wettinia_quinaria
6736,PA57,19,PA57-19,Arecaceae,Wettinia,Wettinia_quinaria
6737,PA57,20,PA57-20,Arecaceae,Wettinia,Wettinia_quinaria
6738,PA53,1,PA53-1,Urticaceae,Cecropia,Cecropia_hispidissima
6739,PA53,2,PA53-2,Urticaceae,Cecropia,Cecropia_hispidissima
6740,PA53,3,PA53-3,Urticaceae,Cecropia,Cecropia_hispidissima
6741,PA53,4,PA53-4,Urticaceae,Cecropia,Cecropia_hispidissima
6742,PA53,5,PA53-5,Urticaceae,Cecropia,Cecropia_hispidissima
6743,PA53,6,PA53-6,Urticaceae,Cecropia,Cecropia_hispidissima
6744,PA53,7,PA53-7,Rubiaceae,Isertia,Isertia_pittieri
6745,PA53,8,PA53-8,Hernandiaceae,Hernandia,Hernandia_didymantha
6746,PA53,9,PA53-9,Fabaceae,Inga,Inga_oerstediana
6747,CA64,1,CA64-1,Sapindaceae,Nephelium,Nephelium_lappaceum
6748,CA64,2,CA64-2,Sapindaceae,Nephelium,Nephelium_lappaceum
6749,CA59,1,CA59-1,Asteraceae,Vernonanthura,Vernonanthura_patens
6750,CA59,2,CA59-2,Cannabaceae,Trema,Trema_micrantha
6751,CA59,3,CA59-3,Fabaceae,Inga,Inga_oerstediana
6752,CA59,4,CA59-4,Fabaceae,Inga,Inga_oerstediana
6753,CA59,5,CA59-5,Vochysiaceae,Vochysia,Vochysia_macrophylla
6754,CA59,6,CA59-6,Malvaceae,Theobroma,Theobroma_cacao
6755,CA59,7,CA59-7,Malvaceae,Theobroma,Theobroma_cacao
6756,CA59,8,CA59-8,Malvaceae,Theobroma,Theobroma_cacao
6757,CA59,9,CA59-9,Malvaceae,Theobroma,Theobroma_cacao
6758,CA59,10,CA59-10,Malvaceae,Theobroma,Theobroma_cacao
6759,CA59,11,CA59-11,Asteraceae,Vernonanthura,Vernonanthura_patens
6760,CA59,12,CA59-12,Asteraceae,Vernonanthura,Vernonanthura_patens
6761,CA59,13,CA59-13,Asteraceae,Vernonanthura,Vernonanthura_patens
6762,CA59,14,CA59-14,Malvaceae,Theobroma,Theobroma_cacao
6763,CA59,15,CA59-15,Malvaceae,Theobroma,Theobroma_cacao
6764,CA59,16,CA59-16,Malvaceae,Theobroma,Theobroma_cacao
6765,CA59,17,CA59-17,Malvaceae,Theobroma,Theobroma_cacao
6766,CA59,18,CA59-18,Malvaceae,Theobroma,Theobroma_cacao
6767,CA59,19,CA59-19,Malvaceae,Theobroma,Theobroma_cacao
6768,CR18,1,CR18-1,Arecaceae,Iriartea,Iriartea_deltoidea
6769,CR18,2,CR18-2,Urticaceae,Cecropia,Cecropia_hispidissima
6770,CR18,3,CR18-3,Urticaceae,Cecropia,Cecropia_hispidissima
6771,CR18,4,CR18-4,Malvaceae,Apeiba,Apeiba_membranacea
6772,CR18,5,CR18-5,Malvaceae,Apeiba,Apeiba_membranacea
6773,CR18,6,CR18-6,Malvaceae,Theobroma,Theobroma_cacao
6774,CR18,7,CR18-7,Malvaceae,Theobroma,Theobroma_cacao
6775,CR18,8,CR18-8,Malvaceae,Theobroma,Theobroma_cacao
6776,CR18,9,CR18-9,Rubiaceae,Palicourea,Palicourea_chimboracensis
6777,CR18,10,CR18-10,Asteraceae,Vernonanthura,Vernonanthura_patens
6778,CR18,11,CR18-11,Melastomataceae,Miconia,Miconia_multiplicata
6779,CR18,12,CR18-12,Malvaceae,Theobroma,Theobroma_cacao
6780,CR18,13,CR18-13,Malvaceae,Theobroma,Theobroma_cacao
6781,CR18,14,CR18-14,Malvaceae,Theobroma,Theobroma_cacao
6782,CR18,15,CR18-15,Malvaceae,Theobroma,Theobroma_cacao
6783,CR18,16,CR18-16,Malvaceae,Theobroma,Theobroma_cacao
6784,CR18,17,CR18-17,Urticaceae,Cecropia,Cecropia_hispidissima
6785,CR18,18,CR18-18,Malvaceae,Theobroma,Theobroma_cacao
6786,CR18,19,CR18-19,Malvaceae,Theobroma,Theobroma_cacao
6787,CR18,20,CR18-20,Malvaceae,Theobroma,Theobroma_cacao
6788,CR18,21,CR18-21,Malvaceae,Theobroma,Theobroma_cacao
6789,CR18,22,CR18-22,Salicaceae,Casearia,Casearia_arborea
6790,CR18,23,CR18-23,Arecaceae,Iriartea,Iriartea_deltoidea
6791,CR18,24,CR18-24,Malvaceae,Theobroma,Theobroma_cacao
6792,CR18,25,CR18-25,Malvaceae,Theobroma,Theobroma_cacao
6793,CR18,26,CR18-26,Malvaceae,Theobroma,Theobroma_cacao
6794,CR18,27,CR18-27,Malvaceae,Theobroma,Theobroma_cacao
6795,CR18,28,CR18-28,Malvaceae,Theobroma,Theobroma_cacao
6796,CR18,29,CR18-29,Urticaceae,Cecropia,Cecropia_hispidissima
6797,CR18,30,CR18-30,Malvaceae,Theobroma,Theobroma_cacao
6798,CR18,31,CR18-31,Urticaceae,Cecropia,Cecropia_garciae
6799,CR18,32,CR18-32,Malvaceae,Theobroma,Theobroma_cacao
6800,CR18,33,CR18-33,Malvaceae,Theobroma,Theobroma_cacao
6801,CR18,34,CR18-34,Hypericaceae,Vismia,Vismia_baccifera
6802,CR18,35,CR18-35,Hypericaceae,Vismia,Vismia_baccifera
6803,CR18,36,CR18-36,Cannabaceae,Trema,Trema_micrantha
6804,CR18,37,CR18-37,Arecaceae,Iriartea,Iriartea_deltoidea
6805,CR18,38,CR18-38,Myrtaceae,Calyptranthes,Calyptranthes_speciosa
6806,CR18,39,CR18-39,Clusiaceae,Garcinia,Garcinia_madruno
6807,CR18,40,CR18-40,Moraceae,Brosimum,Brosimum_utile
6808,CR18,41,CR18-41,Anacardiaceae,Tapirira,Tapirira_guianensis
6809,CR18,42,CR18-42,Myristicaceae,Otoba,Otoba_gracilipes
6810,CR18,43,CR18-43,Myristicaceae,Otoba,Otoba_gracilipes
6811,CR18,44,CR18-44,NA,NA,NA
6812,CR18,45,CR18-45,Polygonaceae,Coccoloba,Coccoloba_mollis
6813,CR18,46,CR18-46,Fabaceae,Inga,Inga_lallensis
6814,CR18,47,CR18-47,Staphyleaceae,Turpinia,Turpinia_occidentalis
6815,CR18,48,CR18-48,Staphyleaceae,Turpinia,Turpinia_occidentalis
6816,CR18,49,CR18-49,Cannabaceae,Trema,Trema_micrantha
6817,CR18,50,CR18-50,Cannabaceae,Trema,Trema_micrantha
6818,CR18,51,CR18-51,Moraceae,Brosimum,Brosimum_guianense
6819,CR18,52,CR18-52,Staphyleaceae,Turpinia,Turpinia_occidentalis
6820,CR18,53,CR18-53,Arecaceae,Wettinia,Wettinia_quinaria
6821,CR18,54,CR18-54,Cannabaceae,Trema,Trema_micrantha
6822,CR18,55,CR18-55,Fabaceae,Inga,Inga_oerstediana
6823,CR18,56,CR18-56,Urticaceae,Cecropia,Cecropia_garciae
6824,CR18,57,CR18-57,Malvaceae,Apeiba,Apeiba_membranacea
6825,CR18,58,CR18-58,Urticaceae,Cecropia,Cecropia_garciae
6826,CR18,59,CR18-59,Fabaceae,Inga,Inga_lallensis
6827,CR18,60,CR18-60,Urticaceae,Cecropia,Cecropia_hispidissima
6828,CR18,61,CR18-61,Salicaceae,Casearia,Casearia_arborea
6829,CR18,62,CR18-62,Anacardiaceae,Tapirira,Tapirira_guianensis
6830,CR18,63,CR18-63,Malvaceae,Apeiba,Apeiba_membranacea
6831,CR18,64,CR18-64,Urticaceae,Cecropia,Cecropia_garciae
6832,CR18,65,CR18-65,Cyatheaceae,Cyathea,Cyathea_sp.1
6833,CR18,66,CR18-66,Cyatheaceae,Cyathea,Cyathea_sp.1
6834,CR18,67,CR18-67,Rubiaceae,Pentagonia,Pentagonia_macrophylla
6835,CR18,68,CR18-68,Cannabaceae,Trema,Trema_micrantha
6836,CR18,69,CR18-69,Cannabaceae,Trema,Trema_micrantha
6837,CR18,70,CR18-70,Meliaceae,Guarea,Guarea_bullata
6838,CR18,71,CR18-71,Moraceae,Brosimum,Brosimum_utile
6839,CR18,72,CR18-72,Malvaceae,Theobroma,Theobroma_chocoensis
6840,CR18,73,CR18-73,Annonaceae,Guatteria,Guatteria_pittieri
6841,CR18,74,CR18-74,Arecaceae,Wettinia,Wettinia_quinaria
6842,CR18,75,CR18-75,Arecaceae,Wettinia,Wettinia_quinaria
6843,CR18,76,CR18-76,Myristicaceae,Virola,Virola_pavonis
6844,CR18,77,CR18-77,Staphyleaceae,Turpinia,Turpinia_occidentalis
6845,CR18,78,CR18-78,Urticaceae,Cecropia,Cecropia_hispidissima
6846,CR18,79,CR18-79,Urticaceae,Cecropia,Cecropia_insignis
6847,CR18,80,CR18-80,Cyatheaceae,Cyathea,Cyathea_sp.1
6848,CR18,81,CR18-81,Urticaceae,Cecropia,Cecropia_insignis
6849,CR18,82,CR18-82,Salicaceae,Banara,Banara_guianensis
6850,CR18,83,CR18-83,Malvaceae,Apeiba,Apeiba_membranacea
6851,CR18,84,CR18-84,Malvaceae,Theobroma,Theobroma_cacao
6852,CR18,85,CR18-85,Malvaceae,Theobroma,Theobroma_cacao
6853,CR18,86,CR18-86,Malvaceae,Theobroma,Theobroma_cacao
6854,CR18,87,CR18-87,Malvaceae,Theobroma,Theobroma_cacao
6855,CR18,88,CR18-88,Malvaceae,Theobroma,Theobroma_cacao
6856,CR18,89,CR18-89,Malvaceae,Theobroma,Theobroma_cacao
6857,CR18,90,CR18-90,Malvaceae,Theobroma,Theobroma_cacao
6858,CR18,91,CR18-91,Malvaceae,Theobroma,Theobroma_cacao
6859,CR18,92,CR18-92,Malvaceae,Theobroma,Theobroma_cacao
6860,CR18,93,CR18-93,Malvaceae,Apeiba,Apeiba_membranacea
6861,CR18,94,CR18-94,Urticaceae,Cecropia,Cecropia_hispidissima
6862,CR18,95,CR18-95,Hypericaceae,Vismia,Vismia_baccifera
6863,CR18,96,CR18-96,Urticaceae,Cecropia,Cecropia_hispidissima
6864,CR18,97,CR18-97,Arecaceae,Iriartea,Iriartea_deltoidea
6865,CR18,98,CR18-98,Clusiaceae,Garcinia,Garcinia_madruno
6866,CR18,99,CR18-99,Malvaceae,Theobroma,Theobroma_cacao
6867,CR18,100,CR18-100,Malvaceae,Theobroma,Theobroma_cacao
6868,CR18,101,CR18-101,Moraceae,Brosimum,Brosimum_utile
6869,CR18,102,CR18-102,Malvaceae,Apeiba,Apeiba_membranacea
6870,CR18,103,CR18-103,Urticaceae,Cecropia,Cecropia_hispidissima
6871,CR18,104,CR18-104,Caricaceae,Jacaratia,Jacaratia_spinosa
6872,CR18,105,CR18-105,Burseraceae,Protium,Protium_altissimum
6873,CR18,106,CR18-106,Malvaceae,Theobroma,Theobroma_cacao
6874,CR18,107,CR18-107,Malvaceae,Theobroma,Theobroma_cacao
6875,CR18,108,CR18-108,Moraceae,Ficus,Ficus_brevibracteata
6876,CR18,109,CR18-109,Burseraceae,Protium,Protium_altissimum
6877,CR18,110,CR18-110,Melastomataceae,Miconia,Miconia_dorsiloba
6878,CR18,111,CR18-111,Moraceae,Ficus,Ficus_brevibracteata
6879,CR18,112,CR18-112,Rhizophoraceae,Cassipourea,Cassipourea_elliptica
6880,CR18,113,CR18-113,Bignoniaceae,Jacaranda,Jacaranda_copaia
6881,CR18,114,CR18-114,Malvaceae,Theobroma,Theobroma_cacao
6882,CR18,115,CR18-115,Malvaceae,Theobroma,Theobroma_cacao
6883,CR18,116,CR18-116,Rubiaceae,Posoqueria,Posoqueria_coriacea
6884,CR18,117,CR18-117,Malvaceae,Apeiba,Apeiba_membranacea
6885,CR18,118,CR18-118,Malvaceae,Theobroma,Theobroma_cacao
6886,CR18,119,CR18-119,Malvaceae,Theobroma,Theobroma_cacao
6887,CR18,120,CR18-120,Malvaceae,Theobroma,Theobroma_cacao
6888,CR18,121,CR18-121,Malvaceae,Theobroma,Theobroma_cacao
6889,CR18,122,CR18-122,Malvaceae,Theobroma,Theobroma_cacao
6890,CR18,123,CR18-123,Arecaceae,Iriartea,Iriartea_deltoidea
6891,CR18,124,CR18-124,Moraceae,Brosimum,Brosimum_utile
6892,CR18,125,CR18-125,Fabaceae,Inga,Inga_lallensis
6893,CR18,126,CR18-126,Cannabaceae,Trema,Trema_micrantha
6894,CR18,127,CR18-127,Bignoniaceae,Jacaranda,Jacaranda_copaia
6895,CR18,128,CR18-128,Urticaceae,Cecropia,Cecropia_garciae
6896,CR18,129,CR18-129,Fabaceae,Inga,Inga_lallensis
6897,CR18,130,CR18-130,Malvaceae,Apeiba,Apeiba_membranacea
6898,CR18,131,CR18-131,Nyctaginaceae,Neea,Neea_CR18-131
6899,CR18,132,CR18-132,Malvaceae,Theobroma,Theobroma_cacao
6900,CR18,133,CR18-133,Malvaceae,Theobroma,Theobroma_cacao
6901,CR18,134,CR18-134,Malvaceae,Theobroma,Theobroma_cacao
6902,CR18,135,CR18-135,Malvaceae,Theobroma,Theobroma_gileri
6903,CR18,136,CR18-136,Moraceae,Perebea,Perebea_xanthochyma
6904,CR18,137,CR18-137,Rhizophoraceae,Cassipourea,Cassipourea_elliptica
6905,CR18,138,CR18-138,Malvaceae,Theobroma,Theobroma_cacao
6906,CR18,139,CR18-139,Annonaceae,Guatteria,Guatteria_pittieri
6907,CR18,140,CR18-140,Malvaceae,Theobroma,Theobroma_cacao
6908,CR18,141,CR18-141,Malvaceae,Theobroma,Theobroma_cacao
6909,CR18,142,CR18-142,Malvaceae,Theobroma,Theobroma_cacao
6910,CR18,143,CR18-143,Malvaceae,Theobroma,Theobroma_cacao
6911,OG51,1,OG51-1,Urticaceae,Pourouma,Pourouma_cecropiifolia
6912,OG51,2,OG51-2,Myristicaceae,Otoba,Otoba_gracilipes
6913,OG51,3,OG51-3,Lecythidaceae,Grias,Grias_peruviana
6914,OG51,4,OG51-4,Arecaceae,Wettinia,Wettinia_quinaria
6915,OG51,5,OG51-5,Urticaceae,Cecropia,Cecropia_insignis
6916,OG51,6,OG51-6,Rubiaceae,Palicourea,Palicourea_palenquensis
6917,OG51,7,OG51-7,Ochnaceae,Cespedesia,Cespedesia_spathulata
6918,OG51,8,OG51-8,Fabaceae,Dussia,Dussia_lehmannii
6919,OG51,9,OG51-9,Malvaceae,Matisia,Matisia_castano
6920,OG51,10,OG51-10,Arecaceae,Wettinia,Wettinia_quinaria
6921,OG51,11,OG51-11,Fabaceae,Inga,Inga_hayesii
6922,OG51,12,OG51-12,Fabaceae,Dussia,Dussia_lehmannii
6923,OG51,13,OG51-13,Arecaceae,Wettinia,Wettinia_quinaria
6924,OG51,14,OG51-14,Arecaceae,Wettinia,Wettinia_quinaria
6925,OG51,15,OG51-15,Arecaceae,Iriartea,Iriartea_deltoidea
6926,OG51,16,OG51-16,Myristicaceae,Otoba,Otoba_gracilipes
6927,OG51,17,OG51-17,Urticaceae,Pourouma,Pourouma_cecropiifolia
6928,OG51,18,OG51-18,Fabaceae,Dussia,Dussia_lehmannii
6929,OG51,19,OG51-19,Salicaceae,Neosprucea,Neosprucea_pedicellata
6930,OG51,20,OG51-20,Urticaceae,Pourouma,Pourouma_guianensis
6931,OG51,21,OG51-21,Cannabaceae,Trema,Trema_micrantha
6932,OG51,22,OG51-22,Myrtaceae,Eugenia,Eugenia_oerstediana
6933,OG51,23,OG51-23,Fabaceae,Inga,Inga_vera
6934,OG51,24,OG51-24,Arecaceae,Iriartea,Iriartea_deltoidea
6935,OG51,25,OG51-25,Lecythidaceae,Grias,Grias_peruviana
6936,OG51,26,OG51-26,Cannabaceae,Trema,Trema_micrantha
6937,OG51,27,OG51-27,Arecaceae,Iriartea,Iriartea_deltoidea
6938,OG51,28,OG51-28,Arecaceae,Iriartea,Iriartea_deltoidea
6939,OG51,29,OG51-29,Moraceae,Brosimum,Brosimum_utile
6940,OG51,30,OG51-30,Myristicaceae,Virola,Virola_pavonis
6941,OG51,31,OG51-31,Annonaceae,Guatteria,Guatteria_microcarpa
6942,OG51,32,OG51-32,Moraceae,Poulsenia,Poulsenia_armata
6943,OG51,33,OG51-33,Arecaceae,Wettinia,Wettinia_quinaria
6944,OG51,34,OG51-34,Moraceae,Perebea,Perebea_xanthochyma
6945,OG51,35,OG51-35,Arecaceae,Wettinia,Wettinia_quinaria
6946,OG51,36,OG51-36,Arecaceae,Wettinia,Wettinia_quinaria
6947,OG51,37,OG51-37,Arecaceae,Wettinia,Wettinia_quinaria
6948,OG51,38,OG51-38,Arecaceae,Wettinia,Wettinia_quinaria
6949,OG51,39,OG51-39,Arecaceae,Wettinia,Wettinia_quinaria
6950,OG51,40,OG51-40,Arecaceae,Wettinia,Wettinia_quinaria
6951,OG51,41,OG51-41,Myristicaceae,Otoba,Otoba_gracilipes
6952,OG51,42,OG51-42,Burseraceae,Dacryodes,Dacryodes_cupularis
6953,OG51,43,OG51-43,Arecaceae,Wettinia,Wettinia_quinaria
6954,OG51,44,OG51-44,Arecaceae,Wettinia,Wettinia_quinaria
6955,OG51,45,OG51-45,Arecaceae,Iriartea,Iriartea_deltoidea
6956,OG51,46,OG51-46,Lauraceae,Nectandra,Nectandra_guadaripo
6957,OG51,47,OG51-47,Rubiaceae,Palicourea,Palicourea_palenquensis
6958,OG51,48,OG51-48,Arecaceae,Wettinia,Wettinia_quinaria
6959,OG51,49,OG51-49,Annonaceae,Klarobelia,Klarobelia_megalocarpa
6960,OG51,50,OG51-50,Arecaceae,Wettinia,Wettinia_quinaria
6961,OG51,51,OG51-51,Arecaceae,Iriartea,Iriartea_deltoidea
6962,OG51,52,OG51-52,Myristicaceae,Virola,Virola_pavonis
6963,OG51,53,OG51-53,Nyctaginaceae,Neea,Neea_parviflora
6964,OG51,54,OG51-54,Arecaceae,Iriartea,Iriartea_deltoidea
6965,OG51,55,OG51-55,Lauraceae,Nectandra,Nectandra_guadaripo
6966,OG51,56,OG51-56,Lecythidaceae,Grias,Grias_peruviana
6967,OG51,57,OG51-57,Lecythidaceae,Grias,Grias_peruviana
6968,OG51,58,OG51-58,Arecaceae,Wettinia,Wettinia_quinaria
6969,OG51,59,OG51-59,Fabaceae,Lecointea,Lecointea_peruviana
6970,OG51,60,OG51-60,Arecaceae,Iriartea,Iriartea_deltoidea
6971,OG51,61,OG51-61,Burseraceae,Dacryodes,Dacryodes_cupularis
6972,OG51,62,OG51-62,Burseraceae,Dacryodes,Dacryodes_cupularis
6973,OG51,63,OG51-63,Moraceae,Brosimum,Brosimum_guianense
6974,OG51,64,OG51-64,NA,NA,NA
6975,OG51,65,OG51-65,Arecaceae,Iriartea,Iriartea_deltoidea
6976,OG51,66,OG51-66,Arecaceae,Iriartea,Iriartea_deltoidea
6977,OG51,67,OG51-67,Arecaceae,Iriartea,Iriartea_deltoidea
6978,OG51,68,OG51-68,Nyctaginaceae,Neea,Neea_parviflora
6979,OG51,69,OG51-69,Urticaceae,Pourouma,Pourouma_cecropiifolia
6980,OG51,70,OG51-70,Myristicaceae,Otoba,Otoba_gracilipes
6981,OG51,71,OG51-71,Fabaceae,Inga,Inga_'tres_pares_sin_ala'
6982,OG51,72,OG51-72,Moraceae,Ficus,Ficus_brevibracteata
6983,OG51,73,OG51-73,Fabaceae,Inga,Inga_'tres_pares_sin_ala_hoja_pequeña'
6984,OG51,74,OG51-74,Myristicaceae,Otoba,Otoba_gracilipes
6985,OG51,75,OG51-75,Arecaceae,Wettinia,Wettinia_quinaria
6986,OG51,76,OG51-76,Urticaceae,Coussapoa,Coussapoa_contorta
6987,OG51,77,OG51-77,Moraceae,Ficus,Ficus_brevibracteata
6988,OG51,78,OG51-78,Coulaceae,Minquartia,Minquartia_guianensis
6989,OG51,79,OG51-79,Moraceae,Perebea,Perebea_xanthochyma
6990,OG51,80,OG51-80,Moraceae,Perebea,Perebea_xanthochyma
6991,OG51,81,OG51-81,Lauraceae,Damburneya,Damburneya_purpurea
6992,OG51,82,OG51-82,Melastomataceae,Conostegia,Conostegia_sp.1
6993,OG51,83,OG51-83,Lecythidaceae,Gustavia,Gustavia_serrata
6994,OG51,84,OG51-84,Moraceae,Clarisia,Clarisia_biflora
6995,OG51,85,OG51-85,Moraceae,Ficus,Ficus_maxima
6996,OG51,86,OG51-86,Polygonaceae,Coccoloba,Coccoloba_mollis
6997,OG51,87,OG51-87,Arecaceae,Wettinia,Wettinia_quinaria
6998,OG51,88,OG51-88,Arecaceae,Wettinia,Wettinia_quinaria
6999,OG51,89,OG51-89,Arecaceae,Wettinia,Wettinia_quinaria
7000,OG51,90,OG51-90,Arecaceae,Wettinia,Wettinia_quinaria
7001,OG51,91,OG51-91,Arecaceae,Wettinia,Wettinia_quinaria
7002,OG51,92,OG51-92,Lecythidaceae,Grias,Grias_peruviana
7003,OG51,93,OG51-93,Moraceae,Brosimum,Brosimum_utile
7004,OG51,94,OG51-94,Myristicaceae,Otoba,Otoba_gracilipes
7005,OG51,95,OG51-95,Moraceae,Brosimum,Brosimum_utile
7006,OG51,96,OG51-96,NA,NA,NA
7007,OG51,97,OG51-97,Myristicaceae,Otoba,Otoba_gracilipes
7008,OG51,98,OG51-98,Phyllanthaceae,Hieronyma,Hieronyma_alchorneoides
7009,OG51,99,OG51-99,Lecythidaceae,Grias,Grias_peruviana
7010,OG51,100,OG51-100,Arecaceae,Wettinia,Wettinia_quinaria
7011,OG51,101,OG51-101,Burseraceae,Dacryodes,Dacryodes_cupularis
7012,OG51,102,OG51-102,Arecaceae,Wettinia,Wettinia_quinaria
7013,OG51,103,OG51-103,Arecaceae,Wettinia,Wettinia_quinaria
7014,OG51,104,OG51-104,Urticaceae,Pourouma,Pourouma_guianensis
7015,OG51,105,OG51-105,Primulaceae,Ardisia,Ardisia_guianensis
7016,OG51,106,OG51-106,Lecythidaceae,Grias,Grias_peruviana
7017,OG51,107,OG51-107,Myristicaceae,Virola,Virola_pavonis
7018,OG51,108,OG51-108,Lauraceae,Beilschmiedia,Beilschmiedia_alloiophylla
7019,OG51,109,OG51-109,Arecaceae,Wettinia,Wettinia_quinaria
7020,OG51,110,OG51-110,Arecaceae,Wettinia,Wettinia_quinaria
7021,OG51,111,OG51-111,Arecaceae,Wettinia,Wettinia_quinaria
7022,OG51,112,OG51-112,Lecythidaceae,Grias,Grias_peruviana
7023,OG51,113,OG51-113,Myristicaceae,Virola,Virola_sebifera
7024,OG51,114,OG51-114,Myristicaceae,Virola,Virola_pavonis
7025,OG51,115,OG51-115,Arecaceae,Wettinia,Wettinia_quinaria
7026,OG51,116,OG51-116,Arecaceae,Wettinia,Wettinia_quinaria
7027,OG51,117,OG51-117,Arecaceae,Wettinia,Wettinia_quinaria
7028,OG51,118,OG51-118,Moraceae,Perebea,Perebea_xanthochyma
7029,OG51,119,OG51-119,Arecaceae,Wettinia,Wettinia_quinaria
7030,OG51,120,OG51-120,Arecaceae,Iriartea,Iriartea_deltoidea
7031,OG51,121,OG51-121,Lecythidaceae,Grias,Grias_peruviana
7032,OG51,122,OG51-122,Lauraceae,Nectandra,Nectandra_guadaripo
7033,OG51,123,OG51-123,Arecaceae,Wettinia,Wettinia_quinaria
7034,OG51,124,OG51-124,Arecaceae,Iriartea,Iriartea_deltoidea
7035,OG51,125,OG51-125,Moraceae,Perebea,Perebea_xanthochyma
7036,OG51,126,OG51-126,Annonaceae,Klarobelia,Klarobelia_megalocarpa
7037,OG51,127,OG51-127,Arecaceae,Wettinia,Wettinia_quinaria
7038,OG51,128,OG51-128,Coulaceae,Minquartia,Minquartia_guianensis
7039,OG51,129,OG51-129,Myristicaceae,Otoba,Otoba_gracilipes
7040,OG51,130,OG51-130,Fabaceae,Inga,Inga_hayesii
7041,OG51,131,OG51-131,Lecythidaceae,Eschweilera,Eschweilera_integrifolia
7042,OG51,132,OG51-132,Arecaceae,Wettinia,Wettinia_quinaria
7043,OG51,133,OG51-133,Arecaceae,Wettinia,Wettinia_quinaria
7044,OG51,134,OG51-134,Fabaceae,Inga,Inga_oerstediana
7045,OG51,135,OG51-135,Lecythidaceae,Grias,Grias_peruviana
7046,OG51,136,OG51-136,Myrtaceae,Myrcia,Myrcia_splendens
7047,OG51,137,OG51-137,Lecythidaceae,Grias,Grias_peruviana
7048,OG51,138,OG51-138,Burseraceae,Dacryodes,Dacryodes_cupularis
7049,OG51,139,OG51-139,Arecaceae,Wettinia,Wettinia_quinaria
7050,OG51,140,OG51-140,Moraceae,Brosimum,Brosimum_utile
7051,OG51,141,OG51-141,Arecaceae,Prestoea,Prestoea_ensiformis
7052,OG51,142,OG51-142,Moraceae,Clarisia,Clarisia_biflora
7053,OG51,143,OG51-143,Moraceae,Perebea,Perebea_xanthochyma
7054,OG51,144,OG51-144,Lauraceae,Nectandra,Nectandra_guadaripo
7055,OG51,145,OG51-145,Arecaceae,Wettinia,Wettinia_quinaria
7056,OG51,146,OG51-146,Malvaceae,Apeiba,Apeiba_membranacea
7057,OG51,147,OG51-147,Fabaceae,Inga,Inga_hayesii
7058,OG51,148,OG51-148,Arecaceae,Iriartea,Iriartea_deltoidea
7059,OG51,149,OG51-149,Moraceae,Ficus,Ficus_brevibracteata
7060,OG51,150,OG51-150,Arecaceae,Wettinia,Wettinia_quinaria
7061,OG51,151,OG51-151,Rubiaceae,Posoqueria,Posoqueria_coriacea
7062,OG51,152,OG51-152,Arecaceae,Wettinia,Wettinia_quinaria
7063,OG51,153,OG51-153,Arecaceae,Iriartea,Iriartea_deltoidea
7064,OG51,154,OG51-154,Arecaceae,Wettinia,Wettinia_quinaria
7065,OG51,155,OG51-155,NA,NA,NA
7066,OG51,156,OG51-156,Arecaceae,Wettinia,Wettinia_quinaria
7067,OG51,157,OG51-157,Arecaceae,Wettinia,Wettinia_quinaria
7068,OG51,158,OG51-158,Moraceae,Brosimum,Brosimum_utile
7069,OG51,159,OG51-159,Fabaceae,Inga,Inga_hayesii
7070,OG51,160,OG51-160,Arecaceae,Wettinia,Wettinia_quinaria
7071,OG51,161,OG51-161,Myristicaceae,Otoba,Otoba_gracilipes
7072,OG51,162,OG51-162,Moraceae,Brosimum,Brosimum_utile
7073,CA63,1,CA63-1,Rutaceae,Citrus,Citrus_X_Sinensis
7074,CA63,2,CA63-2,Asteraceae,Vernonanthura,Vernonanthura_patens
7075,CA63,3,CA63-3,Asteraceae,Vernonanthura,Vernonanthura_patens
7076,CA63,4,CA63-4,Asteraceae,Vernonanthura,Vernonanthura_patens
7077,CA63,5,CA63-5,Asteraceae,Vernonanthura,Vernonanthura_patens
7078,CA63,6,CA63-6,Rutaceae,Citrus,Citrus_reticulata
7079,CA63,7,CA63-7,Rutaceae,Citrus,Citrus_reticulata
7080,CA63,8,CA63-8,Rutaceae,Citrus,Citrus_X_Sinensis
7081,CA63,9,CA63-9,Rutaceae,Citrus,Citrus_X_Sinensis
7082,CA63,10,CA63-10,Malvaceae,Theobroma,Theobroma_cacao
7083,CA63,11,CA63-11,Malvaceae,Theobroma,Theobroma_cacao
7084,CA63,12,CA63-12,Malvaceae,Theobroma,Theobroma_cacao
7085,CA63,13,CA63-13,Malvaceae,Theobroma,Theobroma_cacao
7086,CA63,14,CA63-14,Malvaceae,Theobroma,Theobroma_cacao
7087,CA63,15,CA63-15,Malvaceae,Theobroma,Theobroma_cacao
7088,CA63,16,CA63-16,Malvaceae,Theobroma,Theobroma_cacao
7089,CA63,17,CA63-17,Malvaceae,Theobroma,Theobroma_cacao
7090,CA63,18,CA63-18,Malvaceae,Theobroma,Theobroma_cacao
7091,CA63,19,CA63-19,Malvaceae,Theobroma,Theobroma_cacao
7092,CA63,20,CA63-20,Malvaceae,Theobroma,Theobroma_cacao
7093,CA63,21,CA63-21,Malvaceae,Theobroma,Theobroma_cacao
7094,CA63,22,CA63-22,Malvaceae,Theobroma,Theobroma_cacao
7095,CA63,23,CA63-23,Malvaceae,Theobroma,Theobroma_cacao
7096,CA63,24,CA63-24,Malvaceae,Theobroma,Theobroma_cacao
7097,CA63,25,CA63-25,Malvaceae,Theobroma,Theobroma_cacao
7098,CA63,26,CA63-26,Malvaceae,Theobroma,Theobroma_cacao
7099,CA63,27,CA63-27,Malvaceae,Theobroma,Theobroma_cacao
7100,CA63,28,CA63-28,Malvaceae,Theobroma,Theobroma_cacao
7101,CA63,29,CA63-29,Malvaceae,Theobroma,Theobroma_cacao
7102,CA63,30,CA63-30,Malvaceae,Theobroma,Theobroma_cacao
7103,CA63,31,CA63-31,Malvaceae,Theobroma,Theobroma_cacao
7104,CA63,32,CA63-32,Malvaceae,Theobroma,Theobroma_cacao
7105,CA63,33,CA63-33,Malvaceae,Theobroma,Theobroma_cacao
7106,CA63,34,CA63-34,Malvaceae,Theobroma,Theobroma_cacao
7107,CA63,35,CA63-35,Malvaceae,Theobroma,Theobroma_cacao
7108,CA63,36,CA63-36,Malvaceae,Theobroma,Theobroma_cacao
7109,CA63,37,CA63-37,Malvaceae,Theobroma,Theobroma_cacao
7110,CA63,38,CA63-38,Malvaceae,Theobroma,Theobroma_cacao
7111,CA63,39,CA63-39,Malvaceae,Theobroma,Theobroma_cacao
7112,CA63,40,CA63-40,Malvaceae,Theobroma,Theobroma_cacao
7113,CA63,41,CA63-41,Malvaceae,Theobroma,Theobroma_cacao
7114,CA63,42,CA63-42,Malvaceae,Theobroma,Theobroma_cacao
7115,CA63,43,CA63-43,Malvaceae,Theobroma,Theobroma_cacao
7116,CA63,44,CA63-44,Malvaceae,Theobroma,Theobroma_cacao
7117,CA63,45,CA63-45,Malvaceae,Theobroma,Theobroma_cacao
7118,CA63,46,CA63-46,Malvaceae,Theobroma,Theobroma_cacao
7119,CA63,47,CA63-47,Malvaceae,Theobroma,Theobroma_cacao
7120,CA63,48,CA63-48,Malvaceae,Theobroma,Theobroma_cacao
7121,CA63,49,CA63-49,Malvaceae,Theobroma,Theobroma_cacao
7122,CA63,50,CA63-50,Malvaceae,Theobroma,Theobroma_cacao
7123,CA63,51,CA63-51,Malvaceae,Theobroma,Theobroma_cacao
7124,CA63,52,CA63-52,Malvaceae,Theobroma,Theobroma_cacao
7125,CA63,53,CA63-53,Malvaceae,Theobroma,Theobroma_cacao
7126,CA63,54,CA63-54,Malvaceae,Theobroma,Theobroma_cacao
7127,CA63,55,CA63-55,Malvaceae,Theobroma,Theobroma_cacao
7128,CA63,56,CA63-56,Malvaceae,Theobroma,Theobroma_cacao
7129,CA63,57,CA63-57,Malvaceae,Theobroma,Theobroma_cacao
7130,CA63,58,CA63-58,Malvaceae,Theobroma,Theobroma_cacao
7131,CA63,59,CA63-59,Malvaceae,Theobroma,Theobroma_cacao
7132,CA63,60,CA63-60,Malvaceae,Theobroma,Theobroma_cacao
7133,CA63,61,CA63-61,Malvaceae,Theobroma,Theobroma_cacao
7134,CA63,62,CA63-62,Malvaceae,Theobroma,Theobroma_cacao
7135,CA63,63,CA63-63,Malvaceae,Theobroma,Theobroma_cacao
7136,CA63,64,CA63-64,Malvaceae,Theobroma,Theobroma_cacao
7137,CA63,65,CA63-65,Malvaceae,Theobroma,Theobroma_cacao
7138,CA63,66,CA63-66,Malvaceae,Theobroma,Theobroma_cacao
7139,CA63,67,CA63-67,Malvaceae,Theobroma,Theobroma_cacao
7140,CA63,68,CA63-68,Malvaceae,Theobroma,Theobroma_cacao
7141,CA63,69,CA63-69,Malvaceae,Theobroma,Theobroma_cacao
7142,CA63,70,CA63-70,Malvaceae,Theobroma,Theobroma_cacao
7143,CA63,71,CA63-71,Malvaceae,Theobroma,Theobroma_cacao
7144,CA63,72,CA63-72,Malvaceae,Theobroma,Theobroma_cacao
7145,CA63,73,CA63-73,Malvaceae,Theobroma,Theobroma_cacao
7146,CA63,74,CA63-74,Malvaceae,Theobroma,Theobroma_cacao
7147,CA63,75,CA63-75,Malvaceae,Theobroma,Theobroma_cacao
7148,PA58,1,PA58-1,Moraceae,Castilla,Castilla_elastica
7149,PA58,2,PA58-2,Fabaceae,Inga,Inga_chocoensis
7150,PA58,3,PA58-3,Coulaceae,Minquartia,Minquartia_guianensis
7151,PA58,4,PA58-4,Phyllanthaceae,Hieronyma,Hieronyma_alchorneoides
7152,PA58,5,PA58-5,Magnoliaceae,Magnolia,Magnolia_canandeana
7153,PA58,6,PA58-6,Lecythidaceae,Lecythis,Lecythis_ampla
7154,PA58,7,PA58-7,Coulaceae,Minquartia,Minquartia_guianensis
7155,OG37,1,OG37-1,Myristicaceae,Osteophloeum,Osteophloeum_platyspermum
7156,OG37,2,OG37-2,Lecythidaceae,Eschweilera,Eschweilera_rimbachii
7157,OG37,3,OG37-3,Arecaceae,Wettinia,Wettinia_quinaria
7158,OG37,4,OG37-4,Arecaceae,Wettinia,Wettinia_quinaria
7159,OG37,5,OG37-5,Lecythidaceae,Grias,Grias_colombiana
7160,OG37,6,OG37-6,Lecythidaceae,Lecythis,Lecythis_ampla
7161,OG37,7,OG37-7,Lecythidaceae,Eschweilera,Eschweilera_caudiculata
7162,OG37,8,OG37-8,Arecaceae,Wettinia,Wettinia_quinaria
7163,OG37,9,OG37-9,Euphorbiaceae,Croton,Croton_tessmannii
7164,OG37,10,OG37-10,Melastomataceae,Miconia,Miconia_conocuatrecasii
7165,OG37,11,OG37-11,Lecythidaceae,Eschweilera,Eschweilera_rimbachii
7166,OG37,12,OG37-12,Lecythidaceae,Eschweilera,Eschweilera_rimbachii
7167,OG37,13,OG37-13,Meliaceae,Guarea,Guarea_kunthiana
7168,OG37,14,OG37-14,Fabaceae,Swartzia,Swartzia_sp.1
7169,OG37,15,OG37-15,Myristicaceae,Otoba,Otoba_novogranatensis
7170,OG37,16,OG37-16,Lecythidaceae,Eschweilera,Eschweilera_rimbachii
7171,OG37,17,OG37-17,Urticaceae,Pourouma,Pourouma_minor
7172,OG37,18,OG37-18,Lecythidaceae,Eschweilera,Eschweilera_rimbachii
7173,OG37,19,OG37-19,Arecaceae,Wettinia,Wettinia_quinaria
7174,OG37,20,OG37-20,Arecaceae,Socratea,Socratea_exorrhiza
7175,OG37,21,OG37-21,Fabaceae,Swartzia,Swartzia_sp.1
7176,OG37,22,OG37-22,Lecythidaceae,Eschweilera,Eschweilera_rimbachii
7177,OG37,23,OG37-23,Rubiaceae,Randia,Randia_armata
7178,OG37,24,OG37-24,Malvaceae,Sterculia,Sterculia_corrugata
7179,OG37,25,OG37-25,Fabaceae,Dussia,Dussia_lehmannii
7180,OG37,26,OG37-26,Myristicaceae,Otoba,Otoba_novogranatensis
7181,OG37,27,OG37-27,Lecythidaceae,Eschweilera,Eschweilera_rimbachii
7182,OG37,28,OG37-28,Arecaceae,Socratea,Socratea_exorrhiza
7183,OG37,29,OG37-29,Melastomataceae,Miconia,Miconia_conocuatrecasii
7184,OG37,30,OG37-30,Arecaceae,Wettinia,Wettinia_quinaria
7185,OG37,31,OG37-31,Arecaceae,Wettinia,Wettinia_quinaria
7186,OG37,32,OG37-32,Lauraceae,Nectandra,Nectandra_guadaripo
7187,OG37,33,OG37-33,Lecythidaceae,Eschweilera,Eschweilera_rimbachii
7188,OG37,34,OG37-34,Lecythidaceae,Grias,Grias_colombiana
7189,OG37,35,OG37-35,Malvaceae,Matisia,Matisia_castano
7190,OG37,36,OG37-36,Euphorbiaceae,Croton,Croton_tessmannii
7191,OG37,37,OG37-37,Burseraceae,Protium,Protium_sp.1
7192,OG37,38,OG37-38,Melastomataceae,Miconia,Miconia_brevitheca
7193,OG37,39,OG37-39,Arecaceae,Wettinia,Wettinia_quinaria
7194,OG37,40,OG37-40,Lecythidaceae,Grias,Grias_colombiana
7195,OG37,41,OG37-41,Arecaceae,Socratea,Socratea_exorrhiza
7196,OG37,42,OG37-42,Lecythidaceae,Eschweilera,Eschweilera_pittieri
7197,OG37,43,OG37-43,Arecaceae,Wettinia,Wettinia_quinaria
7198,OG37,44,OG37-44,Arecaceae,Wettinia,Wettinia_quinaria
7199,OG37,45,OG37-45,,OG37-45,OG37-45
7200,OG37,46,OG37-46,Myrtaceae,Eugenia,Eugenia_oerstediana
7201,OG37,47,OG37-47,Elaeocarpaceae,Sloanea,Sloanea_stipitata
7202,OG37,48,OG37-48,Myristicaceae,Otoba,Otoba_novogranatensis
7203,OG37,49,OG37-49,Rubiaceae,Palicourea,Palicourea_allenii
7204,OG37,50,OG37-50,Bignoniaceae,Handroanthus,Handroanthus_chrysanthus
7205,OG37,51,OG37-51,Arecaceae,Wettinia,Wettinia_quinaria
7206,OG37,52,OG37-52,Arecaceae,Wettinia,Wettinia_quinaria
7207,OG37,53,OG37-53,Arecaceae,Wettinia,Wettinia_quinaria
7208,OG37,54,OG37-54,Rubiaceae,Rubiaceae,Rubiaceae_OG37-54
7209,OG37,55,OG37-55,Arecaceae,Wettinia,Wettinia_quinaria
7210,OG37,56,OG37-56,Euphorbiaceae,Alchorneopsis,Alchorneopsis_floribunda
7211,OG37,57,OG37-57,Arecaceae,Wettinia,Wettinia_quinaria
7212,OG37,58,OG37-58,Rubiaceae,Hippotis,Hippotis_stellata
7213,OG37,59,OG37-59,Arecaceae,Socratea,Socratea_exorrhiza
7214,OG37,60,OG37-60,Arecaceae,Wettinia,Wettinia_quinaria
7215,OG37,61,OG37-61,Sapotaceae,Pouteria,Pouteria_caimito
7216,OG37,62,OG37-62,Arecaceae,Wettinia,Wettinia_quinaria
7217,OG37,63,OG37-63,Arecaceae,Wettinia,Wettinia_quinaria
7218,OG37,64,OG37-64,Arecaceae,Wettinia,Wettinia_quinaria
7219,OG37,65,OG37-65,Arecaceae,Wettinia,Wettinia_quinaria
7220,OG37,66,OG37-66,Rutaceae,Hortia,Hortia_brasiliana
7221,OG37,67,OG37-67,Arecaceae,Wettinia,Wettinia_quinaria
7222,OG37,68,OG37-68,Lecythidaceae,Eschweilera,Eschweilera_rimbachii
7223,OG37,69,OG37-69,Lecythidaceae,Eschweilera,Eschweilera_rimbachii
7224,OG37,70,OG37-70,Arecaceae,Socratea,Socratea_exorrhiza
7225,OG37,71,OG37-71,Arecaceae,Wettinia,Wettinia_quinaria
7226,OG37,72,OG37-72,Lecythidaceae,Eschweilera,Eschweilera_rimbachii
7227,OG37,73,OG37-73,Erythropalaceae,Heisteria,Heisteria_pacifica
7228,OG37,74,OG37-74,Lecythidaceae,Eschweilera,Eschweilera_rimbachii
7229,OG37,75,OG37-75,Myristicaceae,Otoba,Otoba_novogranatensis
7230,OG37,76,OG37-76,Arecaceae,Wettinia,Wettinia_quinaria
7231,OG37,77,OG37-77,Arecaceae,Wettinia,Wettinia_quinaria
7232,OG37,78,OG37-78,Arecaceae,Wettinia,Wettinia_quinaria
7233,OG37,79,OG37-79,Urticaceae,Pourouma,Pourouma_minor
7234,OG37,80,OG37-80,Arecaceae,Socratea,Socratea_exorrhiza
7235,OG37,81,OG37-81,Meliaceae,Carapa,Carapa_guianensis
7236,OG37,82,OG37-82,Lecythidaceae,Eschweilera,Eschweilera_rimbachii
7237,OG37,83,OG37-83,Araliaceae,Dendropanax,Dendropanax_macrophyllum
7238,OG37,84,OG37-84,Arecaceae,Wettinia,Wettinia_quinaria
7239,OG37,85,OG37-85,Arecaceae,Wettinia,Wettinia_quinaria
7240,OG37,86,OG37-86,Arecaceae,Wettinia,Wettinia_quinaria
7241,OG37,87,OG37-87,Malvaceae,Matisia,Matisia_castano
7242,OG37,88,OG37-88,Arecaceae,Wettinia,Wettinia_quinaria
7243,OG37,89,OG37-89,Euphorbiaceae,Croton,Croton_tessmannii
7244,OG37,90,OG37-90,Arecaceae,Wettinia,Wettinia_quinaria
7245,OG37,91,OG37-91,Arecaceae,Wettinia,Wettinia_quinaria
7246,OG37,92,OG37-92,Arecaceae,Wettinia,Wettinia_quinaria
7247,OG37,93,OG37-93,NA,NA,NA
7248,OG37,94,OG37-94,Arecaceae,Wettinia,Wettinia_quinaria
7249,OG37,95,OG37-95,Lecythidaceae,Eschweilera,Eschweilera_rimbachii
7250,OG37,96,OG37-96,Fabaceae,Dussia,Dussia_lehmannii
7251,OG37,97,OG37-97,Lecythidaceae,Eschweilera,Eschweilera_rimbachii
7252,OG37,98,OG37-98,Urticaceae,Pourouma,Pourouma_minor
7253,OG37,99,OG37-99,Rubiaceae,Randia,Randia_armata
7254,OG37,100,OG37-100,Primulaceae,Geissanthus,Geissanthus_sp.1
7255,OG37,101,OG37-101,Urticaceae,Pourouma,Pourouma_minor
7256,OG37,102,OG37-102,Malvaceae,Matisia,Matisia_castano
7257,OG37,103,OG37-103,Sapindaceae,Billia,Billia_columbiana
7258,OG37,104,OG37-104,Arecaceae,Socratea,Socratea_exorrhiza
7259,OG37,105,OG37-105,Melastomataceae,Miconia,Miconia_cooperi
7260,OG37,106,OG37-106,Rubiaceae,Rondeletia,Rondeletia_sp.1
7261,OG37,107,OG37-107,Lecythidaceae,Eschweilera,Eschweilera_rimbachii
7262,OG37,108,OG37-108,Malvaceae,Matisia,Matisia_giacomettoi
7263,OG37,109,OG37-109,Rubiaceae,Posoqueria,Posoqueria_coriacea
7264,OG37,110,OG37-110,Lecythidaceae,Eschweilera,Eschweilera_rimbachii
7265,OG37,111,OG37-111,Cordiaceae,Cordia,Cordia_lucidula
7266,OG37,112,OG37-112,Myrtaceae,Calyptranthes,Calyptranthes_speciosa
7267,OG37,113,OG37-113,Malvaceae,Apeiba,Apeiba_membranacea
7268,OG37,114,OG37-114,Arecaceae,Bactris,Bactris_setulosa
7269,OG37,115,OG37-115,Arecaceae,Welfia,Welfia_regia
7270,OG37,116,OG37-116,Myrtaceae,Eugenia,Eugenia_oerstediana
7271,OG37,117,OG37-117,Lecythidaceae,Grias,Grias_peruviana
7272,OG37,118,OG37-118,Clusiaceae,Garcinia,Garcinia_madruno
7273,OG37,119,OG37-119,Apocynaceae,Tabernaemontana,Tabernaemontana_amygdalifolia
7274,OG37,120,OG37-120,Lecythidaceae,Eschweilera,Eschweilera_rimbachii
7275,OG37,121,OG37-121,Lecythidaceae,Eschweilera,Eschweilera_rimbachii
7276,OG37,122,OG37-122,Melastomataceae,Miconia,Miconia_multiplicata
7277,OG37,123,OG37-123,NA,NA,NA
7278,OG37,124,OG37-124,Arecaceae,Wettinia,Wettinia_quinaria
7279,OG37,125,OG37-125,Arecaceae,Wettinia,Wettinia_quinaria
7280,OG37,126,OG37-126,Arecaceae,Wettinia,Wettinia_quinaria
7281,OG37,127,OG37-127,Melastomataceae,Miconia,Miconia_cooperi
7282,OG37,128,OG37-128,Arecaceae,Wettinia,Wettinia_quinaria
7283,OG37,129,OG37-129,Lecythidaceae,Eschweilera,Eschweilera_caudiculata
7284,OG37,130,OG37-130,Arecaceae,Wettinia,Wettinia_quinaria
7285,OG37,131,OG37-131,Lecythidaceae,Eschweilera,Eschweilera_rimbachii
7286,OG37,132,OG37-132,Arecaceae,Wettinia,Wettinia_quinaria
7287,OG37,133,OG37-133,Myristicaceae,Otoba,Otoba_novogranatensis
7288,OG37,134,OG37-134,Lecythidaceae,Eschweilera,Eschweilera_rimbachii
7289,OG37,135,OG37-135,Rubiaceae,Randia,Randia_armata
7290,OG37,136,OG37-136,Arecaceae,Wettinia,Wettinia_quinaria
7291,OG37,137,OG37-137,Lecythidaceae,Eschweilera,Eschweilera_rimbachii
7292,OG37,138,OG37-138,Arecaceae,Wettinia,Wettinia_quinaria
7293,OG37,139,OG37-139,Lecythidaceae,Eschweilera,Eschweilera_rimbachii
7294,OG37,140,OG37-140,Lecythidaceae,Eschweilera,Eschweilera_rimbachii
7295,OG37,141,OG37-141,Lecythidaceae,Eschweilera,Eschweilera_rimbachii
7296,OG37,142,OG37-142,Arecaceae,Wettinia,Wettinia_quinaria
7297,OG37,143,OG37-143,Lecythidaceae,Eschweilera,Eschweilera_rimbachii
7298,OG37,144,OG37-144,Arecaceae,Bactris,Bactris_setulosa
7299,OG37,145,OG37-145,Arecaceae,Wettinia,Wettinia_quinaria
7300,OG37,146,OG37-146,Burseraceae,Protium,Protium_ecuadorense
7301,OG37,147,OG37-147,Sapotaceae,Pouteria,Pouteria_leptopedicellata
7302,OG37,148,OG37-148,Rubiaceae,Palicourea,Palicourea_paratinctoria
7303,OG37,149,OG37-149,Lecythidaceae,Eschweilera,Eschweilera_rimbachii
7304,OG37,150,OG37-150,Arecaceae,Wettinia,Wettinia_quinaria
7305,OG37,151,OG37-151,Fabaceae,Inga,Inga_silanchensis
7306,OG37,152,OG37-152,Lecythidaceae,Eschweilera,Eschweilera_rimbachii
7307,OG37,153,OG37-153,Celastraceae,Salacia,Salacia_juruana
7308,OG37,154,OG37-154,Lecythidaceae,Gustavia,Gustavia_dodsonii
7309,OG37,155,OG37-155,Lecythidaceae,Grias,Grias_peruviana
7310,OG37,156,OG37-156,Meliaceae,Guarea,Guarea_kunthiana
7311,OG37,157,OG37-157,Arecaceae,Wettinia,Wettinia_quinaria
7312,OG37,158,OG37-158,Arecaceae,Wettinia,Wettinia_quinaria
7313,OG37,159,OG37-159,Lecythidaceae,Eschweilera,Eschweilera_rimbachii
7314,OG37,160,OG37-160,Melastomataceae,Mouriri,Mouriri_micranthera
7315,OG37,161,OG37-161,Rubiaceae,Rubiaceae,Rubiaceae_OG37-54
7316,OG37,162,OG37-162,Arecaceae,Wettinia,Wettinia_quinaria
7317,OG37,163,OG37-163,Urticaceae,Cecropia,Cecropia_hispidissima
7318,OG37,164,OG37-164,Arecaceae,Wettinia,Wettinia_quinaria
7319,OG37,165,OG37-165,Rubiaceae,Rubiaceae,Rubiaceae_OG37-54
7320,OG37,166,OG37-166,Arecaceae,Wettinia,Wettinia_quinaria
7321,OG37,167,OG37-167,Arecaceae,Welfia,Welfia_regia
7322,OG37,168,OG37-168,Lecythidaceae,Grias,Grias_peruviana
7323,OG37,169,OG37-169,Arecaceae,Wettinia,Wettinia_quinaria
7324,OG37,170,OG37-170,Arecaceae,Wettinia,Wettinia_quinaria
7325,OG37,171,OG37-171,Lecythidaceae,Eschweilera,Eschweilera_rimbachii
7326,OG37,172,OG37-172,Lecythidaceae,Eschweilera,Eschweilera_caudiculata
7327,OG37,173,OG37-173,Arecaceae,Wettinia,Wettinia_quinaria
7328,OG37,174,OG37-174,Arecaceae,Wettinia,Wettinia_quinaria
7329,OG37,175,OG37-175,Myrtaceae,Calyptranthes,Calyptranthes_speciosa
7330,OG37,176,OG37-176,Lecythidaceae,Eschweilera,Eschweilera_decolorans
7331,OG37,177,OG37-177,Salicaceae,Hasseltia,Hasseltia_floribunda
7332,OG37,178,OG37-178,Fabaceae,Swartzia,Swartzia_haughtii
7333,OG37,179,OG37-179,Rutaceae,Hortia,Hortia_brasiliana
7334,OG37,180,OG37-180,Arecaceae,Wettinia,Wettinia_quinaria
7335,OG37,181,OG37-181,Arecaceae,Wettinia,Wettinia_quinaria
7336,OG37,182,OG37-182,Myristicaceae,Otoba,Otoba_gracilipes
7337,OG37,183,OG37-183,Lecythidaceae,Grias,Grias_peruviana
7338,OG37,184,OG37-184,Cordiaceae,Cordia,Cordia_lucidula
7339,OG37,185,OG37-185,Chrysobalanaceae,Licania,Licania_celiae
7340,OG37,186,OG37-186,Arecaceae,Wettinia,Wettinia_quinaria
7341,OG37,187,OG37-187,Burseraceae,Protium,Protium_ecuadorense
7342,OG37,188,OG37-188,Rubiaceae,Palicourea,Palicourea_paratinctoria
7343,OG37,189,OG37-189,Myristicaceae,Otoba,Otoba_novogranatensis
7344,OG37,190,OG37-190,Arecaceae,Wettinia,Wettinia_quinaria
7345,OG37,191,OG37-191,Lecythidaceae,Eschweilera,Eschweilera_caudiculata
7346,OG37,192,OG37-192,Lauraceae,Beilschmiedia,Beilschmiedia_alloiophylla
7347,OG37,193,OG37-193,Myristicaceae,Otoba,Otoba_novogranatensis
7348,OG37,194,OG37-194,Arecaceae,Wettinia,Wettinia_quinaria
7349,OG37,195,OG37-195,Burseraceae,Protium,Protium_ecuadorense
7350,CR01,1,CR01-1,Rubiaceae,Palicourea,Palicourea_timbiquensis
7351,CR01,2,CR01-2,Urticaceae,Cecropia,Cecropia_garciae
7352,CR01,3,CR01-3,Malvaceae,Apeiba,Apeiba_membranacea
7353,CR01,4,CR01-4,Urticaceae,Cecropia,Cecropia_garciae
7354,CR01,5,CR01-5,Cordiaceae,Cordia,Cordia_alliodora
7355,CR01,6,CR01-6,Malvaceae,Apeiba,Apeiba_membranacea
7356,CR01,7,CR01-7,Salicaceae,Hasseltia,Hasseltia_floribunda
7357,CR01,8,CR01-8,Staphyleaceae,Turpinia,Turpinia_occidentalis
7358,CR01,9,CR01-9,Urticaceae,Cecropia,Cecropia_garciae
7359,CR01,10,CR01-10,Hypericaceae,Vismia,Vismia_baccifera
7360,CR01,11,CR01-11,Hypericaceae,Vismia,Vismia_baccifera
7361,CR01,12,CR01-12,Urticaceae,Cecropia,Cecropia_hispidissima
7362,CR01,13,CR01-13,Lamiaceae,Aegiphila,Aegiphila_alba
7363,CR01,14,CR01-14,Malvaceae,Apeiba,Apeiba_membranacea
7364,CR01,15,CR01-15,Lamiaceae,Aegiphila,Aegiphila_alba
7365,CR01,16,CR01-16,Hypericaceae,Vismia,Vismia_baccifera
7366,CR01,17,CR01-17,Urticaceae,Cecropia,Cecropia_hispidissima
7367,CR01,18,CR01-18,Rubiaceae,Palicourea,Palicourea_timbiquensis
7368,CR01,19,CR01-19,Cordiaceae,Cordia,Cordia_alliodora
7369,CR01,20,CR01-20,Lamiaceae,Aegiphila,Aegiphila_alba
7370,CR01,21,CR01-21,Rutaceae,Citrus,Citrus_X_Limon
7371,CR01,22,CR01-22,Cordiaceae,Cordia,Cordia_alliodora
7372,CR01,23,CR01-23,Meliaceae,Carapa,Carapa_guianensis
7373,CR01,24,CR01-24,Rubiaceae,Palicourea,Palicourea_timbiquensis
7374,CR01,25,CR01-25,Urticaceae,Cecropia,Cecropia_garciae
7375,CR01,26,CR01-26,Urticaceae,Cecropia,Cecropia_garciae
7376,CR01,27,CR01-27,Rubiaceae,Palicourea,Palicourea_timbiquensis
7377,CR01,28,CR01-28,Rubiaceae,Palicourea,Palicourea_timbiquensis
7378,CR01,29,CR01-29,Rubiaceae,Palicourea,Palicourea_timbiquensis
7379,CR01,30,CR01-30,Rubiaceae,Palicourea,Palicourea_timbiquensis
7380,CR01,31,CR01-31,Urticaceae,Cecropia,Cecropia_garciae
7381,CR01,32,CR01-32,Rubiaceae,Palicourea,Palicourea_timbiquensis
7382,CR01,33,CR01-33,Rubiaceae,Palicourea,Palicourea_timbiquensis
7383,CR01,34,CR01-34,Cordiaceae,Cordia,Cordia_alliodora
7384,CR01,35,CR01-35,Urticaceae,Cecropia,Cecropia_garciae
7385,CR01,36,CR01-36,Rubiaceae,Palicourea,Palicourea_timbiquensis
7386,CR01,37,CR01-37,Urticaceae,Cecropia,Cecropia_garciae
7387,CR01,38,CR01-38,Cordiaceae,Cordia,Cordia_alliodora
7388,CR01,39,CR01-39,Cordiaceae,Cordia,Cordia_alliodora
7389,CR01,40,CR01-40,Hypericaceae,Vismia,Vismia_baccifera
7390,CR01,41,CR01-41,Urticaceae,Cecropia,Cecropia_hispidissima
7391,CR01,42,CR01-42,Hypericaceae,Vismia,Vismia_baccifera
7392,CR01,43,CR01-43,Hypericaceae,Vismia,Vismia_baccifera
7393,CR01,44,CR01-44,Rubiaceae,Guettarda,Guettarda_crispiflora
7394,CR01,45,CR01-45,Cordiaceae,Cordia,Cordia_alliodora
7395,CR01,46,CR01-46,Rubiaceae,Palicourea,Palicourea_timbiquensis
7396,CR01,47,CR01-47,Lamiaceae,Aegiphila,Aegiphila_alba
7397,CR01,48,CR01-48,Urticaceae,Cecropia,Cecropia_garciae
7398,CR01,49,CR01-49,Malvaceae,Pachira,Pachira_trinitensis
7399,CR01,50,CR01-50,Urticaceae,Cecropia,Cecropia_hispidissima
7400,CR01,51,CR01-51,Rubiaceae,Palicourea,Palicourea_timbiquensis
7401,CR01,52,CR01-52,Urticaceae,Cecropia,Cecropia_garciae
7402,CR01,53,CR01-53,Urticaceae,Cecropia,Cecropia_hispidissima
7403,CR01,54,CR01-54,Rubiaceae,Palicourea,Palicourea_timbiquensis
7404,CR01,55,CR01-55,Rutaceae,Citrus,Citrus_X_Limon
7405,CR01,56,CR01-56,Rubiaceae,Palicourea,Palicourea_timbiquensis
7406,CR01,57,CR01-57,Rubiaceae,Palicourea,Palicourea_timbiquensis
7407,CR01,58,CR01-58,Urticaceae,Cecropia,Cecropia_garciae
7408,CR01,59,CR01-59,Hypericaceae,Vismia,Vismia_baccifera
7409,CR01,60,CR01-60,Bignoniaceae,Jacaranda,Jacaranda_copaia
7410,CR01,61,CR01-61,Urticaceae,Cecropia,Cecropia_hispidissima
7411,CR01,62,CR01-62,Urticaceae,Cecropia,Cecropia_hispidissima
7412,CR01,63,CR01-63,Urticaceae,Cecropia,Cecropia_garciae
7413,CR01,64,CR01-64,Rubiaceae,Palicourea,Palicourea_timbiquensis
7414,CR01,65,CR01-65,Rubiaceae,Palicourea,Palicourea_timbiquensis
7415,CR01,66,CR01-66,Melastomataceae,Miconia,Miconia_conocuatrecasii
7416,CR01,67,CR01-67,Rubiaceae,Palicourea,Palicourea_timbiquensis
7417,CR01,68,CR01-68,Lamiaceae,Aegiphila,Aegiphila_alba
7418,CR01,69,CR01-69,Rubiaceae,Isertia,Isertia_pittieri
7419,CR01,70,CR01-70,Urticaceae,Cecropia,Cecropia_garciae
7420,CR01,71,CR01-71,Urticaceae,Cecropia,Cecropia_garciae
7421,CR01,72,CR01-72,Cordiaceae,Cordia,Cordia_alliodora
7422,CR01,73,CR01-73,Bignoniaceae,Jacaranda,Jacaranda_copaia
7423,CR01,74,CR01-74,Urticaceae,Cecropia,Cecropia_hispidissima
7424,CR01,75,CR01-75,Urticaceae,Cecropia,Cecropia_garciae
7425,CR01,76,CR01-76,Arecaceae,Wettinia,Wettinia_quinaria
7426,CR01,77,CR01-77,Malvaceae,Apeiba,Apeiba_membranacea
7427,CR01,78,CR01-78,Urticaceae,Pourouma,Pourouma_minor
7428,CR01,79,CR01-79,Urticaceae,Pourouma,Pourouma_minor
7429,CR01,80,CR01-80,Lamiaceae,Aegiphila,Aegiphila_alba
7430,CR01,81,CR01-81,Arecaceae,Wettinia,Wettinia_quinaria
7431,CR01,82,CR01-82,Moraceae,Clarisia,Clarisia_biflora
7432,CR01,83,CR01-83,Hypericaceae,Vismia,Vismia_baccifera
7433,CR01,84,CR01-84,Malvaceae,Pachira,Pachira_trinitensis
7434,CR01,85,CR01-85,Urticaceae,Cecropia,Cecropia_hispidissima
7435,CR01,86,CR01-86,Urticaceae,Cecropia,Cecropia_garciae
7436,CR01,87,CR01-87,Staphyleaceae,Turpinia,Turpinia_occidentalis
7437,CR01,88,CR01-88,Urticaceae,Cecropia,Cecropia_hispidissima
7438,CR01,89,CR01-89,NA,NA,NA
7439,CR01,90,CR01-90,Urticaceae,Cecropia,Cecropia_hispidissima
7440,CR01,91,CR01-91,Staphyleaceae,Turpinia,Turpinia_occidentalis
7441,CR01,92,CR01-92,Urticaceae,Cecropia,Cecropia_hispidissima
7442,CR01,93,CR01-93,Bignoniaceae,Jacaranda,Jacaranda_copaia
7443,CR01,94,CR01-94,Hypericaceae,Vismia,Vismia_baccifera
7444,CR01,95,CR01-95,Lamiaceae,Aegiphila,Aegiphila_alba
7445,CR01,96,CR01-96,Lamiaceae,Aegiphila,Aegiphila_alba
7446,CR01,97,CR01-97,Arecaceae,Wettinia,Wettinia_quinaria
7447,CR01,98,CR01-98,Arecaceae,Wettinia,Wettinia_quinaria
7448,CR01,99,CR01-99,Lamiaceae,Aegiphila,Aegiphila_alba
7449,CR01,100,CR01-100,Urticaceae,Cecropia,Cecropia_hispidissima
7450,CR01,101,CR01-101,Melastomataceae,Miconia,Miconia_conocuatrecasii
7451,CR01,102,CR01-102,Urticaceae,Cecropia,Cecropia_hispidissima
7452,CR01,103,CR01-103,Urticaceae,Cecropia,Cecropia_hispidissima
7453,CR01,104,CR01-104,Urticaceae,Cecropia,Cecropia_garciae
7454,CR01,105,CR01-105,Urticaceae,Cecropia,Cecropia_garciae
7455,CR01,106,CR01-106,Hypericaceae,Vismia,Vismia_baccifera
7456,CR01,107,CR01-107,Urticaceae,Cecropia,Cecropia_garciae
7457,CR01,108,CR01-108,Urticaceae,Cecropia,Cecropia_garciae
7458,CR01,109,CR01-109,Hypericaceae,Vismia,Vismia_baccifera
7459,CR01,110,CR01-110,Urticaceae,Cecropia,Cecropia_hispidissima
7460,CR01,111,CR01-111,Urticaceae,Cecropia,Cecropia_hispidissima
7461,CR01,112,CR01-112,Melastomataceae,Miconia,Miconia_conocuatrecasii
7462,CR01,113,CR01-113,Urticaceae,Cecropia,Cecropia_hispidissima
7463,CR01,114,CR01-114,Urticaceae,Cecropia,Cecropia_hispidissima
7464,CR01,115,CR01-115,Urticaceae,Pourouma,Pourouma_minor
7465,CR01,116,CR01-116,Bignoniaceae,Jacaranda,Jacaranda_copaia
7466,CR01,117,CR01-117,Urticaceae,Cecropia,Cecropia_hispidissima
7467,CR01,118,CR01-118,Urticaceae,Pourouma,Pourouma_minor
7468,CR01,119,CR01-119,Rubiaceae,Palicourea,Palicourea_timbiquensis
7469,CR01,120,CR01-120,Rubiaceae,Palicourea,Palicourea_timbiquensis
7470,CR01,121,CR01-121,Rubiaceae,Palicourea,Palicourea_timbiquensis
7471,CR01,122,CR01-122,Urticaceae,Cecropia,Cecropia_hispidissima
7472,CR01,123,CR01-123,Lamiaceae,Aegiphila,Aegiphila_alba
7473,CR01,124,CR01-124,Lamiaceae,Aegiphila,Aegiphila_alba
7474,CR01,125,CR01-125,Rubiaceae,Palicourea,Palicourea_timbiquensis
7475,CR01,126,CR01-126,Rubiaceae,Palicourea,Palicourea_timbiquensis
7476,CR01,127,CR01-127,Asteraceae,Vernonanthura,Vernonanthura_patens
7477,CR01,128,CR01-128,Rubiaceae,Palicourea,Palicourea_timbiquensis
7478,CR01,129,CR01-129,Urticaceae,Cecropia,Cecropia_hispidissima
7479,CR01,130,CR01-130,Urticaceae,Cecropia,Cecropia_garciae
7480,CR01,131,CR01-131,Urticaceae,Cecropia,Cecropia_garciae
7481,CR01,132,CR01-132,Urticaceae,Cecropia,Cecropia_hispidissima
7482,CR01,133,CR01-133,Urticaceae,Cecropia,Cecropia_hispidissima
7483,CR01,134,CR01-134,Rubiaceae,Palicourea,Palicourea_timbiquensis
7484,CR01,135,CR01-135,Urticaceae,Cecropia,Cecropia_garciae
7485,CR01,136,CR01-136,Urticaceae,Cecropia,Cecropia_garciae
7486,CR01,137,CR01-137,Urticaceae,Cecropia,Cecropia_garciae
7487,CR01,138,CR01-138,Rubiaceae,Palicourea,Palicourea_timbiquensis
7488,CR01,139,CR01-139,Lamiaceae,Aegiphila,Aegiphila_alba
7489,CR01,140,CR01-140,Melastomataceae,Miconia,Miconia_conocuatrecasii
7490,CR01,141,CR01-141,Urticaceae,Cecropia,Cecropia_garciae
7491,CR01,142,CR01-142,Urticaceae,Cecropia,Cecropia_garciae
7492,CR01,143,CR01-143,Rubiaceae,Palicourea,Palicourea_timbiquensis
7493,CR01,144,CR01-144,Rubiaceae,Palicourea,Palicourea_timbiquensis
7494,CR01,145,CR01-145,Urticaceae,Cecropia,Cecropia_garciae
7495,CR01,146,CR01-146,Melastomataceae,Miconia,Miconia_conocuatrecasii
7496,CR01,147,CR01-147,Rubiaceae,Palicourea,Palicourea_timbiquensis
7497,CR01,148,CR01-148,Staphyleaceae,Turpinia,Turpinia_occidentalis
7498,CR01,149,CR01-149,Lamiaceae,Aegiphila,Aegiphila_alba
7499,CR01,150,CR01-150,Urticaceae,Cecropia,Cecropia_hispidissima
7500,CR01,151,CR01-151,Rubiaceae,Palicourea,Palicourea_timbiquensis
7501,CR01,152,CR01-152,Urticaceae,Cecropia,Cecropia_hispidissima
7502,CR01,153,CR01-153,Urticaceae,Cecropia,Cecropia_hispidissima
7503,CR01,154,CR01-154,Urticaceae,Cecropia,Cecropia_hispidissima
7504,CR01,155,CR01-155,Hypericaceae,Vismia,Vismia_baccifera
7505,CR01,156,CR01-156,Hypericaceae,Vismia,Vismia_baccifera
7506,CR01,157,CR01-157,Urticaceae,Cecropia,Cecropia_hispidissima
7507,CR01,158,CR01-158,Urticaceae,Cecropia,Cecropia_hispidissima
7508,CR01,159,CR01-159,Urticaceae,Cecropia,Cecropia_hispidissima
7509,CR01,160,CR01-160,Annonaceae,Annona,Annona_papilionella
7510,CR01,161,CR01-161,Urticaceae,Cecropia,Cecropia_hispidissima
7511,CR01,162,CR01-162,Urticaceae,Cecropia,Cecropia_hispidissima
7512,CR01,163,CR01-163,Urticaceae,Pourouma,Pourouma_minor
7513,CR01,164,CR01-164,Malvaceae,Apeiba,Apeiba_membranacea
7514,CR01,165,CR01-165,Rubiaceae,Palicourea,Palicourea_timbiquensis
7515,CR01,166,CR01-166,Malvaceae,Apeiba,Apeiba_membranacea
7516,CR01,167,CR01-167,Urticaceae,Cecropia,Cecropia_hispidissima
7517,CR01,168,CR01-168,Urticaceae,Cecropia,Cecropia_hispidissima
7518,CR01,169,CR01-169,Urticaceae,Cecropia,Cecropia_insignis
7519,CR01,170,CR01-170,Rubiaceae,Palicourea,Palicourea_timbiquensis
7520,CR01,171,CR01-171,Urticaceae,Cecropia,Cecropia_hispidissima
7521,CR01,172,CR01-172,Melastomataceae,Miconia,Miconia_conocuatrecasii
7522,CR01,173,CR01-173,Arecaceae,Wettinia,Wettinia_quinaria
7523,CR01,174,CR01-174,Rubiaceae,Isertia,Isertia_pittieri
7524,CR01,175,CR01-175,Urticaceae,Cecropia,Cecropia_hispidissima
7525,CR01,176,CR01-176,Urticaceae,Cecropia,Cecropia_garciae
7526,CR01,177,CR01-177,Malvaceae,Pachira,Pachira_trinitensis
7527,CR01,178,CR01-178,Arecaceae,Wettinia,Wettinia_quinaria
7528,PR20,1,PR20-1,Melastomataceae,Miconia,Miconia_centronioides
7529,PR20,2,PR20-2,Bignoniaceae,Handroanthus,Handroanthus_chrysanthus
7530,PR20,3,PR20-3,Melastomataceae,Miconia,Miconia_centronioides
7531,PR20,4,PR20-4,Melastomataceae,Miconia,Miconia_centronioides
7532,PR20,5,PR20-5,Melastomataceae,Miconia,Miconia_centronioides
7533,PR25,1,PR25-1,Rubiaceae,Isertia,Isertia_pittieri
7534,PR25,2,PR25-2,Melastomataceae,Miconia,Miconia_centronioides
7535,PR25,3,PR25-3,Urticaceae,Cecropia,Cecropia_hispidissima
7536,PR25,4,PR25-4,Rubiaceae,Isertia,Isertia_pittieri
7537,PR25,5,PR25-5,Melastomataceae,Miconia,Miconia_centronioides
7538,PR25,6,PR25-6,Rubiaceae,Isertia,Isertia_pittieri
7539,PR25,7,PR25-7,Melastomataceae,Miconia,Miconia_centronioides
7540,PR25,8,PR25-8,Meliaceae,Carapa,Carapa_guianensis
7541,PR25,9,PR25-9,Melastomataceae,Miconia,Miconia_centronioides
7542,PR25,10,PR25-10,Rubiaceae,Isertia,Isertia_pittieri
