Plot,Number,Stem,Circumference,Height
CA59,1,,28.4,10.3
CA59,2,,27.2,6.7
CA59,3,,67.1,13.5
CA59,4,,31.6,9.8
CA59,5,,40.5,10.1
CA59,6,A,56.1,7.3
CA59,6,B,34.2,6.9
CA59,7,,38,7
CA59,8,,36.5,6.2
CA59,9,,35.4,7.6
CA59,10,,69.1,5.1
CA59,11,,26.2,7.9
CA59,12,,31.3,7.5
CA59,13,,35.4,6
CA59,14,,71.8,8.4
CA59,15,,35.5,7
CA59,16,,34.2,5.9
CA59,17,,32.6,3.5
CA59,18,,50.2,3.9
CA59,19,,49.5,4.3
CA60,1,,161.8,25.1
CA60,2,,31.2,9.3
CA60,3,,167.6,19.5
CA60,4,,26.5,5.3
CA60,5,,40.8,6.5
CA60,6,,40.5,6.4
CA60,7,,107.1,12.5
CA60,8,,39.5,5.3
CA60,9,,47.8,7.9
CA60,10,,122.7,18.7
CA60,11,,29.1,5.2
CA61,1,,68.2,9.5
CA61,2,,107.6,9.1
CA61,3,,68.8,6.6
CA61,4,,,
CA61,5,,68.5,4.9
CA61,6,,44.6,8.5
CA61,7,,30.4,8
CA61,8,,58.1,7.9
CA61,9,A,81.8,9.7
CA61,9,B,72.4,9.5
CA61,9,C,40.1,9.1
CA61,10,A,75.2,13.2
CA61,10,B,64.3,11
CA61,10,C,70.2,10.9
CA61,11,,,
CA61,12,,75.1,7.2
CA61,13,,122.6,9
CA61,14,,38.8,11.4
CA61,15,,98.6,8.3
CA61,16,,61.2,7.2
CA61,17,,59.4,8.4
CA61,18,,61.4,9.6
CA61,19,,43.6,9.9
CA61,20,,71.2,6.7
CA61,21,,54.6,6.3
CA61,22,,73,13.6
CA61,23,,36.1,6
CA62,1,,129.4,13.5
CA62,2,A,55,10.1
CA62,2,B,43.2,10.2
CA62,3,,62.3,5.6
CA62,4,,67.2,8.7
CA62,5,,77,8.5
CA62,6,A,52.1,11.5
CA62,6,B,59.2,13.6
CA62,7,A,57.6,12.5
CA62,7,B,90.2,13.2
CA62,8,A,101.7,15.1
CA62,8,B,60.5,11.7
CA62,9,,80.5,13.5
CA62,10,,62.7,12.8
CA62,11,,95.3,15.9
CA62,12,,41.1,2.9
CA62,13,,35.3,3.1
CA62,14,,32.4,3
CA62,15,,30.2,2.8
CA62,16,,29.7,2.5
CA62,17,,40.2,2.3
CA62,18,,31.2,2.5
CA62,19,,44.1,4.7
CA62,20,,28.6,2.3
CA62,21,,38.2,2.5
CA62,22,A,34.5,2.1
CA62,22,B,30,2
CA62,23,,40.6,3.1
CA63,1,,64.8,10.3
CA63,2,,32.5,8.1
CA63,3,,47,9.6
CA63,4,,46.4,11.2
CA63,5,,29.2,7.1
CA63,6,,47.2,10.5
CA63,7,,60.3,11.7
CA63,8,,56.2,8.8
CA63,9,,49.8,10.5
CA63,10,A,40.4,4.6
CA63,10,B,31.2,2.9
CA63,10,C,33.5,3.5
CA63,11,,35.2,2.8
CA63,12,,30,3.7
CA63,13,,52.3,7.4
CA63,14,A,41.8,2.9
CA63,14,B,36.2,3.7
CA63,15,,42.1,4.1
CA63,16,,46.4,6.7
CA63,17,,28.3,2.9
CA63,18,,46.1,6.5
CA63,19,,31.4,3.9
CA63,20,,34.6,3.1
CA63,21,,45.3,7.4
CA63,22,,54.4,9.2
CA63,23,A,57,8.2
CA63,23,B,38.2,5.1
CA63,24,,48.5,6.9
CA63,25,A,33.2,4.2
CA63,25,B,30.6,3.5
CA63,26,A,35.2,3.7
CA63,26,B,31.6,3.4
CA63,27,,41.8,7.1
CA63,28,A,30,4.7
CA63,28,B,35.4,5.9
CA63,29,,34.1,3.2
CA63,30,,38.2,4.6
CA63,31,,41.4,5.9
CA63,32,,70.2,8.4
CA63,33,A,50.4,6.9
CA63,33,B,55.3,7.2
CA63,34,,32,2.7
CA63,35,,26.1,2.5
CA63,36,,35.5,3.2
CA63,37,,35,2.7
CA63,38,,29.6,2.3
CA63,39,,37.2,3.5
CA63,40,,51.4,7.3
CA63,41,,42.3,6.9
CA63,42,,33.6,4.4
CA63,43,A,33.2,37
CA63,43,B,37.8,2.9
CA63,44,,46.8,7.1
CA63,45,,35.4,4.9
CA63,46,,42.2,6.5
CA63,47,,36.8,3.9
CA63,48,,67.2,8.5
CA63,49,,34,4.2
CA63,50,,26.2,2.7
CA63,51,,30,3.5
CA63,52,,76.8,10.9
CA63,53,,51.1,7.2
CA63,54,A,45.4,6.1
CA63,54,B,29.6,3.2
CA63,55,A,44.3,6.3
CA63,55,B,30.8,2.9
CA63,55,C,28.2,2.5
CA63,56,,38.7,3.7
CA63,57,A,42.9,5.4
CA63,57,B,34.2,3.3
CA63,58,,31.6,2.5
CA63,59,,29.1,6.1
CA63,60,,52.4,6.8
CA63,61,,57.5,5.9
CA63,62,,34.1,2.5
CA63,63,,32.3,3.4
CA63,64,,25.2,2.9
CA63,65,,50.8,10.2
CA63,66,A,43.1,8.3
CA63,66,B,30.4,4.8
CA63,67,,40.3,5.9
CA63,68,,30.1,2.7
CA63,69,A,49.2,6.2
CA63,69,B,33.5,3.1
CA63,70,,31.2,2.8
CA63,71,A,37,3.5
CA63,71,B,35.6,4.2
CA63,72,A,37.8,4
CA63,72,B,35.2,2.7
CA63,73,,47,3.1
CA63,74,A,32.2,2.8
CA63,74,B,28.6,3.9
CA63,74,C,34.9,6.3
CA63,75,,29.7,2.4
CA64,1,,34.6,4.5
CA64,2,,27.9,6.1
CR01,1,,28.4,5.8
CR01,2,,26.8,9.3
CR01,3,A,60.1,11.4
CR01,3,B,45.6,10.6
CR01,4,A,29.1,10.8
CR01,4,B,30.4,10.5
CR01,4,C,28.1,10.9
CR01,4,D,32.4,10.7
CR01,5,,29.2,8.2
CR01,6,,46.4,7.9
CR01,7,,26.2,8.4
CR01,8,,55.6,10.8
CR01,9,A,30.8,11
CR01,9,B,37.1,11.3
CR01,10,,27.2,9.5
CR01,11,,29.8,3.1
CR01,12,,25.4,7.3
CR01,13,,70.5,12.5
CR01,14,A,41.2,8.5
CR01,14,B,32.4,8.1
CR01,15,,52.1,7.5
CR01,16,,50.8,11.3
CR01,17,,25.6,11.3
CR01,18,,26.1,6.3
CR01,19,,30.4,8.9
CR01,20,,74.5,13.5
CR01,21,,35.2,6.9
CR01,22,,29.4,9.6
CR01,23,,26.2,8.6
CR01,24,,32,6.4
CR01,25,A,65.2,13.7
CR01,25,B,60.1,12.9
CR01,25,C,53.3,11.1
CR01,26,,40.8,10.5
CR01,27,,32.3,6.3
CR01,28,,35.1,5.1
CR01,29,,26.8,5
CR01,30,,31.3,7.5
CR01,31,A,38,11.3
CR01,31,B,36.1,10.5
CR01,32,,25.3,4.9
CR01,33,,28,5.1
CR01,34,A,41.3,9.1
CR01,34,B,39,8.4
CR01,35,,34.6,7.3
CR01,36,,28.2,5.4
CR01,37,,26.8,6.9
CR01,38,,28.2,9.5
CR01,39,,49.1,9.9
CR01,40,,32.6,8.1
CR01,41,,32.6,9.6
CR01,42,,44.2,10.4
CR01,43,,39.1,8.7
CR01,44,,38.2,11.1
CR01,45,,40.1,11.3
CR01,46,,32.3,9.2
CR01,47,,68.8,13.3
CR01,48,,34.4,13.2
CR01,49,A,68,7.2
CR01,49,B,45.1,6.9
CR01,49,C,38,9.7
CR01,49,D,34.1,6.5
CR01,49,E,35.2,6.1
CR01,50,,29.1,7
CR01,51,,30.8,11.1
CR01,52,,33.6,12
CR01,53,,32.1,11.5
CR01,54,,25.6,4.2
CR01,55,,51.3,4.5
CR01,56,A,28.4,3.9
CR01,56,B,25.6,3.7
CR01,56,C,25.4,3.3
CR01,57,,31.8,3.9
CR01,58,,30.4,10.7
CR01,59,,27.8,11.6
CR01,60,,87.6,25.8
CR01,61,,271,10.3
CR01,62,,33.4,13.5
CR01,63,,73.6,16.8
CR01,64,,30,7.1
CR01,65,,25.3,7.6
CR01,66,,28.2,5.1
CR01,67,,25.1,4.9
CR01,68,,57.3,16.6
CR01,69,,54.4,16.3
CR01,70,,51.4,15.9
CR01,71,,47.6,14.6
CR01,72,,65.3,13.2
CR01,73,,102.5,20.5
CR01,74,,40.4,13.4
CR01,75,,32.6,11.2
CR01,76,,33,9.5
CR01,77,,28.1,6.9
CR01,78,,31.3,7.5
CR01,79,,38.2,12.9
CR01,80,A,70.1,12.2
CR01,80,B,56,11.9
CR01,81,,33.2,8.7
CR01,82,,40.4,6.5
CR01,83,,54.1,14.8
CR01,84,,40.2,9.8
CR01,85,,38.6,13.7
CR01,86,,49.4,6.5
CR01,87,,70.6,18.3
CR01,88,,33.1,15.9
CR01,89,,27.8,6.5
CR01,90,,46.1,15.1
CR01,91,,100.3,17.5
CR01,92,,55.2,11.3
CR01,93,,32.4,9.2
CR01,94,,100.8,16.7
CR01,95,,84.6,16.5
CR01,96,,90.3,16.1
CR01,97,,46,8.4
CR01,98,,29.8,5.2
CR01,99,,83.2,18.1
CR01,100,,35.1,13.1
CR01,101,,29.2,9.5
CR01,102,,29.4,5.1
CR01,103,,33.6,11.4
CR01,104,,52.8,13.7
CR01,105,,30.1,10.4
CR01,106,,96.8,13.3
CR01,107,,56.4,13.5
CR01,108,,88.1,14.8
CR01,109,,62.4,16.4
CR01,110,,42.1,10.2
CR01,111,,41.2,12.8
CR01,112,,50.1,16.3
CR01,113,,48.2,18.1
CR01,114,,49,16.8
CR01,115,,33.2,10.1
CR01,116,,39.8,12.4
CR01,117,,43.1,13.5
CR01,118,,44.4,13.7
CR01,119,,44.6,7.8
CR01,120,,29.1,6.1
CR01,121,,31.6,5.7
CR01,122,,37.4,14.5
CR01,123,,75.4,13.9
CR01,124,,130.2,18.2
CR01,125,,36.1,6.1
CR01,126,,34.2,7
CR01,127,,40.3,3.9
CR01,128,,34.4,6.7
CR01,129,,42.6,13.8
CR01,130,,34.7,9.9
CR01,131,,49.4,12.2
CR01,132,,43.6,14.6
CR01,133,,36.1,12
CR01,134,,28.4,4.3
CR01,135,,47.2,13.9
CR01,136,A,51.4,13.2
CR01,136,B,45.6,12.7
CR01,136,C,28.1,9.4
CR01,137,A,44.8,11.1
CR01,137,B,32.4,10.2
CR01,137,C,32.2,10
CR01,137,D,32.1,9.9
CR01,138,,29.4,5.7
CR01,139,,124.5,15.5
CR01,140,,29.1,5.2
CR01,141,A,49.2,11.9
CR01,141,B,31.8,11.1
CR01,142,A,56.6,13.3
CR01,142,B,41.1,11.7
CR01,142,C,27.8,8.5
CR01,143,,28.2,3.2
CR01,144,,31.1,6.7
CR01,145,A,52,15.9
CR01,145,B,42.4,13.2
CR01,145,C,38.9,12.4
CR01,145,D,33.4,11.9
CR01,146,A,29.2,11.9
CR01,146,B,28.4,12
CR01,147,,28.2,8.3
CR01,148,A,41.6,11.6
CR01,148,B,33,11
CR01,148,C,32.3,10.4
CR01,149,,76.4,13.2
CR01,150,,41.1,12.4
CR01,151,A,39.1,4.9
CR01,151,B,28.8,4.5
CR01,152,,49.2,15.7
CR01,153,,32.1,11.1
CR01,154,,30.4,13.6
CR01,155,,59.2,14.9
CR01,156,,30.1,6.9
CR01,157,,38.8,14.2
CR01,158,,37.1,13.1
CR01,159,,29.3,12.9
CR01,160,,60.1,10.7
CR01,161,,56.2,14.4
CR01,162,,44.6,13.6
CR01,163,,30.1,7.4
CR01,164,,57.5,15.9
CR01,165,,29.1,5.3
CR01,166,,57.5,8.7
CR01,167,,28.6,11.2
CR01,168,,48.1,14.5
CR01,169,,75.8,18.7
CR01,170,,39.2,6.1
CR01,171,,40.1,17.5
CR01,172,,34.6,9.2
CR01,173,,27.4,5.9
CR01,174,,71.6,14.5
CR01,175,,28.8,11.2
CR01,176,,36.5,14.5
CR01,177,A,39.1,10.9
CR01,177,B,29.4,10
CR01,178,,30.2,6.1
CR02,1,,46.3,
CR02,2,,57.2,15.6
CR02,3,,30.4,4.3
CR02,4,,37.5,12.3
CR02,5,,32,3.3
CR02,6,,28.3,3
CR02,7,,47.2,9.6
CR02,7,A,33.7,11.4
CR02,8,,47.3,13.5
CR02,9,,37.2,5.1
CR02,10,,26.5,3
CR02,11,,45.3,13.5
CR02,12,,25.1,5.1
CR02,13,,50.2,12.3
CR02,14,,31.2,6.4
CR02,14,A,26,5.7
CR02,15,,28.3,5.8
CR02,16,,36.2,10.9
CR02,17,,31.2,6.7
CR02,17,A,29.3,6.5
CR02,17,B,26,6
CR02,17,C,25,5.8
CR02,18,,28.3,4.2
CR02,19,,44.2,10.2
CR02,20,,71.5,14.3
CR02,21,,29.3,5.8
CR02,22,,38,10.4
CR02,23,,48.3,7.2
CR02,24,,133.4,18.3
CR02,25,,28.3,4.6
CR02,26,,25.3,4.1
CR02,27,,46.5,11.5
CR02,28,,35.2,11.9
CR02,29,,34.2,10.7
CR02,30,,39.4,7.3
CR02,31,,50,14.8
CR02,32,,36.2,
CR02,33,,41.5,13.2
CR02,34,,36.5,12.8
CR02,35,,43.7,6.4
CR02,36,,64.5,12.5
CR02,37,,61.6,13.2
CR02,38,,29.2,5.1
CR02,39,,53,11.7
CR02,40,,27.2,6.4
CR02,41,,44.3,14.8
CR02,42,,36.5,3.8
CR02,42,A,31,4.3
CR02,43,,29.3,4.3
CR02,44,,93.2,18.4
CR02,45,,29,5.1
CR02,46,,26.1,5
CR02,47,,26.3,2
CR02,48,,28.1,3.9
CR02,49,,43.2,11.4
CR02,50,,54,6.7
CR02,50,A,31.5,6.5
CR02,51,,34.2,5.3
CR02,52,,53.2,7
CR02,53,,29.3,4.9
CR02,54,,35.5,5.2
CR02,55,,67.2,7.4
CR02,56,,37.2,5.8
CR02,56,A,35.9,5.3
CR02,57,,33.2,6.3
CR02,58,,56.3,7.5
CR02,58,A,32.4,3.4
CR02,59,,307,4
CR02,60,,46.3,3.5
CR02,61,,31.5,3.9
CR02,62,,42.4,5.8
CR02,63,,43.3,5.5
CR02,63,A,32,4.9
CR02,63,B,29.7,4.2
CR02,64,,30.5,
CR02,65,,34.2,3.9
CR02,65,A,29,3.5
CR02,66,,39.2,16.1
CR02,67,,31.2,
CR02,68,,25.5,5.3
CR02,69,,38.7,7
CR02,70,,27.2,4.3
CR02,71,,48.3,12.8
CR02,72,,48.5,11.4
CR02,73,,29,5.9
CR02,74,,50.9,12.4
CR02,75,,29.3,5.3
CR02,76,,29.1,6.3
CR02,76,A,28.4,5.1
CR02,77,,29,7.2
CR02,78,,111.5,17.4
CR02,79,,28.3,3.5
CR02,80,,72,13.9
CR02,81,,56.5,18.5
CR02,82,,155.7,23.3
CR02,83,,32.5,9.1
CR02,84,,29,5.3
CR02,85,,38.3,12.7
CR02,86,,29.2,6.2
CR02,87,,45,13.4
CR02,88,,25,8.1
CR02,89,,36.2,9.3
CR02,90,,30.5,11.6
CR02,91,,56.1,19.5
CR02,92,,39.5,13.1
CR02,92,A,36.7,10.3
CR02,93,,46,11.9
CR02,94,,79.3,24.8
CR02,95,,46,9.3
CR02,96,,37.4,12.4
CR02,97,,78.2,14.2
CR02,98,,31.4,3.5
CR02,99,,28.3,3.8
CR02,100,,31.1,5.2
CR02,101,,33.4,3.1
CR02,102,,43.7,10.8
CR02,103,,46.2,17
CR02,104,,102.3,24.4
CR02,105,,71.5,19.1
CR02,106,,73.1,19.3
CR02,107,,35,10.3
CR02,108,,33.5,7.2
CR02,109,,25,5.5
CR02,110,,58.5,16.2
CR02,111,,101.3,21.1
CR02,112,,29.7,10
CR02,113,,32,10.8
CR02,114,,98.3,18.1
CR02,115,,35.9,11.1
CR02,116,,28,4.9
CR02,117,,33,4
CR02,118,,27.5,3.5
CR02,119,,42.3,5.2
CR02,120,,46.5,14.3
CR02,121,,49,6.1
CR02,122,,27.2,4.8
CR02,123,,26.1,5.1
CR02,124,,39.3,14.1
CR02,125,,38,14.7
CR02,126,,90.2,19.8
CR02,127,,39.5,12
CR02,128,,46.2,14.1
CR02,129,,34.5,9.5
CR02,130,,39.2,
CR02,131,,37.9,11.9
CR02,132,,39.1,12.1
CR02,133,,30.4,10.7
CR02,134,,31.5,11.4
CR03,1,,35.1,8.5
CR03,2,,30.5,7.3
CR03,3,,35.4,6.8
CR03,4,,25.3,5.1
CR03,5,,30.1,9.4
CR03,6,,33.4,7.9
CR03,7,,37.6,7.3
CR03,8,,31.3,6.2
CR03,9,,41.5,10.7
CR03,10,,55.2,11.4
CR03,11,,26.1,6.2
CR03,12,,26.5,7.9
CR03,13,,41.3,10.5
CR03,14,,27.2,5.6
CR03,15,,26.4,5.9
CR03,16,,40.3,7.3
CR03,17,A,44.2,11.7
CR03,17,B,41.1,10.9
CR03,18,,59.1,11.1
CR03,19,,46.4,10.7
CR03,20,,40.1,9.9
CR03,21,,41.3,8.7
CR03,22,,28.4,9.2
CR03,23,,34.4,10.1
CR03,24,,35.2,7
CR03,25,A,34.3,11.9
CR03,25,B,32.1,11.2
CR03,26,,32.6,10.3
CR03,27,,39.5,12.1
CR03,28,,27.2,9
CR03,29,,25.1,7.6
CR03,30,,36.3,9.4
CR03,31,,47.1,13
CR03,32,,35.4,8.9
CR03,33,,27.9,6.5
CR03,34,,33.5,4.5
CR03,35,,38.7,9.3
CR03,36,,46.5,12.2
CR03,37,,30.2,6.5
CR03,38,,45.4,11.9
CR03,39,,33.3,9.7
CR03,40,,31.5,7.4
CR03,41,,33.6,10.2
CR03,42,,26.5,8.9
CR03,43,,43,11.3
CR03,44,,38.1,13.2
CR03,45,,27.2,8.7
CR03,46,,40.6,7.9
CR03,47,,36.5,11.4
CR03,48,,55.6,14.1
CR03,49,,26.1,7.8
CR03,50,,42.5,10.7
CR03,51,,28.1,7.3
CR03,52,,38.2,12.2
CR03,53,,25.4,9
CR03,54,,36.2,11.1
CR03,55,A,34.4,7.9
CR03,55,B,31.2,7.2
CR03,56,,32.4,8.4
CR03,57,,34.2,7.9
CR03,58,,35.7,9.2
CR03,59,,25.3,6.6
CR03,60,,25.1,5.9
CR03,61,,42,9.8
CR03,62,,29.3,7.4
CR03,63,,30,6.8
CR03,64,,35.5,10.2
CR03,65,,34,9.1
CR03,66,,43.3,10.7
CR03,67,,36.4,9.9
CR03,68,,32.5,7
CR03,69,,32,9.3
CR03,70,,27.1,8.9
CR03,71,,31.6,11.2
CR03,72,,27.7,6.7
CR03,73,,40.5,12.4
CR03,74,,26.2,7.8
CR03,75,,25.5,7.4
CR03,76,,31.1,6
CR03,77,,30,5.9
CR03,78,,37.1,10.2
CR03,79,,29.1,7.1
CR03,80,,40.2,13
CR03,81,,42.7,9.7
CR03,82,,57.5,10.9
CR03,83,,47,13.4
CR03,84,,45,14.2
CR03,85,,28.3,7.3
CR03,86,,63.8,15.7
CR03,87,,38,12.7
CR03,88,,42.7,10.4
CR03,89,,30.2,11.8
CR03,90,,32.7,6.3
CR03,91,,31.1,7.5
CR03,92,,42.2,9.2
CR03,93,A,47.8,9.3
CR03,93,B,38.5,6.5
CR03,93,C,35.6,7.9
CR03,94,,42.3,5
CR03,95,,29.2,4
CR03,96,A,31.5,6.3
CR03,96,B,26.3,4.9
CR03,97,,46.5,12.4
CR03,98,,29,7.6
CR03,99,,26.5,4.5
CR03,100,,28.3,3.8
CR03,101,A,41.2,12.3
CR03,101,B,25.7,7.8
CR04,1,,25.6,11.2
CR04,2,,44.5,9.9
CR04,3,,49,14.4
CR04,4,,42,10.8
CR04,5,,31,7.5
CR04,6,A,27.7,10.2
CR04,6,B,28,10
CR04,6,C,29.2,10.1
CR04,6,D,35.4,9.8
CR04,7,,25,6.1
CR04,8,,27.7,5.3
CR04,9,,37,10.5
CR04,10,,43,10.7
CR04,11,,50,9.4
CR04,12,,25,6.2
CR04,13,,50.6,12.4
CR04,14,,79,15.1
CR04,15,A,28.5,6.5
CR04,15,B,36,6.1
CR04,16,,32.7,8.3
CR04,17,,47.2,12.6
CR04,18,,52,14.9
CR04,19,,48,14.2
CR04,20,,49.5,11
CR04,21,,27,6.8
CR04,22,,55,7.1
CR04,23,,30,8.4
CR04,24,,79.5,14.6
CR04,25,,28,8.5
CR04,26,,29.5,9
CR04,27,,30,7.2
CR04,28,,116.5,17
CR04,29,,27,5.9
CR04,30,,99.2,13.5
CR04,31,,30,8.2
CR04,32,,90,17.4
CR04,33,,39,13.1
CR04,34,,43.3,11.9
CR04,35,,31.5,6.5
CR04,36,,70,16.7
CR04,37,,46.7,12.8
CR04,38,,35,9.4
CR04,39,,34,8.3
CR04,40,,149.6,21.4
CR04,41,,142.9,21.9
CR04,42,,56.3,14.2
CR04,43,,54.4,17.7
CR04,44,,43.5,12.1
CR04,45,,40,10.4
CR04,46,,47.6,13.6
CR04,47,,36.6,7.5
CR04,48,,114.3,24.9
CR04,49,,52,16.7
CR04,50,,47,12.2
CR04,51,,54.6,15.4
CR04,52,,37.5,9.7
CR04,53,,38,9.9
CR04,54,,26.7,9
CR04,55,,25.5,5.9
CR04,56,,47.5,12.7
CR04,57,,27.5,8.2
CR04,58,,72.5,16.4
CR04,59,,87.6,19
CR04,60,,42,13.4
CR04,61,A,28,7
CR04,61,B,26,3.8
CR04,62,,45,13.7
CR04,62,,28.5,9.3
CR04,64,,68.8,16.4
CR04,65,,43.5,6.8
CR04,66,,29.5,8.1
CR04,67,,43,9.2
CR04,68,,39.5,7.5
CR04,69,,48.3,11.6
CR04,70,,44,15.2
CR04,71,,36.2,7.3
CR04,72,,55.4,16.7
CR04,73,,85,23.1
CR04,74,,90,19.8
CR04,75,,54.7,15.2
CR04,76,,39.6,12.3
CR04,77,,30,11.8
CR04,78,,47,14.3
CR04,79,,29,9.2
CR04,80,,46.7,14.8
CR04,81,,30,7.9
CR04,82,,48.5,11.6
CR04,83,,44.5,10.2
CR04,84,,38,6.4
CR04,85,,30.5,
CR04,86,,32.4,9.9
CR04,87,A,48.5,10.7
CR04,87,B,28.7,9.5
CR04,88,A,28,6.4
CR04,88,B,29.2,3.9
CR04,89,,25.5,3.8
CR04,90,,27.5,12.6
CR04,91,A,51.9,11.4
CR04,91,B,29.3,10.5
CR04,92,,50.5,15.3
CR04,93,,40,6.8
CR04,94,,28.5,4.2
CR04,95,,31,5.7
CR04,96,,57,16.8
CR04,97,A,51.5,17.1
CR04,97,B,50.2,15
CR04,98,,33,10.7
CR04,99,,32.5,6.3
CR04,100,,34,11
CR04,101,,38.5,8.5
CR04,102,,41,13.4
CR04,103,,66,17.1
CR04,104,,41,15.2
CR04,105,A,27,
CR04,105,B,26.6,4.1
CR04,106,,32.4,6.5
CR04,107,A,39.7,11.1
CR04,107,B,38.5,8.9
CR04,108,,76.6,16.7
CR04,109,,49.6,15
CR04,110,,75.5,17.8
CR04,111,,40,11.5
CR04,112,,67,17.3
CR04,113,,60.2,16.9
CR04,114,,31.7,6.4
CR04,115,,77,15.2
CR04,116,,56,13
CR04,117,,30,10.5
CR04,118,,29.5,7.2
CR04,119,,250.9,29.1
CR04,120,,123.5,22.7
CR04,121,,52.5,11.5
CR04,122,,68,16.7
CR04,123,,52,16.4
CR04,124,,45.5,13.8
CR04,125,,41,5.9
CR04,126,A,32,11.2
CR04,126,B,32.5,11
CR04,127,,76.5,16.3
CR04,128,,72.4,16.5
CR04,129,,52,14.7
CR04,130,,43,12.1
CR04,131,,29,4
CR04,132,,29.7,12.4
CR04,133,,26.5,8.8
CR04,134,,48,6.1
CR04,135,,70.8,18.3
CR04,136,,47,16.8
CR04,137,,55,17.1
CR04,138,,47.3,16.8
CR04,139,,50,14.5
CR04,140,,40,23.6
CR04,141,,51,12.8
CR04,142,,25,8.5
CR04,143,,42,10.2
CR04,144,,46.5,16
CR04,145,,22,8.3
CR04,146,,36,9.9
CR04,147,,30.4,8.7
CR04,148,,26,10.5
CR04,149,,44.3,13.9
CR04,150,,47.5,16.2
CR04,151,,53.5,17
CR04,152,,44.3,12.4
CR04,153,,47.2,17.5
CR04,154,,50.5,17.1
CR04,155,,25.2,6.9
CR04,156,,43.6,14.2
CR04,157,A,28,6.4
CR04,157,B,27.5,5.5
CR04,158,,50,17.2
CR04,159,,45.5,15.3
CR04,160,,31.4,9.5
CR04,161,,39,18.1
CR04,162,,28,3.8
CR04,163,A,31.2,9.1
CR04,163,B,28,6.7
CR05,1,,29.5,9.3
CR05,2,,48.2,9.9
CR05,3,,56.3,14.8
CR05,4,,45.8,5.4
CR05,5,,31.3,4.5
CR05,6,,32.1,6.8
CR05,7,,28.9,8.2
CR05,8,,55.8,12.1
CR05,9,,61.5,10.2
CR05,10,,32.3,11.7
CR05,11,,35.9,10.7
CR05,12,,30.4,5.9
CR05,13,,46.5,11.5
CR05,14,,27.9,7.9
CR05,15,,27.1,8.8
CR05,16,,38.1,4.9
CR05,17,,30.1,4.7
CR05,18,,30.6,7.8
CR05,19,,81.7,13.2
CR05,20,,43.5,3.8
CR05,21,,40.6,7.4
CR05,21,A,43.3,6.7
CR05,22,,45.3,16.9
CR05,23,,35.5,6.9
CR05,24,,28.5,7.3
CR05,25,,44.3,7.5
CR05,26,,29.1,5.4
CR05,26,A,32.3,3.8
CR05,26,B,27.5,3.5
CR05,27,,58.8,15.3
CR05,28,,36.5,5.9
CR05,29,,43.2,14.9
CR05,30,,46.9,9.7
CR05,31,,25.8,6.2
CR05,32,,38,5.8
CR05,33,,58.1,10.1
CR05,34,,48.6,13.4
CR05,34,A,47.9,7.8
CR05,35,,59.2,12.1
CR05,36,,32.3,5.1
CR05,37,,41.6,7.4
CR05,38,,28.2,9.4
CR05,39,,42.6,17.1
CR05,40,,55.2,15.8
CR05,41,,39.2,6.7
CR05,42,,74.7,13
CR05,43,,28.3,3.5
CR05,43,A,31.1,5.1
CR05,44,,27.3,5.2
CR05,45,,56.2,19
CR05,46,,28.7,6.2
CR05,47,,52.3,12.5
CR05,48,,33.5,8.4
CR05,49,,92.2,11.1
CR05,50,,49.1,19
CR05,51,,79.5,12.9
CR05,51,A,91.7,12.4
CR05,52,,39.5,8.2
CR05,52,A,31.1,7.6
CR05,53,,30.5,7
CR05,54,,51.1,14.9
CR05,55,,34.5,12.6
CR05,56,,122.4,12.4
CR05,56,A,107.3,12.9
CR05,57,,26.3,7.8
CR05,58,,52.1,8.5
CR05,59,,34.6,11.8
CR05,60,,29.2,5.8
CR05,60,A,26.6,6
CR05,61,,26.3,10
CR05,62,,90.2,12.3
CR05,63,,46.2,10.8
CR05,64,,25.5,3.9
CR05,65,,28.5,8.2
CR05,66,,36.2,2.8
CR05,66,A,32.1,3
CR05,66,B,29.5,2.4
CR05,67,,43.6,13.6
CR05,68,,29.2,6.8
CR05,69,,62.5,9.4
CR05,70,,39.4,14.4
CR05,71,,26.1,
CR05,72,,31.6,6.7
CR05,73,,63.1,16
CR05,74,,65.2,8.9
CR05,75,,39.1,8.4
CR05,75,A,33.7,7
CR05,75,B,30.6,5.4
CR05,76,,26.7,4.8
CR05,77,,31.8,5.5
CR05,77,A,31.6,5.4
CR05,77,B,26.5,5.2
CR05,77,C,27.1,5.3
CR05,78,,33.7,10
CR05,79,,25.5,5.5
CR05,80,,51.4,16.5
CR05,81,,51.3,16.3
CR05,82,,53.1,17
CR05,83,,36.9,8
CR05,84,,103.7,19.7
CR05,85,,64.7,10.8
CR05,86,,25.7,2.2
CR05,87,,55.1,9.7
CR05,88,,25.3,3
CR05,89,,30.2,6.5
CR05,90,,33.4,8.5
CR05,90,A,30.2,7.4
CR05,91,,25.1,2.9
CR05,92,,25.3,2.2
CR05,93,,50.1,9.8
CR05,94,,46.2,15
CR05,95,,68.5,17.2
CR05,96,,32.1,4.6
CR05,97,,34.1,6.9
CR05,98,,47.2,14.9
CR05,99,,68.3,8.5
CR05,100,,38.2,8.3
CR05,101,,50.2,10.5
CR05,102,,80.3,15.9
CR05,103,,27.1,8.6
CR05,104,,36.1,5.6
CR05,105,,27.2,6.8
CR05,106,,54.3,7.7
CR05,106,A,42.6,5.3
CR05,107,,26.2,2.7
CR05,108,,46.3,16.9
CR05,109,,38.5,10.4
CR05,110,,35.1,6.9
CR05,111,,27.6,6.5
CR05,112,,39.1,7.2
CR05,112,A,39.4,7.1
CR05,113,,38.6,6.2
CR05,114,,26.4,2.1
CR05,115,,30.2,4.9
CR05,115,A,27.1,6.2
CR05,116,,39.9,3.5
CR05,116,A,40.1,6.9
CR05,117,,56.6,4.8
CR05,117,A,34.3,12.3
CR05,118,,60.6,4.7
CR05,119,,49.1,3.7
CR05,120,,34.2,4.1
CR05,120,A,27.1,23.3
CR05,121,,137.6,2.9
CR05,122,,39.1,3.1
CR05,122,A,33.3,2.5
CR05,122,B,29.2,5.1
CR05,123,,86.7,18.9
CR05,124,,47.1,14.3
CR05,125,,42.2,3.1
CR05,126,,58.4,14.8
CR05,127,,56.4,15.6
CR05,128,,29.1,5.8
CR05,129,,61.4,17.6
CR05,130,,27.1,5.4
CR05,131,,38.6,14.4
CR05,132,,138.1,18.8
CR05,133,,43.2,16.6
CR05,134,,49,16.6
CR05,135,,36.2,8.4
CR05,136,,66.5,14.5
CR05,137,,40.7,6.1
CR05,138,,47.3,7.2
CR05,139,,49.1,4.6
CR05,14,,27.1,2.9
CR05,141,,60.4,17.3
CR05,142,,56.6,17.8
CR05,143,,69.2,12.9
CR05,144,,25.1,2.2
CR05,145,,36.4,3
CR05,145,A,33.1,3.9
CR05,146,,26.2,3.8
CR05,147,,27.3,2
CR05,147,A,28.1,3.5
CR05,148,,26.4,2.3
CR05,149,,27.1,1.9
CR05,150,,26.9,6.3
CR05,151,,62.1,8.2
CR05,152,,35.2,2.4
CR06,1,,49,11.8
CR06,2,,137,24.2
CR06,3,,49,13.7
CR06,4,,137,26.2
CR06,5,A,35,3.1
CR06,5,B,27,6.3
CR06,6,,27.5,9.6
CR06,7,A,35,6.1
CR06,7,B,30,4.9
CR06,7,C,25,5.7
CR06,8,,34,10
CR06,9,A,33,6.7
CR06,9,B,29,4.8
CR06,10,,105,24.8
CR06,11,,35,7.2
CR06,12,A,35,6.5
CR06,12,B,26,5.4
CR06,13,,61,
CR06,14,,34,7.2
CR06,15,,55,15.8
CR06,16,,30,4.3
CR06,17,A,37,8
CR06,17,B,37,4.5
CR06,18,,69,7.8
CR06,19,,35,5.4
CR06,20,,110,22
CR06,21,,44,12.5
CR06,22,,67,19.2
CR06,23,A,60,14.5
CR06,23,B,26,10.3
CR06,24,,36,11.8
CR06,25,,54,20.3
CR06,26,,51,21.5
CR06,27,,57,14.9
CR06,28,,57,12.2
CR06,29,,39,6.8
CR06,30,,32,6.3
CR06,31,,56,11.8
CR06,32,,48,19.1
CR06,33,,28,14.2
CR06,34,,40,6.7
CR06,35,,43,14.5
CR06,36,,39,12.2
CR06,37,,25,3.1
CR06,38,,55,18.2
CR06,39,,37,11.8
CR06,40,,38,4.9
CR06,41,,43,9.6
CR06,42,,125,20
CR06,43,,29,6.4
CR06,44,,33,8.2
CR06,45,,34,9.3
CR06,46,,75,16.7
CR06,47,,41,
CR06,48,,57,9.9
CR06,49,,55,6.8
CR06,50,,47,8.7
CR06,51,,31,7.3
CR06,52,,27,8.4
CR06,53,A,36,7
CR06,53,B,30,7
CR06,54,,28,6.1
CR06,55,,35,11.8
CR06,56,,34,9.4
CR06,57,,58,17.9
CR06,58,,40,13.4
CR06,59,,25,4.6
CR06,60,,47,10.1
CR06,61,,33,6.8
CR06,62,,46,17.7
CR06,63,,49,9.5
CR06,64,,40,16.6
CR06,65,,47,12.7
CR06,66,,64,15.3
CR06,67,,62,16.4
CR06,68,,26,8.3
CR06,69,,60,15.5
CR06,70,,32,6.2
CR06,71,,41,9.7
CR06,72,,47,14.4
CR06,73,,30,13.1
CR06,74,,90,24.7
CR06,75,B,25,6.1
CR06,75,B,25,4
CR06,76,,78,23.1
CR06,77,A,40,7.2
CR06,77,B,26,4.3
CR06,78,,31,5.2
CR06,79,A,33,8.2
CR06,79,B,28,5.3
CR06,80,,134,19.8
CR06,81,,36,8.7
CR06,82,A,47,6.7
CR06,82,B,42,7.2
CR06,82,C,26,6.5
CR06,83,,34,6.5
CR06,84,,28,11.1
CR06,85,,28.6,6.9
CR06,86,,40,8.2
CR06,87,A,31,7.8
CR06,87,B,32,7.8
CR06,88,,34,6
CR06,89,,27,3.1
CR06,90,,49,5.5
CR06,91,,32,5
CR06,92,,27,5.2
CR06,93,,46,8.1
CR06,94,,69,19.2
CR06,95,,30,6.8
CR06,96,,28,7.8
CR06,97,A,39,5.9
CR06,97,B,32,5.9
CR06,98,,25,6.7
CR06,99,,46,14.7
CR06,100,,44,7.4
CR06,101,,98,12.5
CR06,102,,37,3.7
CR06,103,,30,6.5
CR06,104,,34,6.9
CR06,105,,42,7.6
CR06,106,,35,5.1
CR06,107,,25,3.5
CR06,108,,172,29.1
CR06,109,,62,9.2
CR06,110,,25,7.4
CR06,111,,85,19.8
CR06,112,,60,16.4
CR06,113,,150,27.9
CR06,114,,80,22.9
CR06,115,A,27,2.5
CR06,115,B,30,6.3
CR06,116,,97,24.3
CR06,117,,106,25.8
CR06,118,A,92,15.7
CR06,118,B,58,15
CR06,118,C,36,14.8
CR06,118,D,34,8.7
CR06,119,,89,28.8
CR06,120,,130,25.4
CR06,121,,27,6.4
CR06,122,,32,5.4
CR06,123,,283,30.4
CR06,124,,68,14.4
CR06,125,,44,10.6
CR06,126,,33,9
CR06,127,A,44,8.7
CR06,127,B,38,10.3
CR06,128,,94,9.5
CR06,129,A,100,19
CR06,129,B,57,11.4
CR06,130,,25,5.2
CR06,131,,25,8.7
CR06,132,,26,8.7
CR06,133,,,
CR06,134,,,
CR06,135,,,
CR06,136,,105,22.5
CR06,137,,27.1,5.6
CR06,138,,106,28.5
CR06,139,,28,5.2
CR06,140,,26,5.2
CR06,141,,46,11.3
CR06,142,,71,20.7
CR06,143,,41,17.2
CR06,144,,45,11
CR06,145,,42,8.5
CR06,146,,69,15.6
CR06,147,,34,7.2
CR06,148,,47,12.1
CR06,149,,47,12.9
CR06,150,A,28,6.4
CR06,150,B,28,6.4
CR06,151,,47,11.6
CR06,152,,32,10.5
CR06,153,,35,11
CR06,154,,183,29.8
CR06,155,A,42,12.6
CR06,155,B,31,4.1
CR06,156,,27,9
CR06,157,,34,11.5
CR06,158,,27,12
CR06,159,,180,28.6
CR06,160,,120,28
CR06,161,,90,15.6
CR06,162,,48,11
CR06,163,,60,19
CR06,164,,31,3.4
CR06,165,,57,9
CR06,166,,30,6.8
CR06,167,,38,10.7
CR06,168,,62,14
CR06,169,,58,16.1
CR06,170,,25,9.5
CR06,171,,48,16.6
CR06,172,,32,13.2
CR06,173,,89,24.3
CR06,174,,48,14.4
CR06,175,,29,12.2
CR06,176,,33,12.8
CR06,177,,30,10.1
CR06,178,,121,31.4
CR06,179,,38,10.8
CR06,180,,104,20.5
CR06,181,,71,13.4
CR06,182,,52,15.9
CR06,183,,115,30.2
CR06,184,,26,14.2
CR06,185,,85,24.4
CR06,186,,28,10.7
CR06,187,,52,13
CR06,188,,34,9.6
CR06,189,,25,10.1
CR07,1,,55.2,17.2
CR07,2,,46,4.7
CR07,3,,87.1,15.1
CR07,4,,93.3,24.6
CR07,5,,36.5,6.7
CR07,6,,36.1,4.4
CR07,7,,37.8,3.1
CR07,8,,45.3,6.1
CR07,9,,114.5,8.3
CR07,10,,26.5,6.4
CR07,11,,30.1,6.9
CR07,12,,34.5,7.1
CR07,13,,43.1,5.3
CR07,14,,42.5,13.2
CR07,15,,25.5,5.7
CR07,16,,60.1,13.4
CR07,17,,48.2,10.5
CR07,18,,33.5,8.7
CR07,19,,36.2,10.9
CR07,20,,26.3,5.6
CR07,21,,37.3,10.4
CR07,22,,76.5,15.5
CR07,23,,27.3,3.9
CR07,24,,36.2,9.7
CR07,25,,34.1,5.4
CR07,26,,45.3,5.7
CR07,27,,25.1,5.1
CR07,28,,49.9,4.5
CR07,29,,27.2,6.7
CR07,30,,45.2,10.5
CR07,31,,30.1,10
CR07,32,A,92.7,29.5
CR07,32,B,72.3,17.9
CR07,33,,30.1,6.2
CR07,34,,36.2,7.5
CR07,35,,29.3,8.7
CR07,36,,27.5,5.4
CR07,37,,32.7,9.3
CR07,38,,25.1,7.9
CR07,39,,74.6,22.8
CR07,40,,25.4,2.5
CR07,41,,34.2,8.7
CR07,42,,56.7,15.9
CR07,43,,26.2,4.3
CR07,44,,52.5,14.8
CR07,45,A,69.5,18.3
CR07,45,B,50.3,12.4
CR07,46,,31.4,6.3
CR07,47,,36.1,9.7
CR07,48,A,34.5,4.6
CR07,48,B,29.7,3.2
CR07,49,,26.5,3.5
CR07,50,,27.4,5.1
CR07,51,,27.5,7.3
CR07,52,,39.3,6.7
CR07,53,,36.5,9.9
CR07,54,,25.1,8.4
CR07,55,,42.9,13.7
CR07,56,,27.8,2.5
CR07,57,,43.2,10.2
CR07,58,,40.3,13.7
CR07,59,,107.9,29.9
CR07,60,,35.1,12.3
CR07,61,,29.5,4.2
CR07,62,,41.4,2.7
CR07,63,,27.7,3.1
CR07,64,,92.2,12.5
CR07,65,,41.5,5.3
CR07,66,,47.2,6.4
CR07,67,,27.5,5.1
CR07,68,,244.9,29.8
CR07,69,A,29.7,4.9
CR07,69,B,27.5,4.8
CR07,70,,118.7,10.9
CR07,71,,42.7,10.7
CR07,72,,30.1,6.4
CR07,73,,30.3,3.2
CR07,74,,35.5,4.1
CR07,75,,38.3,3.5
CR07,76,,94.1,22.1
CR07,77,,25.2,2.9
CR07,78,,77.8,22.4
CR07,79,,50.2,13.2
CR07,80,,41.3,6.7
CR07,81,A,33,5.9
CR07,81,B,31,4.4
CR07,82,,28.5,9.2
CR07,83,,90.3,15.4
CR07,84,,70.5,18.1
CR07,85,A,30.3,5.2
CR07,85,B,25.5,3.4
CR07,86,,29.3,7.8
CR07,87,,27.5,2.7
CR07,88,,72.9,8.3
CR07,89,,70.7,22.7
CR07,90,,32.1,3.5
CR07,91,,46.3,15.9
CR07,92,,40.2,11.5
CR07,93,,36.4,4.7
CR07,94,,29.1,2.3
CR07,95,,61.4,13.9
CR07,96,,26.5,2.8
CR07,97,,48.1,13.1
CR07,98,,38.5,14.2
CR07,99,,82.7,20.4
CR07,100,,35.1,15.7
CR07,101,,82.3,15.9
CR07,102,,66.8,17.3
CR07,103,,142.9,28.8
CR07,104,,53.5,10.7
CR07,105,,28.6,5.3
CR07,106,,47.2,2.2
CR07,107,,53.7,25.4
CR07,108,,57.1,14.5
CR07,109,,33.7,8.7
CR07,110,,39.3,11.9
CR07,111,,39.3,11.5
CR07,112,,37.1,10.9
CR07,113,,64.1,13.4
CR07,114,,57.5,12.5
CR07,115,,29.3,7.8
CR07,116,,34.2,5.7
CR07,117,,33.7,5.1
CR07,118,,31.4,5.3
CR07,119,,29.3,6.4
CR07,120,,77.5,18.9
CR07,121,,66.2,17.2
CR07,122,,32.5,7.5
CR07,123,,26.7,5.1
CR07,124,,25.5,4.9
CR07,125,A,66.9,12.4
CR07,125,B,38.5,9.8
CR07,126,A,45.1,5.3
CR07,126,B,30.3,4.9
CR07,126,C,28.5,3.7
CR07,127,,49.6,5.4
CR07,128,,26.7,6.1
CR07,129,A,32.2,4.7
CR07,129,B,26.4,4.1
CR07,130,,27.5,5.7
CR07,131,,73.9,8.4
CR07,132,,31.5,5.9
CR07,133,,81.6,16.3
CR07,134,,82.2,27.7
CR07,135,,43.6,12.9
CR07,136,,28.4,3.5
CR07,137,,52.3,17.3
CR07,138,,32.9,10.2
CR07,139,,40.3,14.5
CR07,14,,32.4,5.1
CR07,141,,29.4,10.5
CR07,142,,29.3,8.7
CR07,143,,99.8,19.9
CR07,144,,87.3,20.4
CR07,145,A,34.1,7.2
CR07,145,B,32.6,5.4
CR07,146,,25.7,4.8
CR07,147,A,34.7,4.5
CR07,147,B,25.9,2.3
CR07,148,,30.2,7.7
CR07,149,,52.8,13.3
CR07,150,A,35.5,5.5
CR07,150,B,28.1,4.1
CR07,151,,26.2,2.1
CR07,152,,28.3,4.2
CR07,153,,28.1,8.3
CR07,154,A,31.2,5.2
CR07,154,B,29.3,4.7
CR07,155,A,38.1,6.5
CR07,155,B,32.1,4.7
CR07,156,,30.5,4.9
CR07,157,,31.2,6.7
CR07,158,,30.1,7.9
CR07,159,,29.2,7.5
CR07,160,,46.5,8.3
CR07,161,,29.3,9.4
CR07,162,,26.1,8.7
CR07,163,,39.2,6.3
CR07,164,,65.4,11.5
CR07,165,,35.5,14.3
CR07,166,,26.1,4.7
CR07,167,,91.5,17.9
CR07,168,A,30.1,5.7
CR07,168,B,28.7,4.5
CR07,169,,107.5,13.2
CR07,170,,37.1,11.8
CR07,171,,96.5,12.5
CR07,172,,56.8,5.2
CR07,173,,26.5,3.9
CR07,174,,65.3,15.3
CR07,175,,41.2,12.1
CR07,176,,36.7,10.4
CR07,177,,62.8,19.6
CR07,178,,26.9,13.1
CR07,179,,66.5,22.5
CR07,180,,66.2,10.3
CR07,181,A,82.6,23.7
CR07,181,B,44.5,12.5
CR07,182,,42.9,13.7
CR07,183,,45.1,11.5
CR07,184,,48.1,10.2
CR07,185,A,53.5,10.1
CR07,185,B,47.3,9.5
CR07,185,C,45.1,9.6
CR07,186,,50.1,5.9
CR07,187,,39.4,13.2
CR07,188,,26.3,6.1
CR07,189,,31.2,12.5
CR07,190,,38.1,10.1
CR07,191,,26.7,8.4
CR07,192,,69.2,15.5
CR07,193,A,92.5,17.9
CR07,193,B,76.7,13.6
CR07,194,,57.7,12.3
CR07,195,,37.1,10.5
CR07,196,,37.4,14.8
CR07,197,,117.9,29.9
CR07,198,,26.2,7.4
CR07,199,,25.5,6.9
CR07,200,,102.7,25.7
CR07,201,,26.5,5.3
CR07,202,A,42.4,6.2
CR07,202,B,32,4.9
CR07,202,C,31.5,4.6
CR07,203,,26.7,3.8
CR07,204,,34.5,4.4
CR07,205,,26.7,3.9
CR07,206,,40.1,5.5
CR07,207,,51.2,3.7
CR08,1,,107.8,25.7
CR08,2,,40.5,10.3
CR08,3,,27.2,5.7
CR08,4,,55.5,14.2
CR08,5,,89.7,15.9
CR08,6,,41.8,13.5
CR08,7,,27.7,9.3
CR08,8,,25.7,8.9
CR08,9,,129.9,25.1
CR08,10,,87.4,18.4
CR08,11,,29.5,5.7
CR08,12,,47.3,13.5
CR08,13,,34.4,9.9
CR08,14,,60.5,17.8
CR08,15,,37.6,14.9
CR08,16,,140.5,29.7
CR08,17,,35.1,11.6
CR08,18,,36.3,14.4
CR08,19,,63.2,13.8
CR08,20,,80.1,16.5
CR08,21,,32.7,8.9
CR08,22,,41.6,5.2
CR08,23,,46.2,8.9
CR08,24,,47.4,13.6
CR08,25,,27.2,10.2
CR08,26,,95.5,19.5
CR08,27,,41.3,12.7
CR08,28,,34.5,4.5
CR08,29,,29.1,6.4
CR08,30,,26.8,4.1
CR08,31,,57.2,17.3
CR08,32,,71.2,19.1
CR08,33,,80.2,22.7
CR08,34,,128.3,25.4
CR08,35,,29.5,8.5
CR08,36,,31.2,8.6
CR08,37,,44.3,16.3
CR08,38,,48.3,13.4
CR08,39,,27.8,6.7
CR08,40,,42.8,6.9
CR08,41,,40.3,4.5
CR08,42,,63.3,13.9
CR08,43,,28.1,11.8
CR08,44,,38.2,5.3
CR08,45,,30.3,8.8
CR08,46,,30.1,5.4
CR08,47,,50.2,15.1
CR08,48,,47.1,8.9
CR08,49,,36.2,8.5
CR08,50,,26.6,4.7
CR08,51,,27.3,3.5
CR08,52,,59.4,6.9
CR08,53,,34.2,5.6
CR08,54,A,32.1,4.2
CR08,54,B,29.5,15.9
CR08,55,,91.3,17.8
CR08,56,,25.1,5.3
CR08,57,,117.5,16.9
CR08,58,,32.8,8.4
CR08,59,,105.3,17.8
CR08,60,,100.8,15.5
CR08,61,,47.2,10.7
CR08,62,,70.5,16.5
CR08,63,,42.3,8.6
CR08,64,,96.2,19.4
CR08,65,A,66.5,17.1
CR08,65,B,45.3,15.2
CR08,66,A,65.7,16.4
CR08,66,B,48.3,14.1
CR08,67,,116.5,23.7
CR08,68,,109.8,20.5
CR08,69,,91.5,19.7
CR08,70,,54.1,15.2
CR08,71,,30.5,12.3
CR08,72,,65.2,14.5
CR08,73,,40.2,13.9
CR08,74,,78.1,16.7
CR08,75,,32.4,10.3
CR08,76,,390.7,30.8
CR08,77,,57.9,16.1
CR08,78,,53.8,13.5
CR08,79,,90.3,19.6
CR08,80,,80.1,17.2
CR08,81,,50.2,12.6
CR08,82,,29.4,7.3
CR08,83,,27.2,7
CR08,84,,26.5,7.2
CR08,85,A,99.8,19.4
CR08,85,B,85,16.9
CR08,86,,140.9,24.7
CR08,87,,25.2,10.2
CR08,88,,65.6,17.5
CR08,89,,104.5,20.3
CR08,90,,40.7,7.9
CR08,91,A,119.3,22.6
CR08,91,B,98.9,20.7
CR08,92,,47.6,14.2
CR08,93,A,81.7,17.5
CR08,93,B,49.1,13.9
CR08,94,,29.4,6.8
CR08,95,,152.3,27.4
CR08,96,,84.4,17.7
CR08,97,,45.3,12.9
CR08,98,,40.2,11.3
CR08,99,,25.4,5.8
CR08,100,,160.7,20.6
CR08,101,,42.3,8.4
CR08,102,,26.2,7.3
CR08,103,,26.7,8.5
CR08,104,,77.5,15.4
CR08,105,,33.1,5.9
CR08,106,,50.5,6.7
CR08,107,,30.1,6.5
CR08,108,,40.5,7.3
CR08,109,,33.6,6.9
CR08,110,,29.2,9.8
CR08,111,,43.8,13.5
CR08,112,A,37.3,4.6
CR08,112,B,35.5,3.9
CR08,113,,27.5,10.2
CR08,114,,28.1,2.7
CR08,115,,42.8,4.9
CR08,116,,59.3,17.2
CR08,117,,27.2,7.3
CR08,118,,58.7,18.6
CR08,119,,48.3,14.5
CR08,120,,116.5,27.3
CR08,121,,48.2,16.2
CR08,122,,30.1,2.5
CR08,123,,57.2,10.4
CR08,124,,30.1,5.1
CR08,125,,51.2,4.8
CR08,126,,32.1,2.9
CR08,127,,40.2,12.1
CR08,128,,34.5,11.5
CR08,129,,55.5,15.8
CR08,130,,110.2,14.2
CR08,131,,31.5,2.8
CR08,132,,27.3,3.9
CR08,133,,26.1,2.8
CR08,134,,49.3,15.2
CR08,135,A,29.1,4.7
CR08,135,B,29,4.1
CR08,136,,41.2,13.8
CR08,137,,58.3,11.9
CR08,138,,51.5,12.5
CR08,139,,30.2,10.4
CR08,14,,30.1,4.1
CR08,141,,33.2,9.8
CR08,142,,45.1,5.8
CR08,143,,26.4,3.5
CR08,144,,41.5,10.7
CR08,145,,37.2,5.3
CR08,146,,46.1,5
CR08,147,,89.5,16.9
CR08,148,,40.3,4.8
CR08,149,,29.5,5.6
CR08,150,,36.5,6.9
CR08,151,,115.8,17.9
CR08,152,,53.5,16.5
CR08,153,,85.9,14.7
CR08,154,,33.2,11.9
CR08,155,,27.1,10.2
CR08,156,A,31.5,10.2
CR08,156,B,25.2,8.7
CR08,157,,39.1,11.8
CR08,158,,139.7,28.7
CR08,159,,41.8,10.9
CR08,160,,37.6,9.4
CR08,161,,27.2,8.9
CR08,162,,74.1,15.7
CR08,163,A,82.6,17.8
CR08,163,B,70.5,14.4
CR08,163,C,27.1,11.2
CR08,164,,103.8,29.4
CR09,1,,83.2,11.3
CR09,2,,39.4,10.4
CR09,3,,27.3,9.7
CR09,4,,48.4,6.1
CR09,5,,66.7,5.3
CR09,6,,37.1,4.7
CR09,7,,44.6,13.1
CR09,8,,52.8,12
CR09,9,,40.2,6.5
CR09,10,,36.4,6.8
CR09,11,,37.1,12.1
CR09,12,,28.3,5.2
CR09,13,,25.1,4.9
CR09,14,,40.5,13.7
CR09,15,,35.2,11.3
CR09,16,,29.3,5
CR09,17,,66.5,6.4
CR09,18,,31.1,10.3
CR09,19,,57.2,6.4
CR09,20,,65.3,5.9
CR09,21,,81.6,6.1
CR09,22,,48.1,4.3
CR09,23,,33.4,12
CR09,24,,44.1,7.6
CR09,25,,26.2,6.7
CR09,26,,61.6,3.6
CR09,27,,30.2,15.1
CR09,28,,32.9,10.6
CR09,29,,67.6,21.9
CR09,30,,45.7,10.2
CR09,31,,32.4,12
CR09,32,,27.5,12.5
CR09,33,,44.1,13.2
CR09,34,,58.7,14
CR09,35,,34.6,10.3
CR09,36,,33.3,10
CR09,37,,33.5,12
CR09,38,,48.6,6.4
CR09,39,,53.7,12.1
CR09,40,,35.5,5.9
CR09,41,,35.2,4.8
CR09,42,,34.3,7.5
CR09,43,,28.2,12.9
CR09,44,,38.5,10.7
CR09,45,,38.3,6
CR09,46,,25.6,9.8
CR09,47,,42.3,6.9
CR09,48,,45.5,6.2
CR09,49,,59.7,6.8
CR09,50,,31.6,11.5
CR09,51,,44.2,10.9
CR09,52,,36.5,5.3
CR09,53,,52.6,6.4
CR09,54,,47.3,5.9
CR09,55,,26.2,8
CR09,56,,26.5,9.8
CR09,57,,36.2,6.5
CR09,58,,50,5
CR09,59,,52.5,4.9
CR09,60,,29.3,3.8
CR09,61,,28.2,4.7
CR09,62,,38.5,11.2
CR09,63,,34.3,9.5
CR09,64,,52,5
CR09,65,,25.2,10.4
CR09,66,,27.2,9.9
CR09,67,,113.1,25.4
CR09,68,,35.6,11.1
CR09,69,,29.4,9.3
CR09,70,,33.2,5.1
CR09,70,A,26.1,4.2
CR09,71,,27.2,3.7
CR09,72,,26.2,9.3
CR09,73,,27.3,5.8
CR09,73,A,25.4,5
CR09,74,,27.6,4.1
CR09,75,,33.2,5.2
CR09,76,,43.3,8.7
CR09,77,,26.1,4.2
CR09,78,,46.2,15.5
CR09,79,,30.5,10.8
CR09,80,,45.3,11.2
CR09,81,,30.4,10.6
CR09,82,,53.5,12
CR09,83,,98.9,25.1
CR09,84,,44.6,11.7
CR09,85,,27.3,10.4
CR09,86,,29.4,9.3
CR09,87,,27.6,4.8
CR09,88,,25.4,13.6
CR09,89,,33.6,8.3
CR09,90,,40.2,14
CR09,91,,36.6,10.5
CR09,92,,56.2,11.7
CR09,93,,28.6,4.9
CR09,94,,30.4,6.3
CR09,95,,74.2,8.2
CR09,96,,35.2,4.3
CR09,97,,52.1,5.1
CR09,97,A,31.2,4.7
CR09,98,,46.3,2.9
CR09,99,,46.4,4.1
CR09,100,,42.6,3.6
CR09,101,,44.5,13.9
CR09,102,,129.8,13.2
CR09,103,,30.4,6.1
CR09,104,,45.2,15.7
CR09,105,,36.6,3.4
CR09,105,A,33.2,4.3
CR09,106,,35.9,3.8
CR09,106,A,30.6,3.7
CR09,107,,46.2,11.3
CR09,108,,28.3,8.9
CR09,109,,49.4,4.4
CR09,110,,36,4.2
CR09,111,,26.7,7.5
CR09,112,,25.1,3.6
CR09,113,,26.6,9.7
CR09,114,,75.7,20.1
CR09,115,,205.7,16.6
CR09,116,,86.6,21.3
CR09,117,,197.3,25.8
CR09,118,,31.2,3.3
CR09,119,,36.4,4
CR09,120,,31.2,14.5
CR09,121,,45.1,2.6
CR09,122,,59.2,26.8
CR09,123,,37.4,7.1
CR09,124,,27.6,9
CR09,125,,35.3,9.3
CR09,125,A,34.2,8.6
CR09,126,,56.4,6.9
CR09,127,,112.3,28.1
CR09,128,,33.2,6
CR09,128,A,30.6,5.7
CR09,129,,28.4,4.6
CR09,130,,39.5,5.2
CR09,130,A,30.6,4.6
CR09,131,,50,10.6
CR09,132,,25.1,2.9
CR09,133,,37.2,4
CR09,134,,58,11.3
CR09,135,,47.2,4.4
CR09,135,A,42.7,3.9
CR09,136,,33,12.7
CR09,137,,25.6,6.9
CR09,138,,34.7,7.8
CR09,139,,35.4,10.4
CR09,14,,26.1,8.7
CR09,141,,34.6,14
CR09,142,,41.8,10.8
CR09,143,,34.2,9.8
CR09,144,,35.4,11
CR09,145,,29.3,13.3
CR09,146,,41.2,10.2
CR09,147,,43.4,7.1
CR09,148,,39,5.1
CR09,148,A,27.2,2.4
CR09,149,,37.6,12.1
CR09,150,,31.4,8.7
CR09,151,,37.2,11.4
CR09,152,,31.4,10.6
CR09,152,A,38.2,13.5
CR09,153,,27.1,8.2
CR09,154,,49.4,6.4
CR09,154,A,32.1,4.6
CR09,155,,35.6,3.6
CR09,155,A,31.2,3.5
CR09,156,,41.4,8
CR09,156,A,25.6,5.6
CR09,157,,35.1,4.6
CR09,158,,49.1,18.7
CR09,159,,33.2,3.2
CR09,160,,45.1,15.3
CR09,161,,42.2,3.4
CR09,162,,121.5,22.5
CR09,163,,36.4,12.1
CR09,164,,27.6,10.4
CR09,165,,38.2,4.7
CR09,166,,26.1,10.9
CR09,167,,34.1,12.3
CR09,168,,36,7.1
CR09,169,,27.4,3.4
CR09,170,,30.3,3.7
CR09,171,,31.1,10.3
CR09,172,,27.4,4
CR09,173,,28.5,10.3
CR09,173,A,25.2,7.6
CR09,174,,36.5,6.3
CR09,175,,25.3,4.9
CR09,176,,53.1,4.2
CR09,177,,38.2,11
CR09,178,,46.2,11.9
CR09,179,,25.4,7.1
CR09,180,,29,5.4
CR09,181,,30,5.1
CR09,182,,45.3,13.4
CR09,183,,32.6,14.6
CR09,184,,48.3,5.3
CR09,185,,46.2,10.6
CR09,186,,25.2,8.1
CR09,187,,41.1,12.3
CR09,188,,36.2,5.5
CR09,188,A,33,4.2
CR09,189,,37.6,8.6
CR09,190,,53.1,5.2
CR09,190,A,29.4,4.1
CR09,191,,42,10.3
CR09,192,,34.4,10.6
CR09,193,,40.8,12.5
CR09,194,,44.2,13.2
CR09,194,A,42.3,11.9
CR10,1,,296.5,24.2
CR10,2,,89.4,13.4
CR10,3,,37.4,11
CR10,4,,44.8,14.1
CR10,5,,25.4,
CR10,6,,25.1,8.2
CR10,7,,136,21.2
CR10,7,A,65.8,18.1
CR10,8,,49.7,16.9
CR10,9,,37.4,5.4
CR10,10,,58.3,16.1
CR10,11,,29.2,8.2
CR10,12,,52.5,18.6
CR10,13,,98.6,19.7
CR10,14,,112.9,22.1
CR10,15,,81.4,21.7
CR10,16,,90.3,24.5
CR10,17,,35.2,8.5
CR10,18,,29.6,10
CR10,19,,26.1,3.5
CR10,20,,40.2,11.2
CR10,21,,25.1,10.4
CR10,22,,66.2,18.1
CR10,22,A,71.1,17.9
CR10,23,,28.2,12.2
CR10,24,,33.2,13.2
CR10,25,,37,6.7
CR10,26,,78.9,18.2
CR10,27,,30.5,9.5
CR10,28,,37.1,5.2
CR10,29,,38.2,5.9
CR10,30,,32,9.9
CR10,31,,40.8,6.2
CR10,32,,91.7,16.9
CR10,33,,25.2,10
CR10,34,,45.9,11.1
CR10,35,,105.1,21.8
CR10,36,,29.4,11.3
CR10,37,,38,7.5
CR10,38,,36.4,8.5
CR10,39,,38.1,14.1
CR10,40,,29.8,13
CR10,41,,45.1,4.6
CR10,42,,126.2,25.8
CR10,43,,74.1,19.3
CR10,44,,31.2,10.5
CR10,45,,42.1,8.3
CR10,46,,42.3,7.1
CR10,46,A,38.2,6.5
CR10,46,B,37.1,4.9
CR10,47,,37.9,7
CR10,48,,45,3.8
CR10,48,A,43.5,3.5
CR10,49,,83.7,19.3
CR10,50,,211.9,27.7
CR10,51,,26.4,11.7
CR10,52,,32.1,9.3
CR10,53,,91.7,17.5
CR10,54,,30.9,9.6
CR10,55,,37.4,6.7
CR10,56,,33.1,7.8
CR10,57,,40.2,13.1
CR10,58,,27.2,9.3
CR10,59,,55.8,15
CR10,60,,203.9,25.2
CR10,61,,63.6,14.8
CR10,62,,48.7,11.2
CR10,63,,43.2,14.5
CR10,64,,62.5,13.8
CR10,65,,123.7,16.7
CR10,66,,27.3,9.8
CR10,67,,99.9,15.2
CR10,68,,86.8,13
CR10,69,,39.2,12.1
CR10,70,,28.8,11.4
CR10,71,,58.1,14.3
CR10,72,,47.2,13.5
CR10,73,,31.4,3.8
CR10,74,,27.6,5
CR10,75,,27.4,3.5
CR10,75,A,32,12.1
CR10,75,B,30,2
CR10,75,C,27,3
CR10,76,,34.5,9.5
CR10,77,,66.3,12.8
CR10,77,A,62.2,11.9
CR10,77,B,50,10
CR10,78,,32.6,9.8
CR10,79,,49.2,14.5
CR10,80,,36.5,11.9
CR10,81,,25.6,9.8
CR10,82,,128.7,17.4
CR10,83,,26.4,8.1
CR10,84,,36.3,13.3
CR10,85,,49.2,10.7
CR10,86,,80,12.5
CR10,87,,25.3,6
CR10,88,,95.8,19.8
CR10,89,,63.1,13.9
CR10,90,,26.2,5.7
CR10,91,,109.8,16.4
CR10,92,,253.9,28.9
CR10,93,,48.1,2
CR10,93,A,47.9,2.8
CR10,93,B,25.2,6.5
CR10,94,,47.9,5
CR10,95,,66.7,9.8
CR10,96,,220.7,25.5
CR10,97,,29.1,8.8
CR10,98,,32.2,6.8
CR10,99,,38.6,8.9
CR10,100,,43.4,10.1
CR10,101,,60.3,6.5
CR10,102,,54.5,5.8
CR10,103,,39.3,5
CR10,103,A,32.1,3.6
CR10,104,,26.4,7.4
CR10,105,,40.2,7.9
CR10,106,,93.5,18.3
CR10,107,,160.1,22.5
CR10,108,,87.4,18.9
CR10,109,,28.1,6.7
CR10,110,,26.3,5
CR10,111,,30.1,3.3
CR10,112,,30.6,8.7
CR10,113,,30.1,5.9
CR10,114,,32.4,10.3
CR10,115,,47.5,12.5
CR10,116,,179.7,30.9
CR10,117,,108.1,15.8
CR10,118,,38.3,12.4
CR10,118,A,28.1,11.2
CR10,119,,35.6,5.1
CR10,120,,27.4,5.9
CR10,121,,37.1,10.5
CR10,122,,60.5,7.9
CR10,123,,25.4,9.8
CR10,124,,67.1,16.6
CR10,125,,29.3,9.6
CR10,126,,61.2,12.2
CR10,127,,58.5,12.3
CR10,128,,28.1,7.4
CR10,129,,27.2,8.1
CR10,130,,79.7,19
CR10,131,,38.1,5.4
CR10,131,A,29.2,10.7
CR10,132,,27.1,5.3
CR10,133,,41.4,11.9
CR10,134,,28.6,8.7
CR10,135,,108.7,15.7
CR10,136,,210.9,24.5
CR10,137,,102.3,18.9
CR10,138,,45.6,8.5
CR10,138,A,28.1,5.2
CR10,139,,27.4,12.2
CR10,139,A,26.1,11.1
CR10,140,,29.1,2
CR10,141,,44.6,14.5
CR10,142,,28.2,3.8
CR10,143,,50.1,5.3
CR10,144,,32,1.9
CR10,145,,26.2,11
CR11,1,,44.1,8.5
CR11,2,,29.3,7.1
CR11,3,,36,8.9
CR11,4,,193.4,28.3
CR11,5,,44.1,7.1
CR11,6,,42.3,12.6
CR11,7,,35.2,11.4
CR11,8,,55.5,12.1
CR11,9,,36.2,12
CR11,10,,28.2,6.9
CR11,11,,34.5,14.8
CR11,12,,51.4,11.7
CR11,13,,26.6,6.3
CR11,14,,25,6.2
CR11,15,,69.7,13.1
CR11,16,,42.3,7.9
CR11,17,,37.4,9.1
CR11,18,,47.2,13.9
CR11,19,,35.1,13.5
CR11,20,,46.3,15
CR11,21,,180.3,24.6
CR11,22,,31.2,9.2
CR11,23,,28,8.4
CR11,24,,80.3,19.5
CR11,25,,37,13.1
CR11,26,,29.4,11.9
CR11,27,,25.3,6.6
CR11,28,,33.5,10.4
CR11,29,,28.1,7.1
CR11,30,,32.2,7.3
CR11,31,,50.7,14.7
CR11,32,,33.1,13.2
CR11,33,,95.4,19.8
CR11,34,,48.1,13
CR11,35,,45.4,13.7
CR11,36,,45.3,12
CR11,37,,33.6,8.5
CR11,38,,28.1,9.1
CR11,39,,29.2,10.9
CR11,40,,31.3,6.3
CR11,41,,54,13.8
CR11,42,,43.4,12.7
CR11,43,,39.2,10.6
CR11,44,,39.3,11.3
CR11,45,,54.7,11.2
CR11,46,,25.3,3.9
CR11,47,,42.1,10.2
CR11,48,,40,12.4
CR11,49,,33.1,6.6
CR11,50,,41.2,12.7
CR11,51,,51.6,12.2
CR11,52,,32.5,12
CR11,53,,43.4,12.2
CR11,54,,35.3,12.1
CR11,55,,71.4,16.6
CR11,56,,55.2,11.9
CR11,57,,49.3,13.5
CR11,58,,48.4,10.8
CR11,59,,70,14
CR11,60,,45.9,13.7
CR11,61,,49.1,13.2
CR11,62,,32.3,5.1
CR11,63,,25.1,5.9
CR11,64,,46.6,12.6
CR11,65,,27,6
CR11,66,,74.1,6.9
CR11,67,,81.2,11.8
CR11,68,,28.2,8.6
CR11,69,,30,9.8
CR11,70,,33.2,8.9
CR11,71,,58.1,12.5
CR11,72,,59.2,12.3
CR11,73,,27.1,9
CR11,74,,27.6,7.7
CR11,75,,45.4,11.8
CR11,76,,42.1,11.8
CR11,77,,43.6,11.2
CR11,78,,27.6,2.9
CR11,79,,28.2,6.8
CR11,80,,68.2,15.3
CR11,81,,39.6,11.7
CR11,82,,49.6,10.4
CR11,83,,37.4,11.6
CR11,84,,47.4,12.2
CR11,85,,27.1,9.5
CR11,86,,27,9.9
CR11,87,,37.4,7.3
CR11,88,,59.2,17.6
CR11,89,,60.1,13.5
CR11,90,,25.3,11.5
CR11,91,,50.4,16.8
CR11,91,A,45.9,11.6
CR11,92,,110.3,20.4
CR11,93,,26.4,10.2
CR11,94,,26.5,8.5
CR11,95,,38.2,6.9
CR11,95,A,27.4,6.1
CR11,96,,40.5,5.8
CR11,97,,28,3.5
CR11,98,,39.2,8.1
CR11,99,,44.1,12.8
CR11,100,,117.2,1.6
CR11,100,A,80.1,19
CR11,101,,32,13.5
CR11,102,,68.2,17.3
CR11,103,,29.1,9.9
CR11,104,,27.3,7.1
CR11,105,,31,9.5
CR11,106,,30,8.7
CR11,107,,36.2,10
CR11,108,,32.4,9.8
CR11,109,,92.7,18.4
CR11,110,,70.4,16.3
CR11,111,,29.6,11.2
CR11,112,,48.1,14.7
CR11,113,,47,13.7
CR11,114,,38.1,12.1
CR11,115,,28.3,8.3
CR11,116,,31.6,12.8
CR11,117,,26.2,5
CR11,118,,54,15.4
CR11,119,,47.8,11.8
CR11,120,,27.2,6.5
CR11,121,,54.1,12.5
CR11,122,,32,9.3
CR11,123,,60,13
CR11,124,,51.4,13.1
CR11,125,,26.4,7.2
CR11,126,,65.3,13.8
CR11,127,,66.2,17.5
CR11,128,,43.4,14.9
CR11,129,,39.6,13.4
CR11,130,,27.3,8.6
CR11,131,,46.1,15.3
CR11,132,,42.2,14.8
CR11,133,,28.6,4.9
CR11,134,,29.1,10.2
CR11,135,,30.1,6.3
CR11,136,,51.2,13.8
CR11,137,,59.4,5.2
CR11,138,,66.2,14.9
CR11,139,,41.4,11.5
CR11,14,,33.1,10.3
CR11,141,,52.3,11
CR11,142,,33,11.8
CR11,143,,45.1,10.5
CR11,144,,37.3,12.4
CR11,145,,55.2,15.2
CR11,146,,47.5,14.4
CR11,147,,35.1,12.7
CR11,148,,103.9,19.9
CR11,149,,32.1,10.6
CR11,150,,49.2,17.8
CR11,151,,57,14
CR11,152,,45.2,53
CR11,153,,52,14.3
CR11,154,,39.1,11.8
CR11,155,,62.4,14.6
CR11,156,,49.3,11.4
CR11,157,,67.2,11.7
CR11,158,,51.4,14.9
CR11,159,,64.2,15.1
CR11,160,,26.4,7.2
CR11,161,,64.2,17.8
CR11,162,,88.1,18
CR11,163,,31.5,8.4
CR11,164,,42.6,13.5
CR11,165,,31.2,10.1
CR11,166,,35.4,11.3
CR11,167,,34,6.5
CR11,168,,199.6,21.4
CR11,169,,34,10.8
CR11,170,,37,8.1
CR11,171,,110.8,20.4
CR11,172,,45.2,13.2
CR11,173,,49,13.8
CR11,174,,61.2,14
CR11,175,,51.3,11.3
CR11,176,,26.4,8.6
CR12,1,,29.2,10.5
CR12,2,,33.1,12.3
CR12,3,,90.5,19.8
CR12,4,,31.4,11.7
CR12,4,A,32.1,11.9
CR12,5,,27.5,10.5
CR12,6,,36.1,12.4
CR12,7,,46.5,13.7
CR12,8,,34.5,11.9
CR12,9,,29.1,10.5
CR12,10,,61.4,16.1
CR12,11,,40,8.7
CR12,12,,35,11.2
CR12,12,A,26.2,9.3
CR12,13,,27.3,8.9
CR12,14,,44.5,14
CR12,15,,97.2,19.3
CR12,16,,75,18.9
CR12,17,,29,6.7
CR12,18,,35.2,7.9
CR12,19,,65.3,13.8
CR12,20,,28.2,7.5
CR12,21,,64.6,15.1
CR12,22,,36.9,12.5
CR12,23,,32.1,11.9
CR12,24,,31.4,12
CR12,25,,33.1,13.1
CR12,26,,90.5,19.9
CR12,26,A,56.1,15.1
CR12,26,B,45.6,12.2
CR12,27,,30.5,12.4
CR12,28,,61,14
CR12,29,,42.5,13.7
CR12,30,,69.3,17.2
CR12,31,,120,20.5
CR12,32,,40.2,12
CR12,33,,46.1,13.3
CR12,34,,63,16.1
CR12,35,,31,9.9
CR12,36,,87.5,18.7
CR12,37,,32.1,8.4
CR12,38,,33.4,10.9
CR12,39,,31,9
CR12,40,,51.5,15.1
CR12,41,,36.1,12.3
CR12,42,,30.5,11.7
CR12,43,,64.5,17
CR12,44,,112,22.1
CR12,45,,26,10.7
CR12,46,,34.5,11.9
CR12,46,A,30.1,9.8
CR12,47,,41,13.1
CR12,48,,41.3,13.9
CR12,48,A,30.5,11.2
CR12,49,,46,13.1
CR12,50,,25.5,9.4
CR12,51,,65.1,17.6
CR12,52,,26.4,6.7
CR12,53,,60.3,15.1
CR12,54,,80.5,17.4
CR12,55,,81.3,17.9
CR12,56,,112.3,18
CR12,57,,119.1,19.9
CR12,58,,64.5,17.3
CR12,59,,76,18.9
CR12,59,A,55,16.4
CR12,60,,53.3,14
CR12,61,,42,12.9
CR12,62,,109.5,22.8
CR12,63,,43,12.1
CR12,64,,31,11.7
CR12,65,,108.3,20.3
CR12,66,,80.2,8.5
CR12,67,,40.2,10.2
CR12,68,,39,4.9
CR12,68,A,34.1,3.5
CR12,68,B,32.6,4.1
CR12,69,,45.2,3.9
CR12,69,A,35.1,3.1
CR12,69,B,33.2,6.4
CR12,70,,26.1,6.5
CR12,71,,29.2,5.7
CR12,72,,28.7,10.3
CR12,73,,40.2,14.1
CR12,74,,36.2,11.9
CR12,75,,30.7,11.5
CR12,75,A,29.2,9.8
CR12,76,,36,4.9
CR12,76,A,32.2,4.2
CR12,77,,103.1,6.4
CR12,78,,34.3,5.1
CR12,78,A,29,4.7
CR12,79,,29.2,9.1
CR13,1,,36.2,4.6
CR13,2,,26.1,4.6
CR13,3,,37,4.5
CR13,3,A,26.2,4.8
CR13,4,,27.1,3.5
CR13,5,,41.2,5.3
CR13,5,A,33.1,3.2
CR13,5,B,27.2,2.7
CR13,6,,37.1,3.7
CR13,7,,25.3,4.6
CR13,8,,26.4,3.8
CR13,9,,25.6,2.5
CR13,10,,33.2,3.2
CR13,11,,80.3,13.2
CR13,12,,41.2,4.5
CR13,13,,70.3,4
CR13,14,,32.4,2.8
CR13,15,,47.1,4.1
CR13,16,,33.2,3
CR13,17,,33,3.1
CR13,17,A,28.1,2.8
CR13,18,,47.2,10.1
CR13,19,,48.1,4.8
CR13,20,,50.2,4.5
CR13,21,,35.3,4.8
CR13,22,,105,14.4
CR13,23,,27.1,3.1
CR13,24,,30.3,2
CR13,25,,63.2,12.3
CR13,26,,29.1,4.1
CR13,27,,80.1,11.4
CR13,28,,35.1,5.3
CR13,29,,40.3,5.1
CR13,29,A,41.1,5
CR13,29,B,32.5,6
CR13,30,,37.1,3.1
CR13,31,,44.2,3.8
CR13,32,,35.1,3.5
CR13,33,,31.6,5.1
CR13,34,,35.1,3.2
CR13,35,,35.2,3.3
CR13,36,,36.1,4.5
CR13,37,,51.3,4
CR13,38,,33.5,3.8
CR13,39,,53.2,9.5
CR13,40,,36.2,5.2
CR13,40,A,28.1,2.7
CR13,41,,25.5,6.2
CR13,42,,50.3,28.7
CR13,43,,41.3,4.7
CR13,44,,38.1,3.1
CR13,44,A,28,2
CR13,44,B,29.2,3.4
CR13,45,,32.1,3.5
CR13,46,,36.3,5.7
CR13,46,A,33.1,5.1
CR13,47,,97.2,15.9
CR13,48,,27.2,10.5
CR13,49,,75.3,12.8
CR13,50,,31,7.4
CR13,51,,34.3,9.8
CR13,51,A,27.2,7.9
CR13,52,,39.3,12.2
CR13,53,,61.3,10.3
CR13,54,,44.1,13.3
CR13,55,,62.3,9.2
CR13,56,,34.3,4.3
CR13,57,,61.1,12.9
CR13,58,,66.2,4.5
CR13,59,,39,3.5
CR13,60,,32.2,4.6
CR13,61,,77.1,15.6
CR13,62,,44.2,4.4
CR13,62,A,29.1,2
CR13,62,B,30,1.8
CR13,63,,35.1,4.1
CR13,63,A,34.2,4.1
CR13,64,,84.2,17.4
CR13,65,,27.3,3.8
CR13,66,,26.2,3
CR13,67,,27.1,3.5
CR13,68,,25.2,4.2
CR13,69,,28.5,5.3
CR13,70,,34.7,3.7
CR13,71,,26.4,4.9
CR13,72,,35.1,2.8
CR13,73,,25.3,4.2
CR13,74,,113.2,18.5
CR13,75,,28.1,4.4
CR13,75,A,27.4,3.8
CR13,76,,31.3,4.5
CR13,76,A,26.7,4.1
CR13,77,,37.3,5.1
CR13,78,,35.5,3.5
CR13,78,A,26.9,3.9
CR13,79,,48.2,5
CR13,79,A,36,3.2
CR13,79,B,30.1,4
CR13,80,,71.2,7.8
CR13,81,,57.1,5.8
CR13,81,A,52.2,5.1
CR13,82,,59.3,6.5
CR13,82,A,37.7,3.2
CR13,83,,38.5,3.8
CR13,83,A,36.1,2.9
CR13,84,,37.5,4.8
CR13,84,A,26.2,2.9
CR14,1,,73.5,19.8
CR14,2,,37.6,7.5
CR14,3,,118.5,24.3
CR14,4,,30.7,12.9
CR14,5,,158.6,23.4
CR14,6,,72.3,10.8
CR14,7,,50.5,17.1
CR14,8,,110.7,20.9
CR14,9,,103.9,21.4
CR14,10,,30,9.8
CR14,11,,33.9,10.5
CR14,12,,84.5,19.8
CR14,13,,78.2,17.9
CR14,14,,88.2,18.2
CR14,15,,84.4,21.7
CR14,16,,27.7,9.3
CR14,17,,50.1,13.9
CR14,18,,26.1,7.8
CR14,19,,54.6,15.3
CR14,20,,25.7,5.8
CR14,21,,32.1,8.7
CR14,22,,124.7,23.9
CR14,23,,34.5,13.7
CR14,24,,72.5,14.3
CR14,25,,56.2,17.5
CR14,26,,27.6,7.4
CR14,27,,27.2,11.2
CR14,28,,46.2,12.8
CR14,29,,103,20.1
CR14,30,,79.1,17.2
CR14,31,,32.7,14.4
CR14,32,,34.3,7.3
CR14,33,,26.7,6.7
CR14,34,,41.2,8.4
CR14,35,,28.6,7.6
CR14,36,,35.5,11.1
CR14,37,A,56.1,10.5
CR14,37,B,28.3,7.2
CR14,38,,36.5,9.9
CR14,39,,52.5,8.7
CR14,40,A,32.7,7.8
CR14,40,B,30.3,7.1
CR14,41,,25.7,6.5
CR14,42,,25.5,5.3
CR14,43,,40.2,6.7
CR14,44,,41.4,5.3
CR14,45,,31.5,10.5
CR14,46,,25.2,5.2
CR14,47,,33.5,11.4
CR14,48,,31.6,11.1
CR14,49,,73.1,19.3
CR14,50,,94.5,22.8
CR14,51,,220.5,30.1
CR14,52,,32.3,9.2
CR14,53,,57.5,16.2
CR14,54,,26.7,10.7
CR14,55,,46.9,16.5
CR14,56,,26.4,9.1
CR14,57,,31.7,11.3
CR14,58,,29.5,11.4
CR14,59,,74.8,15.7
CR14,60,,30.1,8.1
CR14,61,,56.2,13.9
CR14,62,,83.5,19.6
CR14,63,,52.8,14.2
CR14,64,,29.8,10.7
CR14,65,,33.5,8.9
CR14,66,,131.6,23.8
CR14,67,,44.4,12.9
CR14,68,,36.1,12.5
CR14,69,,56.3,15.4
CR14,70,,109.4,24.5
CR14,71,,26.2,7.8
CR14,72,,28.1,11.1
CR14,73,,70.9,17.9
CR14,74,,29.2,12.2
CR14,75,,26.7,8.5
CR14,76,,80.2,21.3
CR14,77,,25.6,11.1
CR14,78,,27.2,11.5
CR14,79,,39.3,12.8
CR14,80,,132.9,29.3
CR14,81,,106.3,25.1
CR14,82,,69.1,20.5
CR14,83,,98.5,22.7
CR14,84,,51.8,17.2
CR14,85,,43.9,12.5
CR14,86,,28.5,5.1
CR14,87,,77.5,16.4
CR14,88,,69.5,15.9
CR14,89,,25.8,8.2
CR14,90,,32.1,10.8
CR14,91,,33.4,11.7
CR14,92,,66.5,15.4
CR14,93,,103.8,7.9
CR14,94,,63.7,17.4
CR14,95,,28.1,8.3
CR14,96,,41.3,14.1
CR14,97,,41.9,11.8
CR14,98,,33.2,10.2
CR14,99,,116.5,28.8
CR14,100,,35,16
CR14,101,,67.7,20.8
CR14,102,,42.2,12.9
CR14,103,,61.2,18.2
CR14,104,,47.3,12.9
CR14,105,,103.5,25.4
CR14,106,,107.8,13.2
CR14,107,,77.6,20.4
CR14,108,,90.1,24.1
CR14,109,,61.5,19.4
CR14,110,,75.7,19.7
CR14,111,,51.4,14.1
CR14,112,,44.7,13.2
CR14,113,,107.6,23.4
CR14,114,,68.3,15.9
CR14,115,,28.7,9.5
CR14,116,,116.5,18.8
CR14,117,,59.3,17.2
CR14,118,,37.1,13.1
CR14,119,,37.7,14.4
CR14,120,,29.6,13.3
CR14,121,,25.4,9.5
CR14,122,,70.4,19.8
CR14,123,,98.7,25.1
CR14,124,,28.1,8.7
CR14,125,,80.5,21.1
CR14,126,,26.3,11.3
CR14,127,,45.2,15.5
CR14,128,,42.1,14.1
CR14,129,,30.7,4.7
CR14,130,,57.3,15.4
CR14,131,,30.3,12.2
CR14,132,,29.2,10
CR14,133,,113.5,24.1
CR14,134,,53.1,14.6
CR14,135,,25.9,10.9
CR14,136,,75.5,18.3
CR14,137,,131.7,27.1
CR14,138,,50.9,17.4
CR14,139,,25.3,10.5
CR14,140,,33.9,7.4
CR14,141,,30.8,2.1
CR14,142,,52.9,2.2
CR14,143,,60.4,16.9
CR14,144,,33.1,11.7
CR14,145,,25.8,2.7
CR14,146,,37.1,10.3
CR14,147,,39.6,11.9
CR14,148,,98.7,19.7
CR14,149,,199.8,30.9
CR14,150,,28,7.2
CR14,151,,46.1,14.5
CR14,152,,27.2,12.3
CR14,153,,92.4,27.9
CR14,154,,60.2,13.1
CR14,155,,29.6,6.3
CR14,156,,75.5,22.9
CR14,157,,107.1,24.4
CR14,158,,38.4,10.8
CR14,159,,58.3,5.5
CR14,160,,76.5,19.3
CR14,161,,25.5,10.4
CR14,162,,109.8,20.5
CR14,163,,94.4,10.4
CR14,164,,70.2,18.3
CR14,165,,38,13.2
CR14,166,,36.1,12.4
CR14,167,,25.2,9.1
CR14,168,,36.9,12.4
CR14,169,,41.1,13.5
CR14,170,,86.3,19.1
CR14,171,,104.5,20.7
CR14,172,,103,20
CR14,173,,61.5,18.4
CR14,174,,120.3,29.2
CR14,175,,47.6,14.9
CR14,176,,54.2,16.6
CR14,177,,42.5,6.7
CR14,178,,52.1,15.9
CR14,179,,121.9,29.1
CR14,180,,39.2,10.8
CR14,181,,41.3,12.9
CR14,182,,53.6,13.4
CR14,183,,45.3,6.7
CR14,184,,78.6,20.9
CR14,185,,99.4,23.4
CR14,186,,31.2,7.2
CR14,187,,25.4,6.9
CR14,188,,75.7,16.6
CR14,189,,26.8,9.8
CR14,190,,29.7,10.3
CR14,191,,30.2,11.5
CR14,192,,80.7,21.1
CR14,193,,83.2,22.4
CR14,194,,29.1,9.8
CR14,195,,39.6,7.5
CR14,196,,57.5,14.1
CR14,197,,30.6,12.7
CR14,198,,48.8,16.9
CR14,199,,45.5,14.1
CR14,200,,29.4,8.4
CR16,1,,33.5,2.9
CR16,2,,44.3,3.4
CR16,3,,42.7,13.1
CR16,4,,28.5,3.1
CR16,5,,28.4,4.9
CR16,6,,46.1,13.7
CR16,7,,40.7,12.5
CR16,8,,42.1,3.8
CR16,9,,51.3,7.5
CR16,10,,34.8,3
CR16,11,,43.6,8.7
CR16,12,,39,6.5
CR16,13,,143.7,18.2
CR16,14,,55.6,7.8
CR16,15,,48.1,7.4
CR16,16,,31.2,13.5
CR16,17,,54.1,8.9
CR16,18,,48.3,2.2
CR16,19,,48.4,11.4
CR16,20,,40.5,3.1
CR16,21,,29.4,6.2
CR16,22,,25.2,2.5
CR16,23,,33.6,13.2
CR16,24,,53.5,10.4
CR16,25,,25.8,5.9
CR16,26,,26.2,8.7
CR16,27,,41.3,7.3
CR16,28,,27.3,6.7
CR16,29,,27.5,8.9
CR16,30,,48.6,9.9
CR16,31,,27.7,7
CR16,32,,49.3,14.2
CR16,33,,31.3,4.8
CR16,34,,25.5,5.3
CR16,35,,32.3,5.9
CR16,36,,33.1,4.8
CR16,37,,48,13.5
CR16,38,,41.2,12.9
CR16,39,,43.1,4.7
CR16,40,,47.8,3.9
CR16,41,,37.2,4
CR16,42,,41.7,12.7
CR16,43,,50.1,14.4
CR16,44,,25.5,3.6
CR16,45,,35.7,3.2
CR16,46,,43.2,7
CR16,47,A,31.3,3.4
CR16,47,B,30.7,3.1
CR16,48,,32.3,10.2
CR16,49,,42.7,12.1
CR16,50,,38.1,6.9
CR16,51,,44.7,8.5
CR16,52,,26.7,4.8
CR16,53,,26.1,4.2
CR16,54,,30.5,10.5
CR16,55,,31.6,9.6
CR16,56,,38.3,5.4
CR16,57,,31.4,6.4
CR16,58,,34.3,3.9
CR16,59,,51.5,3.5
CR16,60,,49.4,12.9
CR16,61,,33.1,5.8
CR16,62,,51.4,7.5
CR16,63,,27.7,4.2
CR16,64,,29.9,7.3
CR16,65,,42.5,3.9
CR16,66,,41.3,2.5
CR16,67,,25.9,4.7
CR16,68,,29.6,4.9
CR16,69,,45.1,4.6
CR16,70,A,34.7,2.7
CR16,70,B,31.4,2.5
CR16,71,,180,19.7
CR16,72,,26.5,6.5
CR16,73,,27.6,3.6
CR16,74,,32.1,3.7
CR16,75,,39.2,4.5
CR16,76,,32.1,5
CR16,77,,45.1,8.9
CR16,78,,52.2,14.2
CR16,79,,27.1,10.3
CR16,80,,32.4,8.5
CR16,81,,33.1,11.6
CR16,82,,27.2,5.7
CR16,83,,33.1,6.1
CR16,84,,37.4,6.9
CR16,85,,29.9,8.3
CR16,86,,37.2,3.1
CR16,87,,36,6.7
CR16,88,,27.8,3
CR16,89,,43.2,3.8
CR16,90,A,47.6,13.3
CR16,90,B,43.4,12.5
CR16,91,,37.3,11.9
CR16,92,,26.1,2.8
CR16,93,,25.7,7.1
CR16,94,,43,13.6
CR16,95,,31.7,2.5
CR16,96,,53.1,11.3
CR16,97,,29.6,6.2
CR16,98,,36.3,9.4
CR16,99,,35.4,8.5
CR16,100,,39.9,3.9
CR16,101,,41.2,4.5
CR16,102,,42.3,12.7
CR16,103,,38.1,13.1
CR16,104,,44.4,13.7
CR16,105,,27.2,3.4
CR16,106,,36.1,5.8
CR16,107,,48.5,9.3
CR16,108,A,33.6,7.8
CR16,108,B,27.4,6.2
CR16,109,,33.3,12.7
CR16,110,,43.1,14.1
CR16,111,,33.4,3.3
CR16,112,,44.3,5.4
CR16,113,,28.1,9.8
CR16,114,A,28.4,3
CR16,114,B,27.5,2.5
CR16,115,,38.1,10.3
CR16,116,,29.4,5.1
CR16,117,,38.5,7.4
CR16,118,,38.3,2.9
CR16,119,,25.1,6.7
CR16,120,,43.2,3.6
CR17,1,,91.2,17.8
CR17,2,,50.1,18.2
CR17,3,,50.5,18.9
CR17,4,,30.5,8.8
CR17,5,,51.7,19.6
CR17,6,,27.1,7.5
CR17,7,,59.3,18.2
CR17,8,,52.7,14.9
CR17,9,,25.5,6.7
CR17,10,A,63.5,17.4
CR17,10,B,48.1,15.2
CR17,11,,54.3,17.8
CR17,12,,54.7,4.3
CR17,13,,53.2,17.5
CR17,14,,32.1,11.9
CR17,15,,42.5,13.4
CR17,16,,47.4,16.7
CR17,17,A,48.5,17.3
CR17,17,B,40.2,15.1
CR17,18,,31.7,10.5
CR17,19,A,47.2,14.2
CR17,19,B,36.1,12.1
CR17,20,,50.2,17.8
CR17,21,,47.5,14.3
CR17,22,,66.3,15.4
CR17,23,,27.5,5.9
CR17,24,,54.2,16.4
CR17,25,,42.7,11.3
CR17,26,,47.8,14.7
CR17,27,,48.5,15.1
CR17,28,,28.8,14.3
CR17,29,,68.1,13.7
CR17,30,,50.3,17.9
CR17,31,,45.6,10.7
CR17,32,,38.1,13.1
CR17,33,,29.5,4.5
CR17,34,,39.9,10.7
CR17,35,,32.1,5.1
CR17,36,,26.5,5.2
CR17,37,,29.7,6.3
CR17,38,,31.1,3.9
CR17,39,,65.8,15.3
CR17,40,,25.2,3.5
CR17,41,,53.7,17
CR17,42,,70.1,13.8
CR17,43,,72.5,17.8
CR17,44,,38,4.8
CR17,45,,113.7,23.9
CR17,46,,45.5,12.3
CR17,47,,59.4,19.4
CR17,48,,35,12.9
CR17,49,,116.2,24.6
CR17,50,,25.4,8.3
CR17,51,,46.5,11.2
CR17,52,,33.7,7.1
CR17,53,,34.4,10.8
CR17,54,,33.4,11.5
CR17,55,,26.2,8.7
CR17,56,,45,11.2
CR17,57,,29,6.7
CR17,58,,35,3.9
CR17,59,,58.2,15.9
CR17,60,,43.1,4.1
CR17,61,,30.1,6.1
CR17,62,,67,19.8
CR17,63,,39,14.4
CR17,64,,71.6,14.7
CR17,65,,30.8,6.1
CR17,66,,25.5,7.2
CR17,67,,116,24.1
CR17,68,,50.7,11.9
CR17,69,,26.5,6.4
CR17,70,A,56.6,11.5
CR17,70,B,41.2,10.4
CR17,71,,38.6,10.8
CR17,72,,43.2,16.3
CR17,73,,51.2,16.8
CR17,74,,84.2,20.4
CR17,75,,101.1,10.4
CR17,76,,62,17.2
CR17,77,,49,17.2
CR17,78,,36.8,7.1
CR17,79,,49.2,13.6
CR17,80,,30.5,12.3
CR17,81,,51.6,16.9
CR17,82,,31.5,12.4
CR17,83,,56.5,18.4
CR17,84,,50.5,16.2
CR17,85,,58.2,11.9
CR17,86,,33.4,9.8
CR17,87,,86,17.3
CR17,88,,41.3,6.9
CR17,89,,27,5.8
CR17,90,,31.5,5
CR17,91,,43.5,15.7
CR17,92,,53.5,18.2
CR17,93,,39.8,13
CR17,94,,25.9,8.2
CR17,95,,31.9,5.3
CR17,96,,44,14.5
CR17,97,,27.8,6.4
CR17,98,,49,6.7
CR17,99,,61.6,16.5
CR17,100,,45,8.7
CR17,101,,26.8,9.2
CR17,102,,49.4,16.2
CR17,103,,68,14.1
CR17,104,,100,19.4
CR17,105,,25.5,10.3
CR17,106,,25.8,9.5
CR17,107,,182,14.5
CR17,108,,31,7.1
CR17,109,,70.3,18
CR17,110,,29.8,12.9
CR17,111,,26,6.8
CR17,112,,25.5,6.4
CR17,113,,62,15.1
CR17,114,,25.5,4.2
CR17,115,,26.5,2.5
CR17,116,,45.5,12.8
CR17,117,,75,17.3
CR17,118,,40.5,14.7
CR17,119,,90.2,24.3
CR17,120,,46,12.2
CR17,121,,85.5,21.1
CR17,122,,26.1,8.1
CR17,123,,31.7,9.8
CR17,124,,70.8,22.3
CR17,125,,54.5,11.7
CR17,126,,29.9,8.7
CR17,127,,56,17.3
CR17,128,,47,18
CR17,129,,50,15.9
CR17,130,,63,15.9
CR17,131,,38.6,11.9
CR17,132,,42.5,13.5
CR17,133,,88,13.6
CR17,134,,42.8,12.6
CR17,135,,34.5,13.8
CR17,136,,27.8,9.4
CR17,137,,69,19.3
CR17,138,,30.4,5.4
CR17,139,,64.5,14.8
CR17,140,,81.5,15.9
CR17,141,,31.4,6.1
CR17,142,,55.5,16.5
CR17,143,,29,10.9
CR17,144,,26.5,4.5
CR17,145,,101.5,22.1
CR17,146,,72.4,14.1
CR18,1,,105.3,24.8
CR18,2,,44.5,13.7
CR18,3,,53.2,15
CR18,4,,26.1,8.9
CR18,5,,35.6,9.5
CR18,6,,33.1,5.1
CR18,7,,45.3,5.8
CR18,8,,35.7,6
CR18,9,,28.5,6.4
CR18,10,,29.3,8.7
CR18,11,,29.5,5.3
CR18,12,,28.2,2.2
CR18,13,,37.5,6.1
CR18,14,,27.2,5.3
CR18,15,,33.3,3.9
CR18,16,,25.6,3
CR18,17,,26.5,8.1
CR18,18,,26.9,5.6
CR18,19,,26.6,4.8
CR18,20,,29.5,3.9
CR18,21,,26.6,4.2
CR18,22,,28.5,19.8
CR18,23,,95.8,29.1
CR18,24,,47.5,4.2
CR18,25,,30.5,3.8
CR18,26,A,30.2,3.4
CR18,26,B,29.8,3
CR18,27,,36.5,3.2
CR18,28,,30.2,3.8
CR18,29,,29.7,7.4
CR18,30,,26.1,4.5
CR18,31,,31.3,7.8
CR18,32,,25.8,2.9
CR18,33,,28.6,9.5
CR18,34,,42.1,12.5
CR18,35,,31.8,10.1
CR18,36,,38.1,11.6
CR18,37,,89.5,24.8
CR18,38,,54.3,15.2
CR18,39,,76.2,18.7
CR18,40,,159.5,29.5
CR18,41,,43.2,12.1
CR18,42,,39.1,10.2
CR18,43,,70.4,15.8
CR18,44,,29.1,6.1
CR18,45,,54.5,16.3
CR18,46,,81.2,18.5
CR18,47,,29.8,10.7
CR18,48,,35.6,11.2
CR18,49,,32.3,10
CR18,50,,25.1,8.4
CR18,51,,39.3,11.2
CR18,52,,86.1,19.9
CR18,53,,44.9,16.5
CR18,54,,72.1,18.3
CR18,55,,37.8,11.6
CR18,56,,38.3,11.1
CR18,57,,38.4,10.5
CR18,58,,37.3,12.2
CR18,59,,33.5,10.8
CR18,60,,33.7,12.6
CR18,61,,32.1,10.8
CR18,62,A,34.2,11.1
CR18,62,B,28.7,10.3
CR18,63,,37.9,11.4
CR18,64,,29.2,9.8
CR18,65,,27.1,1.9
CR18,66,,31.2,2.1
CR18,67,,29.4,8.7
CR18,68,,67.5,15.4
CR18,69,,69.2,16.4
CR18,70,,44.1,12.5
CR18,71,,110.9,27.1
CR18,72,,163.2,26.9
CR18,73,,67.7,19
CR18,74,,47.1,18.7
CR18,75,,35.5,16.2
CR18,76,,66.2,19.8
CR18,77,,25.3,10.5
CR18,78,,30.8,12.3
CR18,79,,25.1,9.9
CR18,80,,27.2,3.7
CR18,81,,26.3,11
CR18,82,,29.1,12.1
CR18,83,,27.8,11.3
CR18,84,,27.3,4.5
CR18,85,,30.1,5.1
CR18,86,,25.4,3.9
CR18,87,,29.3,2.7
CR18,88,,30.5,3.4
CR18,89,,30.3,3.5
CR18,90,,29.1,3
CR18,91,,37.5,4.2
CR18,92,,25.8,3.8
CR18,93,,31.7,10.2
CR18,94,,35.3,10.9
CR18,95,,26.1,9.7
CR18,96,,33.8,10.5
CR18,97,,98.7,26.8
CR18,98,,82.3,19.2
CR18,99,,30.4,3.8
CR18,100,,31.7,4.1
CR18,101,,105.1,12.5
CR18,102,,30,9.2
CR18,103,,31.2,10.6
CR18,104,,99.4,19.9
CR18,105,,63.5,14.2
CR18,106,,34.2,2.9
CR18,107,,29.1,3.1
CR18,108,,39.5,13.5
CR18,109,,101.3,19.3
CR18,110,,38.5,5.6
CR18,111,,31.4,13.2
CR18,112,,58.8,18.7
CR18,113,,139.7,26.9
CR18,114,,34.9,2.6
CR18,115,,28.7,2.9
CR18,116,,101.8,20.5
CR18,117,,43.1,9.6
CR18,118,,27.8,1.9
CR18,119,,31.1,2.7
CR18,120,,29.8,2.5
CR18,121,,28.2,3.1
CR18,122,,32.8,2.7
CR18,123,,80.3,19.9
CR18,124,,260.9,30.2
CR18,125,,76.4,18.9
CR18,126,,42.5,14
CR18,127,,63.9,16.9
CR18,128,,35.5,11.2
CR18,129,,30.1,10.1
CR18,130,,27.2,9.6
CR18,131,,69.5,13.2
CR18,132,,27.2,2.5
CR18,133,,25.7,2.3
CR18,134,,25.2,2.7
CR18,135,,35.5,3.5
CR18,136,,62.3,14.5
CR18,137,,54.1,15.2
CR18,138,,30.6,5.9
CR18,139,,28.2,4.5
CR18,140,,30.1,3.8
CR18,141,,27.7,3.3
CR18,142,,29.1,2.1
CR18,143,,27.3,2.9
OG28,1,,36.2,14.8
OG28,2,,31.5,15
OG28,3,,34.4,10.6
OG28,4,,35,9.5
OG28,5,,55.2,6.9
OG28,6,,25.1,9.4
OG28,7,,58.5,16.9
OG28,8,,55.5,17.4
OG28,9,,35.2,15.1
OG28,10,,39.3,15.3
OG28,11,,34.5,10.6
OG28,12,,33.7,6.8
OG28,13,,30.4,9.4
OG28,14,,91.2,18.7
OG28,15,,29.5,7.1
OG28,16,,300.3,38.2
OG28,17,,51.2,12.2
OG28,18,,58.9,17.5
OG28,19,,29.2,10.5
OG28,20,,27.3,6.3
OG28,21,,29.5,7.9
OG28,22,,37.4,12.1
OG28,23,,73.7,17.9
OG28,24,,31.2,12.3
OG28,25,,26.1,6
OG28,26,,240.3,32.7
OG28,27,,28.2,6.4
OG28,28,,37,12.2
OG28,29,,29.5,6.8
OG28,30,,30,10.5
OG28,31,,27.3,8.4
OG28,32,,28,9.1
OG28,33,,32.3,10.9
OG28,34,,29.2,10.9
OG28,35,,38.2,12.2
OG28,36,,88.5,20.3
OG28,37,,43,12.6
OG28,38,,70.2,22.8
OG28,39,,160.9,29.9
OG28,40,,47.3,10
OG28,41,,31.5,10.5
OG28,42,,45.2,13
OG28,43,,29.7,9.7
OG28,44,,66.5,19.5
OG28,45,,121.2,27.3
OG28,46,,35.5,10.9
OG28,47,,35.3,12.8
OG28,48,,44.2,14.8
OG28,49,,25.1,8.7
OG28,50,,30.3,10.3
OG28,51,,46,12.9
OG28,52,,39,14.6
OG28,53,,30.2,8.8
OG28,54,,29.5,9.9
OG28,55,,76.3,16.8
OG28,56,,130.7,25.6
OG28,57,,26.2,11.1
OG28,58,,102.5,25.5
OG28,59,,34.1,6.8
OG28,60,,54.7,12.4
OG28,61,,31.3,7.1
OG28,62,,34.2,12.3
OG28,63,,29.5,13.8
OG28,64,,33.5,10.9
OG28,65,,41.1,15.3
OG28,66,,32.5,14.9
OG28,67,,46.3,19.8
OG28,68,,34.1,8.9
OG28,69,,119.3,22.4
OG28,70,,53.5,7.4
OG28,71,,32,9.4
OG28,72,,42.5,11.1
OG28,73,,49.7,25.8
OG28,74,,29.2,9.5
OG28,75,,35.5,14.2
OG28,76,,29.2,11.3
OG28,77,,50.3,16.2
OG28,78,,249.7,30.9
OG28,79,,38.5,13.6
OG28,80,,31.4,9.7
OG28,81,,101.3,22.7
OG28,82,,209.7,30.9
OG28,83,,30.1,10.5
OG28,84,,48,13.9
OG28,85,,49.2,19.6
OG28,86,,34.7,12.9
OG28,87,,42.5,13
OG28,88,,50.7,12.1
OG28,89,,82.3,19.8
OG28,90,,68.1,17.8
OG28,91,,29,8.1
OG28,92,,49.2,15.2
OG28,93,,54,16.9
OG28,94,,29.5,6.1
OG28,95,,106.2,21.1
OG28,96,,50.3,18.6
OG28,97,,76.5,17.3
OG28,98,,36.2,9.7
OG28,99,,30.3,12.5
OG28,100,,45.2,11.2
OG28,101,,94.3,9.5
OG28,102,,50.5,14.5
OG28,103,,46,14.7
OG28,104,,68.5,15.4
OG28,105,,59,16.2
OG28,106,,31,10.1
OG28,107,,29.2,10.5
OG28,108,,38.5,9.6
OG28,109,,43,10.6
OG28,110,,25.5,9.7
OG28,111,,40.3,18.3
OG28,112,,98.2,23.2
OG28,113,,59,16
OG28,114,,76.8,26.4
OG28,115,,40.3,9
OG28,116,,40.7,12.7
OG28,117,,53,13.1
OG28,118,,72.5,16.2
OG28,119,,37,11
OG28,120,,45.2,12.2
OG28,121,,46,11.5
OG28,122,,33.2,13.2
OG28,123,,158,24.9
OG28,124,,34,11
OG28,125,,103,20.5
OG28,126,,37,10.3
OG28,127,,150.9,29.6
OG28,128,,33,7.7
OG28,129,,26,8.8
OG28,130,,46.5,9.1
OG28,131,,29.1,8.4
OG28,132,,31.3,13.5
OG28,133,,117.1,19.9
OG28,134,,167.9,25.1
OG28,135,,32.5,14.3
OG28,136,,64.3,13.8
OG28,137,,380,39.8
OG28,138,,61.5,18.1
OG28,139,,36,15.1
OG28,140,,31.5,13.9
OG28,141,,48.7,14.5
OG28,142,,36.4,12.6
OG28,143,,89.3,23.7
OG28,144,,48.2,15.5
OG28,145,,48.7,13.5
OG28,146,,26.3,6.3
OG28,147,,40.9,16.4
OG28,148,,27.1,12.3
OG28,149,,30.5,10.3
OG28,150,,38.3,14
OG28,151,,40,10.8
OG28,152,,73.1,18.4
OG28,153,,70.5,17
OG28,154,,33.2,12.2
OG28,155,,39.6,14.4
OG28,156,,28,10
OG28,157,,238.7,34.2
OG28,158,,33.4,14.5
OG28,159,,37.4,12.6
OG28,160,,40.1,13.9
OG28,161,,89.5,24.7
OG28,162,,29.3,10.5
OG28,163,,42.3,11.5
OG28,164,,39.3,12.3
OG28,165,,43.7,14.6
OG28,166,,63.1,19.4
OG28,167,,34,8.3
OG28,168,,35,9.4
OG28,169,,41,12.2
OG28,170,,77,19.6
OG28,171,,37,8.5
OG28,172,,106.3,20.8
OG28,173,,26,12.7
OG28,174,,35,10.3
OG28,175,,45.2,14.2
OG28,176,,63.1,18.9
OG28,177,,205.9,34.8
OG28,178,,69.2,18.3
OG28,179,,79,22.9
OG28,180,,27.2,10.2
OG28,181,,31.1,9.8
OG28,182,,293,11.5
OG28,183,,91,19.8
OG28,184,,31.5,10.8
OG28,185,,52,15.9
OG28,186,,33.5,13.1
OG28,187,,33,10.5
OG28,188,,37,11.4
OG28,189,,25,10.2
OG28,190,,31.5,11.4
OG28,191,,51.2,15.5
OG28,192,,113.7,17.8
OG28,193,,94.2,22.9
OG28,194,,55.1,16.4
OG28,195,,30,13.3
OG28,196,,50.2,11.9
OG28,197,,35.1,9.5
OG28,198,,27.3,8.3
OG28,199,,26.1,9.9
OG28,200,,38.7,10.5
OG28,201,,29.1,11.2
OG28,202,,33,12.7
OG28,203,,25.2,8.3
OG28,204,,33,10.1
OG28,205,,27.7,9.2
OG28,206,,44,15.3
OG28,207,,27.1,10.6
OG28,208,,25.2,13
OG28,209,,39.2,11.9
OG28,210,,38.5,9.3
OG28,211,,33.1,10.6
OG28,212,,37.7,16.2
OG28,213,,48.5,15.2
OG28,214,,37.1,15.1
OG28,215,,28.5,8.7
OG28,216,,71,13.6
OG28,217,,42.1,8.8
OG28,218,,29.3,13.4
OG28,219,,47.3,16.4
OG28,220,,34.2,9.5
OG28,221,,275.2,34.8
OG28,222,,30.7,11.9
OG28,223,,34,11.8
OG28,224,,53,18.4
OG28,225,,92.1,12.3
OG28,226,,35.1,11.5
OG28,227,,48,12.1
OG28,228,,26.3,8.7
OG28,229,,79.2,18.4
OG28,230,,43,11.3
OG28,231,,36,12.5
OG28,232,,44.6,18
OG28,233,,37.1,14
OG28,234,,39,12.1
OG28,235,,35,5.9
OG28,236,,335.4,38.7
OG37,1,,187.4,31.8
OG37,2,,44.5,11.8
OG37,3,,43,19.4
OG37,4,,39.4,15
OG37,5,,53.2,14.1
OG37,6,,338.8,37.4
OG37,7,,57.2,12.2
OG37,8,,47.6,12.8
OG37,9,,105.4,22.3
OG37,10,,28.8,9.9
OG37,11,,26.1,9.5
OG37,12,,33.2,10.3
OG37,13,,68,17.4
OG37,14,,59.1,14.2
OG37,15,,64.3,17.4
OG37,16,,27.1,8.7
OG37,17,,116.6,25.9
OG37,18,,44.5,9.4
OG37,19,,34.1,13.1
OG37,20,,38.9,13.1
OG37,21,,28.4,6.5
OG37,22,,33.6,8.3
OG37,23,,36.1,7.9
OG37,24,,172.3,31.1
OG37,25,,56.6,10.7
OG37,26,,31.2,6.3
OG37,27,,37.4,7.5
OG37,28,,50.3,15.2
OG37,29,,32.4,11
OG37,30,,43.1,19.7
OG37,31,,38,12.9
OG37,32,,295.2,31.5
OG37,33,,41.1,9.3
OG37,34,,67.6,12.7
OG37,35,,55.9,19.1
OG37,36,,27.1,10.2
OG37,37,,28.2,6.9
OG37,38,,25.3,6.5
OG37,39,,45.8,14.4
OG37,40,,34.4,9.6
OG37,41,,47,16.4
OG37,42,,142.7,27.9
OG37,43,,35.2,6.9
OG37,44,,40.1,14.4
OG37,45,,105.3,27.7
OG37,46,,26.1,6.3
OG37,47,,75.2,22.2
OG37,48,,148.5,30.5
OG37,49,,44.1,5.9
OG37,50,,146.9,29.5
OG37,51,,50.4,22.7
OG37,52,,37.3,15.9
OG37,53,,37.8,12.4
OG37,54,,101.3,19.7
OG37,55,,43.2,13.9
OG37,56,,207.7,30.5
OG37,57,,38.1,9.9
OG37,58,,32.8,8.4
OG37,59,,61.2,17.2
OG37,60,,37.6,13.9
OG37,61,,236.9,33.1
OG37,62,,51.4,24.4
OG37,63,,46.6,23.1
OG37,64,,44.8,17.6
OG37,65,,40.8,17.5
OG37,66,,28.3,12.1
OG37,67,,37.6,17.9
OG37,68,,136.8,25.3
OG37,69,,40.4,10
OG37,70,,56.6,12.6
OG37,71,,28.1,8.4
OG37,72,,29.2,7.9
OG37,73,,27.4,5.3
OG37,74,,33.6,9.8
OG37,75,,224.9,35.6
OG37,76,,38.1,14.9
OG37,77,,47,16.7
OG37,78,,43.4,18.2
OG37,79,,57.2,15.6
OG37,80,,60.3,19.4
OG37,81,,122.8,29.1
OG37,82,,43.8,11.2
OG37,83,,37.1,13.1
OG37,84,,51.4,20.5
OG37,85,,28.6,9.8
OG37,86,,40.6,15.7
OG37,87,,37.1,11.2
OG37,88,,48.2,22.3
OG37,89,,28.6,11.5
OG37,90,,55.8,23.4
OG37,91,,40.8,17
OG37,92,,42.1,17.5
OG37,93,,105,25.9
OG37,94,,41.4,18.2
OG37,95,,48.1,12.9
OG37,96,,46.2,14.6
OG37,97,,34.3,10.5
OG37,98,,57.1,16.8
OG37,99,,27.3,9.2
OG37,100,,58.1,15.4
OG37,101,,92.8,23.6
OG37,102,,55.1,16.3
OG37,103,,108,15.6
OG37,104,,41.9,17.1
OG37,105,,26.1,8.4
OG37,106,,36.3,16.3
OG37,107,,32.6,8.9
OG37,108,,27.1,10
OG37,109,,32.2,8.2
OG37,110,,30.6,12.8
OG37,111,,49.6,16.2
OG37,112,,125.9,25.2
OG37,113,,250.7,31.7
OG37,114,,35.6,7.3
OG37,114,,36.2,12.1
OG37,115,,53.1,11.5
OG37,116,,330.9,24.7
OG37,117,,77.1,19.1
OG37,118,,28.6,9.2
OG37,119,,29.4,10
OG37,120,,42.1,7.4
OG37,121,,25.1,6.9
OG37,122,,31.4,10.3
OG37,123,,42.4,10.1
OG37,124,,49.8,20.4
OG37,125,,46.6,18.1
OG37,126,,50.1,21
OG37,127,,30,6.4
OG37,128,,35.6,13.1
OG37,129,,71.6,19.8
OG37,130,,49.2,18.7
OG37,131,,30.4,10.2
OG37,132,,39.1,16.7
OG37,133,,230.9,29.9
OG37,134,,27.6,8.8
OG37,135,,35.1,7.9
OG37,136,,51.6,17.4
OG37,137,,34.8,7.8
OG37,138,,44.5,13.9
OG37,139,,48.2,14
OG37,140,,45.4,13.8
OG37,141,,32.1,9.4
OG37,142,,37.8,18.2
OG37,143,,37.2,10.3
OG37,144,,32.1,12
OG37,144,,30.6,11.3
OG37,144,,29.3,10.6
OG37,145,,48.4,25.8
OG37,146,,196.9,27.1
OG37,147,,375.2,31.9
OG37,148,,33.6,6.5
OG37,149,,42.6,13.1
OG37,150,,41.9,19.3
OG37,151,,101.8,23.5
OG37,152,,30.1,5
OG37,153,,73.3,19.8
OG37,154,,98.5,22.5
OG37,155,,59.3,10.2
OG37,156,,38.2,12.6
OG37,157,,38.4,20.5
OG37,158,,36.2,15.1
OG37,159,,41.4,9.9
OG37,160,,30.1,11.2
OG37,161,,106.3,14.6
OG37,162,,31.4,10.7
OG37,163,,37.2,14.9
OG37,164,,34.8,10.5
OG37,165,,29.6,11
OG37,166,,46.8,8.5
OG37,167,,51.4,16.6
OG37,168,,63.2,11.5
OG37,169,,45.6,17.6
OG37,170,,26.1,7.2
OG37,171,,34.2,5.6
OG37,172,,59.8,13.1
OG37,173,,37.1,18.4
OG37,174,,52.8,22.5
OG37,175,,122.4,19.4
OG37,176,,321.7,30.5
OG37,177,,71.6,18.1
OG37,178,,37.1,5.2
OG37,179,,56.8,15.9
OG37,180,,43.2,17.6
OG37,181,,46.2,18.8
OG37,182,,119.1,27.9
OG37,183,,32.4,11.1
OG37,184,,33.2,12.4
OG37,185,,100.3,16.7
OG37,186,,35.1,13.5
OG37,187,,26.6,10.9
OG37,188,,53.1,13.2
OG37,189,,46.6,12
OG37,190,,36.1,10.9
OG37,191,,83.6,13.1
OG37,192,,31.3,9.8
OG37,193,,56.2,16.4
OG37,194,,25.4,6.3
OG37,195,,119.7,25.8
OG38,1,,46.2,9.2
OG38,2,,41.5,16.1
OG38,3,,60,20.7
OG38,4,,43.2,12.4
OG38,5,,37,14.2
OG38,6,,60.1,19.3
OG38,7,,73.1,20.8
OG38,8,,27.8,9.5
OG38,9,,33.4,12.6
OG38,10,,28.1,8.8
OG38,11,,54.4,12.9
OG38,12,,120.9,24.3
OG38,13,,30.3,11
OG38,14,,30.5,9.2
OG38,15,,66.4,17.9
OG38,16,,30.4,12
OG38,17,,27.6,13.2
OG38,18,,37.7,10.5
OG38,19,,36.2,13.6
OG38,20,,28.1,10
OG38,21,,60.4,16.1
OG38,22,,38.2,11.4
OG38,23,,50.2,17.2
OG38,24,,38.1,11.1
OG38,25,,50.2,18.1
OG38,26,,51.5,15.4
OG38,27,,27.5,9.8
OG38,28,,63.6,12.9
OG38,29,,36.4,11.2
OG38,30,,52.3,13.5
OG38,31,,59.7,14.1
OG38,32,,42,6.4
OG38,33,,27.5,7.5
OG38,34,,40.5,11.3
OG38,35,,62.3,16.4
OG38,36,,25,8.1
OG38,37,,39.7,14.9
OG38,38,,48.8,18.3
OG38,39,,39.5,14.2
OG38,40,,26.1,7.5
OG38,41,,160,25.8
OG38,42,,54.5,12.6
OG38,43,,26.4,10.7
OG38,44,,36.5,11.9
OG38,45,,108.5,11.2
OG38,46,,38.7,10.5
OG38,47,,28.2,8.9
OG38,48,,43.3,11.7
OG38,49,,59.8,12.9
OG38,50,,47.3,13.4
OG38,51,,54,10.8
OG38,52,,200,29.6
OG38,53,,32.5,9.6
OG38,54,,28.5,8.7
OG38,55,,52.5,15.2
OG38,56,,54.2,17.1
OG38,57,,92,16.4
OG38,58,,48.3,9.2
OG38,59,,49.2,16.8
OG38,60,,41.6,15.3
OG38,61,,44.5,10.5
OG38,62,,63.8,16.3
OG38,63,,25.2,9.8
OG38,64,,32.1,6.9
OG38,65,,43.5,13.6
OG38,66,,45.4,17.1
OG38,67,,27.1,8.7
OG38,68,,28.4,6.4
OG38,69,,57.6,13.1
OG38,70,,64.4,14.2
OG38,71,,110.2,15.1
OG38,72,,90.5,20.3
OG38,73,,54.2,9.5
OG38,74,,28.8,11.3
OG38,75,,78.2,19.8
OG38,76,,33.6,11.4
OG38,77,,32.6,8.7
OG38,78,,26,5.9
OG38,79,,29.3,7.3
OG38,80,,30.2,12.9
OG38,81,,36.2,8.7
OG38,82,,26.5,7.4
OG38,83,,140.1,25.1
OG38,84,,81.2,21.3
OG38,85,,28.5,8.9
OG38,86,,106.1,16.5
OG38,87,,28.6,12.1
OG38,88,,56.6,15.6
OG38,89,,39.3,13.4
OG38,90,,26.8,11.7
OG38,91,,29.5,12.1
OG38,92,,47.5,18
OG38,93,,145.2,19.3
OG38,94,,45.5,14.6
OG38,95,,93.5,19.2
OG38,96,,33.2,18.7
OG38,97,,28.8,8.6
OG38,98,,149,20.1
OG38,99,,39.2,11.8
OG38,100,,59,16.7
OG38,101,,29,11.4
OG38,102,,132.5,23.5
OG38,103,,75.5,19.8
OG38,104,,29.7,10.3
OG38,105,,33.3,8.4
OG38,106,,96.2,22.2
OG38,107,,44,12.5
OG38,108,,113,23.1
OG38,109,,46.2,12.5
OG38,110,,31.8,11.7
OG38,111,,41.2,14.6
OG38,112,,64.1,16.3
OG38,113,,128,26
OG38,114,,47,12.4
OG38,115,,33.4,9.8
OG38,116,,63.2,15.9
OG38,117,,50.8,13.5
OG38,118,,30.1,12.8
OG38,119,,160,24.3
OG38,120,,163,27.1
OG38,121,,26.1,9.5
OG38,122,,91.4,18.2
OG38,123,,36.1,9.4
OG38,124,,48.6,13.9
OG38,125,,33.5,12.8
OG38,126,,108.2,19.9
OG38,127,,48.5,14.3
OG38,128,,114,20.1
OG38,129,,79,15.2
OG38,130,,29,17
OG38,131,,91.2,19.5
OG38,132,,36.7,7.1
OG38,133,,85.1,19.9
OG38,134,,28.3,10.5
OG38,135,,36.8,9.4
OG38,136,,26.5,8
OG38,137,,57.8,14.5
OG38,138,,39.8,10
OG38,139,,48.5,11.7
OG38,14,,64.5,13
OG38,141,,41.5,13.5
OG38,142,,28.5,9.1
OG38,143,,43.2,10.1
OG38,144,,26,10.9
OG38,145,,46.3,19.8
OG38,146,,63.4,18.5
OG38,147,,67.5,14.9
OG38,148,,300,29.3
OG38,149,,50.5,16.5
OG39,1,,47.2,19.1
OG39,2,,36.5,17.2
OG39,3,,28.9,7.5
OG39,4,,160.4,19.6
OG39,5,,26.3,11.1
OG39,6,,212.9,28.6
OG39,7,,35.9,7.7
OG39,8,,132.2,24.5
OG39,9,,43.1,13.2
OG39,10,,48.6,13.8
OG39,11,,51.7,12.2
OG39,12,,83.2,16.5
OG39,13,,42.3,6.3
OG39,14,,40.8,20.7
OG39,15,,49.3,12.5
OG39,16,,42.6,17.7
OG39,17,,43.5,17.6
OG39,18,,26.3,7.2
OG39,19,,34.6,5.1
OG39,20,,25.3,7.7
OG39,21,,47.6,25.4
OG39,22,,30.8,6.9
OG39,23,,27.6,12.5
OG39,24,,46.1,16.2
OG39,25,,59.2,16.9
OG39,26,,39.5,11.1
OG39,27,,34.7,4.5
OG39,28,,46.1,18.2
OG39,29,,165.7,23
OG39,30,,30.3,12.5
OG39,31,,29.8,10.4
OG39,32,,50.7,13.3
OG39,33,,33.4,11.3
OG39,34,,197.3,24
OG39,35,,75.1,21
OG39,36,,84.6,14.4
OG39,37,,34.2,10.3
OG39,38,,33.6,10.8
OG39,39,,85.8,20.5
OG39,40,,43.7,17.7
OG39,41,,130,26.9
OG39,42,,29,17.5
OG39,43,,26.3,8.6
OG39,44,,28.9,10.3
OG39,45,,29.4,
OG39,46,,59.2,17
OG39,47,,46.3,14.2
OG39,48,,32.7,16
OG39,49,,31.2,11
OG39,50,,43.7,14
OG39,51,,36.1,7.3
OG39,52,,32.7,11.2
OG39,53,,191.6,35.6
OG39,54,,68.1,19.5
OG39,55,,57.4,16.3
OG39,56,,49.2,5.5
OG39,57,,81.1,24
OG39,58,,85.1,19.9
OG39,59,,102.3,19.4
OG39,60,,172.1,24.2
OG39,61,,36.3,10
OG39,62,,43.3,11.5
OG39,63,,130.1,21.2
OG39,64,,66.4,14.4
OG39,65,,36.5,15.5
OG39,66,,58.1,15.9
OG39,67,,58.2,25.6
OG39,68,,37.7,12.3
OG39,69,,107.1,25.2
OG39,70,,29.3,12
OG39,71,,34.3,13.1
OG39,72,,31.5,12.5
OG39,73,,207.4,37.3
OG39,74,,32.3,11.4
OG39,75,,74.7,21.4
OG39,76,,29.2,9
OG39,77,,35.2,10.8
OG39,78,,26.5,6.7
OG39,79,,46.7,8.9
OG39,80,,44.1,10.7
OG39,81,,47.8,14.4
OG39,82,,240.3,27.9
OG39,83,,194.3,27.5
OG39,84,,48.1,23.3
OG39,85,,29.4,10
OG39,86,,34.3,12.7
OG39,87,,42.3,10.4
OG39,88,,53.8,19.6
OG39,89,,35.6,11.8
OG39,90,,25.8,12.9
OG39,91,,25.1,11.4
OG39,92,,111.6,20.3
OG39,93,,36.9,11.3
OG39,94,,150.9,25.5
OG39,95,,29.3,7.2
OG39,96,,122.7,19.9
OG39,97,,99.6,13.7
OG39,98,,53.8,24
OG39,99,,33.1,9.4
OG39,100,,28.8,5.6
OG39,101,,32.7,12
OG39,102,,237.9,28.2
OG39,103,,46.1,13.8
OG39,104,,57.8,15.8
OG39,105,,35.9,8.3
OG39,106,,45,11.7
OG39,107,,213.7,14.5
OG39,108,,37.5,13.3
OG39,109,,44.4,8
OG39,110,,28.8,11.8
OG39,111,,39.2,14.1
OG39,112,,105.1,15.2
OG39,113,,62.7,13
OG39,114,,29.8,10.3
OG39,115,,28.7,8.5
OG39,116,,73.9,17.2
OG39,117,,172.5,18.7
OG39,118,,26.5,11
OG39,119,,191.3,21.6
OG39,120,,34.6,7.8
OG39,121,,89.2,
OG39,122,,26.1,6
OG39,123,,63.5,17.6
OG39,124,,47.7,14.5
OG39,125,,47.1,14.3
OG39,126,,45.6,13.7
OG39,127,,57.2,15.6
OG39,128,,54.1,13.8
OG39,129,,169.4,27.4
OG39,130,,80.3,6.6
OG39,131,,40.2,16.5
OG39,132,,39.5,12.8
OG39,133,,35.1,11.4
OG39,134,,197.1,23.9
OG39,135,,53.5,15.2
OG39,136,,32.1,6
OG39,137,,49.2,16.6
OG39,138,,38.1,7.1
OG39,139,,35.7,6.8
OG39,140,,42.3,15.9
OG39,141,,36.1,10.9
OG39,142,,61.8,13.9
OG39,143,,52.3,16.4
OG39,144,,190.7,32.3
OG39,145,,40.6,9
OG39,146,,72.1,19.2
OG39,147,,143.1,21.1
OG39,148,,48.3,17.6
OG39,149,,46.4,17.8
OG39,150,,207.4,22
OG39,151,,72.8,16.5
OG39,152,,50.7,10.7
OG39,153,,41.2,14.6
OG39,154,,67.7,15.3
OG39,155,,78,22.1
OG39,156,,83.8,9.8
OG39,157,,49.1,10
OG39,158,,40.8,6.4
OG39,159,,50.1,20.8
OG39,160,,35.8,5.7
OG39,161,,57.6,18.7
OG39,162,,37.9,11.8
OG39,163,,26.1,6
OG39,164,,76.2,21.5
OG39,165,,28.9,4.2
OG39,166,,29.5,5.8
OG39,167,,42.1,7.7
OG39,168,,96.2,15.4
OG39,169,,220.5,31.1
OG40,1,,39.1,10.9
OG40,2,,169.4,26.9
OG40,3,,46.5,16.3
OG40,4,,34.2,6.8
OG40,5,,94.3,23
OG40,6,,40.2,16.9
OG40,7,,75.2,10.6
OG40,8,,138.1,14.7
OG40,9,,38.1,13.8
OG40,10,,69.8,16.3
OG40,11,,49.2,20.1
OG40,12,,27.1,7.9
OG40,13,,284.7,38.4
OG40,14,,147.3,22.3
OG40,15,,79.1,16.7
OG40,16,,102.3,23.5
OG40,17,,51.6,18.6
OG40,18,,33.7,7.3
OG40,19,,26.6,8.7
OG40,20,,36.3,12.5
OG40,21,,26.1,8.7
OG40,22,,36.1,11.9
OG40,23,,25.2,5.8
OG40,24,,43.5,17.3
OG40,25,,32.2,8.5
OG40,26,,45,15.3
OG40,27,,27,6
OG40,28,,41.3,13.9
OG40,29,,30,12.7
OG40,30,,29.6,8.3
OG40,31,,36,10.4
OG40,32,,84.8,17.9
OG40,33,,30.5,9.7
OG40,34,,35.5,8.7
OG40,35,,25.5,9.4
OG40,36,,32,10.7
OG40,37,,89,25.8
OG40,38,,42.3,12.6
OG40,39,,29,9.7
OG40,40,,63.4,16.6
OG40,41,,37.4,15.4
OG40,42,,39.1,19.5
OG40,43,,48.5,22.1
OG40,44,,49.3,14.8
OG40,45,,478.4,38.9
OG40,46,,107.8,32.5
OG40,47,,39.6,12.4
OG40,48,,64.1,11.9
OG40,49,,81.7,20.3
OG40,50,,25.2,9.5
OG40,51,,37.1,12.1
OG40,52,,29.2,7.7
OG40,53,,28.2,7.9
OG40,54,,185.7,25.8
OG40,55,,72.3,17.9
OG40,56,,32.8,9.5
OG40,57,,34.7,8.4
OG40,58,,51,6.7
OG40,59,,37.1,10.1
OG40,60,,53.2,12.8
OG40,62,,58.1,6.4
OG40,63,,70.2,17.9
OG40,64,,148.9,38.4
OG40,65,,28.5,8.9
OG40,66,,31.5,9.8
OG40,67,,32.2,7.2
OG40,68,,70.8,13.4
OG40,69,,44.1,12.6
OG40,70,,310.9,39.2
OG40,71,,28.1,9.9
OG40,72,,34.1,9.3
OG40,73,,26.6,7.2
OG40,74,,38.1,13.4
OG40,75,,25.6,5.7
OG40,76,,37.5,8.9
OG40,77,,27.1,10.3
OG40,78,,119.8,25.5
OG40,79,,43.4,12.9
OG40,80,,41.5,10.2
OG40,81,,336.7,37.8
OG40,82,,37.5,12.2
OG40,83,,26.1,5.7
OG40,84,,38.7,16.4
OG40,85,,35.6,15.6
OG40,86,,44.2,19.3
OG40,87,,72.4,22.5
OG40,88,,43.3,12.2
OG40,89,,30.5,9.8
OG40,90,,25.3,10.2
OG40,91,,37.1,8.3
OG40,92,,93.4,23.1
OG40,93,,245.7,24.5
OG40,94,,27.2,6.7
OG40,95,,37.1,9.3
OG40,96,,138.7,28.9
OG40,97,,27.5,8.4
OG40,98,,26.4,7.9
OG40,99,,40.4,10.4
OG40,100,,48.1,13.9
OG40,101,,25.3,5.3
OG40,102,,37.4,10.6
OG40,103,,64.8,17.9
OG40,104,,104.2,20.8
OG40,105,,29.4,10.2
OG40,106,,31.2,11.1
OG40,107,,38.1,8.4
OG40,108,,38.2,11.5
OG40,109,,32.3,10.2
OG40,110,,39.2,12.4
OG40,111,,32.4,8.7
OG40,112,,41.1,12.9
OG40,113,,105.8,20.5
OG40,114,,34.7,9.3
OG40,115,,150.3,19.9
OG40,116,,29.8,7.5
OG40,117,,40.2,10.4
OG40,118,,26.5,6.7
OG40,119,,48.7,15.5
OG40,120,,42,9.2
OG40,121,,79.8,17.3
OG40,122,,35.3,10.2
OG40,123,,30.1,6.4
OG40,124,,104.4,22.6
OG40,125,,31.1,5.5
OG40,126,,63.2,15.8
OG40,127,,390.8,38.5
OG40,128,,30.3,3.7
OG40,129,,28.5,9.1
OG40,130,,48.5,8.4
OG40,131,,69.1,10.5
OG40,132,,52.2,14.6
OG40,133,,170.9,35.9
OG40,134,,42.1,7.2
OG40,135,,28.3,8.3
OG40,136,,41.5,14.5
OG40,137,,181.9,29.5
OG40,138,,31.2,4.2
OG40,139,,33.2,10.7
OG40,140,,133.5,25.5
OG40,141,,26.1,6.9
OG40,142,,25.7,7.1
OG40,143,,52.3,22.4
OG40,144,,34.2,9.5
OG40,145,,43.2,20.3
OG40,146,,61.2,10.5
OG40,147,,25.3,10.7
OG40,148,,46.2,23.7
OG40,149,,73.5,12.1
OG40,150,,43.2,13.9
OG40,151,,38.7,13.6
OG40,152,,49.2,16.4
OG40,153,,54.1,13.7
OG40,154,,93.5,14.1
OG40,155,,70.1,5.9
OG40,156,,42.6,16.4
OG40,157,,145.7,18.8
OG40,158,,33.5,9.1
OG40,159,,52.4,13.2
OG40,160,,42.1,17.5
OG40,161,,60.5,20.3
OG40,161,,51.4,13.4
OG40,162,,42.8,12.2
OG40,163,,34.1,10.3
OG40,164,,42.1,10.6
OG40,165,,27.4,6.9
OG40,166,,37,11.5
OG40,167,,42.4,14.7
OG40,168,,120.5,19.2
OG40,169,,49.8,13.7
OG40,170,,38.6,12.5
OG40,171,,125.7,20.1
OG40,172,,33.2,11.6
OG40,173,,37.5,10.4
OG40,174,,30.1,9.8
OG40,175,,45.3,23.3
OG40,176,,52.1,15.7
OG40,177,,45.3,8.4
OG40,178,,188.7,35.9
OG40,179,,84.7,13.5
OG40,180,,35.3,10.2
OG40,181,,26.5,8.7
OG40,182,,52.3,10.2
OG40,183,,30.6,9.1
OG40,184,,28.4,9
OG40,185,,49.5,16.6
OG40,186,,35.8,7.1
OG40,187,,61.2,14.5
OG40,188,,25.3,4.5
OG40,189,,199.8,33.4
OG40,190,,31.4,12.1
OG40,191,,35.5,10.1
OG40,192,,42.3,14.7
OG40,193,,35.2,12.5
OG40,194,,107.5,19.7
OG40,195,,25.9,8.3
OG40,196,,33.1,7.5
OG40,197,,96.3,14.8
OG40,198,,58.3,15.5
OG40,199,,34,12.3
OG40,200,,25.1,5.1
OG41,1,,39.8,14.7
OG41,2,,46.3,13.9
OG41,3,,48.5,13.2
OG41,4,,42.2,11.5
OG41,5,,38.3,11.7
OG41,6,,216.2,29.3
OG41,7,,26.2,7.9
OG41,8,,35.8,9.7
OG41,9,,46.7,11.6
OG41,10,,36.5,7.9
OG41,11,,54.5,18.7
OG41,12,,29.3,8.4
OG41,13,,114.3,20.5
OG41,14,,50.1,10.7
OG41,15,,85.2,22.6
OG41,16,,184.7,32.2
OG41,17,,25.3,7.2
OG41,18,,105.1,23.6
OG41,19,,29,15
OG41,20,,80.3,24.7
OG41,21,,146.3,34.2
OG41,22,,62.7,15.4
OG41,23,,45.3,14.9
OG41,24,,27.1,5.7
OG41,25,,162.5,26.2
OG41,26,,54.2,10.7
OG41,27,,25,14.4
OG41,28,,40.6,17.2
OG41,29,,262.5,34.2
OG41,30,,36,11.8
OG41,31,,91.2,32.7
OG41,32,,62.5,18.4
OG41,33,,31,11.7
OG41,34,,112.2,21.3
OG41,35,,45.3,11.8
OG41,36,,27.4,8.3
OG41,37,,53.8,16.1
OG41,38,,54.7,10.4
OG41,39,,93.1,17.2
OG41,40,,163.2,31.3
OG41,41,,51.3,9.4
OG41,42,,250,29.2
OG41,43,,201.3,27.1
OG41,44,,48.5,11.7
OG41,45,,32,6.3
OG41,46,,29.4,9.1
OG41,47,,79.3,19.7
OG41,48,,26.2,8.5
OG41,49,,81.1,11.9
OG41,50,,200.3,24.5
OG41,51,,29.3,8.6
OG41,52,,58.7,19.7
OG41,53,,74.3,15.9
OG41,54,,89,27.7
OG41,55,,26.3,8.8
OG41,56,,112.3,20.1
OG41,57,,43.5,14.1
OG41,58,,35.2,11.9
OG41,59,,74,14.6
OG41,60,,90.2,22.7
OG41,61,,28.9,12.4
OG41,62,,44.7,8
OG41,63,,148.2,18.2
OG41,64,,53.1,5.7
OG41,65,,390.8,40.3
OG41,66,A,121.2,27.8
OG41,66,B,69.8,19.3
OG41,67,,54.4,17.4
OG41,68,,27.2,7.3
OG41,69,,45.5,10.4
OG41,70,,26.2,5.2
OG41,71,,273.2,35.9
OG41,72,,31.4,10.2
OG41,73,,51.5,11.7
OG41,74,,51.1,12.3
OG41,75,,40.3,13.8
OG41,76,,54.8,15.4
OG41,77,,80.3,22.3
OG41,78,,33.1,11.3
OG41,79,,25.2,5
OG41,80,,80.4,26.8
OG41,81,,37.4,11.3
OG41,82,,39.2,15.5
OG41,83,,33.8,10.7
OG41,84,,33,10.3
OG41,85,,27.7,6.5
OG41,86,,382.9,39.9
OG41,87,,91.1,20.7
OG41,88,,54.8,14.8
OG41,89,,33.6,6
OG41,90,,49.4,14.3
OG41,91,,64.7,18.7
OG41,92,,36.5,13.9
OG41,93,,29.2,10.1
OG41,94,,107.5,21.5
OG41,95,,41.5,8.2
OG41,96,,36.1,12.7
OG41,97,,31.5,7
OG41,98,,29.6,10.5
OG41,99,,43.4,13.4
OG41,100,,35.4,10.7
OG41,101,,29.8,6.9
OG41,102,,37.2,13.5
OG41,103,,46.7,21.9
OG41,104,,49.5,22.3
OG41,105,,42.1,17.4
OG41,106,,31.5,10.9
OG41,107,,36.5,5.9
OG41,108,,25.3,9.3
OG41,109,,112.1,12.2
OG41,110,,37.5,13.9
OG41,111,,51.5,13.2
OG41,112,,28.1,9.5
OG41,113,,50.3,10.1
OG41,114,,82.7,17.6
OG41,115,,38.9,11.4
OG41,116,,132.6,26.7
OG41,117,,33.5,8.9
OG41,118,,59.8,15.8
OG41,119,,112.5,28.5
OG41,120,,25.1,5.7
OG41,121,,123.8,28.9
OG41,122,,30.6,10.4
OG41,123,,33.1,6.3
OG41,124,,114.2,20.8
OG41,125,,375.1,40.9
OG41,126,,48.5,16.3
OG41,127,,70.5,18.7
OG41,128,,32.1,6.3
OG41,129,,25.5,8.5
OG41,130,,312.9,35.8
OG41,131,,35.7,9.7
OG41,132,,42.8,12.9
OG41,133,,38.1,11.1
OG41,134,,35.5,10.2
OG41,135,,47.5,17.5
OG41,136,,30.7,13.2
OG41,137,,56.5,18.7
OG41,138,,150.9,32.8
OG41,139,,29.1,7.6
OG41,14,,29,6.2
OG41,141,,43.2,4.9
OG41,142,,28.1,10.6
OG41,143,,42.4,15.9
OG41,144,,41.2,13.2
OG41,145,,30.2,11.8
OG41,146,,393.1,41.7
OG41,147,,45.3,11.5
OG41,148,,29.9,7
OG41,149,,36.9,8.3
OG41,150,,26.5,5.9
OG42,1,,32.6,13.5
OG42,2,,110.7,23.8
OG42,3,,43.1,10.8
OG42,4,,53.5,17.3
OG42,5,,27.3,8.1
OG42,6,,39.1,12.4
OG42,7,,43.6,15.7
OG42,8,,27.5,10.4
OG42,9,,34.2,8.3
OG42,10,,32.1,10.4
OG42,11,,31.8,13.5
OG42,12,,42.2,14.7
OG42,13,,47.1,14.8
OG42,14,,132.5,22.4
OG42,15,,31.1,9.1
OG42,16,,38.7,13
OG42,17,,92.3,24.7
OG42,18,,29.5,11.5
OG42,19,,104.3,28.9
OG42,20,,124.2,26.7
OG42,21,,36.8,13.9
OG42,22,,69.4,15.7
OG42,23,,118.1,20.8
OG42,24,,25.1,11.2
OG42,25,,71.4,19.6
OG42,26,,26.6,7.4
OG42,27,,50.1,12.9
OG42,28,,26.3,6.7
OG42,29,,35.8,12.1
OG42,30,,26.4,12.7
OG42,31,,36.5,10.2
OG42,32,,49.2,15.7
OG42,33,,90,35.2
OG42,34,,47.8,17.3
OG42,35,,25.9,10
OG42,36,,52.5,17.4
OG42,37,,74.7,20.3
OG42,38,,30.1,9.6
OG42,39,,483.7,45.2
OG42,40,,40.8,45
OG42,41,,81.2,14.8
OG42,42,,174.7,29.9
OG42,43,,30.4,7.5
OG42,44,,27.7,11.1
OG42,45,,37.1,12.9
OG42,46,,79.3,20.5
OG42,47,,51.2,9.6
OG42,48,,86.1,16.9
OG42,49,,62.3,15.2
OG42,50,,31.3,12.4
OG42,51,,45.2,15.2
OG42,52,,26.5,10.4
OG42,53,,65.2,12.5
OG42,54,,36.3,11.7
OG42,55,,72.6,13.2
OG42,56,,62.1,14.6
OG42,57,,44.5,13.4
OG42,58,,28.1,9.3
OG42,59,,40,14.6
OG42,60,,44.3,10.3
OG42,61,,93.8,22.7
OG42,62,,44.1,15.4
OG42,63,,40.1,15.6
OG42,64,,30.3,9.2
OG42,65,,25.2,6
OG42,66,,54.7,16.6
OG42,67,,56.5,11.1
OG42,68,,293.9,39.9
OG42,69,,32.1,10.4
OG42,70,,26.2,5.1
OG42,71,,36.6,10.5
OG42,72,,35.2,20.6
OG42,73,,40.2,15.7
OG42,74,,56,15.9
OG42,75,,25.8,7.6
OG42,76,,48.8,24.2
OG42,77,,47.1,23.8
OG42,78,,41.1,14.6
OG42,79,,62.5,12.1
OG42,80,,62.1,14.3
OG42,81,,29.5,10.4
OG42,82,,49.2,15.1
OG42,83,,91.5,20.3
OG42,84,,44.4,12.7
OG42,85,,80,18.1
OG42,86,,70.5,7.9
OG42,87,,43,15.1
OG42,88,,89,43.3
OG42,89,,80,25
OG42,90,,32.5,11.2
OG42,91,,88.8,13.3
OG42,92,A,46.7,9.5
OG42,92,B,34.5,9.5
OG42,93,,29.8,8.4
OG42,94,,28.5,11.1
OG42,95,,66.5,16.8
OG42,96,,37.2,9.2
OG42,97,,34.5,10.5
OG42,98,,192.5,24.8
OG42,99,,35,9.5
OG42,100,,35.8,10.8
OG42,101,,38.2,15.2
OG42,102,,77.3,18.1
OG42,103,,35.8,11.4
OG42,104,,26.3,7.3
OG42,105,,27.7,7.8
OG42,106,,75.3,15.4
OG42,107,,25.9,11
OG42,108,,110.3,20.7
OG42,109,,44.8,14.5
OG42,110,,40.3,16.9
OG42,111,,40.7,18.3
OG42,112,,27.7,12.4
OG42,113,,39.1,13.9
OG42,114,,38.7,14.6
OG42,115,,225.9,35.9
OG42,116,,41.3,13.6
OG42,117,,30.1,6.7
OG42,118,,42.3,14.4
OG42,119,,43.7,22.6
OG42,120,,90.4,19.8
OG42,121,,30.3,6.7
OG42,122,,32.2,9.5
OG42,123,,46.7,11.4
OG42,124,,54.5,29.7
OG42,125,,58.5,17.4
OG42,126,,36.2,12.2
OG42,127,,47.3,16
OG42,128,,48.2,20.9
OG42,129,,42.8,17.6
OG42,130,,37.6,11.7
OG42,131,,27.1,5.2
OG42,132,,42.7,16.5
OG42,133,,25.3,6.9
OG42,134,,42.1,10.3
OG42,135,,94.2,19.4
OG42,136,,51.2,20.7
OG42,137,,43.1,15.3
OG42,138,,33.2,4.9
OG42,139,,38.5,9.5
OG42,14,,40.7,8.7
OG42,141,,39.1,12.6
OG42,142,,32.8,10.2
OG42,143,,43.5,15.1
OG42,144,,25.2,7.5
OG42,145,,90,27.8
OG42,146,,32.1,8.4
OG42,147,,85,29.3
OG42,148,,33.6,10.7
OG42,149,,62.4,12.5
OG42,150,,202.7,38.1
OG42,151,,42.9,11.8
OG42,152,,41.6,12.1
OG42,153,,90.6,19.5
OG42,154,,44.5,10.5
OG42,155,,44.3,12.1
OG42,156,,116.5,29.7
OG42,157,,50,20.1
OG42,158,,82.2,18.1
OG42,159,,71.1,8.4
OG42,160,,44.8,11.3
OG42,161,,26.8,7.2
OG42,162,,64.1,26.4
OG42,163,,47.3,14.7
OG42,164,,137.1,19.6
OG42,165,,85.4,19.2
OG42,166,,32.5,7.3
OG42,167,,28.1,5.4
OG42,168,,35.3,10.7
OG42,169,,26.1,7.4
OG42,170,,84.3,16.9
OG42,171,,45.6,1.2
OG42,172,,43.1,1.4
OG42,173,,38.2,12.4
OG42,174,,61.5,18.5
OG42,175,,101.5,15.4
OG42,176,,,
OG42,177,,,
OG42,178,,48,10.5
OG42,179,,25.1,4.2
OG42,180,,70.4,18.7
OG42,181,,42.1,12.1
OG42,182,,30.3,9.4
OG42,183,,40.1,14.8
OG42,184,,39.2,13.5
OG42,185,,37.3,13.8
OG42,186,,54.8,7.2
OG42,187,,90.3,24.9
OG42,188,,26.3,9.7
OG42,189,,58.1,7.9
OG42,190,,32.2,9.2
OG42,191,,51.4,12.5
OG42,192,,64.5,11.7
OG42,193,,110.5,24.6
OG42,194,,27.3,9
OG42,195,,86.1,18.4
OG42,196,,58,16.7
OG42,197,,33.5,10
OG42,198,,32.7,12.3
OG42,199,,45.5,10.4
OG42,200,,37.5,17.2
OG42,201,,45.7,14.8
OG42,202,,71.8,17.2
OG42,203,,28.3,10.8
OG42,204,,36.1,11.4
OG42,205,,117.5,26.9
OG43,1,,43.2,4.3
OG43,2,,37.1,9.9
OG43,3,,33,11.2
OG43,4,,65.5,15.8
OG43,5,,47.2,12.5
OG43,6,,31,12.1
OG43,7,,27,8.4
OG43,8,,190.7,35.2
OG43,9,,49,15.8
OG43,10,,67,12.2
OG43,11,,34.7,13.6
OG43,12,,40.5,12.9
OG43,13,,29.3,8.3
OG43,14,,59,16
OG43,15,,167.3,29.8
OG43,16,,26.2,9.3
OG43,17,,32,7.1
OG43,18,,34.5,14.8
OG43,19,,28.2,9.8
OG43,20,,31.6,11.3
OG43,21,,53.1,18.1
OG43,22,,29,8.6
OG43,23,,270.6,33.8
OG43,24,,111.9,22.1
OG43,25,,26.1,12.1
OG43,26,,77.3,16.7
OG43,27,,25.4,10
OG43,28,,25.2,8.4
OG43,29,,44.5,15.2
OG43,30,,50.7,11.6
OG43,31,,32.5,9.1
OG43,32,,43.2,13.9
OG43,33,,255.6,29.9
OG43,34,,36.4,11.8
OG43,35,,34.2,10.8
OG43,36,,77.4,24.2
OG43,37,,25.5,9.7
OG43,38,,71,22.1
OG43,39,,89.4,22.8
OG43,40,,190,29.8
OG43,41,,27.5,8.4
OG43,42,,42.3,11.5
OG43,43,,31.2,10.2
OG43,44,,305,10.7
OG43,45,,31,11.1
OG43,46,,27,7.7
OG43,47,,37.5,13.7
OG43,48,,52,11.9
OG43,49,,42.5,10.4
OG43,50,,38.7,11.6
OG43,51,,38.5,11.5
OG43,52,,26.1,7.3
OG43,53,,27,5.8
OG43,54,,36.2,9.6
OG43,55,,24.5,9.2
OG43,56,,34.6,13
OG43,57,,36.4,8.1
OG43,58,,75.1,17.9
OG43,59,,29.2,8
OG43,60,,42.5,11.6
OG43,61,,33.1,9.8
OG43,62,,77.2,18.7
OG43,63,,43,12.2
OG43,64,,27,9.7
OG43,65,,92.5,22.1
OG43,66,,127.7,26.8
OG43,67,,27,13.9
OG43,68,,34.1,9.9
OG43,69,,37.5,9.7
OG43,70,,25.8,9.7
OG43,71,,58.3,10.1
OG43,72,,33.2,10.5
OG43,73,,32.5,11.2
OG43,74,,27,7.8
OG43,75,,45.1,10.6
OG43,76,,59.3,17.9
OG43,77,,40,18
OG43,78,,165.3,31.1
OG43,79,,25,10.3
OG43,80,,90.9,26.6
OG43,81,,61.5,15.7
OG43,82,,29.3,8.9
OG43,83,,61.7,19.6
OG43,84,,38,13.4
OG43,85,,257.4,38.1
OG43,86,,28,9
OG43,87,,54.5,10
OG43,88,,35,6.8
OG43,89,,32.6,12.2
OG43,90,,72,18.9
OG43,91,,56,16.6
OG43,92,,260.3,42.6
OG43,93,,28,4.3
OG43,94,,28.2,12.5
OG43,95,,55,16.1
OG43,96,,30.1,8.5
OG43,97,,42.5,16.2
OG43,98,,26,12.8
OG43,99,,725,19.6
OG43,100,,64.7,17.7
OG43,101,,31.4,15.7
OG43,102,,33.5,12.1
OG43,103,,63.5,14.2
OG43,104,,25.3,9.6
OG43,105,,58,17.5
OG43,106,,29,13.3
OG43,107,,25.5,7.2
OG43,108,,60,17.9
OG43,109,,63,17
OG43,110,,42.3,10.4
OG43,111,,297.7,29.9
OG43,112,,72,18.7
OG43,113,,30.4,10.3
OG43,114,,86.7,16.9
OG43,115,,31,11.5
OG43,116,,28.3,8.3
OG43,117,,35.5,11.5
OG43,118,,28.1,10.1
OG43,119,,49.3,15.2
OG43,120,,32.1,10.7
OG43,121,,36.5,12.8
OG43,122,,441,14
OG43,123,,45.2,17.8
OG43,124,,70.3,15.6
OG43,125,,34.5,12.6
OG43,126,,66.2,16.2
OG43,127,,29.5,9.9
OG43,128,,34.1,10
OG43,129,,63.2,16.8
OG43,130,,31.1,11.1
OG43,131,,29.7,11.5
OG43,132,,26.5,9.7
OG43,133,,49.1,14.1
OG43,134,,74.5,26.4
OG43,135,,28.1,12.1
OG43,136,,150.9,25.5
OG43,137,,48.5,15.9
OG43,138,,136.5,27.1
OG43,139,,197.2,29.4
OG43,140,,27,10.4
OG43,141,,26,10.8
OG43,142,,39.5,25.3
OG43,143,,37.2,16.1
OG43,144,,38,11
OG43,145,,77.3,18.6
OG43,146,,37.1,13.7
OG43,147,,35.9,12.1
OG43,148,,40.1,15.4
OG43,149,,25.3,28.1
OG43,150,,215,33.4
OG43,151,,46.1,12.9
OG43,152,,32.9,12.2
OG43,153,,34.3,10
OG43,154,,28,8.8
OG43,155,,31.3,7.4
OG43,156,,36.2,7.8
OG43,157,,55.3,12.5
OG43,158,,30.5,7.4
OG43,159,,50.7,14.2
OG43,160,,31,8.8
OG43,161,,55,20.8
OG43,162,,79.2,18.8
OG43,163,,54,16.7
OG43,164,,41.7,21.3
OG43,165,,37.5,7
OG43,166,,45,10.1
OG43,167,,33,10.8
OG43,168,,25.5,13.5
OG43,169,,240.7,30.5
OG43,170,,29.1,7.7
OG43,171,,30.2,10.1
OG43,172,,32.7,13.7
OG43,173,,29.1,10
OG43,174,,31.4,10.1
OG43,175,,32.2,8.2
OG43,176,,31,9.3
OG43,177,,25.3,9.9
OG43,178,,50.1,8.9
OG43,179,,34,7.8
OG43,180,,28.1,8.5
OG43,181,,70.1,17.6
OG43,182,,44,10.7
OG43,183,,39.2,12.3
OG43,184,,44.2,7.8
OG43,185,,41.2,19.4
OG43,186,,66.2,15.5
OG43,187,,26.1,10.6
OG43,188,,50.3,15.8
OG43,189,,26.1,7.5
OG43,190,,34.5,10.7
OG43,191,,31,13.8
OG43,192,,25.2,15.4
OG43,193,,270.4,29.8
OG43,194,,38.1,13.1
OG43,195,,30.3,9.8
OG43,196,,27.1,13
OG43,197,,48,16.7
OG43,198,,30.5,10.7
OG43,199,,26.1,10.1
OG43,200,,106.2,25
OG43,201,,54.5,10.2
OG43,202,,119,17.4
OG43,203,,26.3,10.4
OG43,204,,36.5,8.8
OG43,205,,49.3,13.5
OG43,206,,32.1,12.2
OG43,207,,40.1,14.7
OG43,208,,36.1,13.6
OG43,209,,71.2,21.9
OG43,210,,25,7.9
OG43,211,,42.1,12.1
OG43,212,,72.3,21
OG43,213,,31.4,9.1
OG43,214,,36.5,7.9
OG43,215,,36.7,11.5
OG43,216,,51.5,11.4
OG43,217,,35.3,12.3
OG43,218,,44.1,10.1
OG43,219,,26.2,9.3
OG43,220,,38.1,11.2
OG43,221,,26.3,7.9
OG43,222,,40.7,10.1
OG43,223,,155.2,26.2
OG43,224,,40.1,14.4
OG43,225,,51.3,16.6
OG43,226,,34,12.2
OG43,227,,27.5,14.4
OG43,228,,34,12.3
OG43,229,,33.2,14.5
OG43,230,,38.5,14.5
OG43,231,,34.2,4.5
OG43,232,,33.5,13.9
OG44,1,,36.2,10.7
OG44,2,,43.5,15.1
OG44,3,,30.1,6.9
OG44,4,,297.9,25.4
OG44,5,,56.2,18.2
OG44,6,,90.5,19.6
OG44,7,,25.1,11.1
OG44,8,,45.3,12.5
OG44,9,,36.1,10.6
OG44,10,,26.3,10.5
OG44,11,,71.9,16.4
OG44,12,,38.3,14.8
OG44,13,,34.1,12.4
OG44,14,,35.2,13
OG44,15,,60.2,15.1
OG44,16,,82.7,18.7
OG44,17,,26.2,5.8
OG44,18,,27.1,6.9
OG44,19,,26,7.4
OG44,20,,83.5,14.8
OG44,21,,89.3,17.8
OG44,22,,37.2,11.2
OG44,23,,55.6,15.2
OG44,24,,51,17.5
OG44,25,,28.3,8.3
OG44,26,,38.1,11.6
OG44,27,,26.1,7.5
OG44,28,,39.3,12.1
OG44,29,,27.4,6.7
OG44,30,,90.7,20.8
OG44,31,,29.1,9.9
OG44,32,,35.2,5.8
OG44,33,,27.1,8.9
OG44,34,,34.4,10.4
OG44,35,,31.3,6.8
OG44,36,,27.1,10.1
OG44,37,,25.2,6.1
OG44,38,,56,12.1
OG44,39,,240.3,30.9
OG44,40,,96,26.5
OG44,41,,42.1,12.4
OG44,42,,36,12.9
OG44,43,,280.5,34.7
OG44,44,,30.1,6.6
OG44,45,,32.2,8.1
OG44,46,,126.4,22.2
OG44,47,,48.3,20.8
OG44,48,,30,7
OG44,49,,34.3,10.6
OG44,50,,29.1,8.6
OG44,51,,26.3,7.5
OG44,52,,116.7,27.3
OG44,53,,80,22.6
OG44,54,,27,7.8
OG44,55,,25.1,7.7
OG44,56,,29.3,7.4
OG44,57,,117.6,22.7
OG44,58,,28.1,7.1
OG44,59,,46.1,11.7
OG44,60,,36.3,11.9
OG44,61,,26.3,11.8
OG44,62,,90.5,22.4
OG44,63,,32,11.5
OG44,64,,35.3,9.5
OG44,65,,26,7.4
OG44,66,,25,6.9
OG44,67,,27,10.7
OG44,68,,290.5,29.8
OG44,69,,127.4,27.4
OG44,70,,51,17.4
OG44,71,,45.3,13.1
OG44,72,,60.2,17.2
OG44,73,,36.2,6.8
OG44,74,,110.9,17.7
OG44,75,,27.2,
OG44,76,,93,16.2
OG44,77,,330.1,36.8
OG44,78,,62,15.3
OG44,79,,210,30.5
OG44,80,,27.3,9.2
OG44,81,,41,18.3
OG44,82,,29.1,7.5
OG44,83,,29.2,7.5
OG44,84,,63.3,16.1
OG44,85,,79.1,19.2
OG44,86,,41.7,11.4
OG44,87,,28.2,6.9
OG44,88,,83.6,19.5
OG44,89,,43.1,11.5
OG44,90,,46.3,11.8
OG44,91,,38.5,10.8
OG44,92,,39.6,10.9
OG44,93,,47.3,14.2
OG44,94,,122,23.9
OG44,95,,26.3,7.3
OG44,96,,27.5,7.2
OG44,97,,26.2,6.8
OG44,98,,39,11.7
OG44,99,,52.2,17.5
OG44,100,,29,6.8
OG44,101,,26.4,8.7
OG44,102,,146.7,32.9
OG44,103,,27.3,8.4
OG44,104,,25.4,10.7
OG44,105,,33.1,7.6
OG44,106,,28.2,10.5
OG44,107,,40.3,10.9
OG44,108,,30.1,11.2
OG44,109,,94.5,21.1
OG44,110,,39,11.6
OG44,111,,100.2,19.9
OG44,112,,62.1,11.7
OG44,113,,26,7.5
OG44,114,,27.2,11.8
OG44,115,,86.4,18.5
OG44,116,,51.3,13.2
OG44,117,,68.1,18.8
OG44,118,,33.2,11.1
OG44,119,,32.4,10
OG44,120,,39,11.5
OG44,121,,82.4,18.6
OG44,122,,55,17.5
OG44,123,,33.1,9.8
OG44,124,,28.2,8.4
OG44,125,,27.4,8.3
OG44,126,,26,7.5
OG44,127,,31,9.8
OG44,128,,41.4,7.9
OG44,129,,28.4,6.1
OG44,130,,61.2,15.2
OG44,131,,44,14.3
OG44,132,,36.6,8.5
OG44,133,,32.5,8.2
OG44,134,,75.3,15.3
OG44,135,,55.1,12.8
OG44,136,,72.4,17.4
OG44,137,,35.2,7
OG44,138,,25.6,6.5
OG44,139,,45.4,12.7
OG44,14,,68.3,17.9
OG44,141,,25.4,10
OG44,142,,137.8,24.4
OG44,143,,27.2,7.8
OG44,144,,31.6,6.1
OG44,145,,36.1,13
OG44,146,,25.4,7.1
OG44,147,,39.2,14.9
OG44,148,,46.2,15.4
OG44,149,,100.3,21.5
OG44,150,,92.6,26
OG44,151,,44,13.1
OG44,152,,27.4,10.7
OG44,153,,45.6,14.1
OG44,154,,26.1,12.5
OG44,155,,125.3,19.8
OG44,156,,97.9,22.7
OG44,157,,96.3,24.1
OG44,158,,36.6,14.5
OG44,159,,25.3,8.6
OG44,160,,36.1,13.8
OG44,161,,76.2,19.5
OG44,162,,26,7.8
OG44,163,,56.6,16.7
OG44,164,,30.2,7.4
OG44,165,,31.4,10.9
OG44,166,,85.2,20.8
OG44,167,,55.1,16.3
OG44,168,,38.6,10.2
OG44,169,,29.1,11.7
OG44,170,,34,10.8
OG44,171,,34.4,6.9
OG44,172,,50.2,13
OG44,173,,28.1,7.2
OG44,174,,48.6,12.8
OG44,175,,25.4,6.7
OG44,176,,27.6,7.8
OG44,177,,47.2,13.9
OG44,178,,287.9,20.2
OG44,179,,31.1,6.8
OG44,180,,26.3,9
OG44,181,,355.7,38.6
OG44,182,,31,7.5
OG44,183,,45.4,12.7
OG44,184,,35.1,10
OG44,185,,28.3,7.3
OG44,186,,34.5,15.2
OG44,187,,45.1,15
OG44,188,,37.2,6.8
OG44,189,,34.6,10.4
OG44,190,,58.1,15.7
OG44,191,,51.3,13.8
OG44,192,,38.6,13.1
OG44,193,,87,18.7
OG44,194,,35,10
OG44,195,,43.6,14.6
OG44,196,,31.5,12.8
OG44,197,,35.4,8.4
OG44,198,,56.12,18.6
OG44,199,,57.6,17.2
OG44,200,,61.2,18.3
OG45,1,,29.2,10.6
OG45,2,,90.5,18.1
OG45,3,,260.3,32.8
OG45,4,,38.2,15.1
OG45,5,,31.3,10.5
OG45,6,,28.1,6.9
OG45,7,,28.9,7.1
OG45,8,,141.8,26.3
OG45,9,,27.1,1.5
OG45,10,,25.7,9.2
OG45,11,,65.4,11.9
OG45,12,,320.5,31.2
OG45,13,,26.3,7.4
OG45,14,,78.2,19.6
OG45,15,,202.5,20.7
OG45,16,,38.3,13.8
OG45,17,,114,20.5
OG45,18,,25.2,5.8
OG45,19,,27.1,9.3
OG45,20,,29.3,8
OG45,21,,61.4,17.1
OG45,22,,41.2,9.2
OG45,23,,32.3,16.9
OG45,24,,151.2,25.7
OG45,25,,27.6,6.7
OG45,26,,41.2,10.2
OG45,27,,52.7,17.4
OG45,28,,29.1,6.3
OG45,29,,29,9
OG45,30,,31.5,7.4
OG45,31,,41,11.2
OG45,32,,25.1,9.8
OG45,33,,31,5.3
OG45,34,,28.1,8.7
OG45,35,,46.2,12.9
OG45,36,,26.1,9.5
OG45,37,,41.3,6.3
OG45,38,,55.7,
OG45,39,,32.2,5.2
OG45,40,,32.5,6.4
OG45,41,,35.2,13
OG45,42,,42.6,11.9
OG45,43,,25,6.4
OG45,44,,46.3,11.1
OG45,45,,35.1,13.4
OG45,46,,41.3,12.2
OG45,47,,89.5,20.5
OG45,48,,82.3,15.4
OG45,49,,138.7,24.9
OG45,50,,30.1,6.9
OG45,51,,27.2,10.4
OG45,52,,43.1,12.3
OG45,53,,34.3,17.3
OG45,54,,26.1,5.8
OG45,55,,25.2,8.7
OG45,56,,61.6,19.2
OG45,57,,108.5,20
OG45,58,,56.2,17.5
OG45,59,,30.1,
OG45,60,,27.4,5.4
OG45,61,,55.1,12.8
OG45,62,,46.4,16
OG45,63,,26.1,8.6
OG45,64,,52.2,16.1
OG45,65,,36.4,11.5
OG45,66,,56.5,17.7
OG45,67,,30.6,13.8
OG45,68,,40.3,13.2
OG45,69,,148.9,23.5
OG45,70,,95.7,21.9
OG45,71,,201.5,29
OG45,72,,51.3,14.3
OG45,73,,33.1,8.5
OG45,74,,46.2,6
OG45,75,,42.7,13.6
OG45,76,,26.2,7.8
OG45,77,,34.5,11.5
OG45,78,,30.6,14.9
OG45,79,,35.7,11.5
OG45,80,,28.4,10.5
OG45,81,,150.7,20.4
OG45,81,A,30,12.3
OG45,82,,114.8,17.9
OG45,83,,25.6,16.4
OG45,84,,87.7,15.3
OG45,85,,38.5,14
OG45,86,,39.2,11.7
OG45,87,,25.1,5.8
OG45,88,,45.3,10
OG45,89,,90.3,18.2
OG45,90,,36.4,11.5
OG45,91,,55.7,12.4
OG45,92,,150.8,28.3
OG45,93,,25.1,9.5
OG45,94,,43.2,14.8
OG45,95,,26.4,8.5
OG45,96,,39.6,14
OG45,97,,27,12.4
OG45,98,,32,8.1
OG45,99,,52.6,
OG45,100,,25.8,10.5
OG45,101,,75.4,19.7
OG45,102,,47.2,17.3
OG45,103,,39.5,13.9
OG45,104,,31.4,13.8
OG45,105,,37.8,11.5
OG45,106,,58.6,17.9
OG45,107,,43.2,19.3
OG45,108,,34.8,6.5
OG45,109,,32.1,14.8
OG45,110,,101.5,25.1
OG45,111,,48.4,20.8
OG45,112,,48.3,15.5
OG45,113,,25.1,7
OG45,114,,27.4,6.9
OG45,115,,170.8,26.7
OG45,116,,33.9,6.9
OG45,117,,53,15.4
OG45,118,,90.5,22.4
OG45,119,,34.1,6.8
OG45,120,,170.9,30.7
OG45,121,,110.6,24.5
OG45,122,,52.7,14.6
OG45,123,,38.2,10.5
OG45,124,,50.3,12
OG45,125,,48.2,9.9
OG45,126,,38.5,13.2
OG45,127,,54.1,14.7
OG45,128,,25.1,10.8
OG45,129,,26.2,7
OG45,130,,29,10.3
OG45,131,,93.4,25.6
OG45,132,,29.3,9.8
OG45,133,,46.2,13.1
OG45,134,,34.3,10.3
OG45,135,,35.7,8.6
OG45,136,,85.1,19.2
OG45,137,,80.5,20
OG45,138,,128,24.3
OG45,139,,53.2,13.9
OG45,14,,156.9,29.4
OG45,141,,31.8,8.4
OG45,142,,83,20.4
OG45,143,,25.6,8.5
OG45,144,,93,16.3
OG45,145,,114.6,21.2
OG45,146,,42.3,17.1
OG45,147,,220.7,28.3
OG45,148,,58.1,9.1
OG45,149,,39.7,
OG45,150,,26.2,
OG45,151,,44.3,13.6
OG45,152,,26.1,7.5
OG45,153,,60.3,12.2
OG45,154,,128.7,12.6
OG45,155,,28.1,12.2
OG45,156,,47.2,7.1
OG45,157,,301,31.3
OG45,158,,28.1,10.2
OG45,159,,86.3,17.5
OG45,160,,36.2,11.5
OG45,161,,260.9,30.4
OG45,162,,49.6,19.1
OG45,163,,113.8,23.6
OG45,164,,87.9,24.1
OG45,165,,112.6,23.8
OG45,166,,29.5,9.2
OG45,167,,84.5,22.3
OG45,168,,128.4,21.1
OG45,169,,84.9,20.4
OG45,170,,27.1,5.9
OG45,171,,45.2,19.8
OG45,172,,64.3,13.7
OG45,173,,26.1,7.2
OG45,174,,31.3,8.6
OG45,175,,29.1,10.7
OG45,176,,90.2,24.1
OG45,177,,43.1,18.5
OG45,178,,46.6,21.2
OG45,179,,104.2,19.5
OG45,180,,34,8
OG45,181,,28.4,9.2
OG45,182,,40.2,10.4
OG45,183,,112.7,19.5
OG45,184,,140.9,27.1
OG45,185,,48.3,16.7
OG45,186,,34,9.9
OG45,187,,64.7,19.7
OG45,188,,39.2,15.5
OG46,1,,134.2,23.1
OG46,2,,39.4,10.5
OG46,3,,26.6,7.9
OG46,4,,134.9,18.2
OG46,5,,32.4,7.9
OG46,6,,33.2,11.7
OG46,7,,29.1,5.4
OG46,8,,27.3,8
OG46,9,,144.9,25.7
OG46,10,,46.3,14.3
OG46,11,,29.2,5.2
OG46,12,,325.4,33.9
OG46,13,,40.7,13.1
OG46,14,,26.2,5.5
OG46,15,,241.1,24.7
OG46,16,,27.2,20
OG46,17,,27.1,5
OG46,18,,74,16.3
OG46,19,,29.3,6.4
OG46,20,,59.4,13.2
OG46,21,,72.6,17.1
OG46,22,,33.6,11.5
OG46,23,,27.1,4.2
OG46,24,,44.2,12.3
OG46,25,,46.6,14.6
OG46,26,,31.2,9.8
OG46,27,,67.7,16.6
OG46,28,,86.9,20.4
OG46,29,,32.6,8.2
OG46,30,,67.9,19.1
OG46,31,,28.1,12.9
OG46,32,,27.2,9.6
OG46,33,,59.5,19.8
OG46,34,,31.4,11.9
OG46,35,,25.6,5.3
OG46,36,,35.1,7.9
OG46,37,,211.3,24.8
OG46,38,,36.2,12.5
OG46,39,,253.9,30.9
OG46,40,,61.6,17.4
OG46,41,,37.1,9.8
OG46,42,,29.3,8.3
OG46,43,,35.6,10.5
OG46,44,,69.4,14.7
OG46,45,,42.3,7.9
OG46,46,,27.5,6.9
OG46,47,,26.2,10.8
OG46,48,,27.1,8.4
OG46,49,,165.2,28.7
OG46,50,,29.5,15
OG46,51,,38.3,10.3
OG46,52,,28.2,9.9
OG46,53,,37.6,11.6
OG46,54,,34.2,11.3
OG46,55,,59.2,18.3
OG46,56,,25.4,9
OG46,57,,64.2,17.5
OG46,58,,105.3,21.7
OG46,59,,79.2,19.8
OG46,60,,26.4,9.8
OG46,61,,39.2,7.3
OG46,62,,44.1,14.4
OG46,63,,36.6,13.6
OG46,64,,127.4,23.7
OG46,65,,51.5,14.6
OG46,66,,89.8,21.4
OG46,67,,37.1,7.8
OG46,68,,37.3,9.9
OG46,69,,94.5,19.3
OG46,70,,33.6,7.9
OG46,71,,25.1,9.6
OG46,72,,45,15.1
OG46,73,,63.6,17.3
OG46,74,,102.5,19.5
OG46,75,,39.2,9.8
OG46,76,,105.9,17.4
OG46,77,,116.4,20
OG46,78,,31,10
OG46,79,,251.9,30.4
OG46,80,,67.4,24.3
OG46,81,,81.3,19.1
OG46,82,,27.4,6.5
OG46,83,,25.1,15.2
OG46,84,,28.4,9
OG46,85,,93.6,5.5
OG46,86,,62.3,18.9
OG46,87,,82.6,9.1
OG46,88,,31.4,5.5
OG46,89,,35.5,6.3
OG46,90,,158.8,27.3
OG46,91,,68.6,17.2
OG46,92,,76.9,16.6
OG46,93,,36,7.6
OG46,94,,25.1,5.9
OG46,95,,27.6,9.6
OG46,96,,44.5,13.7
OG46,97,,71.5,15.3
OG46,98,,43.2,11.1
OG46,99,,165.8,23
OG46,100,,49.2,13.2
OG46,101,,49.3,11.6
OG46,102,,42.1,6.5
OG46,103,,38.6,10.2
OG46,104,,31.3,6.3
OG46,105,,69.5,14.8
OG46,106,,36.1,11
OG46,107,,26.6,8.9
OG46,108,,69.2,11.9
OG46,109,,30,10.5
OG46,110,,51.3,8.7
OG46,111,,57.3,16.4
OG46,112,,31.1,10.6
OG46,113,,167.6,28.8
OG46,114,,41.2,11.6
OG46,115,,46.1,16.4
OG46,116,,75.2,13.2
OG46,117,,136,25.1
OG46,118,,40.3,12.3
OG46,119,,29.1,9.5
OG46,120,,31.3,8.7
OG46,121,,27.1,9.4
OG46,122,,31.4,10.7
OG46,123,,117.6,18.4
OG46,124,,253.9,37.4
OG46,125,,37.2,8.1
OG46,126,,53.6,18.8
OG46,127,,47.4,17.5
OG46,128,,31.4,8.9
OG46,129,,31.6,8.6
OG46,130,,31.4,13.1
OG46,131,,59.2,16.8
OG46,132,,95.2,22.4
OG46,133,,40,11.9
OG46,134,,93,27
OG46,135,B,74.7,25.2
OG46,135,A,59.1,18.5
OG46,136,,58.3,24.1
OG46,137,,33.4,16.5
OG46,138,,79.1,9.2
OG46,139,,184.6,20.7
OG46,14,,62.1,32.2
OG46,141,,25.4,18.3
OG46,142,,270.5,10.5
OG46,143,,67.6,35.4
OG46,144,,67.4,20.6
OG46,145,,45.3,14.8
OG46,146,,26.4,17.3
OG46,147,,38,9.5
OG46,148,,43.1,14.6
OG46,149,,26.6,13.7
OG46,150,,62.1,9.1
OG46,151,,42,16.6
OG46,152,,29.3,10.3
OG46,153,,46.1,8.6
OG46,154,,53.2,18.5
OG46,155,,161,24.1
OG46,156,,63.4,16.8
OG47,1,,46.2,17.5
OG47,2,,101.3,15.8
OG47,3,,26.9,12
OG47,4,,41.1,13.1
OG47,5,,33.8,12.3
OG47,6,,62.5,14.4
OG47,7,,39.6,11.2
OG47,8,,49,12.8
OG47,9,,59.9,15.3
OG47,10,,27.2,8.8
OG47,11,,148.6,32.1
OG47,12,,25.7,9.9
OG47,13,,46.7,12.4
OG47,14,,27.9,9.7
OG47,15,,45.2,20.4
OG47,16,,222,37.3
OG47,17,,79.5,23.2
OG47,18,,49.3,15
OG47,19,,37.1,9.3
OG47,20,,70.1,21.3
OG47,21,,38.4,6.8
OG47,22,,53.8,14.1
OG47,23,,41.4,14.1
OG47,24,,25.7,6.3
OG47,25,,26.2,8.4
OG47,26,,53.3,13.8
OG47,27,,47,12.3
OG47,28,,43.2,14.3
OG47,29,,70.9,19.8
OG47,30,,53.1,12.5
OG47,31,,26.7,4.9
OG47,32,,25.9,10.9
OG47,33,,53.8,18.1
OG47,34,,37.3,14.5
OG47,35,,48,11.4
OG47,36,,51.1,13.2
OG47,37,,58.7,16.3
OG47,38,,27.7,5.2
OG47,39,,47.2,18.4
OG47,40,,96.8,20
OG47,41,,62.2,17.6
OG47,42,,26.7,6.8
OG47,43,,61.8,12.5
OG47,44,,38.6,12.3
OG47,45,,62.8,15.2
OG47,46,,63.8,12.4
OG47,47,,34.3,6.4
OG47,48,,41.6,14.4
OG47,49,,27.2,9.8
OG47,50,,29.2,7.2
OG47,51,,51.1,13
OG47,52,,109.7,23.7
OG47,53,,30.7,4.7
OG47,54,,72.9,9.5
OG47,55,,64.3,16.2
OG47,56,,41.7,12.6
OG47,57,,35.8,10.9
OG47,58,,42.4,13.1
OG47,59,,58.7,19.3
OG47,60,,28.4,9.4
OG47,61,,125.7,22.7
OG47,62,,73.8,18.3
OG47,63,,49,15.3
OG47,64,,28.4,10.1
OG47,65,,49.3,23.3
OG47,66,,97.8,24
OG47,67,,34.3,4.8
OG47,68,,28.5,9.8
OG47,69,,58.7,14.3
OG47,70,,63.2,13.1
OG47,71,,77.7,17.7
OG47,72,,179,34.2
OG47,73,,34.5,13.1
OG47,74,,52.3,6.7
OG47,75,,31.5,10.8
OG47,76,,29.2,9.4
OG47,77,,26.2,7.2
OG47,78,,50,18.2
OG47,79,,63.5,18.1
OG47,80,,87.6,15.1
OG47,81,,158.8,18.3
OG47,82,,26.7,6.5
OG47,83,,36.8,10.6
OG47,84,,182.4,32.7
OG47,85,,25.9,10.7
OG47,86,,71.6,6.1
OG47,87,,26.7,15.2
OG47,88,,51.1,19.7
OG47,89,,56.9,14.2
OG47,90,,58.9,9.6
OG47,91,,88.9,19.7
OG47,92,,55.6,15.7
OG47,93,,41.9,10.4
OG47,94,,31.8,7.3
OG47,95,,53.8,16.2
OG47,96,,35.3,9.7
OG47,97,,46.5,10.3
OG47,98,,117.1,29.7
OG47,99,,104.1,17.5
OG47,100,,165.6,25.4
OG47,101,,62.5,18.7
OG47,102,,51.3,16.5
OG47,103,,40.4,15.3
OG47,104,,60.5,14
OG47,105,,26.7,9.8
OG47,106,,61.5,18.4
OG47,107,,48.5,13.2
OG47,108,,97,20
OG47,109,,37.8,11.1
OG47,110,,33,10.3
OG47,111,,66,19.2
OG47,112,,176,27.7
OG47,113,,90.2,12.9
OG47,114,,56.1,16.5
OG47,115,,40.9,17.4
OG47,116,,34,9.4
OG47,117,,46.2,13.5
OG47,118,,105.4,25.7
OG47,119,,28.4,11.8
OG47,120,,30.5,9.2
OG47,121,,26.2,7.4
OG47,122,,29.2,7.6
OG47,123,,94.2,22
OG47,124,,103.4,17.8
OG47,125,,117.6,19.4
OG47,126,,35.6,7.3
OG47,127,,51.6,9.8
OG47,128,,31.8,7.8
OG47,129,,27.2,4.9
OG47,130,,99.3,18.5
OG47,131,,43.2,8.9
OG47,132,,30.7,5
OG47,133,,25.7,6.5
OG47,134,,36.8,6.7
OG47,135,,98.8,21.7
OG47,136,,154.4,32.4
OG47,137,,71.6,12.4
OG47,138,,31.8,9.8
OG47,139,,33.5,10.6
OG47,140,,43.4,10.1
OG47,141,,97,22
OG47,142,,29.2,15
OG47,143,,33,6.9
OG47,144,,48.8,16.3
OG47,145,,80,17.2
OG47,146,,61,11.3
OG47,147,,48.8,5.5
OG47,148,,58.4,12.3
OG47,149,,85.1,18.6
OG47,150,,47.2,18.3
OG47,151,,55.9,13.9
OG47,151,A,53.3,10.9
OG47,152,,103.6,27.4
OG47,153,,36.5,11.8
OG47,154,,36.3,8.1
OG47,155,,30.7,19.8
OG47,156,,56.4,10.2
OG47,157,,29.2,10.5
OG47,158,,46,13.6
OG48,1,,68,20.6
OG48,2,,31.4,9.8
OG48,3,,51,16.4
OG48,4,,41.5,17.5
OG48,5,,28,3.9
OG48,6,,91,21.1
OG48,7,,37.3,10.5
OG48,8,,54.6,11.7
OG48,9,,26.8,7.7
OG48,10,,350,39.6
OG48,11,,29.5,11
OG48,12,,42.6,11.8
OG48,13,,71,15.5
OG48,14,,26.6,9.4
OG48,15,,31.5,14
OG48,16,,63.5,18.5
OG48,17,,41.5,10.6
OG48,18,,39.4,12.2
OG48,19,,43.6,15.3
OG48,20,,69.5,18.8
OG48,21,,81,14.4
OG48,22,,34.5,1.7
OG48,23,,230,40.2
OG48,24,,55.5,15.2
OG48,25,,31.5,9.8
OG48,26,,33.7,11.7
OG48,27,,42,12.2
OG48,28,,138,24.3
OG48,29,,35,7.9
OG48,30,,91,15.6
OG48,31,,39,24.6
OG48,32,,30,37.1
OG48,33,,101.4,29.1
OG48,34,,31.7,9.8
OG48,35,,38.2,14.9
OG48,36,,42.5,13.5
OG48,37,,73.5,28.6
OG48,38,,68.2,14.1
OG48,39,,31.3,9.6
OG48,40,,42.5,15.3
OG48,41,,72,16.2
OG48,42,,91.5,23.3
OG48,43,,38.2,12
OG48,44,,55.5,16.2
OG48,45,,29.5,8.2
OG48,46,,37.5,21.5
OG48,47,,36,10.2
OG48,48,,131.5,29.9
OG48,49,,46.6,14.1
OG48,50,,44.7,15.7
OG48,51,,27.2,10.6
OG48,52,,65.2,15.7
OG48,53,,360,38.7
OG48,54,,32.4,11.6
OG48,55,,80,12
OG48,56,,75.5,18.8
OG48,57,,40,12.1
OG48,58,,61.8,16.9
OG48,59,,53,16.7
OG48,60,,32.5,6.6
OG48,61,,30.2,11.7
OG48,62,,26.6,7.5
OG48,63,,65.5,15.5
OG48,64,,40,15.3
OG48,65,,44.5,12
OG48,66,,59,14.2
OG48,67,,75,19.5
OG48,68,,47.5,15
OG48,69,,36.8,6.1
OG48,70,,32,11.9
OG48,71,,32,11.4
OG48,72,,77.5,18.5
OG48,73,,350,38.5
OG48,74,,41,13.5
OG48,75,,35.5,14.2
OG48,76,,41.3,17.5
OG48,77,,35.8,16.1
OG48,78,,50.5,17.8
OG48,79,,52.8,18.6
OG48,80,,38.2,12.4
OG48,81,,34.7,10.2
OG48,82,,33.5,8.1
OG48,83,,53.5,10.4
OG48,84,,30.7,13.6
OG48,85,,49,14.1
OG48,86,,38.5,9.8
OG48,87,,47.2,11.5
OG48,88,,180,31.4
OG48,89,,256,6.8
OG48,90,,30,6.7
OG48,91,,50.5,14.3
OG48,92,,47.7,21.8
OG48,93,,35.4,9.3
OG48,94,,70,19.1
OG48,95,,31.4,14.6
OG48,96,,31,11
OG48,97,,33.5,8.6
OG48,98,,81.5,21.6
OG48,99,,48.8,22.1
OG48,100,,47,22.9
OG48,101,,43.5,23.7
OG48,102,,26,7.4
OG48,103,,25,6.5
OG48,104,,230,35.9
OG48,105,,58.5,18.8
OG48,106,,82.4,15.4
OG48,107,,40,12.2
OG48,108,,40.7,12.8
OG48,109,,38.5,10.3
OG48,110,,59,15.7
OG48,111,,30,7.2
OG48,112,,26.3,7.8
OG48,113,,99.5,20.5
OG48,114,,77,19.4
OG48,115,,43,18.6
OG48,116,,32.8,12.1
OG48,117,,44.4,15
OG48,118,,41,9.1
OG48,119,,40.7,16.6
OG48,120,,50,18.6
OG48,121,,179,35.8
OG48,122,,65,23.6
OG48,123,,104,20.4
OG48,124,,28,8.6
OG48,125,,27,9.5
OG48,126,,43.5,19.3
OG48,127,,32,7.9
OG48,128,,38.6,11.5
OG48,129,,66,18.2
OG48,130,,57,13.1
OG48,131,,33.1,10.5
OG48,132,,43,14.9
OG48,133,,121,28.5
OG48,134,,50.5,19.1
OG48,135,,58,24.3
OG48,136,,32,7.9
OG48,137,,50,18
OG48,138,,36,11.3
OG48,139,,150,27.5
OG48,140,,54,14.2
OG48,141,,88,18.9
OG48,142,,27.4,13.5
OG48,143,,29.5,9.9
OG48,144,,30.2,10.2
OG48,145,,30,8.5
OG48,146,,36.5,13.2
OG48,147,,41,13.2
OG48,148,,31.3,11.5
OG48,149,,78.3,17.7
OG48,150,,50,16.4
OG48,151,,139.5,19.8
OG48,152,,44.4,11.9
OG48,153,,59,15.2
OG48,154,,40.6,16.8
OG48,155,,80,20.5
OG48,156,,90,27.9
OG48,157,,49.2,13.3
OG48,158,,66,13.1
OG48,159,,34,10.9
OG48,160,,116,21.4
OG48,161,,75,16.7
OG49,1,,36.4,8.7
OG49,2,,35.2,9.8
OG49,3,,43.1,12
OG49,4,,70.4,20.8
OG49,5,,35.5,7.6
OG49,6,,39.3,14.3
OG49,7,,49.4,17.3
OG49,8,,82,22.7
OG49,9,,36,17.9
OG49,10,,28,3.8
OG49,11,,41.1,11.9
OG49,12,,57.5,
OG49,13,,34.5,10
OG49,14,,45.5,18.5
OG49,15,,59.5,18.1
OG49,16,,37.5,11.4
OG49,17,,102.8,20.7
OG49,18,,33.4,5.8
OG49,19,,92.8,21.9
OG49,20,,81.8,19.4
OG49,21,,78,13.8
OG49,22,,83.1,21.5
OG49,23,,26.5,8
OG49,24,,99.5,24.1
OG49,25,,52.2,16.2
OG49,26,,46.8,7.5
OG49,27,,102,2.8
OG49,28,,41.2,32.6
OG49,29,,87,21.9
OG49,30,,57.2,11.2
OG49,31,,220,34.1
OG49,32,,48.7,24.4
OG49,33,,71,14.2
OG49,34,,72.2,16.5
OG49,35,,48.1,13.1
OG49,36,,67.8,14.3
OG49,37,,36.5,12.5
OG49,38,,77.6,18
OG49,39,,60.5,15.3
OG49,40,,34.5,10.4
OG49,41,,36.7,7.1
OG49,42,,38,9.7
OG49,43,,31.4,14.7
OG49,44,,29.4,10.6
OG49,45,,29.5,9.4
OG49,46,,25.8,11.5
OG49,47,,26,9.3
OG49,48,,72,18.8
OG49,49,,34,11.8
OG49,50,,59.5,17.9
OG49,51,,270,39.4
OG49,52,,42.5,12.6
OG49,53,,310,20.3
OG49,54,,135,28.7
OG49,55,,47.4,12.9
OG49,56,,54.5,19.5
OG49,57,,43.1,14.4
OG49,58,,25.6,4.2
OG49,59,,38.2,12.7
OG49,60,,60.3,19.4
OG49,61,,43,21.8
OG49,62,,29,2.5
OG49,63,,129,33.8
OG49,64,,27.5,13.9
OG49,65,,63.3,13.1
OG49,66,,42.7,12.5
OG49,67,,70,13.4
OG49,68,,36.3,10.3
OG49,69,,52.5,18.9
OG49,70,,27.7,11.2
OG49,71,,39.2,15.2
OG49,72,,44.5,7.8
OG49,73,,35,4
OG49,74,,249,35.1
OG49,75,,131.8,27.5
OG49,76,,25.4,8.6
OG49,77,,28.2,10.8
OG49,78,,33.4,13.2
OG49,79,,39.7,14.8
OG49,80,,35.2,11.4
OG49,81,,33.6,11.7
OG49,82,,26.5,11.8
OG49,83,,34.7,12.5
OG49,84,,42,18.3
OG49,85,,30.2,10.9
OG49,86,,34.8,11.3
OG49,87,,48.4,17.6
OG49,88,,250,27.3
OG49,89,,77.5,23
OG49,90,,63.1,19.4
OG49,91,,350,34.8
OG49,92,,35.5,13.5
OG49,93,,49.6,14.1
OG49,94,,25.3,8.4
OG49,95,,39,12.4
OG49,96,,68,29.6
OG49,97,,98.8,28.9
OG49,98,,27.7,3.3
OG49,99,,56.3,19
OG49,100,,45.7,18.4
OG49,101,,28.4,10.6
OG49,102,,25.3,6.9
OG49,103,,32,9.6
OG49,104,,64.6,7.1
OG49,105,,245,37.4
OG49,106,,36.2,11
OG49,107,,152,35.2
OG49,108,,250,38.1
OG49,109,,30.6,11.6
OG49,110,,107.2,29.2
OG49,111,,26.2,10.3
OG49,112,,60,16.5
OG49,113,,101.8,24.8
OG49,114,,145,29.6
OG49,115,,25,9.3
OG49,116,,87.4,18.5
OG49,117,,75,26.5
OG49,118,,41.7,20.4
OG49,119,,30.4,8.7
OG49,120,,47,21.7
OG49,121,,152,23.8
OG49,122,,94,21
OG49,123,,29.3,9.8
OG49,124,,92.5,19.3
OG49,125,,41.9,12
OG49,126,,81,11.3
OG49,127,,27.6,10.4
OG49,128,,28.5,11.5
OG49,129,,40.8,12.2
OG49,130,,40.5,14.6
OG49,131,,52.2,15
OG49,132,,42.7,12.6
OG49,133,,40,5.3
OG49,134,,42.5,12.8
OG49,135,,61.9,19.4
OG49,136,,49,12.9
OG49,137,,48.3,16.5
OG49,138,,75.8,29
OG49,139,,27.5,9.4
OG50,1,,60.5,14.7
OG50,2,,39.6,14.3
OG50,3,,40,13.9
OG50,4,,43.5,15.8
OG50,5,,67.3,11.4
OG50,6,,30.5,10.5
OG50,7,,27.6,7.8
OG50,8,,198.5,32.5
OG50,9,,74,16.3
OG50,10,,42.4,18.3
OG50,11,,37.7,6
OG50,12,,25.5,11.2
OG50,13,,29,8.1
OG50,14,,35.3,11.5
OG50,15,,74.8,18.3
OG50,16,,41.1,16.8
OG50,17,,32,12.7
OG50,18,,47.2,15.9
OG50,19,,47.5,12.5
OG50,20,,95.6,20.2
OG50,21,,35.8,10.2
OG50,22,,48.8,13.3
OG50,23,,31.5,9.4
OG50,24,,29.6,9.2
OG50,25,,41,14.7
OG50,26,,40.6,14.9
OG50,27,,47.4,12
OG50,28,,32.5,13.5
OG50,29,,43.6,13.7
OG50,30,,80.6,19.9
OG50,31,,37.5,10.8
OG50,32,,35.8,17.5
OG50,33,,42.1,20.8
OG50,34,,32.5,13.9
OG50,35,,36.3,13.8
OG50,36,,60.5,16.1
OG50,37,,62,13.1
OG50,38,,77.1,16
OG50,39,,56.3,14.9
OG50,40,,85.7,19.3
OG50,41,,85,24.7
OG50,42,,65.5,19.5
OG50,43,,27.1,12.2
OG50,44,,86,27.5
OG50,45,,61.5,14.7
OG50,46,,75,23.7
OG50,47,,40.5,15.1
OG50,48,,47.7,14.7
OG50,49,,39.8,13.4
OG50,50,,81.1,17.7
OG50,51,,78,14.4
OG50,52,,72.5,13
OG50,53,,81.5,17.8
OG50,54,,45.8,15.8
OG50,55,,82.7,17.9
OG50,56,,42.3,15.6
OG50,57,,92,20.1
OG50,58,,29.8,7.2
OG50,59,,25.5,11.4
OG50,60,,40,17.3
OG50,61,,27.5,12
OG50,62,,69,24.8
OG50,63,,32.6,7.6
OG50,64,,42,16.9
OG50,65,,48.4,13.8
OG50,66,,26.3,12.1
OG50,67,,69.5,11.8
OG50,68,,91,20.9
OG50,69,,41.6,15.3
OG50,70,,26.7,7.1
OG50,71,,45.6,8.2
OG50,72,,45,9.9
OG50,73,,56,12.5
OG50,74,,91,21.2
OG50,75,,51.5,19.8
OG50,76,,27,7.9
OG50,77,,33.5,7.9
OG50,78,,26.8,6.8
OG50,79,,34.2,7.2
OG50,80,,36.5,11.3
OG50,81,,25,7.1
OG50,82,,38,14.1
OG50,83,,32.7,9.3
OG50,84,,32.6,10.5
OG50,85,,44,13
OG50,86,,71.5,18.9
OG50,87,,114.5,29.5
OG50,88,,78,19.2
OG50,89,,36,17.4
OG50,90,,75,20
OG50,91,,51,12.6
OG50,92,,77,19.7
OG50,93,,28.4,8.2
OG50,94,,56.5,18.5
OG50,95,,78,18.8
OG50,96,,25.2,7.4
OG50,97,,69,15
OG50,98,,83.3,18
OG50,99,,74,19.4
OG50,100,,75,25.7
OG50,101,,29,6.1
OG50,102,,59.7,17.2
OG50,103,,34.2,10.9
OG50,104,,27.5,6.9
OG50,105,,35,13.1
OG50,106,,40,12.8
OG50,127,,50.3,14.4
OG50,128,,173,22.2
OG50,129,,31,10.5
OG50,130,,47.5,15.6
OG50,131,,220,30.4
OG50,132,,73,15.2
OG50,133,,29,8.6
OG50,135,,65.4,18.8
OG50,136,,47,15
OG50,137,,96.7,22.5
OG50,138,,26.9,13.3
OG50,139,,70,19.9
OG50,140,,37.4,14.8
OG50,141,,214,27
OG50,142,,40.7,18.6
OG50,143,,70.8,11.4
OG50,144,,25,8.1
OG50,145,,36,13
OG50,146,,28.3,11.7
OG50,147,,39.4,13.7
OG50,148,,37.6,6.4
OG50,149,,26,10.8
OG50,151,,28,5.2
OG50,152,,27,8.3
OG50,153,,44.3,13.7
OG50,154,,90.7,23.6
OG50,155,,51,6.1
OG50,156,,293,10.2
OG50,157,,75.5,16.5
OG50,158,,230,29.9
OG50,159,,37,11.4
OG50,160,,32,10.5
OG50,161,,46,9
OG50,162,,45.7,4.3
OG50,163,,28.1,9.1
OG50,164,,47.7,8.7
OG50,165,,40.5,9.8
OG50,167,,39.2,16.2
OG50,168,,65,18.8
OG50,169,,25,7.9
OG50,170,,71.8,17.5
OG50,171,,94.4,28.7
OG50,172,,29,7.7
OG50,173,,35.5,14.8
OG50,174,,25.3,6.9
OG50,175,,30,5.8
OG50,176,,46.3,15.1
OG50,177,,31.8,7.2
OG50,178,,76.5,18.3
OG50,179,,62.3,17.4
OG50,180,,57,15
OG50,181,,35,8.4
OG50,183,,27.8,10.7
OG50,184,,54.7,14.6
OG50,185,,36.3,15.1
OG50,186,,33,10.7
OG50,187,,26,7
OG50,188,,28.9,8.2
OG50,189,,27,9.8
OG50,190,,60,13.2
OG50,191,,33.5,11.4
OG50,192,,78,18.1
OG50,193,,42.2,14.8
OG50,195,,94,21.1
OG50,196,,25,4
OG50,197,,25.1,5.1
OG50,198,,53.6,16.8
OG50,199,,35.5,7.7
OG50,200,,39.3,12.5
OG50,107,,50.7,16.9
OG50,108,,59.2,15.2
OG50,109,,35.6,6.3
OG50,110,,40.6,20.1
OG50,111,,61.7,18.7
OG50,112,,40.2,11
OG50,113,,63.7,15.1
OG50,114,,70.6,19.5
OG50,115,,54,15.6
OG50,116,,220,20.6
OG50,117,,33,13.1
OG50,118,,40.5,11.5
OG50,119,,25.2,10.3
OG50,120,,41.6,15.4
OG50,121,,82.7,19.4
OG50,122,,39,12.5
OG50,123,,86.3,20.5
OG50,124,,86.2,20.5
OG50,125,,38.4,12.1
OG50,126,,36.8,12.6
OG50,134,,60,14.4
OG50,150,,35.3,13.5
OG50,166,,45.5,11
OG50,182,,63,15.6
OG50,194,,25.2,5.1
OG51,1,,48.1,10.4
OG51,2,,52.3,19.8
OG51,3,,50.4,9.5
OG51,4,,35.9,10.3
OG51,5,,25.4,11.8
OG51,6,,60.2,10.6
OG51,7,,130.9,30.8
OG51,8,,48.2,10.6
OG51,9,,49,14.9
OG51,10,,28.6,8.5
OG51,11,,70.4,19.3
OG51,12,,69.9,17.4
OG51,13,,37.5,15.8
OG51,14,,34.1,5.9
OG51,15,,80.9,20.1
OG51,16,,61.2,12.4
OG51,17,,27.1,10.7
OG51,18,,54.3,15.1
OG51,19,,31.1,11.2
OG51,20,,48.5,16
OG51,21,,77.6,26.1
OG51,22,,31.7,10.5
OG51,23,,58.9,17.2
OG51,24,,39.6,7.6
OG51,25,,39.5,5.4
OG51,26,,28.8,11.5
OG51,27,,83.4,18.2
OG51,28,,81.3,16.6
OG51,29,,321.3,37.9
OG51,30,,27.1,10.8
OG51,31,,34.7,12.2
OG51,32,,51.8,14.5
OG51,33,,36,15
OG51,34,,41.6,12.5
OG51,35,,40.5,20.1
OG51,36,,45.7,21.8
OG51,37,,35,11.5
OG51,38,,33.2,9.8
OG51,39,,45.5,16.3
OG51,40,,43.3,16.8
OG51,41,,38.8,12.3
OG51,42,,116.7,22.5
OG51,43,,34.9,8
OG51,44,,40.1,17.2
OG51,45,,75.2,14.3
OG51,46,,106.7,27.8
OG51,47,,34.4,12.2
OG51,48,,37.2,10.6
OG51,49,,78.7,17.7
OG51,50,,44.8,15.5
OG51,51,,105.1,22.3
OG51,52,,103.9,28.5
OG51,53,,44.1,10.1
OG51,54,,58.2,12.7
OG51,55,,85.6,15.9
OG51,56,,28.3,10.7
OG51,57,,35.5,5.4
OG51,58,,47,20.3
OG51,59,,80.4,19.8
OG51,60,,52,26.3
OG51,61,,25.5,11.1
OG51,62,,59.3,18.5
OG51,63,,30.4,12.7
OG51,64,,55.7,9.8
OG51,65,,78.5,19.2
OG51,66,,54.7,15.4
OG51,67,,99.5,27.8
OG51,68,,43.1,10.4
OG51,69,,43.9,14.2
OG51,70,,57.6,17.5
OG51,71,,49.3,15
OG51,72,,71.2,19.3
OG51,73,,89.5,22.4
OG51,74,,59.1,17.1
OG51,75,,38.3,9.8
OG51,76,,90.9,19.8
OG51,77,,30.5,12.7
OG51,78,,190.7,30.7
OG51,79,,32.8,12.1
OG51,80,,58.9,16.5
OG51,81,,26.4,11.4
OG51,82,,95.1,20.7
OG51,83,,46.5,14.2
OG51,84,,35.2,13.1
OG51,85,,48.8,14.1
OG51,86,,27.4,11.2
OG51,87,,34.1,11.5
OG51,88,,42.3,11.3
OG51,89,,43.9,17.6
OG51,90,,31.5,13
OG51,91,,31.3,11.6
OG51,92,,31.5,8.8
OG51,93,,106.9,27.1
OG51,94,,29.3,11.3
OG51,95,,76.6,19.5
OG51,96,,37.5,12.7
OG51,97,,33.7,12.5
OG51,98,,99.5,23.8
OG51,99,,62.7,12.9
OG51,100,,38.5,13.5
OG51,101,,241.7,35.6
OG51,102,,38.5,14.4
OG51,103,,39.1,14.1
OG51,104,,49.3,16.5
OG51,105,,32.1,11.7
OG51,106,,25.2,6.5
OG51,107,,71.9,17.1
OG51,108,,34.3,14
OG51,109,,28.5,9.5
OG51,110,,48.2,17.4
OG51,111,,28.4,5.9
OG51,112,,52.9,11.2
OG51,113,,53.4,17.1
OG51,114,,39.5,12.7
OG51,115,,44.6,17.9
OG51,116,,44.5,17.5
OG51,117,,41.8,13.6
OG51,118,,41.6,13
OG51,119,,36.5,15.5
OG51,120,,65.2,9.7
OG51,121,,34.5,8.4
OG51,122,,381.9,38.6
OG51,123,,41.6,18.6
OG51,124,,80.7,22.5
OG51,125,,38.3,11.7
OG51,126,,98.2,23.1
OG51,127,,48.3,14.5
OG51,128,,356.9,34.7
OG51,129,,29.5,9.8
OG51,130,,56.1,16.4
OG51,131,,44.5,16
OG51,132,,43.2,18.1
OG51,133,,41.8,17.7
OG51,134,,42.9,16.9
OG51,135,,27.6,5.5
OG51,136,,40.3,10.3
OG51,137,,26.1,4.6
OG51,138,,49.3,15.5
OG51,139,,44.1,12.2
OG51,14,,82.3,24.4
OG51,141,,25.2,7.1
OG51,142,,26.8,9.7
OG51,143,,61.2,17.2
OG51,144,,382.7,39.7
OG51,145,,41.3,16.5
OG51,146,,310.5,35.8
OG51,147,,30.7,12.1
OG51,148,,87.5,19.4
OG51,149,,70.2,18.2
OG51,150,,41.1,18.5
OG51,151,,29.3,11.6
OG51,152,,32.2,11.3
OG51,153,,101.2,20.7
OG51,154,,42.4,13.9
OG51,155,,48.5,7.7
OG51,156,,37,13.1
OG51,157,,43.1,11.8
OG51,158,,398.7,39.2
OG51,159,,46,14.5
OG51,160,,26.2,6.8
OG51,161,,37.4,10.1
OG51,162,,120.9,29.8
OG52,1,,43.6,16.6
OG52,2,,34,6.8
OG52,3,,80.5,20.1
OG52,4,,32.6,9.8
OG52,5,,38.2,12.6
OG52,6,,25,11.8
OG52,7,,150,32.3
OG52,8,,47.5,14.4
OG52,9,,30,12.2
OG52,10,,46.6,13.9
OG52,11,,33,7.4
OG52,12,,250,37.5
OG52,13,,31.5,7.3
OG52,14,,43.8,26.8
OG52,15,,29.6,7.6
OG52,16,,114.4,30.7
OG52,17,,28.6,12.7
OG52,18,,29.6,7.6
OG52,19,,44.5,15.4
OG52,20,,30,12.9
OG52,21,,34,15.8
OG52,22,,47.5,14.2
OG52,23,,59.5,16.4
OG52,24,,35.5,12.7
OG52,25,,31.5,10.8
OG52,26,,45,14.7
OG52,27,,41.3,12.2
OG52,28,,50.3,14.8
OG52,29,,200,34.9
OG52,30,,64,14.9
OG52,31,,41,12.7
OG52,32,,37.6,10.5
OG52,33,,230,33.4
OG52,34,,150,29.1
OG52,35,,37.7,13
OG52,36,,51.2,14.8
OG52,37,,215,35.1
OG52,38,,55.7,19.8
OG52,39,,47,14.1
OG52,40,,42,13.9
OG52,41,,40,11.7
OG52,42,,66.2,13.1
OG52,43,,34.7,11.3
OG52,44,,57.2,16.1
OG52,45,,46.7,11.9
OG52,46,,37,15.2
OG52,47,,36,12.5
OG52,48,,230,31.6
OG52,49,,28.7,10.8
OG52,50,,27.2,3.1
OG52,51,,25.5,3.9
OG52,52,,31.8,13.2
OG52,53,,37.5,8.3
OG52,54,,70.5,21.2
OG52,55,,29.5,9.7
OG52,56,,46.6,12.8
OG52,57,,33.8,12
OG52,58,,30.8,11.9
OG52,59,,84.5,21.3
OG52,60,,30.6,9.9
OG52,61,,127,31.6
OG52,62,,90,23.5
OG52,63,,31.6,10.5
OG52,64,,59.5,20.5
OG52,65,,26.1,8.9
OG52,66,,45.5,10.7
OG52,67,,50.5,11.2
OG52,68,,62.7,16.2
OG52,69,,27.2,10.3
OG52,70,,34.5,12.2
OG52,71,,29,11.8
OG52,72,,44,12.3
OG52,73,,27.9,10.9
OG52,74,,41.4,15.6
OG52,75,,26.9,6.7
OG52,76,,115,15.2
OG52,77,,30.8,9
OG52,78,,28,8.5
OG52,79,,97.4,26
OG52,80,,50,13.2
OG52,81,,34.8,12.5
OG52,82,,29.2,6.7
OG52,83,,38.5,12.6
OG52,84,,42.5,14.8
OG52,85,,99.5,21.3
OG52,86,,28.2,6.4
OG52,87,,34.8,12.4
OG52,88,,70.8,18.9
OG52,89,,45.2,23.4
OG52,90,,67,28.1
OG52,91,,31.2,9.4
OG52,92,,68.5,17.8
OG52,93,,150.7,35.4
OG52,94,,127,35
OG52,95,,46,13.9
OG52,96,,31.6,11.3
OG52,97,,32.8,12
OG52,98,,46.8,20.4
OG52,99,,67,14.5
OG52,100,,300,35.8
OG52,101,,36.4,10.1
OG52,102,,28.5,7.2
OG52,103,,73,19.5
OG52,104,,61.4,15.8
OG52,105,,206,33.4
OG52,106,,91.3,20
OG52,107,,56.8,12.7
OG52,108,,35,11.9
OG52,109,,161,38.2
OG52,110,,49.2,18.8
OG52,111,,148.5,25.7
OG52,112,,42.3,10.2
OG52,113,,28,7.8
OG52,114,,30.3,4
OG52,115,,97.1,22.3
OG52,116,,27.5,10.1
OG52,117,,31.5,13.2
OG52,118,,101,22.5
OG52,119,,41,17.6
OG52,120,,44,16.4
OG52,121,,43.5,14.8
OG52,122,,31.2,12.9
OG52,123,,39.5,12.9
OG52,124,,51.6,15.8
OG52,125,,31.5,17.2
OG52,126,,62.5,24.1
OG52,127,,31.6,11.3
OG52,128,,310,20
OG52,129,,55.5,18.7
OG52,130,,33.4,13
OG52,131,,40,16.7
OG52,132,,49.8,17.1
OG52,133,,26.6,9.6
OG52,134,,82.7,21.2
OG52,135,,29.3,11.1
OG52,136,,39.5,14.1
OG52,137,,25.1,8.8
OG52,138,,56,15.2
OG52,139,,27,10.5
OG52,140,,28,10.6
OG52,141,,162,30.8
OG52,142,,47,15.7
OG52,143,,26,9.2
PA53,1,,39.2,10
PA53,2,,28.7,7.5
PA53,3,,40.3,12.3
PA53,4,,29.5,6.9
PA53,5,,30.1,8
PA53,6,,45.5,12.5
PA53,7,,27.3,6.8
PA53,8,,26.8,8
PA53,9,,29,7.2
PA54,1,A,45.6,5.9
PA54,1,B,56,4.5
PA54,2,,102.2,
PA54,3,,82.1,14.3
PA54,4,,151.6,19.8
PA54,5,,30.1,3.9
PA54,6,,63.5,13.7
PA54,7,,78.4,17.2
PA54,8,,67.2,16.7
PA54,9,,48.1,10.3
PA55,1,,47.3,4.4
PA55,2,,40.5,10.7
PA55,3,,43.4,3.9
PA55,4,A,69.7,16.2
PA55,4,B,58.6,15
PA55,4,C,45.3,13.5
PA55,5,,39.5,3.4
PA56,1,,38.4,7.3
PA56,2,,38.2,6.8
PA56,3,,36.5,8.1
PA56,4,,36.2,6.9
PA56,5,,40.2,9.9
PA56,6,,45,11.8
PA56,7,,40.4,7.8
PA56,8,,27.3,5.9
PA56,9,,32.6,5.2
PA56,10,,25.4,6.5
PA56,11,,34.6,7.9
PA57,1,,45.2,15.1
PA57,2,,90.5,25.5
PA57,3,,49.7,12.4
PA57,4,,73.3,10.2
PA57,5,,93.4,18.7
PA57,6,,62.1,18.5
PA57,7,,59.4,18
PA57,8,,48.7,19.1
PA57,9,,50.3,20.4
PA57,10,,53.6,19.6
PA57,11,,52.4,20.9
PA57,12,,43.1,18.4
PA57,13,,40.8,15.1
PA57,14,,44.2,17.6
PA57,15,,58.6,19.9
PA57,16,,40.5,17.2
PA57,17,,37.4,10.1
PA57,18,,54.3,19.8
PA57,19,,46.2,16.5
PA57,20,,48.4,21.3
PA58,1,,78.6,14.5
PA58,2,,55.3,12.3
PA58,3,,102.3,22.8
PA58,4,,92.4,13.2
PA58,5,,127.6,28.4
PA58,6,,104.4,17.9
PA58,7,,141.3,25.6
PR19,1,,27.3,8.7
PR19,2,,32.3,2.1
PR19,3,,37.4,3.7
PR19,4,,105.6,11.4
PR19,5,,39.1,6.9
PR19,6,A,58.3,7
PR19,6,B,38.4,6.9
PR19,6,C,27.1,5.4
PR19,7,,46.2,4.7
PR19,8,,76.4,15.9
PR19,9,,85.6,22.5
PR19,10,,55.7,19.2
PR19,11,,52.2,13.1
PR19,12,,50.3,11.4
PR19,13,A,112.6,17.2
PR19,13,B,57.3,14.8
PR19,14,,56.6,17.9
PR19,15,,75.1,16.8
PR19,16,,63.5,15.9
PR19,17,A,30.8,6.7
PR19,17,B,30.5,5.4
PR19,18,,28.6,4.7
PR19,19,A,89.9,18.8
PR19,19,B,31.5,10.6
PR19,19,C,26.1,7.3
PR19,20,,33.2,11.1
PR19,21,,55.1,13.5
PR19,22,,61.7,14.9
PR19,23,A,28.3,8.6
PR19,23,B,28.3,5.9
PR19,24,,34.3,7.2
PR19,25,,38.4,8.5
PR19,26,,55.5,17.3
PR19,27,A,47.8,15.9
PR19,27,B,37.9,11.6
PR19,28,,58.1,11.1
PR19,29,,29.6,8.8
PR19,30,,31.2,6.5
PR19,31,,57.1,11.8
PR19,32,A,109.5,14.3
PR19,32,B,84.6,10.7
PR19,33,A,31.5,5.3
PR19,33,B,31,4.8
PR19,33,C,26.1,4.8
PR19,34,,44.4,8.7
PR19,35,,39.6,11.4
PR19,36,,50.1,10.2
PR19,37,,55.2,12.4
PR19,38,A,26.9,6.7
PR19,38,B,26.1,6.5
PR19,38,C,27.2,5.3
PR19,39,,25.1,6.9
PR19,40,A,64.5,12.7
PR19,40,B,56.5,11.4
PR19,41,,52.7,10.2
PR19,42,,51.2,12.8
PR19,43,,69.1,10.9
PR19,44,,80.5,12.8
PR19,45,A,70.1,8.2
PR19,45,B,65.1,6.4
PR19,46,,47.6,13.2
PR20,1,,29.1,4.1
PR20,2,,32,3.9
PR20,3,A,38.1,5.4
PR20,3,B,37.5,5.2
PR20,4,,33.8,4.5
PR20,5,A,34.2,5.1
PR20,5,B,32.6,5
PR21,1,,95,20.1
PR21,2,,49.2,20.5
PR21,3,A,77,15.6
PR21,3,B,85.2,14.4
PR21,4,,57.5,14.5
PR21,5,,33.1,10.3
PR21,6,,38.1,9.7
PR21,7,,28.3,12.4
PR21,8,,27,5.6
PR21,9,,29.5,7.1
PR21,10,,48.5,8.7
PR21,11,,44.1,12.3
PR21,12,,48.2,15.2
PR21,13,,40.9,14.8
PR21,14,A,38.4,15.2
PR21,14,B,32.7,14
PR21,15,,45.5,16.1
PR21,16,,124,25.9
PR21,17,,33.1,11.5
PR21,18,,45.6,22.3
PR21,19,,56.7,13.2
PR21,20,,32.6,12.9
PR21,21,,29,9.5
PR21,22,,46.4,15.2
PR21,23,,74.2,17.7
PR21,24,,96.5,24.1
PR21,25,,40.5,12.3
PR21,26,,40.1,9.5
PR21,27,,27.6,10.3
PR21,28,,28.5,15.9
PR21,29,,36.5,11.6
PR21,30,,56,15.4
PR21,31,,31.2,10.8
PR21,32,,50,16.3
PR21,33,,36.4,8.7
PR21,34,,33,9.6
PR21,35,,29.2,8.8
PR21,36,,41.2,12.9
PR21,37,,27.4,10.5
PR21,38,,40,18.2
PR21,39,,39,11.9
PR21,40,,25.5,5.6
PR21,41,,46.7,13.1
PR21,42,,40.6,12.9
PR21,43,,30.2,9.8
PR21,44,,33.1,11.7
PR21,45,,27.5,
PR21,46,,28,10.4
PR21,47,,102,24.3
PR21,48,,47.1,11.3
PR21,49,,39,10.5
PR21,50,,41.7,11.1
PR21,51,,36.2,15.7
PR21,52,A,76,17.3
PR21,52,B,75,15.2
PR21,53,,43.1,16.5
PR21,54,,74.1,18.7
PR21,55,,25.5,8.9
PR21,56,,55.3,16
PR21,57,,33.9,10.6
PR21,58,,33.3,13.4
PR21,59,,55.7,15.7
PR21,60,,29.6,13.3
PR21,61,,36.4,8.5
PR21,62,,30.5,9.4
PR21,63,,41,10
PR21,64,,31.5,13.8
PR21,65,,44.5,12.9
PR21,66,,27,5.5
PR21,67,,108.1,22.1
PR21,68,,27.2,6.8
PR21,69,,26.6,12.6
PR21,70,,36,10.5
PR21,71,,50.4,12.9
PR21,72,,30.8,12.5
PR21,73,,37.5,14
PR21,74,A,32.4,14.9
PR21,74,B,28.1,9.2
PR21,75,,28.5,7.9
PR21,76,,50.2,16.4
PR21,77,,52.5,11.6
PR21,78,,36.8,9.8
PR21,79,,33.3,8.3
PR21,80,,49.1,17.1
PR21,81,,45.1,16.4
PR21,82,,26.5,15.3
PR21,83,,28,7.9
PR21,84,,36.5,14.6
PR21,85,,74.8,17.3
PR21,86,,43.1,12.9
PR21,87,,29.1,10.2
PR21,88,,33.5,11.5
PR21,89,,50,17.3
PR21,90,,63.2,18.5
PR21,91,,55,19
PR21,92,A,94.5,21.1
PR21,92,B,26,13.9
PR21,93,,27.7,9.2
PR21,94,,128,26.8
PR21,95,,38.1,10.6
PR21,96,,47.8,19.5
PR21,97,,75,19.2
PR21,98,,30.8,7.5
PR21,99,,33.2,9.7
PR21,100,,49,19.4
PR21,101,,113.5,21.2
PR21,102,,45.5,11.6
PR21,103,,31.6,7.8
PR21,104,,31.7,8.3
PR21,105,,58.2,16.9
PR21,106,,32.4,9.7
PR21,107,,33.5,6.4
PR21,108,,61.2,11.5
PR21,109,,59.6,19.6
PR21,110,,99.5,22.3
PR21,111,,45.2,15.2
PR21,112,,107.3,26.5
PR21,113,,38,12.3
PR21,114,,37.6,10.8
PR21,115,,53.2,14.6
PR21,116,,52.1,16.8
PR21,117,,92,25.3
PR21,118,,29,12.9
PR21,119,,36.5,12
PR21,120,,40.1,16.4
PR21,121,,42.2,11.8
PR21,122,,40.3,9
PR21,123,,60.2,6.3
PR21,124,,28,8.5
PR21,125,,105.3,23
PR21,126,,43.2,14.1
PR21,127,,91.5,17.9
PR21,128,A,71.2,15.9
PR21,128,B,61.7,14.6
PR21,129,,67.5,15.8
PR21,130,,66,17.2
PR21,131,,97.5,23.1
PR21,132,,25.1,5.3
PR21,133,,46.5,14.2
PR21,134,,33.5,9.4
PR21,135,,51.2,13
PR21,136,,84.2,21.1
PR21,137,,27,12
PR21,138,,49.4,18.5
PR21,139,,155,25.8
PR21,14,,74.3,17
PR21,141,,70.4,20.9
PR21,142,,40,10.8
PR21,143,,54,
PR21,144,,47.2,12.5
PR21,145,,49.1,10.2
PR21,146,,31.6,8.9
PR21,147,,115,22.7
PR21,148,,35,
PR21,149,,36.2,11.3
PR21,150,,26.5,6.6
PR21,151,,57.1,11.7
PR21,152,,84.5,15.2
PR21,153,,39.5,9
PR21,154,,36.5,13.1
PR21,155,,30.3,11.7
PR21,156,,70.1,17
PR21,157,,37,13.8
PR21,158,,26.1,6.5
PR21,159,,91.5,19.3
PR21,160,,35,11.2
PR21,161,,28.5,9.5
PR21,162,,108.1,23.8
PR21,163,,36.2,10
PR21,164,,86,25.6
PR21,165,,75,18.5
PR21,166,,25.1,11
PR21,167,,46,20.3
PR21,168,,76,21.5
PR21,169,,115,22.1
PR21,170,,62.5,16.4
PR21,171,,78.5,19.3
PR21,172,,34.5,12.5
PR21,173,,33.6,10.4
PR21,174,,40.2,9.8
PR21,175,,29.2,9.2
PR21,176,,105.9,18.4
PR21,177,,46.3,15.7
PR21,178,,57.4,12
PR21,179,,26.5,7.1
PR21,180,,39.1,16.2
PR21,181,,60.4,13.8
PR21,182,,41.5,13
PR21,183,,34.3,9.8
PR21,184,,30.4,8.3
PR21,185,,39.5,9.6
PR21,186,,32.5,17.2
PR21,187,,68.4,16.4
PR21,188,,65.5,15.1
PR21,189,,54.6,16.9
PR21,190,,111,22.8
PR21,191,,136.9,25.5
PR21,192,,63.3,17.4
PR21,193,,34.6,10.8
PR21,194,,40.5,13.9
PR21,195,A,30.3,7.4
PR21,195,B,29.4,6.7
PR21,196,,114,23.6
PR21,197,,37.6,13.3
PR21,198,,34.6,14.5
PR21,199,,64,15
PR21,200,,27.1,12.1
PR21,201,,92.3,14.3
PR21,202,,30.1,18.8
PR21,203,,32.5,12.1
PR21,204,,43.1,9.7
PR21,205,,34.5,10
PR21,206,,94.2,21.4
PR21,207,,35.1,15.1
PR21,208,,103,17.4
PR21,209,,49.5,12.7
PR21,210,,42.8,7.9
PR21,211,,36.3,10.4
PR21,212,,45,14.2
PR21,213,,63.2,16.6
PR21,214,,81.2,19.3
PR21,215,,135,22.5
PR21,216,A,29.7,13.6
PR21,216,B,39,13.2
PR21,216,C,34.5,5.9
PR21,217,,25.2,6.4
PR21,218,,25,7.5
PR22,1,,28.2,8.5
PR22,2,,48.6,11.5
PR22,3,,37.2,9.2
PR22,4,,58,15.3
PR22,5,,64.2,9.9
PR22,6,,37,7.4
PR22,7,,29.2,9.5
PR22,8,,35.1,8.4
PR22,9,,29,9.1
PR22,10,,37.1,10.9
PR22,11,,44.2,15.6
PR22,12,,56.1,6.6
PR22,13,,86,13.1
PR22,14,,68.6,16
PR22,15,,42.7,10.2
PR22,15,A,37,10
PR22,16,,34.2,8.5
PR22,17,,39.1,10.6
PR22,17,A,31.2,10.6
PR22,17,B,26.2,7.1
PR22,17,C,46.4,10.5
PR22,18,,49.9,13.7
PR22,19,,36.2,7
PR22,20,,44.1,15.2
PR22,20,A,43.8,14.1
PR22,21,,94.6,15.5
PR22,22,,44.2,17
PR22,23,,43,17.8
PR22,24,,29.6,5.8
PR22,24,A,25.2,6.4
PR22,25,,60.1,15.3
PR22,26,,36.2,8.7
PR22,27,,53.6,13.4
PR22,27,A,48.5,13.4
PR22,27,B,47.1,13.4
PR22,27,C,30.7,12.2
PR22,28,,32.4,6.5
PR22,29,,33.3,8
PR22,30,,31.5,
PR22,31,,28.2,10.3
PR22,32,,106,16.8
PR22,32,A,73.6,16.8
PR22,32,B,70.1,16.5
PR22,33,,42.1,7.2
PR22,34,,28.4,9.4
PR22,35,,102.7,18.4
PR22,36,,80.2,19.1
PR22,37,,60.8,14.4
PR22,38,,25.7,11.9
PR22,39,,250.7,13.2
PR22,40,,74.1,8.4
PR22,41,,99.2,9.5
PR22,42,,81.2,27.2
PR22,43,,43,7.9
PR22,44,,28.6,5.6
PR22,45,,42.4,8.4
PR22,46,,41.4,9.1
PR22,47,,85.1,10.7
PR22,48,,29.3,8.9
PR22,48,A,28.1,8.9
PR22,49,,25,8.1
PR22,50,,45.1,14.1
PR22,51,,104.1,19
PR22,52,,29,11.3
PR22,53,,59.3,12
PR22,53,A,46.1,10.5
PR22,54,,92.1,29.3
PR22,55,,32,8.2
PR22,56,,36.5,9.8
PR22,57,,68.2,13.5
PR22,58,,30.6,9.4
PR22,59,,40.3,12.5
PR22,60,,26.4,8.1
PR22,61,,31.2,5
PR22,62,,47.6,12.5
PR22,63,,55.8,8.1
PR22,63,A,47.4,7.9
PR22,63,B,47.1,7.7
PR22,63,C,40.2,7
PR22,64,,38,7
PR22,65,,48.2,14.5
PR22,66,,25.4,7.1
PR22,67,,125.3,21
PR22,68,,57.4,18.8
PR22,69,,32.3,8
PR22,70,,78.2,16.2
PR22,71,,65.2,17.8
PR22,72,,120.3,13.6
PR22,73,,67.1,17.7
PR22,74,,25.3,17.5
PR22,75,,46.4,14.3
PR22,76,,25.6,5
PR22,77,,51.4,7.8
PR22,78,,65.2,9.3
PR22,79,,115.4,16.4
PR22,80,,29.2,9.3
PR22,81,,30.1,6.7
PR22,82,,35.3,7
PR22,83,,39.2,
PR22,84,,44.2,10.5
PR22,85,,26.3,6.8
PR22,86,,36.2,10.8
PR22,87,,29.8,6.9
PR22,88,,34.1,9.4
PR22,89,,32.5,11.2
PR22,90,,37.3,9.8
PR22,91,,34.9,6.3
PR22,92,,29.2,11.1
PR22,93,,38.5,7.7
PR22,94,,31.3,5.1
PR22,95,,26.1,6.8
PR22,96,,38.4,10.5
PR22,97,,35.3,7.8
PR22,98,,106.1,13
PR22,99,,28.1,9.6
PR22,100,,62.3,15.7
PR22,101,,27.1,8.1
PR22,102,,34,9
PR22,103,,28.6,7.7
PR22,103,A,31,8.5
PR22,104,,56,17
PR22,105,,31.6,6.9
PR22,106,,34.7,6.9
PR22,107,,23.4,8.5
PR23,1,,39.7,11.3
PR23,2,,27.4,8
PR23,3,,127.5,20.1
PR23,4,A,67.2,14.5
PR23,4,B,60,10.5
PR23,4,C,48.3,12.3
PR23,5,,35,11.7
PR23,6,,26.2,5.5
PR23,7,A,44.2,5.9
PR23,7,B,39.9,5.7
PR23,7,C,28,5.5
PR23,7,D,27.9,5.6
PR23,8,,30.2,6.7
PR23,9,,25.1,4.5
PR23,10,,49.2,6.5
PR23,11,,46.3,4.4
PR23,12,,143.9,25.4
PR23,25,,38.5,11.4
PR23,38,,56.9,14.4
PR24,1,,127.3,29.5
PR24,2,,76.2,15.9
PR24,3,,54.5,16.7
PR24,4,,30.3,9.8
PR24,5,,26.5,8
PR24,6,,98.9,21.4
PR24,7,,62.7,12.6
PR24,8,,29.1,7.3
PR24,9,,48.3,14.5
PR24,10,,122.1,27.4
PR24,11,,39.2,8.6
PR24,12,,124.5,26.5
PR24,13,,31.4,10.6
PR24,14,,47,15.7
PR24,15,,51,16.3
PR24,16,,29.2,13
PR24,17,,60.2,14.9
PR24,18,,25.5,9.5
PR24,19,,34.5,12.9
PR24,20,,180.3,34.5
PR24,21,,135.4,21.8
PR24,22,,62.3,13.2
PR24,23,,39,10.2
PR24,24,,30.1,
PR24,25,,70.5,16.3
PR24,26,,30.4,3.3
PR24,27,,49.5,14.3
PR24,28,,29.5,9.5
PR24,29,,33.7,5.9
PR24,30,,25.4,7.7
PR24,31,,27.5,7.7
PR24,32,,27.3,8.4
PR24,33,,39.4,10.5
PR24,34,,37,13.1
PR24,35,,49.8,10.8
PR24,36,,155.2,31
PR24,37,,52,15.9
PR24,38,,30.3,8.1
PR24,39,,118.4,29
PR24,40,,43.2,14.4
PR24,41,,117.4,29.4
PR24,42,,64.2,10.7
PR24,43,,50.3,17.9
PR24,44,,46.2,8.8
PR24,45,,91.5,23.7
PR24,46,,35.7,11.8
PR24,47,,58.2,11.6
PR24,48,,29.3,7.5
PR24,49,,82.5,28.7
PR24,50,,123.4,26.9
PR24,51,,28.5,13.1
PR24,52,,160.3,25.7
PR24,53,,42.5,16.4
PR24,54,,71.2,
PR24,55,,114.3,19.5
PR24,56,,170.7,26.3
PR24,57,,37.2,10
PR24,58,,39.2,16.3
PR24,59,,88.7,23.2
PR24,60,,74.2,10.2
PR24,61,,79.7,17.4
PR24,62,,56.4,13.5
PR24,63,,32.5,13.3
PR24,64,,42.5,10.8
PR24,65,,111.5,20.5
PR24,66,,38.2,5
PR24,67,,46.2,2.8
PR24,68,,38.5,12.8
PR24,69,,132,24.9
PR24,70,,30,4
PR24,71,,43,8.5
PR24,72,,42,14.8
PR24,73,,37,2.2
PR24,74,,138.4,24.4
PR24,75,,28.5,12.8
PR24,76,,35.2,16.7
PR24,77,,31.5,13.6
PR24,78,,26.2,9.4
PR24,79,,103.5,22.7
PR24,80,,33.5,6.4
PR24,81,,64.5,14.4
PR24,82,,48.3,11.5
PR24,83,,37.5,12.9
PR24,84,,26.2,10.7
PR24,85,,37,9.4
PR24,86,,62,18.8
PR24,87,,25.5,8.3
PR24,88,,44.2,12.6
PR24,89,,92.5,18.6
PR24,90,,79.3,24.5
PR24,91,,31.5,11.8
PR24,92,,26.3,5.8
PR24,93,,35.3,9.1
PR24,94,,48.2,16.4
PR24,95,,29.5,8.3
PR24,96,,101.7,20.8
PR24,97,,26.5,6.9
PR24,97,A,25.2,6.9
PR24,98,,31.2,9.8
PR24,99,,29,9.5
PR24,100,,32.7,10.6
PR24,101,,43,11.5
PR24,102,,50.9,14.2
PR24,103,,40.3,6.8
PR24,104,,60.2,8.3
PR24,105,,86.3,15
PR24,106,,27.5,7.3
PR24,107,,39,10.8
PR24,108,,26,8.5
PR24,109,,25.5,7.1
PR24,110,,46,14
PR24,111,,32.5,9.4
PR24,112,,31.7,10.7
PR24,113,,30.3,12
PR24,114,,46.7,20.5
PR24,115,,172,20.7
PR24,116,,57.2,5
PR24,117,,29.5,11.7
PR24,118,,38.7,7.6
PR24,119,,44.3,12
PR24,120,,29.2,4.4
PR24,121,,25.5,3
PR24,122,,25.3,7.2
PR24,123,,93.4,10
PR24,124,,33.4,13.9
PR24,125,,117.3,20.4
PR24,126,,33.4,11.5
PR24,127,,38.3,7.3
PR24,128,,30.9,8.2
PR24,129,,27.3,7.3
PR24,130,,34.5,9.7
PR24,131,,26.2,7.9
PR24,132,,28.5,10.8
PR24,133,,31.4,7.5
PR24,134,,41.6,15.1
PR24,135,,101.2,24
PR24,136,,33.6,6.4
PR24,137,,41.2,5.6
PR24,138,,35.5,8.9
PR24,139,,45.9,7.1
PR24,140,,26.2,8.6
PR24,141,,59,15.6
PR24,142,,51.3,14.2
PR24,143,,25.3,6.8
PR24,144,,51.2,14.4
PR24,145,,53.5,14.4
PR24,146,,25.1,6.8
PR24,147,,151.3,27.5
PR24,148,,27.4,10.4
PR24,149,,43.5,9.3
PR24,150,,25.2,10.1
PR24,151,,182.7,30.6
PR25,1,,35.1,6.5
PR25,2,,46.4,5.7
PR25,3,,29.1,5.4
PR25,4,,35.3,4.9
PR25,5,,26.8,4.5
PR25,6,,34.6,5.7
PR25,7,,32.4,4.1
PR25,8,,39.4,6.8
PR25,9,,30.7,5
PR25,10,,29.4,4.5
PR26,1,,32,10.1
PR26,2,,50,17.1
PR26,3,,63,17.5
PR26,4,,76,19.3
PR26,5,,26,7.9
PR26,6,,38,11.5
PR26,7,,51,14.6
PR26,8,,50,15.1
PR26,9,,37,11
PR26,10,,80,20.5
PR26,11,,38,10.6
PR26,12,,51,14.4
PR26,13,,28,10.7
PR26,14,,60,16.8
PR26,15,,84,20.6
PR26,16,,55,14.1
PR26,17,,25,7.8
PR26,18,,32,10.4
PR26,19,,71,18.9
PR26,20,,82,9.1
PR26,21,,39,11.8
PR26,22,,37,12.2
PR26,23,,37,11.5
PR26,24,,42,13
PR26,25,,44,13.4
PR26,26,,27,9.4
PR26,27,,31,12.8
PR26,28,,117,22.2
PR26,29,,33,10.5
PR26,30,,41,12.9
PR26,31,,42,14.7
PR26,32,,49,9.8
PR26,33,,33,7.5
PR26,34,,27,8.9
PR26,35,,36,3.8
PR26,36,,37,10.8
PR26,37,,37,8.4
PR26,38,,26,10.3
PR26,39,,35,9.8
PR26,40,,48,13.1
PR26,41,,30,6.8
PR26,42,,39.5,11.5
PR26,43,,26.5,9.2
PR26,44,,49,10.3
PR26,45,,57,9.5
PR26,46,A,28,7.9
PR26,46,B,26,6.8
PR26,47,,26,6.2
PR26,48,,28,7.7
PR26,49,,34,7.5
PR26,50,,31,12.5
PR26,51,,38,5.2
PR26,52,,31.4,6.4
PR26,53,,26,6.5
PR26,54,,26.4,5.9
PR26,55,,39,12
PR26,56,,28,6.8
PR26,57,,44,9.2
PR26,58,,54,17.6
PR26,59,,59.2,12.2
PR26,60,,25.7,8.6
PR26,61,,35,9.8
PR26,62,,80.2,18.2
PR26,63,,69.5,11.4
PR26,64,,25,10.1
PR26,65,,29,7.6
PR26,66,,27.5,6.1
PR26,67,,33.3,8.5
PR26,68,,28,5.6
PR26,69,,25.6,6.4
PR26,70,,47,12.7
PR26,71,,59.5,11.1
PR26,72,,58.2,13.2
PR26,73,,35,8.4
PR26,74,,71.5,13.8
PR26,75,,69.5,13.9
PR26,76,,27,6.5
PR26,77,,29,10.8
PR26,78,,41,10.9
PR26,79,,35,10.7
PR26,80,,39.2,9.5
PR26,81,,85,15.4
PR26,82,,27,6.3
PR26,83,,43.5,6.5
PR26,84,,36.5,10.2
PR26,85,,28,8
PR26,86,,27.5,8.9
PR26,87,,32.5,9.1
PR26,88,,27,9.5
PR26,89,,25,6.8
PR26,90,,123,19.1
PR26,91,,87,18.9
PR26,92,,48.5,14.3
PR26,93,,28.5,9.5
PR26,94,,29,9.7
PR26,95,,37.5,11.8
PR26,96,,40.4,11.9
PR26,97,,100.1,19.6
PR26,98,,46,13.5
PR26,99,,33,10
PR26,100,,57.5,14.6
PR26,101,,30,10.7
PR26,102,,27.4,9.5
PR26,103,,34.5,10.2
PR26,104,,54.7,13.5
PR26,105,,49.4,10.7
PR26,106,,37.4,11.2
PR26,107,,28.7,7.9
PR26,108,,42.6,11.6
PR26,109,,32,10.9
PR26,110,,36,13.1
PR26,111,,25,9.9
PR26,112,,45.5,11.8
PR26,113,,63.6,15.2
PR26,114,,27.5,15
PR26,115,,59,8.3
PR26,116,,26,13.8
PR26,117,,27,6.6
PR26,118,,26.5,7
PR26,119,,26.2,7.7
PR26,120,,51.5,11.4
PR26,121,,32.5,5
PR26,122,A,31.7,8.1
PR26,122,B,30.5,6.9
PR26,122,C,28.4,8
PR26,123,,48,12.2
PR26,124,,27.5,7.9
PR26,125,,31.9,12.1
PR26,126,,49.2,13
PR26,127,,150,14.1
PR26,128,,36.2,9.4
PR26,129,,26,9.1
PR26,130,,44.4,9.9
PR26,131,,65.5,13.8
PR26,132,,25,12
PR26,133,A,32.3,7
PR26,133,B,42.5,8.1
PR26,133,C,38.5,6.9
PR26,134,,26.5,6
PR26,135,,34,8.2
PR26,136,,37.6,8.4
PR26,137,,27.5,11.1
PR26,138,,29.8,11.5
PR26,139,,27.7,9.5
PR26,140,,148,14.9
PR26,141,,76.5,15
PR26,142,,25.3,7.7
PR26,143,,30,12.8
PR26,144,,48.2,14.8
PR26,145,A,49.5,
PR26,145,B,53.8,
PR26,146,,25,5.9
PR26,147,,31.3,10.2
PR26,148,,30.6,9.6
PR26,149,,33.5,8.9
PR26,150,,35,11.1
PR26,151,,47.3,10.4
PR26,152,,28,5.2
PR26,153,,30.5,6.6
PR26,154,,29,5.6
PR26,155,,50.5,9.3
PR26,156,,32,8.9
PR26,157,,30,5.6
PR26,158,,48.8,8.5
PR26,159,,43,7.6
PR26,160,,32.5,9.1
PR26,161,,57.5,14.8
PR26,162,,46.5,9.3
PR26,163,,116,14
PR26,164,,54.4,14.3
PR26,165,,45.2,13.4
PR26,166,,27,6.4
PR26,167,,37.2,10.8
PR26,168,,41.3,9.7
PR27,1,,37.3,7.4
PR27,2,,28.1,5.2
PR27,3,,122.5,22
PR27,4,,26.1,14
PR27,5,,70.3,11.6
PR27,6,,72.5,17.5
PR27,7,,47.1,13.1
PR27,8,,115.6,21.7
PR27,9,,40.3,15.1
PR27,10,,26.1,8.1
PR27,11,,71,16.8
PR27,12,,47.2,13.6
PR27,13,,31.3,11.8
PR27,14,,58.2,19.9
PR27,15,,63.5,21.4
PR27,16,,72.7,24.2
PR27,17,,95.9,23
PR27,18,,32.2,12.7
PR27,18,A,27.5,12.7
PR27,19,,75.1,14.7
PR27,20,,27.2,15
PR27,21,,93.7,16.7
PR27,22,,56.2,19.1
PR27,23,,27.5,7.9
PR27,23,A,26.3,5.3
PR27,24,,59.5,12.1
PR27,25,,46.2,10.8
PR27,26,,48.7,13.2
PR27,27,,31.7,10.2
PR27,28,,42.1,10.5
PR27,29,,73.5,15.3
PR27,30,,26.1,11.5
PR27,31,,25.8,9.2
PR27,32,,38.1,10.8
PR27,33,,29.2,11.4
PR27,34,,28.4,10.7
PR27,35,,43.5,12.3
PR27,36,,42.1,13.7
PR27,37,,27.2,10.8
PR27,38,,25.1,8.4
PR27,39,,27,9.6
PR27,40,,28.1,11.9
PR27,41,,26.2,6.1
PR27,42,,37.1,7.2
PR27,43,,63.4,19
PR27,44,,51.5,16.1
PR27,45,,49.6,12.5
PR27,46,,69.1,16.2
PR27,47,,25.3,9
PR27,48,,31.2,10.3
PR27,49,,32.7,12.8
PR27,50,,31.5,11
PR27,51,,34.2,10.4
PR27,52,,82.1,20
PR27,53,,27.1,5.1
PR27,54,,37,10.5
PR27,54,A,32.3,10.2
PR27,54,B,28.1,10
PR27,54,C,26.3,9.5
PR27,55,,35.6,13.8
PR27,56,,87,18.9
PR27,56,A,79,18.9
PR27,57,,26,10
PR27,58,,41.2,12.6
PR27,59,,59,15.3
PR27,60,,59.2,13.8
PR27,61,,65.2,22.6
PR27,62,,40.1,14.6
PR27,63,,26.1,9.2
PR27,64,,39.2,12.5
PR27,65,,67,13.8
PR27,66,,36.1,10.8
PR27,67,,68.2,18.5
PR27,68,,28,13.9
PR27,69,,59.1,16.5
PR27,70,,43,
PR27,71,,32.1,12.6
PR27,72,,25.1,10.3
PR27,73,,36.1,10.5
PR27,74,,66.2,13.4
PR27,75,,35,13.2
PR27,76,,29.5,12.6
PR27,77,,36,13.1
PR27,78,,170.9,18.2
PR27,79,,30.7,7.3
PR27,80,,27.5,8.1
PR27,81,,38.4,10.5
PR27,82,,30.2,8.5
PR27,83,,81,15.8
PR27,84,,31,7.2
PR27,85,,32.7,9.1
PR27,86,,57,11.5
PR27,87,,56.9,14.3
PR27,88,,35.3,14.9
PR27,89,,31.2,10.5
PR27,90,,41.2,14.8
PR27,91,,78.7,17.6
PR27,92,,68.3,
PR27,93,,54.2,13.3
PR27,94,,31,10.5
PR27,95,,48.2,8.2
PR27,96,,26.1,9.1
PR27,97,,90,18
PR27,98,,42.4,11.7
PR27,99,,63.1,13.7
PR27,100,,25.5,6.8
PR27,100,A,30,5.4
PR27,101,,32,11.1
PR27,102,,81.5,20.7
PR27,103,,32.1,8.1
PR27,104,,47.7,12.4
PR27,105,,41.3,9.8
PR27,106,,37.1,10.3
PR27,107,,46.9,9.5
PR27,108,,31,10.3
PR27,109,,42.8,9.8
PR27,110,,29.2,8.4
PR27,111,,101.7,19.7
PR27,112,,32.1,4.6
PR27,113,,34.5,8.3
PR27,114,,30.1,10.2
PR27,115,,33.2,11.1
PR27,116,,47,10.5
PR27,117,,66.2,19.2
PR27,118,,25.1,7.9
PR27,119,,53.2,14.8
PR27,120,,49.2,16.2
PR27,121,,36,10.6
PR27,122,,33.4,9.4
PR27,123,,28.1,9.1
PR27,124,,68.3,15.5
PR27,125,,28.2,7.2
PR27,126,,32.1,7.8
PR27,127,,66.2,12.9
PR27,128,,39.4,5.2
PR27,129,,32.1,12.1
PR27,130,,33.2,9.8
PR27,131,,25.5,11.3
PR27,132,,39.4,10.5
PR27,133,,34.1,10.7
PR27,134,,87.1,17.4
PR27,134,A,82.9,15.3
PR27,135,,79.2,18.2
PR27,136,,80.6,21.5
PR27,137,,50.5,10
PR27,138,,30.2,8.7
PR27,139,,156.9,24.2
PR27,140,,33,12.6
PR27,141,,41.1,12.8
PR27,142,,27.4,7.4
PR29,1,,81.6,19.5
PR29,2,,47.6,15
PR29,3,,26.2,9.6
PR29,4,,54.6,17.2
PR29,5,,55.4,17.9
PR29,6,,49.6,16.8
PR29,6,A,37.1,13.4
PR29,7,,37.6,12.3
PR29,8,,40.2,15.2
PR29,9,,44.6,4.9
PR29,9,A,28.4,4.9
PR29,10,,36.3,10.1
PR29,11,,27.2,4.6
PR29,12,,83.2,20.7
PR29,13,,29.3,4.2
PR29,14,,69.2,19.1
PR29,15,,100.4,22.9
PR29,16,,62.2,16
PR29,17,,38.4,11.1
PR29,18,,28.2,8.9
PR29,19,,34.1,10.1
PR29,20,,30.4,11.6
PR29,21,,32.3,11
PR29,22,,38.2,12.1
PR29,23,,71.6,20.2
PR29,24,,57.7,18.1
PR29,25,,65.4,18.5
PR29,26,,25.7,5.1
PR29,27,,28.6,10
PR29,28,,36.5,15.5
PR29,29,,77.3,18.6
PR29,30,,77.3,18.6
PR29,31,,25.4,7.1
PR29,32,,50.2,19.1
PR29,33,,69.1,17.2
PR29,34,,88.6,20.9
PR29,35,,25.1,7.6
PR29,36,,40.2,7.6
PR29,37,,89.6,21.4
PR29,38,,33.2,10.8
PR29,39,,44.3,16.7
PR29,39,A,34,13.5
PR29,40,,41.4,14.3
PR29,41,,37.3,8.2
PR29,42,,44.6,15
PR29,43,,28.1,7.2
PR29,44,,35.3,9.4
PR29,45,,26.6,7.9
PR29,46,,44.2,11
PR29,47,,53.4,16.5
PR29,48,,80.7,18.9
PR29,49,,25.6,4.9
PR29,50,,26,5
PR29,51,,35.4,11.7
PR29,52,,31.2,11.2
PR29,53,,30.1,6.9
PR29,54,,38.2,5.7
PR29,55,,30.1,6.4
PR29,56,,54,11.9
PR29,57,,44.2,5
PR29,57,A,40.1,3.9
PR29,58,,56.2,3.8
PR29,59,,45.3,6.5
PR29,59,A,39.7,6.3
PR29,59,B,37.2,6.8
PR29,60,,54.3,12
PR29,61,,32.1,7.7
PR29,62,,33.6,15.4
PR29,63,,67.5,16.6
PR29,64,,28.2,7.8
PR29,65,,35.6,11.3
PR29,66,,58.3,17.5
PR29,67,,45.2,11.4
PR29,68,,36.1,
PR29,69,,25.6,10.5
PR29,70,,26.4,4.6
PR29,71,,64.9,18.5
PR29,72,,37.1,13.8
PR29,73,,53.4,17.9
PR29,74,,27.9,9.8
PR29,75,,43.2,14.9
PR29,76,,28.5,
PR29,77,,29.1,10.5
PR29,78,,32.3,12
PR29,79,,76.1,16.4
PR29,80,,27.6,11.9
PR29,81,,42,14.8
PR29,82,,33.6,11.1
PR29,83,,50.1,15.2
PR29,84,,45.2,10.5
PR29,85,,50.1,11.3
PR29,86,,25.2,6.1
PR29,87,,46.2,14
PR29,88,,35.4,11.8
PR29,89,,37.2,13.1
PR29,90,,48.5,14.9
PR29,91,,28.6,9.8
PR29,92,,43.7,13
PR29,93,,44.3,12.9
PR29,94,,49.1,15.7
PR29,95,,39.1,12.2
PR29,96,,68.4,18
PR29,97,,48.4,13.9
PR29,98,,67.1,19.8
PR29,99,,32.3,2.6
PR29,100,,38.2,13.9
PR29,101,,79.1,20.8
PR29,102,,58,15
PR29,103,,78.6,19.3
PR29,104,,30.6,12.4
PR29,105,,26.7,7.7
PR29,106,,37.4,13.5
PR29,107,,43.1,14.7
PR29,108,,36.7,13.8
PR29,109,,39.6,
PR29,110,,25.1,7.4
PR29,111,,41.2,15.3
PR29,112,,25.2,8.9
PR29,113,,47.4,14.4
PR29,114,,25.3,8.2
PR29,115,,49.2,14.5
PR29,116,,82.5,20.9
PR29,117,,37.2,10.5
PR29,118,,31.6,10.6
PR29,119,,28.3,6.6
PR29,120,,33.2,7.8
PR29,121,,37.3,10.9
PR29,122,,30.1,8.4
PR29,123,,152.7,20.1
PR29,124,,25.3,7.7
PR29,125,,61.2,12.1
PR29,126,,26.5,6.7
PR29,127,,36.4,7.2
PR29,127,A,27.8,5.8
PR29,128,,115.1,8.1
PR29,129,,36.3,6.5
PR29,130,,33.2,7.5
PR29,131,,48.1,9.3
PR29,132,,59.4,15.6
PR30,1,,25.7,7.1
PR30,2,,25.1,8.5
PR30,3,,117.2,29.4
PR30,3,A,58.2,13.3
PR30,4,,26.1,8.5
PR30,5,,34.7,10.1
PR30,6,,34.1,11
PR30,6,A,26.2,5.8
PR30,7,,26.9,6.5
PR30,8,,47,12.8
PR30,9,,48.5,14.4
PR30,10,,52.6,
PR30,11,,28.5,8.9
PR30,12,,32.4,8.6
PR30,13,,25.3,9.3
PR30,14,,63.7,15.4
PR30,15,,27.9,8.9
PR30,16,,25.3,9.1
PR30,17,,35.8,10.2
PR30,18,,36.6,16.6
PR30,19,,36.4,6.7
PR30,20,,56.7,14.3
PR30,21,,38.3,7.8
PR30,21,A,29.5,7.8
PR30,22,,29.1,9.2
PR30,23,,33.4,9
PR30,23,A,25.5,8.5
PR30,24,,56.2,10.4
PR30,25,,32.7,8.6
PR30,25,A,28.7,8.6
PR30,25,B,30.1,9.5
PR30,25,C,25.5,6.4
PR30,26,,77.5,11.7
PR30,27,,27.1,8.4
PR30,28,,116.8,21.9
PR30,28,A,85.8,15.3
PR30,29,,28.5,10.5
PR30,30,,31.1,11.5
PR30,31,,25.2,7.8
PR30,32,,26.2,10.5
PR30,33,,31.4,10.9
PR30,34,,30.1,9.4
PR30,35,,96.2,19.9
PR30,36,,83,18.5
PR30,37,,47.4,8.8
PR30,38,,37.4,9.5
PR30,39,,52,11.2
PR30,39,A,40.2,9
PR30,40,,66.7,18.7
PR30,40,A,51.5,15.3
PR30,40,B,26.5,14.3
PR30,41,,29.1,10.5
PR30,42,,25.2,11.2
PR30,43,,75.3,15.3
PR30,43,A,61.9,15.4
PR30,43,B,33.5,8.6
PR30,44,,47.1,15
PR30,45,,30.7,11.9
PR30,45,A,29.7,9.8
PR30,45,B,29.7,10.5
PR30,46,,31.5,9.4
PR30,47,,32.5,11.2
PR30,48,,41.2,12.7
PR30,49,,39.8,13.2
PR30,50,,25.8,7
PR30,51,,28.2,9.9
PR30,52,,98,23.8
PR30,52,A,96,22.4
PR30,53,,118.7,20
PR30,54,,36.5,9.5
PR30,55,,34.8,7
PR30,56,,37.5,4.6
PR30,57,,133.4,23.7
PR30,58,,25,6.8
PR30,59,,28,7.9
PR30,60,,34.2,9.3
PR30,60,A,32,8.5
PR30,61,,35.5,10.2
PR30,62,,29.5,8.3
PR30,63,,51.6,11.5
PR30,64,,29.8,9.1
PR30,65,,31.1,13.3
PR30,66,,61.7,10.7
PR30,67,,43.3,13.4
PR30,68,,46.5,13.6
PR30,69,,67.7,8.8
PR30,70,,29.1,6.9
PR30,71,,41.2,14.6
PR30,72,,28.9,11.7
PR30,73,,84.1,10.8
PR30,74,,35.2,9.5
PR30,75,,31.8,12.9
PR30,76,,25.3,6.9
PR30,77,,78.1,21.7
PR30,78,,43.2,16.5
PR30,79,,34.5,13.1
PR30,80,,43.5,5.9
PR30,81,,74.2,19.2
PR30,82,,67.3,18.8
PR30,83,,28.2,3.3
PR30,84,,25.3,5.9
PR30,85,,31.5,10.2
PR30,85,A,27.2,11
PR30,86,,52.5,15.8
PR30,87,,37.4,10.5
PR30,87,A,27.2,6.2
PR30,88,,39.5,8.4
PR30,89,,31.2,8.4
PR30,89,A,28.6,8.3
PR30,89,B,25.1,8.2
PR30,89,C,27.4,8.2
PR30,90,,27.5,9.8
PR30,91,,21.1,8.9
PR30,92,,39,11.2
PR30,93,,25.4,7.9
PR30,94,,32.7,6.8
PR30,95,,33.1,11.1
PR30,96,,27.6,8.7
PR30,97,,34.2,6.9
PR30,98,,198.3,28.3
PR30,99,,28.1,10.4
PR30,100,,44.7,10.4
PR30,101,,57,16.3
PR30,102,,49.5,15.4
PR30,103,,39,
PR30,104,,102.1,28.9
PR30,105,,25.3,7.2
PR30,106,,51.9,
PR30,107,,102.4,25.3
PR30,108,,25.9,6.8
PR30,109,,35.8,10.3
PR30,110,,31.3,8.4
PR30,111,,30.1,9.2
PR30,112,,30.5,11.2
PR30,113,,42.9,10.5
PR30,114,,114.2,27
PR30,114,A,92.1,25.8
PR30,115,,27.6,6.2
PR30,116,,53.4,16.8
PR30,117,,46.2,18.3
PR30,118,,53.2,14.8
PR30,119,,56.5,17.5
PR30,120,,44.3,15.2
PR30,121,,50.2,16.5
PR30,122,,54,12.6
PR30,123,,34.8,8.5
PR30,124,,90.2,23.7
PR30,124,A,79.3,23.4
PR30,124,B,74.8,20.6
PR30,125,,28.5,7.4
PR31,1,,74.3,10.6
PR31,2,,28.3,10.6
PR31,3,,30,8.8
PR31,4,,51.5,14.6
PR31,5,,40.9,16.9
PR31,6,,143.5,27.3
PR31,7,,30.1,8.2
PR31,8,,30.2,14.7
PR31,9,,26.5,6.1
PR31,10,,390.7,32.2
PR31,11,,28.2,8.6
PR31,12,,25.3,10.7
PR31,13,,37.5,10.7
PR31,14,,32.7,5.8
PR31,15,,29.2,8.2
PR31,16,,29.1,9
PR31,17,,157.6,28.4
PR31,18,,34.1,8.4
PR31,19,,33.2,2.5
PR31,20,,27.5,10.7
PR31,21,,68.3,15.9
PR31,22,,25.1,7.9
PR31,23,,25.3,7
PR31,24,,41.6,13
PR31,25,,29.2,8.9
PR31,26,,36.1,12.5
PR31,27,,25.1,6.1
PR31,28,,40,14.8
PR31,29,,53.2,15.1
PR31,30,,112.7,26.9
PR31,31,,122.9,26.3
PR31,32,,56.2,13.8
PR31,33,,39,8.2
PR31,34,,31,7.3
PR31,35,,30.1,10.7
PR31,36,,75.3,15.4
PR31,37,,32.2,5.7
PR31,38,,30.1,6.5
PR31,39,,52.3,7.1
PR31,40,,68.3,12.8
PR31,41,,52.7,11.9
PR31,42,,47.2,13.9
PR31,43,,39.5,11.9
PR31,44,,25.6,10.7
PR31,45,,38,12
PR31,46,,54.7,14.3
PR31,46,A,42.1,13.7
PR31,46,B,40.9,13.1
PR31,47,,80.3,20.4
PR31,48,,28,7.4
PR31,49,,26.2,8.1
PR31,50,,25.1,5.9
PR31,51,,28.3,9.2
PR31,52,,46.1,9.1
PR31,53,,54.7,13.4
PR31,54,,33.5,6.9
PR31,55,,58.4,16.7
PR31,56,,36.9,13.1
PR31,57,,31.2,13.9
PR31,58,,45.6,12.8
PR31,59,,52.1,15.4
PR31,60,,45.6,5
PR31,61,,116,27.3
PR31,62,,42.3,14
PR31,63,,34.1,9.2
PR31,64,,35.3,10.4
PR31,65,,39.4,12.8
PR31,66,,40,12.4
PR31,67,,44.3,13.1
PR31,68,,35.7,12.5
PR31,69,,31.2,13
PR31,70,,57.4,14.1
PR31,71,,33.1,10.8
PR31,72,,50.2,14.4
PR31,73,,102.5,19
PR31,74,,35.1,7.6
PR31,75,,30.3,7.2
PR31,76,,85.7,20.4
PR31,77,,34,13.9
PR31,78,,84.6,22.3
PR31,79,,48.1,11.5
PR31,79,A,37,10.6
PR31,80,,52.5,15.3
PR31,81,,31.3,6.3
PR31,82,,139.9,24.1
PR31,83,,40.3,12.2
PR31,84,,30.2,10
PR31,85,,46.4,11.6
PR31,86,,25.4,8.6
PR31,87,,81.7,21.7
PR31,88,,37.6,10.6
PR31,89,,111.4,26.1
PR31,90,,33.2,11.1
PR31,91,,25.1,8
PR31,92,,297.4,34.9
PR31,93,,115.6,18.9
PR31,94,,35.1,15.1
PR31,95,,34,9.6
PR31,96,,37,7.7
PR31,97,,44.6,12.8
PR31,98,,38.1,7.5
PR31,98,A,28.4,9.1
PR31,99,,35.2,10.1
PR31,100,,91.7,17.9
PR31,101,,33.4,8.4
PR31,102,,45.1,11.3
PR31,103,,106.2,18.8
PR31,104,,147.2,22.9
PR31,105,,25.1,7.4
PR31,106,,56.7,14.3
PR31,107,,52.3,13.9
PR31,108,,55.2,15.8
PR31,109,,68.3,17.3
PR31,110,,29.6,5
PR31,111,,39.2,8.4
PR31,112,,53.7,12.5
PR31,113,,87.2,20.6
PR31,114,,28.3,6.5
PR31,115,,28.6,10.3
PR31,116,,52.1,14.9
PR31,117,,58.4,17.4
PR31,118,,26.1,10.5
PR31,119,,92.7,19.8
PR31,120,,55.4,17.9
PR31,120,A,62.2,17.5
PR31,120,B,61.4,17.3
PR31,121,,28.1,11.5
PR31,122,,63.4,11.8
PR31,123,,32.1,12.4
PR31,124,,62.3,14.4
PR31,125,,31,5.2
PR31,126,,39.4,13.6
PR31,127,,30.3,11.3
PR31,128,,39.9,13.2
PR31,129,,30.1,7.1
PR31,130,,39.4,12.5
PR31,131,,48.1,11.8
PR31,132,,26.3,6.2
PR31,133,,87.4,17.4
PR32,1,,39.2,11.2
PR32,1,A,36,10.8
PR32,2,,30.4,12.3
PR32,3,,88.1,17.4
PR32,3,A,82,13.5
PR32,4,,96.2,18.4
PR32,5,,28,10.9
PR32,6,,52.5,14.8
PR32,7,,110.2,17.7
PR32,8,,27.2,9.8
PR32,9,,65.5,13.1
PR32,10,,60.2,11.6
PR32,10,A,56.8,12.4
PR32,11,,35.5,9.1
PR32,12,,31.4,10.9
PR32,12,A,34.2,10.5
PR32,12,B,32.5,10
PR32,12,C,32,9.9
PR32,13,,70.5,15.8
PR32,14,,34.1,10.2
PR32,15,,69.2,12.9
PR32,16,,54.5,15.1
PR32,17,,50.3,10.7
PR32,18,,30.2,8.5
PR32,19,,26.5,9.8
PR32,20,,25.1,5
PR32,21,,28.5,7.8
PR32,22,,27.2,7.5
PR32,23,,37.7,10.3
PR32,24,,53,13.8
PR32,24,A,43.2,13
PR32,24,B,36.5,12.9
PR32,25,,30.1,5.3
PR32,26,,104.2,15.4
PR32,26,A,57.8,12.1
PR32,27,,37.5,10
PR32,28,,31.2,8.5
PR32,29,,46.2,7.5
PR32,30,,34.7,11.1
PR32,30,A,27.1,10.8
PR32,31,,37.5,11.3
PR32,32,,26.1,5.3
PR32,33,,26,7.6
PR32,34,,25.5,6.8
PR32,35,,36.5,8.8
PR32,36,,41.2,10.6
PR32,37,,81.3,19.4
PR32,38,,65.2,18.3
PR32,39,,25.3,6
PR32,40,,37.3,8.4
PR32,41,,25.5,6.5
PR32,42,,27,5.8
PR32,43,,35.5,6.9
PR32,44,,34.3,10.9
PR32,44,A,25.2,4.8
PR32,45,,28.5,6.9
PR32,46,,95.5,18.3
PR32,47,,48.5,12.5
PR32,48,,39.2,11.5
PR32,49,,29,8.3
PR32,50,,26,8
PR32,51,,27.2,7.1
PR32,52,,42.3,7.4
PR32,53,,34.1,
PR32,54,,34.5,3.9
PR32,55,,45.3,6.5
PR32,56,,66.5,16.8
PR32,57,,79.3,17.8
PR32,58,,63.4,17.8
PR32,59,,36,15.3
PR32,60,,28.5,5.9
PR32,61,,64.3,15.4
PR32,62,,150.9,23.4
PR32,63,,96.5,19.3
PR32,64,,106.3,19.8
PR32,65,,37.5,12
PR32,65,A,28.3,11.2
PR32,65,B,27.5,9.9
PR32,66,,170,25.9
PR32,67,,89,21
PR32,68,,29,6.9
PR32,69,,50.5,12.5
PR32,70,,52,
PR32,71,,40.3,13.5
PR32,72,,33.4,6.5
PR32,73,,107,18
PR32,74,,78,12.8
PR32,75,,60.5,13.5
PR32,75,A,41,11.8
PR32,75,B,34.5,10.9
PR32,76,,31,6.7
PR32,77,,37.4,13.1
PR32,78,,30.1,9.8
PR32,79,,36.5,9.8
PR32,80,,34.2,6.3
PR32,81,,32.1,7.6
PR32,82,,41.3,10.5
PR32,83,,41,9.5
PR32,84,,26.1,7
PR32,85,,32.5,10.6
PR32,86,,50.7,13.1
PR32,87,,80.3,16.6
PR32,88,,28.1,5.9
PR32,89,,32.4,8
PR32,90,,32.9,10.2
PR32,91,,33.5,6.6
PR32,92,,62.3,14.1
PR32,92,A,38.5,7.4
PR32,93,,48.5,13.1
PR32,94,,35,12.2
PR32,95,,31.2,10.3
PR32,96,,28,7.5
PR32,97,,98.9,14.5
PR32,98,,35.4,7.5
PR32,99,,38.5,8.1
PR32,100,,25.2,7.1
PR32,101,,28.3,7
PR32,102,,26.2,7.3
PR32,103,,27.3,7.5
PR32,104,,66.5,12
PR32,105,,30.2,9.8
PR32,106,,35,11.9
PR32,107,,33.2,10.8
PR33,1,,66.2,10
PR33,2,,31.5,7.4
PR33,3,,34.3,8.1
PR33,4,,40.5,8
PR33,5,,30.1,6.5
PR33,6,,26.3,9.3
PR33,7,,25.9,6.9
PR33,8,,35.2,6.7
PR33,9,,32.7,6.5
PR33,10,,64.3,9.9
PR33,11,,40.1,6.5
PR33,12,,56.3,7
PR33,13,,49.5,9
PR33,14,,41.2,8.3
PR33,15,,38.5,7.1
PR34,1,,46.5,14.3
PR34,2,,26,6.9
PR34,3,,30.2,7.5
PR34,4,,28.7,8.7
PR34,5,,25.5,6.8
PR34,6,,43.5,15.4
PR34,7,,50.3,19.6
PR34,8,,48.1,16.2
PR34,9,,25.2,5.9
PR34,10,,32.4,9.7
PR34,11,,41.1,10.8
PR34,13,,28.1,4.7
PR34,14,,154.2,28.9
PR34,15,,48.5,11.7
PR34,16,,87.3,18.4
PR34,17,A,62.8,13.7
PR34,17,B,44.1,12.1
PR34,18,,65.8,13.4
PR34,19,,49.6,16.5
PR34,20,,70.5,10.3
PR34,21,,45.3,11.2
PR34,22,,28.1,10.6
PR34,23,,36.2,11.1
PR34,24,,36.9,9
PR34,26,,85.1,17.2
PR34,27,,63.3,14.9
PR34,28,,34.5,9.5
PR34,29,,67.5,17.5
PR34,30,,118.6,23.1
PR34,31,,28.5,8.3
PR34,32,,35.7,9.5
PR34,33,,37.5,11.2
PR34,34,,28.1,6.5
PR34,35,,29.5,6.9
PR34,36,,52.1,15.4
PR34,37,,88.2,20.1
PR34,39,,65.5,6.2
PR34,40,,67.3,18.5
PR34,41,,28,10.5
PR34,42,,35.5,11.9
PR34,43,,32,9.1
PR34,44,,32.7,10.7
PR34,45,A,40.3,13.5
PR34,45,B,36.1,11.2
PR34,46,,46.2,14.3
PR34,47,,82.3,19.5
PR34,48,,110.1,24.5
PR34,49,,40.3,10.7
PR34,50,,115.1,25.6
PR34,51,,68.4,17.3
PR34,52,,44.5,14.1
PR34,53,,38.3,13.8
PR34,54,,171.5,27.9
PR34,55,,86.3,19.5
PR34,56,,28.2,11.3
PR34,57,,67.4,15.7
PR34,58,,76.5,13.1
PR34,59,,30.4,5.2
PR34,60,,127.8,29.4
PR34,61,A,60.3,12.6
PR34,61,B,49.1,11.1
PR34,62,,58.3,7.8
PR34,63,,43.5,13.7
PR34,64,,30.3,12.4
PR34,65,,43.9,16.2
PR34,66,,26.3,10.4
PR34,67,A,69.3,16.6
PR34,67,B,53.9,14.3
PR34,68,,28.3,9.1
PR34,69,,45.6,13.9
PR34,70,,41.2,11.7
PR34,71,,25.5,9.1
PR34,72,,70.2,18.6
PR34,73,,90.3,20.1
PR34,74,,64.5,12.4
PR34,75,,48.1,10.6
PR34,76,,96.2,20.5
PR34,77,,58.3,16.3
PR34,78,,43.2,6.9
PR34,79,,49.1,11.8
PR34,80,,31.2,7.6
PR34,81,,58.4,16.4
PR34,82,,45.7,19.2
PR34,83,,54.7,16.8
PR34,84,,93.1,22.8
PR34,85,,42.3,10.3
PR34,86,,39.7,11.1
PR34,87,A,47.3,12.5
PR34,87,B,45.1,14.3
PR34,88,,31.6,9.5
PR34,89,,45.7,12.9
PR34,90,,59.3,15.6
PR34,91,,56.6,14.9
PR34,92,,95.4,20.1
PR34,93,,33.1,6.5
PR34,94,,63.6,16.3
PR34,95,,67.5,16.6
PR34,96,,34.3,7.3
PR34,97,,52.2,13.9
PR34,98,A,35.3,10.7
PR34,98,B,33.1,10.3
PR34,99,,135.9,26.8
PR34,100,,44.4,5.1
PR34,101,,30.3,8.4
PR34,102,,46.5,15.5
PR34,103,,32.8,11.7
PR34,104,,27.2,5.2
PR34,105,A,89.7,18.9
PR34,105,B,29.3,10
PR34,106,,29.7,6.3
PR34,107,,70.6,17.1
PR34,108,,25.9,6.4
PR34,109,,64.5,64.5
PR34,110,,38.7,10.6
PR34,111,,39.1,10.8
PR34,112,,33.7,6.3
PR34,113,,50.5,19.5
PR34,114,,62.3,4.7
PR34,115,,47.5,11.2
PR34,116,A,45.4,10.9
PR34,116,B,39.2,10.1
PR34,117,,71.1,16.3
PR34,118,A,29.5,6.2
PR34,118,B,25.6,5
PR34,119,,27,9.6
PR34,120,A,75.3,18.3
PR34,120,B,29.2,6.7
PR34,121,,48.5,14.4
PR34,122,,40.1,13.9
PR34,123,,31.3,10.7
PR34,124,,54.5,15.2
PR34,125,,58.1,19.5
PR34,126,,60.9,12.9
PR34,127,A,52.6,8.5
PR34,127,B,31.5,4.3
PR34,128,,42.5,12.6
PR34,129,A,51.7,13.1
PR34,129,B,25.5,9.4
PR34,130,,69.7,14
PR34,131,,205.9,27.8
PR34,132,,27.5,7.2
PR34,133,,88.4,19.4
PR34,134,,38.5,10.3
PR34,135,,57.2,13.7
PR34,136,,67.5,10.9
PR34,137,,58.7,20.1
PR34,138,,78.4,19.3
PR34,139,,39.1,12.5
PR34,14,,44.9,12.9
PR34,141,,30.8,11.1
PR34,142,,85.4,19.7
PR34,143,,40.4,10.9
PR34,144,,83.1,13.5
PR34,145,,87.1,20.3
PR34,146,A,35.4,13.8
PR34,146,B,35.2,13.5
PR34,147,,65.3,15.3
PR34,148,,85.2,20.1
PR34,149,,61.3,14.7
PR34,150,,99.5,16.5
PR34,151,,36.1,11.1
PR34,152,,28.2,9.7
PR34,153,,27.6,4.3
PR34,154,,41.9,15.5
PR34,155,A,51.3,9.3
PR34,155,B,43.8,8.7
PR34,156,,92.3,21
PR34,157,,100.2,21.4
PR34,158,,83.4,20
PR34,159,,38.2,10.9
PR34,160,,33.5,9.3
PR34,161,,47.5,47.5
PR34,162,,29.2,29.2
PR34,163,A,55.8,55.8
PR34,163,B,42.1,42.1
PR34,163,C,37.1,37.1
PR34,164,,39.6,39.6
PR34,165,,50.3,50.3
PR34,166,,43.1,43.1
PR34,167,,31.8,31.8
PR34,168,,33.5,33.5
PR34,169,,385.7,38.5
PR34,170,,52.2,52.2
PR34,171,,38.7,38.7
PR34,172,,46.4,46.4
PR34,173,,37.3,37.3
PR34,174,,63.9,63.9
PR34,175,,105.2,10.5
PR34,176,,45.9,7.6
PR34,177,,82.7,14.8
PR34,178,,25.4,6.7
PR34,179,,78.1,16.5
PR34,180,A,70.3,11.2
PR34,180,B,39.3,7
PR34,181,,28.7,9.9
PR34,182,A,39.2,10
PR34,182,B,28.3,9.2
PR34,183,,46.4,10.5
PR34,184,,81.6,15.8
PR34,185,,41.1,12.1
PR34,186,,60.5,13.7
PR34,187,,54.6,12.2
PR36,1,,43.2,13.3
PR36,2,,43.5,9.8
PR36,3,A,67.8,12.4
PR36,3,B,44.3,10.7
PR36,4,,28.2,5.6
PR36,5,,89.1,16.1
PR36,6,,38.6,12.9
PR36,7,,79.5,15.8
PR36,8,A,39.3,13.1
PR36,8,B,37.8,11.9
PR36,8,C,30.3,10
PR36,9,,47.7,17.2
PR36,10,,43.6,14.5
PR36,11,,78.5,18
PR36,12,A,83.8,18.9
PR36,12,B,83.3,18.3
PR36,13,,65.1,16.5
PR36,14,,58,15.1
PR36,15,A,68.5,17.3
PR36,15,B,57.2,15.6
PR36,16,,122.5,18.9
PR36,17,,50.1,16.7
PR36,18,,50.3,16.3
PR36,19,,58.7,16.9
PR36,20,,34.1,12.1
PR36,21,,30.9,6.8
PR36,22,A,30.5,6.5
PR36,22,B,27.3,5.7
PR36,23,,60.3,16.4
PR36,24,,60.3,17.3
PR36,25,,40.1,12.5
PR36,26,,66.2,14.3
PR36,27,,41.4,11.9
PR36,28,,35.6,13.4
PR36,29,,44.1,7.7
PR36,30,,31.7,8.5
PR36,31,,86.5,19.2
PR36,32,,72.1,15.4
PR36,33,,64.9,3.2
PR36,34,,50.5,15.5
PR36,35,,59.3,15.9
PR36,36,A,43.3,5.6
PR36,36,B,33.7,5.5
PR36,37,,30.1,6.8
PR36,38,,25.6,7.5
PR36,39,,68.5,15.2
PR36,40,,41.2,11.3
PR36,41,,26.5,10
PR36,42,,81.2,19.4
PR36,43,,92.1,20.8
PR36,44,,30.2,10.8
PR36,45,,37.4,8.5
PR36,46,,29.6,8.1
PR36,47,,30.8,3.8
PR36,48,,47.2,13.2
PR36,49,,86.7,19
PR36,50,,54.1,15.6
PR36,51,,50.4,15.1
PR36,52,A,94.5,20.3
PR36,52,B,45.6,15.6
PR36,53,,97.3,20.9
PR36,54,,49.9,15.8
PR36,55,,37.2,5.1
PR36,56,,45.3,12.5
PR36,57,,86.5,18
PR36,58,,57.3,15.2
PR36,59,A,34.4,10.5
PR36,59,B,28.6,9.6
PR36,60,,49.1,13.8
PR36,61,,34.2,7.2
PR36,62,,75.5,18.1
PR36,63,,95.3,20.4
PR36,64,,34.1,4.9
PR36,65,,33.5,4.6
PR36,66,,61.7,14.3
PR36,67,,54.5,16.7
PR36,68,,75.4,17.9
PR36,69,,98.7,20.5
PR36,70,,69.9,17.6
PR36,71,A,84.3,18.5
PR36,71,B,49.2,13.7
PR36,72,A,56.6,15.1
PR36,72,B,41.2,13.2
PR36,73,,54.2,17.6
PR36,74,,26.6,9.3
PR36,75,,93.9,19.8
PR36,76,,26.3,9.4
PR36,77,A,49.1,15.5
PR36,77,B,38.6,9.3
PR36,78,,62.7,17.8
PR36,79,,36.1,11.5
PR36,80,,59.3,18.1
PR36,81,,38.2,13.6
PR36,82,,44.1,14.9
PR36,83,,26.1,12.3
PR36,84,,34.9,2.1
PR36,85,,28.6,3.3
PR36,86,A,103.9,19.7
PR36,86,B,89.2,17.5
PR36,87,,31.3,10.3
PR36,88,,66.5,15.1
PR36,89,,34.8,11.3
PR36,90,,37.4,13.4
PR36,91,,40.3,13.6
PR36,92,,106.1,19.2
PR36,93,,27.2,11.1
PR36,94,,140.4,17.9
PR36,95,A,36.6,10.3
PR36,95,B,34.3,9.8
PR36,96,,46.5,13.5
PR36,97,,97.4,16.7
PR36,98,,52.1,10.9
PR36,99,,105.3,22.3
PR36,100,,50.2,14.1
PR36,101,,48.1,14.9
PR36,102,,26.1,13.5
PR36,103,,68.4,16.2
PR36,104,,39.8,15.8
PR36,105,,58.3,18.1
PR36,106,,54.5,17.7
PR36,107,A,56.5,17.9
PR36,107,B,49.3,17.3
PR36,107,C,41.5,16.9
PR36,108,,60.2,19.4
PR36,109,,66.6,18.1
PR36,110,,31.8,9.7
PR36,111,,60.1,18.3
PR36,112,,40.9,14.5
PR36,113,,61.2,19.7
PR36,114,,55.9,16.8
PR36,115,,35.7,14.2
PR36,116,,70.1,19.5
PR36,117,,49.3,16.1
PR36,118,,32.1,13
PR36,119,,52.9,16.9
PR36,120,,63.3,19.3
PR36,121,,60.1,18.1
PR36,122,A,69.9,18
PR36,122,B,57.5,16.9
PR36,123,,34.1,13.3
PR36,124,,73.2,17.4
PR36,125,A,40.2,15.1
PR36,125,B,40.4,14.8
PR36,126,,43.5,15.3
PR36,127,,36.7,17
PR36,128,,89.2,19.4
PR36,129,,40.3,14.9
PR36,130,,68.5,16.2
PR36,131,,55.6,17.5
PR36,132,,84.3,18.9
PR36,133,A,78.1,18.8
PR36,133,B,72.1,17.9
PR36,134,,37.6,13.5
PR36,135,,35.1,12.1
PR36,136,,47.3,14.7
PR36,137,,83.5,19.2
PR36,138,,31.4,3.4
PR36,139,,87.2,19.9
PR36,140,A,90.9,18.7
PR36,140,B,73.4,17
PR36,141,,41.2,14.5
PR36,142,,50.3,16.7
PR36,143,,52.1,16.9
PR36,144,,44.3,15.1
PR36,145,,65.8,15.5
PR36,146,,53.6,15.3
PR36,147,,43.1,9.9
PR36,148,,26.1,10.6
PR36,149,,46.6,16.4
