sp_ageF,plot,subplot,tag_number,species,status,index,toughness_N,thickness_mm,SLA,LDMC
Aegiphila_sp_old_PR,PR21,FU1,1038,Aegiphila_sp,alive,3615,NA,NA,NA,NA
Aegiphila_sp_young_CR,CR09,FD3,1816,Aegiphila_sp,sapling,3893,1.222777778,0.174416667,30.31779438,166.7690055
Aegiphila_sp_young_CR,CR09,FU1,1760,Aegiphila_sp,alive,3907,1.222777778,0.174416667,30.31779438,166.7690055
Aegiphila_sp_young_CR,CR09,FD2,1814,Aegiphila_sp,alive,3901,1.222777778,0.174416667,30.31779438,166.7690055
Aegiphila_sp_young_CR,CR09,FU1,2183,Aegiphila_sp,alive,3908,1.222777778,0.174416667,30.31779438,166.7690055
Alchorneopsis_floribunda_young_CR,CR13,FU1,1355,Alchorneopsis_floribunda,alive,3937,2.548472222,0.131145833,33.56274704,246.329599
Alchorneopsis_floribunda_young_CR,CR09,FU2,1776,Alchorneopsis_floribunda,alive,4019,2.548472222,0.131145833,33.56274704,246.329599
Alchorneopsis_floribunda_young_CR,CR13,UU2,1361,Alchorneopsis_floribunda,alive,3862,2.548472222,0.131145833,33.56274704,246.329599
Alchorneopsis_floribunda_young_CR,CR09,FU2,1770,Alchorneopsis_floribunda,alive,4017,2.548472222,0.131145833,33.56274704,246.329599
Alchorneopsis_floribunda_young_CR,CR13,FU2,1356,Alchorneopsis_floribunda,alive,3865,2.548472222,0.131145833,33.56274704,246.329599
Allophylus_angustatus_OG,OG39,UD2,7107,Allophylus_angustatus,alive,3646,NA,NA,NA,NA
Allophylus_angustatus_OG,OG39,UD2,7105,Allophylus_angustatus,alive,3645,NA,NA,NA,NA
Allophylus_angustatus_OG,OG39,UD2,7106,Allophylus_angustatus,alive,3647,NA,NA,NA,NA
Allophylus_angustatus_OG,OG44,UU4,7453,Allophylus_angustatus,alive,4894,NA,NA,NA,NA
Allophylus_angustatus_OG,OG52,UD2,7342,Allophylus_angustatus,alive,4545,NA,NA,NA,NA
Allophylus_angustatus_old_PR,PR24,UU3,7425,Allophylus_angustatus,alive,4935,NA,NA,NA,NA
Allophylus_angustatus_old_PR,PR34,FD1,7402,Allophylus_angustatus,alive,4704,NA,NA,NA,NA
Allophylus_dodsonii_OG,OG52,UU3,3099,Allophylus_dodsonii,alive,4619,2.27,0.088,33.78851086,360.1604947
Allophylus_dodsonii_OG,OG52,UU3,3100,Allophylus_dodsonii,alive,4620,2.27,0.088,33.78851086,360.1604947
Allophylus_dodsonii_OG,OG52,FD2,2060,Allophylus_dodsonii,alive,4575,2.27,0.088,33.78851086,360.1604947
Allophylus_dodsonii_OG,OG52,FD3,3128,Allophylus_dodsonii,alive,4604,2.27,0.088,33.78851086,360.1604947
Anacardiaceae_sp_ITV3727_OG,OG49,FD1,3083,Anacardiaceae_sp_ITV3727,alive,4510,2.48575,0.1246625,30.0726842,307.9500673
Anacardiaceae_sp_ITV3727_OG,OG52,FD1,3107,Anacardiaceae_sp_ITV3727,alive,4650,2.48575,0.1246625,30.0726842,307.9500673
Anacardiaceae_sp_ITV3727_OG,OG52,FD2,3120,Anacardiaceae_sp_ITV3727,alive,4581,2.48575,0.1246625,30.0726842,307.9500673
Annona_papilionella_OG,OG45,UU3,7245,Annona_papilionella,alive,4148,2.362222222,0.1455,35.33229895,251.1890147
Annona_papilionella_OG,OG45,FU3,1682,Annona_papilionella,alive,4100,2.362222222,0.1455,35.33229895,251.1890147
Annona_papilionella_old_CR,CR10,FD1,1583,Annona_papilionella,sapling,3969,NA,NA,NA,NA
Annona_papilionella_old_CR,CR14,FD2,3075,Annona_papilionella,alive,4689,NA,NA,NA,NA
Annona_papilionella_old_CR,CR10,FD2,2139,Annona_papilionella,sapling,3968,NA,NA,NA,NA
Annona_papilionella_old_CR,CR11,FD2,4080,Annona_papilionella,alive,3842,NA,NA,NA,NA
Annona_papilionella_old_CR,CR11,FD3,1724,Annona_papilionella,alive,3838,NA,NA,NA,NA
Annona_papilionellaNA,OG28,UU2,7645,Annona_papilionella,alive,5065,NA,NA,NA,NA
Apeiba_membranacea_OG,OG49,UD2,2055,Apeiba_membranacea,alive,4468,NA,NA,NA,NA
Banara_guianensis_old_PR,PR26,UD3,7063,Banara_guianensis,alive,3674,NA,NA,NA,NA
Banara_guianensis_young_PR,PR22,FD2,4370,Banara_guianensis,alive,3413,NA,NA,NA,NA
Banara_sp_young_PR,PR22,FD2,4373,Banara_sp,alive,3415,NA,NA,NA,NA
Banara_sp_young_PR,PR22,FD2,4372,Banara_sp,alive,3414,NA,NA,NA,NA
Banara_sp_young_PR,PR22,FD2,4371,Banara_sp,alive,3412,NA,NA,NA,NA
Banara_sp1_young_PR,PR23,UU4,4168,Banara_sp1,alive,3524,1.867407407,0.144915278,33.31944527,251.1535902
Brosimum_guianense_OG,OG49,FU2,7334,Brosimum_guianense,alive,4438,3.049222223,0.173304167,26.40697372,329.2053681
Brosimum_guianense_OG,OG52,UD1,4275,Brosimum_guianense,alive,4617,3.049222223,0.173304167,26.40697372,329.2053681
Brosimum_guianense_OG,OG45,UU4,4102,Brosimum_guianense,alive,4121,3.049222223,0.173304167,26.40697372,329.2053681
Brosimum_guianense_OG,OG44,UU4,7456,Brosimum_guianense,alive,4891,3.049222223,0.173304167,26.40697372,329.2053681
Brosimum_guianense_OG,OG52,FU2,1267,Brosimum_guianense,alive,4631,3.049222223,0.173304167,26.40697372,329.2053681
Brosimum_guianense_OG,OG45,UU4,4101,Brosimum_guianense,alive,4120,3.049222223,0.173304167,26.40697372,329.2053681
Brosimum_guianense_old_PR,PR21,UU3,3029,Brosimum_guianense,alive,3700,3.202638889,0.221566667,22.33318479,269.3107225
Brosimum_guianense_old_PR,PR21,UD1,5050,Brosimum_guianense,alive,3688,3.202638889,0.221566667,22.33318479,269.3107225
Brosimum_sp1_AC,CA63,FU3,1261,Brosimum_sp1,alive,4496,2.535240741,0.145252778,24.75642005,303.7580325
Brosimum_sp1_OG,OG51,UU4,7588,Brosimum_sp1,alive,5104,2.471444444,0.165583333,23.7878712,319.8410824
Brosimum_sp1_OG,OG52,FU1,1266,Brosimum_sp1,alive,4571,2.471444444,0.165583333,23.7878712,319.8410824
Brosimum_sp1_OG,OG51,UU4,7596,Brosimum_sp1,alive,5100,2.471444444,0.165583333,23.7878712,319.8410824
Brosimum_sp1_OG,OG42,FU1,6072,Brosimum_sp1,sapling,3381,2.471444444,0.165583333,23.7878712,319.8410824
Brosimum_sp1_OG,OG52,FD3,5116,Brosimum_sp1,alive,4608,2.471444444,0.165583333,23.7878712,319.8410824
Brosimum_sp1_OG,OG52,FU1,1265,Brosimum_sp1,alive,4570,2.471444444,0.165583333,23.7878712,319.8410824
Brosimum_sp1_OG,OG51,UU2,7582,Brosimum_sp1,alive,5108,2.471444444,0.165583333,23.7878712,319.8410824
Brosimum_sp1_OG,OG39,FU3,3010,Brosimum_sp1,alive,3451,2.471444444,0.165583333,23.7878712,319.8410824
Brosimum_sp1_old_CR,CR08,UU2,7552,Brosimum_sp1,alive,4997,2.9325,0.177875,27.95813149,271.9332746
Brosimum_sp1_old_PR,PR26,UU2,1149,Brosimum_sp1,alive,3745,2.5175,0.1078125,26.79606823,300.5742167
Brosimum_sp1NA,OG28,UU3,7655,Brosimum_sp1,alive,5062,NA,NA,NA,NA
Brosimum_sp1NA,OG28,UU2,7651,Brosimum_sp1,alive,5031,NA,NA,NA,NA
Brunfelsia_dwyeri_OG,OG41,UD1,4235,Brunfelsia_dwyeri,alive,4001,NA,NA,NA,NA
Brunfelsia_dwyeri_young_CR,CR17,FD2,3074,Brunfelsia_dwyeri,alive,4687,NA,NA,NA,NA
Bunchosia_argentea_AC,CA63,FU1,3044,Bunchosia_argentea,alive,4537,3.055,0.170833333,33.53109391,183.8540779
Bunchosia_argentea_AC,CA63,UU2,3043,Bunchosia_argentea,sapling,4536,3.055,0.170833333,33.53109391,183.8540779
Bunchosia_argentea_OG,OG44,UU3,7450,Bunchosia_argentea,alive,4951,NA,NA,NA,NA
Carapa_megistocarpa_old_CR,CR14,UD3,2088,Carapa_megistocarpa,alive,4758,NA,NA,NA,NA
Casearia_mariquitensis_OG,OG49,FU1,1205,Casearia_mariquitensis,alive,4529,NA,NA,NA,NA
Castilla_elastica_AC,CA63,FU1,1259,Castilla_elastica,alive,4539,NA,NA,NA,NA
Castilla_elastica_OG,OG41,UD1,4234,Castilla_elastica,alive,4000,NA,NA,NA,NA
Castilla_elastica_OG,OG41,UD2,7305,Castilla_elastica,alive,4043,NA,NA,NA,NA
Castilla_elastica_OG,OG41,FD1,7327,Castilla_elastica,alive,4402,NA,NA,NA,NA
Castilla_elastica_OG,OG41,FD2,5096,Castilla_elastica,alive,4015,NA,NA,NA,NA
Castilla_elastica_OG,OG49,FD3,2039,Castilla_elastica,alive,4592,NA,NA,NA,NA
Castilla_elastica_OG,OG42,UU4,7285,Castilla_elastica,alive,3786,NA,NA,NA,NA
Castilla_elastica_old_CR,CR10,FD1,7202,Castilla_elastica,alive,3970,NA,NA,NA,NA
Castilla_elastica_old_CR,CR10,FD3,7204,Castilla_elastica,alive,3799,NA,NA,NA,NA
Cecropia_insignis_OG,OG42,UU2,4187,Cecropia_insignis,sapling,3355,NA,NA,NA,NA
Cecropia_sp_OG,OG52,UD3,6023,Cecropia_sp,alive,4614,1.19,0.068666667,47.21002305,205.9962777
Cecropia_sp_OG,OG52,UD2,6024,Cecropia_sp,alive,4544,1.19,0.068666667,47.21002305,205.9962777
Cecropia_sp_OG,OG42,UU2,4182,Cecropia_sp,alive,3357,1.19,0.068666667,47.21002305,205.9962777
Cecropia_sp_OG,OG52,UD3,6022,Cecropia_sp,alive,4613,1.19,0.068666667,47.21002305,205.9962777
Cecropia_sp_young_CR,CR13,FD1,6066,Cecropia_sp,sapling,3866,1.450833333,0.127,43.01861999,191.9332661
Cecropia_sp_young_PR,PR29,UU1,7406,Cecropia_sp,alive,4917,NA,NA,NA,NA
Cecropia_sp_young_PR,PR36,UD1,5128,Cecropia_sp,alive,4781,NA,NA,NA,NA
Cecropia_sp_young_PR,PR36,UD1,5127,Cecropia_sp,alive,4782,NA,NA,NA,NA
Cecropia_sp1_AP,PA56,UU2,7422,Cecropia_sp1,alive,4932,NA,NA,NA,NA
Cestrum_schlechtendalii_old_CR,CR14,UU4,7363,Cestrum_schlechtendalii,alive,4752,2.906805556,0.114625,25.34675413,298.2201673
Cestrum_schlechtendalii_old_CR,CR14,UU4,7361,Cestrum_schlechtendalii,alive,4751,2.906805556,0.114625,25.34675413,298.2201673
cf._Banara_young_CR,CR09,UD2,4248,cf._Banara,alive,3881,1.974444444,0.158291667,32.73084064,232.4876056
cf._Banara_young_CR,CR09,UD2,4249,cf._Banara,alive,3882,1.974444444,0.158291667,32.73084064,232.4876056
cf._Banara_young_CR,CR13,FD2,6067,cf._Banara,alive,3880,1.974444444,0.158291667,32.73084064,232.4876056
cf._Licania_celiae_OG,OG45,FU1,3178,cf._Licania_celiae,alive,4089,NA,NA,NA,NA
cf._Licania_celiae_OG,OG45,UD1,3187,cf._Licania_celiae,alive,4104,NA,NA,NA,NA
cf._Miconia_laxivenula_old_CR,CR11,UU1,4068,cf._Miconia_laxivenula,alive,3834,NA,NA,NA,NA
cf._Miconia_laxivenula_old_CR,CR11,UU1,4067,cf._Miconia_laxivenula,alive,3835,NA,NA,NA,NA
cf._Miconia_laxivenula_old_CR,CR11,FD1,7215,cf._Miconia_laxivenula,alive,3796,NA,NA,NA,NA
cf._Miconia_laxivenula_young_CR,CR01,UU1,7408,cf._Miconia_laxivenula,alive,4914,NA,NA,NA,NA
cf._Miconia_laxivenula_young_PR,PR36,UU2,1291.2,cf._Miconia_laxivenula,alive,4696,NA,NA,NA,NA
cf._Miconia_laxivenula_young_PR,PR36,UU2,1291.3,cf._Miconia_laxivenula,sapling,4697,NA,NA,NA,NA
Cf._Perebea_xanthochyma_young_CR,CR02,UU3,7302,Cf._Perebea_xanthochyma,alive,4034,NA,NA,NA,NA
cf._Tapura_coriaceae_old_CR,CR04,FD1,1502,cf._Tapura_coriaceae,alive,3711,NA,NA,NA,NA
cf._Tapura_coriaceae_old_CR,CR04,UD2,4039,cf._Tapura_coriaceae,alive,3658,NA,NA,NA,NA
cf._Tapura_coriaceae_old_CR,CR14,FD1,4305,cf._Tapura_coriaceae,alive,4771,NA,NA,NA,NA
cf._Tapura_coriaceae_old_PR,PR21,UD1,2010,cf._Tapura_coriaceae,alive,3689,NA,NA,NA,NA
Chomelia_tenuiflora_old_CR,CR11,UU2,7235,Chomelia_tenuiflora,alive,4153,NA,NA,NA,NA
Chomelia_tenuiflora_old_CR,CR10,FU2,4094,Chomelia_tenuiflora,alive,3986,NA,NA,NA,NA
Chomelia_tenuiflora_young_PR,PR29,UU1,7407,Chomelia_tenuiflora,alive,4918,NA,NA,NA,NA
Clusicaceae_old_CR,CR11,FD1,7216,Clusicaceae,alive,4157,NA,NA,NA,NA
Clusicaceae_old_PR,PR26,UD2,1186,Clusicaceae,sapling,3768,NA,NA,NA,NA
Clusicaceae_old_PR,PR26,UD2,1185,Clusicaceae,alive,3760,NA,NA,NA,NA
Coffea_sp_old_CR,CR07,UU4,7532,Coffea_sp,alive,4996,NA,NA,NA,NA
Coffea_sp_old_CR,CR07,UU2,7511,Coffea_sp,alive,4979,NA,NA,NA,NA
Coffea_sp_old_CR,CR07,UU3,7516,Coffea_sp,alive,4845,NA,NA,NA,NA
Coffea_sp_old_CR,CR07,UU4,7541,Coffea_sp,alive,4842,NA,NA,NA,NA
Coffea_sp_old_CR,CR07,UU3,7524,Coffea_sp,alive,4985,NA,NA,NA,NA
Coffea_sp_old_CR,CR07,UU2,7506,Coffea_sp,alive,4974,NA,NA,NA,NA
Coffea_sp_old_CR,CR07,UU4,7530,Coffea_sp,alive,4837,NA,NA,NA,NA
Coffea_sp_old_CR,CR07,UU3,7529,Coffea_sp,alive,4990,NA,NA,NA,NA
Coffea_sp_old_CR,CR07,UU3,7526,Coffea_sp,alive,4987,NA,NA,NA,NA
Coffea_sp_old_CR,CR07,UU3,7525,Coffea_sp,alive,4986,NA,NA,NA,NA
Coffea_sp_old_CR,CR07,UU3,7522,Coffea_sp,alive,4983,NA,NA,NA,NA
Coffea_sp_old_CR,CR07,UU3,7517,Coffea_sp,alive,4844,NA,NA,NA,NA
Coffea_sp_old_CR,CR07,UU3,7515,Coffea_sp,alive,4846,NA,NA,NA,NA
Coffea_sp_old_CR,CR07,UU4,7534,Coffea_sp,alive,4992,NA,NA,NA,NA
Coffea_sp_old_CR,CR07,UU3,7519,Coffea_sp,alive,4981,NA,NA,NA,NA
Coffea_sp_old_CR,CR07,UU4,7540,Coffea_sp,alive,4841,NA,NA,NA,NA
Coffea_sp_old_CR,CR07,UU3,7521,Coffea_sp,alive,4982,NA,NA,NA,NA
Coffea_sp_old_CR,CR07,UU2,7509,Coffea_sp,alive,4848,NA,NA,NA,NA
Coffea_sp_old_CR,CR07,UU4,7542,Coffea_sp,alive,4993,NA,NA,NA,NA
Coffea_sp_old_CR,CR07,UU2,7507,Coffea_sp,alive,4975,NA,NA,NA,NA
Coffea_sp_old_CR,CR07,UU3,7527,Coffea_sp,alive,4988,NA,NA,NA,NA
Coffea_sp_old_CR,CR07,UU2,7512,Coffea_sp,alive,4977,NA,NA,NA,NA
Coffea_sp_old_CR,CR07,UU3,7528,Coffea_sp,alive,4989,NA,NA,NA,NA
Coffea_sp_old_CR,CR07,UU2,7513,Coffea_sp,alive,4976,NA,NA,NA,NA
Coffea_sp_old_CR,CR07,UU3,7523,Coffea_sp,alive,4984,NA,NA,NA,NA
Coffea_sp_old_CR,CR07,UU2,7510,Coffea_sp,alive,4849,NA,NA,NA,NA
Coffea_sp_old_CR,CR07,UU4,7536,Coffea_sp,alive,4991,NA,NA,NA,NA
Conostegia_superba_old_CR,CR11,FD2,7229,Conostegia_superba,alive,4162,NA,NA,NA,NA
Conostegia_superba_old_CR,CR11,FD1,7217,Conostegia_superba,alive,4173,NA,NA,NA,NA
Conostegia_superba_old_CR,CR11,FD1,7218,Conostegia_superba,alive,4172,NA,NA,NA,NA
Couepia_subcordata_old_PR,PR21,FD1,3041,Couepia_subcordata,alive,3692,NA,NA,NA,NA
Croton_wagneri_old_PR,PR34,FD1,2880,Croton_wagneri,alive,4662,NA,NA,NA,NA
Dicot_001_OG,OG42,UU4,5134,Dicot_001,alive,3336,NA,NA,NA,NA
Dicot_001_OG,OG42,FU1,4174,Dicot_001,alive,3384,NA,NA,NA,NA
Dussia_lehmannii_OG,OG46,UU1,7129,Dussia_lehmannii,alive,4356,NA,NA,NA,NA
Dussia_lehmannii_OG,OG39,FU3,1453,Dussia_lehmannii,alive,3440,NA,NA,NA,NA
Elaeagea_sp_OG,OG39,FD2,7044.3,Elaeagea_sp,alive,3494,NA,NA,NA,NA
Elaeagea_sp_OG,OG39,FD2,7044.2,Elaeagea_sp,alive,3493,NA,NA,NA,NA
Elaeagea_sp_OG,OG39,FD2,7045,Elaeagea_sp,alive,3495,NA,NA,NA,NA
Elaeagea_sp_OG,OG39,FD2,7044.1,Elaeagea_sp,alive,3492,NA,NA,NA,NA
Eschweilera_caudiculata_old_PR,PR34,FU3,2075,Eschweilera_caudiculata,alive,4741,NA,NA,NA,NA
Eschweilera_rimbachii_young_PR,PR22,FU2,1379.1,Eschweilera_rimbachii,alive,3403,NA,NA,NA,NA
Eugenia_sp_(guayabillo)_old_CR,CR14,FD1,4306,Eugenia_sp_(guayabillo),alive,4770,NA,NA,NA,NA
Faramea_langlassei_OG,OG39,FU2,1447,Faramea_langlassei,alive,3531,3.236711111,0.124923333,23.1997108,339.7543945
Faramea_langlassei_OG,OG39,FU1,1437,Faramea_langlassei,alive,3431,3.236711111,0.124923333,23.1997108,339.7543945
Faramea_langlassei_OG,OG39,FU2,1445,Faramea_langlassei,alive,3533,3.236711111,0.124923333,23.1997108,339.7543945
Faramea_langlassei_old_CR,CR11,UU2,1734,Faramea_langlassei,alive,3833,NA,NA,NA,NA
Faramea_langlassei_old_PR,PR34,UD1,4347,Faramea_langlassei,alive,4672,2.406333333,0.145105556,25.10005486,276.1418436
Ficus_old_CR,CR10,FU1,7198,Ficus,alive,3980,NA,NA,NA,NA
Guarea_kunthiana_OG,OG41,UD3,2134,Guarea_kunthiana,alive,4413,NA,NA,NA,NA
Guarea_kunthiana_OG,OG43,UU4,7636,Guarea_kunthiana,alive,5072,NA,NA,NA,NA
Guarea_kunthiana_OG,OG43,UU4,7635,Guarea_kunthiana,alive,5073,NA,NA,NA,NA
Guarea_kunthiana_old_PR,PR21,FU2,5044,Guarea_kunthiana,dying,NA,NA,NA,NA,NA
Guarea_kunthianaNA,OG28,UU4,7657,Guarea_kunthiana,alive,5026,NA,NA,NA,NA
Guion_old_PR,PR24,UU1,7423,Guion,alive,4933,NA,NA,NA,NA
Heisteria_concinna_old_CR,CR14,FU1,7354,Heisteria_concinna,alive,4765,NA,NA,NA,NA
Heisteria_concinnea_OG,OG49,FD1,4294,Heisteria_concinnea,alive,4503,NA,NA,NA,NA
Heisteria_pacifica_OG,OG39,FD1,3019,Heisteria_pacifica,alive,3550,NA,NA,NA,NA
Heisteria_pacifica_OG,OG41,UD3,5101,Heisteria_pacifica,alive,4061,NA,NA,NA,NA
Heisteria_pacifica_young_CR,CR09,FD2,7292,Heisteria_pacifica,alive,4021,NA,NA,NA,NA
Heisteria_pacifica_young_CR,CR13,UU1,4050,Heisteria_pacifica,alive,3860,NA,NA,NA,NA
Heisteria_sp_OG,OG46,UU1,1616,Heisteria_sp,alive,4328,2.986805556,0.151152778,27.00979641,322.1170611
Heisteria_sp_OG,OG46,UU4,7186.1,Heisteria_sp,alive,4211,2.986805556,0.151152778,27.00979641,322.1170611
Heisteria_sp_OG,OG46,UU1,6152,Heisteria_sp,alive,4366,2.986805556,0.151152778,27.00979641,322.1170611
Heisteria_sp_OG,OG41,FU1,2132,Heisteria_sp,alive,4068,2.986805556,0.151152778,27.00979641,322.1170611
Heisteria_sp_OG,OG46,UU1,7127,Heisteria_sp,alive,4326,2.986805556,0.151152778,27.00979641,322.1170611
Heisteria_sp_OG,OG46,UU3,6185,Heisteria_sp,alive,4241,2.986805556,0.151152778,27.00979641,322.1170611
Heisteria_sp_OG,OG46,UU3,1648,Heisteria_sp,alive,4301,2.986805556,0.151152778,27.00979641,322.1170611
Heisteria_sp_OG,OG46,UU4,6192,Heisteria_sp,alive,4268,2.986805556,0.151152778,27.00979641,322.1170611
Heisteria_sp_OG,OG46,UU4,7177,Heisteria_sp,alive,4220,2.986805556,0.151152778,27.00979641,322.1170611
Heisteria_sp_OG,OG46,UU4,7170,Heisteria_sp,alive,4227,2.986805556,0.151152778,27.00979641,322.1170611
Heisteria_sp_OG,OG46,UU4,6187,Heisteria_sp,alive,4265,2.986805556,0.151152778,27.00979641,322.1170611
Heisteria_sp_OG,OG49,FU1,1206,Heisteria_sp,alive,4530,2.986805556,0.151152778,27.00979641,322.1170611
Heisteria_sp_OG,OG42,UU1,6140,Heisteria_sp,alive,4388,2.986805556,0.151152778,27.00979641,322.1170611
Heisteria_sp_OG,OG49,FU1,1195,Heisteria_sp,alive,4521,2.986805556,0.151152778,27.00979641,322.1170611
Heisteria_sp_OG,OG46,UU3,7158,Heisteria_sp,alive,4271,2.986805556,0.151152778,27.00979641,322.1170611
Heisteria_sp_OG,OG46,UU3,7156,Heisteria_sp,alive,4273,2.986805556,0.151152778,27.00979641,322.1170611
Heisteria_sp_OG,OG46,UU4,7164,Heisteria_sp,alive,4233,2.986805556,0.151152778,27.00979641,322.1170611
Heisteria_sp_OG,OG46,UU1,7116,Heisteria_sp,alive,4346,2.986805556,0.151152778,27.00979641,322.1170611
Heisteria_sp_OG,OG46,UU3,7142,Heisteria_sp,alive,4288,2.986805556,0.151152778,27.00979641,322.1170611
Heisteria_sp_OG,OG49,UU1,6149.2,Heisteria_sp,alive,4364,2.986805556,0.151152778,27.00979641,322.1170611
Heisteria_sp_OG,OG46,UU1,7124,Heisteria_sp,alive,4339,2.986805556,0.151152778,27.00979641,322.1170611
Heisteria_sp_OG,OG46,UU1,1615,Heisteria_sp,alive,4347,2.986805556,0.151152778,27.00979641,322.1170611
Heisteria_sp_OG,OG46,UU4,4083,Heisteria_sp,alive,4247,2.986805556,0.151152778,27.00979641,322.1170611
Heisteria_sp_OG,OG46,UU1,7120,Heisteria_sp,alive,4341,2.986805556,0.151152778,27.00979641,322.1170611
Heisteria_sp_OG,OG46,UU4,7169,Heisteria_sp,alive,4228,2.986805556,0.151152778,27.00979641,322.1170611
Heisteria_sp_OG,OG46,UU4,7188,Heisteria_sp,alive,4208,2.986805556,0.151152778,27.00979641,322.1170611
Heisteria_sp_OG,OG46,UU3,7147,Heisteria_sp,alive,4283,2.986805556,0.151152778,27.00979641,322.1170611
Heisteria_sp_OG,OG41,FU1,1818,Heisteria_sp,alive,4071,2.986805556,0.151152778,27.00979641,322.1170611
Heisteria_sp_OG,OG46,UU1,7109,Heisteria_sp,alive,4337,2.986805556,0.151152778,27.00979641,322.1170611
Heisteria_sp_OG,OG41,FD2,4230,Heisteria_sp,alive,4014,2.986805556,0.151152778,27.00979641,322.1170611
Heisteria_sp_OG,OG46,UU3,1634,Heisteria_sp,alive,4308,2.986805556,0.151152778,27.00979641,322.1170611
Heisteria_sp_OG,OG46,UU3,1650,Heisteria_sp,alive,4296,2.986805556,0.151152778,27.00979641,322.1170611
Heisteria_sp_OG,OG46,UU3,7162,Heisteria_sp,alive,4235,2.986805556,0.151152778,27.00979641,322.1170611
Heisteria_sp_OG,OG46,UU4,6177,Heisteria_sp,alive,4250,2.986805556,0.151152778,27.00979641,322.1170611
Heisteria_sp_OG,OG46,UU1,6159,Heisteria_sp,dying,4378,2.986805556,0.151152778,27.00979641,322.1170611
Heisteria_sp_OG,OG49,FU3,1221,Heisteria_sp,alive,4486,2.986805556,0.151152778,27.00979641,322.1170611
Heisteria_sp_OG,OG46,UU3,1652,Heisteria_sp,alive,4295,2.986805556,0.151152778,27.00979641,322.1170611
Heisteria_sp_OG,OG46,UU1,7115,Heisteria_sp,alive,4379,2.986805556,0.151152778,27.00979641,322.1170611
Heisteria_sp_OG,OG46,UU4,6175,Heisteria_sp,alive,4252,2.986805556,0.151152778,27.00979641,322.1170611
Heisteria_sp_OG,OG46,UU4,7190,Heisteria_sp,alive,4206,2.986805556,0.151152778,27.00979641,322.1170611
Heisteria_sp_OG,OG46,UU1,6148,Heisteria_sp,alive,4361,2.986805556,0.151152778,27.00979641,322.1170611
Heisteria_sp_OG,OG46,UU4,6173,Heisteria_sp,alive,4253,2.986805556,0.151152778,27.00979641,322.1170611
Heisteria_sp_OG,OG46,UU1,6139,Heisteria_sp,alive,4389,2.986805556,0.151152778,27.00979641,322.1170611
Heisteria_sp_OG,OG46,UU3,1651,Heisteria_sp,alive,4297,2.986805556,0.151152778,27.00979641,322.1170611
Heisteria_sp_OG,OG42,UU1,6156,Heisteria_sp,alive,4371,2.986805556,0.151152778,27.00979641,322.1170611
Heisteria_sp_OG,OG42,UU1,6138,Heisteria_sp,alive,4387,2.986805556,0.151152778,27.00979641,322.1170611
Heisteria_sp_OG,OG46,UU4,6167,Heisteria_sp,alive,4262,2.986805556,0.151152778,27.00979641,322.1170611
Heisteria_sp_OG,OG46,UU4,6182,Heisteria_sp,alive,4244,2.986805556,0.151152778,27.00979641,322.1170611
Heisteria_sp_OG,OG49,FU1,1207,Heisteria_sp,alive,4528,2.986805556,0.151152778,27.00979641,322.1170611
Heisteria_sp_OG,OG46,UU4,7167,Heisteria_sp,alive,4230,2.986805556,0.151152778,27.00979641,322.1170611
Heisteria_sp_OG,OG46,UU1,6151,Heisteria_sp,alive,4367,2.986805556,0.151152778,27.00979641,322.1170611
Heisteria_sp_OG,OG46,UU3,7143,Heisteria_sp,alive,4287,2.986805556,0.151152778,27.00979641,322.1170611
Heisteria_sp_OG,OG46,UU3,1657,Heisteria_sp,alive,4299,2.986805556,0.151152778,27.00979641,322.1170611
Heisteria_sp_OG,OG46,UU4,7180,Heisteria_sp,alive,4217,2.986805556,0.151152778,27.00979641,322.1170611
Heisteria_sp_OG,OG46,UU3,7144,Heisteria_sp,alive,4286,2.986805556,0.151152778,27.00979641,322.1170611
Heisteria_sp_OG,OG46,UU1,7126,Heisteria_sp,alive,4368,2.986805556,0.151152778,27.00979641,322.1170611
Heisteria_sp_OG,OG46,UU3,7150,Heisteria_sp,alive,4280,2.986805556,0.151152778,27.00979641,322.1170611
Heisteria_sp_OG,OG46,UU4,7175,Heisteria_sp,alive,4222,2.986805556,0.151152778,27.00979641,322.1170611
Heisteria_sp_OG,OG46,UU2,1626,Heisteria_sp,alive,4323,2.986805556,0.151152778,27.00979641,322.1170611
Heisteria_sp_OG,OG46,UU1,7133,Heisteria_sp,alive,4354,2.986805556,0.151152778,27.00979641,322.1170611
Heisteria_sp_OG,OG46,UU4,6171,Heisteria_sp,alive,4258,2.986805556,0.151152778,27.00979641,322.1170611
Heisteria_sp_OG,OG46,UU4,5062,Heisteria_sp,alive,4076,2.986805556,0.151152778,27.00979641,322.1170611
Heisteria_sp_OG,OG46,UU4,6191,Heisteria_sp,alive,4266,2.986805556,0.151152778,27.00979641,322.1170611
Heisteria_sp_OG,OG46,UU3,7160,Heisteria_sp,alive,4269,2.986805556,0.151152778,27.00979641,322.1170611
Heisteria_sp_OG,OG46,UU4,4081,Heisteria_sp,alive,4257,2.986805556,0.151152778,27.00979641,322.1170611
Heisteria_sp_OG,OG46,UU4,6190,Heisteria_sp,alive,4263,2.986805556,0.151152778,27.00979641,322.1170611
Heisteria_sp_OG,OG46,UU4,7163,Heisteria_sp,alive,4234,2.986805556,0.151152778,27.00979641,322.1170611
Heisteria_sp_OG,OG46,UU4,7173,Heisteria_sp,alive,4224,2.986805556,0.151152778,27.00979641,322.1170611
Heisteria_sp_OG,OG49,FU3,1232,Heisteria_sp,alive,4482,2.986805556,0.151152778,27.00979641,322.1170611
Heisteria_sp_OG,OG46,UU1,7112,Heisteria_sp,alive,4352,2.986805556,0.151152778,27.00979641,322.1170611
Heisteria_sp_OG,OG46,UU1,6126,Heisteria_sp,alive,4335,2.986805556,0.151152778,27.00979641,322.1170611
Heisteria_sp_OG,OG46,UU1,7122,Heisteria_sp,alive,4375,2.986805556,0.151152778,27.00979641,322.1170611
Heisteria_sp_OG,OG46,UU3,1633,Heisteria_sp,alive,4318,2.986805556,0.151152778,27.00979641,322.1170611
Heisteria_sp_OG,OG46,UU3,4085,Heisteria_sp,alive,4075,2.986805556,0.151152778,27.00979641,322.1170611
Heisteria_sp_OG,OG46,UU3,7141,Heisteria_sp,alive,4289,2.986805556,0.151152778,27.00979641,322.1170611
Heisteria_sp_OG,OG46,UU1,6147,Heisteria_sp,alive,4360,2.986805556,0.151152778,27.00979641,322.1170611
Heisteria_sp_OG,OG42,UU1,7128,Heisteria_sp,alive,4325,2.986805556,0.151152778,27.00979641,322.1170611
Heisteria_sp_OG,OG46,UU1,6141,Heisteria_sp,alive,4342,2.986805556,0.151152778,27.00979641,322.1170611
Heisteria_sp_OG,OG46,UU3,7159,Heisteria_sp,alive,4270,2.986805556,0.151152778,27.00979641,322.1170611
Heisteria_sp_OG,OG49,FU1,1198,Heisteria_sp,alive,4524,2.986805556,0.151152778,27.00979641,322.1170611
Heisteria_sp_OG,OG49,FU1,1201,Heisteria_sp,alive,4525,2.986805556,0.151152778,27.00979641,322.1170611
Heisteria_sp_OG,OG46,UU4,7171,Heisteria_sp,alive,4226,2.986805556,0.151152778,27.00979641,322.1170611
Heisteria_sp_OG,OG46,UU1,6129,Heisteria_sp,alive,4334,2.986805556,0.151152778,27.00979641,322.1170611
Heisteria_sp_OG,OG46,UU1,6158,Heisteria_sp,alive,4331,2.986805556,0.151152778,27.00979641,322.1170611
Heisteria_sp_OG,OG46,UU3,7154,Heisteria_sp,alive,4112,2.986805556,0.151152778,27.00979641,322.1170611
Heisteria_sp_OG,OG46,UU1,6162,Heisteria_sp,alive,4398,2.986805556,0.151152778,27.00979641,322.1170611
Heisteria_sp_OG,OG46,UU1,6166,Heisteria_sp,alive,4394,2.986805556,0.151152778,27.00979641,322.1170611
Heisteria_sp_OG,OG46,UU1,6144,Heisteria_sp,alive,4350,2.986805556,0.151152778,27.00979641,322.1170611
Heisteria_sp_OG,OG46,UU3,1647,Heisteria_sp,alive,4303,2.986805556,0.151152778,27.00979641,322.1170611
Heisteria_sp_OG,OG46,UU4,6181,Heisteria_sp,alive,4245,2.986805556,0.151152778,27.00979641,322.1170611
Heisteria_sp_OG,OG46,UU4,6180,Heisteria_sp,alive,4246,2.986805556,0.151152778,27.00979641,322.1170611
Heisteria_sp_OG,OG46,UU3,1644,Heisteria_sp,alive,4279,2.986805556,0.151152778,27.00979641,322.1170611
Heisteria_sp_OG,OG46,UU3,1640,Heisteria_sp,alive,4291,2.986805556,0.151152778,27.00979641,322.1170611
Heisteria_sp_OG,OG46,UU4,6176,Heisteria_sp,alive,4251,2.986805556,0.151152778,27.00979641,322.1170611
Heisteria_sp_OG,OG46,UU3,7157,Heisteria_sp,alive,4272,2.986805556,0.151152778,27.00979641,322.1170611
Heisteria_sp_OG,OG46,UU1,7123,Heisteria_sp,alive,4373,2.986805556,0.151152778,27.00979641,322.1170611
Heisteria_sp_OG,OG46,UU1,6157,Heisteria_sp,alive,4330,2.986805556,0.151152778,27.00979641,322.1170611
Heisteria_sp_OG,OG45,FU3,1677,Heisteria_sp,alive,4096,2.986805556,0.151152778,27.00979641,322.1170611
Heisteria_sp_OG,OG46,UU3,7149,Heisteria_sp,alive,4281,2.986805556,0.151152778,27.00979641,322.1170611
Heisteria_sp_OG,OG46,UU1,6153,Heisteria_sp,alive,4369,2.986805556,0.151152778,27.00979641,322.1170611
Heisteria_sp_OG,OG46,UU4,7181,Heisteria_sp,alive,4216,2.986805556,0.151152778,27.00979641,322.1170611
Heisteria_sp_OG,OG46,UU4,7178,Heisteria_sp,alive,4219,2.986805556,0.151152778,27.00979641,322.1170611
Heisteria_sp_OG,OG46,UU1,7111,Heisteria_sp,alive,4359,2.986805556,0.151152778,27.00979641,322.1170611
Heisteria_sp_OG,OG46,UU3,1655,Heisteria_sp,alive,4319,2.986805556,0.151152778,27.00979641,322.1170611
Heisteria_sp_OG,OG41,FU1,5102,Heisteria_sp,alive,4069,2.986805556,0.151152778,27.00979641,322.1170611
Heisteria_sp_OG,OG46,UU1,1620,Heisteria_sp,alive,4362,2.986805556,0.151152778,27.00979641,322.1170611
Heisteria_sp_OG,OG46,UU3,7153.2,Heisteria_sp,alive,4275,2.986805556,0.151152778,27.00979641,322.1170611
Heisteria_sp_OG,OG46,UU1,6146,Heisteria_sp,alive,3809,2.986805556,0.151152778,27.00979641,322.1170611
Heisteria_sp_OG,OG46,UU1,1618,Heisteria_sp,alive,4357,2.986805556,0.151152778,27.00979641,322.1170611
Heisteria_sp_OG,OG46,UU4,7176,Heisteria_sp,alive,4221,2.986805556,0.151152778,27.00979641,322.1170611
Heisteria_sp_OG,OG49,FU1,1197,Heisteria_sp,alive,4523,2.986805556,0.151152778,27.00979641,322.1170611
Heisteria_sp_OG,OG46,UU1,6136.1,Heisteria_sp,alive,4311,2.986805556,0.151152778,27.00979641,322.1170611
Heisteria_sp_OG,OG42,UU1,1622,Heisteria_sp,alive,4377,2.986805556,0.151152778,27.00979641,322.1170611
Heisteria_sp_OG,OG46,UU1,7110,Heisteria_sp,alive,4338,2.986805556,0.151152778,27.00979641,322.1170611
Heisteria_sp_OG,OG46,UU3,7155,Heisteria_sp,alive,4274,2.986805556,0.151152778,27.00979641,322.1170611
Heisteria_sp_OG,OG46,UU4,6179,Heisteria_sp,alive,4248,2.986805556,0.151152778,27.00979641,322.1170611
Heisteria_sp_OG,OG46,UU1,6142,Heisteria_sp,alive,4348,2.986805556,0.151152778,27.00979641,322.1170611
Heisteria_sp_OG,OG46,UU1,6137,Heisteria_sp,alive,4390,2.986805556,0.151152778,27.00979641,322.1170611
Heisteria_sp_OG,OG46,UU1,7131,Heisteria_sp,alive,4355,2.986805556,0.151152778,27.00979641,322.1170611
Heisteria_sp_OG,OG46,UU1,6130,Heisteria_sp,alive,4384,2.986805556,0.151152778,27.00979641,322.1170611
Heisteria_sp_OG,OG46,UU1,6146,Heisteria_sp,alive,4358,2.986805556,0.151152778,27.00979641,322.1170611
Heisteria_sp_OG,OG46,UU3,7146,Heisteria_sp,alive,4284,2.986805556,0.151152778,27.00979641,322.1170611
Heisteria_sp_OG,OG38,FD3,5008,Heisteria_sp,alive,3466,2.986805556,0.151152778,27.00979641,322.1170611
Heisteria_sp_OG,OG46,UU2,1623,Heisteria_sp,alive,4314,2.986805556,0.151152778,27.00979641,322.1170611
Heisteria_sp_OG,OG46,UU4,7174,Heisteria_sp,alive,4223,2.986805556,0.151152778,27.00979641,322.1170611
Heisteria_sp_OG,OG46,UU4,7193,Heisteria_sp,alive,4203,2.986805556,0.151152778,27.00979641,322.1170611
Heisteria_sp_OG,OG46,UU1,7132,Heisteria_sp,alive,4353,2.986805556,0.151152778,27.00979641,322.1170611
Heisteria_sp_OG,OG46,UU3,7148,Heisteria_sp,alive,4282,2.986805556,0.151152778,27.00979641,322.1170611
Heisteria_sp_OG,OG46,UD2,7196,Heisteria_sp,alive,4199,2.986805556,0.151152778,27.00979641,322.1170611
Heisteria_sp_OG,OG46,UU3,7152,Heisteria_sp,alive,4277,2.986805556,0.151152778,27.00979641,322.1170611
Heisteria_sp_OG,OG46,UU3,7153.1,Heisteria_sp,alive,4276,2.986805556,0.151152778,27.00979641,322.1170611
Heisteria_sp_OG,OG46,UU3,6186,Heisteria_sp,alive,4240,2.986805556,0.151152778,27.00979641,322.1170611
Heisteria_sp_OG,OG46,UU1,6165,Heisteria_sp,alive,4395,2.986805556,0.151152778,27.00979641,322.1170611
Heisteria_sp_OG,OG46,UU1,7121,Heisteria_sp,alive,4376,2.986805556,0.151152778,27.00979641,322.1170611
Heisteria_sp_OG,OG46,UU4,7187,Heisteria_sp,alive,4209,2.986805556,0.151152778,27.00979641,322.1170611
Heisteria_sp_OG,OG45,FU3,1684,Heisteria_sp,alive,4102,2.986805556,0.151152778,27.00979641,322.1170611
Heisteria_sp_OG,OG46,UU4,7183,Heisteria_sp,alive,4214,2.986805556,0.151152778,27.00979641,322.1170611
Heisteria_sp_OG,OG46,UU1,7117,Heisteria_sp,alive,4345,2.986805556,0.151152778,27.00979641,322.1170611
Heisteria_sp_OG,OG46,UU4,6178,Heisteria_sp,alive,4249,2.986805556,0.151152778,27.00979641,322.1170611
Heisteria_sp_OG,OG46,UU3,1639,Heisteria_sp,alive,4293,2.986805556,0.151152778,27.00979641,322.1170611
Heisteria_sp_OG,OG46,UU1,6132,Heisteria_sp,alive,4385,2.986805556,0.151152778,27.00979641,322.1170611
Heisteria_sp_OG,OG46,UU4,7172,Heisteria_sp,alive,4225,2.986805556,0.151152778,27.00979641,322.1170611
Heisteria_sp_OG,OG46,UU1,6150,Heisteria_sp,alive,4363,2.986805556,0.151152778,27.00979641,322.1170611
Heisteria_sp_OG,OG46,UU4,6169,Heisteria_sp,alive,4260,2.986805556,0.151152778,27.00979641,322.1170611
Heisteria_sp_OG,OG46,UU1,6134,Heisteria_sp,alive,4393,2.986805556,0.151152778,27.00979641,322.1170611
Heisteria_sp_OG,OG45,FU2,1680,Heisteria_sp,alive,4098,2.986805556,0.151152778,27.00979641,322.1170611
Heisteria_sp_OG,OG46,UU3,1636,Heisteria_sp,alive,4307,2.986805556,0.151152778,27.00979641,322.1170611
Heisteria_sp_OG,OG46,UU4,7168,Heisteria_sp,alive,4229,2.986805556,0.151152778,27.00979641,322.1170611
Heisteria_sp_OG,OG46,UU4,6174,Heisteria_sp,alive,4254,2.986805556,0.151152778,27.00979641,322.1170611
Heisteria_sp_OG,OG46,UU1,6161,Heisteria_sp,alive,4399,2.986805556,0.151152778,27.00979641,322.1170611
Heisteria_sp_OG,OG46,UU4,7194,Heisteria_sp,alive,4202,2.986805556,0.151152778,27.00979641,322.1170611
Heisteria_sp_OG,OG46,UU1,6154,Heisteria_sp,alive,4372,2.986805556,0.151152778,27.00979641,322.1170611
Heisteria_sp_OG,OG46,UU4,7182,Heisteria_sp,alive,4215,2.986805556,0.151152778,27.00979641,322.1170611
Heisteria_sp_OG,OG46,UU1,7118,Heisteria_sp,alive,4344,2.986805556,0.151152778,27.00979641,322.1170611
Heisteria_sp_OG,OG46,UU4,7179,Heisteria_sp,alive,4218,2.986805556,0.151152778,27.00979641,322.1170611
Heisteria_sp_OG,OG46,UU1,7119,Heisteria_sp,alive,4343,2.986805556,0.151152778,27.00979641,322.1170611
Heisteria_sp_OG,OG46,UU1,7114,Heisteria_sp,alive,4381,2.986805556,0.151152778,27.00979641,322.1170611
Heisteria_sp_OG,OG46,UU4,7189,Heisteria_sp,alive,4207,2.986805556,0.151152778,27.00979641,322.1170611
Heisteria_sp_OG,OG46,UU4,7165,Heisteria_sp,alive,4232,2.986805556,0.151152778,27.00979641,322.1170611
Heisteria_sp_OG,OG46,UU2,7135,Heisteria_sp,alive,4317,2.986805556,0.151152778,27.00979641,322.1170611
Heisteria_sp_OG,OG49,FU1,7333,Heisteria_sp,alive,4527,2.986805556,0.151152778,27.00979641,322.1170611
Heisteria_sp_OG,OG46,UU3,7161,Heisteria_sp,alive,4237,2.986805556,0.151152778,27.00979641,322.1170611
Heisteria_sp_OG,OG46,UU3,1643,Heisteria_sp,alive,4305,2.986805556,0.151152778,27.00979641,322.1170611
Heisteria_sp_OG,OG46,UU1,6156,Heisteria_sp,alive,4370,2.986805556,0.151152778,27.00979641,322.1170611
Heisteria_sp_OG,OG46,UU3,6189,Heisteria_sp,alive,4238,2.986805556,0.151152778,27.00979641,322.1170611
Heisteria_sp_OG,OG49,FU1,1196,Heisteria_sp,alive,4522,2.986805556,0.151152778,27.00979641,322.1170611
Heisteria_sp_OG,OG46,UU3,7140,Heisteria_sp,alive,4290,2.986805556,0.151152778,27.00979641,322.1170611
Heisteria_sp_OG,OG46,UU3,7138,Heisteria_sp,alive,4320,2.986805556,0.151152778,27.00979641,322.1170611
Heisteria_sp_OG,OG46,UU4,6184,Heisteria_sp,alive,4242,2.986805556,0.151152778,27.00979641,322.1170611
Heisteria_sp_OG,OG49,FU2,1208,Heisteria_sp,alive,4439,2.986805556,0.151152778,27.00979641,322.1170611
Heisteria_sp_OG,OG46,UU1,6163,Heisteria_sp,alive,4397,2.986805556,0.151152778,27.00979641,322.1170611
Heisteria_sp_OG,OG46,UU3,7145,Heisteria_sp,alive,4285,2.986805556,0.151152778,27.00979641,322.1170611
Heisteria_sp_OG,OG46,UU4,7192,Heisteria_sp,alive,4204,2.986805556,0.151152778,27.00979641,322.1170611
Heisteria_sp_OG,OG46,UU1,7125,Heisteria_sp,alive,4340,2.986805556,0.151152778,27.00979641,322.1170611
Heisteria_sp_OG,OG46,UU4,7166,Heisteria_sp,alive,4231,2.986805556,0.151152778,27.00979641,322.1170611
Heisteria_sp_OG,OG46,UU4,6188,Heisteria_sp,alive,4264,2.986805556,0.151152778,27.00979641,322.1170611
Heisteria_sp_OG,OG46,UU1,7139,Heisteria_sp,alive,4312,2.986805556,0.151152778,27.00979641,322.1170611
Heisteria_sp_OG,OG46,UU1,6145,Heisteria_sp,alive,4351,2.986805556,0.151152778,27.00979641,322.1170611
Heisteria_sp_OG,OG46,UU1,1607,Heisteria_sp,alive,4374,2.986805556,0.151152778,27.00979641,322.1170611
Heisteria_sp_OG,OG49,FU3,1226,Heisteria_sp,alive,4489,2.986805556,0.151152778,27.00979641,322.1170611
Heisteria_sp_OG,OG46,UU4,7170,Heisteria_sp,alive,4259,2.986805556,0.151152778,27.00979641,322.1170611
Heisteria_sp_OG,OG46,UU1,6143,Heisteria_sp,alive,4349,2.986805556,0.151152778,27.00979641,322.1170611
Heisteria_sp_OG,OG46,UU3,1641,Heisteria_sp,alive,4306,2.986805556,0.151152778,27.00979641,322.1170611
Heisteria_sp_OG,OG46,UU4,6172,Heisteria_sp,alive,4256,2.986805556,0.151152778,27.00979641,322.1170611
Heisteria_sp_OG,OG46,UU1,7113,Heisteria_sp,alive,4382,2.986805556,0.151152778,27.00979641,322.1170611
Heisteria_sp_OG,OG46,UU3,6195,Heisteria_sp,alive,4090,2.986805556,0.151152778,27.00979641,322.1170611
Heisteria_sp_OG,OG46,UU3,7151,Heisteria_sp,alive,4278,2.986805556,0.151152778,27.00979641,322.1170611
Heisteria_sp_OG,OG46,UU1,6133,Heisteria_sp,alive,4386,2.986805556,0.151152778,27.00979641,322.1170611
Heisteria_sp_OG,OG46,UU4,6193,Heisteria_sp,alive,4267,2.986805556,0.151152778,27.00979641,322.1170611
Heisteria_sp_OG,OG49,FU3,1222,Heisteria_sp,alive,4487,2.986805556,0.151152778,27.00979641,322.1170611
Heisteria_sp_OG,OG46,UU3,1653,Heisteria_sp,alive,4298,2.986805556,0.151152778,27.00979641,322.1170611
Heisteria_sp_OG,OG46,UU3,1637,Heisteria_sp,alive,4292,2.986805556,0.151152778,27.00979641,322.1170611
Heisteria_sp_OG,OG46,UU3,1638,Heisteria_sp,alive,4300,2.986805556,0.151152778,27.00979641,322.1170611
Heisteria_sp_OG,OG46,UU3,1635,Heisteria_sp,alive,4309,2.986805556,0.151152778,27.00979641,322.1170611
Heisteria_sp_OG,OG45,FU3,1678,Heisteria_sp,alive,4097,2.986805556,0.151152778,27.00979641,322.1170611
Heisteria_sp_OG,OG46,UU4,7185,Heisteria_sp,alive,4212,2.986805556,0.151152778,27.00979641,322.1170611
Heisteria_sp_OG,OG46,UU1,6135,Heisteria_sp,alive,4391,2.986805556,0.151152778,27.00979641,322.1170611
Heisteria_sp_OG,OG46,UU4,7184,Heisteria_sp,alive,4213,2.986805556,0.151152778,27.00979641,322.1170611
Heisteria_sp_OG,OG46,UU1,6164,Heisteria_sp,alive,4396,2.986805556,0.151152778,27.00979641,322.1170611
Heisteria_sp_OG,OG46,UU1,6125,Heisteria_sp,alive,4333,2.986805556,0.151152778,27.00979641,322.1170611
Heisteria_sp_OG,OG46,UU1,7130,Heisteria_sp,alive,4313,2.986805556,0.151152778,27.00979641,322.1170611
Heisteria_sp_OG,OG45,FU3,1681,Heisteria_sp,alive,4099,2.986805556,0.151152778,27.00979641,322.1170611
Heisteria_sp_OG,OG49,FU3,1230,Heisteria_sp,alive,4485,2.986805556,0.151152778,27.00979641,322.1170611
Heisteria_sp_OG,OG46,UU4,6168,Heisteria_sp,dying,4261,2.986805556,0.151152778,27.00979641,322.1170611
Heisteria_sp2_OG,OG45,FD3,5079,Heisteria_sp2,alive,4123,NA,NA,NA,NA
Heisteria_sp2_OG,OG43,UU2,7626,Heisteria_sp2,alive,5076,NA,NA,NA,NA
Heisteria_sp2_OG,OG45,UU3,5074,Heisteria_sp2,alive,4117,NA,NA,NA,NA
Heisteria_sp2_OG,OG43,UU2,7625,Heisteria_sp2,alive,5115,NA,NA,NA,NA
Huberodendron_sp2_OG,OG45,FU2,1670,Huberodendron_sp2,alive,4093,1.787222222,0.106833333,44.6474537,194.9246527
Huberodendron_sp2_OG,OG49,FD3,7366,Huberodendron_sp2,alive,4588,1.787222222,0.106833333,44.6474537,194.9246527
Huberodendron_sp2_OG,OG45,FU2,1669,Huberodendron_sp2,alive,4092,1.787222222,0.106833333,44.6474537,194.9246527
Huberodendron_sp2_old_CR,CR14,UD3,3077,Huberodendron_sp2,alive,4757,NA,NA,NA,NA
Huevo_de_mono_OG,OG49,FD1,7356,Huevo_de_mono,alive,4501,NA,NA,NA,NA
Huevo_de_mono_OG,OG49,FD1,7355,Huevo_de_mono,alive,4504,NA,NA,NA,NA
Huevo_de_mono_OG,OG49,FD1,7354,Huevo_de_mono,alive,4505,NA,NA,NA,NA
Huevo_de_mono_OG,OG49,FD1,7362,Huevo_de_mono,alive,4497,NA,NA,NA,NA
Huevo_de_mono_OG,OG49,FD1,7363,Huevo_de_mono,alive,4506,NA,NA,NA,NA
Hymenolobium_heterocarpum_old_CR,CR10,UU3,5094,Hymenolobium_heterocarpum,alive,4236,NA,NA,NA,NA
Indet_no_leaves_old_CR,CR14,FD3,4308,Indet_no_leaves,alive,4766,NA,NA,NA,NA
Indet_OG,OG42,FU3,6077,Indet,alive,3378,NA,NA,NA,NA
Indet_OG,OG38,UD1,7015,Indet,alive,3520,NA,NA,NA,NA
Indet_OG,OG42,FD3,4209,Indet,alive,3291,NA,NA,NA,NA
Indet_OG,OG39,FD3,3021,Indet,alive,3536,NA,NA,NA,NA
Indet_OG,OG42,FU3,6075,Indet,alive,3369,NA,NA,NA,NA
Indet_OG,OG38,UD1,7014,Indet,alive,3521,NA,NA,NA,NA
Indet_old_CR,CR10,FD3,7203,Indet,alive,3800,NA,NA,NA,NA
Indet_old_CR,CR06,FD3,2001,Indet,sapling,3445,NA,NA,NA,NA
Indet_old_PR,PR26,UU4,7074,Indet,alive,3734,NA,NA,NA,NA
Ing_acuminata_OG,OG38,FD3,6008,Ing_acuminata,alive,3568,NA,NA,NA,NA
Inga_acuminata_OG,OG38,UD1,6005,Inga_acuminata,alive,3515,1.403333333,0.08175,41.81121953,322.8263215
Inga_acuminata_OG,OG45,FD1,3182,Inga_acuminata,alive,4077,1.403333333,0.08175,41.81121953,322.8263215
Inga_acuminata_OG,OG46,UU1,1612,Inga_acuminata,alive,4392,1.403333333,0.08175,41.81121953,322.8263215
Inga_acuminata_OG,OG38,UD1,4011,Inga_acuminata,alive,3523,1.403333333,0.08175,41.81121953,322.8263215
Inga_acuminata_OG,OG38,FD2,7025,Inga_acuminata,alive,3570,1.403333333,0.08175,41.81121953,322.8263215
Inga_acuminata_OG,OG38,UD2,4012,Inga_acuminata,alive,3594,1.403333333,0.08175,41.81121953,322.8263215
Inga_acuminata_old_CR,CR12,UU1,7429,Inga_acuminata,alive,4943,1.831666667,0.101083333,28.976364,373.2925471
Inga_carinata_OG,OG52,UD3,4279,Inga_carinata,alive,4612,2.149155556,0.14016,29.86268507,283.1637528
Inga_carinata_OG,OG42,FD2,3156,Inga_carinata,alive,3300,2.149155556,0.14016,29.86268507,283.1637528
Inga_carinata_OG,OG42,UD1,7274,Inga_carinata,alive,4126,2.149155556,0.14016,29.86268507,283.1637528
Inga_carinata_OG,OG47,UU4,7271,Inga_carinata,alive,3878,2.149155556,0.14016,29.86268507,283.1637528
Inga_carinata_OG,OG42,UD1,6105,Inga_carinata,alive,3308,2.149155556,0.14016,29.86268507,283.1637528
Inga_carinata_OG,OG42,UD1,6107,Inga_carinata,alive,3310,2.149155556,0.14016,29.86268507,283.1637528
Inga_carinata_OG,OG40,UU4,7502,Inga_carinata,alive,4971,2.149155556,0.14016,29.86268507,283.1637528
Inga_carinata_OG,OG46,UD3,3168,Inga_carinata,alive,4194,2.149155556,0.14016,29.86268507,283.1637528
Inga_carinata_OG,OG46,UU1,1608,Inga_carinata,alive,4329,2.149155556,0.14016,29.86268507,283.1637528
Inga_carinata_OG,OG45,FD1,3183,Inga_carinata,alive,4078,2.149155556,0.14016,29.86268507,283.1637528
Inga_carinata_OG,OG44,UU1,7445,Inga_carinata,alive,4899,2.149155556,0.14016,29.86268507,283.1637528
Inga_carinata_OG,OG46,UD3,3171,Inga_carinata,alive,4185,2.149155556,0.14016,29.86268507,283.1637528
Inga_carinata_OG,OG46,UU4,7191,Inga_carinata,alive,4205,2.149155556,0.14016,29.86268507,283.1637528
Inga_carinata_OG,OG39,UU2,1459,Inga_carinata,alive,3442,2.149155556,0.14016,29.86268507,283.1637528
Inga_carinata_OG,OG42,UD1,4211,Inga_carinata,alive,3311,2.149155556,0.14016,29.86268507,283.1637528
Inga_carinata_OG,OG46,UD3,3172,Inga_carinata,alive,4186,2.149155556,0.14016,29.86268507,283.1637528
Inga_carinata_OG,OG42,UD1,6112,Inga_carinata,alive,3318,2.149155556,0.14016,29.86268507,283.1637528
Inga_carinata_OG,OG42,UD1,6110,Inga_carinata,alive,3316,2.149155556,0.14016,29.86268507,283.1637528
Inga_carinata_OG,OG42,UD1,4212,Inga_carinata,alive,3312,2.149155556,0.14016,29.86268507,283.1637528
Inga_carinata_OG,OG44,UU1,7443,Inga_carinata,alive,4907,2.149155556,0.14016,29.86268507,283.1637528
Inga_carinata_OG,OG46,UD3,3169,Inga_carinata,alive,4193,2.149155556,0.14016,29.86268507,283.1637528
Inga_carinata_OG,OG46,UD3,3170,Inga_carinata,alive,4192,2.149155556,0.14016,29.86268507,283.1637528
Inga_carinata_OG,OG46,UD3,3173,Inga_carinata,alive,4191,2.149155556,0.14016,29.86268507,283.1637528
Inga_carinata_OG,OG42,FU1,4172,Inga_carinata,alive,3383,2.149155556,0.14016,29.86268507,283.1637528
Inga_carinata_OG,OG40,UU4,7503,Inga_carinata,alive,4854,2.149155556,0.14016,29.86268507,283.1637528
Inga_carinata_OG,OG42,UD1,6111,Inga_carinata,alive,3317,2.149155556,0.14016,29.86268507,283.1637528
Inga_carinata_OG,OG46,UU3,1646,Inga_carinata,alive,4304,2.149155556,0.14016,29.86268507,283.1637528
Inga_carinata_OG,OG42,UD1,6106,Inga_carinata,alive,3309,2.149155556,0.14016,29.86268507,283.1637528
Inga_carinata_OG,OG45,FU1,6196,Inga_carinata,alive,4150,2.149155556,0.14016,29.86268507,283.1637528
Inga_carinata_OG,OG45,UU2,4097,Inga_carinata,alive,4114,2.149155556,0.14016,29.86268507,283.1637528
Inga_carinata_old_CR,CR12,UU4,7438,Inga_carinata,alive,4949,2.412708333,0.138614583,25.01125042,338.9647065
Inga_carinata_old_CR,CR12,UU2,7435,Inga_carinata,alive,4946,2.412708333,0.138614583,25.01125042,338.9647065
Inga_carinata_old_CR,CR12,UU4,7439,Inga_carinata,alive,4904,2.412708333,0.138614583,25.01125042,338.9647065
Inga_carinata_old_CR,CR10,FU3,5091,Inga_carinata,alive,3976,2.412708333,0.138614583,25.01125042,338.9647065
Inga_carinata_old_CR,CR04,UU2,1496,Inga_carinata,alive,3715,2.412708333,0.138614583,25.01125042,338.9647065
Inga_carinata_old_CR,CR12,UU1,7430,Inga_carinata,alive,4941,2.412708333,0.138614583,25.01125042,338.9647065
Inga_carinata_old_CR,CR12,UU1,7433,Inga_carinata,alive,4942,2.412708333,0.138614583,25.01125042,338.9647065
Inga_carinata_old_CR,CR12,UU2,7436,Inga_carinata,alive,4947,2.412708333,0.138614583,25.01125042,338.9647065
Inga_carinata_old_CR,CR08,UU1,7545,Inga_carinata,alive,5014,2.412708333,0.138614583,25.01125042,338.9647065
Inga_carinata_young_CR,CR09,UU4,4241,Inga_carinata,alive,3890,NA,NA,NA,NA
Inga_chocoensis_OG,OG42,FD2,4205,Inga_chocoensis,alive,3298,NA,NA,NA,NA
Inga_chocoensis_OG,OG42,FD1,4195,Inga_chocoensis,alive,3302,NA,NA,NA,NA
Inga_chocoensis_OG,OG42,FD2,4206,Inga_chocoensis,alive,3299,NA,NA,NA,NA
Inga_chocoensis_OG,OG42,UU2,1866,Inga_chocoensis,alive,3358,NA,NA,NA,NA
Inga_chocoensis_OG,OG42,FU3,4177,Inga_chocoensis,alive,3373,NA,NA,NA,NA
Inga_chocoensis_OG,OG42,FD2,4199,Inga_chocoensis,alive,3294,NA,NA,NA,NA
Inga_chocoensis_OG,OG42,FD2,4200,Inga_chocoensis,alive,3296,NA,NA,NA,NA
Inga_chocoensis_OG,OG42,FD2,4197,Inga_chocoensis,alive,3295,NA,NA,NA,NA
Inga_chocoensis_old_CR,CR14,UU4,7358,Inga_chocoensis,alive,4750,2.753333333,0.124875,10.52304657,375.9126051
Inga_chocoensis_old_CR,CR14,UU4,7360.3,Inga_chocoensis,alive,4747,2.753333333,0.124875,10.52304657,375.9126051
Inga_chocoensis_old_PR,PR26,FD3,4166,Inga_chocoensis,alive,3724,1.953117284,0.102582407,39.14674543,307.0804332
Inga_chocoensis_old_PR,PR32,UU1,1886,Inga_chocoensis,alive,4027,1.953117284,0.102582407,39.14674543,307.0804332
Inga_chocoensis_old_PR,PR26,FD1,6016,Inga_chocoensis,alive,3625,1.953117284,0.102582407,39.14674543,307.0804332
Inga_chocoensis_old_PR,PR24,UU4,7428,Inga_chocoensis,alive,4937,1.953117284,0.102582407,39.14674543,307.0804332
Inga_chocoensis_old_PR,PR24,UU4,7426,Inga_chocoensis,alive,4936,1.953117284,0.102582407,39.14674543,307.0804332
Inga_chocoensis_old_PR,PR26,FD3,6014,Inga_chocoensis,alive,3725,1.953117284,0.102582407,39.14674543,307.0804332
Inga_hoja_blanca_old_CR,CR11,UU4,4071,Inga_hoja_blanca,alive,3827,1.928425926,0.096041667,37.97835077,361.7785717
Inga_hoja_blanca_old_CR,CR04,FU2,5057,Inga_hoja_blanca,alive,3621,1.928425926,0.096041667,37.97835077,361.7785717
Inga_hoja_blanca_young_CR,CR09,UU1,7294,Inga_hoja_blanca,alive,4024,2.163063492,0.119040476,27.9480865,339.1368543
Inga_hoja_blanca_young_CR,CR09,UU3,2176,Inga_hoja_blanca,alive,3887,2.163063492,0.119040476,27.9480865,339.1368543
Inga_hoja_blanca_young_CR,CR09,UU4,7295,Inga_hoja_blanca,alive,3888,2.163063492,0.119040476,27.9480865,339.1368543
Inga_hoja_blanca_young_CR,CR09,FU2,3161,Inga_hoja_blanca,alive,4020,2.163063492,0.119040476,27.9480865,339.1368543
Inga_hoja_blanca_young_CR,CR05,FU2,1423,Inga_hoja_blanca,alive,3395,2.163063492,0.119040476,27.9480865,339.1368543
Inga_nobilis_OG,OG47,UU3,4058.1,Inga_nobilis,alive,3868,2.9,0.18475,27.12828369,323.3809811
Inga_nobilis_OG,OG50,UU1,7606.2,Inga_nobilis,alive,5094,2.9,0.18475,27.12828369,323.3809811
Inga_nobilis_OG,OG50,UU1,7606.1,Inga_nobilis,alive,5095,2.9,0.18475,27.12828369,323.3809811
Inga_nobilis_OG,OG48,UU4,7600,Inga_nobilis,alive,5047,2.9,0.18475,27.12828369,323.3809811
Inga_nobilis_OG,OG47,UU3,4058.2,Inga_nobilis,alive,3869,2.9,0.18475,27.12828369,323.3809811
Inga_nobilis_old_CR,CR11,UU4,4073,Inga_nobilis,alive,3828,3.087722222,0.156925,19.76377772,380.7649872
Inga_nobilis_old_CR,CR12,UU4,7440,Inga_nobilis,alive,4903,3.087722222,0.156925,19.76377772,380.7649872
Inga_nobilis_old_CR,CR12,UU1,7431,Inga_nobilis,alive,4940,3.087722222,0.156925,19.76377772,380.7649872
Inga_nobilis_old_CR,CR10,FU2,1573,Inga_nobilis,alive,3984,3.087722222,0.156925,19.76377772,380.7649872
Inga_nobilis_old_CR,CR11,FD3,1722,Inga_nobilis,alive,3841,3.087722222,0.156925,19.76377772,380.7649872
Inga_nobilis_old_CR,CR10,FU3,4107,Inga_nobilis,alive,3979,3.087722222,0.156925,19.76377772,380.7649872
Inga_nobilis_old_CR,CR12,UU4,7442,Inga_nobilis,alive,4901,3.087722222,0.156925,19.76377772,380.7649872
Inga_nobilis_old_CR,CR11,FD3,5085,Inga_nobilis,alive,3840,3.087722222,0.156925,19.76377772,380.7649872
Inga_nobilis_old_PR,PR27,UU2,1880,Inga_nobilis,alive,3919,2.629977778,0.161593333,27.51495689,363.25932
Inga_nobilis_old_PR,PR27,UU2,1881,Inga_nobilis,alive,3920,2.629977778,0.161593333,27.51495689,363.25932
Inga_nobilis_old_PR,PR27,UU4,4367,Inga_nobilis,alive,3911,2.629977778,0.161593333,27.51495689,363.25932
Inga_nobilis_old_PR,PR32,UU1,1887,Inga_nobilis,alive,4028,2.629977778,0.161593333,27.51495689,363.25932
Inga_nobilis_old_PR,PR27,UU3,4366,Inga_nobilis,alive,3913,2.629977778,0.161593333,27.51495689,363.25932
Inga_silanchensis_OG,OG52,FD1,3109,Inga_silanchensis,alive,4649,3.053703704,0.166305556,24.30126326,329.739675
Inga_silanchensis_OG,OG52,FD1,7371,Inga_silanchensis,alive,4640,3.053703704,0.166305556,24.30126326,329.739675
Inga_silanchensis_OG,OG52,FD1,3111,Inga_silanchensis,alive,4646,3.053703704,0.166305556,24.30126326,329.739675
Inga_silanchensis_OG,OG52,FD3,3129,Inga_silanchensis,alive,4603,3.053703704,0.166305556,24.30126326,329.739675
Inga_silanchensis_OG,OG52,FD1,3116,Inga_silanchensis,alive,4641,3.053703704,0.166305556,24.30126326,329.739675
Inga_silanchensis_OG,OG52,FD1,3105,Inga_silanchensis,alive,4653,3.053703704,0.166305556,24.30126326,329.739675
Inga_silanchensis_OG,OG52,FD3,3122,Inga_silanchensis,alive,4607,3.053703704,0.166305556,24.30126326,329.739675
Inga_silanchensis_OG,OG52,FD1,4265,Inga_silanchensis,alive,4642,3.053703704,0.166305556,24.30126326,329.739675
Inga_silanchensis_OG,OG52,FD3,3123,Inga_silanchensis,alive,4609,3.053703704,0.166305556,24.30126326,329.739675
Inga_silanchensis_OG,OG52,FD1,3103,Inga_silanchensis,alive,4651,3.053703704,0.166305556,24.30126326,329.739675
Inga_silanchensis_OG,OG45,FU1,6197,Inga_silanchensis,alive,4091,3.053703704,0.166305556,24.30126326,329.739675
Inga_silanchensis_OG,OG52,FD3,3130,Inga_silanchensis,alive,4605,3.053703704,0.166305556,24.30126326,329.739675
Inga_silanchensis_OG,OG52,FD2,3118,Inga_silanchensis,alive,4579,3.053703704,0.166305556,24.30126326,329.739675
Inga_silanchensis_OG,OG52,FD1,3113,Inga_silanchensis,alive,4644,3.053703704,0.166305556,24.30126326,329.739675
Inga_silanchensis_OG,OG52,FD1,3114,Inga_silanchensis,alive,4643,3.053703704,0.166305556,24.30126326,329.739675
Inga_silanchensis_OG,OG52,FD1,7368,Inga_silanchensis,alive,4655,3.053703704,0.166305556,24.30126326,329.739675
Inga_silanchensis_OG,OG52,FD1,7369,Inga_silanchensis,alive,4654,3.053703704,0.166305556,24.30126326,329.739675
Inga_silanchensis_OG,OG52,FD1,3112,Inga_silanchensis,alive,4645,3.053703704,0.166305556,24.30126326,329.739675
Inga_silanchensis_OG,OG52,FD3,3121,Inga_silanchensis,alive,4606,3.053703704,0.166305556,24.30126326,329.739675
Inga_silanchensis_OG,OG52,FD3,3125,Inga_silanchensis,alive,4601,3.053703704,0.166305556,24.30126326,329.739675
Inga_silanchensis_old_CR,CR07,UU3,7520,Inga_silanchensis,alive,4980,2.313333333,0.154125,25.93194366,316.6039172
Inga_silanchensis_old_CR,CR10,FU2,1575,Inga_silanchensis,alive,3982,2.313333333,0.154125,25.93194366,316.6039172
Inga_silanchensis_old_PR,PR21,FU1,1037,Inga_silanchensis,alive,3614,2.367103896,0.132976299,29.69779489,334.9281944
Inga_silanchensis_old_PR,PR31,UD2,3176,Inga_silanchensis,alive,3990,2.367103896,0.132976299,29.69779489,334.9281944
Inga_silanchensis_old_PR,PR21,FU1,1042,Inga_silanchensis,alive,3612,2.367103896,0.132976299,29.69779489,334.9281944
Inga_sp11_OG,OG42,UD3,4218,Inga_sp11,alive,3306,NA,NA,NA,NA
Inga_sp11_OG,OG42,UD1,6108,Inga_sp11,alive,3313,NA,NA,NA,NA
Inga_sp2_OG,OG52,FD2,4266,Inga_sp2,alive,4578,NA,NA,NA,NA
Inga_sp2_OG,OG51,UU2,7583,Inga_sp2,alive,5109,NA,NA,NA,NA
Inga_sp2_OG,OG52,FD2,4267,Inga_sp2,alive,4576,NA,NA,NA,NA
Inga_sp2_OG,OG52,FD2,2059,Inga_sp2,alive,4577,NA,NA,NA,NA
Inga_sp2_old_CR,CR10,UD3,4110,Inga_sp2,alive,3852,NA,NA,NA,NA
Inga_sp2_old_CR,CR08,UU4,7558,Inga_sp2,alive,5005,NA,NA,NA,NA
Inga_sp2_old_PR,PR26,FU1,5010,Inga_sp2,alive,3779,2.197333333,0.140366667,32.08400423,333.2231043
Inga_sp2_old_PR,PR26,FU3,1175,Inga_sp2,alive,3774,2.197333333,0.140366667,32.08400423,333.2231043
Inga_sp2_old_PR,PR26,FU1,1162,Inga_sp2,alive,3733,2.197333333,0.140366667,32.08400423,333.2231043
Inga_sp2_old_PR,PR34,FD2,3071,Inga_sp2,alive,4731,2.197333333,0.140366667,32.08400423,333.2231043
Inga_sp2_old_PR,PR34,UD1,2076,Inga_sp2,alive,4673,2.197333333,0.140366667,32.08400423,333.2231043
Inga_sp2_old_PR,PR26,FU2,1173,Inga_sp2,alive,3604,2.197333333,0.140366667,32.08400423,333.2231043
Inga_sp4_OG,OG46,UU2,1624,Inga_sp4,alive,4322,2.367103896,0.132976299,29.69779489,334.9281944
Inga_sp4_OG,OG45,FU1,1667,Inga_sp4,alive,4087,2.367103896,0.132976299,29.69779489,334.9281944
Inga_sp4_old_CR,CR10,FU1,1567,Inga_sp4,alive,3988,2.849722222,0.140166667,26.50575695,347.3362041
Inga_sp7_young_CR,CR02,UD3,2103,Inga_sp7,alive,4416,NA,NA,NA,NA
Inga_sp7_young_CR,CR02,UD3,2104,Inga_sp7,alive,4417,NA,NA,NA,NA
Inga_sp8_OG,OG42,FU3,1861,Inga_sp8,alive,3371,2.0285,0.140375,31.57985893,292.9691979
Inga_sp8_OG,OG42,UU4,5135,Inga_sp8,alive,3335,2.0285,0.140375,31.57985893,292.9691979
Inga_sp8_OG,OG42,FD2,1870,Inga_sp8,alive,3301,2.0285,0.140375,31.57985893,292.9691979
Inga_sp8_OG,OG42,FU2,4175,Inga_sp8,alive,3284,2.0285,0.140375,31.57985893,292.9691979
Inga_sp8_old_CR,CR08,UU3,7564,Inga_sp8,alive,5011,1.625555556,0.115,29.98316947,272.8593043
Inga_sp8_old_CR,CR08,UU2,7550,Inga_sp8,alive,5001,1.625555556,0.115,29.98316947,272.8593043
Inga_sp8_old_CR,CR08,UU4,7554,Inga_sp8,alive,5006,1.625555556,0.115,29.98316947,272.8593043
Inga_sp8_old_CR,CR08,UU2,7549,Inga_sp8,alive,4999,1.625555556,0.115,29.98316947,272.8593043
Inga_sp8_old_CR,CR10,FU1,1564,Inga_sp8,alive,3987,1.625555556,0.115,29.98316947,272.8593043
Inga_sp8_old_CR,CR12,UU4,7441,Inga_sp8,alive,4902,1.625555556,0.115,29.98316947,272.8593043
Inga_sp8_old_PR,PR26,FD1,7077,Inga_sp8,alive,3626,2.801041667,0.1060625,25.04520278,424.0087682
Inga_sp8_old_PR,PR27,UU2,6118,Inga_sp8,alive,3918,2.801041667,0.1060625,25.04520278,424.0087682
Inga_sp8_old_PR,PR27,UU2,4365,Inga_sp8,alive,3910,2.801041667,0.1060625,25.04520278,424.0087682
Inga_sp8_old_PR,PR26,FD3,6013,Inga_sp8,alive,3726,2.801041667,0.1060625,25.04520278,424.0087682
Inga_sp8_old_PR,PR26,FD1,6015,Inga_sp8,alive,3624,2.801041667,0.1060625,25.04520278,424.0087682
Inga_sp8_old_PR,PR27,UU2,4364,Inga_sp8,alive,3909,2.801041667,0.1060625,25.04520278,424.0087682
Inga_venusta_old_CR,CR04,FU3,4033,Inga_venusta,alive,3719,2.741574074,0.142055556,17.09131656,331.1304706
Inga_venusta_old_CR,CR04,FU1,4029,Inga_venusta,alive,3722,2.741574074,0.142055556,17.09131656,331.1304706
Inga_venusta_old_CR,CR06,FD1,3009,Inga_venusta,alive,3450,2.741574074,0.142055556,17.09131656,331.1304706
Inga_venusta_old_CR,CR04,FU2,4030,Inga_venusta,alive,3623,2.741574074,0.142055556,17.09131656,331.1304706
Inga_venusta_old_PR,PR26,UU2,1150,Inga_venusta,alive,3744,3.161458333,0.172625,16.78273997,343.852938
Inga_venusta_old_PR,PR26,UU1,1144,Inga_venusta,alive,3751,3.161458333,0.172625,16.78273997,343.852938
Inga_venusta_old_PR,PR26,UU3,4154,Inga_venusta,alive,3743,3.161458333,0.172625,16.78273997,343.852938
Inga_vera_OG,OG40,UU1,7459,Inga_vera,alive,4878,NA,NA,NA,NA
iriartea_deltoidea_OG,OG42,UU3,6088,iriartea_deltoidea,alive,3346,NA,NA,NA,NA
Iriartea_deltoidea_OG,OG49,FD1,7351,Iriartea_deltoidea,alive,4507,8.226222222,0.193275,19.59419256,237.8919109
Iriartea_deltoidea_OG,OG42,UU3,6089,Iriartea_deltoidea,alive,3345,8.226222222,0.193275,19.59419256,237.8919109
Iriartea_deltoidea_OG,OG49,FD3,7367,Iriartea_deltoidea,alive,4589,8.226222222,0.193275,19.59419256,237.8919109
Iriartea_deltoidea_OG,OG49,FU2,7336,Iriartea_deltoidea,alive,4491,8.226222222,0.193275,19.59419256,237.8919109
Iriartea_deltoidea_OG,OG52,UU3,4270,Iriartea_deltoidea,alive,4621,8.226222222,0.193275,19.59419256,237.8919109
Iriartea_deltoidea_OG,OG42,FD3,5139,Iriartea_deltoidea,alive,3290,8.226222222,0.193275,19.59419256,237.8919109
Iriartea_deltoidea_OG,OG45,UU3,4098,Iriartea_deltoidea,alive,4116,8.226222222,0.193275,19.59419256,237.8919109
Iriartea_deltoidea_OG,OG42,UU3,7281,Iriartea_deltoidea,alive,4132,8.226222222,0.193275,19.59419256,237.8919109
Iriartea_deltoidea_OG,OG42,UU3,6084,Iriartea_deltoidea,alive,3340,8.226222222,0.193275,19.59419256,237.8919109
Iriartea_deltoidea_OG,OG42,UU4,7287,Iriartea_deltoidea,alive,3783,8.226222222,0.193275,19.59419256,237.8919109
Iriartea_deltoidea_OG,OG42,UU3,6086,Iriartea_deltoidea,alive,3341,8.226222222,0.193275,19.59419256,237.8919109
Iriartea_deltoidea_OG,OG49,UU2,3089,Iriartea_deltoidea,alive,4518,8.226222222,0.193275,19.59419256,237.8919109
Iriartea_deltoidea_OG,OG42,UU3,6083,Iriartea_deltoidea,alive,3344,8.226222222,0.193275,19.59419256,237.8919109
Iriartea_deltoidea_OG,OG42,UU4,4192,Iriartea_deltoidea,alive,3788,8.226222222,0.193275,19.59419256,237.8919109
Iriartea_deltoidea_OG,OG49,FD1,7352,Iriartea_deltoidea,alive,4509,8.226222222,0.193275,19.59419256,237.8919109
Iriartea_deltoidea_OG,OG42,UU4,7284,Iriartea_deltoidea,alive,3787,8.226222222,0.193275,19.59419256,237.8919109
Iriartea_deltoidea_OG,OG46,UD2,7195,Iriartea_deltoidea,alive,4198,8.226222222,0.193275,19.59419256,237.8919109
Iriartea_deltoidea_OG,OG42,UU4,7286,Iriartea_deltoidea,alive,3784,8.226222222,0.193275,19.59419256,237.8919109
Iriartea_deltoidea_OG,OG42,UU3,7283,Iriartea_deltoidea,alive,4133,8.226222222,0.193275,19.59419256,237.8919109
Iriartea_deltoidea_OG,OG49,UU1,2028,Iriartea_deltoidea,alive,4430,8.226222222,0.193275,19.59419256,237.8919109
Iriartea_deltoidea_OG,OG42,UU3,6081,Iriartea_deltoidea,alive,3342,8.226222222,0.193275,19.59419256,237.8919109
Iriartea_deltoidea_OG,OG49,UU3,1240,Iriartea_deltoidea,alive,4458,8.226222222,0.193275,19.59419256,237.8919109
Iriartea_deltoidea_OG,OG43,UU3,7629,Iriartea_deltoidea,alive,5037,8.226222222,0.193275,19.59419256,237.8919109
Iriartea_deltoidea_OG,OG49,FD1,7353,Iriartea_deltoidea,alive,4508,8.226222222,0.193275,19.59419256,237.8919109
Iriartea_deltoidea_old_CR,CR10,UD2,6123,Iriartea_deltoidea,alive,3856,11.96555556,0.206,16.06982954,415.5808848
Iriartea_deltoidea_old_CR,CR10,FD2,3165,Iriartea_deltoidea,alive,3859,11.96555556,0.206,16.06982954,415.5808848
Iriartea_deltoidea_old_CR,CR10,UD2,7206,Iriartea_deltoidea,alive,3851,11.96555556,0.206,16.06982954,415.5808848
Iriartea_deltoidea_old_CR,CR14,UU4,7364,Iriartea_deltoidea,alive,4753,11.96555556,0.206,16.06982954,415.5808848
Iriartea_deltoidea_old_CR,CR10,UD2,6124,Iriartea_deltoidea,alive,3855,11.96555556,0.206,16.06982954,415.5808848
Iriartea_deltoidea_old_CR,CR10,FD2,3164,Iriartea_deltoidea,alive,3858,11.96555556,0.206,16.06982954,415.5808848
Iriartea_deltoidea_old_PR,PR27,UU2,1877,Iriartea_deltoidea,alive,3916,9.88117284,0.206013889,18.29731785,285.9903368
Iriartea_deltoidea_old_PR,PR34,FU1,7374,Iriartea_deltoidea,alive,4794,9.88117284,0.206013889,18.29731785,285.9903368
Isertia_pittieri_old_PR,PR26,UU4,7076,Isertia_pittieri,alive,3628,1.630833333,0.138791667,15.54846578,281.7268453
Jacaranda_copaia_OG,OG46,UD2,7197,Jacaranda_copaia,alive,4197,1.235185185,0.120416667,36.88405277,328.9409796
Jacaranda_copaia_OG,OG49,UD2,7345,Jacaranda_copaia,alive,4470,1.235185185,0.120416667,36.88405277,328.9409796
Jacaranda_copaia_OG,OG49,UD2,7346,Jacaranda_copaia,alive,4584,1.235185185,0.120416667,36.88405277,328.9409796
Jacaranda_copaia_OG,OG49,UD2,7346,Jacaranda_copaia,alive,4471,1.235185185,0.120416667,36.88405277,328.9409796
Jacaranda_copaia_OG,OG49,UD2,7345,Jacaranda_copaia,alive,4585,1.235185185,0.120416667,36.88405277,328.9409796
Macrolobium_ischnocalyx_OG,OG46,UD3,2172,Macrolobium_ischnocalyx,alive,4189,NA,NA,NA,NA
Macrolobium_ischnocalyx_OG,OG46,UD3,5064,Macrolobium_ischnocalyx,alive,4187,NA,NA,NA,NA
Macrolobium_ischnocalyx_OG,OG46,UD3,1660,Macrolobium_ischnocalyx,alive,4190,NA,NA,NA,NA
Madrono_OG,OG50,UU4,7620,Madrono,alive,5085,NA,NA,NA,NA
Madrono_old_CR,CR11,UU4,4069,Madrono,alive,3829,NA,NA,NA,NA
Matisia_malacocalyx_young_CR,CR13,FD2,6068,Matisia_malacocalyx,alive,3936,NA,NA,NA,NA
Matisia_palenquiana_OG,OG45,UU2,1690,Matisia_palenquiana,alive,4113,1.866157408,0.144763889,33.89078509,270.9700193
Matisia_palenquiana_OG,OG45,UU1,1687,Matisia_palenquiana,alive,4108,1.866157408,0.144763889,33.89078509,270.9700193
Matisia_palenquiana_OG,OG41,UD3,1836,Matisia_palenquiana,alive,4412,1.866157408,0.144763889,33.89078509,270.9700193
Matisia_palenquiana_OG,OG38,UD1,2016,Matisia_palenquiana,alive,3448,1.866157408,0.144763889,33.89078509,270.9700193
Matisia_palenquiana_old_CR,CR14,FD3,4309,Matisia_palenquiana,alive,4767,1.422222222,0.076208333,43.60229447,293.788539
Matisia_sp2_young_CR,CR05,FD3,7005,Matisia_sp2,alive,3387,NA,NA,NA,NA
Melas_bate_obase_old_PR,PR34,FU3,1329,Melas_bate_obase,alive,4742,NA,NA,NA,NA
Melas_cafe_young_CR,CR05,FD3,7004,Melas_cafe,alive,3388,2.04,0.1354,23.29429992,290.8364855
Melas_cafe_young_CR,CR05,FD3,7003.3,Melas_cafe,alive,3389,2.04,0.1354,23.29429992,290.8364855
Melas_cafe_young_CR,CR05,FD3,7003.2,Melas_cafe,alive,3390,2.04,0.1354,23.29429992,290.8364855
Melas_cafe_young_CR,CR01,UU3,7414,Melas_cafe,alive,4923,2.04,0.1354,23.29429992,290.8364855
Melas_cafe_young_CR,CR05,FD3,7003.1,Melas_cafe,alive,3391,2.04,0.1354,23.29429992,290.8364855
Melas_purple_young_CR,CR18,UU4,7577,Melas_purple,alive,5020,NA,NA,NA,NA
Melas_separated_nerve_OG,OG38,FU2,1098,Melas_separated_nerve,alive,3426,1.4362,0.27825,30.85069043,190.4136187
Melas_separated_nerve_OG,OG45,UU1,1688,Melas_separated_nerve,alive,4109,1.4362,0.27825,30.85069043,190.4136187
Melas_separated_nerve_young_CR,CR16,UU1,7350.3,Melas_separated_nerve,alive,4778,NA,NA,NA,NA
Melas_separated_nerve_young_CR,CR16,UU1,7351.1,Melas_separated_nerve,alive,4777,NA,NA,NA,NA
Melas_separated_nerve_young_CR,CR16,UU1,7350.2,Melas_separated_nerve,alive,4779,NA,NA,NA,NA
Melas_separated_nerve_young_CR,CR16,UU3,7352.2,Melas_separated_nerve,alive,4775,NA,NA,NA,NA
Melas_separated_nerve_young_CR,CR16,UU3,7352.1,Melas_separated_nerve,alive,4774,NA,NA,NA,NA
Melas_separated_nerve_young_CR,CR16,UU1,7351.2,Melas_separated_nerve,alive,4776,NA,NA,NA,NA
Melas_old_CR,CR14,FU3,1306,Melas,alive,4761,NA,NA,NA,NA
Melastomataceae_young_CR,CR01,UU2,7411,Melastomataceae,alive,4913,NA,NA,NA,NA
Miconia_'alargadapeciolorosado'_old_CR,CR14,UU2,7356,Miconia_'alargadapeciolorosado',alive,4679,NA,NA,NA,NA
Miconia_'alargadapeciolorosado'_old_CR,CR14,UU4,7362,Miconia_'alargadapeciolorosado',alive,4754,NA,NA,NA,NA
Miconia_'alargadapeciolorosado'_old_CR,CR14,UU2,7357,Miconia_'alargadapeciolorosado',alive,4678,NA,NA,NA,NA
Miconia_affinis_AP,PA55,UU3,1851,Miconia_affinis,alive,3419,1.164666667,0.1594,14.41069616,356.3050247
Miconia_affinis_AP,PA55,UU3,7007,Miconia_affinis,alive,NA,1.164666667,0.1594,14.41069616,356.3050247
Miconia_affinis_AP,PA55,UU3,1849,Miconia_affinis,alive,3418,1.164666667,0.1594,14.41069616,356.3050247
Miconia_affinis_old_CR,CR11,FU1,7240,Miconia_affinis,alive,3952,NA,NA,NA,NA
Miconia_affinis_old_CR,CR11,UD2,4078.1,Miconia_affinis,alive,3964,NA,NA,NA,NA
Miconia_affinis_old_CR,CR11,UD2,5082.1,Miconia_affinis,alive,3959,NA,NA,NA,NA
Miconia_affinis_old_CR,CR11,UD2,4079.3,Miconia_affinis,alive,3956,NA,NA,NA,NA
Miconia_affinis_old_CR,CR11,UD2,4078.3,Miconia_affinis,alive,3961,NA,NA,NA,NA
Miconia_affinis_old_CR,CR11,UD2,4078.4,Miconia_affinis,alive,3960,NA,NA,NA,NA
Miconia_affinis_old_CR,CR11,UD2,5082.2,Miconia_affinis,alive,3957,NA,NA,NA,NA
Miconia_affinis_old_CR,CR11,UD2,4078.2,Miconia_affinis,alive,3963,NA,NA,NA,NA
Miconia_affinis_old_CR,CR11,UD2,4077,Miconia_affinis,alive,3848,NA,NA,NA,NA
Miconia_affinis_old_CR,CR11,UD2,4078.5,Miconia_affinis,alive,3958,NA,NA,NA,NA
Miconia_affinis_old_CR,CR11,UD2,4079.1,Miconia_affinis,alive,3955,NA,NA,NA,NA
Miconia_affinis_old_PR,PR31,UU1,1700,Miconia_affinis,alive,3997,1.164666667,0.1594,14.41069616,356.3050247
Miconia_affinis_old_PR,PR26,UU3,1154,Miconia_affinis,sapling,3742,1.164666667,0.1594,14.41069616,356.3050247
Miconia_affinis_young_CR,CR09,FD3,4243.3,Miconia_affinis,sapling,3896,1.685833333,0.122166667,25.00890081,223.2986693
Miconia_affinis_young_CR,CR09,FU2,1775,Miconia_affinis,alive,4018,1.685833333,0.122166667,25.00890081,223.2986693
Miconia_affinis_young_CR,CR09,FD3,4243.4,Miconia_affinis,alive dying,3897,1.685833333,0.122166667,25.00890081,223.2986693
Miconia_affinis_young_CR,CR09,FD3,4245.3,Miconia_affinis,alive,3899,1.685833333,0.122166667,25.00890081,223.2986693
Miconia_affinis_young_CR,CR09,FD3,4243.8,Miconia_affinis,dying,3895,1.685833333,0.122166667,25.00890081,223.2986693
Miconia_affinis_young_CR,CR09,FD3,4243.1,Miconia_affinis,sapling,3894,1.685833333,0.122166667,25.00890081,223.2986693
Miconia_conocuatrecasii_OG,OG39,UD2,7404,Miconia_conocuatrecasii,alive,3504,NA,NA,NA,NA
Miconia_conocuatrecasii_old_CR,CR12,UU2,7434.1,Miconia_conocuatrecasii,alive,4944,NA,NA,NA,NA
Miconia_conocuatrecasii_old_CR,CR12,UU3,7437,Miconia_conocuatrecasii,alive,4948,NA,NA,NA,NA
Miconia_conocuatrecasii_old_CR,CR12,UU2,7434.2,Miconia_conocuatrecasii,alive,4945,NA,NA,NA,NA
Miconia_conocuatrecasii_old_PR,PR30,UU2,7404,Miconia_conocuatrecasii,alive,4915,NA,NA,NA,NA
Miconia_conocuatrecasii_young_CR,CR17,UU2,2071,Miconia_conocuatrecasii,sapling,4772,0.83,0.1125,47.50603832,129.9115332
Miconia_conocuatrecasii_young_PR,PR22,FD1,4369.4,Miconia_conocuatrecasii,alive,3408,1.870833333,0.153208333,29.81766327,255.1924903
Miconia_conocuatrecasii_young_PR,PR22,FD1,4369.2,Miconia_conocuatrecasii,alive,3410,1.870833333,0.153208333,29.81766327,255.1924903
Miconia_conocuatrecasii_young_PR,PR22,FD1,4369.1,Miconia_conocuatrecasii,alive,3411,1.870833333,0.153208333,29.81766327,255.1924903
Miconia_conocuatrecasii_young_PR,PR22,FU3,1380,Miconia_conocuatrecasii,alive,3399,1.870833333,0.153208333,29.81766327,255.1924903
Miconia_conocuatrecasii_young_PR,PR22,FD1,4369.3,Miconia_conocuatrecasii,alive,3409,1.870833333,0.153208333,29.81766327,255.1924903
Miconia_dorsiloba_young_CR,CR18,UU4,7574,Miconia_dorsiloba,alive,5019,NA,NA,NA,NA
Miconia_dorsiloba_young_CR,CR18,UU4,7573,Miconia_dorsiloba,alive,5023,NA,NA,NA,NA
Miconia_dorsiloba_young_CR,CR18,UU2,7571,Miconia_dorsiloba,alive,5111,NA,NA,NA,NA
Miconia_dorsiloba_young_CR,CR18,UU2,7570,Miconia_dorsiloba,alive,5112,NA,NA,NA,NA
Miconia_laxivenula_OG,OG46,FU3,7211,Miconia_laxivenula,alive,3965,1.701111111,0.207583333,26.08264284,245.2849481
Miconia_laxivenula_OG,OG46,FU3,7210,Miconia_laxivenula,alive,3966,1.701111111,0.207583333,26.08264284,245.2849481
Miconia_laxivenula_young_CR,CR01,UU1,7409,Miconia_laxivenula,alive,4919,NA,NA,NA,NA
Mollia_lepidota_OG,OG41,UU4,4222,Mollia_lepidota,alive,3924,NA,NA,NA,NA
Mollia_lepidota_OG,OG50,UU1,7605,Mollia_lepidota,alive,5093,NA,NA,NA,NA
Moraceae_sp2_OG,OG52,UU1,1275,Moraceae_sp2,alive,4625,2.815833333,0.14525,27.48624834,250.2311129
Moraceae_old_CR,CR14,UU2,7365,Moraceae,alive,4746,2.382222222,0.084166667,39.93126469,217.4343859
Morph005_OG,OG43,UU4,7633,Morph005,alive,5075,2.541666667,0.160666667,20.21701073,439.233728
Morph005_OG,OG43,UU2,7628,Morph005,alive,5040,2.541666667,0.160666667,20.21701073,439.233728
Morph005_OG,OG46,FU1,1596,Morph005,dying,4177,2.541666667,0.160666667,20.21701073,439.233728
Morph005NA,OG28,UU4,7661,Morph005,alive,5060,NA,NA,NA,NA
Morph007_old_PR,PR26,UD3,5032,Morph007,alive,3675,NA,NA,NA,NA
Morph007_old_PR,PR26,FU1,1161,Morph007,alive,3780,NA,NA,NA,NA
Morph007_old_PR,PR21,UU3,7101,Morph007,alive,3696,NA,NA,NA,NA
Morph007_young_CR,CR09,FU1,1763,Morph007,alive,3906,NA,NA,NA,NA
Morph011_OG,OG38,FD3,6009,Morph011,alive,3567,2.9375,0.111375,22.06845619,337.8234647
Morph011_OG,OG49,UU1,1234,Morph011,alive,4428,2.9375,0.111375,22.06845619,337.8234647
Morph011_OG,OG46,UU3,5061,Morph011,alive,4321,2.9375,0.111375,22.06845619,337.8234647
Morph011_OG,OG39,FU2,7053,Morph011,alive,3527,2.9375,0.111375,22.06845619,337.8234647
Morph011_OG,OG39,UU4,7050,Morph011,alive,3498,2.9375,0.111375,22.06845619,337.8234647
Morph011_old_PR,PR21,FU1,1040,Morph011,alive,3613,NA,NA,NA,NA
Morph013_OG,OG49,FU1,7332,Morph013,alive,4519,NA,NA,NA,NA
Morph013_OG,OG52,UD3,1288,Morph013,alive,4610,NA,NA,NA,NA
Morph013_old_CR,CR11,UU3,2146,Morph013,alive,3830,2.423888889,NA,27.6307453,NA
Morph046_OG,OG46,UU2,1627,Morph046,alive,4324,NA,NA,NA,NA
Morph049_old_CR,CR10,FU2,7200,Morph049,alive,3972,NA,NA,NA,NA
Morph064_OG,OG52,UU1,1280,Morph064,alive,4630,3.127055556,0.208966667,28.4455786,177.7766134
Morph064_OG,OG52,UU1,1279,Morph064,alive,4629,3.127055556,0.208966667,28.4455786,177.7766134
Morph064_OG,OG50,UU1,7607,Morph064,alive,5096,3.127055556,0.208966667,28.4455786,177.7766134
Morph064_OG,OG52,FD3,3124,Morph064,alive,4600,3.127055556,0.208966667,28.4455786,177.7766134
Morph064_OG,OG52,UU1,1274,Morph064,alive,4623,3.127055556,0.208966667,28.4455786,177.7766134
Morph064_OG,OG49,UU1,7347,Morph064,alive,4426,3.127055556,0.208966667,28.4455786,177.7766134
Morph064_OG,OG39,UD3,6000,Morph064,alive,3472,3.127055556,0.208966667,28.4455786,177.7766134
Morph064_OG,OG37,UU4,7418,Morph064,alive,4929,3.127055556,0.208966667,28.4455786,177.7766134
Morph064_OG,OG52,UU1,1277,Morph064,alive,4627,3.127055556,0.208966667,28.4455786,177.7766134
Morph064_OG,OG45,FU3,1683,Morph064,alive,4101,3.127055556,0.208966667,28.4455786,177.7766134
Morph064_old_CR,CR10,FU2,1574,Morph064,alive,3983,3.854722222,0.201166667,28.35586497,174.3090726
Morph068_old_PR,PR21,FU1,1039,Morph068,alive,3616,NA,NA,NA,NA
Morph069_old_PR,PR21,UU1,7087,Morph069,alive,3701,NA,NA,NA,NA
Morph090_OG,OG42,FU1,1853,Morph090,alive,3385,NA,NA,NA,NA
Morph090_OG,OG38,FU1,1096,Morph090,alive,3562,NA,NA,NA,NA
Morph090_OG,OG38,FU1,1095,Morph090,alive,3563,NA,NA,NA,NA
Morph090_OG,OG40,UU4,7497,Morph090,alive,4964,NA,NA,NA,NA
Morph091?_OG,OG39,FD3,5040,Morph091?,alive,3544,NA,NA,NA,NA
Morph104_OG,OG52,UU1,1278,Morph104,alive,4628,NA,NA,NA,NA
Morph104_OG,OG52,UU4,4272,Morph104,alive,4546,NA,NA,NA,NA
Morph104_OG,OG41,UU2,1825,Morph104,alive,4039,NA,NA,NA,NA
Morph104_OG,OG52,UU1,1276,Morph104,dying,4624,NA,NA,NA,NA
Morph109_old_CR,CR10,FD1,7201,Morph109,alive,3971,NA,NA,NA,NA
Morph109_old_PR,PR21,FD1,7103,Morph109,alive,3690,NA,NA,NA,NA
Morph110_OG,OG50,UU4,7622,Morph110,alive,5083,NA,NA,NA,NA
Morph112_OG,OG45,UU2,7257,Morph112,alive,3818,1.57,0.283,27.22933294,150.9273183
Morph112_OG,OG45,UU1,7255,Morph112,alive,3819,1.57,0.283,27.22933294,150.9273183
Morph112_OG,OG38,UD2,7022,Morph112,alive,3588,1.57,0.283,27.22933294,150.9273183
Morph112_OG,OG38,UD2,7021,Morph112,alive,3590,1.57,0.283,27.22933294,150.9273183
Morph112_OG,OG45,UU2,7258,Morph112,alive,4138,1.57,0.283,27.22933294,150.9273183
Morph112_OG,OG45,UU2,7256,Morph112,alive,3817,1.57,0.283,27.22933294,150.9273183
Morph112_OG,OG38,UD2,7018,Morph112,alive,3593,1.57,0.283,27.22933294,150.9273183
Morph112_OG,OG38,UD2,7020,Morph112,alive,3591,1.57,0.283,27.22933294,150.9273183
Morph112_OG,OG38,UD2,7023,Morph112,alive,3589,1.57,0.283,27.22933294,150.9273183
Morph112_OG,OG45,UU1,7254,Morph112,alive,3820,1.57,0.283,27.22933294,150.9273183
Morph112_OG,OG38,UD2,7019,Morph112,alive,3592,1.57,0.283,27.22933294,150.9273183
Morph112_OG,OG45,UU3,7259,Morph112,alive,3816,1.57,0.283,27.22933294,150.9273183
Morph113_OG,OG39,FD3,1479,Morph113,alive,3539,NA,NA,NA,NA
Morph121_OG,OG52,UU2,1281,Morph121,alive,4552,1.736944444,0.113125,46.63276707,217.1871975
Morph124_OG,OG41,UU3,1827,Morph124,alive,3925,NA,NA,NA,NA
Morph128_OG,OG37,UU4,7420,Morph128,alive,4928,NA,NA,NA,NA
Morph128_young_CR,CR01,UU1,7410,Morph128,alive,4920,NA,NA,NA,NA
Morph130_OG,OG41,FD2,3160,Morph130,alive,4016,NA,NA,NA,NA
Morph131_OG,OG39,UD1,4138,Morph131,sapling,3463,NA,NA,NA,NA
Morph135_OG,OG45,UU2,7242,Morph135,alive,4137,NA,NA,NA,NA
Morph135_young_CR,CR02,UU2,1545,Morph135,alive,3929,NA,NA,NA,NA
Morph138_OG,OG42,UU2,4180,Morph138,alive,3360,NA,NA,NA,NA
Morph138_OG,OG42,FD3,4208,Morph138,alive,3292,NA,NA,NA,NA
Morph138_OG,OG42,UU2,5132,Morph138,alive,3359,NA,NA,NA,NA
Morph140_OG,OG38,UD2,2017,Morph140,alive,3587,NA,NA,NA,NA
Morph140_old_PR,PR21,UD2,3038,Morph140,alive,3687,NA,NA,NA,NA
Morph140_old_PR,PR21,FD1,3039,Morph140,alive,3691,NA,NA,NA,NA
Morph140_old_PR,PR21,FD2,3040,Morph140,alive,3682,NA,NA,NA,NA
Morph141_OG,OG42,FD1,7290,Morph141,alive,3939,NA,NA,NA,NA
Morph141_OG,OG42,FU1,6071,Morph141,alive,3379,NA,NA,NA,NA
Morph141_OG,OG42,FU3,6076,Morph141,alive,3375,NA,NA,NA,NA
Morph142_OG,OG38,FD3,7029,Morph142,alive,3564,NA,NA,NA,NA
Morph142_OG,OG38,FD3,7030,Morph142,alive,3566,NA,NA,NA,NA
Morph143_OG,OG38,FD2,7028,Morph143,alive,NA,NA,NA,NA,NA
Morph144_OG,OG43,UU2,7624,Morph144,alive,5077,1.348240741,0.106180556,46.58707073,246.9364563
Morph144_OG,OG50,UU4,7623,Morph144,alive,5082,1.348240741,0.106180556,46.58707073,246.9364563
Morph144_OG,OG49,UU1,6019,Morph144,alive,4431,1.348240741,0.106180556,46.58707073,246.9364563
Morph144_OG,OG49,UU1,7348,Morph144,alive,4424,1.348240741,0.106180556,46.58707073,246.9364563
Morph144NA,OG28,UU2,7647,Morph144,alive,5063,NA,NA,NA,NA
Morph144NA,OG28,UU2,7640,Morph144,alive,5069,NA,NA,NA,NA
Morph144NA,OG28,UU2,7641,Morph144,alive,5068,NA,NA,NA,NA
Morph145_OG,OG41,UD3,4236,Morph145,alive,4411,NA,NA,NA,NA
Morph146_old_PR,PR31,FD1,7108,Morph146,alive,3992,NA,NA,NA,NA
Morph147_old_PR,PR26,UU1,4141,Morph147,alive,3752,NA,NA,NA,NA
Morph148_old_CR,CR11,UD1,7212,Morph148,alive,4174,NA,NA,NA,NA
Morph149_OG,OG52,FU1,7372,Morph149,alive,4569,3.013888889,0.133833333,33.00199329,267.0240981
Morph150_OG,OG38,FU2,7032,Morph150,alive,3482,NA,NA,NA,NA
Morph151_OG,OG38,FD1,7421,Morph151,alive,4911,NA,NA,NA,NA
Morph151_young_CR,CR01,UU3,7413,Morph151,alive,4922,NA,NA,NA,NA
Morph151_young_CR,CR01,UU3,7412,Morph151,alive,4921,NA,NA,NA,NA
Morph152NA,OG28,UU2,7654,Morph152,alive,5034,NA,NA,NA,NA
Morph152NA,OG28,UU2,7649,Morph152,alive,5029,NA,NA,NA,NA
Morph153_OG,OG52,UU1,6020,Morph153,alive,4626,2.386944444,0.135416667,21.16060086,337.3778391
Morph154_old_PR,PR24,UU4,7427,Morph154,alive,4938,NA,NA,NA,NA
Morph155_old_CR,CR12,UU1,7432,Morph155,alive,4939,NA,NA,NA,NA
Morph156_OG,OG40,UU3,7479,Morph156,alive,4861,NA,NA,NA,NA
Morph157_OG,OG40,UU4,7492,Morph157,alive,4856,NA,NA,NA,NA
Morph158_old_CR,CR08,UU4,7556,Morph158,alive,4833,NA,NA,NA,NA
Morph159_OG,OG43,UU1,7565,Morph159,alive,4832,NA,NA,NA,NA
Morph160_OG,OG50,UU1,7608,Morph160,alive,5092,NA,NA,NA,NA
Morph161NA,OG28,UU4,7662,Morph161,alive,5058,NA,NA,NA,NA
NA_OG52-87_OG,OG52,FU3,7378,NA_OG52-87,alive,4553,NA,NA,NA,NA
NA_OG52-87_OG,OG52,FU2,7374,NA_OG52-87,alive,4634,NA,NA,NA,NA
NA_OG52-87_OG,OG52,FU2,7375,NA_OG52-87,alive,4633,NA,NA,NA,NA
NA_OG52-87_OG,OG52,FU2,7376,NA_OG52-87,alive,4632,NA,NA,NA,NA
NA_AC,CA62,UD2,7008,NA,alive,NA,NA,NA,NA,NA
NA_young_CR,CR09,FD3,4243.2,NA,sapling,3898,NA,NA,NA,NA
Ocotea_sp5_old_CR,CR14,UD1,4313,Ocotea_sp5,alive,4682,NA,NA,NA,NA
Ocotea_sp5_old_PR,PR26,FU2,1172,Ocotea_sp5,alive,3606,2.188611111,0.155666667,26.89973492,295.1702669
Ocotea_sp5_old_PR,PR26,UU4,7075,Ocotea_sp5,alive,3730,2.188611111,0.155666667,26.89973492,295.1702669
Otoba_nomarron_OG,OG49,UU4,4304,Otoba_nomarron,alive,4464,NA,NA,NA,NA
Otoba_nomarron_OG,OG52,FU3,7379,Otoba_nomarron,alive,4554,NA,NA,NA,NA
Otoba_nomarron_old_CR,CR08,UU1,7543,Otoba_nomarron,alive,5016,NA,NA,NA,NA
Otoba_nomarron_old_CR,CR08,UU2,7553,Otoba_nomarron,alive,4998,NA,NA,NA,NA
Otoba_nomarron_old_CR,CR08,UU2,7551,Otoba_nomarron,alive,5002,NA,NA,NA,NA
Otoba_nomarron_old_CR,CR08,UU1,7544,Otoba_nomarron,alive,5015,NA,NA,NA,NA
Otoba_nomarron_old_CR,CR08,UU1,7547,Otoba_nomarron,alive,5012,NA,NA,NA,NA
Otoba_nomarron_young_CR,CR13,FD2,6069,Otoba_nomarron,alive,3935,NA,NA,NA,NA
Otoba_novogranatensis_OG,OG50,UU3,7615,Otoba_novogranatensis,alive,5043,3.134444444,0.223833333,17.52473902,228.1039281
Otoba_novogranatensis_OG,OG41,UU2,5099.2,Otoba_novogranatensis,alive,4041,3.134444444,0.223833333,17.52473902,228.1039281
Otoba_novogranatensis_OG,OG38,UD1,7016,Otoba_novogranatensis,alive,3522,3.134444444,0.223833333,17.52473902,228.1039281
Otoba_novogranatensis_OG,OG50,UU1,7604,Otoba_novogranatensis,alive,5044,3.134444444,0.223833333,17.52473902,228.1039281
Otoba_novogranatensis_OG,OG41,UU2,5099.1,Otoba_novogranatensis,alive,4040,3.134444444,0.223833333,17.52473902,228.1039281
Otoba_novogranatensis_young_CR,CR09,UD2,7298,Otoba_novogranatensis,alive,3883,NA,NA,NA,NA
Otoba_sp1_old_PR,PR30,UU2,7405,Otoba_sp1,alive,4916,NA,NA,NA,NA
Palicourea_guianensis_OG,OG38,FD1,7027,Palicourea_guianensis,alive,3480,NA,NA,NA,NA
Palicourea_palenquensis_old_CR,CR04,FD1,5056,Palicourea_palenquensis,sapling,3709,2.820666667,0.142375,20.83190513,178.7365111
Palicourea_timbiquensis_OG,OG45,UD1,7261,Palicourea_timbiquensis,alive,3814,NA,NA,NA,NA
Palicourea_timbiquensis_OG,OG45,UD1,7260,Palicourea_timbiquensis,alive,3815,NA,NA,NA,NA
Palicourea_timbiquensis_old_CR,CR11,UU1,7239,Palicourea_timbiquensis,alive,4151,NA,NA,NA,NA
Palicourea_timbiquensis_old_CR,CR11,UU4,7237,Palicourea_timbiquensis,alive,3953,NA,NA,NA,NA
Palicourea_timbiquensis_old_CR,CR11,UU4,7236,Palicourea_timbiquensis,alive,3954,NA,NA,NA,NA
Parkia_multijuga_young_CR,CR09,FD2,7293,Parkia_multijuga,alive,4419,NA,NA,NA,NA
Parkia_sp_old_CR,CR10,UD3,5093,Parkia_sp,alive,3853,NA,NA,NA,NA
Paullinia_sp_OG,OG45,UU2,7243,Paullinia_sp,alive,4136,NA,NA,NA,NA
Paullinia_sp_old_CR,CR14,UD1,6042,Paullinia_sp,alive,4681,NA,NA,NA,NA
Perebea_sp2_OG,OG42,FU2,1858,Perebea_sp2,alive,3271,NA,NA,NA,NA
Perebea_sp2_OG,OG50,UU4,7621,Perebea_sp2,alive,5084,NA,NA,NA,NA
Perebea_sp2_OG,OG50,UU4,7617,Perebea_sp2,alive,5080,NA,NA,NA,NA
Perebea_xanthochyma_OG,OG49,FD1,7357,Perebea_xanthochyma,alive,4500,1.951148148,0.151056944,30.59737427,296.4228505
Perebea_xanthochyma_OG,OG52,UD1,4276,Perebea_xanthochyma,alive,4618,1.951148148,0.151056944,30.59737427,296.4228505
Perebea_xanthochyma_OG,OG49,FD1,7360,Perebea_xanthochyma,alive,4499,1.951148148,0.151056944,30.59737427,296.4228505
Perebea_xanthochyma_OG,OG44,UU1,7447,Perebea_xanthochyma,alive,4897,1.951148148,0.151056944,30.59737427,296.4228505
Perebea_xanthochyma_OG,OG49,FD3,7365,Perebea_xanthochyma,alive,4593,1.951148148,0.151056944,30.59737427,296.4228505
Perebea_xanthochyma_OG,OG52,UD1,6021,Perebea_xanthochyma,alive,4616,1.951148148,0.151056944,30.59737427,296.4228505
Perebea_xanthochyma_old_CR,CR11,FD3,5084,Perebea_xanthochyma,alive,3839,1.912916667,0.13859375,27.31803104,325.0667378
Perebea_xanthochyma_old_CR,CR11,FU3,1743,Perebea_xanthochyma,alive,3822,1.912916667,0.13859375,27.31803104,325.0667378
Perebea_xanthochyma_old_PR,PR26,FU3,1174,Perebea_xanthochyma,alive,3773,1.821277778,0.139019444,24.8427476,324.9260921
Perebea_xanthochyma_old_PR,PR26,FU1,1158,Perebea_xanthochyma,alive,3776,1.821277778,0.139019444,24.8427476,324.9260921
Pleuranthodendron_lindenii_OG,OG41,UD3,7316,Pleuranthodendron_lindenii,alive,4410,NA,NA,NA,NA
Pourouma_bicolor_OG,OG46,UD3,5066,Pourouma_bicolor,alive,4182,1.868333333,0.1616875,36.54346584,274.846915
Pourouma_bicolor_OG,OG51,UU2,7580,Pourouma_bicolor,alive,5056,1.868333333,0.1616875,36.54346584,274.846915
Pourouma_bicolor_OG,OG45,FD2,5076,Pourouma_bicolor,alive,4082,1.868333333,0.1616875,36.54346584,274.846915
Pourouma_bicolor_OG,OG46,UD1,5063,Pourouma_bicolor,alive,4200,1.868333333,0.1616875,36.54346584,274.846915
Pourouma_bicolor_OG,OG44,UU3,7451,Pourouma_bicolor,alive,4952,1.868333333,0.1616875,36.54346584,274.846915
Pourouma_bicolor_OG,OG49,FD1,4296,Pourouma_bicolor,alive,4511,1.868333333,0.1616875,36.54346584,274.846915
Pourouma_bicolor_OG,OG42,FU2,4176,Pourouma_bicolor,alive,3285,1.868333333,0.1616875,36.54346584,274.846915
Pourouma_bicolor_OG,OG45,FD2,5077,Pourouma_bicolor,alive,4083,1.868333333,0.1616875,36.54346584,274.846915
Pourouma_bicolor_OG,OG51,UU4,7591,Pourouma_bicolor,alive,5102,1.868333333,0.1616875,36.54346584,274.846915
Pourouma_bicolor_OG,OG39,UD2,7057,Pourouma_bicolor,alive,3503,1.868333333,0.1616875,36.54346584,274.846915
Pourouma_bicolor_OG,OG42,FU1,4196,Pourouma_bicolor,alive,3303,1.868333333,0.1616875,36.54346584,274.846915
Pourouma_bicolor_OG,OG45,FD2,5075,Pourouma_bicolor,alive,4081,1.868333333,0.1616875,36.54346584,274.846915
Pourouma_bicolor_old_CR,CR06,FU2,4044,Pourouma_bicolor,alive,3600,2.075555556,0.122,21.54417276,244.339023
Pourouma_bicolor_old_CR,CR06,FU2,4043,Pourouma_bicolor,alive,3599,2.075555556,0.122,21.54417276,244.339023
Pourouma_bicolor_old_PR,PR21,FU2,7084,Pourouma_bicolor,alive,3653,1.925833333,0.158491667,35.14197324,262.6886136
Pourouma_bicolor_old_PR,PR34,FU1,7367,Pourouma_bicolor,alive,4826,1.925833333,0.158491667,35.14197324,262.6886136
Pourouma_minor_OG,OG40,UU1,7467,Pourouma_minor,alive,4870,NA,NA,NA,NA
Pourouma_sp2_OG,OG48,UU4,7599,Pourouma_sp2,alive,5098,NA,NA,NA,NA
Prestoea_ensiformis_OG,OG49,FD3,2037,Prestoea_ensiformis,alive,4594,5.786111111,0.120016667,29.28915998,268.3123935
Prestoea_ensiformis_OG,OG50,UU3,7613,Prestoea_ensiformis,alive,5087,5.786111111,0.120016667,29.28915998,268.3123935
Prestoea_ensiformis_OG,OG42,FU2,2106,Prestoea_ensiformis,alive,3273,5.786111111,0.120016667,29.28915998,268.3123935
Prestoea_ensiformis_OG,OG45,FD3,2164,Prestoea_ensiformis,alive,4085,5.786111111,0.120016667,29.28915998,268.3123935
Prestoea_ensiformis_OG,OG48,UU1,7597,Prestoea_ensiformis,alive,5049,5.786111111,0.120016667,29.28915998,268.3123935
Prestoea_ensiformis_OG,OG42,FU2,2117,Prestoea_ensiformis,alive,3280,5.786111111,0.120016667,29.28915998,268.3123935
Prestoea_ensiformis_OG,OG49,FD3,2042,Prestoea_ensiformis,alive,4590,5.786111111,0.120016667,29.28915998,268.3123935
Prestoea_ensiformis_OG,OG49,UD1,1251,Prestoea_ensiformis,alive,4479,5.786111111,0.120016667,29.28915998,268.3123935
Prestoea_ensiformis_OG,OG50,UU3,7612,Prestoea_ensiformis,alive,5088,5.786111111,0.120016667,29.28915998,268.3123935
Prestoea_ensiformis_OG,OG49,UD1,1248,Prestoea_ensiformis,sapling,4477,5.786111111,0.120016667,29.28915998,268.3123935
Prestoea_ensiformis_OG,OG45,UD1,7248,Prestoea_ensiformis,alive,4105,5.786111111,0.120016667,29.28915998,268.3123935
Prestoea_ensiformis_OG,OG45,UD2,7249,Prestoea_ensiformis,alive,4141,5.786111111,0.120016667,29.28915998,268.3123935
Prestoea_ensiformis_OG,OG45,UD2,7250,Prestoea_ensiformis,alive,4143,5.786111111,0.120016667,29.28915998,268.3123935
Prestoea_ensiformis_OG,OG49,UD2,2052,Prestoea_ensiformis,alive,4465,5.786111111,0.120016667,29.28915998,268.3123935
Prestoea_ensiformis_OG,OG42,FU2,2108,Prestoea_ensiformis,sapling,3275,5.786111111,0.120016667,29.28915998,268.3123935
Prestoea_ensiformis_OG,OG46,UD1,2170,Prestoea_ensiformis,alive,4201,5.786111111,0.120016667,29.28915998,268.3123935
Prestoea_ensiformis_OG,OG49,UD1,2051,Prestoea_ensiformis,alive,4476,5.786111111,0.120016667,29.28915998,268.3123935
Prestoea_ensiformis_OG,OG52,UD3,7343,Prestoea_ensiformis,alive,4611,5.786111111,0.120016667,29.28915998,268.3123935
Prestoea_ensiformis_OG,OG45,UD2,7252,Prestoea_ensiformis,alive,4140,5.786111111,0.120016667,29.28915998,268.3123935
Prestoea_ensiformis_OG,OG49,FD3,2036,Prestoea_ensiformis,alive,4595,5.786111111,0.120016667,29.28915998,268.3123935
Prestoea_ensiformis_OG,OG49,UD2,7344,Prestoea_ensiformis,alive,4586,5.786111111,0.120016667,29.28915998,268.3123935
Prestoea_ensiformis_OG,OG50,UU3,7614,Prestoea_ensiformis,alive,5086,5.786111111,0.120016667,29.28915998,268.3123935
Prestoea_ensiformis_OG,OG42,FU2,2120,Prestoea_ensiformis,alive,3283,5.786111111,0.120016667,29.28915998,268.3123935
Prestoea_ensiformis_OG,OG38,UU1,3133,Prestoea_ensiformis,alive,3452,5.786111111,0.120016667,29.28915998,268.3123935
Prestoea_ensiformis_OG,OG42,FU2,2115,Prestoea_ensiformis,alive,3279,5.786111111,0.120016667,29.28915998,268.3123935
Prestoea_ensiformis_OG,OG49,UD1,1250,Prestoea_ensiformis,alive,4475,5.786111111,0.120016667,29.28915998,268.3123935
Prestoea_ensiformis_OG,OG42,FU2,2119,Prestoea_ensiformis,alive,3282,5.786111111,0.120016667,29.28915998,268.3123935
Prestoea_ensiformis_OG,OG46,UU3,2168,Prestoea_ensiformis,alive,4294,5.786111111,0.120016667,29.28915998,268.3123935
Prestoea_ensiformis_OG,OG48,UU2,7598,Prestoea_ensiformis,alive,5048,5.786111111,0.120016667,29.28915998,268.3123935
Prestoea_ensiformis_OG,OG49,UD1,2048,Prestoea_ensiformis,alive,4480,5.786111111,0.120016667,29.28915998,268.3123935
Prestoea_ensiformis_OG,OG49,UD2,2054,Prestoea_ensiformis,sapling,4467,5.786111111,0.120016667,29.28915998,268.3123935
Prestoea_ensiformis_OG,OG45,UD2,7251,Prestoea_ensiformis,alive,4142,5.786111111,0.120016667,29.28915998,268.3123935
Prestoea_ensiformis_OG,OG49,UD1,4293,Prestoea_ensiformis,alive,4472,5.786111111,0.120016667,29.28915998,268.3123935
Prestoea_ensiformis_OG,OG45,FD1,7246,Prestoea_ensiformis,alive,4079,5.786111111,0.120016667,29.28915998,268.3123935
Prestoea_ensiformis_OG,OG42,UD1,2127,Prestoea_ensiformis,sapling,3314,5.786111111,0.120016667,29.28915998,268.3123935
Prestoea_ensiformis_OG,OG45,FD2,2163,Prestoea_ensiformis,alive,4080,5.786111111,0.120016667,29.28915998,268.3123935
Prestoea_ensiformis_OG,OG50,UU3,7611,Prestoea_ensiformis,alive,5089,5.786111111,0.120016667,29.28915998,268.3123935
Prestoea_ensiformis_OG,OG49,FD3,2041,Prestoea_ensiformis,alive,4591,5.786111111,0.120016667,29.28915998,268.3123935
Prestoea_ensiformis_OG,OG49,UD2,2053,Prestoea_ensiformis,sapling,4466,5.786111111,0.120016667,29.28915998,268.3123935
Prestoea_ensiformis_OG,OG42,FU2,2105,Prestoea_ensiformis,alive,3272,5.786111111,0.120016667,29.28915998,268.3123935
Prestoea_ensiformis_OG,OG52,FD2,2062,Prestoea_ensiformis,alive,4580,5.786111111,0.120016667,29.28915998,268.3123935
Prestoea_ensiformis_OG,OG49,UD1,2047,Prestoea_ensiformis,alive,4473,5.786111111,0.120016667,29.28915998,268.3123935
Prestoea_ensiformis_OG,OG42,FU3,2123,Prestoea_ensiformis,alive,3377,5.786111111,0.120016667,29.28915998,268.3123935
Prestoea_ensiformis_OG,OG49,UD2,7344,Prestoea_ensiformis,alive,4469,5.786111111,0.120016667,29.28915998,268.3123935
Prestoea_ensiformis_OG,OG38,UU1,5000,Prestoea_ensiformis,alive,3465,5.786111111,0.120016667,29.28915998,268.3123935
Prestoea_ensiformis_OG,OG42,FU2,2111,Prestoea_ensiformis,alive,3278,5.786111111,0.120016667,29.28915998,268.3123935
Prestoea_ensiformis_OG,OG50,UU4,7618,Prestoea_ensiformis,alive,5042,5.786111111,0.120016667,29.28915998,268.3123935
Prestoea_ensiformis_OG,OG42,FU2,2109,Prestoea_ensiformis,sapling,3276,5.786111111,0.120016667,29.28915998,268.3123935
Prestoea_ensiformis_OG,OG42,FU3,2125,Prestoea_ensiformis,alive,3376,5.786111111,0.120016667,29.28915998,268.3123935
Prestoea_ensiformis_OG,OG49,UD1,2046,Prestoea_ensiformis,alive,4474,5.786111111,0.120016667,29.28915998,268.3123935
Prestoea_ensiformis_OG,OG42,FU2,2107,Prestoea_ensiformis,alive,3274,5.786111111,0.120016667,29.28915998,268.3123935
Prestoea_ensiformis_OG,OG42,FU2,2118,Prestoea_ensiformis,sapling,3281,5.786111111,0.120016667,29.28915998,268.3123935
Prestoea_ensiformis_old_CR,CR10,UD1,7207,Prestoea_ensiformis,alive,3850,4.971666667,0.107375,31.12080951,263.235699
Prestoea_ensiformis_old_CR,CR10,UD3,7205,Prestoea_ensiformis,alive,3854,4.971666667,0.107375,31.12080951,263.235699
Prestoea_ensiformis_old_CR,CR11,FD1,2151,Prestoea_ensiformis,alive,3844,4.971666667,0.107375,31.12080951,263.235699
Prestoea_ensiformis_old_CR,CR14,FU3,3073,Prestoea_ensiformis,alive,4764,4.971666667,0.107375,31.12080951,263.235699
Prestoea_ensiformis_old_CR,CR11,FD1,2152,Prestoea_ensiformis,alive,3845,4.971666667,0.107375,31.12080951,263.235699
Prestoea_ensiformis_old_CR,CR11,FD1,2150,Prestoea_ensiformis,alive,3843,4.971666667,0.107375,31.12080951,263.235699
Prestoea_ensiformis_old_PR,PR34,FU3,2074,Prestoea_ensiformis,alive,4740,NA,NA,NA,NA
Prestoea_ensiformis_old_PR,PR31,UD2,2142,Prestoea_ensiformis,alive,3998,NA,NA,NA,NA
Protium_altissimum_young_CR,CR18,UU2,7569,Protium_altissimum,alive,5113,NA,NA,NA,NA
Protium_altissimum_young_CR,CR18,UU2,7568,Protium_altissimum,alive,5114,NA,NA,NA,NA
Protium_sp1_OG,OG46,UU1,7134,Protium_sp1,alive,4327,2.125416667,0.136875,29.21741745,278.0471366
Protium_sp1_OG,OG38,UU4,4003,Protium_sp1,alive,3513,2.125416667,0.136875,29.21741745,278.0471366
Protium_sp1_OG,OG45,FU2,1676,Protium_sp1,alive,4094,2.125416667,0.136875,29.21741745,278.0471366
Protium_sp1_OG,OG45,FU1,1668,Protium_sp1,alive,4088,2.125416667,0.136875,29.21741745,278.0471366
Protium_sp1_OG,OG51,UU3,7586,Protium_sp1,alive,5054,2.125416667,0.136875,29.21741745,278.0471366
Protium_sp1_OG,OG41,FU2,7325,Protium_sp1,alive,4012,2.125416667,0.136875,29.21741745,278.0471366
Protium_sp1_OG,OG46,UU3,4084,Protium_sp1,alive,4074,2.125416667,0.136875,29.21741745,278.0471366
Protium_sp1_OG,OG38,UU2,4000,Protium_sp1,alive,3505,2.125416667,0.136875,29.21741745,278.0471366
Protium_sp1_old_CR,CR06,UU2,1033,Protium_sp1,alive,3595,2.534777778,0.134363889,23.80554008,410.4931629
Protium_sp1_old_PR,PR34,FU1,3052,Protium_sp1,alive,4797,2.041481481,0.117527778,35.0795524,328.8413256
Protium_sp1_old_PR,PR34,UD2,1335,Protium_sp1,sapling,4701,2.041481481,0.117527778,35.0795524,328.8413256
Protium_sp1_old_PR,PR34,UU4,4345,Protium_sp1,alive,4699,2.041481481,0.117527778,35.0795524,328.8413256
Pseudolmedia_rigida_AC,CA63,FU1,4253,Pseudolmedia_rigida,alive,4540,2.467222222,0.146861111,34.14872242,271.5526566
Pseudolmedia_rigida_AC,CA63,UU1,4250,Pseudolmedia_rigida,alive,4448,2.467222222,0.146861111,34.14872242,271.5526566
Pseudolmedia_rigida_AC,CA63,FU1,4252,Pseudolmedia_rigida,alive,4541,2.467222222,0.146861111,34.14872242,271.5526566
Pseudolmedia_rigida_AC,CA63,UU1,4251,Pseudolmedia_rigida,alive,4447,2.467222222,0.146861111,34.14872242,271.5526566
Pseudolmedia_rigida_old_CR,CR06,UU4,4042,Pseudolmedia_rigida,alive,3457,2.758888889,0.171333333,25.05140974,302.7759464
Pseudolmedia_rigida_old_CR,CR06,FD1,4046,Pseudolmedia_rigida,alive,3458,2.758888889,0.171333333,25.05140974,302.7759464
Pseudolmedia_rigida_old_CR,CR06,UU4,4041,Pseudolmedia_rigida,alive,3456,2.758888889,0.171333333,25.05140974,302.7759464
Pseudolmedia_rigida_old_PR,PR26,UU4,4157,Pseudolmedia_rigida,alive,3739,3.467055556,0.150416667,27.43827985,317.2121234
Pseudolmedia_rigida_young_CR,CR02,FU2,1539,Pseudolmedia_rigida,alive,3928,3.273444444,0.15885,32.92047448,297.6540771
Pseudolmedia_rigida_young_CR,CR13,FU1,1354,Pseudolmedia_rigida,alive,3938,3.273444444,0.15885,32.92047448,297.6540771
Pseudolmedia_rigida_young_CR,CR02,UU1,1544,Pseudolmedia_rigida,alive,4032,3.273444444,0.15885,32.92047448,297.6540771
Psychotria_OG,OG39,UD2,7055,Psychotria,alive,3502,2.83,0.173375,24.31668695,205.3864375
Psychotria_OG,OG46,FU1,1597,Psychotria,alive,4178,2.83,0.173375,24.31668695,205.3864375
Psychotria_OG,OG39,FU3,1450,Psychotria,alive,3437,2.83,0.173375,24.31668695,205.3864375
Psychotria_OG,OG39,UD1,2006,Psychotria,alive,3447,2.83,0.173375,24.31668695,205.3864375
Psychotria_OG,OG39,UD3,6002,Psychotria,alive,3474,2.83,0.173375,24.31668695,205.3864375
Psychotria_OG,OG38,UU1,1104,Psychotria,alive,3429,2.83,0.173375,24.31668695,205.3864375
Psychotria_OG,OG39,UD1,4139,Psychotria,alive,3464,2.83,0.173375,24.31668695,205.3864375
Psychotria_OG,OG39,UD3,6003,Psychotria,alive,3475,2.83,0.173375,24.31668695,205.3864375
Psychotria_OG,OG39,UD3,6001,Psychotria,alive,3473,2.83,0.173375,24.31668695,205.3864375
Psychotria_OG,OG39,UD3,7058,Psychotria,alive,3481,2.83,0.173375,24.31668695,205.3864375
Psychotria_old_CR,CR11,UD2,7214,Psychotria,alive,3846,NA,NA,NA,NA
Psychotria_young_CR,CR13,FU2,7291,Psychotria,alive,3864,NA,NA,NA,NA
Pterocarpus_rohrii_OG,OG52,FU2,7373,Pterocarpus_rohrii,alive,4635,NA,NA,NA,NA
Quararibea_casasecae_OG,OG46,UU4,6183,Quararibea_casasecae,alive,4243,NA,NA,NA,NA
Sapium_laurifolium_old_PR,PR21,FD2,7102,Sapium_laurifolium,alive,3686,NA,NA,NA,NA
Saurauia_sp_OG,OG43,UU3,7631,Saurauia_sp,alive,5038,NA,NA,NA,NA
Saurauia_spNA,OG28,UU2,7646,Saurauia_sp,alive,5064,NA,NA,NA,NA
Saurauia_spNA,OG28,UU2,7648,Saurauia_sp,alive,5028,NA,NA,NA,NA
Shrub_similar_to_Trema_young_CR,CR09,FD3,4244,Shrub_similar_to_Trema,alive,3891,NA,NA,NA,NA
Socratea_sp_OG,OG49,UU2,4298,Socratea_sp,alive,4516,4.789444444,0.13275,21.52558758,271.286384
Socratea_sp_OG,OG49,UU3,4300,Socratea_sp,alive,4459,4.789444444,0.13275,21.52558758,271.286384
Socratea_sp_OG,OG49,UU2,4299,Socratea_sp,alive,4515,4.789444444,0.13275,21.52558758,271.286384
Solanaceae_sp1_OG,OG42,UU2,5131,Solanaceae_sp1,sapling,3356,NA,NA,NA,NA
Solanaceae_sp1_old_PR,PR26,FU1,1160,Solanaceae_sp1,alive,3778,NA,NA,NA,NA
Solanaceae_sp1_young_PR,PR22,FD1,1389,Solanaceae_sp1,alive,3404,NA,NA,NA,NA
Sorocea_sarcocarpa_old_PR,PR21,UU3,4116,Sorocea_sarcocarpa,alive,3693,1.983888889,0.128,26.93180729,333.1243303
Sorocea_sarcocarpa_old_PR,PR21,UU3,4115,Sorocea_sarcocarpa,alive,3698,1.983888889,0.128,26.93180729,333.1243303
Swartzia_haughtii_OG,OG42,FU1,6073,Swartzia_haughtii,alive,3380,1.932962963,0.106722222,39.13894103,332.4460006
Swartzia_haughtii_OG,OG42,FU1,1855,Swartzia_haughtii,sapling,3382,1.932962963,0.106722222,39.13894103,332.4460006
Symphonia_globulifera_OG,OG49,UU1,1236,Symphonia_globulifera,alive,4425,4.377666667,0.2614,21.57253457,211.8270997
Symphonia_globulifera_OG,OG49,UU1,1235,Symphonia_globulifera,alive,4427,4.377666667,0.2614,21.57253457,211.8270997
Tabernaemontana_amygdalifolia_old_CR,CR14,UD3,4315,Tabernaemontana_amygdalifolia,alive,4759,NA,NA,NA,NA
Tapirira_guianensis_AC,CA63,FU2,6039,Tapirira_guianensis,alive,4451,1.871944444,0.114666667,34.36010802,244.9866116
Tapirira_guianensis_AC,CA63,FU2,6041,Tapirira_guianensis,alive,4449,1.871944444,0.114666667,34.36010802,244.9866116
Tapirira_guianensis_AC,CA63,FU1,1258,Tapirira_guianensis,alive,4538,1.871944444,0.114666667,34.36010802,244.9866116
Tapirira_guianensis_AC,CA63,FU2,6038,Tapirira_guianensis,alive,4452,1.871944444,0.114666667,34.36010802,244.9866116
Tapirira_guianensis_AC,CA63,FU2,6034,Tapirira_guianensis,alive,4456,1.871944444,0.114666667,34.36010802,244.9866116
Tapirira_guianensis_AC,CA63,FU2,6036,Tapirira_guianensis,alive,4454,1.871944444,0.114666667,34.36010802,244.9866116
Tapirira_guianensis_AC,CA63,FU2,6037,Tapirira_guianensis,alive,4453,1.871944444,0.114666667,34.36010802,244.9866116
Tapirira_guianensis_AC,CA63,FU2,6033,Tapirira_guianensis,alive,4457,1.871944444,0.114666667,34.36010802,244.9866116
Tapirira_guianensis_AC,CA63,FU2,6035,Tapirira_guianensis,alive,4455,1.871944444,0.114666667,34.36010802,244.9866116
Tapirira_guianensis_AC,CA63,FU2,6040,Tapirira_guianensis,alive,4450,1.871944444,0.114666667,34.36010802,244.9866116
Tapirira_guianensis_OG,OG50,UU2,7609,Tapirira_guianensis,alive,5091,1.854527778,0.133283334,30.57686711,273.9447778
Tapirira_guianensis_OG,OG52,FD2,4269,Tapirira_guianensis,alive,4582,1.854527778,0.133283334,30.57686711,273.9447778
Tapirira_guianensis_OG,OG41,UU1,1822,Tapirira_guianensis,alive,3926,1.854527778,0.133283334,30.57686711,273.9447778
Tapirira_guianensis_OG,OG52,FD3,3127,Tapirira_guianensis,alive,4602,1.854527778,0.133283334,30.57686711,273.9447778
Tapirira_guianensis_OG,OG50,UU2,7610,Tapirira_guianensis,alive,5090,1.854527778,0.133283334,30.57686711,273.9447778
Tapirira_guianensis_old_PR,PR26,UU4,4158,Tapirira_guianensis,alive,3738,1.871944444,0.114666667,34.36010802,244.9866116
Tapirira_guianensis_old_PR,PR26,UU1,1140,Tapirira_guianensis,alive,3749,1.871944444,0.114666667,34.36010802,244.9866116
Tapirira_guianensis_old_PR,PR26,FU1,1159,Tapirira_guianensis,alive,3775,1.871944444,0.114666667,34.36010802,244.9866116
Tapirira_guianensis_old_PR,PR26,UU4,4163,Tapirira_guianensis,alive,3736,1.871944444,0.114666667,34.36010802,244.9866116
Tapirira_guianensis_old_PR,PR26,FU2,1169,Tapirira_guianensis,alive,3605,1.871944444,0.114666667,34.36010802,244.9866116
Tapirira_guianensis_old_PR,PR26,FU1,1163,Tapirira_guianensis,alive,3777,1.871944444,0.114666667,34.36010802,244.9866116
Tapirira_guianensis_old_PR,PR26,FU2,1167,Tapirira_guianensis,alive,3607,1.871944444,0.114666667,34.36010802,244.9866116
Tapirira_guianensisNA,OG28,UU1,7639,Tapirira_guianensis,alive,5035,NA,NA,NA,NA
Tapirira_guianensisNA,OG28,UU1,7637,Tapirira_guianensis,alive,5071,NA,NA,NA,NA
Theobroma_cacao_AC,CA63,FD1,5108,Theobroma_cacao,alive,4495,1.694666667,0.111566667,40.67127348,319.3506901
Theobroma_cacao_AC,CA63,FD1,7328,Theobroma_cacao,alive,4493,1.694666667,0.111566667,40.67127348,319.3506901
Theobroma_cacao_young_CR,CR09,FD1,1812,Theobroma_cacao,alive,3903,2.267466667,0.108671667,32.73443572,335.1757294
Theobroma_cacao_young_CR,CR09,UU4,4242,Theobroma_cacao,alive,3889,2.267466667,0.108671667,32.73443572,335.1757294
Theobroma_cacao_young_CR,CR13,UD1,3132,Theobroma_cacao,alive,3933,2.267466667,0.108671667,32.73443572,335.1757294
Theobroma_cacao_young_CR,CR09,UU3,7296,Theobroma_cacao,alive,3885,2.267466667,0.108671667,32.73443572,335.1757294
Theobroma_cacao_young_CR,CR02,UD3,3140,Theobroma_cacao,alive,4418,2.267466667,0.108671667,32.73443572,335.1757294
Theobroma_cacao_young_CR,CR13,UD1,6065,Theobroma_cacao,alive,3932,2.267466667,0.108671667,32.73443572,335.1757294
Theobroma_cacao_young_CR,CR09,UU3,4240,Theobroma_cacao,alive,3886,2.267466667,0.108671667,32.73443572,335.1757294
Theobroma_cacao_young_CR,CR13,FU2,1357,Theobroma_cacao,alive,3863,2.267466667,0.108671667,32.73443572,335.1757294
Theobroma_cacao_young_CR,CR18,UU3,7572,Theobroma_cacao,alive,5024,2.267466667,0.108671667,32.73443572,335.1757294
Theobroma_cacao_young_CR,CR09,UU1,1744,Theobroma_cacao,alive,4022,2.267466667,0.108671667,32.73443572,335.1757294
Theobroma_cacao_young_CR,CR02,UU1,7301,Theobroma_cacao,alive,4033,2.267466667,0.108671667,32.73443572,335.1757294
Theobroma_cacao_young_CR,CR09,UU1,4239,Theobroma_cacao,alive,4023,2.267466667,0.108671667,32.73443572,335.1757294
Trema_micrantha_young_CR,CR09,FD1,1813,Trema_micrantha,alive,3902,NA,NA,NA,NA
Turpinia_occidentalis_old_PR,PR26,UD2,5015,Turpinia_occidentalis,sapling,3761,NA,NA,NA,NA
Turpinia_occidentalis_old_PR,PR26,UD2,5020,Turpinia_occidentalis,alive,3765,NA,NA,NA,NA
Turpinia_occidentalis_old_PR,PR26,UD2,5019,Turpinia_occidentalis,alive,3767,NA,NA,NA,NA
Turpinia_occidentalis_old_PR,PR26,UD2,5017,Turpinia_occidentalis,alive,3759,NA,NA,NA,NA
Turpinia_occidentalis_old_PR,PR26,UD2,5018,Turpinia_occidentalis,sapling,3769,NA,NA,NA,NA
Turpinia_occidentalis_old_PR,PR26,UD2,5016,Turpinia_occidentalis,sapling,3763,NA,NA,NA,NA
Turpinia_occidentalis_old_PR,PR26,UD2,5021,Turpinia_occidentalis,alive,3762,NA,NA,NA,NA
Urticaceae_OG,OG39,FD1,3018,Urticaceae,alive,3555,NA,NA,NA,NA
Virola_pavonis_OG,OG51,UU4,7590,Virola_pavonis,alive,5099,NA,NA,NA,NA
Virola_sp1_AC,CA63,UU1,5105,Virola_sp1,alive,4445,2.103796296,0.121027778,30.09803991,242.8504431
Virola_sp1_AC,CA63,UU1,5104,Virola_sp1,alive,4446,2.103796296,0.121027778,30.09803991,242.8504431
virola_sp1_OG,OG39,FD2,2004,virola_sp1,alive,3446,NA,NA,NA,NA
Virola_sp1_OG,OG39,FU1,7052,Virola_sp1,alive,3500,2.222388889,0.125988889,32.58060543,212.902711
Virola_sp1_OG,OG39,FU3,4009,Virola_sp1,alive,3455,2.222388889,0.125988889,32.58060543,212.902711
Virola_sp1_OG,OG38,FD1,7026,Virola_sp1,alive,3479,2.222388889,0.125988889,32.58060543,212.902711
Virola_sp1_OG,OG43,UU3,7630,Virola_sp1,alive,5036,2.222388889,0.125988889,32.58060543,212.902711
Virola_sp1_OG,OG39,FU3,1452,Virola_sp1,alive,3439,2.222388889,0.125988889,32.58060543,212.902711
Virola_sp1_OG,OG45,UU1,1689,Virola_sp1,alive,4110,2.222388889,0.125988889,32.58060543,212.902711
Virola_sp1_OG,OG43,UU3,7632,Virola_sp1,alive,5039,2.222388889,0.125988889,32.58060543,212.902711
Virola_sp1_OG,OG45,UU1,5072,Virola_sp1,alive,4111,2.222388889,0.125988889,32.58060543,212.902711
Virola_sp1_OG,OG39,FU3,1449,Virola_sp1,alive,3436,2.222388889,0.125988889,32.58060543,212.902711
Virola_sp1_OG,OG39,FD3,5041,Virola_sp1,alive,3543,2.222388889,0.125988889,32.58060543,212.902711
Virola_sp1_OG,OG50,UU4,7619,Virola_sp1,alive,5079,2.222388889,0.125988889,32.58060543,212.902711
Virola_sp1_OG,OG45,FD3,3184,Virola_sp1,alive,4086,2.222388889,0.125988889,32.58060543,212.902711
Virola_sp1_OG,OG45,FU2,5071,Virola_sp1,alive,4095,2.222388889,0.125988889,32.58060543,212.902711
Virola_sp1_OG,OG39,FD2,5037,Virola_sp1,alive,3471,2.222388889,0.125988889,32.58060543,212.902711
Virola_sp1_OG,OG45,UU4,4099,Virola_sp1,alive,4118,2.222388889,0.125988889,32.58060543,212.902711
Virola_sp1_old_CR,CR14,UU4,7359,Virola_sp1,alive,4755,2.691077778,0.14676,28.74829125,220.243021
Virola_sp1_old_CR,CR14,FD1,7353,Virola_sp1,alive,4769,2.691077778,0.14676,28.74829125,220.243021
Virola_sp1_old_PR,PR21,FU1,5042,Virola_sp1,alive,3617,2.402541667,0.16973125,27.89372411,235.5708066
Virola_sp1_old_PR,PR21,FU2,5043,Virola_sp1,dying,3655,2.402541667,0.16973125,27.89372411,235.5708066
Virola_sp1_old_PR,PR31,FD2,4066,Virola_sp1,alive,3991,2.402541667,0.16973125,27.89372411,235.5708066
Virola_sp1_old_PR,PR21,FU1,4120,Virola_sp1,alive,3610,2.402541667,0.16973125,27.89372411,235.5708066
Virola_sp1_young_CR,CR05,FD1,7000,Virola_sp1,alive,3394,2.355185185,0.141444444,36.63645685,219.6215036
Virola_sp1NA,OG28,UU4,7658,Virola_sp1,alive,5025,NA,NA,NA,NA
Virola_sp2_AC,CA63,FU1,3045,Virola_sp2,alive,4542,2.767703704,0.188592593,24.94875025,206.8541538
Virola_sp2_OG,OG42,UU1,1864,Virola_sp2,alive,3367,3.287777778,0.238166667,23.18168749,181.5888547
Virola_sp2_OG,OG41,UU1,1821,Virola_sp2,alive,3927,3.287777778,0.238166667,23.18168749,181.5888547
Virola_sp2_OG,OG41,UU2,1823,Virola_sp2,sapling,4037,3.287777778,0.238166667,23.18168749,181.5888547
Virola_sp2_OG,OG49,FD1,5111,Virola_sp2,alive,4502,3.287777778,0.238166667,23.18168749,181.5888547
Virola_sp2_OG,OG38,FD3,6010,Virola_sp2,alive,3476,3.287777778,0.238166667,23.18168749,181.5888547
Virola_sp2_old_CR,CR14,FU3,1307,Virola_sp2,alive,4762,2.773185185,0.211655556,21.76652668,225.4064177
Virola_sp2_old_PR,PR21,FD2,6017,Virola_sp2,alive,3683,2.444666667,0.1328,21.07764876,301.9376082
Virola_sp2_old_PR,PR27,UU2,1882,Virola_sp2,alive,3917,2.444666667,0.1328,21.07764876,301.9376082
Virola_sp2_old_PR,PR26,UU4,4164,Virola_sp2,alive,3735,2.444666667,0.1328,21.07764876,301.9376082
Virola_sp2_old_PR,PR26,UU3,1152,Virola_sp2,alive,3741,2.444666667,0.1328,21.07764876,301.9376082
Virola_sp2_young_CR,CR17,UU1,5129,Virola_sp2,alive,4773,2.714333333,0.17285,28.74495899,175.485417
Virola_sp2_young_CR,CR09,UU2,1745,Virola_sp2,alive,4420,2.714333333,0.17285,28.74495899,175.485417
Vochysia_macrophylla_old_PR,PR26,UD3,5026,Vochysia_macrophylla,alive,3672,3.3244,0.1787,33.22933498,221.7425182
Vochysia_macrophylla_old_PR,PR26,UD2,5025,Vochysia_macrophylla,alive,3771,3.3244,0.1787,33.22933498,221.7425182
Vochysia_macrophylla_old_PR,PR26,UD2,5022,Vochysia_macrophylla,alive,3766,3.3244,0.1787,33.22933498,221.7425182
Vochysia_macrophylla_old_PR,PR26,UU2,1147,Vochysia_macrophylla,alive,3747,3.3244,0.1787,33.22933498,221.7425182
Vochysia_macrophylla_old_PR,PR26,UD3,5028,Vochysia_macrophylla,alive,3670,3.3244,0.1787,33.22933498,221.7425182
Vochysia_macrophylla_old_PR,PR26,UD2,7062,Vochysia_macrophylla,alive,3764,3.3244,0.1787,33.22933498,221.7425182
Vochysia_macrophylla_old_PR,PR26,UD2,5023,Vochysia_macrophylla,alive,3770,3.3244,0.1787,33.22933498,221.7425182
Vochysia_macrophylla_old_PR,PR26,FU3,5011,Vochysia_macrophylla,alive,3772,3.3244,0.1787,33.22933498,221.7425182
Vochysia_macrophylla_old_PR,PR26,UD1,7060,Vochysia_macrophylla,alive,3676,3.3244,0.1787,33.22933498,221.7425182
Vochysia_macrophylla_old_PR,PR26,UU3,4152,Vochysia_macrophylla,alive,3731,3.3244,0.1787,33.22933498,221.7425182
Wettinia_quinaria_OG,OG39,FD2,7035,Wettinia_quinaria,alive,3483,4.795416667,0.194444444,24.9682611,248.9001082
Wettinia_quinaria_OG,OG38,UD3,5005,Wettinia_quinaria,alive,3573,4.795416667,0.194444444,24.9682611,248.9001082
Wettinia_quinaria_OG,OG38,FD2,7024,Wettinia_quinaria,alive,3565,4.795416667,0.194444444,24.9682611,248.9001082
Wettinia_quinaria_OG,OG39,FD3,4135,Wettinia_quinaria,alive,3542,4.795416667,0.194444444,24.9682611,248.9001082
Wettinia_quinaria_OG,OG40,UU1,7463,Wettinia_quinaria,alive,4874,4.795416667,0.194444444,24.9682611,248.9001082
Wettinia_quinaria_OG,OG40,UU4,7494,Wettinia_quinaria,alive,4965,4.795416667,0.194444444,24.9682611,248.9001082
Wettinia_quinaria_OG,OG49,FU1,7330,Wettinia_quinaria,alive,4532,4.795416667,0.194444444,24.9682611,248.9001082
Wettinia_quinaria_OG,OG49,FU1,1202,Wettinia_quinaria,alive,4526,4.795416667,0.194444444,24.9682611,248.9001082
Wettinia_quinaria_OG,OG38,UD3,4017,Wettinia_quinaria,alive,3581,4.795416667,0.194444444,24.9682611,248.9001082
Wettinia_quinaria_OG,OG40,UU1,7465,Wettinia_quinaria,alive,4872,4.795416667,0.194444444,24.9682611,248.9001082
Wettinia_quinaria_OG,OG38,UD3,5007,Wettinia_quinaria,alive,3571,4.795416667,0.194444444,24.9682611,248.9001082
Wettinia_quinaria_OG,OG42,FU1,1097,Wettinia_quinaria,alive,3560,4.795416667,0.194444444,24.9682611,248.9001082
Wettinia_quinaria_OG,OG52,FD2,5115,Wettinia_quinaria,alive,4583,4.795416667,0.194444444,24.9682611,248.9001082
Wettinia_quinaria_OG,OG49,FU2,3080,Wettinia_quinaria,alive,4436,4.795416667,0.194444444,24.9682611,248.9001082
Wettinia_quinaria_OG,OG44,UU4,7455,Wettinia_quinaria,alive,4892,4.795416667,0.194444444,24.9682611,248.9001082
Wettinia_quinaria_OG,OG39,UU1,5033,Wettinia_quinaria,alive,3534,4.795416667,0.194444444,24.9682611,248.9001082
Wettinia_quinaria_OG,OG42,UU1,3142,Wettinia_quinaria,alive,3366,4.795416667,0.194444444,24.9682611,248.9001082
Wettinia_quinaria_OG,OG40,UU4,7500,Wettinia_quinaria,alive,4969,4.795416667,0.194444444,24.9682611,248.9001082
Wettinia_quinaria_OG,OG39,FD3,4132,Wettinia_quinaria,alive,3537,4.795416667,0.194444444,24.9682611,248.9001082
Wettinia_quinaria_OG,OG39,FD2,4130,Wettinia_quinaria,alive,3462,4.795416667,0.194444444,24.9682611,248.9001082
Wettinia_quinaria_OG,OG40,UU1,7466,Wettinia_quinaria,alive,4871,4.795416667,0.194444444,24.9682611,248.9001082
Wettinia_quinaria_OG,OG45,UU4,4103,Wettinia_quinaria,alive,4122,4.795416667,0.194444444,24.9682611,248.9001082
Wettinia_quinaria_OG,OG40,UU2,7476,Wettinia_quinaria,alive,4863,4.795416667,0.194444444,24.9682611,248.9001082
Wettinia_quinaria_OG,OG39,FD1,4123,Wettinia_quinaria,alive,3558,4.795416667,0.194444444,24.9682611,248.9001082
Wettinia_quinaria_OG,OG42,FD2,7289,Wettinia_quinaria,alive,3940,4.795416667,0.194444444,24.9682611,248.9001082
Wettinia_quinaria_OG,OG38,FU1,7031,Wettinia_quinaria,alive,3561,4.795416667,0.194444444,24.9682611,248.9001082
Wettinia_quinaria_OG,OG37,UU4,7419,Wettinia_quinaria,alive,4927,4.795416667,0.194444444,24.9682611,248.9001082
Wettinia_quinaria_OG,OG38,UD3,3136,Wettinia_quinaria,alive,3586,4.795416667,0.194444444,24.9682611,248.9001082
Wettinia_quinaria_OG,OG43,UU1,7566,Wettinia_quinaria,alive,4905,4.795416667,0.194444444,24.9682611,248.9001082
Wettinia_quinaria_OG,OG38,UD3,3137,Wettinia_quinaria,alive,3585,4.795416667,0.194444444,24.9682611,248.9001082
Wettinia_quinaria_OG,OG39,FU1,1438,Wettinia_quinaria,alive,3432,4.795416667,0.194444444,24.9682611,248.9001082
Wettinia_quinaria_OG,OG40,UU1,7469,Wettinia_quinaria,alive,4868,4.795416667,0.194444444,24.9682611,248.9001082
Wettinia_quinaria_OG,OG49,FU1,4283,Wettinia_quinaria,alive,4531,4.795416667,0.194444444,24.9682611,248.9001082
Wettinia_quinaria_OG,OG39,FD2,5038,Wettinia_quinaria,alive,3469,4.795416667,0.194444444,24.9682611,248.9001082
Wettinia_quinaria_OG,OG40,UU3,7487,Wettinia_quinaria,alive,4959,4.795416667,0.194444444,24.9682611,248.9001082
Wettinia_quinaria_OG,OG39,FU1,1439,Wettinia_quinaria,alive,3433,4.795416667,0.194444444,24.9682611,248.9001082
Wettinia_quinaria_OG,OG52,UU4,4271,Wettinia_quinaria,alive,4547,4.795416667,0.194444444,24.9682611,248.9001082
Wettinia_quinaria_OG,OG40,UU3,7484,Wettinia_quinaria,alive,4962,4.795416667,0.194444444,24.9682611,248.9001082
Wettinia_quinaria_OG,OG38,FU3,1100,Wettinia_quinaria,alive,3427,4.795416667,0.194444444,24.9682611,248.9001082
Wettinia_quinaria_OG,OG39,FD2,7038,Wettinia_quinaria,alive,3486,4.795416667,0.194444444,24.9682611,248.9001082
Wettinia_quinaria_OG,OG38,UD3,4019,Wettinia_quinaria,alive,3579,4.795416667,0.194444444,24.9682611,248.9001082
Wettinia_quinaria_OG,OG47,UU3,7266,Wettinia_quinaria,alive,3871,4.795416667,0.194444444,24.9682611,248.9001082
Wettinia_quinaria_OG,OG44,UU4,7458,Wettinia_quinaria,alive,4889,4.795416667,0.194444444,24.9682611,248.9001082
Wettinia_quinaria_OG,OG39,FD1,5036,Wettinia_quinaria,alive,3556,4.795416667,0.194444444,24.9682611,248.9001082
Wettinia_quinaria_OG,OG49,FU1,1203,Wettinia_quinaria,alive,4520,4.795416667,0.194444444,24.9682611,248.9001082
Wettinia_quinaria_OG,OG38,UD3,5003,Wettinia_quinaria,alive,3575,4.795416667,0.194444444,24.9682611,248.9001082
Wettinia_quinaria_OG,OG40,UU4,7496,Wettinia_quinaria,alive,4967,4.795416667,0.194444444,24.9682611,248.9001082
Wettinia_quinaria_OG,OG44,UU4,7452,Wettinia_quinaria,alive,4895,4.795416667,0.194444444,24.9682611,248.9001082
Wettinia_quinaria_OG,OG38,UD3,5004,Wettinia_quinaria,alive,3574,4.795416667,0.194444444,24.9682611,248.9001082
Wettinia_quinaria_OG,OG49,UU4,4302,Wettinia_quinaria,alive,4462,4.795416667,0.194444444,24.9682611,248.9001082
Wettinia_quinaria_OG,OG44,UU4,7457,Wettinia_quinaria,alive,4890,4.795416667,0.194444444,24.9682611,248.9001082
Wettinia_quinaria_OG,OG51,UU3,7584,Wettinia_quinaria,alive,5106,4.795416667,0.194444444,24.9682611,248.9001082
Wettinia_quinaria_OG,OG51,UU1,7578,Wettinia_quinaria,alive,5057,4.795416667,0.194444444,24.9682611,248.9001082
Wettinia_quinaria_OG,OG38,UD1,7017,Wettinia_quinaria,alive,3519,4.795416667,0.194444444,24.9682611,248.9001082
Wettinia_quinaria_OG,OG38,UD3,4018,Wettinia_quinaria,alive,3580,4.795416667,0.194444444,24.9682611,248.9001082
Wettinia_quinaria_OG,OG40,UU3,7489,Wettinia_quinaria,alive dying,4957,4.795416667,0.194444444,24.9682611,248.9001082
Wettinia_quinaria_OG,OG51,UU4,7589,Wettinia_quinaria,alive,5103,4.795416667,0.194444444,24.9682611,248.9001082
Wettinia_quinaria_OG,OG39,FD2,7046,Wettinia_quinaria,alive,3496,4.795416667,0.194444444,24.9682611,248.9001082
Wettinia_quinaria_OG,OG45,FD2,5078,Wettinia_quinaria,alive,4084,4.795416667,0.194444444,24.9682611,248.9001082
Wettinia_quinaria_OG,OG49,UD1,7343,Wettinia_quinaria,alive,4478,4.795416667,0.194444444,24.9682611,248.9001082
Wettinia_quinaria_OG,OG40,UU1,7472,Wettinia_quinaria,alive,4865,4.795416667,0.194444444,24.9682611,248.9001082
Wettinia_quinaria_OG,OG38,UD3,4020,Wettinia_quinaria,alive,3578,4.795416667,0.194444444,24.9682611,248.9001082
Wettinia_quinaria_OG,OG49,UU1,1233,Wettinia_quinaria,alive,4429,4.795416667,0.194444444,24.9682611,248.9001082
Wettinia_quinaria_OG,OG40,UU4,7501,Wettinia_quinaria,alive,4970,4.795416667,0.194444444,24.9682611,248.9001082
Wettinia_quinaria_OG,OG45,UU4,4100,Wettinia_quinaria,alive,4119,4.795416667,0.194444444,24.9682611,248.9001082
Wettinia_quinaria_OG,OG42,FU3,2124,Wettinia_quinaria,alive,3370,4.795416667,0.194444444,24.9682611,248.9001082
Wettinia_quinaria_OG,OG42,UU4,4191,Wettinia_quinaria,alive,3323,4.795416667,0.194444444,24.9682611,248.9001082
Wettinia_quinaria_OG,OG39,UU1,1455,Wettinia_quinaria,alive,3535,4.795416667,0.194444444,24.9682611,248.9001082
Wettinia_quinaria_OG,OG50,UU4,7616,Wettinia_quinaria,alive,5081,4.795416667,0.194444444,24.9682611,248.9001082
Wettinia_quinaria_OG,OG40,UU3,7490,Wettinia_quinaria,alive,4956,4.795416667,0.194444444,24.9682611,248.9001082
Wettinia_quinaria_OG,OG42,UU4,6097,Wettinia_quinaria,alive,3331,4.795416667,0.194444444,24.9682611,248.9001082
Wettinia_quinaria_OG,OG40,UU4,7495,Wettinia_quinaria,alive,4966,4.795416667,0.194444444,24.9682611,248.9001082
Wettinia_quinaria_OG,OG39,FD2,7042,Wettinia_quinaria,alive,3490,4.795416667,0.194444444,24.9682611,248.9001082
Wettinia_quinaria_OG,OG39,FD1,4125,Wettinia_quinaria,alive,3549,4.795416667,0.194444444,24.9682611,248.9001082
Wettinia_quinaria_OG,OG40,UU1,7471,Wettinia_quinaria,alive,4866,4.795416667,0.194444444,24.9682611,248.9001082
Wettinia_quinaria_OG,OG40,UU2,7475,Wettinia_quinaria,alive,4954,4.795416667,0.194444444,24.9682611,248.9001082
Wettinia_quinaria_OG,OG42,UU4,6092,Wettinia_quinaria,alive,3321,4.795416667,0.194444444,24.9682611,248.9001082
Wettinia_quinaria_OG,OG38,UD3,5001,Wettinia_quinaria,alive,3577,4.795416667,0.194444444,24.9682611,248.9001082
Wettinia_quinaria_OG,OG40,UU3,7481,Wettinia_quinaria,alive,4859,4.795416667,0.194444444,24.9682611,248.9001082
Wettinia_quinaria_OG,OG44,UU4,7454,Wettinia_quinaria,alive,4893,4.795416667,0.194444444,24.9682611,248.9001082
Wettinia_quinaria_OG,OG39,FU1,1435,Wettinia_quinaria,alive,3430,4.795416667,0.194444444,24.9682611,248.9001082
Wettinia_quinaria_OG,OG40,UU3,7478,Wettinia_quinaria,alive,4862,4.795416667,0.194444444,24.9682611,248.9001082
Wettinia_quinaria_OG,OG42,FU1,1854,Wettinia_quinaria,alive,3386,4.795416667,0.194444444,24.9682611,248.9001082
Wettinia_quinaria_OG,OG39,FD2,4127,Wettinia_quinaria,alive,3460,4.795416667,0.194444444,24.9682611,248.9001082
Wettinia_quinaria_OG,OG37,UU2,7416,Wettinia_quinaria,alive,4924,4.795416667,0.194444444,24.9682611,248.9001082
Wettinia_quinaria_OG,OG38,UD3,4013,Wettinia_quinaria,alive,3584,4.795416667,0.194444444,24.9682611,248.9001082
Wettinia_quinaria_OG,OG40,UU3,7477,Wettinia_quinaria,alive,4857,4.795416667,0.194444444,24.9682611,248.9001082
Wettinia_quinaria_OG,OG39,FD2,7036,Wettinia_quinaria,alive,3484,4.795416667,0.194444444,24.9682611,248.9001082
Wettinia_quinaria_OG,OG44,UU1,7446,Wettinia_quinaria,alive,4898,4.795416667,0.194444444,24.9682611,248.9001082
Wettinia_quinaria_OG,OG39,FD1,7034,Wettinia_quinaria,alive,3554,4.795416667,0.194444444,24.9682611,248.9001082
Wettinia_quinaria_OG,OG49,UU4,4303,Wettinia_quinaria,alive,4461,4.795416667,0.194444444,24.9682611,248.9001082
Wettinia_quinaria_OG,OG42,FD2,5137,Wettinia_quinaria,alive,3297,4.795416667,0.194444444,24.9682611,248.9001082
Wettinia_quinaria_OG,OG39,FD2,7037,Wettinia_quinaria,alive,3485,4.795416667,0.194444444,24.9682611,248.9001082
Wettinia_quinaria_OG,OG40,UU3,7486,Wettinia_quinaria,alive,4960,4.795416667,0.194444444,24.9682611,248.9001082
Wettinia_quinaria_OG,OG39,FD3,1481,Wettinia_quinaria,alive,3541,4.795416667,0.194444444,24.9682611,248.9001082
Wettinia_quinaria_OG,OG42,UU4,6103,Wettinia_quinaria,alive,3327,4.795416667,0.194444444,24.9682611,248.9001082
Wettinia_quinaria_OG,OG49,FD1,7361,Wettinia_quinaria,alive,4498,4.795416667,0.194444444,24.9682611,248.9001082
Wettinia_quinaria_OG,OG42,UU4,6093,Wettinia_quinaria,alive,3333,4.795416667,0.194444444,24.9682611,248.9001082
Wettinia_quinaria_OG,OG46,UU3,1649,Wettinia_quinaria,alive,4302,4.795416667,0.194444444,24.9682611,248.9001082
Wettinia_quinaria_OG,OG40,UU1,7460,Wettinia_quinaria,alive,4877,4.795416667,0.194444444,24.9682611,248.9001082
Wettinia_quinaria_OG,OG49,FU3,1231,Wettinia_quinaria,alive,4481,4.795416667,0.194444444,24.9682611,248.9001082
Wettinia_quinaria_OG,OG39,FD1,7033,Wettinia_quinaria,alive,3553,4.795416667,0.194444444,24.9682611,248.9001082
Wettinia_quinaria_OG,OG40,UU3,7480,Wettinia_quinaria,alive,4860,4.795416667,0.194444444,24.9682611,248.9001082
Wettinia_quinaria_OG,OG40,UU1,7470,Wettinia_quinaria,alive,4867,4.795416667,0.194444444,24.9682611,248.9001082
Wettinia_quinaria_OG,OG40,UU3,7483,Wettinia_quinaria,alive,4963,4.795416667,0.194444444,24.9682611,248.9001082
Wettinia_quinaria_OG,OG40,UU1,7468,Wettinia_quinaria,alive,4869,4.795416667,0.194444444,24.9682611,248.9001082
Wettinia_quinaria_OG,OG37,UU2,7415,Wettinia_quinaria,alive,4925,4.795416667,0.194444444,24.9682611,248.9001082
Wettinia_quinaria_OG,OG39,FD3,7048,Wettinia_quinaria,alive,3540,4.795416667,0.194444444,24.9682611,248.9001082
Wettinia_quinaria_OG,OG40,UU4,7499,Wettinia_quinaria,alive,4853,4.795416667,0.194444444,24.9682611,248.9001082
Wettinia_quinaria_OG,OG52,UU3,1285,Wettinia_quinaria,alive,4622,4.795416667,0.194444444,24.9682611,248.9001082
Wettinia_quinaria_OG,OG39,FU2,1444,Wettinia_quinaria,alive,3528,4.795416667,0.194444444,24.9682611,248.9001082
Wettinia_quinaria_OG,OG39,FD1,4124,Wettinia_quinaria,alive,3557,4.795416667,0.194444444,24.9682611,248.9001082
Wettinia_quinaria_OG,OG40,UU1,7462,Wettinia_quinaria,alive,4875,4.795416667,0.194444444,24.9682611,248.9001082
Wettinia_quinaria_OG,OG39,FD2,4128,Wettinia_quinaria,alive,3461,4.795416667,0.194444444,24.9682611,248.9001082
Wettinia_quinaria_OG,OG51,UU2,7581,Wettinia_quinaria,alive,5055,4.795416667,0.194444444,24.9682611,248.9001082
Wettinia_quinaria_OG,OG39,UU3,4006,Wettinia_quinaria,alive,3454,4.795416667,0.194444444,24.9682611,248.9001082
Wettinia_quinaria_OG,OG40,UU4,7498,Wettinia_quinaria,alive,4968,4.795416667,0.194444444,24.9682611,248.9001082
Wettinia_quinaria_OG,OG39,FD1,4122,Wettinia_quinaria,alive,3559,4.795416667,0.194444444,24.9682611,248.9001082
Wettinia_quinaria_OG,OG42,UU1,6127,Wettinia_quinaria,alive,4332,4.795416667,0.194444444,24.9682611,248.9001082
Wettinia_quinaria_OG,OG47,UU1,7263,Wettinia_quinaria,alive,3947,4.795416667,0.194444444,24.9682611,248.9001082
Wettinia_quinaria_OG,OG47,UU1,6262,Wettinia_quinaria,alive,3950,4.795416667,0.194444444,24.9682611,248.9001082
Wettinia_quinaria_OG,OG37,UU3,7417,Wettinia_quinaria,alive,4926,4.795416667,0.194444444,24.9682611,248.9001082
Wettinia_quinaria_OG,OG47,UU4,7270,Wettinia_quinaria,alive,3876,4.795416667,0.194444444,24.9682611,248.9001082
Wettinia_quinaria_OG,OG42,UU1,6078,Wettinia_quinaria,alive,3365,4.795416667,0.194444444,24.9682611,248.9001082
Wettinia_quinaria_OG,OG38,UD3,4016,Wettinia_quinaria,alive,3582,4.795416667,0.194444444,24.9682611,248.9001082
Wettinia_quinaria_OG,OG39,FD2,7041,Wettinia_quinaria,alive,3489,4.795416667,0.194444444,24.9682611,248.9001082
Wettinia_quinaria_OG,OG39,UD1,7054,Wettinia_quinaria,alive,3501,4.795416667,0.194444444,24.9682611,248.9001082
Wettinia_quinaria_OG,OG51,UU4,7592,Wettinia_quinaria,alive,5101,4.795416667,0.194444444,24.9682611,248.9001082
Wettinia_quinaria_OG,OG51,UU4,7595,Wettinia_quinaria,alive,5052,4.795416667,0.194444444,24.9682611,248.9001082
Wettinia_quinaria_OG,OG40,UU2,7473,Wettinia_quinaria,alive,4953,4.795416667,0.194444444,24.9682611,248.9001082
Wettinia_quinaria_OG,OG51,UU4,7593,Wettinia_quinaria,alive,5050,4.795416667,0.194444444,24.9682611,248.9001082
Wettinia_quinaria_OG,OG40,UU3,7485,Wettinia_quinaria,alive,4961,4.795416667,0.194444444,24.9682611,248.9001082
Wettinia_quinaria_OG,OG49,FU1,7331,Wettinia_quinaria,alive,4533,4.795416667,0.194444444,24.9682611,248.9001082
Wettinia_quinaria_OG,OG49,UU4,4301,Wettinia_quinaria,alive,4463,4.795416667,0.194444444,24.9682611,248.9001082
Wettinia_quinaria_OG,OG39,FU1,1441,Wettinia_quinaria,alive,3435,4.795416667,0.194444444,24.9682611,248.9001082
Wettinia_quinaria_OG,OG42,FU2,5130,Wettinia_quinaria,alive,3286,4.795416667,0.194444444,24.9682611,248.9001082
Wettinia_quinaria_OG,OG51,UU3,7585,Wettinia_quinaria,alive,5105,4.795416667,0.194444444,24.9682611,248.9001082
Wettinia_quinaria_OG,OG39,FD2,1477,Wettinia_quinaria,alive,3444,4.795416667,0.194444444,24.9682611,248.9001082
Wettinia_quinaria_OG,OG45,UD1,3186,Wettinia_quinaria,alive,4103,4.795416667,0.194444444,24.9682611,248.9001082
Wettinia_quinaria_OG,OG42,UU4,6096,Wettinia_quinaria,alive,3334,4.795416667,0.194444444,24.9682611,248.9001082
Wettinia_quinaria_OG,OG52,FD1,5114,Wettinia_quinaria,alive,4652,4.795416667,0.194444444,24.9682611,248.9001082
Wettinia_quinaria_OG,OG51,UU1,7579,Wettinia_quinaria,alive,5110,4.795416667,0.194444444,24.9682611,248.9001082
Wettinia_quinaria_OG,OG42,UU4,6099,Wettinia_quinaria,alive,3330,4.795416667,0.194444444,24.9682611,248.9001082
Wettinia_quinaria_OG,OG39,FD2,7039,Wettinia_quinaria,alive,3487,4.795416667,0.194444444,24.9682611,248.9001082
Wettinia_quinaria_OG,OG39,UU4,7049,Wettinia_quinaria,alive,3497,4.795416667,0.194444444,24.9682611,248.9001082
Wettinia_quinaria_OG,OG47,UU3,7269,Wettinia_quinaria,alive,3874,4.795416667,0.194444444,24.9682611,248.9001082
Wettinia_quinaria_OG,OG47,UU1,6120,Wettinia_quinaria,alive,3951,4.795416667,0.194444444,24.9682611,248.9001082
Wettinia_quinaria_OG,OG40,UU1,7461,Wettinia_quinaria,alive,4876,4.795416667,0.194444444,24.9682611,248.9001082
Wettinia_quinaria_OG,OG39,FD2,4126,Wettinia_quinaria,alive,3459,4.795416667,0.194444444,24.9682611,248.9001082
Wettinia_quinaria_OG,OG39,FU1,1440,Wettinia_quinaria,alive,3434,4.795416667,0.194444444,24.9682611,248.9001082
Wettinia_quinaria_OG,OG39,FD2,7040,Wettinia_quinaria,alive,3488,4.795416667,0.194444444,24.9682611,248.9001082
Wettinia_quinaria_OG,OG39,FU2,6004,Wettinia_quinaria,alive,3532,4.795416667,0.194444444,24.9682611,248.9001082
Wettinia_quinaria_OG,OG47,UU3,7267,Wettinia_quinaria,alive,3872,4.795416667,0.194444444,24.9682611,248.9001082
Wettinia_quinaria_OG,OG38,UD3,5002,Wettinia_quinaria,alive,3576,4.795416667,0.194444444,24.9682611,248.9001082
Wettinia_quinaria_OG,OG40,UU4,7293,Wettinia_quinaria,alive,4855,4.795416667,0.194444444,24.9682611,248.9001082
Wettinia_quinaria_OG,OG39,FD3,4133,Wettinia_quinaria,alive,3538,4.795416667,0.194444444,24.9682611,248.9001082
Wettinia_quinaria_OG,OG49,UU2,2031,Wettinia_quinaria,alive,4514,4.795416667,0.194444444,24.9682611,248.9001082
Wettinia_quinaria_OG,OG39,FU1,7051,Wettinia_quinaria,alive,3499,4.795416667,0.194444444,24.9682611,248.9001082
Wettinia_quinaria_OG,OG47,UU3,7268,Wettinia_quinaria,alive,3873,4.795416667,0.194444444,24.9682611,248.9001082
Wettinia_quinaria_OG,OG49,FU2,4285,Wettinia_quinaria,alive,4490,4.795416667,0.194444444,24.9682611,248.9001082
Wettinia_quinaria_OG,OG52,UD2,4278,Wettinia_quinaria,alive,4543,4.795416667,0.194444444,24.9682611,248.9001082
Wettinia_quinaria_OG,OG47,UU1,6119,Wettinia_quinaria,alive,3946,4.795416667,0.194444444,24.9682611,248.9001082
Wettinia_quinaria_OG,OG39,FD2,7043,Wettinia_quinaria,alive,3491,4.795416667,0.194444444,24.9682611,248.9001082
Wettinia_quinaria_OG,OG45,UD3,5081,Wettinia_quinaria,alive,4106,4.795416667,0.194444444,24.9682611,248.9001082
Wettinia_quinaria_OG,OG47,UU4,7272,Wettinia_quinaria,alive,3877,4.795416667,0.194444444,24.9682611,248.9001082
Wettinia_quinaria_OG,OG38,UD3,4014,Wettinia_quinaria,alive,3583,4.795416667,0.194444444,24.9682611,248.9001082
Wettinia_quinaria_OG,OG38,UD3,5006,Wettinia_quinaria,alive,3572,4.795416667,0.194444444,24.9682611,248.9001082
Wettinia_quinaria_OG,OG40,UU3,7482,Wettinia_quinaria,alive,4858,4.795416667,0.194444444,24.9682611,248.9001082
Wettinia_quinaria_OG,OG42,UU4,6090,Wettinia_quinaria,alive,3326,4.795416667,0.194444444,24.9682611,248.9001082
Wettinia_quinaria_OG,OG39,FU3,1451,Wettinia_quinaria,alive,3438,4.795416667,0.194444444,24.9682611,248.9001082
Wettinia_quinaria_OG,OG47,UU3,6121,Wettinia_quinaria,alive,3870,4.795416667,0.194444444,24.9682611,248.9001082
Wettinia_quinaria_OG,OG42,UU4,6104,Wettinia_quinaria,alive,3328,4.795416667,0.194444444,24.9682611,248.9001082
Wettinia_quinaria_OG,OG42,UU4,4193,Wettinia_quinaria,alive,3324,4.795416667,0.194444444,24.9682611,248.9001082
Wettinia_quinaria_OG,OG48,UU4,7602,Wettinia_quinaria,alive,5097,4.795416667,0.194444444,24.9682611,248.9001082
Wettinia_quinaria_OG,OG39,FU2,1448,Wettinia_quinaria,alive,3530,4.795416667,0.194444444,24.9682611,248.9001082
Wettinia_quinaria_OG,OG42,UU4,6102,Wettinia_quinaria,alive,3329,4.795416667,0.194444444,24.9682611,248.9001082
Wettinia_quinaria_OG,OG42,FU3,1859,Wettinia_quinaria,alive,3374,4.795416667,0.194444444,24.9682611,248.9001082
Wettinia_quinaria_OG,OG51,UU4,7594,Wettinia_quinaria,alive,5051,4.795416667,0.194444444,24.9682611,248.9001082
Wettinia_quinaria_OG,OG40,UU3,7488,Wettinia_quinaria,alive,4958,4.795416667,0.194444444,24.9682611,248.9001082
Wettinia_quinaria_OG,OG44,UU2,7448,Wettinia_quinaria,alive,4950,4.795416667,0.194444444,24.9682611,248.9001082
Wettinia_quinaria_OG,OG42,UU4,6095,Wettinia_quinaria,alive,3332,4.795416667,0.194444444,24.9682611,248.9001082
Wettinia_quinaria_OG,OG40,UU1,7464,Wettinia_quinaria,alive,4873,4.795416667,0.194444444,24.9682611,248.9001082
Wettinia_quinaria_OG,OG42,UU4,6094,Wettinia_quinaria,alive,3322,4.795416667,0.194444444,24.9682611,248.9001082
Wettinia_quinaria_OG,OG47,UU1,7262,Wettinia_quinaria,alive,3949,4.795416667,0.194444444,24.9682611,248.9001082
Wettinia_quinaria_OG,OG47,UU1,7264,Wettinia_quinaria,alive,3948,4.795416667,0.194444444,24.9682611,248.9001082
Wettinia_quinaria_old_CR,CR10,FU3,4105,Wettinia_quinaria,alive,3974,5.325,0.164072917,22.69389672,256.3270098
Wettinia_quinaria_old_CR,CR04,UU1,4025,Wettinia_quinaria,alive,3662,5.325,0.164072917,22.69389672,256.3270098
Wettinia_quinaria_old_CR,CR14,UU2,7355,Wettinia_quinaria,alive,4680,5.325,0.164072917,22.69389672,256.3270098
Wettinia_quinaria_old_CR,CR04,UU4,4028,Wettinia_quinaria,alive,3713,5.325,0.164072917,22.69389672,256.3270098
Wettinia_quinaria_old_CR,CR04,UU1,4024,Wettinia_quinaria,alive,3663,5.325,0.164072917,22.69389672,256.3270098
Wettinia_quinaria_old_CR,CR04,UU2,1498,Wettinia_quinaria,alive,3717,5.325,0.164072917,22.69389672,256.3270098
Wettinia_quinaria_old_CR,CR04,FU2,4031,Wettinia_quinaria,alive,3622,5.325,0.164072917,22.69389672,256.3270098
Wettinia_quinaria_old_CR,CR04,UU1,1488,Wettinia_quinaria,alive,3660,5.325,0.164072917,22.69389672,256.3270098
Wettinia_quinaria_old_CR,CR11,UU1,1729,Wettinia_quinaria,alive,3837,5.325,0.164072917,22.69389672,256.3270098
Wettinia_quinaria_old_CR,CR14,FD2,4307,Wettinia_quinaria,sapling,4688,5.325,0.164072917,22.69389672,256.3270098
Wettinia_quinaria_old_CR,CR08,UU4,7559,Wettinia_quinaria,alive,5003,5.325,0.164072917,22.69389672,256.3270098
Wettinia_quinaria_old_CR,CR04,FD3,4037,Wettinia_quinaria,alive,3659,5.325,0.164072917,22.69389672,256.3270098
Wettinia_quinaria_old_CR,CR04,UU1,7082,Wettinia_quinaria,alive,3661,5.325,0.164072917,22.69389672,256.3270098
Wettinia_quinaria_old_CR,CR04,FU1,1484,Wettinia_quinaria,alive,3723,5.325,0.164072917,22.69389672,256.3270098
Wettinia_quinaria_old_CR,CR04,FU3,1485,Wettinia_quinaria,alive,3718,5.325,0.164072917,22.69389672,256.3270098
Wettinia_quinaria_old_CR,CR10,FU3,1579,Wettinia_quinaria,alive,3978,5.325,0.164072917,22.69389672,256.3270098
Wettinia_quinaria_old_CR,CR14,UU3,2083,Wettinia_quinaria,alive,4756,5.325,0.164072917,22.69389672,256.3270098
Wettinia_quinaria_old_CR,CR04,UU4,7083,Wettinia_quinaria,alive,3712,5.325,0.164072917,22.69389672,256.3270098
Wettinia_quinaria_old_CR,CR04,FD1,4035,Wettinia_quinaria,alive,3708,5.325,0.164072917,22.69389672,256.3270098
Wettinia_quinaria_old_CR,CR10,FU1,1568,Wettinia_quinaria,alive,3989,5.325,0.164072917,22.69389672,256.3270098
Wettinia_quinaria_old_CR,CR06,UD2,7013,Wettinia_quinaria,alive,3478,5.325,0.164072917,22.69389672,256.3270098
Wettinia_quinaria_old_CR,CR10,FU2,5090,Wettinia_quinaria,alive,3985,5.325,0.164072917,22.69389672,256.3270098
Wettinia_quinaria_old_CR,CR04,FD1,4034,Wettinia_quinaria,alive,3710,5.325,0.164072917,22.69389672,256.3270098
Wettinia_quinaria_old_CR,CR11,UU4,4072,Wettinia_quinaria,alive,3826,5.325,0.164072917,22.69389672,256.3270098
Wettinia_quinaria_old_CR,CR11,UU4,4070,Wettinia_quinaria,alive,3825,5.325,0.164072917,22.69389672,256.3270098
Wettinia_quinaria_old_CR,CR04,FU3,4032,Wettinia_quinaria,alive,3720,5.325,0.164072917,22.69389672,256.3270098
Wettinia_quinaria_old_CR,CR10,FU3,4106,Wettinia_quinaria,alive,3973,5.325,0.164072917,22.69389672,256.3270098
Wettinia_quinaria_old_CR,CR08,UU2,7548,Wettinia_quinaria,alive,5000,5.325,0.164072917,22.69389672,256.3270098
Wettinia_quinaria_old_CR,CR04,UU4,5055,Wettinia_quinaria,alive,3714,5.325,0.164072917,22.69389672,256.3270098
Wettinia_quinaria_old_CR,CR11,UD2,4065,Wettinia_quinaria,alive,3962,5.325,0.164072917,22.69389672,256.3270098
Wettinia_quinaria_old_CR,CR08,UU3,7563,Wettinia_quinaria,alive,5010,5.325,0.164072917,22.69389672,256.3270098
Wettinia_quinaria_old_CR,CR10,FU3,4104,Wettinia_quinaria,alive,3975,5.325,0.164072917,22.69389672,256.3270098
Wettinia_quinaria_old_CR,CR14,FD3,4310,Wettinia_quinaria,alive,4768,5.325,0.164072917,22.69389672,256.3270098
Wettinia_quinaria_old_CR,CR06,UU1,3000,Wettinia_quinaria,alive,3449,5.325,0.164072917,22.69389672,256.3270098
Wettinia_quinaria_old_CR,CR11,UU1,1730,Wettinia_quinaria,alive,3836,5.325,0.164072917,22.69389672,256.3270098
Wettinia_quinaria_old_CR,CR10,FU2,7199,Wettinia_quinaria,alive,3981,5.325,0.164072917,22.69389672,256.3270098
Wettinia_quinaria_old_CR,CR11,FU1,1739,Wettinia_quinaria,alive,3823,5.325,0.164072917,22.69389672,256.3270098
Wettinia_quinaria_old_CR,CR08,UU4,7555,Wettinia_quinaria,alive,5004,5.325,0.164072917,22.69389672,256.3270098
Wettinia_quinaria_old_CR,CR14,UD1,4312,Wettinia_quinaria,alive,4683,5.325,0.164072917,22.69389672,256.3270098
Wettinia_quinaria_old_CR,CR11,UD1,7213,Wettinia_quinaria,alive,4175,5.325,0.164072917,22.69389672,256.3270098
Wettinia_quinaria_old_CR,CR11,UU2,1732,Wettinia_quinaria,alive,3832,5.325,0.164072917,22.69389672,256.3270098
Wettinia_quinaria_old_CR,CR04,FD1,4036,Wettinia_quinaria,alive,3707,5.325,0.164072917,22.69389672,256.3270098
Wettinia_quinaria_old_CR,CR04,FU1,1483,Wettinia_quinaria,alive,3721,5.325,0.164072917,22.69389672,256.3270098
Wettinia_quinaria_old_PR,PR34,FU1,3051,Wettinia_quinaria,alive,4799,4.404722222,0.141708333,34.16956355,231.3182501
Wettinia_quinaria_old_PR,PR34,FD2,7385,Wettinia_quinaria,alive,4721,4.404722222,0.141708333,34.16956355,231.3182501
Wettinia_quinaria_old_PR,PR34,FU1,3054,Wettinia_quinaria,alive,4795,4.404722222,0.141708333,34.16956355,231.3182501
Wettinia_quinaria_old_PR,PR34,FD2,7393,Wettinia_quinaria,alive,4714,4.404722222,0.141708333,34.16956355,231.3182501
Wettinia_quinaria_old_PR,PR21,FU2,2008,Wettinia_quinaria,alive,3656,4.404722222,0.141708333,34.16956355,231.3182501
Wettinia_quinaria_old_PR,PR34,FU1,4331,Wettinia_quinaria,alive,4814,4.404722222,0.141708333,34.16956355,231.3182501
Wettinia_quinaria_old_PR,PR34,FD2,7397,Wettinia_quinaria,alive,4710,4.404722222,0.141708333,34.16956355,231.3182501
Wettinia_quinaria_old_PR,PR21,UU3,7093,Wettinia_quinaria,alive,3697,4.404722222,0.141708333,34.16956355,231.3182501
Wettinia_quinaria_old_PR,PR24,UU2,7424,Wettinia_quinaria,alive,4934,4.404722222,0.141708333,34.16956355,231.3182501
Wettinia_quinaria_old_PR,PR21,UU2,7088,Wettinia_quinaria,alive,3634,4.404722222,0.141708333,34.16956355,231.3182501
Wettinia_quinaria_old_PR,PR21,UU4,7095,Wettinia_quinaria,alive,3637,4.404722222,0.141708333,34.16956355,231.3182501
Wettinia_quinaria_old_PR,PR21,UU3,4117,Wettinia_quinaria,alive,3695,4.404722222,0.141708333,34.16956355,231.3182501
Wettinia_quinaria_old_PR,PR34,FD1,4352,Wettinia_quinaria,alive,4703,4.404722222,0.141708333,34.16956355,231.3182501
Wettinia_quinaria_old_PR,PR21,FU1,1044,Wettinia_quinaria,alive,3609,4.404722222,0.141708333,34.16956355,231.3182501
Wettinia_quinaria_old_PR,PR34,FU1,3065,Wettinia_quinaria,alive,4811,4.404722222,0.141708333,34.16956355,231.3182501
Wettinia_quinaria_old_PR,PR34,FU3,5122,Wettinia_quinaria,alive,4737,4.404722222,0.141708333,34.16956355,231.3182501
Wettinia_quinaria_old_PR,PR21,UU2,1051,Wettinia_quinaria,alive,3632,4.404722222,0.141708333,34.16956355,231.3182501
Wettinia_quinaria_old_PR,PR34,FD1,7401,Wettinia_quinaria,alive,4705,4.404722222,0.141708333,34.16956355,231.3182501
Wettinia_quinaria_old_PR,PR21,FU3,5047,Wettinia_quinaria,alive,3650,4.404722222,0.141708333,34.16956355,231.3182501
Wettinia_quinaria_old_PR,PR34,FU1,4339,Wettinia_quinaria,alive,4808,4.404722222,0.141708333,34.16956355,231.3182501
Wettinia_quinaria_old_PR,PR34,FD2,4354,Wettinia_quinaria,alive,4732,4.404722222,0.141708333,34.16956355,231.3182501
Wettinia_quinaria_old_PR,PR21,FU1,1043,Wettinia_quinaria,alive,3611,4.404722222,0.141708333,34.16956355,231.3182501
Wettinia_quinaria_old_PR,PR34,FU1,4322,Wettinia_quinaria,alive,4788,4.404722222,0.141708333,34.16956355,231.3182501
Wettinia_quinaria_old_PR,PR34,FU1,7371,Wettinia_quinaria,alive,4806,4.404722222,0.141708333,34.16956355,231.3182501
Wettinia_quinaria_old_PR,PR34,FU1,4334,Wettinia_quinaria,alive,4812,4.404722222,0.141708333,34.16956355,231.3182501
Wettinia_quinaria_old_PR,PR21,UU1,1049,Wettinia_quinaria,dying,3703,4.404722222,0.141708333,34.16956355,231.3182501
Wettinia_quinaria_old_PR,PR21,UU4,7100,Wettinia_quinaria,alive,3642,4.404722222,0.141708333,34.16956355,231.3182501
Wettinia_quinaria_old_PR,PR34,FD2,7388,Wettinia_quinaria,alive,4719,4.404722222,0.141708333,34.16956355,231.3182501
Wettinia_quinaria_old_PR,PR34,FD3,5125,Wettinia_quinaria,alive,4783,4.404722222,0.141708333,34.16956355,231.3182501
Wettinia_quinaria_old_PR,PR21,FD2,5052,Wettinia_quinaria,alive,3685,4.404722222,0.141708333,34.16956355,231.3182501
Wettinia_quinaria_old_PR,PR34,FD2,7386,Wettinia_quinaria,alive,4706,4.404722222,0.141708333,34.16956355,231.3182501
Wettinia_quinaria_old_PR,PR34,FU1,7366,Wettinia_quinaria,alive,4827,4.404722222,0.141708333,34.16956355,231.3182501
Wettinia_quinaria_old_PR,PR34,FU1,1325,Wettinia_quinaria,alive,4791,4.404722222,0.141708333,34.16956355,231.3182501
Wettinia_quinaria_old_PR,PR34,FU1,7369,Wettinia_quinaria,alive,4816,4.404722222,0.141708333,34.16956355,231.3182501
Wettinia_quinaria_old_PR,PR34,FU1,4336,Wettinia_quinaria,alive,4810,4.404722222,0.141708333,34.16956355,231.3182501
Wettinia_quinaria_old_PR,PR34,FU1,3060,Wettinia_quinaria,alive,4801,4.404722222,0.141708333,34.16956355,231.3182501
Wettinia_quinaria_old_PR,PR34,FD2,7387,Wettinia_quinaria,alive,4720,4.404722222,0.141708333,34.16956355,231.3182501
Wettinia_quinaria_old_PR,PR34,FD2,7396,Wettinia_quinaria,alive,4711,4.404722222,0.141708333,34.16956355,231.3182501
Wettinia_quinaria_old_PR,PR34,FU1,4330,Wettinia_quinaria,alive,4817,4.404722222,0.141708333,34.16956355,231.3182501
Wettinia_quinaria_old_PR,PR34,FD2,7390,Wettinia_quinaria,alive,4717,4.404722222,0.141708333,34.16956355,231.3182501
Wettinia_quinaria_old_PR,PR34,FD2,7377,Wettinia_quinaria,alive,4729,4.404722222,0.141708333,34.16956355,231.3182501
Wettinia_quinaria_old_PR,PR34,FU3,4344,Wettinia_quinaria,alive,4736,4.404722222,0.141708333,34.16956355,231.3182501
Wettinia_quinaria_old_PR,PR34,FU1,7373,Wettinia_quinaria,alive,4804,4.404722222,0.141708333,34.16956355,231.3182501
Wettinia_quinaria_old_PR,PR34,FU1,4327,Wettinia_quinaria,alive,4824,4.404722222,0.141708333,34.16956355,231.3182501
Wettinia_quinaria_old_PR,PR21,UU2,7089,Wettinia_quinaria,alive,3635,4.404722222,0.141708333,34.16956355,231.3182501
Wettinia_quinaria_old_PR,PR34,FD2,4359,Wettinia_quinaria,alive,4734,4.404722222,0.141708333,34.16956355,231.3182501
Wettinia_quinaria_old_PR,PR34,FD2,7398,Wettinia_quinaria,alive,4709,4.404722222,0.141708333,34.16956355,231.3182501
Wettinia_quinaria_old_PR,PR34,FU1,4318,Wettinia_quinaria,alive,4786,4.404722222,0.141708333,34.16956355,231.3182501
Wettinia_quinaria_old_PR,PR34,FD2,7395,Wettinia_quinaria,alive,4712,4.404722222,0.141708333,34.16956355,231.3182501
Wettinia_quinaria_old_PR,PR34,FU1,7372,Wettinia_quinaria,alive,4805,4.404722222,0.141708333,34.16956355,231.3182501
Wettinia_quinaria_old_PR,PR31,UD3,6122,Wettinia_quinaria,alive,4401,4.404722222,0.141708333,34.16956355,231.3182501
Wettinia_quinaria_old_PR,PR34,FD2,7392,Wettinia_quinaria,alive,4715,4.404722222,0.141708333,34.16956355,231.3182501
Wettinia_quinaria_old_PR,PR21,FU3,7085,Wettinia_quinaria,alive,3649,4.404722222,0.141708333,34.16956355,231.3182501
Wettinia_quinaria_old_PR,PR34,FD2,7400,Wettinia_quinaria,alive,4707,4.404722222,0.141708333,34.16956355,231.3182501
Wettinia_quinaria_old_PR,PR34,FU1,4332,Wettinia_quinaria,alive,4813,4.404722222,0.141708333,34.16956355,231.3182501
Wettinia_quinaria_old_PR,PR34,FD2,7389,Wettinia_quinaria,alive,4718,4.404722222,0.141708333,34.16956355,231.3182501
Wettinia_quinaria_old_PR,PR34,FU1,3055,Wettinia_quinaria,alive,4787,4.404722222,0.141708333,34.16956355,231.3182501
Wettinia_quinaria_old_PR,PR34,FU3,7368,Wettinia_quinaria,alive,4743,4.404722222,0.141708333,34.16956355,231.3182501
Wettinia_quinaria_old_PR,PR21,FD2,4121,Wettinia_quinaria,alive,3684,4.404722222,0.141708333,34.16956355,231.3182501
Wettinia_quinaria_old_PR,PR34,FD2,4358,Wettinia_quinaria,alive,4735,4.404722222,0.141708333,34.16956355,231.3182501
Wettinia_quinaria_old_PR,PR34,FD2,4353,Wettinia_quinaria,alive,4666,4.404722222,0.141708333,34.16956355,231.3182501
Wettinia_quinaria_old_PR,PR34,FU1,4325,Wettinia_quinaria,alive,4829,4.404722222,0.141708333,34.16956355,231.3182501
Wettinia_quinaria_old_PR,PR34,FD2,7380,Wettinia_quinaria,alive,4726,4.404722222,0.141708333,34.16956355,231.3182501
Wettinia_quinaria_old_PR,PR34,FD2,4361,Wettinia_quinaria,alive,4669,4.404722222,0.141708333,34.16956355,231.3182501
Wettinia_quinaria_old_PR,PR34,FU1,3061,Wettinia_quinaria,alive,4830,4.404722222,0.141708333,34.16956355,231.3182501
Wettinia_quinaria_old_PR,PR34,FU1,3049,Wettinia_quinaria,alive,4809,4.404722222,0.141708333,34.16956355,231.3182501
Wettinia_quinaria_old_PR,PR21,FU3,1045,Wettinia_quinaria,alive,3652,4.404722222,0.141708333,34.16956355,231.3182501
Wettinia_quinaria_old_PR,PR21,UU4,7097,Wettinia_quinaria,alive,3639,4.404722222,0.141708333,34.16956355,231.3182501
Wettinia_quinaria_old_PR,PR34,FU1,3063,Wettinia_quinaria,alive,4790,4.404722222,0.141708333,34.16956355,231.3182501
Wettinia_quinaria_old_PR,PR34,FD2,7391,Wettinia_quinaria,alive,4716,4.404722222,0.141708333,34.16956355,231.3182501
Wettinia_quinaria_old_PR,PR21,UU4,7098,Wettinia_quinaria,alive,3640,4.404722222,0.141708333,34.16956355,231.3182501
Wettinia_quinaria_old_PR,PR34,FU1,3064,Wettinia_quinaria,alive,4822,4.404722222,0.141708333,34.16956355,231.3182501
Wettinia_quinaria_old_PR,PR34,FU1,4341,Wettinia_quinaria,alive,4821,4.404722222,0.141708333,34.16956355,231.3182501
Wettinia_quinaria_old_PR,PR21,UU4,7096,Wettinia_quinaria,alive,3638,4.404722222,0.141708333,34.16956355,231.3182501
Wettinia_quinaria_old_PR,PR34,FD2,7378,Wettinia_quinaria,alive,4728,4.404722222,0.141708333,34.16956355,231.3182501
Wettinia_quinaria_old_PR,PR34,FU1,3053,Wettinia_quinaria,alive,4796,4.404722222,0.141708333,34.16956355,231.3182501
Wettinia_quinaria_old_PR,PR21,UU3,7092,Wettinia_quinaria,alive,3694,4.404722222,0.141708333,34.16956355,231.3182501
Wettinia_quinaria_old_PR,PR34,FD2,5124,Wettinia_quinaria,alive,4670,4.404722222,0.141708333,34.16956355,231.3182501
Wettinia_quinaria_old_PR,PR34,FD2,4360,Wettinia_quinaria,alive,4668,4.404722222,0.141708333,34.16956355,231.3182501
Wettinia_quinaria_old_PR,PR21,UU1,4113,Wettinia_quinaria,alive,3705,4.404722222,0.141708333,34.16956355,231.3182501
Wettinia_quinaria_old_PR,PR21,FU3,5045,Wettinia_quinaria,alive,3648,4.404722222,0.141708333,34.16956355,231.3182501
Wettinia_quinaria_old_PR,PR34,FD2,7399,Wettinia_quinaria,alive,4708,4.404722222,0.141708333,34.16956355,231.3182501
Wettinia_quinaria_old_PR,PR34,FU2,4342,Wettinia_quinaria,alive,4744,4.404722222,0.141708333,34.16956355,231.3182501
Wettinia_quinaria_old_PR,PR21,UU4,7094,Wettinia_quinaria,alive,3636,4.404722222,0.141708333,34.16956355,231.3182501
Wettinia_quinaria_old_PR,PR34,FD2,4355,Wettinia_quinaria,alive,4733,4.404722222,0.141708333,34.16956355,231.3182501
Wettinia_quinaria_old_PR,PR21,UU1,7086,Wettinia_quinaria,alive,3702,4.404722222,0.141708333,34.16956355,231.3182501
Wettinia_quinaria_old_PR,PR34,FD2,7384,Wettinia_quinaria,alive,4722,4.404722222,0.141708333,34.16956355,231.3182501
Wettinia_quinaria_old_PR,PR34,FD2,4356,Wettinia_quinaria,alive,4665,4.404722222,0.141708333,34.16956355,231.3182501
Wettinia_quinaria_old_PR,PR21,UU1,2009,Wettinia_quinaria,alive,3704,4.404722222,0.141708333,34.16956355,231.3182501
Wettinia_quinaria_old_PR,PR21,FU3,5046,Wettinia_quinaria,alive,3651,4.404722222,0.141708333,34.16956355,231.3182501
Wettinia_quinaria_old_PR,PR34,FU1,5121,Wettinia_quinaria,alive,4802,4.404722222,0.141708333,34.16956355,231.3182501
Wettinia_quinaria_old_PR,PR34,FU1,4338,Wettinia_quinaria,alive,4798,4.404722222,0.141708333,34.16956355,231.3182501
Wettinia_quinaria_old_PR,PR34,FU1,4329,Wettinia_quinaria,alive,4820,4.404722222,0.141708333,34.16956355,231.3182501
Wettinia_quinaria_old_PR,PR21,UU4,7099,Wettinia_quinaria,alive,3641,4.404722222,0.141708333,34.16956355,231.3182501
Wettinia_quinaria_old_PR,PR34,FU2,4343,Wettinia_quinaria,alive,4745,4.404722222,0.141708333,34.16956355,231.3182501
Wettinia_quinaria_old_PR,PR34,FD2,7379,Wettinia_quinaria,alive,4727,4.404722222,0.141708333,34.16956355,231.3182501
Wettinia_quinaria_old_PR,PR34,FU1,4320,Wettinia_quinaria,alive,4800,4.404722222,0.141708333,34.16956355,231.3182501
Wettinia_quinaria_old_PR,PR34,FD2,4357,Wettinia_quinaria,alive,4664,4.404722222,0.141708333,34.16956355,231.3182501
Wettinia_quinaria_old_PR,PR34,UD2,7403,Wettinia_quinaria,alive,4702,4.404722222,0.141708333,34.16956355,231.3182501
Wettinia_quinaria_old_PR,PR34,FD2,7376,Wettinia_quinaria,alive,4730,4.404722222,0.141708333,34.16956355,231.3182501
Wettinia_quinaria_old_PR,PR34,FU1,4316,Wettinia_quinaria,alive,4807,4.404722222,0.141708333,34.16956355,231.3182501
Wettinia_quinaria_old_PR,PR34,FU1,4326,Wettinia_quinaria,alive,4825,4.404722222,0.141708333,34.16956355,231.3182501
Wettinia_quinaria_old_PR,PR34,FU3,1331,Wettinia_quinaria,alive,4738,4.404722222,0.141708333,34.16956355,231.3182501
Wettinia_quinaria_old_PR,PR34,FD2,7381,Wettinia_quinaria,alive,4725,4.404722222,0.141708333,34.16956355,231.3182501
Wettinia_quinaria_old_PR,PR34,FU1,4323,Wettinia_quinaria,alive,4828,4.404722222,0.141708333,34.16956355,231.3182501
Wettinia_quinaria_old_PR,PR34,FD2,7382,Wettinia_quinaria,alive,4724,4.404722222,0.141708333,34.16956355,231.3182501
Wettinia_quinaria_old_PR,PR34,FD2,7394,Wettinia_quinaria,alive,4713,4.404722222,0.141708333,34.16956355,231.3182501
Wettinia_quinaria_old_PR,PR34,FD2,7383,Wettinia_quinaria,alive,4723,4.404722222,0.141708333,34.16956355,231.3182501
Wettinia_quinaria_old_PR,PR34,FU1,4340,Wettinia_quinaria,alive,4785,4.404722222,0.141708333,34.16956355,231.3182501
Wettinia_quinaria_old_PR,PR34,FU1,4337,Wettinia_quinaria,alive,4803,4.404722222,0.141708333,34.16956355,231.3182501
Wettinia_quinaria_old_PR,PR21,UU2,7090,Wettinia_quinaria,alive,3633,4.404722222,0.141708333,34.16956355,231.3182501
Wettinia_quinaria_old_PR,PR34,FU1,4321,Wettinia_quinaria,alive,4789,4.404722222,0.141708333,34.16956355,231.3182501
Wettinia_quinaria_young_CR,CR02,UU2,4363,Wettinia_quinaria,alive,3931,4.917905983,0.174280449,25.54670455,249.2781144
Wettinia_quinaria_young_CR,CR02,UU2,1547,Wettinia_quinaria,sapling,3930,4.917905983,0.174280449,25.54670455,249.2781144
Wettinia_quinaria_young_CR,CR05,FD2,7001,Wettinia_quinaria,alive,3393,4.917905983,0.174280449,25.54670455,249.2781144
Wettinia_quinaria_young_CR,CR05,FD2,7002,Wettinia_quinaria,alive,3392,4.917905983,0.174280449,25.54670455,249.2781144
Wettinia_quinaria_young_PR,PR22,UD1,7006,Wettinia_quinaria,alive,3398,4.835,0.190875,23.64273934,260.3908145
Wettinia_quinaria_young_PR,PR22,UD1,6045,Wettinia_quinaria,alive,3400,4.835,0.190875,23.64273934,260.3908145
Wettinia_quinaria_young_PR,PR22,UD1,6044,Wettinia_quinaria,alive,3401,4.835,0.190875,23.64273934,260.3908145
Wettinia_quinariaNA,OG28,UU2,7643,Wettinia_quinaria,alive,5067,NA,NA,NA,NA
Wettinia_quinariaNA,OG28,UU4,7659,Wettinia_quinaria,alive,5059,NA,NA,NA,NA
Wettinia_quinariaNA,OG28,UU3,7656,Wettinia_quinaria,alive,5027,NA,NA,NA,NA
Wettinia_quinariaNA,OG28,UU4,7660,Wettinia_quinaria,alive,5061,NA,NA,NA,NA
